Copyright 1986-2022 Xilinx, Inc. All Rights Reserved.
--------------------------------------------------------------------------------------------------------------------------------------------------------------------------------------
| Tool Version : Vivado v.2022.2 (lin64) Build 3671981 Fri Oct 14 04:59:54 MDT 2022
| Date         : Sun May 24 11:43:21 2026
| Host         : ali running 64-bit Ubuntu 22.04.5 LTS
| Command      : report_methodology -file design_1_wrapper_methodology_drc_routed.rpt -pb design_1_wrapper_methodology_drc_routed.pb -rpx design_1_wrapper_methodology_drc_routed.rpx
| Design       : design_1_wrapper
| Device       : xc7z020clg400-1
| Speed File   : -1
| Design State : Fully Routed
--------------------------------------------------------------------------------------------------------------------------------------------------------------------------------------

Report Methodology

Table of Contents
-----------------
1. REPORT SUMMARY
2. REPORT DETAILS

1. REPORT SUMMARY
-----------------
            Netlist: netlist
          Floorplan: checkpoint_design_1_wrapper
      Design limits: <entire design considered>
             Max violations: <unlimited>
             Violations found: 1000
+-----------+----------+-----------------------+------------+
| Rule      | Severity | Description           | Violations |
+-----------+----------+-----------------------+------------+
| TIMING-16 | Warning  | Large setup violation | 1000       |
+-----------+----------+-----------------------+------------+

2. REPORT DETAILS
-----------------
TIMING-16#1 Warning
Large setup violation  
There is a large setup violation of -1.000 ns between design_1_i/pipelined_layer_proc_0/inst/grp_dataflow_parent_loop_proc_fu_232/dataflow_in_loop_Depth_Loop_U0/compute_systolic_U0/grp_compute_systolic_Pipeline_Pulse_fu_3978_ap_start_reg_reg_replica_7/C (clocked by clk_fpga_0) and design_1_i/pipelined_layer_proc_0/inst/grp_dataflow_parent_loop_proc_fu_232/dataflow_in_loop_Depth_Loop_U0/compute_systolic_U0/grp_compute_systolic_Pipeline_Pulse_fu_3978/h_wires_V_2_reg_15382_reg[7]_rep__14/D (clocked by clk_fpga_0). Large setup violations at the end of those stages might be difficult to fix during the post-placement implementation flow and could be the result of non-optimal XDC constraints or non-optimal design architecture
Related violations: <none>

TIMING-16#2 Warning
Large setup violation  
There is a large setup violation of -1.001 ns between design_1_i/pipelined_layer_proc_0/inst/grp_dataflow_parent_loop_proc_fu_232/dataflow_in_loop_Depth_Loop_U0/compute_systolic_U0/grp_compute_systolic_Pipeline_Load_Cache_Row_fu_3428_ap_start_reg_reg/C (clocked by clk_fpga_0) and design_1_i/pipelined_layer_proc_0/inst/grp_dataflow_parent_loop_proc_fu_232/dataflow_in_loop_Depth_Loop_U0/compute_systolic_U0/grp_compute_systolic_Pipeline_Load_Cache_Row_fu_3428/local_regs_V_550_fu_1352_reg[17]/D (clocked by clk_fpga_0). Large setup violations at the end of those stages might be difficult to fix during the post-placement implementation flow and could be the result of non-optimal XDC constraints or non-optimal design architecture
Related violations: <none>

TIMING-16#3 Warning
Large setup violation  
There is a large setup violation of -1.003 ns between design_1_i/pipelined_layer_proc_0/inst/grp_dataflow_parent_loop_proc_fu_232/dataflow_in_loop_Depth_Loop_U0/compute_systolic_U0/grp_compute_systolic_Pipeline_Pulse_fu_3978_ap_start_reg_reg_replica_13/C (clocked by clk_fpga_0) and design_1_i/pipelined_layer_proc_0/inst/grp_dataflow_parent_loop_proc_fu_232/dataflow_in_loop_Depth_Loop_U0/compute_systolic_U0/grp_compute_systolic_Pipeline_Pulse_fu_3978/local_regs_V_104_fu_2266_reg[24]/CE (clocked by clk_fpga_0). Large setup violations at the end of those stages might be difficult to fix during the post-placement implementation flow and could be the result of non-optimal XDC constraints or non-optimal design architecture
Related violations: <none>

TIMING-16#4 Warning
Large setup violation  
There is a large setup violation of -1.003 ns between design_1_i/pipelined_layer_proc_0/inst/grp_dataflow_parent_loop_proc_fu_232/dataflow_in_loop_Depth_Loop_U0/compute_systolic_U0/grp_compute_systolic_Pipeline_Pulse_fu_3978_ap_start_reg_reg_replica_13/C (clocked by clk_fpga_0) and design_1_i/pipelined_layer_proc_0/inst/grp_dataflow_parent_loop_proc_fu_232/dataflow_in_loop_Depth_Loop_U0/compute_systolic_U0/grp_compute_systolic_Pipeline_Pulse_fu_3978/local_regs_V_104_fu_2266_reg[29]/CE (clocked by clk_fpga_0). Large setup violations at the end of those stages might be difficult to fix during the post-placement implementation flow and could be the result of non-optimal XDC constraints or non-optimal design architecture
Related violations: <none>

TIMING-16#5 Warning
Large setup violation  
There is a large setup violation of -1.003 ns between design_1_i/pipelined_layer_proc_0/inst/grp_dataflow_parent_loop_proc_fu_232/dataflow_in_loop_Depth_Loop_U0/compute_systolic_U0/grp_compute_systolic_Pipeline_Pulse_fu_3978_ap_start_reg_reg_replica_13/C (clocked by clk_fpga_0) and design_1_i/pipelined_layer_proc_0/inst/grp_dataflow_parent_loop_proc_fu_232/dataflow_in_loop_Depth_Loop_U0/compute_systolic_U0/grp_compute_systolic_Pipeline_Pulse_fu_3978/local_regs_V_14_fu_2626_reg[11]/CE (clocked by clk_fpga_0). Large setup violations at the end of those stages might be difficult to fix during the post-placement implementation flow and could be the result of non-optimal XDC constraints or non-optimal design architecture
Related violations: <none>

TIMING-16#6 Warning
Large setup violation  
There is a large setup violation of -1.004 ns between design_1_i/pipelined_layer_proc_0/inst/gmem1_m_axi_U/bus_read/rs_rdata/s_ready_t_reg/C (clocked by clk_fpga_0) and design_1_i/pipelined_layer_proc_0/inst/gmem1_m_axi_U/bus_read/rs_rdata/data_p2_reg[0]/CE (clocked by clk_fpga_0). Large setup violations at the end of those stages might be difficult to fix during the post-placement implementation flow and could be the result of non-optimal XDC constraints or non-optimal design architecture
Related violations: <none>

TIMING-16#7 Warning
Large setup violation  
There is a large setup violation of -1.004 ns between design_1_i/pipelined_layer_proc_0/inst/gmem1_m_axi_U/bus_read/rs_rdata/s_ready_t_reg/C (clocked by clk_fpga_0) and design_1_i/pipelined_layer_proc_0/inst/gmem1_m_axi_U/bus_read/rs_rdata/data_p2_reg[12]/CE (clocked by clk_fpga_0). Large setup violations at the end of those stages might be difficult to fix during the post-placement implementation flow and could be the result of non-optimal XDC constraints or non-optimal design architecture
Related violations: <none>

TIMING-16#8 Warning
Large setup violation  
There is a large setup violation of -1.004 ns between design_1_i/pipelined_layer_proc_0/inst/gmem1_m_axi_U/bus_read/rs_rdata/s_ready_t_reg/C (clocked by clk_fpga_0) and design_1_i/pipelined_layer_proc_0/inst/gmem1_m_axi_U/bus_read/rs_rdata/data_p2_reg[24]/CE (clocked by clk_fpga_0). Large setup violations at the end of those stages might be difficult to fix during the post-placement implementation flow and could be the result of non-optimal XDC constraints or non-optimal design architecture
Related violations: <none>

TIMING-16#9 Warning
Large setup violation  
There is a large setup violation of -1.004 ns between design_1_i/pipelined_layer_proc_0/inst/gmem1_m_axi_U/bus_read/rs_rdata/s_ready_t_reg/C (clocked by clk_fpga_0) and design_1_i/pipelined_layer_proc_0/inst/gmem1_m_axi_U/bus_read/rs_rdata/data_p2_reg[25]/CE (clocked by clk_fpga_0). Large setup violations at the end of those stages might be difficult to fix during the post-placement implementation flow and could be the result of non-optimal XDC constraints or non-optimal design architecture
Related violations: <none>

TIMING-16#10 Warning
Large setup violation  
There is a large setup violation of -1.004 ns between design_1_i/pipelined_layer_proc_0/inst/gmem1_m_axi_U/bus_read/rs_rdata/s_ready_t_reg/C (clocked by clk_fpga_0) and design_1_i/pipelined_layer_proc_0/inst/gmem1_m_axi_U/bus_read/rs_rdata/data_p2_reg[34]/CE (clocked by clk_fpga_0). Large setup violations at the end of those stages might be difficult to fix during the post-placement implementation flow and could be the result of non-optimal XDC constraints or non-optimal design architecture
Related violations: <none>

TIMING-16#11 Warning
Large setup violation  
There is a large setup violation of -1.004 ns between design_1_i/pipelined_layer_proc_0/inst/gmem1_m_axi_U/bus_read/rs_rdata/s_ready_t_reg/C (clocked by clk_fpga_0) and design_1_i/pipelined_layer_proc_0/inst/gmem1_m_axi_U/bus_read/rs_rdata/data_p2_reg[38]/CE (clocked by clk_fpga_0). Large setup violations at the end of those stages might be difficult to fix during the post-placement implementation flow and could be the result of non-optimal XDC constraints or non-optimal design architecture
Related violations: <none>

TIMING-16#12 Warning
Large setup violation  
There is a large setup violation of -1.004 ns between design_1_i/pipelined_layer_proc_0/inst/gmem1_m_axi_U/bus_read/rs_rdata/s_ready_t_reg/C (clocked by clk_fpga_0) and design_1_i/pipelined_layer_proc_0/inst/gmem1_m_axi_U/bus_read/rs_rdata/data_p2_reg[48]/CE (clocked by clk_fpga_0). Large setup violations at the end of those stages might be difficult to fix during the post-placement implementation flow and could be the result of non-optimal XDC constraints or non-optimal design architecture
Related violations: <none>

TIMING-16#13 Warning
Large setup violation  
There is a large setup violation of -1.004 ns between design_1_i/pipelined_layer_proc_0/inst/grp_dataflow_parent_loop_proc_fu_232/dataflow_in_loop_Depth_Loop_U0/compute_systolic_U0/grp_compute_systolic_Pipeline_Pulse_fu_3978_ap_start_reg_reg_replica_7/C (clocked by clk_fpga_0) and design_1_i/pipelined_layer_proc_0/inst/grp_dataflow_parent_loop_proc_fu_232/dataflow_in_loop_Depth_Loop_U0/compute_systolic_U0/grp_compute_systolic_Pipeline_Pulse_fu_3978/h_wires_V_10_reg_15422_reg[7]_rep/D (clocked by clk_fpga_0). Large setup violations at the end of those stages might be difficult to fix during the post-placement implementation flow and could be the result of non-optimal XDC constraints or non-optimal design architecture
Related violations: <none>

TIMING-16#14 Warning
Large setup violation  
There is a large setup violation of -1.008 ns between design_1_i/pipelined_layer_proc_0/inst/grp_dataflow_parent_loop_proc_fu_232/dataflow_in_loop_Depth_Loop_U0/compute_systolic_U0/grp_compute_systolic_Pipeline_Load_Cache_Row_fu_3428_ap_start_reg_reg/C (clocked by clk_fpga_0) and design_1_i/pipelined_layer_proc_0/inst/grp_dataflow_parent_loop_proc_fu_232/dataflow_in_loop_Depth_Loop_U0/compute_systolic_U0/grp_compute_systolic_Pipeline_Load_Cache_Row_fu_3428/local_regs_V_522_fu_1240_reg[29]/D (clocked by clk_fpga_0). Large setup violations at the end of those stages might be difficult to fix during the post-placement implementation flow and could be the result of non-optimal XDC constraints or non-optimal design architecture
Related violations: <none>

TIMING-16#15 Warning
Large setup violation  
There is a large setup violation of -1.011 ns between design_1_i/pipelined_layer_proc_0/inst/grp_dataflow_parent_loop_proc_fu_232/dataflow_in_loop_Depth_Loop_U0/compute_systolic_U0/grp_compute_systolic_Pipeline_Pulse_fu_3978_ap_start_reg_reg_replica_7/C (clocked by clk_fpga_0) and design_1_i/pipelined_layer_proc_0/inst/grp_dataflow_parent_loop_proc_fu_232/dataflow_in_loop_Depth_Loop_U0/compute_systolic_U0/grp_compute_systolic_Pipeline_Pulse_fu_3978/h_wires_V_2_reg_15382_reg[1]/D (clocked by clk_fpga_0). Large setup violations at the end of those stages might be difficult to fix during the post-placement implementation flow and could be the result of non-optimal XDC constraints or non-optimal design architecture
Related violations: <none>

TIMING-16#16 Warning
Large setup violation  
There is a large setup violation of -1.017 ns between design_1_i/pipelined_layer_proc_0/inst/grp_dataflow_parent_loop_proc_fu_232/dataflow_in_loop_Depth_Loop_U0/tile_A_V_3_U/reg_valid0_reg/C (clocked by clk_fpga_0) and design_1_i/pipelined_layer_proc_0/inst/grp_dataflow_parent_loop_proc_fu_232/dataflow_in_loop_Depth_Loop_U0/compute_systolic_U0/big_tile_A_8_load_reg_14999_reg[58]/D (clocked by clk_fpga_0). Large setup violations at the end of those stages might be difficult to fix during the post-placement implementation flow and could be the result of non-optimal XDC constraints or non-optimal design architecture
Related violations: <none>

TIMING-16#17 Warning
Large setup violation  
There is a large setup violation of -1.019 ns between design_1_i/pipelined_layer_proc_0/inst/grp_dataflow_parent_loop_proc_fu_232/dataflow_in_loop_Depth_Loop_U0/compute_systolic_U0/grp_compute_systolic_Pipeline_Pulse_fu_3978_ap_start_reg_reg_replica_13/C (clocked by clk_fpga_0) and design_1_i/pipelined_layer_proc_0/inst/grp_dataflow_parent_loop_proc_fu_232/dataflow_in_loop_Depth_Loop_U0/compute_systolic_U0/grp_compute_systolic_Pipeline_Pulse_fu_3978/local_regs_V_145_fu_2102_reg[20]/CE (clocked by clk_fpga_0). Large setup violations at the end of those stages might be difficult to fix during the post-placement implementation flow and could be the result of non-optimal XDC constraints or non-optimal design architecture
Related violations: <none>

TIMING-16#18 Warning
Large setup violation  
There is a large setup violation of -1.019 ns between design_1_i/pipelined_layer_proc_0/inst/grp_dataflow_parent_loop_proc_fu_232/dataflow_in_loop_Depth_Loop_U0/compute_systolic_U0/grp_compute_systolic_Pipeline_Pulse_fu_3978_ap_start_reg_reg_replica_13/C (clocked by clk_fpga_0) and design_1_i/pipelined_layer_proc_0/inst/grp_dataflow_parent_loop_proc_fu_232/dataflow_in_loop_Depth_Loop_U0/compute_systolic_U0/grp_compute_systolic_Pipeline_Pulse_fu_3978/local_regs_V_145_fu_2102_reg[21]/CE (clocked by clk_fpga_0). Large setup violations at the end of those stages might be difficult to fix during the post-placement implementation flow and could be the result of non-optimal XDC constraints or non-optimal design architecture
Related violations: <none>

TIMING-16#19 Warning
Large setup violation  
There is a large setup violation of -1.019 ns between design_1_i/pipelined_layer_proc_0/inst/grp_dataflow_parent_loop_proc_fu_232/dataflow_in_loop_Depth_Loop_U0/tile_A_V_3_U/reg_valid0_reg/C (clocked by clk_fpga_0) and design_1_i/pipelined_layer_proc_0/inst/grp_dataflow_parent_loop_proc_fu_232/dataflow_in_loop_Depth_Loop_U0/compute_systolic_U0/big_tile_A_8_load_reg_14999_reg[50]/D (clocked by clk_fpga_0). Large setup violations at the end of those stages might be difficult to fix during the post-placement implementation flow and could be the result of non-optimal XDC constraints or non-optimal design architecture
Related violations: <none>

TIMING-16#20 Warning
Large setup violation  
There is a large setup violation of -1.024 ns between design_1_i/pipelined_layer_proc_0/inst/gmem1_m_axi_U/bus_read/rs_rdata/s_ready_t_reg/C (clocked by clk_fpga_0) and design_1_i/pipelined_layer_proc_0/inst/gmem1_m_axi_U/bus_read/rs_rdata/data_p2_reg[20]/CE (clocked by clk_fpga_0). Large setup violations at the end of those stages might be difficult to fix during the post-placement implementation flow and could be the result of non-optimal XDC constraints or non-optimal design architecture
Related violations: <none>

TIMING-16#21 Warning
Large setup violation  
There is a large setup violation of -1.024 ns between design_1_i/pipelined_layer_proc_0/inst/gmem1_m_axi_U/bus_read/rs_rdata/s_ready_t_reg/C (clocked by clk_fpga_0) and design_1_i/pipelined_layer_proc_0/inst/gmem1_m_axi_U/bus_read/rs_rdata/data_p2_reg[28]/CE (clocked by clk_fpga_0). Large setup violations at the end of those stages might be difficult to fix during the post-placement implementation flow and could be the result of non-optimal XDC constraints or non-optimal design architecture
Related violations: <none>

TIMING-16#22 Warning
Large setup violation  
There is a large setup violation of -1.024 ns between design_1_i/pipelined_layer_proc_0/inst/gmem1_m_axi_U/bus_read/rs_rdata/s_ready_t_reg/C (clocked by clk_fpga_0) and design_1_i/pipelined_layer_proc_0/inst/gmem1_m_axi_U/bus_read/rs_rdata/data_p2_reg[40]/CE (clocked by clk_fpga_0). Large setup violations at the end of those stages might be difficult to fix during the post-placement implementation flow and could be the result of non-optimal XDC constraints or non-optimal design architecture
Related violations: <none>

TIMING-16#23 Warning
Large setup violation  
There is a large setup violation of -1.024 ns between design_1_i/pipelined_layer_proc_0/inst/gmem1_m_axi_U/bus_read/rs_rdata/s_ready_t_reg/C (clocked by clk_fpga_0) and design_1_i/pipelined_layer_proc_0/inst/gmem1_m_axi_U/bus_read/rs_rdata/data_p2_reg[50]/CE (clocked by clk_fpga_0). Large setup violations at the end of those stages might be difficult to fix during the post-placement implementation flow and could be the result of non-optimal XDC constraints or non-optimal design architecture
Related violations: <none>

TIMING-16#24 Warning
Large setup violation  
There is a large setup violation of -1.024 ns between design_1_i/pipelined_layer_proc_0/inst/gmem1_m_axi_U/bus_read/rs_rdata/s_ready_t_reg/C (clocked by clk_fpga_0) and design_1_i/pipelined_layer_proc_0/inst/gmem1_m_axi_U/bus_read/rs_rdata/data_p2_reg[58]/CE (clocked by clk_fpga_0). Large setup violations at the end of those stages might be difficult to fix during the post-placement implementation flow and could be the result of non-optimal XDC constraints or non-optimal design architecture
Related violations: <none>

TIMING-16#25 Warning
Large setup violation  
There is a large setup violation of -1.024 ns between design_1_i/pipelined_layer_proc_0/inst/gmem1_m_axi_U/bus_read/rs_rdata/s_ready_t_reg/C (clocked by clk_fpga_0) and design_1_i/pipelined_layer_proc_0/inst/gmem1_m_axi_U/bus_read/rs_rdata/data_p2_reg[66]/CE (clocked by clk_fpga_0). Large setup violations at the end of those stages might be difficult to fix during the post-placement implementation flow and could be the result of non-optimal XDC constraints or non-optimal design architecture
Related violations: <none>

TIMING-16#26 Warning
Large setup violation  
There is a large setup violation of -1.024 ns between design_1_i/pipelined_layer_proc_0/inst/gmem1_m_axi_U/bus_read/rs_rdata/s_ready_t_reg/C (clocked by clk_fpga_0) and design_1_i/pipelined_layer_proc_0/inst/gmem1_m_axi_U/bus_read/rs_rdata/data_p2_reg[68]/CE (clocked by clk_fpga_0). Large setup violations at the end of those stages might be difficult to fix during the post-placement implementation flow and could be the result of non-optimal XDC constraints or non-optimal design architecture
Related violations: <none>

TIMING-16#27 Warning
Large setup violation  
There is a large setup violation of -1.024 ns between design_1_i/pipelined_layer_proc_0/inst/gmem1_m_axi_U/bus_read/rs_rdata/s_ready_t_reg/C (clocked by clk_fpga_0) and design_1_i/pipelined_layer_proc_0/inst/gmem1_m_axi_U/bus_read/rs_rdata/data_p2_reg[6]/CE (clocked by clk_fpga_0). Large setup violations at the end of those stages might be difficult to fix during the post-placement implementation flow and could be the result of non-optimal XDC constraints or non-optimal design architecture
Related violations: <none>

TIMING-16#28 Warning
Large setup violation  
There is a large setup violation of -1.030 ns between design_1_i/pipelined_layer_proc_0/inst/grp_dataflow_parent_loop_proc_fu_232/dataflow_in_loop_Depth_Loop_U0/compute_systolic_U0/grp_compute_systolic_Pipeline_Load_Cache_Row_fu_3428_ap_start_reg_reg/C (clocked by clk_fpga_0) and design_1_i/pipelined_layer_proc_0/inst/grp_dataflow_parent_loop_proc_fu_232/dataflow_in_loop_Depth_Loop_U0/compute_systolic_U0/grp_compute_systolic_Pipeline_Load_Cache_Row_fu_3428/local_regs_V_646_fu_1736_reg[1]/D (clocked by clk_fpga_0). Large setup violations at the end of those stages might be difficult to fix during the post-placement implementation flow and could be the result of non-optimal XDC constraints or non-optimal design architecture
Related violations: <none>

TIMING-16#29 Warning
Large setup violation  
There is a large setup violation of -1.030 ns between design_1_i/pipelined_layer_proc_0/inst/grp_dataflow_parent_loop_proc_fu_232/dataflow_in_loop_Depth_Loop_U0/tile_A_V_3_U/reg_valid0_reg/C (clocked by clk_fpga_0) and design_1_i/pipelined_layer_proc_0/inst/grp_dataflow_parent_loop_proc_fu_232/dataflow_in_loop_Depth_Loop_U0/compute_systolic_U0/big_tile_A_4_load_reg_14979_reg[142]/D (clocked by clk_fpga_0). Large setup violations at the end of those stages might be difficult to fix during the post-placement implementation flow and could be the result of non-optimal XDC constraints or non-optimal design architecture
Related violations: <none>

TIMING-16#30 Warning
Large setup violation  
There is a large setup violation of -1.032 ns between design_1_i/pipelined_layer_proc_0/inst/grp_dataflow_parent_loop_proc_fu_232/dataflow_in_loop_Depth_Loop_U0/compute_systolic_U0/grp_compute_systolic_Pipeline_Pulse_fu_3978_ap_start_reg_reg_replica_7/C (clocked by clk_fpga_0) and design_1_i/pipelined_layer_proc_0/inst/grp_dataflow_parent_loop_proc_fu_232/dataflow_in_loop_Depth_Loop_U0/compute_systolic_U0/grp_compute_systolic_Pipeline_Pulse_fu_3978/h_wires_V_2_reg_15382_reg[7]_rep__12/D (clocked by clk_fpga_0). Large setup violations at the end of those stages might be difficult to fix during the post-placement implementation flow and could be the result of non-optimal XDC constraints or non-optimal design architecture
Related violations: <none>

TIMING-16#31 Warning
Large setup violation  
There is a large setup violation of -1.032 ns between design_1_i/pipelined_layer_proc_0/inst/grp_dataflow_parent_loop_proc_fu_232/dataflow_in_loop_Depth_Loop_U0/tile_A_V_3_U/reg_valid0_reg/C (clocked by clk_fpga_0) and design_1_i/pipelined_layer_proc_0/inst/grp_dataflow_parent_loop_proc_fu_232/dataflow_in_loop_Depth_Loop_U0/compute_systolic_U0/big_tile_A_3_load_reg_14974_reg[200]/D (clocked by clk_fpga_0). Large setup violations at the end of those stages might be difficult to fix during the post-placement implementation flow and could be the result of non-optimal XDC constraints or non-optimal design architecture
Related violations: <none>

TIMING-16#32 Warning
Large setup violation  
There is a large setup violation of -1.033 ns between design_1_i/pipelined_layer_proc_0/inst/grp_dataflow_parent_loop_proc_fu_232/dataflow_in_loop_Depth_Loop_U0/compute_systolic_U0/grp_compute_systolic_Pipeline_Pulse_fu_3978_ap_start_reg_reg_replica_7/C (clocked by clk_fpga_0) and design_1_i/pipelined_layer_proc_0/inst/grp_dataflow_parent_loop_proc_fu_232/dataflow_in_loop_Depth_Loop_U0/compute_systolic_U0/grp_compute_systolic_Pipeline_Pulse_fu_3978/h_wires_V_2_reg_15382_reg[7]_rep__15/D (clocked by clk_fpga_0). Large setup violations at the end of those stages might be difficult to fix during the post-placement implementation flow and could be the result of non-optimal XDC constraints or non-optimal design architecture
Related violations: <none>

TIMING-16#33 Warning
Large setup violation  
There is a large setup violation of -1.036 ns between design_1_i/pipelined_layer_proc_0/inst/grp_dataflow_parent_loop_proc_fu_232/dataflow_in_loop_Depth_Loop_U0/compute_systolic_U0/grp_compute_systolic_Pipeline_Load_Cache_Row_fu_3428_ap_start_reg_reg/C (clocked by clk_fpga_0) and design_1_i/pipelined_layer_proc_0/inst/grp_dataflow_parent_loop_proc_fu_232/dataflow_in_loop_Depth_Loop_U0/compute_systolic_U0/grp_compute_systolic_Pipeline_Load_Cache_Row_fu_3428/local_regs_V_653_fu_1764_reg[19]/D (clocked by clk_fpga_0). Large setup violations at the end of those stages might be difficult to fix during the post-placement implementation flow and could be the result of non-optimal XDC constraints or non-optimal design architecture
Related violations: <none>

TIMING-16#34 Warning
Large setup violation  
There is a large setup violation of -1.036 ns between design_1_i/pipelined_layer_proc_0/inst/grp_dataflow_parent_loop_proc_fu_232/dataflow_in_loop_Depth_Loop_U0/tile_A_V_3_U/reg_valid0_reg/C (clocked by clk_fpga_0) and design_1_i/pipelined_layer_proc_0/inst/grp_dataflow_parent_loop_proc_fu_232/dataflow_in_loop_Depth_Loop_U0/compute_systolic_U0/big_tile_A_3_load_reg_14974_reg[214]/D (clocked by clk_fpga_0). Large setup violations at the end of those stages might be difficult to fix during the post-placement implementation flow and could be the result of non-optimal XDC constraints or non-optimal design architecture
Related violations: <none>

TIMING-16#35 Warning
Large setup violation  
There is a large setup violation of -1.040 ns between design_1_i/pipelined_layer_proc_0/inst/grp_dataflow_parent_loop_proc_fu_232/dataflow_in_loop_Depth_Loop_U0/compute_systolic_U0/grp_compute_systolic_Pipeline_Pulse_fu_3978_ap_start_reg_reg_replica_7/C (clocked by clk_fpga_0) and design_1_i/pipelined_layer_proc_0/inst/grp_dataflow_parent_loop_proc_fu_232/dataflow_in_loop_Depth_Loop_U0/compute_systolic_U0/grp_compute_systolic_Pipeline_Pulse_fu_3978/h_wires_V_2_reg_15382_reg[7]_rep__1/D (clocked by clk_fpga_0). Large setup violations at the end of those stages might be difficult to fix during the post-placement implementation flow and could be the result of non-optimal XDC constraints or non-optimal design architecture
Related violations: <none>

TIMING-16#36 Warning
Large setup violation  
There is a large setup violation of -1.040 ns between design_1_i/pipelined_layer_proc_0/inst/grp_dataflow_parent_loop_proc_fu_232/dataflow_in_loop_Depth_Loop_U0/tile_A_V_3_U/reg_valid0_reg/C (clocked by clk_fpga_0) and design_1_i/pipelined_layer_proc_0/inst/grp_dataflow_parent_loop_proc_fu_232/dataflow_in_loop_Depth_Loop_U0/compute_systolic_U0/big_tile_A_8_load_reg_14999_reg[223]/D (clocked by clk_fpga_0). Large setup violations at the end of those stages might be difficult to fix during the post-placement implementation flow and could be the result of non-optimal XDC constraints or non-optimal design architecture
Related violations: <none>

TIMING-16#37 Warning
Large setup violation  
There is a large setup violation of -1.041 ns between design_1_i/pipelined_layer_proc_0/inst/grp_dataflow_parent_loop_proc_fu_232/dataflow_in_loop_Depth_Loop_U0/tile_A_V_3_U/reg_valid0_reg/C (clocked by clk_fpga_0) and design_1_i/pipelined_layer_proc_0/inst/grp_dataflow_parent_loop_proc_fu_232/dataflow_in_loop_Depth_Loop_U0/compute_systolic_U0/big_tile_A_4_load_reg_14979_reg[132]/D (clocked by clk_fpga_0). Large setup violations at the end of those stages might be difficult to fix during the post-placement implementation flow and could be the result of non-optimal XDC constraints or non-optimal design architecture
Related violations: <none>

TIMING-16#38 Warning
Large setup violation  
There is a large setup violation of -1.045 ns between design_1_i/pipelined_layer_proc_0/inst/grp_dataflow_parent_loop_proc_fu_232/dataflow_in_loop_Depth_Loop_U0/compute_systolic_U0/grp_compute_systolic_Pipeline_Load_Cache_Row_fu_3428_ap_start_reg_reg/C (clocked by clk_fpga_0) and design_1_i/pipelined_layer_proc_0/inst/grp_dataflow_parent_loop_proc_fu_232/dataflow_in_loop_Depth_Loop_U0/compute_systolic_U0/grp_compute_systolic_Pipeline_Load_Cache_Row_fu_3428/local_regs_V_522_fu_1240_reg[24]/D (clocked by clk_fpga_0). Large setup violations at the end of those stages might be difficult to fix during the post-placement implementation flow and could be the result of non-optimal XDC constraints or non-optimal design architecture
Related violations: <none>

TIMING-16#39 Warning
Large setup violation  
There is a large setup violation of -1.047 ns between design_1_i/pipelined_layer_proc_0/inst/grp_dataflow_parent_loop_proc_fu_232/dataflow_in_loop_Depth_Loop_U0/tile_A_V_3_U/reg_valid0_reg/C (clocked by clk_fpga_0) and design_1_i/pipelined_layer_proc_0/inst/grp_dataflow_parent_loop_proc_fu_232/dataflow_in_loop_Depth_Loop_U0/compute_systolic_U0/big_tile_A_8_load_reg_14999_reg[21]/D (clocked by clk_fpga_0). Large setup violations at the end of those stages might be difficult to fix during the post-placement implementation flow and could be the result of non-optimal XDC constraints or non-optimal design architecture
Related violations: <none>

TIMING-16#40 Warning
Large setup violation  
There is a large setup violation of -1.049 ns between design_1_i/pipelined_layer_proc_0/inst/grp_dataflow_parent_loop_proc_fu_232/dataflow_in_loop_Depth_Loop_U0/compute_systolic_U0/grp_compute_systolic_Pipeline_Load_Cache_Row_fu_3428_ap_start_reg_reg/C (clocked by clk_fpga_0) and design_1_i/pipelined_layer_proc_0/inst/grp_dataflow_parent_loop_proc_fu_232/dataflow_in_loop_Depth_Loop_U0/compute_systolic_U0/grp_compute_systolic_Pipeline_Load_Cache_Row_fu_3428/local_regs_V_643_fu_1724_reg[26]/D (clocked by clk_fpga_0). Large setup violations at the end of those stages might be difficult to fix during the post-placement implementation flow and could be the result of non-optimal XDC constraints or non-optimal design architecture
Related violations: <none>

TIMING-16#41 Warning
Large setup violation  
There is a large setup violation of -1.051 ns between design_1_i/pipelined_layer_proc_0/inst/grp_dataflow_parent_loop_proc_fu_232/dataflow_in_loop_Depth_Loop_U0/compute_systolic_U0/grp_compute_systolic_Pipeline_Load_Cache_Row_fu_3428_ap_start_reg_reg/C (clocked by clk_fpga_0) and design_1_i/pipelined_layer_proc_0/inst/grp_dataflow_parent_loop_proc_fu_232/dataflow_in_loop_Depth_Loop_U0/compute_systolic_U0/grp_compute_systolic_Pipeline_Load_Cache_Row_fu_3428/local_regs_V_643_fu_1724_reg[19]/D (clocked by clk_fpga_0). Large setup violations at the end of those stages might be difficult to fix during the post-placement implementation flow and could be the result of non-optimal XDC constraints or non-optimal design architecture
Related violations: <none>

TIMING-16#42 Warning
Large setup violation  
There is a large setup violation of -1.052 ns between design_1_i/pipelined_layer_proc_0/inst/gmem0_m_axi_U/bus_write/wreq_throttle/data_fifo/raddr_reg[2]_rep/C (clocked by clk_fpga_0) and design_1_i/pipelined_layer_proc_0/inst/gmem0_m_axi_U/bus_write/wreq_throttle/data_fifo/U_fifo_srl/dout_reg[113]/D (clocked by clk_fpga_0). Large setup violations at the end of those stages might be difficult to fix during the post-placement implementation flow and could be the result of non-optimal XDC constraints or non-optimal design architecture
Related violations: <none>

TIMING-16#43 Warning
Large setup violation  
There is a large setup violation of -1.054 ns between design_1_i/pipelined_layer_proc_0/inst/grp_dataflow_parent_loop_proc_fu_232/dataflow_in_loop_Depth_Loop_U0/compute_systolic_U0/grp_compute_systolic_Pipeline_Load_Cache_Row_fu_3428_ap_start_reg_reg/C (clocked by clk_fpga_0) and design_1_i/pipelined_layer_proc_0/inst/grp_dataflow_parent_loop_proc_fu_232/dataflow_in_loop_Depth_Loop_U0/compute_systolic_U0/grp_compute_systolic_Pipeline_Load_Cache_Row_fu_3428/local_regs_V_522_fu_1240_reg[2]/D (clocked by clk_fpga_0). Large setup violations at the end of those stages might be difficult to fix during the post-placement implementation flow and could be the result of non-optimal XDC constraints or non-optimal design architecture
Related violations: <none>

TIMING-16#44 Warning
Large setup violation  
There is a large setup violation of -1.055 ns between design_1_i/pipelined_layer_proc_0/inst/grp_dataflow_parent_loop_proc_fu_232/dataflow_in_loop_Depth_Loop_U0/compute_systolic_U0/grp_compute_systolic_Pipeline_Pulse_fu_3978_ap_start_reg_reg_replica_13/C (clocked by clk_fpga_0) and design_1_i/pipelined_layer_proc_0/inst/grp_dataflow_parent_loop_proc_fu_232/dataflow_in_loop_Depth_Loop_U0/compute_systolic_U0/grp_compute_systolic_Pipeline_Pulse_fu_3978/local_regs_V_113_fu_2230_reg[10]/CE (clocked by clk_fpga_0). Large setup violations at the end of those stages might be difficult to fix during the post-placement implementation flow and could be the result of non-optimal XDC constraints or non-optimal design architecture
Related violations: <none>

TIMING-16#45 Warning
Large setup violation  
There is a large setup violation of -1.055 ns between design_1_i/pipelined_layer_proc_0/inst/grp_dataflow_parent_loop_proc_fu_232/dataflow_in_loop_Depth_Loop_U0/compute_systolic_U0/grp_compute_systolic_Pipeline_Pulse_fu_3978_ap_start_reg_reg_replica_13/C (clocked by clk_fpga_0) and design_1_i/pipelined_layer_proc_0/inst/grp_dataflow_parent_loop_proc_fu_232/dataflow_in_loop_Depth_Loop_U0/compute_systolic_U0/grp_compute_systolic_Pipeline_Pulse_fu_3978/local_regs_V_113_fu_2230_reg[16]/CE (clocked by clk_fpga_0). Large setup violations at the end of those stages might be difficult to fix during the post-placement implementation flow and could be the result of non-optimal XDC constraints or non-optimal design architecture
Related violations: <none>

TIMING-16#46 Warning
Large setup violation  
There is a large setup violation of -1.055 ns between design_1_i/pipelined_layer_proc_0/inst/grp_dataflow_parent_loop_proc_fu_232/dataflow_in_loop_Depth_Loop_U0/compute_systolic_U0/grp_compute_systolic_Pipeline_Pulse_fu_3978_ap_start_reg_reg_replica_13/C (clocked by clk_fpga_0) and design_1_i/pipelined_layer_proc_0/inst/grp_dataflow_parent_loop_proc_fu_232/dataflow_in_loop_Depth_Loop_U0/compute_systolic_U0/grp_compute_systolic_Pipeline_Pulse_fu_3978/local_regs_V_113_fu_2230_reg[29]/CE (clocked by clk_fpga_0). Large setup violations at the end of those stages might be difficult to fix during the post-placement implementation flow and could be the result of non-optimal XDC constraints or non-optimal design architecture
Related violations: <none>

TIMING-16#47 Warning
Large setup violation  
There is a large setup violation of -1.055 ns between design_1_i/pipelined_layer_proc_0/inst/grp_dataflow_parent_loop_proc_fu_232/dataflow_in_loop_Depth_Loop_U0/compute_systolic_U0/grp_compute_systolic_Pipeline_Pulse_fu_3978_ap_start_reg_reg_replica_13/C (clocked by clk_fpga_0) and design_1_i/pipelined_layer_proc_0/inst/grp_dataflow_parent_loop_proc_fu_232/dataflow_in_loop_Depth_Loop_U0/compute_systolic_U0/grp_compute_systolic_Pipeline_Pulse_fu_3978/local_regs_V_125_fu_2182_reg[21]/CE (clocked by clk_fpga_0). Large setup violations at the end of those stages might be difficult to fix during the post-placement implementation flow and could be the result of non-optimal XDC constraints or non-optimal design architecture
Related violations: <none>

TIMING-16#48 Warning
Large setup violation  
There is a large setup violation of -1.055 ns between design_1_i/pipelined_layer_proc_0/inst/grp_dataflow_parent_loop_proc_fu_232/dataflow_in_loop_Depth_Loop_U0/compute_systolic_U0/grp_compute_systolic_Pipeline_Pulse_fu_3978_ap_start_reg_reg_replica_13/C (clocked by clk_fpga_0) and design_1_i/pipelined_layer_proc_0/inst/grp_dataflow_parent_loop_proc_fu_232/dataflow_in_loop_Depth_Loop_U0/compute_systolic_U0/grp_compute_systolic_Pipeline_Pulse_fu_3978/local_regs_V_125_fu_2182_reg[22]/CE (clocked by clk_fpga_0). Large setup violations at the end of those stages might be difficult to fix during the post-placement implementation flow and could be the result of non-optimal XDC constraints or non-optimal design architecture
Related violations: <none>

TIMING-16#49 Warning
Large setup violation  
There is a large setup violation of -1.058 ns between design_1_i/pipelined_layer_proc_0/inst/grp_dataflow_parent_loop_proc_fu_232/dataflow_in_loop_Depth_Loop_U0/compute_systolic_U0/grp_compute_systolic_Pipeline_Pulse_fu_3978_ap_start_reg_reg_replica_13/C (clocked by clk_fpga_0) and design_1_i/pipelined_layer_proc_0/inst/grp_dataflow_parent_loop_proc_fu_232/dataflow_in_loop_Depth_Loop_U0/compute_systolic_U0/grp_compute_systolic_Pipeline_Pulse_fu_3978/local_regs_V_104_fu_2266_reg[31]/CE (clocked by clk_fpga_0). Large setup violations at the end of those stages might be difficult to fix during the post-placement implementation flow and could be the result of non-optimal XDC constraints or non-optimal design architecture
Related violations: <none>

TIMING-16#50 Warning
Large setup violation  
There is a large setup violation of -1.059 ns between design_1_i/pipelined_layer_proc_0/inst/grp_dataflow_parent_loop_proc_fu_232/dataflow_in_loop_Depth_Loop_U0/tile_A_V_3_U/reg_valid0_reg/C (clocked by clk_fpga_0) and design_1_i/pipelined_layer_proc_0/inst/grp_dataflow_parent_loop_proc_fu_232/dataflow_in_loop_Depth_Loop_U0/compute_systolic_U0/big_tile_A_4_load_reg_14979_reg[187]/D (clocked by clk_fpga_0). Large setup violations at the end of those stages might be difficult to fix during the post-placement implementation flow and could be the result of non-optimal XDC constraints or non-optimal design architecture
Related violations: <none>

TIMING-16#51 Warning
Large setup violation  
There is a large setup violation of -1.064 ns between design_1_i/pipelined_layer_proc_0/inst/grp_dataflow_parent_loop_proc_fu_232/dataflow_in_loop_Depth_Loop_U0/tile_A_V_3_U/reg_valid0_reg/C (clocked by clk_fpga_0) and design_1_i/pipelined_layer_proc_0/inst/grp_dataflow_parent_loop_proc_fu_232/dataflow_in_loop_Depth_Loop_U0/compute_systolic_U0/big_tile_A_8_load_reg_14999_reg[6]/D (clocked by clk_fpga_0). Large setup violations at the end of those stages might be difficult to fix during the post-placement implementation flow and could be the result of non-optimal XDC constraints or non-optimal design architecture
Related violations: <none>

TIMING-16#52 Warning
Large setup violation  
There is a large setup violation of -1.068 ns between design_1_i/pipelined_layer_proc_0/inst/gmem0_m_axi_U/bus_write/wreq_throttle/data_fifo/raddr_reg[0]_rep/C (clocked by clk_fpga_0) and design_1_i/pipelined_layer_proc_0/inst/gmem0_m_axi_U/bus_write/wreq_throttle/data_fifo/U_fifo_srl/dout_reg[116]/D (clocked by clk_fpga_0). Large setup violations at the end of those stages might be difficult to fix during the post-placement implementation flow and could be the result of non-optimal XDC constraints or non-optimal design architecture
Related violations: <none>

TIMING-16#53 Warning
Large setup violation  
There is a large setup violation of -1.070 ns between design_1_i/pipelined_layer_proc_0/inst/grp_dataflow_parent_loop_proc_fu_232/dataflow_in_loop_Depth_Loop_U0/compute_systolic_U0/ap_CS_fsm_reg[3]/C (clocked by clk_fpga_0) and design_1_i/pipelined_layer_proc_0/inst/grp_dataflow_parent_loop_proc_fu_232/dataflow_in_loop_Depth_Loop_U0/compute_systolic_U0/big_tile_A_0_load_reg_14959_reg[101]/CE (clocked by clk_fpga_0). Large setup violations at the end of those stages might be difficult to fix during the post-placement implementation flow and could be the result of non-optimal XDC constraints or non-optimal design architecture
Related violations: <none>

TIMING-16#54 Warning
Large setup violation  
There is a large setup violation of -1.070 ns between design_1_i/pipelined_layer_proc_0/inst/grp_dataflow_parent_loop_proc_fu_232/dataflow_in_loop_Depth_Loop_U0/compute_systolic_U0/ap_CS_fsm_reg[3]/C (clocked by clk_fpga_0) and design_1_i/pipelined_layer_proc_0/inst/grp_dataflow_parent_loop_proc_fu_232/dataflow_in_loop_Depth_Loop_U0/compute_systolic_U0/big_tile_A_0_load_reg_14959_reg[19]/CE (clocked by clk_fpga_0). Large setup violations at the end of those stages might be difficult to fix during the post-placement implementation flow and could be the result of non-optimal XDC constraints or non-optimal design architecture
Related violations: <none>

TIMING-16#55 Warning
Large setup violation  
There is a large setup violation of -1.070 ns between design_1_i/pipelined_layer_proc_0/inst/grp_dataflow_parent_loop_proc_fu_232/dataflow_in_loop_Depth_Loop_U0/compute_systolic_U0/ap_CS_fsm_reg[3]/C (clocked by clk_fpga_0) and design_1_i/pipelined_layer_proc_0/inst/grp_dataflow_parent_loop_proc_fu_232/dataflow_in_loop_Depth_Loop_U0/compute_systolic_U0/big_tile_A_0_load_reg_14959_reg[98]/CE (clocked by clk_fpga_0). Large setup violations at the end of those stages might be difficult to fix during the post-placement implementation flow and could be the result of non-optimal XDC constraints or non-optimal design architecture
Related violations: <none>

TIMING-16#56 Warning
Large setup violation  
There is a large setup violation of -1.071 ns between design_1_i/pipelined_layer_proc_0/inst/grp_dataflow_parent_loop_proc_fu_232/dataflow_in_loop_Depth_Loop_U0/compute_systolic_U0/grp_compute_systolic_Pipeline_Load_Cache_Row_fu_3428_ap_start_reg_reg/C (clocked by clk_fpga_0) and design_1_i/pipelined_layer_proc_0/inst/grp_dataflow_parent_loop_proc_fu_232/dataflow_in_loop_Depth_Loop_U0/compute_systolic_U0/grp_compute_systolic_Pipeline_Load_Cache_Row_fu_3428/local_regs_V_650_fu_1752_reg[31]/D (clocked by clk_fpga_0). Large setup violations at the end of those stages might be difficult to fix during the post-placement implementation flow and could be the result of non-optimal XDC constraints or non-optimal design architecture
Related violations: <none>

TIMING-16#57 Warning
Large setup violation  
There is a large setup violation of -1.073 ns between design_1_i/pipelined_layer_proc_0/inst/grp_dataflow_parent_loop_proc_fu_232/dataflow_in_loop_Depth_Loop_U0/compute_systolic_U0/ap_CS_fsm_reg[3]/C (clocked by clk_fpga_0) and design_1_i/pipelined_layer_proc_0/inst/grp_dataflow_parent_loop_proc_fu_232/dataflow_in_loop_Depth_Loop_U0/compute_systolic_U0/big_tile_A_0_load_reg_14959_reg[0]/CE (clocked by clk_fpga_0). Large setup violations at the end of those stages might be difficult to fix during the post-placement implementation flow and could be the result of non-optimal XDC constraints or non-optimal design architecture
Related violations: <none>

TIMING-16#58 Warning
Large setup violation  
There is a large setup violation of -1.073 ns between design_1_i/pipelined_layer_proc_0/inst/grp_dataflow_parent_loop_proc_fu_232/dataflow_in_loop_Depth_Loop_U0/compute_systolic_U0/ap_CS_fsm_reg[3]/C (clocked by clk_fpga_0) and design_1_i/pipelined_layer_proc_0/inst/grp_dataflow_parent_loop_proc_fu_232/dataflow_in_loop_Depth_Loop_U0/compute_systolic_U0/big_tile_A_0_load_reg_14959_reg[195]/CE (clocked by clk_fpga_0). Large setup violations at the end of those stages might be difficult to fix during the post-placement implementation flow and could be the result of non-optimal XDC constraints or non-optimal design architecture
Related violations: <none>

TIMING-16#59 Warning
Large setup violation  
There is a large setup violation of -1.073 ns between design_1_i/pipelined_layer_proc_0/inst/grp_dataflow_parent_loop_proc_fu_232/dataflow_in_loop_Depth_Loop_U0/compute_systolic_U0/ap_CS_fsm_reg[3]/C (clocked by clk_fpga_0) and design_1_i/pipelined_layer_proc_0/inst/grp_dataflow_parent_loop_proc_fu_232/dataflow_in_loop_Depth_Loop_U0/compute_systolic_U0/big_tile_A_0_load_reg_14959_reg[3]/CE (clocked by clk_fpga_0). Large setup violations at the end of those stages might be difficult to fix during the post-placement implementation flow and could be the result of non-optimal XDC constraints or non-optimal design architecture
Related violations: <none>

TIMING-16#60 Warning
Large setup violation  
There is a large setup violation of -1.073 ns between design_1_i/pipelined_layer_proc_0/inst/grp_dataflow_parent_loop_proc_fu_232/dataflow_in_loop_Depth_Loop_U0/compute_systolic_U0/ap_CS_fsm_reg[3]/C (clocked by clk_fpga_0) and design_1_i/pipelined_layer_proc_0/inst/grp_dataflow_parent_loop_proc_fu_232/dataflow_in_loop_Depth_Loop_U0/compute_systolic_U0/big_tile_A_0_load_reg_14959_reg[5]/CE (clocked by clk_fpga_0). Large setup violations at the end of those stages might be difficult to fix during the post-placement implementation flow and could be the result of non-optimal XDC constraints or non-optimal design architecture
Related violations: <none>

TIMING-16#61 Warning
Large setup violation  
There is a large setup violation of -1.076 ns between design_1_i/pipelined_layer_proc_0/inst/grp_dataflow_parent_loop_proc_fu_232/dataflow_in_loop_Depth_Loop_U0/tile_A_V_3_U/reg_valid0_reg/C (clocked by clk_fpga_0) and design_1_i/pipelined_layer_proc_0/inst/grp_dataflow_parent_loop_proc_fu_232/dataflow_in_loop_Depth_Loop_U0/compute_systolic_U0/big_tile_A_4_load_reg_14979_reg[46]/D (clocked by clk_fpga_0). Large setup violations at the end of those stages might be difficult to fix during the post-placement implementation flow and could be the result of non-optimal XDC constraints or non-optimal design architecture
Related violations: <none>

TIMING-16#62 Warning
Large setup violation  
There is a large setup violation of -1.077 ns between design_1_i/pipelined_layer_proc_0/inst/grp_dataflow_parent_loop_proc_fu_232/dataflow_in_loop_Depth_Loop_U0/compute_systolic_U0/grp_compute_systolic_Pipeline_Pulse_fu_3978_ap_start_reg_reg_replica_13/C (clocked by clk_fpga_0) and design_1_i/pipelined_layer_proc_0/inst/grp_dataflow_parent_loop_proc_fu_232/dataflow_in_loop_Depth_Loop_U0/compute_systolic_U0/grp_compute_systolic_Pipeline_Pulse_fu_3978/local_regs_V_104_fu_2266_reg[10]/CE (clocked by clk_fpga_0). Large setup violations at the end of those stages might be difficult to fix during the post-placement implementation flow and could be the result of non-optimal XDC constraints or non-optimal design architecture
Related violations: <none>

TIMING-16#63 Warning
Large setup violation  
There is a large setup violation of -1.077 ns between design_1_i/pipelined_layer_proc_0/inst/grp_dataflow_parent_loop_proc_fu_232/dataflow_in_loop_Depth_Loop_U0/compute_systolic_U0/grp_compute_systolic_Pipeline_Pulse_fu_3978_ap_start_reg_reg_replica_13/C (clocked by clk_fpga_0) and design_1_i/pipelined_layer_proc_0/inst/grp_dataflow_parent_loop_proc_fu_232/dataflow_in_loop_Depth_Loop_U0/compute_systolic_U0/grp_compute_systolic_Pipeline_Pulse_fu_3978/local_regs_V_104_fu_2266_reg[19]/CE (clocked by clk_fpga_0). Large setup violations at the end of those stages might be difficult to fix during the post-placement implementation flow and could be the result of non-optimal XDC constraints or non-optimal design architecture
Related violations: <none>

TIMING-16#64 Warning
Large setup violation  
There is a large setup violation of -1.077 ns between design_1_i/pipelined_layer_proc_0/inst/grp_dataflow_parent_loop_proc_fu_232/dataflow_in_loop_Depth_Loop_U0/compute_systolic_U0/grp_compute_systolic_Pipeline_Pulse_fu_3978_ap_start_reg_reg_replica_13/C (clocked by clk_fpga_0) and design_1_i/pipelined_layer_proc_0/inst/grp_dataflow_parent_loop_proc_fu_232/dataflow_in_loop_Depth_Loop_U0/compute_systolic_U0/grp_compute_systolic_Pipeline_Pulse_fu_3978/local_regs_V_104_fu_2266_reg[23]/CE (clocked by clk_fpga_0). Large setup violations at the end of those stages might be difficult to fix during the post-placement implementation flow and could be the result of non-optimal XDC constraints or non-optimal design architecture
Related violations: <none>

TIMING-16#65 Warning
Large setup violation  
There is a large setup violation of -1.079 ns between design_1_i/pipelined_layer_proc_0/inst/grp_dataflow_parent_loop_proc_fu_232/dataflow_in_loop_Depth_Loop_U0/compute_systolic_U0/grp_compute_systolic_Pipeline_Load_Cache_Row_fu_3428_ap_start_reg_reg/C (clocked by clk_fpga_0) and design_1_i/pipelined_layer_proc_0/inst/grp_dataflow_parent_loop_proc_fu_232/dataflow_in_loop_Depth_Loop_U0/compute_systolic_U0/grp_compute_systolic_Pipeline_Load_Cache_Row_fu_3428/local_regs_V_620_fu_1632_reg[5]/CE (clocked by clk_fpga_0). Large setup violations at the end of those stages might be difficult to fix during the post-placement implementation flow and could be the result of non-optimal XDC constraints or non-optimal design architecture
Related violations: <none>

TIMING-16#66 Warning
Large setup violation  
There is a large setup violation of -1.079 ns between design_1_i/pipelined_layer_proc_0/inst/grp_dataflow_parent_loop_proc_fu_232/dataflow_in_loop_Depth_Loop_U0/compute_systolic_U0/grp_compute_systolic_Pipeline_Load_Cache_Row_fu_3428_ap_start_reg_reg/C (clocked by clk_fpga_0) and design_1_i/pipelined_layer_proc_0/inst/grp_dataflow_parent_loop_proc_fu_232/dataflow_in_loop_Depth_Loop_U0/compute_systolic_U0/grp_compute_systolic_Pipeline_Load_Cache_Row_fu_3428/local_regs_V_621_fu_1636_reg[0]/CE (clocked by clk_fpga_0). Large setup violations at the end of those stages might be difficult to fix during the post-placement implementation flow and could be the result of non-optimal XDC constraints or non-optimal design architecture
Related violations: <none>

TIMING-16#67 Warning
Large setup violation  
There is a large setup violation of -1.079 ns between design_1_i/pipelined_layer_proc_0/inst/grp_dataflow_parent_loop_proc_fu_232/dataflow_in_loop_Depth_Loop_U0/compute_systolic_U0/grp_compute_systolic_Pipeline_Load_Cache_Row_fu_3428_ap_start_reg_reg/C (clocked by clk_fpga_0) and design_1_i/pipelined_layer_proc_0/inst/grp_dataflow_parent_loop_proc_fu_232/dataflow_in_loop_Depth_Loop_U0/compute_systolic_U0/grp_compute_systolic_Pipeline_Load_Cache_Row_fu_3428/local_regs_V_621_fu_1636_reg[1]/CE (clocked by clk_fpga_0). Large setup violations at the end of those stages might be difficult to fix during the post-placement implementation flow and could be the result of non-optimal XDC constraints or non-optimal design architecture
Related violations: <none>

TIMING-16#68 Warning
Large setup violation  
There is a large setup violation of -1.079 ns between design_1_i/pipelined_layer_proc_0/inst/grp_dataflow_parent_loop_proc_fu_232/dataflow_in_loop_Depth_Loop_U0/compute_systolic_U0/grp_compute_systolic_Pipeline_Load_Cache_Row_fu_3428_ap_start_reg_reg/C (clocked by clk_fpga_0) and design_1_i/pipelined_layer_proc_0/inst/grp_dataflow_parent_loop_proc_fu_232/dataflow_in_loop_Depth_Loop_U0/compute_systolic_U0/grp_compute_systolic_Pipeline_Load_Cache_Row_fu_3428/local_regs_V_621_fu_1636_reg[21]/CE (clocked by clk_fpga_0). Large setup violations at the end of those stages might be difficult to fix during the post-placement implementation flow and could be the result of non-optimal XDC constraints or non-optimal design architecture
Related violations: <none>

TIMING-16#69 Warning
Large setup violation  
There is a large setup violation of -1.079 ns between design_1_i/pipelined_layer_proc_0/inst/grp_dataflow_parent_loop_proc_fu_232/dataflow_in_loop_Depth_Loop_U0/compute_systolic_U0/grp_compute_systolic_Pipeline_Load_Cache_Row_fu_3428_ap_start_reg_reg/C (clocked by clk_fpga_0) and design_1_i/pipelined_layer_proc_0/inst/grp_dataflow_parent_loop_proc_fu_232/dataflow_in_loop_Depth_Loop_U0/compute_systolic_U0/grp_compute_systolic_Pipeline_Load_Cache_Row_fu_3428/local_regs_V_621_fu_1636_reg[5]/CE (clocked by clk_fpga_0). Large setup violations at the end of those stages might be difficult to fix during the post-placement implementation flow and could be the result of non-optimal XDC constraints or non-optimal design architecture
Related violations: <none>

TIMING-16#70 Warning
Large setup violation  
There is a large setup violation of -1.080 ns between design_1_i/pipelined_layer_proc_0/inst/grp_dataflow_parent_loop_proc_fu_232/dataflow_in_loop_Depth_Loop_U0/tile_A_V_3_U/reg_valid0_reg/C (clocked by clk_fpga_0) and design_1_i/pipelined_layer_proc_0/inst/grp_dataflow_parent_loop_proc_fu_232/dataflow_in_loop_Depth_Loop_U0/compute_systolic_U0/big_tile_A_4_load_reg_14979_reg[6]/D (clocked by clk_fpga_0). Large setup violations at the end of those stages might be difficult to fix during the post-placement implementation flow and could be the result of non-optimal XDC constraints or non-optimal design architecture
Related violations: <none>

TIMING-16#71 Warning
Large setup violation  
There is a large setup violation of -1.080 ns between design_1_i/pipelined_layer_proc_0/inst/grp_dataflow_parent_loop_proc_fu_232/dataflow_in_loop_Depth_Loop_U0/tile_A_V_3_U/reg_valid0_reg/C (clocked by clk_fpga_0) and design_1_i/pipelined_layer_proc_0/inst/grp_dataflow_parent_loop_proc_fu_232/dataflow_in_loop_Depth_Loop_U0/compute_systolic_U0/big_tile_A_8_load_reg_14999_reg[16]/D (clocked by clk_fpga_0). Large setup violations at the end of those stages might be difficult to fix during the post-placement implementation flow and could be the result of non-optimal XDC constraints or non-optimal design architecture
Related violations: <none>

TIMING-16#72 Warning
Large setup violation  
There is a large setup violation of -1.080 ns between design_1_i/pipelined_layer_proc_0/inst/grp_dataflow_parent_loop_proc_fu_232/dataflow_in_loop_Depth_Loop_U0/tile_A_V_3_U/reg_valid0_reg/C (clocked by clk_fpga_0) and design_1_i/pipelined_layer_proc_0/inst/grp_dataflow_parent_loop_proc_fu_232/dataflow_in_loop_Depth_Loop_U0/compute_systolic_U0/big_tile_A_8_load_reg_14999_reg[32]/D (clocked by clk_fpga_0). Large setup violations at the end of those stages might be difficult to fix during the post-placement implementation flow and could be the result of non-optimal XDC constraints or non-optimal design architecture
Related violations: <none>

TIMING-16#73 Warning
Large setup violation  
There is a large setup violation of -1.085 ns between design_1_i/pipelined_layer_proc_0/inst/grp_dataflow_parent_loop_proc_fu_232/dataflow_in_loop_Depth_Loop_U0/compute_systolic_U0/grp_compute_systolic_Pipeline_Load_Cache_Row_fu_3428_ap_start_reg_reg/C (clocked by clk_fpga_0) and design_1_i/pipelined_layer_proc_0/inst/grp_dataflow_parent_loop_proc_fu_232/dataflow_in_loop_Depth_Loop_U0/compute_systolic_U0/grp_compute_systolic_Pipeline_Load_Cache_Row_fu_3428/local_regs_V_650_fu_1752_reg[5]/D (clocked by clk_fpga_0). Large setup violations at the end of those stages might be difficult to fix during the post-placement implementation flow and could be the result of non-optimal XDC constraints or non-optimal design architecture
Related violations: <none>

TIMING-16#74 Warning
Large setup violation  
There is a large setup violation of -1.085 ns between design_1_i/pipelined_layer_proc_0/inst/grp_dataflow_parent_loop_proc_fu_232/dataflow_in_loop_Depth_Loop_U0/tile_A_V_3_U/reg_valid0_reg/C (clocked by clk_fpga_0) and design_1_i/pipelined_layer_proc_0/inst/grp_dataflow_parent_loop_proc_fu_232/dataflow_in_loop_Depth_Loop_U0/compute_systolic_U0/big_tile_A_11_load_reg_15014_reg[224]/D (clocked by clk_fpga_0). Large setup violations at the end of those stages might be difficult to fix during the post-placement implementation flow and could be the result of non-optimal XDC constraints or non-optimal design architecture
Related violations: <none>

TIMING-16#75 Warning
Large setup violation  
There is a large setup violation of -1.088 ns between design_1_i/pipelined_layer_proc_0/inst/grp_dataflow_parent_loop_proc_fu_232/dataflow_in_loop_Depth_Loop_U0/compute_systolic_U0/grp_compute_systolic_Pipeline_Load_Cache_Row_fu_3428_ap_start_reg_reg/C (clocked by clk_fpga_0) and design_1_i/pipelined_layer_proc_0/inst/grp_dataflow_parent_loop_proc_fu_232/dataflow_in_loop_Depth_Loop_U0/compute_systolic_U0/grp_compute_systolic_Pipeline_Load_Cache_Row_fu_3428/local_regs_V_522_fu_1240_reg[14]/D (clocked by clk_fpga_0). Large setup violations at the end of those stages might be difficult to fix during the post-placement implementation flow and could be the result of non-optimal XDC constraints or non-optimal design architecture
Related violations: <none>

TIMING-16#76 Warning
Large setup violation  
There is a large setup violation of -1.090 ns between design_1_i/pipelined_layer_proc_0/inst/grp_dataflow_parent_loop_proc_fu_232/dataflow_in_loop_Depth_Loop_U0/compute_systolic_U0/grp_compute_systolic_Pipeline_Pulse_fu_3978_ap_start_reg_reg_replica_13/C (clocked by clk_fpga_0) and design_1_i/pipelined_layer_proc_0/inst/grp_dataflow_parent_loop_proc_fu_232/dataflow_in_loop_Depth_Loop_U0/compute_systolic_U0/grp_compute_systolic_Pipeline_Pulse_fu_3978/local_regs_V_145_fu_2102_reg[11]/CE (clocked by clk_fpga_0). Large setup violations at the end of those stages might be difficult to fix during the post-placement implementation flow and could be the result of non-optimal XDC constraints or non-optimal design architecture
Related violations: <none>

TIMING-16#77 Warning
Large setup violation  
There is a large setup violation of -1.091 ns between design_1_i/pipelined_layer_proc_0/inst/gmem0_m_axi_U/bus_write/wreq_throttle/data_fifo/raddr_reg[0]_rep/C (clocked by clk_fpga_0) and design_1_i/pipelined_layer_proc_0/inst/gmem0_m_axi_U/bus_write/wreq_throttle/data_fifo/U_fifo_srl/dout_reg[124]/D (clocked by clk_fpga_0). Large setup violations at the end of those stages might be difficult to fix during the post-placement implementation flow and could be the result of non-optimal XDC constraints or non-optimal design architecture
Related violations: <none>

TIMING-16#78 Warning
Large setup violation  
There is a large setup violation of -1.095 ns between design_1_i/pipelined_layer_proc_0/inst/gmem0_m_axi_U/bus_write/wreq_throttle/data_fifo/raddr_reg[2]_rep/C (clocked by clk_fpga_0) and design_1_i/pipelined_layer_proc_0/inst/gmem0_m_axi_U/bus_write/wreq_throttle/data_fifo/U_fifo_srl/dout_reg[104]/D (clocked by clk_fpga_0). Large setup violations at the end of those stages might be difficult to fix during the post-placement implementation flow and could be the result of non-optimal XDC constraints or non-optimal design architecture
Related violations: <none>

TIMING-16#79 Warning
Large setup violation  
There is a large setup violation of -1.095 ns between design_1_i/pipelined_layer_proc_0/inst/grp_dataflow_parent_loop_proc_fu_232/dataflow_in_loop_Depth_Loop_U0/compute_systolic_U0/ap_CS_fsm_reg[3]/C (clocked by clk_fpga_0) and design_1_i/pipelined_layer_proc_0/inst/grp_dataflow_parent_loop_proc_fu_232/dataflow_in_loop_Depth_Loop_U0/compute_systolic_U0/big_tile_A_0_load_reg_14959_reg[193]/CE (clocked by clk_fpga_0). Large setup violations at the end of those stages might be difficult to fix during the post-placement implementation flow and could be the result of non-optimal XDC constraints or non-optimal design architecture
Related violations: <none>

TIMING-16#80 Warning
Large setup violation  
There is a large setup violation of -1.095 ns between design_1_i/pipelined_layer_proc_0/inst/grp_dataflow_parent_loop_proc_fu_232/dataflow_in_loop_Depth_Loop_U0/compute_systolic_U0/ap_CS_fsm_reg[3]/C (clocked by clk_fpga_0) and design_1_i/pipelined_layer_proc_0/inst/grp_dataflow_parent_loop_proc_fu_232/dataflow_in_loop_Depth_Loop_U0/compute_systolic_U0/big_tile_A_0_load_reg_14959_reg[1]/CE (clocked by clk_fpga_0). Large setup violations at the end of those stages might be difficult to fix during the post-placement implementation flow and could be the result of non-optimal XDC constraints or non-optimal design architecture
Related violations: <none>

TIMING-16#81 Warning
Large setup violation  
There is a large setup violation of -1.095 ns between design_1_i/pipelined_layer_proc_0/inst/grp_dataflow_parent_loop_proc_fu_232/dataflow_in_loop_Depth_Loop_U0/compute_systolic_U0/ap_CS_fsm_reg[3]/C (clocked by clk_fpga_0) and design_1_i/pipelined_layer_proc_0/inst/grp_dataflow_parent_loop_proc_fu_232/dataflow_in_loop_Depth_Loop_U0/compute_systolic_U0/big_tile_A_0_load_reg_14959_reg[22]/CE (clocked by clk_fpga_0). Large setup violations at the end of those stages might be difficult to fix during the post-placement implementation flow and could be the result of non-optimal XDC constraints or non-optimal design architecture
Related violations: <none>

TIMING-16#82 Warning
Large setup violation  
There is a large setup violation of -1.097 ns between design_1_i/pipelined_layer_proc_0/inst/grp_dataflow_parent_loop_proc_fu_232/dataflow_in_loop_Depth_Loop_U0/tile_A_V_3_U/reg_valid0_reg/C (clocked by clk_fpga_0) and design_1_i/pipelined_layer_proc_0/inst/grp_dataflow_parent_loop_proc_fu_232/dataflow_in_loop_Depth_Loop_U0/compute_systolic_U0/big_tile_A_8_load_reg_14999_reg[4]/D (clocked by clk_fpga_0). Large setup violations at the end of those stages might be difficult to fix during the post-placement implementation flow and could be the result of non-optimal XDC constraints or non-optimal design architecture
Related violations: <none>

TIMING-16#83 Warning
Large setup violation  
There is a large setup violation of -1.099 ns between design_1_i/pipelined_layer_proc_0/inst/grp_dataflow_parent_loop_proc_fu_232/dataflow_in_loop_Depth_Loop_U0/compute_systolic_U0/grp_compute_systolic_Pipeline_Load_Cache_Row_fu_3428_ap_start_reg_reg/C (clocked by clk_fpga_0) and design_1_i/pipelined_layer_proc_0/inst/grp_dataflow_parent_loop_proc_fu_232/dataflow_in_loop_Depth_Loop_U0/compute_systolic_U0/grp_compute_systolic_Pipeline_Load_Cache_Row_fu_3428/local_regs_V_522_fu_1240_reg[25]/D (clocked by clk_fpga_0). Large setup violations at the end of those stages might be difficult to fix during the post-placement implementation flow and could be the result of non-optimal XDC constraints or non-optimal design architecture
Related violations: <none>

TIMING-16#84 Warning
Large setup violation  
There is a large setup violation of -1.099 ns between design_1_i/pipelined_layer_proc_0/inst/grp_dataflow_parent_loop_proc_fu_232/dataflow_in_loop_Depth_Loop_U0/compute_systolic_U0/grp_compute_systolic_Pipeline_Load_Cache_Row_fu_3428_ap_start_reg_reg/C (clocked by clk_fpga_0) and design_1_i/pipelined_layer_proc_0/inst/grp_dataflow_parent_loop_proc_fu_232/dataflow_in_loop_Depth_Loop_U0/compute_systolic_U0/grp_compute_systolic_Pipeline_Load_Cache_Row_fu_3428/local_regs_V_643_fu_1724_reg[9]/D (clocked by clk_fpga_0). Large setup violations at the end of those stages might be difficult to fix during the post-placement implementation flow and could be the result of non-optimal XDC constraints or non-optimal design architecture
Related violations: <none>

TIMING-16#85 Warning
Large setup violation  
There is a large setup violation of -1.102 ns between design_1_i/pipelined_layer_proc_0/inst/grp_dataflow_parent_loop_proc_fu_232/dataflow_in_loop_Depth_Loop_U0/tile_A_V_3_U/reg_valid0_reg/C (clocked by clk_fpga_0) and design_1_i/pipelined_layer_proc_0/inst/grp_dataflow_parent_loop_proc_fu_232/dataflow_in_loop_Depth_Loop_U0/compute_systolic_U0/big_tile_A_8_load_reg_14999_reg[28]/D (clocked by clk_fpga_0). Large setup violations at the end of those stages might be difficult to fix during the post-placement implementation flow and could be the result of non-optimal XDC constraints or non-optimal design architecture
Related violations: <none>

TIMING-16#86 Warning
Large setup violation  
There is a large setup violation of -1.105 ns between design_1_i/pipelined_layer_proc_0/inst/grp_dataflow_parent_loop_proc_fu_232/dataflow_in_loop_Depth_Loop_U0/compute_systolic_U0/grp_compute_systolic_Pipeline_Load_Cache_Row_fu_3428_ap_start_reg_reg/C (clocked by clk_fpga_0) and design_1_i/pipelined_layer_proc_0/inst/grp_dataflow_parent_loop_proc_fu_232/dataflow_in_loop_Depth_Loop_U0/compute_systolic_U0/grp_compute_systolic_Pipeline_Load_Cache_Row_fu_3428/local_regs_V_615_fu_1612_reg[18]/CE (clocked by clk_fpga_0). Large setup violations at the end of those stages might be difficult to fix during the post-placement implementation flow and could be the result of non-optimal XDC constraints or non-optimal design architecture
Related violations: <none>

TIMING-16#87 Warning
Large setup violation  
There is a large setup violation of -1.105 ns between design_1_i/pipelined_layer_proc_0/inst/grp_dataflow_parent_loop_proc_fu_232/dataflow_in_loop_Depth_Loop_U0/tile_A_V_3_U/reg_valid0_reg/C (clocked by clk_fpga_0) and design_1_i/pipelined_layer_proc_0/inst/grp_dataflow_parent_loop_proc_fu_232/dataflow_in_loop_Depth_Loop_U0/compute_systolic_U0/big_tile_A_8_load_reg_14999_reg[34]/D (clocked by clk_fpga_0). Large setup violations at the end of those stages might be difficult to fix during the post-placement implementation flow and could be the result of non-optimal XDC constraints or non-optimal design architecture
Related violations: <none>

TIMING-16#88 Warning
Large setup violation  
There is a large setup violation of -1.107 ns between design_1_i/pipelined_layer_proc_0/inst/grp_dataflow_parent_loop_proc_fu_232/dataflow_in_loop_Depth_Loop_U0/compute_systolic_U0/grp_compute_systolic_Pipeline_Pulse_fu_3978_ap_start_reg_reg_replica_7/C (clocked by clk_fpga_0) and design_1_i/pipelined_layer_proc_0/inst/grp_dataflow_parent_loop_proc_fu_232/dataflow_in_loop_Depth_Loop_U0/compute_systolic_U0/grp_compute_systolic_Pipeline_Pulse_fu_3978/h_wires_V_10_reg_15422_reg[7]_rep__7/D (clocked by clk_fpga_0). Large setup violations at the end of those stages might be difficult to fix during the post-placement implementation flow and could be the result of non-optimal XDC constraints or non-optimal design architecture
Related violations: <none>

TIMING-16#89 Warning
Large setup violation  
There is a large setup violation of -1.113 ns between design_1_i/rst_ps7_0_100M/U0/ACTIVE_LOW_PR_OUT_DFF[0].FDRE_PER_N/C (clocked by clk_fpga_0) and design_1_i/pipelined_layer_proc_0/inst/gmem1_m_axi_U/load_unit/buff_rdata/U_fifo_mem/mem_reg_3/ENARDEN (clocked by clk_fpga_0). Large setup violations at the end of those stages might be difficult to fix during the post-placement implementation flow and could be the result of non-optimal XDC constraints or non-optimal design architecture
Related violations: <none>

TIMING-16#90 Warning
Large setup violation  
There is a large setup violation of -1.114 ns between design_1_i/pipelined_layer_proc_0/inst/grp_dataflow_parent_loop_proc_fu_232/dataflow_in_loop_Depth_Loop_U0/compute_systolic_U0/ap_CS_fsm_reg[3]/C (clocked by clk_fpga_0) and design_1_i/pipelined_layer_proc_0/inst/grp_dataflow_parent_loop_proc_fu_232/dataflow_in_loop_Depth_Loop_U0/compute_systolic_U0/big_tile_A_0_load_reg_14959_reg[192]/CE (clocked by clk_fpga_0). Large setup violations at the end of those stages might be difficult to fix during the post-placement implementation flow and could be the result of non-optimal XDC constraints or non-optimal design architecture
Related violations: <none>

TIMING-16#91 Warning
Large setup violation  
There is a large setup violation of -1.114 ns between design_1_i/pipelined_layer_proc_0/inst/grp_dataflow_parent_loop_proc_fu_232/dataflow_in_loop_Depth_Loop_U0/compute_systolic_U0/ap_CS_fsm_reg[3]/C (clocked by clk_fpga_0) and design_1_i/pipelined_layer_proc_0/inst/grp_dataflow_parent_loop_proc_fu_232/dataflow_in_loop_Depth_Loop_U0/compute_systolic_U0/big_tile_A_0_load_reg_14959_reg[196]/CE (clocked by clk_fpga_0). Large setup violations at the end of those stages might be difficult to fix during the post-placement implementation flow and could be the result of non-optimal XDC constraints or non-optimal design architecture
Related violations: <none>

TIMING-16#92 Warning
Large setup violation  
There is a large setup violation of -1.114 ns between design_1_i/pipelined_layer_proc_0/inst/grp_dataflow_parent_loop_proc_fu_232/dataflow_in_loop_Depth_Loop_U0/compute_systolic_U0/ap_CS_fsm_reg[3]/C (clocked by clk_fpga_0) and design_1_i/pipelined_layer_proc_0/inst/grp_dataflow_parent_loop_proc_fu_232/dataflow_in_loop_Depth_Loop_U0/compute_systolic_U0/big_tile_A_0_load_reg_14959_reg[197]/CE (clocked by clk_fpga_0). Large setup violations at the end of those stages might be difficult to fix during the post-placement implementation flow and could be the result of non-optimal XDC constraints or non-optimal design architecture
Related violations: <none>

TIMING-16#93 Warning
Large setup violation  
There is a large setup violation of -1.114 ns between design_1_i/pipelined_layer_proc_0/inst/grp_dataflow_parent_loop_proc_fu_232/dataflow_in_loop_Depth_Loop_U0/compute_systolic_U0/ap_CS_fsm_reg[3]/C (clocked by clk_fpga_0) and design_1_i/pipelined_layer_proc_0/inst/grp_dataflow_parent_loop_proc_fu_232/dataflow_in_loop_Depth_Loop_U0/compute_systolic_U0/big_tile_A_0_load_reg_14959_reg[2]/CE (clocked by clk_fpga_0). Large setup violations at the end of those stages might be difficult to fix during the post-placement implementation flow and could be the result of non-optimal XDC constraints or non-optimal design architecture
Related violations: <none>

TIMING-16#94 Warning
Large setup violation  
There is a large setup violation of -1.120 ns between design_1_i/pipelined_layer_proc_0/inst/gmem0_m_axi_U/bus_write/wreq_throttle/data_fifo/raddr_reg[2]_rep/C (clocked by clk_fpga_0) and design_1_i/pipelined_layer_proc_0/inst/gmem0_m_axi_U/bus_write/wreq_throttle/data_fifo/U_fifo_srl/dout_reg[115]/D (clocked by clk_fpga_0). Large setup violations at the end of those stages might be difficult to fix during the post-placement implementation flow and could be the result of non-optimal XDC constraints or non-optimal design architecture
Related violations: <none>

TIMING-16#95 Warning
Large setup violation  
There is a large setup violation of -1.120 ns between design_1_i/pipelined_layer_proc_0/inst/grp_dataflow_parent_loop_proc_fu_232/dataflow_in_loop_Depth_Loop_U0/compute_systolic_U0/grp_compute_systolic_Pipeline_Load_Cache_Row_fu_3428_ap_start_reg_reg/C (clocked by clk_fpga_0) and design_1_i/pipelined_layer_proc_0/inst/grp_dataflow_parent_loop_proc_fu_232/dataflow_in_loop_Depth_Loop_U0/compute_systolic_U0/grp_compute_systolic_Pipeline_Load_Cache_Row_fu_3428/local_regs_V_730_fu_2072_reg[27]/D (clocked by clk_fpga_0). Large setup violations at the end of those stages might be difficult to fix during the post-placement implementation flow and could be the result of non-optimal XDC constraints or non-optimal design architecture
Related violations: <none>

TIMING-16#96 Warning
Large setup violation  
There is a large setup violation of -1.120 ns between design_1_i/pipelined_layer_proc_0/inst/grp_dataflow_parent_loop_proc_fu_232/dataflow_in_loop_Depth_Loop_U0/compute_systolic_U0/grp_compute_systolic_Pipeline_Load_Cache_Row_fu_3428_ap_start_reg_reg/C (clocked by clk_fpga_0) and design_1_i/pipelined_layer_proc_0/inst/grp_dataflow_parent_loop_proc_fu_232/dataflow_in_loop_Depth_Loop_U0/compute_systolic_U0/grp_compute_systolic_Pipeline_Load_Cache_Row_fu_3428/local_regs_V_730_fu_2072_reg[30]/D (clocked by clk_fpga_0). Large setup violations at the end of those stages might be difficult to fix during the post-placement implementation flow and could be the result of non-optimal XDC constraints or non-optimal design architecture
Related violations: <none>

TIMING-16#97 Warning
Large setup violation  
There is a large setup violation of -1.125 ns between design_1_i/pipelined_layer_proc_0/inst/grp_dataflow_parent_loop_proc_fu_232/dataflow_in_loop_Depth_Loop_U0/tile_A_V_3_U/reg_valid0_reg/C (clocked by clk_fpga_0) and design_1_i/pipelined_layer_proc_0/inst/grp_dataflow_parent_loop_proc_fu_232/dataflow_in_loop_Depth_Loop_U0/compute_systolic_U0/big_tile_A_15_load_reg_15034_reg[192]/D (clocked by clk_fpga_0). Large setup violations at the end of those stages might be difficult to fix during the post-placement implementation flow and could be the result of non-optimal XDC constraints or non-optimal design architecture
Related violations: <none>

TIMING-16#98 Warning
Large setup violation  
There is a large setup violation of -1.128 ns between design_1_i/pipelined_layer_proc_0/inst/grp_dataflow_parent_loop_proc_fu_232/dataflow_in_loop_Depth_Loop_U0/compute_systolic_U0/grp_compute_systolic_Pipeline_Pulse_fu_3978_ap_start_reg_reg_replica_13/C (clocked by clk_fpga_0) and design_1_i/pipelined_layer_proc_0/inst/grp_dataflow_parent_loop_proc_fu_232/dataflow_in_loop_Depth_Loop_U0/compute_systolic_U0/grp_compute_systolic_Pipeline_Pulse_fu_3978/local_regs_V_112_fu_2234_reg[31]/CE (clocked by clk_fpga_0). Large setup violations at the end of those stages might be difficult to fix during the post-placement implementation flow and could be the result of non-optimal XDC constraints or non-optimal design architecture
Related violations: <none>

TIMING-16#99 Warning
Large setup violation  
There is a large setup violation of -1.131 ns between design_1_i/pipelined_layer_proc_0/inst/grp_dataflow_parent_loop_proc_fu_232/dataflow_in_loop_Depth_Loop_U0/compute_systolic_U0/grp_compute_systolic_Pipeline_Pulse_fu_3978_ap_start_reg_reg_replica_13/C (clocked by clk_fpga_0) and design_1_i/pipelined_layer_proc_0/inst/grp_dataflow_parent_loop_proc_fu_232/dataflow_in_loop_Depth_Loop_U0/compute_systolic_U0/grp_compute_systolic_Pipeline_Pulse_fu_3978/local_regs_V_129_fu_2166_reg[28]/CE (clocked by clk_fpga_0). Large setup violations at the end of those stages might be difficult to fix during the post-placement implementation flow and could be the result of non-optimal XDC constraints or non-optimal design architecture
Related violations: <none>

TIMING-16#100 Warning
Large setup violation  
There is a large setup violation of -1.131 ns between design_1_i/pipelined_layer_proc_0/inst/grp_dataflow_parent_loop_proc_fu_232/dataflow_in_loop_Depth_Loop_U0/compute_systolic_U0/grp_compute_systolic_Pipeline_Pulse_fu_3978_ap_start_reg_reg_replica_13/C (clocked by clk_fpga_0) and design_1_i/pipelined_layer_proc_0/inst/grp_dataflow_parent_loop_proc_fu_232/dataflow_in_loop_Depth_Loop_U0/compute_systolic_U0/grp_compute_systolic_Pipeline_Pulse_fu_3978/local_regs_V_129_fu_2166_reg[29]/CE (clocked by clk_fpga_0). Large setup violations at the end of those stages might be difficult to fix during the post-placement implementation flow and could be the result of non-optimal XDC constraints or non-optimal design architecture
Related violations: <none>

TIMING-16#101 Warning
Large setup violation  
There is a large setup violation of -1.132 ns between design_1_i/pipelined_layer_proc_0/inst/grp_dataflow_parent_loop_proc_fu_232/dataflow_in_loop_Depth_Loop_U0/compute_systolic_U0/grp_compute_systolic_Pipeline_Pulse_fu_3978_ap_start_reg_reg_replica_7/C (clocked by clk_fpga_0) and design_1_i/pipelined_layer_proc_0/inst/grp_dataflow_parent_loop_proc_fu_232/dataflow_in_loop_Depth_Loop_U0/compute_systolic_U0/grp_compute_systolic_Pipeline_Pulse_fu_3978/h_wires_V_10_reg_15422_reg[7]_rep__13/D (clocked by clk_fpga_0). Large setup violations at the end of those stages might be difficult to fix during the post-placement implementation flow and could be the result of non-optimal XDC constraints or non-optimal design architecture
Related violations: <none>

TIMING-16#102 Warning
Large setup violation  
There is a large setup violation of -1.134 ns between design_1_i/pipelined_layer_proc_0/inst/grp_dataflow_parent_loop_proc_fu_232/dataflow_in_loop_Depth_Loop_U0/compute_systolic_U0/grp_compute_systolic_Pipeline_Load_Cache_Row_fu_3428_ap_start_reg_reg/C (clocked by clk_fpga_0) and design_1_i/pipelined_layer_proc_0/inst/grp_dataflow_parent_loop_proc_fu_232/dataflow_in_loop_Depth_Loop_U0/compute_systolic_U0/grp_compute_systolic_Pipeline_Load_Cache_Row_fu_3428/local_regs_V_701_fu_1956_reg[11]/CE (clocked by clk_fpga_0). Large setup violations at the end of those stages might be difficult to fix during the post-placement implementation flow and could be the result of non-optimal XDC constraints or non-optimal design architecture
Related violations: <none>

TIMING-16#103 Warning
Large setup violation  
There is a large setup violation of -1.134 ns between design_1_i/pipelined_layer_proc_0/inst/grp_dataflow_parent_loop_proc_fu_232/dataflow_in_loop_Depth_Loop_U0/compute_systolic_U0/grp_compute_systolic_Pipeline_Load_Cache_Row_fu_3428_ap_start_reg_reg/C (clocked by clk_fpga_0) and design_1_i/pipelined_layer_proc_0/inst/grp_dataflow_parent_loop_proc_fu_232/dataflow_in_loop_Depth_Loop_U0/compute_systolic_U0/grp_compute_systolic_Pipeline_Load_Cache_Row_fu_3428/local_regs_V_701_fu_1956_reg[13]/CE (clocked by clk_fpga_0). Large setup violations at the end of those stages might be difficult to fix during the post-placement implementation flow and could be the result of non-optimal XDC constraints or non-optimal design architecture
Related violations: <none>

TIMING-16#104 Warning
Large setup violation  
There is a large setup violation of -1.134 ns between design_1_i/pipelined_layer_proc_0/inst/grp_dataflow_parent_loop_proc_fu_232/dataflow_in_loop_Depth_Loop_U0/compute_systolic_U0/grp_compute_systolic_Pipeline_Load_Cache_Row_fu_3428_ap_start_reg_reg/C (clocked by clk_fpga_0) and design_1_i/pipelined_layer_proc_0/inst/grp_dataflow_parent_loop_proc_fu_232/dataflow_in_loop_Depth_Loop_U0/compute_systolic_U0/grp_compute_systolic_Pipeline_Load_Cache_Row_fu_3428/local_regs_V_701_fu_1956_reg[16]/CE (clocked by clk_fpga_0). Large setup violations at the end of those stages might be difficult to fix during the post-placement implementation flow and could be the result of non-optimal XDC constraints or non-optimal design architecture
Related violations: <none>

TIMING-16#105 Warning
Large setup violation  
There is a large setup violation of -1.134 ns between design_1_i/pipelined_layer_proc_0/inst/grp_dataflow_parent_loop_proc_fu_232/dataflow_in_loop_Depth_Loop_U0/compute_systolic_U0/grp_compute_systolic_Pipeline_Load_Cache_Row_fu_3428_ap_start_reg_reg/C (clocked by clk_fpga_0) and design_1_i/pipelined_layer_proc_0/inst/grp_dataflow_parent_loop_proc_fu_232/dataflow_in_loop_Depth_Loop_U0/compute_systolic_U0/grp_compute_systolic_Pipeline_Load_Cache_Row_fu_3428/local_regs_V_701_fu_1956_reg[28]/CE (clocked by clk_fpga_0). Large setup violations at the end of those stages might be difficult to fix during the post-placement implementation flow and could be the result of non-optimal XDC constraints or non-optimal design architecture
Related violations: <none>

TIMING-16#106 Warning
Large setup violation  
There is a large setup violation of -1.136 ns between design_1_i/pipelined_layer_proc_0/inst/grp_dataflow_parent_loop_proc_fu_232/dataflow_in_loop_Depth_Loop_U0/compute_systolic_U0/grp_compute_systolic_Pipeline_Pulse_fu_3978_ap_start_reg_reg_replica_7/C (clocked by clk_fpga_0) and design_1_i/pipelined_layer_proc_0/inst/grp_dataflow_parent_loop_proc_fu_232/dataflow_in_loop_Depth_Loop_U0/compute_systolic_U0/grp_compute_systolic_Pipeline_Pulse_fu_3978/h_wires_V_2_reg_15382_reg[7]_rep__13/D (clocked by clk_fpga_0). Large setup violations at the end of those stages might be difficult to fix during the post-placement implementation flow and could be the result of non-optimal XDC constraints or non-optimal design architecture
Related violations: <none>

TIMING-16#107 Warning
Large setup violation  
There is a large setup violation of -1.137 ns between design_1_i/pipelined_layer_proc_0/inst/grp_dataflow_parent_loop_proc_fu_232/dataflow_in_loop_Depth_Loop_U0/compute_systolic_U0/grp_compute_systolic_Pipeline_Load_Cache_Row_fu_3428_ap_start_reg_reg/C (clocked by clk_fpga_0) and design_1_i/pipelined_layer_proc_0/inst/grp_dataflow_parent_loop_proc_fu_232/dataflow_in_loop_Depth_Loop_U0/compute_systolic_U0/grp_compute_systolic_Pipeline_Load_Cache_Row_fu_3428/local_regs_V_522_fu_1240_reg[19]/D (clocked by clk_fpga_0). Large setup violations at the end of those stages might be difficult to fix during the post-placement implementation flow and could be the result of non-optimal XDC constraints or non-optimal design architecture
Related violations: <none>

TIMING-16#108 Warning
Large setup violation  
There is a large setup violation of -1.139 ns between design_1_i/pipelined_layer_proc_0/inst/gmem0_m_axi_U/bus_write/wreq_throttle/data_fifo/raddr_reg[0]_rep/C (clocked by clk_fpga_0) and design_1_i/pipelined_layer_proc_0/inst/gmem0_m_axi_U/bus_write/wreq_throttle/data_fifo/U_fifo_srl/dout_reg[77]/D (clocked by clk_fpga_0). Large setup violations at the end of those stages might be difficult to fix during the post-placement implementation flow and could be the result of non-optimal XDC constraints or non-optimal design architecture
Related violations: <none>

TIMING-16#109 Warning
Large setup violation  
There is a large setup violation of -1.142 ns between design_1_i/pipelined_layer_proc_0/inst/grp_dataflow_parent_loop_proc_fu_232/dataflow_in_loop_Depth_Loop_U0/compute_systolic_U0/grp_compute_systolic_Pipeline_Load_Cache_Row_fu_3428_ap_start_reg_reg/C (clocked by clk_fpga_0) and design_1_i/pipelined_layer_proc_0/inst/grp_dataflow_parent_loop_proc_fu_232/dataflow_in_loop_Depth_Loop_U0/compute_systolic_U0/grp_compute_systolic_Pipeline_Load_Cache_Row_fu_3428/local_regs_V_650_fu_1752_reg[9]/D (clocked by clk_fpga_0). Large setup violations at the end of those stages might be difficult to fix during the post-placement implementation flow and could be the result of non-optimal XDC constraints or non-optimal design architecture
Related violations: <none>

TIMING-16#110 Warning
Large setup violation  
There is a large setup violation of -1.143 ns between design_1_i/pipelined_layer_proc_0/inst/grp_dataflow_parent_loop_proc_fu_232/dataflow_in_loop_Depth_Loop_U0/tile_A_V_3_U/reg_valid0_reg/C (clocked by clk_fpga_0) and design_1_i/pipelined_layer_proc_0/inst/grp_dataflow_parent_loop_proc_fu_232/dataflow_in_loop_Depth_Loop_U0/compute_systolic_U0/big_tile_A_4_load_reg_14979_reg[122]/D (clocked by clk_fpga_0). Large setup violations at the end of those stages might be difficult to fix during the post-placement implementation flow and could be the result of non-optimal XDC constraints or non-optimal design architecture
Related violations: <none>

TIMING-16#111 Warning
Large setup violation  
There is a large setup violation of -1.148 ns between design_1_i/pipelined_layer_proc_0/inst/grp_dataflow_parent_loop_proc_fu_232/dataflow_in_loop_Depth_Loop_U0/compute_systolic_U0/grp_compute_systolic_Pipeline_Pulse_fu_3978_ap_start_reg_reg_replica_13/C (clocked by clk_fpga_0) and design_1_i/pipelined_layer_proc_0/inst/grp_dataflow_parent_loop_proc_fu_232/dataflow_in_loop_Depth_Loop_U0/compute_systolic_U0/grp_compute_systolic_Pipeline_Pulse_fu_3978/local_regs_V_129_fu_2166_reg[1]/CE (clocked by clk_fpga_0). Large setup violations at the end of those stages might be difficult to fix during the post-placement implementation flow and could be the result of non-optimal XDC constraints or non-optimal design architecture
Related violations: <none>

TIMING-16#112 Warning
Large setup violation  
There is a large setup violation of -1.148 ns between design_1_i/pipelined_layer_proc_0/inst/grp_dataflow_parent_loop_proc_fu_232/dataflow_in_loop_Depth_Loop_U0/compute_systolic_U0/grp_compute_systolic_Pipeline_Pulse_fu_3978_ap_start_reg_reg_replica_13/C (clocked by clk_fpga_0) and design_1_i/pipelined_layer_proc_0/inst/grp_dataflow_parent_loop_proc_fu_232/dataflow_in_loop_Depth_Loop_U0/compute_systolic_U0/grp_compute_systolic_Pipeline_Pulse_fu_3978/local_regs_V_145_fu_2102_reg[28]/CE (clocked by clk_fpga_0). Large setup violations at the end of those stages might be difficult to fix during the post-placement implementation flow and could be the result of non-optimal XDC constraints or non-optimal design architecture
Related violations: <none>

TIMING-16#113 Warning
Large setup violation  
There is a large setup violation of -1.148 ns between design_1_i/pipelined_layer_proc_0/inst/grp_dataflow_parent_loop_proc_fu_232/dataflow_in_loop_Depth_Loop_U0/tile_A_V_3_U/reg_valid0_reg/C (clocked by clk_fpga_0) and design_1_i/pipelined_layer_proc_0/inst/grp_dataflow_parent_loop_proc_fu_232/dataflow_in_loop_Depth_Loop_U0/compute_systolic_U0/big_tile_A_3_load_reg_14974_reg[203]/D (clocked by clk_fpga_0). Large setup violations at the end of those stages might be difficult to fix during the post-placement implementation flow and could be the result of non-optimal XDC constraints or non-optimal design architecture
Related violations: <none>

TIMING-16#114 Warning
Large setup violation  
There is a large setup violation of -1.153 ns between design_1_i/pipelined_layer_proc_0/inst/grp_dataflow_parent_loop_proc_fu_232/dataflow_in_loop_Depth_Loop_U0/compute_systolic_U0/grp_compute_systolic_Pipeline_Load_Cache_Row_fu_3428/trunc_ln55_reg_11237_reg[0]/C (clocked by clk_fpga_0) and design_1_i/pipelined_layer_proc_0/inst/grp_dataflow_parent_loop_proc_fu_232/dataflow_in_loop_Depth_Loop_U0/compute_systolic_U0/grp_compute_systolic_Pipeline_Load_Cache_Row_fu_3428/local_regs_V_565_fu_1412_reg[21]/CE (clocked by clk_fpga_0). Large setup violations at the end of those stages might be difficult to fix during the post-placement implementation flow and could be the result of non-optimal XDC constraints or non-optimal design architecture
Related violations: <none>

TIMING-16#115 Warning
Large setup violation  
There is a large setup violation of -1.153 ns between design_1_i/pipelined_layer_proc_0/inst/grp_dataflow_parent_loop_proc_fu_232/dataflow_in_loop_Depth_Loop_U0/compute_systolic_U0/grp_compute_systolic_Pipeline_Load_Cache_Row_fu_3428/trunc_ln55_reg_11237_reg[0]/C (clocked by clk_fpga_0) and design_1_i/pipelined_layer_proc_0/inst/grp_dataflow_parent_loop_proc_fu_232/dataflow_in_loop_Depth_Loop_U0/compute_systolic_U0/grp_compute_systolic_Pipeline_Load_Cache_Row_fu_3428/local_regs_V_565_fu_1412_reg[22]/CE (clocked by clk_fpga_0). Large setup violations at the end of those stages might be difficult to fix during the post-placement implementation flow and could be the result of non-optimal XDC constraints or non-optimal design architecture
Related violations: <none>

TIMING-16#116 Warning
Large setup violation  
There is a large setup violation of -1.153 ns between design_1_i/pipelined_layer_proc_0/inst/grp_dataflow_parent_loop_proc_fu_232/dataflow_in_loop_Depth_Loop_U0/compute_systolic_U0/grp_compute_systolic_Pipeline_Load_Cache_Row_fu_3428/trunc_ln55_reg_11237_reg[0]/C (clocked by clk_fpga_0) and design_1_i/pipelined_layer_proc_0/inst/grp_dataflow_parent_loop_proc_fu_232/dataflow_in_loop_Depth_Loop_U0/compute_systolic_U0/grp_compute_systolic_Pipeline_Load_Cache_Row_fu_3428/local_regs_V_565_fu_1412_reg[2]/CE (clocked by clk_fpga_0). Large setup violations at the end of those stages might be difficult to fix during the post-placement implementation flow and could be the result of non-optimal XDC constraints or non-optimal design architecture
Related violations: <none>

TIMING-16#117 Warning
Large setup violation  
There is a large setup violation of -1.154 ns between design_1_i/pipelined_layer_proc_0/inst/grp_dataflow_parent_loop_proc_fu_232/dataflow_in_loop_Depth_Loop_U0/compute_systolic_U0/grp_compute_systolic_Pipeline_Load_Cache_Row_fu_3428_ap_start_reg_reg/C (clocked by clk_fpga_0) and design_1_i/pipelined_layer_proc_0/inst/grp_dataflow_parent_loop_proc_fu_232/dataflow_in_loop_Depth_Loop_U0/compute_systolic_U0/grp_compute_systolic_Pipeline_Load_Cache_Row_fu_3428/local_regs_V_715_fu_2012_reg[13]/CE (clocked by clk_fpga_0). Large setup violations at the end of those stages might be difficult to fix during the post-placement implementation flow and could be the result of non-optimal XDC constraints or non-optimal design architecture
Related violations: <none>

TIMING-16#118 Warning
Large setup violation  
There is a large setup violation of -1.154 ns between design_1_i/pipelined_layer_proc_0/inst/grp_dataflow_parent_loop_proc_fu_232/dataflow_in_loop_Depth_Loop_U0/compute_systolic_U0/grp_compute_systolic_Pipeline_Load_Cache_Row_fu_3428_ap_start_reg_reg/C (clocked by clk_fpga_0) and design_1_i/pipelined_layer_proc_0/inst/grp_dataflow_parent_loop_proc_fu_232/dataflow_in_loop_Depth_Loop_U0/compute_systolic_U0/grp_compute_systolic_Pipeline_Load_Cache_Row_fu_3428/local_regs_V_715_fu_2012_reg[14]/CE (clocked by clk_fpga_0). Large setup violations at the end of those stages might be difficult to fix during the post-placement implementation flow and could be the result of non-optimal XDC constraints or non-optimal design architecture
Related violations: <none>

TIMING-16#119 Warning
Large setup violation  
There is a large setup violation of -1.154 ns between design_1_i/pipelined_layer_proc_0/inst/grp_dataflow_parent_loop_proc_fu_232/dataflow_in_loop_Depth_Loop_U0/compute_systolic_U0/grp_compute_systolic_Pipeline_Load_Cache_Row_fu_3428_ap_start_reg_reg/C (clocked by clk_fpga_0) and design_1_i/pipelined_layer_proc_0/inst/grp_dataflow_parent_loop_proc_fu_232/dataflow_in_loop_Depth_Loop_U0/compute_systolic_U0/grp_compute_systolic_Pipeline_Load_Cache_Row_fu_3428/local_regs_V_715_fu_2012_reg[18]/CE (clocked by clk_fpga_0). Large setup violations at the end of those stages might be difficult to fix during the post-placement implementation flow and could be the result of non-optimal XDC constraints or non-optimal design architecture
Related violations: <none>

TIMING-16#120 Warning
Large setup violation  
There is a large setup violation of -1.154 ns between design_1_i/pipelined_layer_proc_0/inst/grp_dataflow_parent_loop_proc_fu_232/dataflow_in_loop_Depth_Loop_U0/compute_systolic_U0/grp_compute_systolic_Pipeline_Load_Cache_Row_fu_3428_ap_start_reg_reg/C (clocked by clk_fpga_0) and design_1_i/pipelined_layer_proc_0/inst/grp_dataflow_parent_loop_proc_fu_232/dataflow_in_loop_Depth_Loop_U0/compute_systolic_U0/grp_compute_systolic_Pipeline_Load_Cache_Row_fu_3428/local_regs_V_715_fu_2012_reg[24]/CE (clocked by clk_fpga_0). Large setup violations at the end of those stages might be difficult to fix during the post-placement implementation flow and could be the result of non-optimal XDC constraints or non-optimal design architecture
Related violations: <none>

TIMING-16#121 Warning
Large setup violation  
There is a large setup violation of -1.154 ns between design_1_i/pipelined_layer_proc_0/inst/grp_dataflow_parent_loop_proc_fu_232/dataflow_in_loop_Depth_Loop_U0/compute_systolic_U0/grp_compute_systolic_Pipeline_Load_Cache_Row_fu_3428_ap_start_reg_reg/C (clocked by clk_fpga_0) and design_1_i/pipelined_layer_proc_0/inst/grp_dataflow_parent_loop_proc_fu_232/dataflow_in_loop_Depth_Loop_U0/compute_systolic_U0/grp_compute_systolic_Pipeline_Load_Cache_Row_fu_3428/local_regs_V_715_fu_2012_reg[26]/CE (clocked by clk_fpga_0). Large setup violations at the end of those stages might be difficult to fix during the post-placement implementation flow and could be the result of non-optimal XDC constraints or non-optimal design architecture
Related violations: <none>

TIMING-16#122 Warning
Large setup violation  
There is a large setup violation of -1.154 ns between design_1_i/pipelined_layer_proc_0/inst/grp_dataflow_parent_loop_proc_fu_232/dataflow_in_loop_Depth_Loop_U0/compute_systolic_U0/grp_compute_systolic_Pipeline_Load_Cache_Row_fu_3428_ap_start_reg_reg/C (clocked by clk_fpga_0) and design_1_i/pipelined_layer_proc_0/inst/grp_dataflow_parent_loop_proc_fu_232/dataflow_in_loop_Depth_Loop_U0/compute_systolic_U0/grp_compute_systolic_Pipeline_Load_Cache_Row_fu_3428/local_regs_V_715_fu_2012_reg[28]/CE (clocked by clk_fpga_0). Large setup violations at the end of those stages might be difficult to fix during the post-placement implementation flow and could be the result of non-optimal XDC constraints or non-optimal design architecture
Related violations: <none>

TIMING-16#123 Warning
Large setup violation  
There is a large setup violation of -1.154 ns between design_1_i/pipelined_layer_proc_0/inst/grp_dataflow_parent_loop_proc_fu_232/dataflow_in_loop_Depth_Loop_U0/compute_systolic_U0/grp_compute_systolic_Pipeline_Load_Cache_Row_fu_3428_ap_start_reg_reg/C (clocked by clk_fpga_0) and design_1_i/pipelined_layer_proc_0/inst/grp_dataflow_parent_loop_proc_fu_232/dataflow_in_loop_Depth_Loop_U0/compute_systolic_U0/grp_compute_systolic_Pipeline_Load_Cache_Row_fu_3428/local_regs_V_715_fu_2012_reg[30]/CE (clocked by clk_fpga_0). Large setup violations at the end of those stages might be difficult to fix during the post-placement implementation flow and could be the result of non-optimal XDC constraints or non-optimal design architecture
Related violations: <none>

TIMING-16#124 Warning
Large setup violation  
There is a large setup violation of -1.154 ns between design_1_i/pipelined_layer_proc_0/inst/grp_dataflow_parent_loop_proc_fu_232/dataflow_in_loop_Depth_Loop_U0/compute_systolic_U0/grp_compute_systolic_Pipeline_Load_Cache_Row_fu_3428_ap_start_reg_reg/C (clocked by clk_fpga_0) and design_1_i/pipelined_layer_proc_0/inst/grp_dataflow_parent_loop_proc_fu_232/dataflow_in_loop_Depth_Loop_U0/compute_systolic_U0/grp_compute_systolic_Pipeline_Load_Cache_Row_fu_3428/local_regs_V_715_fu_2012_reg[31]/CE (clocked by clk_fpga_0). Large setup violations at the end of those stages might be difficult to fix during the post-placement implementation flow and could be the result of non-optimal XDC constraints or non-optimal design architecture
Related violations: <none>

TIMING-16#125 Warning
Large setup violation  
There is a large setup violation of -1.156 ns between design_1_i/pipelined_layer_proc_0/inst/grp_dataflow_parent_loop_proc_fu_232/dataflow_in_loop_Depth_Loop_U0/compute_systolic_U0/grp_compute_systolic_Pipeline_Pulse_fu_3978_ap_start_reg_reg_replica_13/C (clocked by clk_fpga_0) and design_1_i/pipelined_layer_proc_0/inst/grp_dataflow_parent_loop_proc_fu_232/dataflow_in_loop_Depth_Loop_U0/compute_systolic_U0/grp_compute_systolic_Pipeline_Pulse_fu_3978/local_regs_V_112_fu_2234_reg[20]/CE (clocked by clk_fpga_0). Large setup violations at the end of those stages might be difficult to fix during the post-placement implementation flow and could be the result of non-optimal XDC constraints or non-optimal design architecture
Related violations: <none>

TIMING-16#126 Warning
Large setup violation  
There is a large setup violation of -1.156 ns between design_1_i/pipelined_layer_proc_0/inst/grp_dataflow_parent_loop_proc_fu_232/dataflow_in_loop_Depth_Loop_U0/compute_systolic_U0/grp_compute_systolic_Pipeline_Pulse_fu_3978_ap_start_reg_reg_replica_13/C (clocked by clk_fpga_0) and design_1_i/pipelined_layer_proc_0/inst/grp_dataflow_parent_loop_proc_fu_232/dataflow_in_loop_Depth_Loop_U0/compute_systolic_U0/grp_compute_systolic_Pipeline_Pulse_fu_3978/local_regs_V_112_fu_2234_reg[22]/CE (clocked by clk_fpga_0). Large setup violations at the end of those stages might be difficult to fix during the post-placement implementation flow and could be the result of non-optimal XDC constraints or non-optimal design architecture
Related violations: <none>

TIMING-16#127 Warning
Large setup violation  
There is a large setup violation of -1.161 ns between design_1_i/pipelined_layer_proc_0/inst/grp_dataflow_parent_loop_proc_fu_232/dataflow_in_loop_Depth_Loop_U0/compute_systolic_U0/grp_compute_systolic_Pipeline_Pulse_fu_3978_ap_start_reg_reg_replica_7/C (clocked by clk_fpga_0) and design_1_i/pipelined_layer_proc_0/inst/grp_dataflow_parent_loop_proc_fu_232/dataflow_in_loop_Depth_Loop_U0/compute_systolic_U0/grp_compute_systolic_Pipeline_Pulse_fu_3978/h_wires_V_2_reg_15382_reg[4]/D (clocked by clk_fpga_0). Large setup violations at the end of those stages might be difficult to fix during the post-placement implementation flow and could be the result of non-optimal XDC constraints or non-optimal design architecture
Related violations: <none>

TIMING-16#128 Warning
Large setup violation  
There is a large setup violation of -1.162 ns between design_1_i/pipelined_layer_proc_0/inst/grp_dataflow_parent_loop_proc_fu_232/dataflow_in_loop_Depth_Loop_U0/compute_systolic_U0/grp_compute_systolic_Pipeline_Load_Cache_Row_fu_3428_ap_start_reg_reg/C (clocked by clk_fpga_0) and design_1_i/pipelined_layer_proc_0/inst/grp_dataflow_parent_loop_proc_fu_232/dataflow_in_loop_Depth_Loop_U0/compute_systolic_U0/grp_compute_systolic_Pipeline_Load_Cache_Row_fu_3428/local_regs_V_522_fu_1240_reg[30]/D (clocked by clk_fpga_0). Large setup violations at the end of those stages might be difficult to fix during the post-placement implementation flow and could be the result of non-optimal XDC constraints or non-optimal design architecture
Related violations: <none>

TIMING-16#129 Warning
Large setup violation  
There is a large setup violation of -1.164 ns between design_1_i/pipelined_layer_proc_0/inst/grp_dataflow_parent_loop_proc_fu_232/dataflow_in_loop_Depth_Loop_U0/compute_systolic_U0/grp_compute_systolic_Pipeline_Pulse_fu_3978_ap_start_reg_reg_replica_13/C (clocked by clk_fpga_0) and design_1_i/pipelined_layer_proc_0/inst/grp_dataflow_parent_loop_proc_fu_232/dataflow_in_loop_Depth_Loop_U0/compute_systolic_U0/grp_compute_systolic_Pipeline_Pulse_fu_3978/local_regs_V_125_fu_2182_reg[8]/CE (clocked by clk_fpga_0). Large setup violations at the end of those stages might be difficult to fix during the post-placement implementation flow and could be the result of non-optimal XDC constraints or non-optimal design architecture
Related violations: <none>

TIMING-16#130 Warning
Large setup violation  
There is a large setup violation of -1.169 ns between design_1_i/pipelined_layer_proc_0/inst/grp_dataflow_parent_loop_proc_fu_232/dataflow_in_loop_Depth_Loop_U0/compute_systolic_U0/grp_compute_systolic_Pipeline_Load_Cache_Row_fu_3428_ap_start_reg_reg/C (clocked by clk_fpga_0) and design_1_i/pipelined_layer_proc_0/inst/grp_dataflow_parent_loop_proc_fu_232/dataflow_in_loop_Depth_Loop_U0/compute_systolic_U0/grp_compute_systolic_Pipeline_Load_Cache_Row_fu_3428/local_regs_V_506_fu_1176_reg[10]/D (clocked by clk_fpga_0). Large setup violations at the end of those stages might be difficult to fix during the post-placement implementation flow and could be the result of non-optimal XDC constraints or non-optimal design architecture
Related violations: <none>

TIMING-16#131 Warning
Large setup violation  
There is a large setup violation of -1.169 ns between design_1_i/pipelined_layer_proc_0/inst/grp_dataflow_parent_loop_proc_fu_232/dataflow_in_loop_Depth_Loop_U0/compute_systolic_U0/grp_compute_systolic_Pipeline_Load_Cache_Row_fu_3428_ap_start_reg_reg/C (clocked by clk_fpga_0) and design_1_i/pipelined_layer_proc_0/inst/grp_dataflow_parent_loop_proc_fu_232/dataflow_in_loop_Depth_Loop_U0/compute_systolic_U0/grp_compute_systolic_Pipeline_Load_Cache_Row_fu_3428/local_regs_V_653_fu_1764_reg[27]/D (clocked by clk_fpga_0). Large setup violations at the end of those stages might be difficult to fix during the post-placement implementation flow and could be the result of non-optimal XDC constraints or non-optimal design architecture
Related violations: <none>

TIMING-16#132 Warning
Large setup violation  
There is a large setup violation of -1.170 ns between design_1_i/pipelined_layer_proc_0/inst/grp_dataflow_parent_loop_proc_fu_232/dataflow_in_loop_Depth_Loop_U0/tile_A_V_3_U/reg_valid0_reg/C (clocked by clk_fpga_0) and design_1_i/pipelined_layer_proc_0/inst/grp_dataflow_parent_loop_proc_fu_232/dataflow_in_loop_Depth_Loop_U0/compute_systolic_U0/big_tile_A_15_load_reg_15034_reg[164]/D (clocked by clk_fpga_0). Large setup violations at the end of those stages might be difficult to fix during the post-placement implementation flow and could be the result of non-optimal XDC constraints or non-optimal design architecture
Related violations: <none>

TIMING-16#133 Warning
Large setup violation  
There is a large setup violation of -1.174 ns between design_1_i/pipelined_layer_proc_0/inst/grp_dataflow_parent_loop_proc_fu_232/dataflow_in_loop_Depth_Loop_U0/compute_systolic_U0/grp_compute_systolic_Pipeline_Load_Cache_Row_fu_3428_ap_start_reg_reg/C (clocked by clk_fpga_0) and design_1_i/pipelined_layer_proc_0/inst/grp_dataflow_parent_loop_proc_fu_232/dataflow_in_loop_Depth_Loop_U0/compute_systolic_U0/grp_compute_systolic_Pipeline_Load_Cache_Row_fu_3428/local_regs_V_643_fu_1724_reg[28]/D (clocked by clk_fpga_0). Large setup violations at the end of those stages might be difficult to fix during the post-placement implementation flow and could be the result of non-optimal XDC constraints or non-optimal design architecture
Related violations: <none>

TIMING-16#134 Warning
Large setup violation  
There is a large setup violation of -1.175 ns between design_1_i/pipelined_layer_proc_0/inst/gmem1_m_axi_U/bus_read/rs_rdata/s_ready_t_reg/C (clocked by clk_fpga_0) and design_1_i/pipelined_layer_proc_0/inst/gmem1_m_axi_U/bus_read/rs_rdata/data_p2_reg[32]/CE (clocked by clk_fpga_0). Large setup violations at the end of those stages might be difficult to fix during the post-placement implementation flow and could be the result of non-optimal XDC constraints or non-optimal design architecture
Related violations: <none>

TIMING-16#135 Warning
Large setup violation  
There is a large setup violation of -1.175 ns between design_1_i/pipelined_layer_proc_0/inst/gmem1_m_axi_U/bus_read/rs_rdata/s_ready_t_reg/C (clocked by clk_fpga_0) and design_1_i/pipelined_layer_proc_0/inst/gmem1_m_axi_U/bus_read/rs_rdata/data_p2_reg[33]/CE (clocked by clk_fpga_0). Large setup violations at the end of those stages might be difficult to fix during the post-placement implementation flow and could be the result of non-optimal XDC constraints or non-optimal design architecture
Related violations: <none>

TIMING-16#136 Warning
Large setup violation  
There is a large setup violation of -1.175 ns between design_1_i/pipelined_layer_proc_0/inst/grp_dataflow_parent_loop_proc_fu_232/dataflow_in_loop_Depth_Loop_U0/tile_A_V_3_U/reg_valid0_reg/C (clocked by clk_fpga_0) and design_1_i/pipelined_layer_proc_0/inst/grp_dataflow_parent_loop_proc_fu_232/dataflow_in_loop_Depth_Loop_U0/compute_systolic_U0/big_tile_A_15_load_reg_15034_reg[173]/D (clocked by clk_fpga_0). Large setup violations at the end of those stages might be difficult to fix during the post-placement implementation flow and could be the result of non-optimal XDC constraints or non-optimal design architecture
Related violations: <none>

TIMING-16#137 Warning
Large setup violation  
There is a large setup violation of -1.179 ns between design_1_i/pipelined_layer_proc_0/inst/grp_dataflow_parent_loop_proc_fu_232/dataflow_in_loop_Depth_Loop_U0/tile_A_V_3_U/reg_valid0_reg/C (clocked by clk_fpga_0) and design_1_i/pipelined_layer_proc_0/inst/grp_dataflow_parent_loop_proc_fu_232/dataflow_in_loop_Depth_Loop_U0/compute_systolic_U0/big_tile_A_15_load_reg_15034_reg[166]/D (clocked by clk_fpga_0). Large setup violations at the end of those stages might be difficult to fix during the post-placement implementation flow and could be the result of non-optimal XDC constraints or non-optimal design architecture
Related violations: <none>

TIMING-16#138 Warning
Large setup violation  
There is a large setup violation of -1.181 ns between design_1_i/pipelined_layer_proc_0/inst/grp_dataflow_parent_loop_proc_fu_232/dataflow_in_loop_Depth_Loop_U0/compute_systolic_U0/grp_compute_systolic_Pipeline_Load_Cache_Row_fu_3428_ap_start_reg_reg/C (clocked by clk_fpga_0) and design_1_i/pipelined_layer_proc_0/inst/grp_dataflow_parent_loop_proc_fu_232/dataflow_in_loop_Depth_Loop_U0/compute_systolic_U0/grp_compute_systolic_Pipeline_Load_Cache_Row_fu_3428/local_regs_V_650_fu_1752_reg[7]/D (clocked by clk_fpga_0). Large setup violations at the end of those stages might be difficult to fix during the post-placement implementation flow and could be the result of non-optimal XDC constraints or non-optimal design architecture
Related violations: <none>

TIMING-16#139 Warning
Large setup violation  
There is a large setup violation of -1.189 ns between design_1_i/pipelined_layer_proc_0/inst/grp_dataflow_parent_loop_proc_fu_232/dataflow_in_loop_Depth_Loop_U0/compute_systolic_U0/grp_compute_systolic_Pipeline_Pulse_fu_3978/flow_control_loop_pipe_sequential_init_U/ap_loop_init_int_reg_replica_2/C (clocked by clk_fpga_0) and design_1_i/pipelined_layer_proc_0/inst/grp_dataflow_parent_loop_proc_fu_232/dataflow_in_loop_Depth_Loop_U0/compute_systolic_U0/grp_compute_systolic_Pipeline_Pulse_fu_3978/h_wires_V_7_reg_15407_reg[3]/D (clocked by clk_fpga_0). Large setup violations at the end of those stages might be difficult to fix during the post-placement implementation flow and could be the result of non-optimal XDC constraints or non-optimal design architecture
Related violations: <none>

TIMING-16#140 Warning
Large setup violation  
There is a large setup violation of -1.196 ns between design_1_i/pipelined_layer_proc_0/inst/grp_dataflow_parent_loop_proc_fu_232/dataflow_in_loop_Depth_Loop_U0/compute_systolic_U0/ap_CS_fsm_reg[3]/C (clocked by clk_fpga_0) and design_1_i/pipelined_layer_proc_0/inst/grp_dataflow_parent_loop_proc_fu_232/dataflow_in_loop_Depth_Loop_U0/compute_systolic_U0/big_tile_A_15_load_reg_15034_reg[56]/CE (clocked by clk_fpga_0). Large setup violations at the end of those stages might be difficult to fix during the post-placement implementation flow and could be the result of non-optimal XDC constraints or non-optimal design architecture
Related violations: <none>

TIMING-16#141 Warning
Large setup violation  
There is a large setup violation of -1.196 ns between design_1_i/pipelined_layer_proc_0/inst/grp_dataflow_parent_loop_proc_fu_232/dataflow_in_loop_Depth_Loop_U0/compute_systolic_U0/ap_CS_fsm_reg[3]/C (clocked by clk_fpga_0) and design_1_i/pipelined_layer_proc_0/inst/grp_dataflow_parent_loop_proc_fu_232/dataflow_in_loop_Depth_Loop_U0/compute_systolic_U0/big_tile_A_15_load_reg_15034_reg[8]/CE (clocked by clk_fpga_0). Large setup violations at the end of those stages might be difficult to fix during the post-placement implementation flow and could be the result of non-optimal XDC constraints or non-optimal design architecture
Related violations: <none>

TIMING-16#142 Warning
Large setup violation  
There is a large setup violation of -1.196 ns between design_1_i/pipelined_layer_proc_0/inst/grp_dataflow_parent_loop_proc_fu_232/dataflow_in_loop_Depth_Loop_U0/compute_systolic_U0/ap_CS_fsm_reg[3]/C (clocked by clk_fpga_0) and design_1_i/pipelined_layer_proc_0/inst/grp_dataflow_parent_loop_proc_fu_232/dataflow_in_loop_Depth_Loop_U0/compute_systolic_U0/big_tile_A_1_load_reg_14964_reg[51]/CE (clocked by clk_fpga_0). Large setup violations at the end of those stages might be difficult to fix during the post-placement implementation flow and could be the result of non-optimal XDC constraints or non-optimal design architecture
Related violations: <none>

TIMING-16#143 Warning
Large setup violation  
There is a large setup violation of -1.203 ns between design_1_i/pipelined_layer_proc_0/inst/grp_dataflow_parent_loop_proc_fu_232/dataflow_in_loop_Depth_Loop_U0/compute_systolic_U0/grp_compute_systolic_Pipeline_Load_Cache_Row_fu_3428_ap_start_reg_reg/C (clocked by clk_fpga_0) and design_1_i/pipelined_layer_proc_0/inst/grp_dataflow_parent_loop_proc_fu_232/dataflow_in_loop_Depth_Loop_U0/compute_systolic_U0/grp_compute_systolic_Pipeline_Load_Cache_Row_fu_3428/local_regs_V_613_fu_1604_reg[1]/CE (clocked by clk_fpga_0). Large setup violations at the end of those stages might be difficult to fix during the post-placement implementation flow and could be the result of non-optimal XDC constraints or non-optimal design architecture
Related violations: <none>

TIMING-16#144 Warning
Large setup violation  
There is a large setup violation of -1.203 ns between design_1_i/pipelined_layer_proc_0/inst/grp_dataflow_parent_loop_proc_fu_232/dataflow_in_loop_Depth_Loop_U0/compute_systolic_U0/grp_compute_systolic_Pipeline_Load_Cache_Row_fu_3428_ap_start_reg_reg/C (clocked by clk_fpga_0) and design_1_i/pipelined_layer_proc_0/inst/grp_dataflow_parent_loop_proc_fu_232/dataflow_in_loop_Depth_Loop_U0/compute_systolic_U0/grp_compute_systolic_Pipeline_Load_Cache_Row_fu_3428/local_regs_V_613_fu_1604_reg[23]/CE (clocked by clk_fpga_0). Large setup violations at the end of those stages might be difficult to fix during the post-placement implementation flow and could be the result of non-optimal XDC constraints or non-optimal design architecture
Related violations: <none>

TIMING-16#145 Warning
Large setup violation  
There is a large setup violation of -1.203 ns between design_1_i/pipelined_layer_proc_0/inst/grp_dataflow_parent_loop_proc_fu_232/dataflow_in_loop_Depth_Loop_U0/compute_systolic_U0/grp_compute_systolic_Pipeline_Load_Cache_Row_fu_3428_ap_start_reg_reg/C (clocked by clk_fpga_0) and design_1_i/pipelined_layer_proc_0/inst/grp_dataflow_parent_loop_proc_fu_232/dataflow_in_loop_Depth_Loop_U0/compute_systolic_U0/grp_compute_systolic_Pipeline_Load_Cache_Row_fu_3428/local_regs_V_613_fu_1604_reg[2]/CE (clocked by clk_fpga_0). Large setup violations at the end of those stages might be difficult to fix during the post-placement implementation flow and could be the result of non-optimal XDC constraints or non-optimal design architecture
Related violations: <none>

TIMING-16#146 Warning
Large setup violation  
There is a large setup violation of -1.203 ns between design_1_i/pipelined_layer_proc_0/inst/grp_dataflow_parent_loop_proc_fu_232/dataflow_in_loop_Depth_Loop_U0/compute_systolic_U0/grp_compute_systolic_Pipeline_Load_Cache_Row_fu_3428_ap_start_reg_reg/C (clocked by clk_fpga_0) and design_1_i/pipelined_layer_proc_0/inst/grp_dataflow_parent_loop_proc_fu_232/dataflow_in_loop_Depth_Loop_U0/compute_systolic_U0/grp_compute_systolic_Pipeline_Load_Cache_Row_fu_3428/local_regs_V_613_fu_1604_reg[3]/CE (clocked by clk_fpga_0). Large setup violations at the end of those stages might be difficult to fix during the post-placement implementation flow and could be the result of non-optimal XDC constraints or non-optimal design architecture
Related violations: <none>

TIMING-16#147 Warning
Large setup violation  
There is a large setup violation of -1.206 ns between design_1_i/pipelined_layer_proc_0/inst/grp_dataflow_parent_loop_proc_fu_232/dataflow_in_loop_Depth_Loop_U0/compute_systolic_U0/grp_compute_systolic_Pipeline_Load_Cache_Row_fu_3428_ap_start_reg_reg/C (clocked by clk_fpga_0) and design_1_i/pipelined_layer_proc_0/inst/grp_dataflow_parent_loop_proc_fu_232/dataflow_in_loop_Depth_Loop_U0/compute_systolic_U0/grp_compute_systolic_Pipeline_Load_Cache_Row_fu_3428/local_regs_V_678_fu_1864_reg[30]/D (clocked by clk_fpga_0). Large setup violations at the end of those stages might be difficult to fix during the post-placement implementation flow and could be the result of non-optimal XDC constraints or non-optimal design architecture
Related violations: <none>

TIMING-16#148 Warning
Large setup violation  
There is a large setup violation of -1.212 ns between design_1_i/pipelined_layer_proc_0/inst/gmem0_m_axi_U/bus_write/wreq_throttle/data_fifo/raddr_reg[2]_rep/C (clocked by clk_fpga_0) and design_1_i/pipelined_layer_proc_0/inst/gmem0_m_axi_U/bus_write/wreq_throttle/data_fifo/U_fifo_srl/dout_reg[98]/D (clocked by clk_fpga_0). Large setup violations at the end of those stages might be difficult to fix during the post-placement implementation flow and could be the result of non-optimal XDC constraints or non-optimal design architecture
Related violations: <none>

TIMING-16#149 Warning
Large setup violation  
There is a large setup violation of -1.213 ns between design_1_i/pipelined_layer_proc_0/inst/grp_dataflow_parent_loop_proc_fu_232/dataflow_in_loop_Depth_Loop_U0/tile_A_V_3_U/reg_valid0_reg/C (clocked by clk_fpga_0) and design_1_i/pipelined_layer_proc_0/inst/grp_dataflow_parent_loop_proc_fu_232/dataflow_in_loop_Depth_Loop_U0/compute_systolic_U0/big_tile_A_4_load_reg_14979_reg[96]/D (clocked by clk_fpga_0). Large setup violations at the end of those stages might be difficult to fix during the post-placement implementation flow and could be the result of non-optimal XDC constraints or non-optimal design architecture
Related violations: <none>

TIMING-16#150 Warning
Large setup violation  
There is a large setup violation of -1.214 ns between design_1_i/pipelined_layer_proc_0/inst/grp_dataflow_parent_loop_proc_fu_232/dataflow_in_loop_Depth_Loop_U0/tile_A_V_3_U/reg_valid0_reg/C (clocked by clk_fpga_0) and design_1_i/pipelined_layer_proc_0/inst/grp_dataflow_parent_loop_proc_fu_232/dataflow_in_loop_Depth_Loop_U0/compute_systolic_U0/big_tile_A_4_load_reg_14979_reg[81]/D (clocked by clk_fpga_0). Large setup violations at the end of those stages might be difficult to fix during the post-placement implementation flow and could be the result of non-optimal XDC constraints or non-optimal design architecture
Related violations: <none>

TIMING-16#151 Warning
Large setup violation  
There is a large setup violation of -1.216 ns between design_1_i/pipelined_layer_proc_0/inst/grp_dataflow_parent_loop_proc_fu_232/dataflow_in_loop_Depth_Loop_U0/tile_A_V_3_U/reg_valid0_reg/C (clocked by clk_fpga_0) and design_1_i/pipelined_layer_proc_0/inst/grp_dataflow_parent_loop_proc_fu_232/dataflow_in_loop_Depth_Loop_U0/compute_systolic_U0/big_tile_A_8_load_reg_14999_reg[24]/D (clocked by clk_fpga_0). Large setup violations at the end of those stages might be difficult to fix during the post-placement implementation flow and could be the result of non-optimal XDC constraints or non-optimal design architecture
Related violations: <none>

TIMING-16#152 Warning
Large setup violation  
There is a large setup violation of -1.218 ns between design_1_i/pipelined_layer_proc_0/inst/grp_dataflow_parent_loop_proc_fu_232/dataflow_in_loop_Depth_Loop_U0/compute_systolic_U0/ap_CS_fsm_reg[3]/C (clocked by clk_fpga_0) and design_1_i/pipelined_layer_proc_0/inst/grp_dataflow_parent_loop_proc_fu_232/dataflow_in_loop_Depth_Loop_U0/compute_systolic_U0/big_tile_A_0_load_reg_14959_reg[131]/CE (clocked by clk_fpga_0). Large setup violations at the end of those stages might be difficult to fix during the post-placement implementation flow and could be the result of non-optimal XDC constraints or non-optimal design architecture
Related violations: <none>

TIMING-16#153 Warning
Large setup violation  
There is a large setup violation of -1.218 ns between design_1_i/pipelined_layer_proc_0/inst/grp_dataflow_parent_loop_proc_fu_232/dataflow_in_loop_Depth_Loop_U0/compute_systolic_U0/ap_CS_fsm_reg[3]/C (clocked by clk_fpga_0) and design_1_i/pipelined_layer_proc_0/inst/grp_dataflow_parent_loop_proc_fu_232/dataflow_in_loop_Depth_Loop_U0/compute_systolic_U0/big_tile_A_0_load_reg_14959_reg[96]/CE (clocked by clk_fpga_0). Large setup violations at the end of those stages might be difficult to fix during the post-placement implementation flow and could be the result of non-optimal XDC constraints or non-optimal design architecture
Related violations: <none>

TIMING-16#154 Warning
Large setup violation  
There is a large setup violation of -1.218 ns between design_1_i/pipelined_layer_proc_0/inst/grp_dataflow_parent_loop_proc_fu_232/dataflow_in_loop_Depth_Loop_U0/compute_systolic_U0/ap_CS_fsm_reg[3]/C (clocked by clk_fpga_0) and design_1_i/pipelined_layer_proc_0/inst/grp_dataflow_parent_loop_proc_fu_232/dataflow_in_loop_Depth_Loop_U0/compute_systolic_U0/big_tile_A_0_load_reg_14959_reg[99]/CE (clocked by clk_fpga_0). Large setup violations at the end of those stages might be difficult to fix during the post-placement implementation flow and could be the result of non-optimal XDC constraints or non-optimal design architecture
Related violations: <none>

TIMING-16#155 Warning
Large setup violation  
There is a large setup violation of -1.219 ns between design_1_i/pipelined_layer_proc_0/inst/grp_dataflow_parent_loop_proc_fu_232/dataflow_in_loop_Depth_Loop_U0/compute_systolic_U0/grp_compute_systolic_Pipeline_Load_Cache_Row_fu_3428_ap_start_reg_reg/C (clocked by clk_fpga_0) and design_1_i/pipelined_layer_proc_0/inst/grp_dataflow_parent_loop_proc_fu_232/dataflow_in_loop_Depth_Loop_U0/compute_systolic_U0/grp_compute_systolic_Pipeline_Load_Cache_Row_fu_3428/local_regs_V_620_fu_1632_reg[7]/CE (clocked by clk_fpga_0). Large setup violations at the end of those stages might be difficult to fix during the post-placement implementation flow and could be the result of non-optimal XDC constraints or non-optimal design architecture
Related violations: <none>

TIMING-16#156 Warning
Large setup violation  
There is a large setup violation of -1.219 ns between design_1_i/pipelined_layer_proc_0/inst/grp_dataflow_parent_loop_proc_fu_232/dataflow_in_loop_Depth_Loop_U0/compute_systolic_U0/grp_compute_systolic_Pipeline_Load_Cache_Row_fu_3428_ap_start_reg_reg/C (clocked by clk_fpga_0) and design_1_i/pipelined_layer_proc_0/inst/grp_dataflow_parent_loop_proc_fu_232/dataflow_in_loop_Depth_Loop_U0/compute_systolic_U0/grp_compute_systolic_Pipeline_Load_Cache_Row_fu_3428/local_regs_V_621_fu_1636_reg[10]/CE (clocked by clk_fpga_0). Large setup violations at the end of those stages might be difficult to fix during the post-placement implementation flow and could be the result of non-optimal XDC constraints or non-optimal design architecture
Related violations: <none>

TIMING-16#157 Warning
Large setup violation  
There is a large setup violation of -1.219 ns between design_1_i/pipelined_layer_proc_0/inst/grp_dataflow_parent_loop_proc_fu_232/dataflow_in_loop_Depth_Loop_U0/compute_systolic_U0/grp_compute_systolic_Pipeline_Load_Cache_Row_fu_3428_ap_start_reg_reg/C (clocked by clk_fpga_0) and design_1_i/pipelined_layer_proc_0/inst/grp_dataflow_parent_loop_proc_fu_232/dataflow_in_loop_Depth_Loop_U0/compute_systolic_U0/grp_compute_systolic_Pipeline_Load_Cache_Row_fu_3428/local_regs_V_621_fu_1636_reg[22]/CE (clocked by clk_fpga_0). Large setup violations at the end of those stages might be difficult to fix during the post-placement implementation flow and could be the result of non-optimal XDC constraints or non-optimal design architecture
Related violations: <none>

TIMING-16#158 Warning
Large setup violation  
There is a large setup violation of -1.219 ns between design_1_i/pipelined_layer_proc_0/inst/grp_dataflow_parent_loop_proc_fu_232/dataflow_in_loop_Depth_Loop_U0/compute_systolic_U0/grp_compute_systolic_Pipeline_Load_Cache_Row_fu_3428_ap_start_reg_reg/C (clocked by clk_fpga_0) and design_1_i/pipelined_layer_proc_0/inst/grp_dataflow_parent_loop_proc_fu_232/dataflow_in_loop_Depth_Loop_U0/compute_systolic_U0/grp_compute_systolic_Pipeline_Load_Cache_Row_fu_3428/local_regs_V_621_fu_1636_reg[23]/CE (clocked by clk_fpga_0). Large setup violations at the end of those stages might be difficult to fix during the post-placement implementation flow and could be the result of non-optimal XDC constraints or non-optimal design architecture
Related violations: <none>

TIMING-16#159 Warning
Large setup violation  
There is a large setup violation of -1.219 ns between design_1_i/pipelined_layer_proc_0/inst/grp_dataflow_parent_loop_proc_fu_232/dataflow_in_loop_Depth_Loop_U0/compute_systolic_U0/grp_compute_systolic_Pipeline_Load_Cache_Row_fu_3428_ap_start_reg_reg/C (clocked by clk_fpga_0) and design_1_i/pipelined_layer_proc_0/inst/grp_dataflow_parent_loop_proc_fu_232/dataflow_in_loop_Depth_Loop_U0/compute_systolic_U0/grp_compute_systolic_Pipeline_Load_Cache_Row_fu_3428/local_regs_V_621_fu_1636_reg[3]/CE (clocked by clk_fpga_0). Large setup violations at the end of those stages might be difficult to fix during the post-placement implementation flow and could be the result of non-optimal XDC constraints or non-optimal design architecture
Related violations: <none>

TIMING-16#160 Warning
Large setup violation  
There is a large setup violation of -1.219 ns between design_1_i/pipelined_layer_proc_0/inst/grp_dataflow_parent_loop_proc_fu_232/dataflow_in_loop_Depth_Loop_U0/compute_systolic_U0/grp_compute_systolic_Pipeline_Load_Cache_Row_fu_3428_ap_start_reg_reg/C (clocked by clk_fpga_0) and design_1_i/pipelined_layer_proc_0/inst/grp_dataflow_parent_loop_proc_fu_232/dataflow_in_loop_Depth_Loop_U0/compute_systolic_U0/grp_compute_systolic_Pipeline_Load_Cache_Row_fu_3428/local_regs_V_621_fu_1636_reg[4]/CE (clocked by clk_fpga_0). Large setup violations at the end of those stages might be difficult to fix during the post-placement implementation flow and could be the result of non-optimal XDC constraints or non-optimal design architecture
Related violations: <none>

TIMING-16#161 Warning
Large setup violation  
There is a large setup violation of -1.219 ns between design_1_i/pipelined_layer_proc_0/inst/grp_dataflow_parent_loop_proc_fu_232/dataflow_in_loop_Depth_Loop_U0/compute_systolic_U0/grp_compute_systolic_Pipeline_Load_Cache_Row_fu_3428_ap_start_reg_reg/C (clocked by clk_fpga_0) and design_1_i/pipelined_layer_proc_0/inst/grp_dataflow_parent_loop_proc_fu_232/dataflow_in_loop_Depth_Loop_U0/compute_systolic_U0/grp_compute_systolic_Pipeline_Load_Cache_Row_fu_3428/local_regs_V_621_fu_1636_reg[6]/CE (clocked by clk_fpga_0). Large setup violations at the end of those stages might be difficult to fix during the post-placement implementation flow and could be the result of non-optimal XDC constraints or non-optimal design architecture
Related violations: <none>

TIMING-16#162 Warning
Large setup violation  
There is a large setup violation of -1.219 ns between design_1_i/pipelined_layer_proc_0/inst/grp_dataflow_parent_loop_proc_fu_232/dataflow_in_loop_Depth_Loop_U0/compute_systolic_U0/grp_compute_systolic_Pipeline_Load_Cache_Row_fu_3428_ap_start_reg_reg/C (clocked by clk_fpga_0) and design_1_i/pipelined_layer_proc_0/inst/grp_dataflow_parent_loop_proc_fu_232/dataflow_in_loop_Depth_Loop_U0/compute_systolic_U0/grp_compute_systolic_Pipeline_Load_Cache_Row_fu_3428/local_regs_V_621_fu_1636_reg[9]/CE (clocked by clk_fpga_0). Large setup violations at the end of those stages might be difficult to fix during the post-placement implementation flow and could be the result of non-optimal XDC constraints or non-optimal design architecture
Related violations: <none>

TIMING-16#163 Warning
Large setup violation  
There is a large setup violation of -1.221 ns between design_1_i/pipelined_layer_proc_0/inst/grp_dataflow_parent_loop_proc_fu_232/dataflow_in_loop_Depth_Loop_U0/compute_systolic_U0/ap_CS_fsm_reg[3]/C (clocked by clk_fpga_0) and design_1_i/pipelined_layer_proc_0/inst/grp_dataflow_parent_loop_proc_fu_232/dataflow_in_loop_Depth_Loop_U0/compute_systolic_U0/big_tile_A_0_load_reg_14959_reg[100]/CE (clocked by clk_fpga_0). Large setup violations at the end of those stages might be difficult to fix during the post-placement implementation flow and could be the result of non-optimal XDC constraints or non-optimal design architecture
Related violations: <none>

TIMING-16#164 Warning
Large setup violation  
There is a large setup violation of -1.221 ns between design_1_i/pipelined_layer_proc_0/inst/grp_dataflow_parent_loop_proc_fu_232/dataflow_in_loop_Depth_Loop_U0/compute_systolic_U0/ap_CS_fsm_reg[3]/C (clocked by clk_fpga_0) and design_1_i/pipelined_layer_proc_0/inst/grp_dataflow_parent_loop_proc_fu_232/dataflow_in_loop_Depth_Loop_U0/compute_systolic_U0/big_tile_A_13_load_reg_15024_reg[55]/CE (clocked by clk_fpga_0). Large setup violations at the end of those stages might be difficult to fix during the post-placement implementation flow and could be the result of non-optimal XDC constraints or non-optimal design architecture
Related violations: <none>

TIMING-16#165 Warning
Large setup violation  
There is a large setup violation of -1.224 ns between design_1_i/pipelined_layer_proc_0/inst/grp_dataflow_parent_loop_proc_fu_232/dataflow_in_loop_Depth_Loop_U0/compute_systolic_U0/grp_compute_systolic_Pipeline_Load_Cache_Row_fu_3428_ap_start_reg_reg/C (clocked by clk_fpga_0) and design_1_i/pipelined_layer_proc_0/inst/grp_dataflow_parent_loop_proc_fu_232/dataflow_in_loop_Depth_Loop_U0/compute_systolic_U0/grp_compute_systolic_Pipeline_Load_Cache_Row_fu_3428/local_regs_V_550_fu_1352_reg[9]/D (clocked by clk_fpga_0). Large setup violations at the end of those stages might be difficult to fix during the post-placement implementation flow and could be the result of non-optimal XDC constraints or non-optimal design architecture
Related violations: <none>

TIMING-16#166 Warning
Large setup violation  
There is a large setup violation of -1.224 ns between design_1_i/pipelined_layer_proc_0/inst/grp_dataflow_parent_loop_proc_fu_232/dataflow_in_loop_Depth_Loop_U0/compute_systolic_U0/grp_compute_systolic_Pipeline_Load_Cache_Row_fu_3428_ap_start_reg_reg/C (clocked by clk_fpga_0) and design_1_i/pipelined_layer_proc_0/inst/grp_dataflow_parent_loop_proc_fu_232/dataflow_in_loop_Depth_Loop_U0/compute_systolic_U0/grp_compute_systolic_Pipeline_Load_Cache_Row_fu_3428/local_regs_V_643_fu_1724_reg[27]/D (clocked by clk_fpga_0). Large setup violations at the end of those stages might be difficult to fix during the post-placement implementation flow and could be the result of non-optimal XDC constraints or non-optimal design architecture
Related violations: <none>

TIMING-16#167 Warning
Large setup violation  
There is a large setup violation of -1.226 ns between design_1_i/pipelined_layer_proc_0/inst/grp_dataflow_parent_loop_proc_fu_232/dataflow_in_loop_Depth_Loop_U0/compute_systolic_U0/grp_compute_systolic_Pipeline_Load_Cache_Row_fu_3428_ap_start_reg_reg/C (clocked by clk_fpga_0) and design_1_i/pipelined_layer_proc_0/inst/grp_dataflow_parent_loop_proc_fu_232/dataflow_in_loop_Depth_Loop_U0/compute_systolic_U0/grp_compute_systolic_Pipeline_Load_Cache_Row_fu_3428/local_regs_V_522_fu_1240_reg[3]/D (clocked by clk_fpga_0). Large setup violations at the end of those stages might be difficult to fix during the post-placement implementation flow and could be the result of non-optimal XDC constraints or non-optimal design architecture
Related violations: <none>

TIMING-16#168 Warning
Large setup violation  
There is a large setup violation of -1.229 ns between design_1_i/pipelined_layer_proc_0/inst/grp_dataflow_parent_loop_proc_fu_232/dataflow_in_loop_Depth_Loop_U0/compute_systolic_U0/grp_compute_systolic_Pipeline_Pulse_fu_3978_ap_start_reg_reg_replica_13/C (clocked by clk_fpga_0) and design_1_i/pipelined_layer_proc_0/inst/grp_dataflow_parent_loop_proc_fu_232/dataflow_in_loop_Depth_Loop_U0/compute_systolic_U0/grp_compute_systolic_Pipeline_Pulse_fu_3978/local_regs_V_13_fu_2630_reg[23]/CE (clocked by clk_fpga_0). Large setup violations at the end of those stages might be difficult to fix during the post-placement implementation flow and could be the result of non-optimal XDC constraints or non-optimal design architecture
Related violations: <none>

TIMING-16#169 Warning
Large setup violation  
There is a large setup violation of -1.230 ns between design_1_i/pipelined_layer_proc_0/inst/grp_dataflow_parent_loop_proc_fu_232/dataflow_in_loop_Depth_Loop_U0/compute_systolic_U0/grp_compute_systolic_Pipeline_Load_Cache_Row_fu_3428_ap_start_reg_reg/C (clocked by clk_fpga_0) and design_1_i/pipelined_layer_proc_0/inst/grp_dataflow_parent_loop_proc_fu_232/dataflow_in_loop_Depth_Loop_U0/compute_systolic_U0/grp_compute_systolic_Pipeline_Load_Cache_Row_fu_3428/local_regs_V_550_fu_1352_reg[31]/D (clocked by clk_fpga_0). Large setup violations at the end of those stages might be difficult to fix during the post-placement implementation flow and could be the result of non-optimal XDC constraints or non-optimal design architecture
Related violations: <none>

TIMING-16#170 Warning
Large setup violation  
There is a large setup violation of -1.231 ns between design_1_i/pipelined_layer_proc_0/inst/grp_dataflow_parent_loop_proc_fu_232/dataflow_in_loop_Depth_Loop_U0/tile_A_V_3_U/reg_valid0_reg/C (clocked by clk_fpga_0) and design_1_i/pipelined_layer_proc_0/inst/grp_dataflow_parent_loop_proc_fu_232/dataflow_in_loop_Depth_Loop_U0/compute_systolic_U0/big_tile_A_4_load_reg_14979_reg[106]/D (clocked by clk_fpga_0). Large setup violations at the end of those stages might be difficult to fix during the post-placement implementation flow and could be the result of non-optimal XDC constraints or non-optimal design architecture
Related violations: <none>

TIMING-16#171 Warning
Large setup violation  
There is a large setup violation of -1.231 ns between design_1_i/pipelined_layer_proc_0/inst/grp_dataflow_parent_loop_proc_fu_232/dataflow_in_loop_Depth_Loop_U0/tile_A_V_3_U/reg_valid0_reg/C (clocked by clk_fpga_0) and design_1_i/pipelined_layer_proc_0/inst/grp_dataflow_parent_loop_proc_fu_232/dataflow_in_loop_Depth_Loop_U0/compute_systolic_U0/big_tile_A_4_load_reg_14979_reg[95]/D (clocked by clk_fpga_0). Large setup violations at the end of those stages might be difficult to fix during the post-placement implementation flow and could be the result of non-optimal XDC constraints or non-optimal design architecture
Related violations: <none>

TIMING-16#172 Warning
Large setup violation  
There is a large setup violation of -1.234 ns between design_1_i/pipelined_layer_proc_0/inst/gmem0_m_axi_U/bus_write/wreq_throttle/data_fifo/raddr_reg[0]_rep/C (clocked by clk_fpga_0) and design_1_i/pipelined_layer_proc_0/inst/gmem0_m_axi_U/bus_write/wreq_throttle/data_fifo/U_fifo_srl/dout_reg[99]/D (clocked by clk_fpga_0). Large setup violations at the end of those stages might be difficult to fix during the post-placement implementation flow and could be the result of non-optimal XDC constraints or non-optimal design architecture
Related violations: <none>

TIMING-16#173 Warning
Large setup violation  
There is a large setup violation of -1.234 ns between design_1_i/pipelined_layer_proc_0/inst/grp_dataflow_parent_loop_proc_fu_232/dataflow_in_loop_Depth_Loop_U0/compute_systolic_U0/ap_CS_fsm_reg[3]/C (clocked by clk_fpga_0) and design_1_i/pipelined_layer_proc_0/inst/grp_dataflow_parent_loop_proc_fu_232/dataflow_in_loop_Depth_Loop_U0/compute_systolic_U0/big_tile_A_13_load_reg_15024_reg[235]/CE (clocked by clk_fpga_0). Large setup violations at the end of those stages might be difficult to fix during the post-placement implementation flow and could be the result of non-optimal XDC constraints or non-optimal design architecture
Related violations: <none>

TIMING-16#174 Warning
Large setup violation  
There is a large setup violation of -1.234 ns between design_1_i/pipelined_layer_proc_0/inst/grp_dataflow_parent_loop_proc_fu_232/dataflow_in_loop_Depth_Loop_U0/compute_systolic_U0/ap_CS_fsm_reg[3]/C (clocked by clk_fpga_0) and design_1_i/pipelined_layer_proc_0/inst/grp_dataflow_parent_loop_proc_fu_232/dataflow_in_loop_Depth_Loop_U0/compute_systolic_U0/big_tile_A_13_load_reg_15024_reg[238]/CE (clocked by clk_fpga_0). Large setup violations at the end of those stages might be difficult to fix during the post-placement implementation flow and could be the result of non-optimal XDC constraints or non-optimal design architecture
Related violations: <none>

TIMING-16#175 Warning
Large setup violation  
There is a large setup violation of -1.234 ns between design_1_i/pipelined_layer_proc_0/inst/grp_dataflow_parent_loop_proc_fu_232/dataflow_in_loop_Depth_Loop_U0/compute_systolic_U0/ap_CS_fsm_reg[3]/C (clocked by clk_fpga_0) and design_1_i/pipelined_layer_proc_0/inst/grp_dataflow_parent_loop_proc_fu_232/dataflow_in_loop_Depth_Loop_U0/compute_systolic_U0/big_tile_A_13_load_reg_15024_reg[241]/CE (clocked by clk_fpga_0). Large setup violations at the end of those stages might be difficult to fix during the post-placement implementation flow and could be the result of non-optimal XDC constraints or non-optimal design architecture
Related violations: <none>

TIMING-16#176 Warning
Large setup violation  
There is a large setup violation of -1.234 ns between design_1_i/pipelined_layer_proc_0/inst/grp_dataflow_parent_loop_proc_fu_232/dataflow_in_loop_Depth_Loop_U0/compute_systolic_U0/ap_CS_fsm_reg[3]/C (clocked by clk_fpga_0) and design_1_i/pipelined_layer_proc_0/inst/grp_dataflow_parent_loop_proc_fu_232/dataflow_in_loop_Depth_Loop_U0/compute_systolic_U0/big_tile_A_13_load_reg_15024_reg[249]/CE (clocked by clk_fpga_0). Large setup violations at the end of those stages might be difficult to fix during the post-placement implementation flow and could be the result of non-optimal XDC constraints or non-optimal design architecture
Related violations: <none>

TIMING-16#177 Warning
Large setup violation  
There is a large setup violation of -1.234 ns between design_1_i/pipelined_layer_proc_0/inst/grp_dataflow_parent_loop_proc_fu_232/dataflow_in_loop_Depth_Loop_U0/tile_A_V_3_U/reg_valid0_reg/C (clocked by clk_fpga_0) and design_1_i/pipelined_layer_proc_0/inst/grp_dataflow_parent_loop_proc_fu_232/dataflow_in_loop_Depth_Loop_U0/compute_systolic_U0/big_tile_A_15_load_reg_15034_reg[209]/D (clocked by clk_fpga_0). Large setup violations at the end of those stages might be difficult to fix during the post-placement implementation flow and could be the result of non-optimal XDC constraints or non-optimal design architecture
Related violations: <none>

TIMING-16#178 Warning
Large setup violation  
There is a large setup violation of -1.237 ns between design_1_i/pipelined_layer_proc_0/inst/gmem0_m_axi_U/bus_write/wreq_throttle/data_fifo/raddr_reg[0]_rep/C (clocked by clk_fpga_0) and design_1_i/pipelined_layer_proc_0/inst/gmem0_m_axi_U/bus_write/wreq_throttle/data_fifo/U_fifo_srl/dout_reg[110]/D (clocked by clk_fpga_0). Large setup violations at the end of those stages might be difficult to fix during the post-placement implementation flow and could be the result of non-optimal XDC constraints or non-optimal design architecture
Related violations: <none>

TIMING-16#179 Warning
Large setup violation  
There is a large setup violation of -1.237 ns between design_1_i/pipelined_layer_proc_0/inst/grp_dataflow_parent_loop_proc_fu_232/dataflow_in_loop_Depth_Loop_U0/tile_A_V_3_U/reg_valid0_reg/C (clocked by clk_fpga_0) and design_1_i/pipelined_layer_proc_0/inst/grp_dataflow_parent_loop_proc_fu_232/dataflow_in_loop_Depth_Loop_U0/compute_systolic_U0/big_tile_A_8_load_reg_14999_reg[14]/D (clocked by clk_fpga_0). Large setup violations at the end of those stages might be difficult to fix during the post-placement implementation flow and could be the result of non-optimal XDC constraints or non-optimal design architecture
Related violations: <none>

TIMING-16#180 Warning
Large setup violation  
There is a large setup violation of -1.237 ns between design_1_i/pipelined_layer_proc_0/inst/grp_dataflow_parent_loop_proc_fu_232/dataflow_in_loop_Depth_Loop_U0/tile_A_V_3_U/reg_valid0_reg/C (clocked by clk_fpga_0) and design_1_i/pipelined_layer_proc_0/inst/grp_dataflow_parent_loop_proc_fu_232/dataflow_in_loop_Depth_Loop_U0/compute_systolic_U0/big_tile_A_8_load_reg_14999_reg[18]/D (clocked by clk_fpga_0). Large setup violations at the end of those stages might be difficult to fix during the post-placement implementation flow and could be the result of non-optimal XDC constraints or non-optimal design architecture
Related violations: <none>

TIMING-16#181 Warning
Large setup violation  
There is a large setup violation of -1.238 ns between design_1_i/pipelined_layer_proc_0/inst/grp_dataflow_parent_loop_proc_fu_232/dataflow_in_loop_Depth_Loop_U0/tile_A_V_3_U/reg_valid0_reg/C (clocked by clk_fpga_0) and design_1_i/pipelined_layer_proc_0/inst/grp_dataflow_parent_loop_proc_fu_232/dataflow_in_loop_Depth_Loop_U0/compute_systolic_U0/big_tile_A_15_load_reg_15034_reg[171]/D (clocked by clk_fpga_0). Large setup violations at the end of those stages might be difficult to fix during the post-placement implementation flow and could be the result of non-optimal XDC constraints or non-optimal design architecture
Related violations: <none>

TIMING-16#182 Warning
Large setup violation  
There is a large setup violation of -1.239 ns between design_1_i/pipelined_layer_proc_0/inst/grp_dataflow_parent_loop_proc_fu_232/dataflow_in_loop_Depth_Loop_U0/compute_systolic_U0/grp_compute_systolic_Pipeline_Load_Cache_Row_fu_3428_ap_start_reg_reg/C (clocked by clk_fpga_0) and design_1_i/pipelined_layer_proc_0/inst/grp_dataflow_parent_loop_proc_fu_232/dataflow_in_loop_Depth_Loop_U0/compute_systolic_U0/grp_compute_systolic_Pipeline_Load_Cache_Row_fu_3428/local_regs_V_650_fu_1752_reg[15]/D (clocked by clk_fpga_0). Large setup violations at the end of those stages might be difficult to fix during the post-placement implementation flow and could be the result of non-optimal XDC constraints or non-optimal design architecture
Related violations: <none>

TIMING-16#183 Warning
Large setup violation  
There is a large setup violation of -1.248 ns between design_1_i/pipelined_layer_proc_0/inst/grp_dataflow_parent_loop_proc_fu_232/dataflow_in_loop_Depth_Loop_U0/compute_systolic_U0/grp_compute_systolic_Pipeline_Pulse_fu_3978_ap_start_reg_reg_replica_13/C (clocked by clk_fpga_0) and design_1_i/pipelined_layer_proc_0/inst/grp_dataflow_parent_loop_proc_fu_232/dataflow_in_loop_Depth_Loop_U0/compute_systolic_U0/grp_compute_systolic_Pipeline_Pulse_fu_3978/local_regs_V_145_fu_2102_reg[14]/CE (clocked by clk_fpga_0). Large setup violations at the end of those stages might be difficult to fix during the post-placement implementation flow and could be the result of non-optimal XDC constraints or non-optimal design architecture
Related violations: <none>

TIMING-16#184 Warning
Large setup violation  
There is a large setup violation of -1.248 ns between design_1_i/pipelined_layer_proc_0/inst/grp_dataflow_parent_loop_proc_fu_232/dataflow_in_loop_Depth_Loop_U0/compute_systolic_U0/grp_compute_systolic_Pipeline_Pulse_fu_3978_ap_start_reg_reg_replica_13/C (clocked by clk_fpga_0) and design_1_i/pipelined_layer_proc_0/inst/grp_dataflow_parent_loop_proc_fu_232/dataflow_in_loop_Depth_Loop_U0/compute_systolic_U0/grp_compute_systolic_Pipeline_Pulse_fu_3978/local_regs_V_145_fu_2102_reg[24]/CE (clocked by clk_fpga_0). Large setup violations at the end of those stages might be difficult to fix during the post-placement implementation flow and could be the result of non-optimal XDC constraints or non-optimal design architecture
Related violations: <none>

TIMING-16#185 Warning
Large setup violation  
There is a large setup violation of -1.248 ns between design_1_i/pipelined_layer_proc_0/inst/grp_dataflow_parent_loop_proc_fu_232/dataflow_in_loop_Depth_Loop_U0/compute_systolic_U0/grp_compute_systolic_Pipeline_Pulse_fu_3978_ap_start_reg_reg_replica_13/C (clocked by clk_fpga_0) and design_1_i/pipelined_layer_proc_0/inst/grp_dataflow_parent_loop_proc_fu_232/dataflow_in_loop_Depth_Loop_U0/compute_systolic_U0/grp_compute_systolic_Pipeline_Pulse_fu_3978/local_regs_V_145_fu_2102_reg[26]/CE (clocked by clk_fpga_0). Large setup violations at the end of those stages might be difficult to fix during the post-placement implementation flow and could be the result of non-optimal XDC constraints or non-optimal design architecture
Related violations: <none>

TIMING-16#186 Warning
Large setup violation  
There is a large setup violation of -1.248 ns between design_1_i/pipelined_layer_proc_0/inst/grp_dataflow_parent_loop_proc_fu_232/dataflow_in_loop_Depth_Loop_U0/compute_systolic_U0/grp_compute_systolic_Pipeline_Pulse_fu_3978_ap_start_reg_reg_replica_13/C (clocked by clk_fpga_0) and design_1_i/pipelined_layer_proc_0/inst/grp_dataflow_parent_loop_proc_fu_232/dataflow_in_loop_Depth_Loop_U0/compute_systolic_U0/grp_compute_systolic_Pipeline_Pulse_fu_3978/local_regs_V_145_fu_2102_reg[30]/CE (clocked by clk_fpga_0). Large setup violations at the end of those stages might be difficult to fix during the post-placement implementation flow and could be the result of non-optimal XDC constraints or non-optimal design architecture
Related violations: <none>

TIMING-16#187 Warning
Large setup violation  
There is a large setup violation of -1.248 ns between design_1_i/pipelined_layer_proc_0/inst/grp_dataflow_parent_loop_proc_fu_232/dataflow_in_loop_Depth_Loop_U0/compute_systolic_U0/grp_compute_systolic_Pipeline_Pulse_fu_3978_ap_start_reg_reg_replica_13/C (clocked by clk_fpga_0) and design_1_i/pipelined_layer_proc_0/inst/grp_dataflow_parent_loop_proc_fu_232/dataflow_in_loop_Depth_Loop_U0/compute_systolic_U0/grp_compute_systolic_Pipeline_Pulse_fu_3978/local_regs_V_145_fu_2102_reg[4]/CE (clocked by clk_fpga_0). Large setup violations at the end of those stages might be difficult to fix during the post-placement implementation flow and could be the result of non-optimal XDC constraints or non-optimal design architecture
Related violations: <none>

TIMING-16#188 Warning
Large setup violation  
There is a large setup violation of -1.248 ns between design_1_i/pipelined_layer_proc_0/inst/grp_dataflow_parent_loop_proc_fu_232/dataflow_in_loop_Depth_Loop_U0/compute_systolic_U0/grp_compute_systolic_Pipeline_Pulse_fu_3978_ap_start_reg_reg_replica_13/C (clocked by clk_fpga_0) and design_1_i/pipelined_layer_proc_0/inst/grp_dataflow_parent_loop_proc_fu_232/dataflow_in_loop_Depth_Loop_U0/compute_systolic_U0/grp_compute_systolic_Pipeline_Pulse_fu_3978/local_regs_V_145_fu_2102_reg[6]/CE (clocked by clk_fpga_0). Large setup violations at the end of those stages might be difficult to fix during the post-placement implementation flow and could be the result of non-optimal XDC constraints or non-optimal design architecture
Related violations: <none>

TIMING-16#189 Warning
Large setup violation  
There is a large setup violation of -1.249 ns between design_1_i/pipelined_layer_proc_0/inst/grp_dataflow_parent_loop_proc_fu_232/dataflow_in_loop_Depth_Loop_U0/compute_systolic_U0/grp_compute_systolic_Pipeline_Load_Cache_Row_fu_3428_ap_start_reg_reg/C (clocked by clk_fpga_0) and design_1_i/pipelined_layer_proc_0/inst/grp_dataflow_parent_loop_proc_fu_232/dataflow_in_loop_Depth_Loop_U0/compute_systolic_U0/grp_compute_systolic_Pipeline_Load_Cache_Row_fu_3428/local_regs_V_522_fu_1240_reg[13]/D (clocked by clk_fpga_0). Large setup violations at the end of those stages might be difficult to fix during the post-placement implementation flow and could be the result of non-optimal XDC constraints or non-optimal design architecture
Related violations: <none>

TIMING-16#190 Warning
Large setup violation  
There is a large setup violation of -1.253 ns between design_1_i/pipelined_layer_proc_0/inst/grp_dataflow_parent_loop_proc_fu_232/dataflow_in_loop_Depth_Loop_U0/tile_A_V_3_U/reg_valid0_reg/C (clocked by clk_fpga_0) and design_1_i/pipelined_layer_proc_0/inst/grp_dataflow_parent_loop_proc_fu_232/dataflow_in_loop_Depth_Loop_U0/compute_systolic_U0/big_tile_A_4_load_reg_14979_reg[72]/D (clocked by clk_fpga_0). Large setup violations at the end of those stages might be difficult to fix during the post-placement implementation flow and could be the result of non-optimal XDC constraints or non-optimal design architecture
Related violations: <none>

TIMING-16#191 Warning
Large setup violation  
There is a large setup violation of -1.255 ns between design_1_i/pipelined_layer_proc_0/inst/gmem0_m_axi_U/bus_write/wreq_throttle/data_fifo/raddr_reg[2]_rep/C (clocked by clk_fpga_0) and design_1_i/pipelined_layer_proc_0/inst/gmem0_m_axi_U/bus_write/wreq_throttle/data_fifo/U_fifo_srl/dout_reg[81]/D (clocked by clk_fpga_0). Large setup violations at the end of those stages might be difficult to fix during the post-placement implementation flow and could be the result of non-optimal XDC constraints or non-optimal design architecture
Related violations: <none>

TIMING-16#192 Warning
Large setup violation  
There is a large setup violation of -1.256 ns between design_1_i/pipelined_layer_proc_0/inst/grp_dataflow_parent_loop_proc_fu_232/dataflow_in_loop_Depth_Loop_U0/tile_A_V_3_U/reg_valid0_reg/C (clocked by clk_fpga_0) and design_1_i/pipelined_layer_proc_0/inst/grp_dataflow_parent_loop_proc_fu_232/dataflow_in_loop_Depth_Loop_U0/compute_systolic_U0/big_tile_A_4_load_reg_14979_reg[43]/D (clocked by clk_fpga_0). Large setup violations at the end of those stages might be difficult to fix during the post-placement implementation flow and could be the result of non-optimal XDC constraints or non-optimal design architecture
Related violations: <none>

TIMING-16#193 Warning
Large setup violation  
There is a large setup violation of -1.258 ns between design_1_i/pipelined_layer_proc_0/inst/grp_dataflow_parent_loop_proc_fu_232/dataflow_in_loop_Depth_Loop_U0/compute_systolic_U0/grp_compute_systolic_Pipeline_Load_Cache_Row_fu_3428_ap_start_reg_reg/C (clocked by clk_fpga_0) and design_1_i/pipelined_layer_proc_0/inst/grp_dataflow_parent_loop_proc_fu_232/dataflow_in_loop_Depth_Loop_U0/compute_systolic_U0/grp_compute_systolic_Pipeline_Load_Cache_Row_fu_3428/local_regs_V_628_fu_1664_reg[10]/CE (clocked by clk_fpga_0). Large setup violations at the end of those stages might be difficult to fix during the post-placement implementation flow and could be the result of non-optimal XDC constraints or non-optimal design architecture
Related violations: <none>

TIMING-16#194 Warning
Large setup violation  
There is a large setup violation of -1.258 ns between design_1_i/pipelined_layer_proc_0/inst/grp_dataflow_parent_loop_proc_fu_232/dataflow_in_loop_Depth_Loop_U0/compute_systolic_U0/grp_compute_systolic_Pipeline_Load_Cache_Row_fu_3428_ap_start_reg_reg/C (clocked by clk_fpga_0) and design_1_i/pipelined_layer_proc_0/inst/grp_dataflow_parent_loop_proc_fu_232/dataflow_in_loop_Depth_Loop_U0/compute_systolic_U0/grp_compute_systolic_Pipeline_Load_Cache_Row_fu_3428/local_regs_V_653_fu_1764_reg[24]/D (clocked by clk_fpga_0). Large setup violations at the end of those stages might be difficult to fix during the post-placement implementation flow and could be the result of non-optimal XDC constraints or non-optimal design architecture
Related violations: <none>

TIMING-16#195 Warning
Large setup violation  
There is a large setup violation of -1.259 ns between design_1_i/pipelined_layer_proc_0/inst/grp_dataflow_parent_loop_proc_fu_232/dataflow_in_loop_Depth_Loop_U0/tile_A_V_3_U/reg_valid0_reg/C (clocked by clk_fpga_0) and design_1_i/pipelined_layer_proc_0/inst/grp_dataflow_parent_loop_proc_fu_232/dataflow_in_loop_Depth_Loop_U0/compute_systolic_U0/big_tile_A_4_load_reg_14979_reg[59]/D (clocked by clk_fpga_0). Large setup violations at the end of those stages might be difficult to fix during the post-placement implementation flow and could be the result of non-optimal XDC constraints or non-optimal design architecture
Related violations: <none>

TIMING-16#196 Warning
Large setup violation  
There is a large setup violation of -1.260 ns between design_1_i/pipelined_layer_proc_0/inst/grp_dataflow_parent_loop_proc_fu_232/dataflow_in_loop_Depth_Loop_U0/tile_A_V_3_U/reg_valid0_reg/C (clocked by clk_fpga_0) and design_1_i/pipelined_layer_proc_0/inst/grp_dataflow_parent_loop_proc_fu_232/dataflow_in_loop_Depth_Loop_U0/compute_systolic_U0/big_tile_A_8_load_reg_14999_reg[56]/D (clocked by clk_fpga_0). Large setup violations at the end of those stages might be difficult to fix during the post-placement implementation flow and could be the result of non-optimal XDC constraints or non-optimal design architecture
Related violations: <none>

TIMING-16#197 Warning
Large setup violation  
There is a large setup violation of -1.260 ns between design_1_i/pipelined_layer_proc_0/inst/grp_dataflow_parent_loop_proc_fu_232/dataflow_in_loop_Depth_Loop_U0/tile_A_V_3_U/reg_valid0_reg/C (clocked by clk_fpga_0) and design_1_i/pipelined_layer_proc_0/inst/grp_dataflow_parent_loop_proc_fu_232/dataflow_in_loop_Depth_Loop_U0/compute_systolic_U0/big_tile_A_8_load_reg_14999_reg[59]/D (clocked by clk_fpga_0). Large setup violations at the end of those stages might be difficult to fix during the post-placement implementation flow and could be the result of non-optimal XDC constraints or non-optimal design architecture
Related violations: <none>

TIMING-16#198 Warning
Large setup violation  
There is a large setup violation of -1.261 ns between design_1_i/pipelined_layer_proc_0/inst/grp_dataflow_parent_loop_proc_fu_232/dataflow_in_loop_Depth_Loop_U0/compute_systolic_U0/grp_compute_systolic_Pipeline_Pulse_fu_3978_ap_start_reg_reg_replica_7/C (clocked by clk_fpga_0) and design_1_i/pipelined_layer_proc_0/inst/grp_dataflow_parent_loop_proc_fu_232/dataflow_in_loop_Depth_Loop_U0/compute_systolic_U0/grp_compute_systolic_Pipeline_Pulse_fu_3978/h_wires_V_2_reg_15382_reg[7]_rep__9/D (clocked by clk_fpga_0). Large setup violations at the end of those stages might be difficult to fix during the post-placement implementation flow and could be the result of non-optimal XDC constraints or non-optimal design architecture
Related violations: <none>

TIMING-16#199 Warning
Large setup violation  
There is a large setup violation of -1.262 ns between design_1_i/pipelined_layer_proc_0/inst/grp_dataflow_parent_loop_proc_fu_232/dataflow_in_loop_Depth_Loop_U0/compute_systolic_U0/grp_compute_systolic_Pipeline_Load_Cache_Row_fu_3428_ap_start_reg_reg/C (clocked by clk_fpga_0) and design_1_i/pipelined_layer_proc_0/inst/grp_dataflow_parent_loop_proc_fu_232/dataflow_in_loop_Depth_Loop_U0/compute_systolic_U0/grp_compute_systolic_Pipeline_Load_Cache_Row_fu_3428/local_regs_V_653_fu_1764_reg[15]/D (clocked by clk_fpga_0). Large setup violations at the end of those stages might be difficult to fix during the post-placement implementation flow and could be the result of non-optimal XDC constraints or non-optimal design architecture
Related violations: <none>

TIMING-16#200 Warning
Large setup violation  
There is a large setup violation of -1.262 ns between design_1_i/pipelined_layer_proc_0/inst/grp_dataflow_parent_loop_proc_fu_232/dataflow_in_loop_Depth_Loop_U0/compute_systolic_U0/grp_compute_systolic_Pipeline_Pulse_fu_3978_ap_start_reg_reg_replica_13/C (clocked by clk_fpga_0) and design_1_i/pipelined_layer_proc_0/inst/grp_dataflow_parent_loop_proc_fu_232/dataflow_in_loop_Depth_Loop_U0/compute_systolic_U0/grp_compute_systolic_Pipeline_Pulse_fu_3978/local_regs_V_113_fu_2230_reg[31]/CE (clocked by clk_fpga_0). Large setup violations at the end of those stages might be difficult to fix during the post-placement implementation flow and could be the result of non-optimal XDC constraints or non-optimal design architecture
Related violations: <none>

TIMING-16#201 Warning
Large setup violation  
There is a large setup violation of -1.264 ns between design_1_i/pipelined_layer_proc_0/inst/grp_dataflow_parent_loop_proc_fu_232/dataflow_in_loop_Depth_Loop_U0/tile_A_V_3_U/reg_valid0_reg/C (clocked by clk_fpga_0) and design_1_i/pipelined_layer_proc_0/inst/grp_dataflow_parent_loop_proc_fu_232/dataflow_in_loop_Depth_Loop_U0/compute_systolic_U0/big_tile_A_8_load_reg_14999_reg[23]/D (clocked by clk_fpga_0). Large setup violations at the end of those stages might be difficult to fix during the post-placement implementation flow and could be the result of non-optimal XDC constraints or non-optimal design architecture
Related violations: <none>

TIMING-16#202 Warning
Large setup violation  
There is a large setup violation of -1.264 ns between design_1_i/pipelined_layer_proc_0/inst/grp_dataflow_parent_loop_proc_fu_232/dataflow_in_loop_Depth_Loop_U0/tile_A_V_3_U/reg_valid0_reg/C (clocked by clk_fpga_0) and design_1_i/pipelined_layer_proc_0/inst/grp_dataflow_parent_loop_proc_fu_232/dataflow_in_loop_Depth_Loop_U0/compute_systolic_U0/big_tile_A_8_load_reg_14999_reg[97]/D (clocked by clk_fpga_0). Large setup violations at the end of those stages might be difficult to fix during the post-placement implementation flow and could be the result of non-optimal XDC constraints or non-optimal design architecture
Related violations: <none>

TIMING-16#203 Warning
Large setup violation  
There is a large setup violation of -1.267 ns between design_1_i/pipelined_layer_proc_0/inst/grp_dataflow_parent_loop_proc_fu_232/dataflow_in_loop_Depth_Loop_U0/tile_A_V_3_U/reg_valid0_reg/C (clocked by clk_fpga_0) and design_1_i/pipelined_layer_proc_0/inst/grp_dataflow_parent_loop_proc_fu_232/dataflow_in_loop_Depth_Loop_U0/compute_systolic_U0/big_tile_A_8_load_reg_14999_reg[46]/D (clocked by clk_fpga_0). Large setup violations at the end of those stages might be difficult to fix during the post-placement implementation flow and could be the result of non-optimal XDC constraints or non-optimal design architecture
Related violations: <none>

TIMING-16#204 Warning
Large setup violation  
There is a large setup violation of -1.268 ns between design_1_i/pipelined_layer_proc_0/inst/grp_dataflow_parent_loop_proc_fu_232/dataflow_in_loop_Depth_Loop_U0/compute_systolic_U0/ap_CS_fsm_reg[3]/C (clocked by clk_fpga_0) and design_1_i/pipelined_layer_proc_0/inst/grp_dataflow_parent_loop_proc_fu_232/dataflow_in_loop_Depth_Loop_U0/compute_systolic_U0/big_tile_A_0_load_reg_14959_reg[4]/CE (clocked by clk_fpga_0). Large setup violations at the end of those stages might be difficult to fix during the post-placement implementation flow and could be the result of non-optimal XDC constraints or non-optimal design architecture
Related violations: <none>

TIMING-16#205 Warning
Large setup violation  
There is a large setup violation of -1.268 ns between design_1_i/pipelined_layer_proc_0/inst/grp_dataflow_parent_loop_proc_fu_232/dataflow_in_loop_Depth_Loop_U0/compute_systolic_U0/ap_CS_fsm_reg[3]/C (clocked by clk_fpga_0) and design_1_i/pipelined_layer_proc_0/inst/grp_dataflow_parent_loop_proc_fu_232/dataflow_in_loop_Depth_Loop_U0/compute_systolic_U0/big_tile_A_0_load_reg_14959_reg[67]/CE (clocked by clk_fpga_0). Large setup violations at the end of those stages might be difficult to fix during the post-placement implementation flow and could be the result of non-optimal XDC constraints or non-optimal design architecture
Related violations: <none>

TIMING-16#206 Warning
Large setup violation  
There is a large setup violation of -1.268 ns between design_1_i/pipelined_layer_proc_0/inst/grp_dataflow_parent_loop_proc_fu_232/dataflow_in_loop_Depth_Loop_U0/compute_systolic_U0/ap_CS_fsm_reg[3]/C (clocked by clk_fpga_0) and design_1_i/pipelined_layer_proc_0/inst/grp_dataflow_parent_loop_proc_fu_232/dataflow_in_loop_Depth_Loop_U0/compute_systolic_U0/big_tile_A_0_load_reg_14959_reg[68]/CE (clocked by clk_fpga_0). Large setup violations at the end of those stages might be difficult to fix during the post-placement implementation flow and could be the result of non-optimal XDC constraints or non-optimal design architecture
Related violations: <none>

TIMING-16#207 Warning
Large setup violation  
There is a large setup violation of -1.268 ns between design_1_i/pipelined_layer_proc_0/inst/grp_dataflow_parent_loop_proc_fu_232/dataflow_in_loop_Depth_Loop_U0/compute_systolic_U0/ap_CS_fsm_reg[3]/C (clocked by clk_fpga_0) and design_1_i/pipelined_layer_proc_0/inst/grp_dataflow_parent_loop_proc_fu_232/dataflow_in_loop_Depth_Loop_U0/compute_systolic_U0/big_tile_A_0_load_reg_14959_reg[69]/CE (clocked by clk_fpga_0). Large setup violations at the end of those stages might be difficult to fix during the post-placement implementation flow and could be the result of non-optimal XDC constraints or non-optimal design architecture
Related violations: <none>

TIMING-16#208 Warning
Large setup violation  
There is a large setup violation of -1.269 ns between design_1_i/pipelined_layer_proc_0/inst/gmem0_m_axi_U/bus_write/wreq_throttle/data_fifo/raddr_reg[2]_rep/C (clocked by clk_fpga_0) and design_1_i/pipelined_layer_proc_0/inst/gmem0_m_axi_U/bus_write/wreq_throttle/data_fifo/U_fifo_srl/dout_reg[119]/D (clocked by clk_fpga_0). Large setup violations at the end of those stages might be difficult to fix during the post-placement implementation flow and could be the result of non-optimal XDC constraints or non-optimal design architecture
Related violations: <none>

TIMING-16#209 Warning
Large setup violation  
There is a large setup violation of -1.270 ns between design_1_i/pipelined_layer_proc_0/inst/grp_dataflow_parent_loop_proc_fu_232/dataflow_in_loop_Depth_Loop_U0/tile_A_V_3_U/reg_valid0_reg/C (clocked by clk_fpga_0) and design_1_i/pipelined_layer_proc_0/inst/grp_dataflow_parent_loop_proc_fu_232/dataflow_in_loop_Depth_Loop_U0/compute_systolic_U0/big_tile_A_8_load_reg_14999_reg[0]/D (clocked by clk_fpga_0). Large setup violations at the end of those stages might be difficult to fix during the post-placement implementation flow and could be the result of non-optimal XDC constraints or non-optimal design architecture
Related violations: <none>

TIMING-16#210 Warning
Large setup violation  
There is a large setup violation of -1.273 ns between design_1_i/pipelined_layer_proc_0/inst/grp_dataflow_parent_loop_proc_fu_232/dataflow_in_loop_Depth_Loop_U0/compute_systolic_U0/grp_compute_systolic_Pipeline_Pulse_fu_3978_ap_start_reg_reg_replica_13/C (clocked by clk_fpga_0) and design_1_i/pipelined_layer_proc_0/inst/grp_dataflow_parent_loop_proc_fu_232/dataflow_in_loop_Depth_Loop_U0/compute_systolic_U0/grp_compute_systolic_Pipeline_Pulse_fu_3978/local_regs_V_129_fu_2166_reg[16]/CE (clocked by clk_fpga_0). Large setup violations at the end of those stages might be difficult to fix during the post-placement implementation flow and could be the result of non-optimal XDC constraints or non-optimal design architecture
Related violations: <none>

TIMING-16#211 Warning
Large setup violation  
There is a large setup violation of -1.273 ns between design_1_i/pipelined_layer_proc_0/inst/grp_dataflow_parent_loop_proc_fu_232/dataflow_in_loop_Depth_Loop_U0/compute_systolic_U0/grp_compute_systolic_Pipeline_Pulse_fu_3978_ap_start_reg_reg_replica_13/C (clocked by clk_fpga_0) and design_1_i/pipelined_layer_proc_0/inst/grp_dataflow_parent_loop_proc_fu_232/dataflow_in_loop_Depth_Loop_U0/compute_systolic_U0/grp_compute_systolic_Pipeline_Pulse_fu_3978/local_regs_V_129_fu_2166_reg[31]/CE (clocked by clk_fpga_0). Large setup violations at the end of those stages might be difficult to fix during the post-placement implementation flow and could be the result of non-optimal XDC constraints or non-optimal design architecture
Related violations: <none>

TIMING-16#212 Warning
Large setup violation  
There is a large setup violation of -1.273 ns between design_1_i/pipelined_layer_proc_0/inst/grp_dataflow_parent_loop_proc_fu_232/dataflow_in_loop_Depth_Loop_U0/compute_systolic_U0/grp_compute_systolic_Pipeline_Pulse_fu_3978_ap_start_reg_reg_replica_13/C (clocked by clk_fpga_0) and design_1_i/pipelined_layer_proc_0/inst/grp_dataflow_parent_loop_proc_fu_232/dataflow_in_loop_Depth_Loop_U0/compute_systolic_U0/grp_compute_systolic_Pipeline_Pulse_fu_3978/local_regs_V_129_fu_2166_reg[3]/CE (clocked by clk_fpga_0). Large setup violations at the end of those stages might be difficult to fix during the post-placement implementation flow and could be the result of non-optimal XDC constraints or non-optimal design architecture
Related violations: <none>

TIMING-16#213 Warning
Large setup violation  
There is a large setup violation of -1.274 ns between design_1_i/pipelined_layer_proc_0/inst/grp_dataflow_parent_loop_proc_fu_232/dataflow_in_loop_Depth_Loop_U0/compute_systolic_U0/grp_compute_systolic_Pipeline_Load_Cache_Row_fu_3428_ap_start_reg_reg/C (clocked by clk_fpga_0) and design_1_i/pipelined_layer_proc_0/inst/grp_dataflow_parent_loop_proc_fu_232/dataflow_in_loop_Depth_Loop_U0/compute_systolic_U0/grp_compute_systolic_Pipeline_Load_Cache_Row_fu_3428/local_regs_V_701_fu_1956_reg[18]/CE (clocked by clk_fpga_0). Large setup violations at the end of those stages might be difficult to fix during the post-placement implementation flow and could be the result of non-optimal XDC constraints or non-optimal design architecture
Related violations: <none>

TIMING-16#214 Warning
Large setup violation  
There is a large setup violation of -1.274 ns between design_1_i/pipelined_layer_proc_0/inst/grp_dataflow_parent_loop_proc_fu_232/dataflow_in_loop_Depth_Loop_U0/compute_systolic_U0/grp_compute_systolic_Pipeline_Load_Cache_Row_fu_3428_ap_start_reg_reg/C (clocked by clk_fpga_0) and design_1_i/pipelined_layer_proc_0/inst/grp_dataflow_parent_loop_proc_fu_232/dataflow_in_loop_Depth_Loop_U0/compute_systolic_U0/grp_compute_systolic_Pipeline_Load_Cache_Row_fu_3428/local_regs_V_701_fu_1956_reg[30]/CE (clocked by clk_fpga_0). Large setup violations at the end of those stages might be difficult to fix during the post-placement implementation flow and could be the result of non-optimal XDC constraints or non-optimal design architecture
Related violations: <none>

TIMING-16#215 Warning
Large setup violation  
There is a large setup violation of -1.274 ns between design_1_i/pipelined_layer_proc_0/inst/grp_dataflow_parent_loop_proc_fu_232/dataflow_in_loop_Depth_Loop_U0/compute_systolic_U0/grp_compute_systolic_Pipeline_Load_Cache_Row_fu_3428_ap_start_reg_reg/C (clocked by clk_fpga_0) and design_1_i/pipelined_layer_proc_0/inst/grp_dataflow_parent_loop_proc_fu_232/dataflow_in_loop_Depth_Loop_U0/compute_systolic_U0/grp_compute_systolic_Pipeline_Load_Cache_Row_fu_3428/local_regs_V_701_fu_1956_reg[8]/CE (clocked by clk_fpga_0). Large setup violations at the end of those stages might be difficult to fix during the post-placement implementation flow and could be the result of non-optimal XDC constraints or non-optimal design architecture
Related violations: <none>

TIMING-16#216 Warning
Large setup violation  
There is a large setup violation of -1.274 ns between design_1_i/pipelined_layer_proc_0/inst/grp_dataflow_parent_loop_proc_fu_232/dataflow_in_loop_Depth_Loop_U0/compute_systolic_U0/grp_compute_systolic_Pipeline_Load_Cache_Row_fu_3428_ap_start_reg_reg/C (clocked by clk_fpga_0) and design_1_i/pipelined_layer_proc_0/inst/grp_dataflow_parent_loop_proc_fu_232/dataflow_in_loop_Depth_Loop_U0/compute_systolic_U0/grp_compute_systolic_Pipeline_Load_Cache_Row_fu_3428/local_regs_V_701_fu_1956_reg[9]/CE (clocked by clk_fpga_0). Large setup violations at the end of those stages might be difficult to fix during the post-placement implementation flow and could be the result of non-optimal XDC constraints or non-optimal design architecture
Related violations: <none>

TIMING-16#217 Warning
Large setup violation  
There is a large setup violation of -1.275 ns between design_1_i/pipelined_layer_proc_0/inst/grp_dataflow_parent_loop_proc_fu_232/dataflow_in_loop_Depth_Loop_U0/compute_systolic_U0/grp_compute_systolic_Pipeline_Load_Cache_Row_fu_3428_ap_start_reg_reg/C (clocked by clk_fpga_0) and design_1_i/pipelined_layer_proc_0/inst/grp_dataflow_parent_loop_proc_fu_232/dataflow_in_loop_Depth_Loop_U0/compute_systolic_U0/grp_compute_systolic_Pipeline_Load_Cache_Row_fu_3428/local_regs_V_628_fu_1664_reg[27]/CE (clocked by clk_fpga_0). Large setup violations at the end of those stages might be difficult to fix during the post-placement implementation flow and could be the result of non-optimal XDC constraints or non-optimal design architecture
Related violations: <none>

TIMING-16#218 Warning
Large setup violation  
There is a large setup violation of -1.277 ns between design_1_i/pipelined_layer_proc_0/inst/grp_dataflow_parent_loop_proc_fu_232/dataflow_in_loop_Depth_Loop_U0/compute_systolic_U0/grp_compute_systolic_Pipeline_Pulse_fu_3978_ap_start_reg_reg_replica_13/C (clocked by clk_fpga_0) and design_1_i/pipelined_layer_proc_0/inst/grp_dataflow_parent_loop_proc_fu_232/dataflow_in_loop_Depth_Loop_U0/compute_systolic_U0/grp_compute_systolic_Pipeline_Pulse_fu_3978/local_regs_V_113_fu_2230_reg[6]/CE (clocked by clk_fpga_0). Large setup violations at the end of those stages might be difficult to fix during the post-placement implementation flow and could be the result of non-optimal XDC constraints or non-optimal design architecture
Related violations: <none>

TIMING-16#219 Warning
Large setup violation  
There is a large setup violation of -1.278 ns between design_1_i/pipelined_layer_proc_0/inst/grp_dataflow_parent_loop_proc_fu_232/dataflow_in_loop_Depth_Loop_U0/compute_systolic_U0/ap_CS_fsm_reg[3]/C (clocked by clk_fpga_0) and design_1_i/pipelined_layer_proc_0/inst/grp_dataflow_parent_loop_proc_fu_232/dataflow_in_loop_Depth_Loop_U0/compute_systolic_U0/big_tile_A_1_load_reg_14964_reg[237]/CE (clocked by clk_fpga_0). Large setup violations at the end of those stages might be difficult to fix during the post-placement implementation flow and could be the result of non-optimal XDC constraints or non-optimal design architecture
Related violations: <none>

TIMING-16#220 Warning
Large setup violation  
There is a large setup violation of -1.278 ns between design_1_i/pipelined_layer_proc_0/inst/grp_dataflow_parent_loop_proc_fu_232/dataflow_in_loop_Depth_Loop_U0/compute_systolic_U0/ap_CS_fsm_reg[3]/C (clocked by clk_fpga_0) and design_1_i/pipelined_layer_proc_0/inst/grp_dataflow_parent_loop_proc_fu_232/dataflow_in_loop_Depth_Loop_U0/compute_systolic_U0/big_tile_A_9_load_reg_15004_reg[114]/CE (clocked by clk_fpga_0). Large setup violations at the end of those stages might be difficult to fix during the post-placement implementation flow and could be the result of non-optimal XDC constraints or non-optimal design architecture
Related violations: <none>

TIMING-16#221 Warning
Large setup violation  
There is a large setup violation of -1.278 ns between design_1_i/pipelined_layer_proc_0/inst/grp_dataflow_parent_loop_proc_fu_232/dataflow_in_loop_Depth_Loop_U0/compute_systolic_U0/ap_CS_fsm_reg[3]/C (clocked by clk_fpga_0) and design_1_i/pipelined_layer_proc_0/inst/grp_dataflow_parent_loop_proc_fu_232/dataflow_in_loop_Depth_Loop_U0/compute_systolic_U0/big_tile_A_9_load_reg_15004_reg[78]/CE (clocked by clk_fpga_0). Large setup violations at the end of those stages might be difficult to fix during the post-placement implementation flow and could be the result of non-optimal XDC constraints or non-optimal design architecture
Related violations: <none>

TIMING-16#222 Warning
Large setup violation  
There is a large setup violation of -1.281 ns between design_1_i/pipelined_layer_proc_0/inst/grp_dataflow_parent_loop_proc_fu_232/dataflow_in_loop_Depth_Loop_U0/compute_systolic_U0/grp_compute_systolic_Pipeline_Load_Cache_Row_fu_3428/trunc_ln55_reg_11237_reg[0]/C (clocked by clk_fpga_0) and design_1_i/pipelined_layer_proc_0/inst/grp_dataflow_parent_loop_proc_fu_232/dataflow_in_loop_Depth_Loop_U0/compute_systolic_U0/grp_compute_systolic_Pipeline_Load_Cache_Row_fu_3428/local_regs_V_605_fu_1572_reg[7]/CE (clocked by clk_fpga_0). Large setup violations at the end of those stages might be difficult to fix during the post-placement implementation flow and could be the result of non-optimal XDC constraints or non-optimal design architecture
Related violations: <none>

TIMING-16#223 Warning
Large setup violation  
There is a large setup violation of -1.283 ns between design_1_i/pipelined_layer_proc_0/inst/grp_dataflow_parent_loop_proc_fu_232/dataflow_in_loop_Depth_Loop_U0/compute_systolic_U0/grp_compute_systolic_Pipeline_Load_Cache_Row_fu_3428_ap_start_reg_reg/C (clocked by clk_fpga_0) and design_1_i/pipelined_layer_proc_0/inst/grp_dataflow_parent_loop_proc_fu_232/dataflow_in_loop_Depth_Loop_U0/compute_systolic_U0/grp_compute_systolic_Pipeline_Load_Cache_Row_fu_3428/local_regs_V_522_fu_1240_reg[28]/D (clocked by clk_fpga_0). Large setup violations at the end of those stages might be difficult to fix during the post-placement implementation flow and could be the result of non-optimal XDC constraints or non-optimal design architecture
Related violations: <none>

TIMING-16#224 Warning
Large setup violation  
There is a large setup violation of -1.283 ns between design_1_i/pipelined_layer_proc_0/inst/grp_dataflow_parent_loop_proc_fu_232/dataflow_in_loop_Depth_Loop_U0/compute_systolic_U0/grp_compute_systolic_Pipeline_Load_Cache_Row_fu_3428_ap_start_reg_reg/C (clocked by clk_fpga_0) and design_1_i/pipelined_layer_proc_0/inst/grp_dataflow_parent_loop_proc_fu_232/dataflow_in_loop_Depth_Loop_U0/compute_systolic_U0/grp_compute_systolic_Pipeline_Load_Cache_Row_fu_3428/local_regs_V_734_fu_2088_reg[28]/CE (clocked by clk_fpga_0). Large setup violations at the end of those stages might be difficult to fix during the post-placement implementation flow and could be the result of non-optimal XDC constraints or non-optimal design architecture
Related violations: <none>

TIMING-16#225 Warning
Large setup violation  
There is a large setup violation of -1.283 ns between design_1_i/pipelined_layer_proc_0/inst/grp_dataflow_parent_loop_proc_fu_232/dataflow_in_loop_Depth_Loop_U0/compute_systolic_U0/grp_compute_systolic_Pipeline_Load_Cache_Row_fu_3428_ap_start_reg_reg/C (clocked by clk_fpga_0) and design_1_i/pipelined_layer_proc_0/inst/grp_dataflow_parent_loop_proc_fu_232/dataflow_in_loop_Depth_Loop_U0/compute_systolic_U0/grp_compute_systolic_Pipeline_Load_Cache_Row_fu_3428/local_regs_V_734_fu_2088_reg[30]/CE (clocked by clk_fpga_0). Large setup violations at the end of those stages might be difficult to fix during the post-placement implementation flow and could be the result of non-optimal XDC constraints or non-optimal design architecture
Related violations: <none>

TIMING-16#226 Warning
Large setup violation  
There is a large setup violation of -1.289 ns between design_1_i/pipelined_layer_proc_0/inst/gmem0_m_axi_U/bus_write/wreq_throttle/data_fifo/raddr_reg[0]_rep/C (clocked by clk_fpga_0) and design_1_i/pipelined_layer_proc_0/inst/gmem0_m_axi_U/bus_write/wreq_throttle/data_fifo/U_fifo_srl/dout_reg[94]/D (clocked by clk_fpga_0). Large setup violations at the end of those stages might be difficult to fix during the post-placement implementation flow and could be the result of non-optimal XDC constraints or non-optimal design architecture
Related violations: <none>

TIMING-16#227 Warning
Large setup violation  
There is a large setup violation of -1.289 ns between design_1_i/pipelined_layer_proc_0/inst/grp_dataflow_parent_loop_proc_fu_232/dataflow_in_loop_Depth_Loop_U0/compute_systolic_U0/ap_CS_fsm_reg[3]/C (clocked by clk_fpga_0) and design_1_i/pipelined_layer_proc_0/inst/grp_dataflow_parent_loop_proc_fu_232/dataflow_in_loop_Depth_Loop_U0/compute_systolic_U0/big_tile_A_9_load_reg_15004_reg[170]/CE (clocked by clk_fpga_0). Large setup violations at the end of those stages might be difficult to fix during the post-placement implementation flow and could be the result of non-optimal XDC constraints or non-optimal design architecture
Related violations: <none>

TIMING-16#228 Warning
Large setup violation  
There is a large setup violation of -1.289 ns between design_1_i/pipelined_layer_proc_0/inst/grp_dataflow_parent_loop_proc_fu_232/dataflow_in_loop_Depth_Loop_U0/tile_A_V_3_U/reg_valid0_reg/C (clocked by clk_fpga_0) and design_1_i/pipelined_layer_proc_0/inst/grp_dataflow_parent_loop_proc_fu_232/dataflow_in_loop_Depth_Loop_U0/compute_systolic_U0/big_tile_A_4_load_reg_14979_reg[121]/D (clocked by clk_fpga_0). Large setup violations at the end of those stages might be difficult to fix during the post-placement implementation flow and could be the result of non-optimal XDC constraints or non-optimal design architecture
Related violations: <none>

TIMING-16#229 Warning
Large setup violation  
There is a large setup violation of -1.296 ns between design_1_i/pipelined_layer_proc_0/inst/grp_dataflow_parent_loop_proc_fu_232/dataflow_in_loop_Depth_Loop_U0/compute_systolic_U0/grp_compute_systolic_Pipeline_Load_Cache_Row_fu_3428_ap_start_reg_reg/C (clocked by clk_fpga_0) and design_1_i/pipelined_layer_proc_0/inst/grp_dataflow_parent_loop_proc_fu_232/dataflow_in_loop_Depth_Loop_U0/compute_systolic_U0/grp_compute_systolic_Pipeline_Load_Cache_Row_fu_3428/local_regs_V_621_fu_1636_reg[11]/CE (clocked by clk_fpga_0). Large setup violations at the end of those stages might be difficult to fix during the post-placement implementation flow and could be the result of non-optimal XDC constraints or non-optimal design architecture
Related violations: <none>

TIMING-16#230 Warning
Large setup violation  
There is a large setup violation of -1.296 ns between design_1_i/pipelined_layer_proc_0/inst/grp_dataflow_parent_loop_proc_fu_232/dataflow_in_loop_Depth_Loop_U0/compute_systolic_U0/grp_compute_systolic_Pipeline_Load_Cache_Row_fu_3428_ap_start_reg_reg/C (clocked by clk_fpga_0) and design_1_i/pipelined_layer_proc_0/inst/grp_dataflow_parent_loop_proc_fu_232/dataflow_in_loop_Depth_Loop_U0/compute_systolic_U0/grp_compute_systolic_Pipeline_Load_Cache_Row_fu_3428/local_regs_V_621_fu_1636_reg[14]/CE (clocked by clk_fpga_0). Large setup violations at the end of those stages might be difficult to fix during the post-placement implementation flow and could be the result of non-optimal XDC constraints or non-optimal design architecture
Related violations: <none>

TIMING-16#231 Warning
Large setup violation  
There is a large setup violation of -1.296 ns between design_1_i/pipelined_layer_proc_0/inst/grp_dataflow_parent_loop_proc_fu_232/dataflow_in_loop_Depth_Loop_U0/compute_systolic_U0/grp_compute_systolic_Pipeline_Load_Cache_Row_fu_3428_ap_start_reg_reg/C (clocked by clk_fpga_0) and design_1_i/pipelined_layer_proc_0/inst/grp_dataflow_parent_loop_proc_fu_232/dataflow_in_loop_Depth_Loop_U0/compute_systolic_U0/grp_compute_systolic_Pipeline_Load_Cache_Row_fu_3428/local_regs_V_621_fu_1636_reg[15]/CE (clocked by clk_fpga_0). Large setup violations at the end of those stages might be difficult to fix during the post-placement implementation flow and could be the result of non-optimal XDC constraints or non-optimal design architecture
Related violations: <none>

TIMING-16#232 Warning
Large setup violation  
There is a large setup violation of -1.296 ns between design_1_i/pipelined_layer_proc_0/inst/grp_dataflow_parent_loop_proc_fu_232/dataflow_in_loop_Depth_Loop_U0/compute_systolic_U0/grp_compute_systolic_Pipeline_Load_Cache_Row_fu_3428_ap_start_reg_reg/C (clocked by clk_fpga_0) and design_1_i/pipelined_layer_proc_0/inst/grp_dataflow_parent_loop_proc_fu_232/dataflow_in_loop_Depth_Loop_U0/compute_systolic_U0/grp_compute_systolic_Pipeline_Load_Cache_Row_fu_3428/local_regs_V_621_fu_1636_reg[24]/CE (clocked by clk_fpga_0). Large setup violations at the end of those stages might be difficult to fix during the post-placement implementation flow and could be the result of non-optimal XDC constraints or non-optimal design architecture
Related violations: <none>

TIMING-16#233 Warning
Large setup violation  
There is a large setup violation of -1.296 ns between design_1_i/pipelined_layer_proc_0/inst/grp_dataflow_parent_loop_proc_fu_232/dataflow_in_loop_Depth_Loop_U0/compute_systolic_U0/grp_compute_systolic_Pipeline_Load_Cache_Row_fu_3428_ap_start_reg_reg/C (clocked by clk_fpga_0) and design_1_i/pipelined_layer_proc_0/inst/grp_dataflow_parent_loop_proc_fu_232/dataflow_in_loop_Depth_Loop_U0/compute_systolic_U0/grp_compute_systolic_Pipeline_Load_Cache_Row_fu_3428/local_regs_V_621_fu_1636_reg[26]/CE (clocked by clk_fpga_0). Large setup violations at the end of those stages might be difficult to fix during the post-placement implementation flow and could be the result of non-optimal XDC constraints or non-optimal design architecture
Related violations: <none>

TIMING-16#234 Warning
Large setup violation  
There is a large setup violation of -1.296 ns between design_1_i/pipelined_layer_proc_0/inst/grp_dataflow_parent_loop_proc_fu_232/dataflow_in_loop_Depth_Loop_U0/compute_systolic_U0/grp_compute_systolic_Pipeline_Load_Cache_Row_fu_3428_ap_start_reg_reg/C (clocked by clk_fpga_0) and design_1_i/pipelined_layer_proc_0/inst/grp_dataflow_parent_loop_proc_fu_232/dataflow_in_loop_Depth_Loop_U0/compute_systolic_U0/grp_compute_systolic_Pipeline_Load_Cache_Row_fu_3428/local_regs_V_621_fu_1636_reg[27]/CE (clocked by clk_fpga_0). Large setup violations at the end of those stages might be difficult to fix during the post-placement implementation flow and could be the result of non-optimal XDC constraints or non-optimal design architecture
Related violations: <none>

TIMING-16#235 Warning
Large setup violation  
There is a large setup violation of -1.296 ns between design_1_i/pipelined_layer_proc_0/inst/grp_dataflow_parent_loop_proc_fu_232/dataflow_in_loop_Depth_Loop_U0/compute_systolic_U0/grp_compute_systolic_Pipeline_Load_Cache_Row_fu_3428_ap_start_reg_reg/C (clocked by clk_fpga_0) and design_1_i/pipelined_layer_proc_0/inst/grp_dataflow_parent_loop_proc_fu_232/dataflow_in_loop_Depth_Loop_U0/compute_systolic_U0/grp_compute_systolic_Pipeline_Load_Cache_Row_fu_3428/local_regs_V_621_fu_1636_reg[2]/CE (clocked by clk_fpga_0). Large setup violations at the end of those stages might be difficult to fix during the post-placement implementation flow and could be the result of non-optimal XDC constraints or non-optimal design architecture
Related violations: <none>

TIMING-16#236 Warning
Large setup violation  
There is a large setup violation of -1.296 ns between design_1_i/pipelined_layer_proc_0/inst/grp_dataflow_parent_loop_proc_fu_232/dataflow_in_loop_Depth_Loop_U0/compute_systolic_U0/grp_compute_systolic_Pipeline_Load_Cache_Row_fu_3428_ap_start_reg_reg/C (clocked by clk_fpga_0) and design_1_i/pipelined_layer_proc_0/inst/grp_dataflow_parent_loop_proc_fu_232/dataflow_in_loop_Depth_Loop_U0/compute_systolic_U0/grp_compute_systolic_Pipeline_Load_Cache_Row_fu_3428/local_regs_V_621_fu_1636_reg[30]/CE (clocked by clk_fpga_0). Large setup violations at the end of those stages might be difficult to fix during the post-placement implementation flow and could be the result of non-optimal XDC constraints or non-optimal design architecture
Related violations: <none>

TIMING-16#237 Warning
Large setup violation  
There is a large setup violation of -1.296 ns between design_1_i/pipelined_layer_proc_0/inst/grp_dataflow_parent_loop_proc_fu_232/dataflow_in_loop_Depth_Loop_U0/tile_A_V_3_U/reg_valid0_reg/C (clocked by clk_fpga_0) and design_1_i/pipelined_layer_proc_0/inst/grp_dataflow_parent_loop_proc_fu_232/dataflow_in_loop_Depth_Loop_U0/compute_systolic_U0/big_tile_A_4_load_reg_14979_reg[90]/D (clocked by clk_fpga_0). Large setup violations at the end of those stages might be difficult to fix during the post-placement implementation flow and could be the result of non-optimal XDC constraints or non-optimal design architecture
Related violations: <none>

TIMING-16#238 Warning
Large setup violation  
There is a large setup violation of -1.297 ns between design_1_i/pipelined_layer_proc_0/inst/gmem0_m_axi_U/bus_write/wreq_throttle/data_fifo/raddr_reg[0]_rep/C (clocked by clk_fpga_0) and design_1_i/pipelined_layer_proc_0/inst/gmem0_m_axi_U/bus_write/wreq_throttle/data_fifo/U_fifo_srl/dout_reg[134]/D (clocked by clk_fpga_0). Large setup violations at the end of those stages might be difficult to fix during the post-placement implementation flow and could be the result of non-optimal XDC constraints or non-optimal design architecture
Related violations: <none>

TIMING-16#239 Warning
Large setup violation  
There is a large setup violation of -1.299 ns between design_1_i/pipelined_layer_proc_0/inst/grp_dataflow_parent_loop_proc_fu_232/dataflow_in_loop_Depth_Loop_U0/tile_A_V_3_U/reg_valid0_reg/C (clocked by clk_fpga_0) and design_1_i/pipelined_layer_proc_0/inst/grp_dataflow_parent_loop_proc_fu_232/dataflow_in_loop_Depth_Loop_U0/compute_systolic_U0/big_tile_A_15_load_reg_15034_reg[214]/D (clocked by clk_fpga_0). Large setup violations at the end of those stages might be difficult to fix during the post-placement implementation flow and could be the result of non-optimal XDC constraints or non-optimal design architecture
Related violations: <none>

TIMING-16#240 Warning
Large setup violation  
There is a large setup violation of -1.302 ns between design_1_i/pipelined_layer_proc_0/inst/grp_dataflow_parent_loop_proc_fu_232/dataflow_in_loop_Depth_Loop_U0/compute_systolic_U0/grp_compute_systolic_Pipeline_Pulse_fu_3978_ap_start_reg_reg_replica_13/C (clocked by clk_fpga_0) and design_1_i/pipelined_layer_proc_0/inst/grp_dataflow_parent_loop_proc_fu_232/dataflow_in_loop_Depth_Loop_U0/compute_systolic_U0/grp_compute_systolic_Pipeline_Pulse_fu_3978/local_regs_V_129_fu_2166_reg[26]/CE (clocked by clk_fpga_0). Large setup violations at the end of those stages might be difficult to fix during the post-placement implementation flow and could be the result of non-optimal XDC constraints or non-optimal design architecture
Related violations: <none>

TIMING-16#241 Warning
Large setup violation  
There is a large setup violation of -1.305 ns between design_1_i/pipelined_layer_proc_0/inst/grp_dataflow_parent_loop_proc_fu_232/dataflow_in_loop_Depth_Loop_U0/compute_systolic_U0/ap_CS_fsm_reg[3]/C (clocked by clk_fpga_0) and design_1_i/pipelined_layer_proc_0/inst/grp_dataflow_parent_loop_proc_fu_232/dataflow_in_loop_Depth_Loop_U0/compute_systolic_U0/big_tile_A_9_load_reg_15004_reg[24]/CE (clocked by clk_fpga_0). Large setup violations at the end of those stages might be difficult to fix during the post-placement implementation flow and could be the result of non-optimal XDC constraints or non-optimal design architecture
Related violations: <none>

TIMING-16#242 Warning
Large setup violation  
There is a large setup violation of -1.305 ns between design_1_i/pipelined_layer_proc_0/inst/grp_dataflow_parent_loop_proc_fu_232/dataflow_in_loop_Depth_Loop_U0/compute_systolic_U0/ap_CS_fsm_reg[3]/C (clocked by clk_fpga_0) and design_1_i/pipelined_layer_proc_0/inst/grp_dataflow_parent_loop_proc_fu_232/dataflow_in_loop_Depth_Loop_U0/compute_systolic_U0/big_tile_A_9_load_reg_15004_reg[50]/CE (clocked by clk_fpga_0). Large setup violations at the end of those stages might be difficult to fix during the post-placement implementation flow and could be the result of non-optimal XDC constraints or non-optimal design architecture
Related violations: <none>

TIMING-16#243 Warning
Large setup violation  
There is a large setup violation of -1.305 ns between design_1_i/pipelined_layer_proc_0/inst/grp_dataflow_parent_loop_proc_fu_232/dataflow_in_loop_Depth_Loop_U0/compute_systolic_U0/ap_CS_fsm_reg[3]/C (clocked by clk_fpga_0) and design_1_i/pipelined_layer_proc_0/inst/grp_dataflow_parent_loop_proc_fu_232/dataflow_in_loop_Depth_Loop_U0/compute_systolic_U0/big_tile_A_9_load_reg_15004_reg[66]/CE (clocked by clk_fpga_0). Large setup violations at the end of those stages might be difficult to fix during the post-placement implementation flow and could be the result of non-optimal XDC constraints or non-optimal design architecture
Related violations: <none>

TIMING-16#244 Warning
Large setup violation  
There is a large setup violation of -1.308 ns between design_1_i/pipelined_layer_proc_0/inst/grp_dataflow_parent_loop_proc_fu_232/dataflow_in_loop_Depth_Loop_U0/compute_systolic_U0/grp_compute_systolic_Pipeline_Load_Cache_Row_fu_3428_ap_start_reg_reg/C (clocked by clk_fpga_0) and design_1_i/pipelined_layer_proc_0/inst/grp_dataflow_parent_loop_proc_fu_232/dataflow_in_loop_Depth_Loop_U0/compute_systolic_U0/grp_compute_systolic_Pipeline_Load_Cache_Row_fu_3428/local_regs_V_626_fu_1656_reg[9]/CE (clocked by clk_fpga_0). Large setup violations at the end of those stages might be difficult to fix during the post-placement implementation flow and could be the result of non-optimal XDC constraints or non-optimal design architecture
Related violations: <none>

TIMING-16#245 Warning
Large setup violation  
There is a large setup violation of -1.308 ns between design_1_i/pipelined_layer_proc_0/inst/grp_dataflow_parent_loop_proc_fu_232/dataflow_in_loop_Depth_Loop_U0/compute_systolic_U0/grp_compute_systolic_Pipeline_Load_Cache_Row_fu_3428_ap_start_reg_reg/C (clocked by clk_fpga_0) and design_1_i/pipelined_layer_proc_0/inst/grp_dataflow_parent_loop_proc_fu_232/dataflow_in_loop_Depth_Loop_U0/compute_systolic_U0/grp_compute_systolic_Pipeline_Load_Cache_Row_fu_3428/local_regs_V_628_fu_1664_reg[0]/CE (clocked by clk_fpga_0). Large setup violations at the end of those stages might be difficult to fix during the post-placement implementation flow and could be the result of non-optimal XDC constraints or non-optimal design architecture
Related violations: <none>

TIMING-16#246 Warning
Large setup violation  
There is a large setup violation of -1.312 ns between design_1_i/pipelined_layer_proc_0/inst/grp_dataflow_parent_loop_proc_fu_232/dataflow_in_loop_Depth_Loop_U0/compute_systolic_U0/grp_compute_systolic_Pipeline_Load_Cache_Row_fu_3428/trunc_ln55_reg_11237_reg[0]/C (clocked by clk_fpga_0) and design_1_i/pipelined_layer_proc_0/inst/grp_dataflow_parent_loop_proc_fu_232/dataflow_in_loop_Depth_Loop_U0/compute_systolic_U0/grp_compute_systolic_Pipeline_Load_Cache_Row_fu_3428/local_regs_V_565_fu_1412_reg[0]/CE (clocked by clk_fpga_0). Large setup violations at the end of those stages might be difficult to fix during the post-placement implementation flow and could be the result of non-optimal XDC constraints or non-optimal design architecture
Related violations: <none>

TIMING-16#247 Warning
Large setup violation  
There is a large setup violation of -1.312 ns between design_1_i/pipelined_layer_proc_0/inst/grp_dataflow_parent_loop_proc_fu_232/dataflow_in_loop_Depth_Loop_U0/compute_systolic_U0/grp_compute_systolic_Pipeline_Load_Cache_Row_fu_3428/trunc_ln55_reg_11237_reg[0]/C (clocked by clk_fpga_0) and design_1_i/pipelined_layer_proc_0/inst/grp_dataflow_parent_loop_proc_fu_232/dataflow_in_loop_Depth_Loop_U0/compute_systolic_U0/grp_compute_systolic_Pipeline_Load_Cache_Row_fu_3428/local_regs_V_565_fu_1412_reg[3]/CE (clocked by clk_fpga_0). Large setup violations at the end of those stages might be difficult to fix during the post-placement implementation flow and could be the result of non-optimal XDC constraints or non-optimal design architecture
Related violations: <none>

TIMING-16#248 Warning
Large setup violation  
There is a large setup violation of -1.312 ns between design_1_i/pipelined_layer_proc_0/inst/grp_dataflow_parent_loop_proc_fu_232/dataflow_in_loop_Depth_Loop_U0/compute_systolic_U0/grp_compute_systolic_Pipeline_Load_Cache_Row_fu_3428/trunc_ln55_reg_11237_reg[0]/C (clocked by clk_fpga_0) and design_1_i/pipelined_layer_proc_0/inst/grp_dataflow_parent_loop_proc_fu_232/dataflow_in_loop_Depth_Loop_U0/compute_systolic_U0/grp_compute_systolic_Pipeline_Load_Cache_Row_fu_3428/local_regs_V_565_fu_1412_reg[5]/CE (clocked by clk_fpga_0). Large setup violations at the end of those stages might be difficult to fix during the post-placement implementation flow and could be the result of non-optimal XDC constraints or non-optimal design architecture
Related violations: <none>

TIMING-16#249 Warning
Large setup violation  
There is a large setup violation of -1.313 ns between design_1_i/pipelined_layer_proc_0/inst/grp_dataflow_parent_loop_proc_fu_232/dataflow_in_loop_Depth_Loop_U0/tile_A_V_3_U/reg_valid0_reg/C (clocked by clk_fpga_0) and design_1_i/pipelined_layer_proc_0/inst/grp_dataflow_parent_loop_proc_fu_232/dataflow_in_loop_Depth_Loop_U0/compute_systolic_U0/big_tile_A_15_load_reg_15034_reg[213]/D (clocked by clk_fpga_0). Large setup violations at the end of those stages might be difficult to fix during the post-placement implementation flow and could be the result of non-optimal XDC constraints or non-optimal design architecture
Related violations: <none>

TIMING-16#250 Warning
Large setup violation  
There is a large setup violation of -1.318 ns between design_1_i/pipelined_layer_proc_0/inst/grp_dataflow_parent_loop_proc_fu_232/dataflow_in_loop_Depth_Loop_U0/tile_A_V_3_U/reg_valid0_reg/C (clocked by clk_fpga_0) and design_1_i/pipelined_layer_proc_0/inst/grp_dataflow_parent_loop_proc_fu_232/dataflow_in_loop_Depth_Loop_U0/compute_systolic_U0/big_tile_A_3_load_reg_14974_reg[184]/D (clocked by clk_fpga_0). Large setup violations at the end of those stages might be difficult to fix during the post-placement implementation flow and could be the result of non-optimal XDC constraints or non-optimal design architecture
Related violations: <none>

TIMING-16#251 Warning
Large setup violation  
There is a large setup violation of -1.319 ns between design_1_i/pipelined_layer_proc_0/inst/grp_dataflow_parent_loop_proc_fu_232/dataflow_in_loop_Depth_Loop_U0/tile_A_V_3_U/reg_valid0_reg/C (clocked by clk_fpga_0) and design_1_i/pipelined_layer_proc_0/inst/grp_dataflow_parent_loop_proc_fu_232/dataflow_in_loop_Depth_Loop_U0/compute_systolic_U0/big_tile_A_3_load_reg_14974_reg[158]/D (clocked by clk_fpga_0). Large setup violations at the end of those stages might be difficult to fix during the post-placement implementation flow and could be the result of non-optimal XDC constraints or non-optimal design architecture
Related violations: <none>

TIMING-16#252 Warning
Large setup violation  
There is a large setup violation of -1.320 ns between design_1_i/pipelined_layer_proc_0/inst/grp_dataflow_parent_loop_proc_fu_232/dataflow_in_loop_Depth_Loop_U0/tile_A_V_3_U/reg_valid0_reg/C (clocked by clk_fpga_0) and design_1_i/pipelined_layer_proc_0/inst/grp_dataflow_parent_loop_proc_fu_232/dataflow_in_loop_Depth_Loop_U0/compute_systolic_U0/big_tile_A_15_load_reg_15034_reg[148]/D (clocked by clk_fpga_0). Large setup violations at the end of those stages might be difficult to fix during the post-placement implementation flow and could be the result of non-optimal XDC constraints or non-optimal design architecture
Related violations: <none>

TIMING-16#253 Warning
Large setup violation  
There is a large setup violation of -1.323 ns between design_1_i/pipelined_layer_proc_0/inst/grp_dataflow_parent_loop_proc_fu_232/dataflow_in_loop_Depth_Loop_U0/tile_A_V_3_U/reg_valid0_reg/C (clocked by clk_fpga_0) and design_1_i/pipelined_layer_proc_0/inst/grp_dataflow_parent_loop_proc_fu_232/dataflow_in_loop_Depth_Loop_U0/compute_systolic_U0/big_tile_A_3_load_reg_14974_reg[160]/D (clocked by clk_fpga_0). Large setup violations at the end of those stages might be difficult to fix during the post-placement implementation flow and could be the result of non-optimal XDC constraints or non-optimal design architecture
Related violations: <none>

TIMING-16#254 Warning
Large setup violation  
There is a large setup violation of -1.323 ns between design_1_i/pipelined_layer_proc_0/inst/grp_dataflow_parent_loop_proc_fu_232/dataflow_in_loop_Depth_Loop_U0/tile_A_V_3_U/reg_valid0_reg/C (clocked by clk_fpga_0) and design_1_i/pipelined_layer_proc_0/inst/grp_dataflow_parent_loop_proc_fu_232/dataflow_in_loop_Depth_Loop_U0/compute_systolic_U0/big_tile_A_4_load_reg_14979_reg[107]/D (clocked by clk_fpga_0). Large setup violations at the end of those stages might be difficult to fix during the post-placement implementation flow and could be the result of non-optimal XDC constraints or non-optimal design architecture
Related violations: <none>

TIMING-16#255 Warning
Large setup violation  
There is a large setup violation of -1.324 ns between design_1_i/pipelined_layer_proc_0/inst/grp_dataflow_parent_loop_proc_fu_232/dataflow_in_loop_Depth_Loop_U0/compute_systolic_U0/grp_compute_systolic_Pipeline_Load_Cache_Row_fu_3428_ap_start_reg_reg/C (clocked by clk_fpga_0) and design_1_i/pipelined_layer_proc_0/inst/grp_dataflow_parent_loop_proc_fu_232/dataflow_in_loop_Depth_Loop_U0/compute_systolic_U0/grp_compute_systolic_Pipeline_Load_Cache_Row_fu_3428/local_regs_V_643_fu_1724_reg[10]/D (clocked by clk_fpga_0). Large setup violations at the end of those stages might be difficult to fix during the post-placement implementation flow and could be the result of non-optimal XDC constraints or non-optimal design architecture
Related violations: <none>

TIMING-16#256 Warning
Large setup violation  
There is a large setup violation of -1.325 ns between design_1_i/pipelined_layer_proc_0/inst/gmem0_m_axi_U/bus_write/wreq_throttle/data_fifo/raddr_reg[0]_rep/C (clocked by clk_fpga_0) and design_1_i/pipelined_layer_proc_0/inst/gmem0_m_axi_U/bus_write/wreq_throttle/data_fifo/U_fifo_srl/dout_reg[107]/D (clocked by clk_fpga_0). Large setup violations at the end of those stages might be difficult to fix during the post-placement implementation flow and could be the result of non-optimal XDC constraints or non-optimal design architecture
Related violations: <none>

TIMING-16#257 Warning
Large setup violation  
There is a large setup violation of -1.326 ns between design_1_i/pipelined_layer_proc_0/inst/grp_dataflow_parent_loop_proc_fu_232/dataflow_in_loop_Depth_Loop_U0/tile_A_V_3_U/reg_valid0_reg/C (clocked by clk_fpga_0) and design_1_i/pipelined_layer_proc_0/inst/grp_dataflow_parent_loop_proc_fu_232/dataflow_in_loop_Depth_Loop_U0/compute_systolic_U0/big_tile_A_4_load_reg_14979_reg[131]/D (clocked by clk_fpga_0). Large setup violations at the end of those stages might be difficult to fix during the post-placement implementation flow and could be the result of non-optimal XDC constraints or non-optimal design architecture
Related violations: <none>

TIMING-16#258 Warning
Large setup violation  
There is a large setup violation of -1.332 ns between design_1_i/pipelined_layer_proc_0/inst/grp_dataflow_parent_loop_proc_fu_232/dataflow_in_loop_Depth_Loop_U0/tile_A_V_3_U/reg_valid0_reg/C (clocked by clk_fpga_0) and design_1_i/pipelined_layer_proc_0/inst/grp_dataflow_parent_loop_proc_fu_232/dataflow_in_loop_Depth_Loop_U0/compute_systolic_U0/big_tile_A_3_load_reg_14974_reg[154]/D (clocked by clk_fpga_0). Large setup violations at the end of those stages might be difficult to fix during the post-placement implementation flow and could be the result of non-optimal XDC constraints or non-optimal design architecture
Related violations: <none>

TIMING-16#259 Warning
Large setup violation  
There is a large setup violation of -1.336 ns between design_1_i/pipelined_layer_proc_0/inst/grp_dataflow_parent_loop_proc_fu_232/dataflow_in_loop_Depth_Loop_U0/tile_A_V_3_U/reg_valid0_reg/C (clocked by clk_fpga_0) and design_1_i/pipelined_layer_proc_0/inst/grp_dataflow_parent_loop_proc_fu_232/dataflow_in_loop_Depth_Loop_U0/compute_systolic_U0/big_tile_A_4_load_reg_14979_reg[164]/D (clocked by clk_fpga_0). Large setup violations at the end of those stages might be difficult to fix during the post-placement implementation flow and could be the result of non-optimal XDC constraints or non-optimal design architecture
Related violations: <none>

TIMING-16#260 Warning
Large setup violation  
There is a large setup violation of -1.339 ns between design_1_i/pipelined_layer_proc_0/inst/grp_dataflow_parent_loop_proc_fu_232/dataflow_in_loop_Depth_Loop_U0/compute_systolic_U0/grp_compute_systolic_Pipeline_Pulse_fu_3978_ap_start_reg_reg_replica_13/C (clocked by clk_fpga_0) and design_1_i/pipelined_layer_proc_0/inst/grp_dataflow_parent_loop_proc_fu_232/dataflow_in_loop_Depth_Loop_U0/compute_systolic_U0/grp_compute_systolic_Pipeline_Pulse_fu_3978/local_regs_V_114_fu_2226_reg[20]/CE (clocked by clk_fpga_0). Large setup violations at the end of those stages might be difficult to fix during the post-placement implementation flow and could be the result of non-optimal XDC constraints or non-optimal design architecture
Related violations: <none>

TIMING-16#261 Warning
Large setup violation  
There is a large setup violation of -1.339 ns between design_1_i/pipelined_layer_proc_0/inst/grp_dataflow_parent_loop_proc_fu_232/dataflow_in_loop_Depth_Loop_U0/compute_systolic_U0/grp_compute_systolic_Pipeline_Pulse_fu_3978_ap_start_reg_reg_replica_13/C (clocked by clk_fpga_0) and design_1_i/pipelined_layer_proc_0/inst/grp_dataflow_parent_loop_proc_fu_232/dataflow_in_loop_Depth_Loop_U0/compute_systolic_U0/grp_compute_systolic_Pipeline_Pulse_fu_3978/local_regs_V_114_fu_2226_reg[23]/CE (clocked by clk_fpga_0). Large setup violations at the end of those stages might be difficult to fix during the post-placement implementation flow and could be the result of non-optimal XDC constraints or non-optimal design architecture
Related violations: <none>

TIMING-16#262 Warning
Large setup violation  
There is a large setup violation of -1.339 ns between design_1_i/pipelined_layer_proc_0/inst/grp_dataflow_parent_loop_proc_fu_232/dataflow_in_loop_Depth_Loop_U0/compute_systolic_U0/grp_compute_systolic_Pipeline_Pulse_fu_3978_ap_start_reg_reg_replica_13/C (clocked by clk_fpga_0) and design_1_i/pipelined_layer_proc_0/inst/grp_dataflow_parent_loop_proc_fu_232/dataflow_in_loop_Depth_Loop_U0/compute_systolic_U0/grp_compute_systolic_Pipeline_Pulse_fu_3978/local_regs_V_114_fu_2226_reg[24]/CE (clocked by clk_fpga_0). Large setup violations at the end of those stages might be difficult to fix during the post-placement implementation flow and could be the result of non-optimal XDC constraints or non-optimal design architecture
Related violations: <none>

TIMING-16#263 Warning
Large setup violation  
There is a large setup violation of -1.339 ns between design_1_i/pipelined_layer_proc_0/inst/grp_dataflow_parent_loop_proc_fu_232/dataflow_in_loop_Depth_Loop_U0/compute_systolic_U0/grp_compute_systolic_Pipeline_Pulse_fu_3978_ap_start_reg_reg_replica_13/C (clocked by clk_fpga_0) and design_1_i/pipelined_layer_proc_0/inst/grp_dataflow_parent_loop_proc_fu_232/dataflow_in_loop_Depth_Loop_U0/compute_systolic_U0/grp_compute_systolic_Pipeline_Pulse_fu_3978/local_regs_V_114_fu_2226_reg[25]/CE (clocked by clk_fpga_0). Large setup violations at the end of those stages might be difficult to fix during the post-placement implementation flow and could be the result of non-optimal XDC constraints or non-optimal design architecture
Related violations: <none>

TIMING-16#264 Warning
Large setup violation  
There is a large setup violation of -1.346 ns between design_1_i/pipelined_layer_proc_0/inst/grp_dataflow_parent_loop_proc_fu_232/dataflow_in_loop_Depth_Loop_U0/compute_systolic_U0/grp_compute_systolic_Pipeline_Load_Cache_Row_fu_3428_ap_start_reg_reg/C (clocked by clk_fpga_0) and design_1_i/pipelined_layer_proc_0/inst/grp_dataflow_parent_loop_proc_fu_232/dataflow_in_loop_Depth_Loop_U0/compute_systolic_U0/grp_compute_systolic_Pipeline_Load_Cache_Row_fu_3428/local_regs_V_621_fu_1636_reg[17]/CE (clocked by clk_fpga_0). Large setup violations at the end of those stages might be difficult to fix during the post-placement implementation flow and could be the result of non-optimal XDC constraints or non-optimal design architecture
Related violations: <none>

TIMING-16#265 Warning
Large setup violation  
There is a large setup violation of -1.350 ns between design_1_i/pipelined_layer_proc_0/inst/grp_dataflow_parent_loop_proc_fu_232/dataflow_in_loop_Depth_Loop_U0/compute_systolic_U0/ap_CS_fsm_reg[3]/C (clocked by clk_fpga_0) and design_1_i/pipelined_layer_proc_0/inst/grp_dataflow_parent_loop_proc_fu_232/dataflow_in_loop_Depth_Loop_U0/compute_systolic_U0/big_tile_A_15_load_reg_15034_reg[35]/CE (clocked by clk_fpga_0). Large setup violations at the end of those stages might be difficult to fix during the post-placement implementation flow and could be the result of non-optimal XDC constraints or non-optimal design architecture
Related violations: <none>

TIMING-16#266 Warning
Large setup violation  
There is a large setup violation of -1.350 ns between design_1_i/pipelined_layer_proc_0/inst/grp_dataflow_parent_loop_proc_fu_232/dataflow_in_loop_Depth_Loop_U0/compute_systolic_U0/ap_CS_fsm_reg[3]/C (clocked by clk_fpga_0) and design_1_i/pipelined_layer_proc_0/inst/grp_dataflow_parent_loop_proc_fu_232/dataflow_in_loop_Depth_Loop_U0/compute_systolic_U0/big_tile_A_15_load_reg_15034_reg[67]/CE (clocked by clk_fpga_0). Large setup violations at the end of those stages might be difficult to fix during the post-placement implementation flow and could be the result of non-optimal XDC constraints or non-optimal design architecture
Related violations: <none>

TIMING-16#267 Warning
Large setup violation  
There is a large setup violation of -1.350 ns between design_1_i/pipelined_layer_proc_0/inst/grp_dataflow_parent_loop_proc_fu_232/dataflow_in_loop_Depth_Loop_U0/tile_A_V_3_U/reg_valid0_reg/C (clocked by clk_fpga_0) and design_1_i/pipelined_layer_proc_0/inst/grp_dataflow_parent_loop_proc_fu_232/dataflow_in_loop_Depth_Loop_U0/compute_systolic_U0/big_tile_A_4_load_reg_14979_reg[89]/D (clocked by clk_fpga_0). Large setup violations at the end of those stages might be difficult to fix during the post-placement implementation flow and could be the result of non-optimal XDC constraints or non-optimal design architecture
Related violations: <none>

TIMING-16#268 Warning
Large setup violation  
There is a large setup violation of -1.352 ns between design_1_i/pipelined_layer_proc_0/inst/grp_dataflow_parent_loop_proc_fu_232/dataflow_in_loop_Depth_Loop_U0/compute_systolic_U0/grp_compute_systolic_Pipeline_Load_Cache_Row_fu_3428_ap_start_reg_reg/C (clocked by clk_fpga_0) and design_1_i/pipelined_layer_proc_0/inst/grp_dataflow_parent_loop_proc_fu_232/dataflow_in_loop_Depth_Loop_U0/compute_systolic_U0/grp_compute_systolic_Pipeline_Load_Cache_Row_fu_3428/local_regs_V_522_fu_1240_reg[4]/D (clocked by clk_fpga_0). Large setup violations at the end of those stages might be difficult to fix during the post-placement implementation flow and could be the result of non-optimal XDC constraints or non-optimal design architecture
Related violations: <none>

TIMING-16#269 Warning
Large setup violation  
There is a large setup violation of -1.353 ns between design_1_i/pipelined_layer_proc_0/inst/gmem0_m_axi_U/bus_write/wreq_throttle/data_fifo/raddr_reg[2]_rep/C (clocked by clk_fpga_0) and design_1_i/pipelined_layer_proc_0/inst/gmem0_m_axi_U/bus_write/wreq_throttle/data_fifo/U_fifo_srl/dout_reg[83]/D (clocked by clk_fpga_0). Large setup violations at the end of those stages might be difficult to fix during the post-placement implementation flow and could be the result of non-optimal XDC constraints or non-optimal design architecture
Related violations: <none>

TIMING-16#270 Warning
Large setup violation  
There is a large setup violation of -1.353 ns between design_1_i/pipelined_layer_proc_0/inst/grp_dataflow_parent_loop_proc_fu_232/dataflow_in_loop_Depth_Loop_U0/tile_A_V_3_U/reg_valid0_reg/C (clocked by clk_fpga_0) and design_1_i/pipelined_layer_proc_0/inst/grp_dataflow_parent_loop_proc_fu_232/dataflow_in_loop_Depth_Loop_U0/compute_systolic_U0/big_tile_A_3_load_reg_14974_reg[196]/D (clocked by clk_fpga_0). Large setup violations at the end of those stages might be difficult to fix during the post-placement implementation flow and could be the result of non-optimal XDC constraints or non-optimal design architecture
Related violations: <none>

TIMING-16#271 Warning
Large setup violation  
There is a large setup violation of -1.356 ns between design_1_i/pipelined_layer_proc_0/inst/grp_dataflow_parent_loop_proc_fu_232/dataflow_in_loop_Depth_Loop_U0/compute_systolic_U0/grp_compute_systolic_Pipeline_Load_Cache_Row_fu_3428_ap_start_reg_reg/C (clocked by clk_fpga_0) and design_1_i/pipelined_layer_proc_0/inst/grp_dataflow_parent_loop_proc_fu_232/dataflow_in_loop_Depth_Loop_U0/compute_systolic_U0/grp_compute_systolic_Pipeline_Load_Cache_Row_fu_3428/local_regs_V_522_fu_1240_reg[23]/D (clocked by clk_fpga_0). Large setup violations at the end of those stages might be difficult to fix during the post-placement implementation flow and could be the result of non-optimal XDC constraints or non-optimal design architecture
Related violations: <none>

TIMING-16#272 Warning
Large setup violation  
There is a large setup violation of -1.357 ns between design_1_i/pipelined_layer_proc_0/inst/grp_dataflow_parent_loop_proc_fu_232/dataflow_in_loop_Depth_Loop_U0/compute_systolic_U0/grp_compute_systolic_Pipeline_Load_Cache_Row_fu_3428_ap_start_reg_reg/C (clocked by clk_fpga_0) and design_1_i/pipelined_layer_proc_0/inst/grp_dataflow_parent_loop_proc_fu_232/dataflow_in_loop_Depth_Loop_U0/compute_systolic_U0/grp_compute_systolic_Pipeline_Load_Cache_Row_fu_3428/local_regs_V_522_fu_1240_reg[27]/D (clocked by clk_fpga_0). Large setup violations at the end of those stages might be difficult to fix during the post-placement implementation flow and could be the result of non-optimal XDC constraints or non-optimal design architecture
Related violations: <none>

TIMING-16#273 Warning
Large setup violation  
There is a large setup violation of -1.362 ns between design_1_i/pipelined_layer_proc_0/inst/grp_dataflow_parent_loop_proc_fu_232/dataflow_in_loop_Depth_Loop_U0/compute_systolic_U0/grp_compute_systolic_Pipeline_Pulse_fu_3978_ap_start_reg_reg_replica_13/C (clocked by clk_fpga_0) and design_1_i/pipelined_layer_proc_0/inst/grp_dataflow_parent_loop_proc_fu_232/dataflow_in_loop_Depth_Loop_U0/compute_systolic_U0/grp_compute_systolic_Pipeline_Pulse_fu_3978/local_regs_V_114_fu_2226_reg[12]/CE (clocked by clk_fpga_0). Large setup violations at the end of those stages might be difficult to fix during the post-placement implementation flow and could be the result of non-optimal XDC constraints or non-optimal design architecture
Related violations: <none>

TIMING-16#274 Warning
Large setup violation  
There is a large setup violation of -1.362 ns between design_1_i/pipelined_layer_proc_0/inst/grp_dataflow_parent_loop_proc_fu_232/dataflow_in_loop_Depth_Loop_U0/compute_systolic_U0/grp_compute_systolic_Pipeline_Pulse_fu_3978_ap_start_reg_reg_replica_13/C (clocked by clk_fpga_0) and design_1_i/pipelined_layer_proc_0/inst/grp_dataflow_parent_loop_proc_fu_232/dataflow_in_loop_Depth_Loop_U0/compute_systolic_U0/grp_compute_systolic_Pipeline_Pulse_fu_3978/local_regs_V_114_fu_2226_reg[13]/CE (clocked by clk_fpga_0). Large setup violations at the end of those stages might be difficult to fix during the post-placement implementation flow and could be the result of non-optimal XDC constraints or non-optimal design architecture
Related violations: <none>

TIMING-16#275 Warning
Large setup violation  
There is a large setup violation of -1.362 ns between design_1_i/pipelined_layer_proc_0/inst/grp_dataflow_parent_loop_proc_fu_232/dataflow_in_loop_Depth_Loop_U0/compute_systolic_U0/grp_compute_systolic_Pipeline_Pulse_fu_3978_ap_start_reg_reg_replica_13/C (clocked by clk_fpga_0) and design_1_i/pipelined_layer_proc_0/inst/grp_dataflow_parent_loop_proc_fu_232/dataflow_in_loop_Depth_Loop_U0/compute_systolic_U0/grp_compute_systolic_Pipeline_Pulse_fu_3978/local_regs_V_114_fu_2226_reg[14]/CE (clocked by clk_fpga_0). Large setup violations at the end of those stages might be difficult to fix during the post-placement implementation flow and could be the result of non-optimal XDC constraints or non-optimal design architecture
Related violations: <none>

TIMING-16#276 Warning
Large setup violation  
There is a large setup violation of -1.362 ns between design_1_i/pipelined_layer_proc_0/inst/grp_dataflow_parent_loop_proc_fu_232/dataflow_in_loop_Depth_Loop_U0/compute_systolic_U0/grp_compute_systolic_Pipeline_Pulse_fu_3978_ap_start_reg_reg_replica_13/C (clocked by clk_fpga_0) and design_1_i/pipelined_layer_proc_0/inst/grp_dataflow_parent_loop_proc_fu_232/dataflow_in_loop_Depth_Loop_U0/compute_systolic_U0/grp_compute_systolic_Pipeline_Pulse_fu_3978/local_regs_V_114_fu_2226_reg[30]/CE (clocked by clk_fpga_0). Large setup violations at the end of those stages might be difficult to fix during the post-placement implementation flow and could be the result of non-optimal XDC constraints or non-optimal design architecture
Related violations: <none>

TIMING-16#277 Warning
Large setup violation  
There is a large setup violation of -1.365 ns between design_1_i/pipelined_layer_proc_0/inst/grp_dataflow_parent_loop_proc_fu_232/dataflow_in_loop_Depth_Loop_U0/tile_A_V_3_U/reg_valid0_reg/C (clocked by clk_fpga_0) and design_1_i/pipelined_layer_proc_0/inst/grp_dataflow_parent_loop_proc_fu_232/dataflow_in_loop_Depth_Loop_U0/compute_systolic_U0/big_tile_A_15_load_reg_15034_reg[172]/D (clocked by clk_fpga_0). Large setup violations at the end of those stages might be difficult to fix during the post-placement implementation flow and could be the result of non-optimal XDC constraints or non-optimal design architecture
Related violations: <none>

TIMING-16#278 Warning
Large setup violation  
There is a large setup violation of -1.367 ns between design_1_i/pipelined_layer_proc_0/inst/grp_dataflow_parent_loop_proc_fu_232/dataflow_in_loop_Depth_Loop_U0/compute_systolic_U0/grp_compute_systolic_Pipeline_Load_Cache_Row_fu_3428_ap_start_reg_reg/C (clocked by clk_fpga_0) and design_1_i/pipelined_layer_proc_0/inst/grp_dataflow_parent_loop_proc_fu_232/dataflow_in_loop_Depth_Loop_U0/compute_systolic_U0/grp_compute_systolic_Pipeline_Load_Cache_Row_fu_3428/local_regs_V_661_fu_1796_reg[17]/CE (clocked by clk_fpga_0). Large setup violations at the end of those stages might be difficult to fix during the post-placement implementation flow and could be the result of non-optimal XDC constraints or non-optimal design architecture
Related violations: <none>

TIMING-16#279 Warning
Large setup violation  
There is a large setup violation of -1.367 ns between design_1_i/pipelined_layer_proc_0/inst/grp_dataflow_parent_loop_proc_fu_232/dataflow_in_loop_Depth_Loop_U0/compute_systolic_U0/grp_compute_systolic_Pipeline_Load_Cache_Row_fu_3428_ap_start_reg_reg/C (clocked by clk_fpga_0) and design_1_i/pipelined_layer_proc_0/inst/grp_dataflow_parent_loop_proc_fu_232/dataflow_in_loop_Depth_Loop_U0/compute_systolic_U0/grp_compute_systolic_Pipeline_Load_Cache_Row_fu_3428/local_regs_V_661_fu_1796_reg[24]/CE (clocked by clk_fpga_0). Large setup violations at the end of those stages might be difficult to fix during the post-placement implementation flow and could be the result of non-optimal XDC constraints or non-optimal design architecture
Related violations: <none>

TIMING-16#280 Warning
Large setup violation  
There is a large setup violation of -1.367 ns between design_1_i/pipelined_layer_proc_0/inst/grp_dataflow_parent_loop_proc_fu_232/dataflow_in_loop_Depth_Loop_U0/compute_systolic_U0/grp_compute_systolic_Pipeline_Load_Cache_Row_fu_3428_ap_start_reg_reg/C (clocked by clk_fpga_0) and design_1_i/pipelined_layer_proc_0/inst/grp_dataflow_parent_loop_proc_fu_232/dataflow_in_loop_Depth_Loop_U0/compute_systolic_U0/grp_compute_systolic_Pipeline_Load_Cache_Row_fu_3428/local_regs_V_661_fu_1796_reg[28]/CE (clocked by clk_fpga_0). Large setup violations at the end of those stages might be difficult to fix during the post-placement implementation flow and could be the result of non-optimal XDC constraints or non-optimal design architecture
Related violations: <none>

TIMING-16#281 Warning
Large setup violation  
There is a large setup violation of -1.367 ns between design_1_i/pipelined_layer_proc_0/inst/grp_dataflow_parent_loop_proc_fu_232/dataflow_in_loop_Depth_Loop_U0/compute_systolic_U0/grp_compute_systolic_Pipeline_Load_Cache_Row_fu_3428_ap_start_reg_reg/C (clocked by clk_fpga_0) and design_1_i/pipelined_layer_proc_0/inst/grp_dataflow_parent_loop_proc_fu_232/dataflow_in_loop_Depth_Loop_U0/compute_systolic_U0/grp_compute_systolic_Pipeline_Load_Cache_Row_fu_3428/local_regs_V_713_fu_2004_reg[19]/CE (clocked by clk_fpga_0). Large setup violations at the end of those stages might be difficult to fix during the post-placement implementation flow and could be the result of non-optimal XDC constraints or non-optimal design architecture
Related violations: <none>

TIMING-16#282 Warning
Large setup violation  
There is a large setup violation of -1.367 ns between design_1_i/pipelined_layer_proc_0/inst/grp_dataflow_parent_loop_proc_fu_232/dataflow_in_loop_Depth_Loop_U0/compute_systolic_U0/grp_compute_systolic_Pipeline_Load_Cache_Row_fu_3428_ap_start_reg_reg/C (clocked by clk_fpga_0) and design_1_i/pipelined_layer_proc_0/inst/grp_dataflow_parent_loop_proc_fu_232/dataflow_in_loop_Depth_Loop_U0/compute_systolic_U0/grp_compute_systolic_Pipeline_Load_Cache_Row_fu_3428/local_regs_V_713_fu_2004_reg[20]/CE (clocked by clk_fpga_0). Large setup violations at the end of those stages might be difficult to fix during the post-placement implementation flow and could be the result of non-optimal XDC constraints or non-optimal design architecture
Related violations: <none>

TIMING-16#283 Warning
Large setup violation  
There is a large setup violation of -1.367 ns between design_1_i/pipelined_layer_proc_0/inst/grp_dataflow_parent_loop_proc_fu_232/dataflow_in_loop_Depth_Loop_U0/compute_systolic_U0/grp_compute_systolic_Pipeline_Load_Cache_Row_fu_3428_ap_start_reg_reg/C (clocked by clk_fpga_0) and design_1_i/pipelined_layer_proc_0/inst/grp_dataflow_parent_loop_proc_fu_232/dataflow_in_loop_Depth_Loop_U0/compute_systolic_U0/grp_compute_systolic_Pipeline_Load_Cache_Row_fu_3428/local_regs_V_713_fu_2004_reg[25]/CE (clocked by clk_fpga_0). Large setup violations at the end of those stages might be difficult to fix during the post-placement implementation flow and could be the result of non-optimal XDC constraints or non-optimal design architecture
Related violations: <none>

TIMING-16#284 Warning
Large setup violation  
There is a large setup violation of -1.368 ns between design_1_i/pipelined_layer_proc_0/inst/grp_dataflow_parent_loop_proc_fu_232/dataflow_in_loop_Depth_Loop_U0/compute_systolic_U0/grp_compute_systolic_Pipeline_Pulse_fu_3978_ap_start_reg_reg_replica_13/C (clocked by clk_fpga_0) and design_1_i/pipelined_layer_proc_0/inst/grp_dataflow_parent_loop_proc_fu_232/dataflow_in_loop_Depth_Loop_U0/compute_systolic_U0/grp_compute_systolic_Pipeline_Pulse_fu_3978/local_regs_V_136_fu_2138_reg[20]/CE (clocked by clk_fpga_0). Large setup violations at the end of those stages might be difficult to fix during the post-placement implementation flow and could be the result of non-optimal XDC constraints or non-optimal design architecture
Related violations: <none>

TIMING-16#285 Warning
Large setup violation  
There is a large setup violation of -1.368 ns between design_1_i/pipelined_layer_proc_0/inst/grp_dataflow_parent_loop_proc_fu_232/dataflow_in_loop_Depth_Loop_U0/compute_systolic_U0/grp_compute_systolic_Pipeline_Pulse_fu_3978_ap_start_reg_reg_replica_7/C (clocked by clk_fpga_0) and design_1_i/pipelined_layer_proc_0/inst/grp_dataflow_parent_loop_proc_fu_232/dataflow_in_loop_Depth_Loop_U0/compute_systolic_U0/grp_compute_systolic_Pipeline_Pulse_fu_3978/h_wires_V_2_reg_15382_reg[0]/D (clocked by clk_fpga_0). Large setup violations at the end of those stages might be difficult to fix during the post-placement implementation flow and could be the result of non-optimal XDC constraints or non-optimal design architecture
Related violations: <none>

TIMING-16#286 Warning
Large setup violation  
There is a large setup violation of -1.369 ns between design_1_i/pipelined_layer_proc_0/inst/grp_dataflow_parent_loop_proc_fu_232/dataflow_in_loop_Depth_Loop_U0/tile_A_V_3_U/reg_valid0_reg/C (clocked by clk_fpga_0) and design_1_i/pipelined_layer_proc_0/inst/grp_dataflow_parent_loop_proc_fu_232/dataflow_in_loop_Depth_Loop_U0/compute_systolic_U0/big_tile_A_15_load_reg_15034_reg[196]/D (clocked by clk_fpga_0). Large setup violations at the end of those stages might be difficult to fix during the post-placement implementation flow and could be the result of non-optimal XDC constraints or non-optimal design architecture
Related violations: <none>

TIMING-16#287 Warning
Large setup violation  
There is a large setup violation of -1.370 ns between design_1_i/pipelined_layer_proc_0/inst/grp_dataflow_parent_loop_proc_fu_232/dataflow_in_loop_Depth_Loop_U0/compute_systolic_U0/ap_CS_fsm_reg[3]/C (clocked by clk_fpga_0) and design_1_i/pipelined_layer_proc_0/inst/grp_dataflow_parent_loop_proc_fu_232/dataflow_in_loop_Depth_Loop_U0/compute_systolic_U0/big_tile_A_1_load_reg_14964_reg[165]/CE (clocked by clk_fpga_0). Large setup violations at the end of those stages might be difficult to fix during the post-placement implementation flow and could be the result of non-optimal XDC constraints or non-optimal design architecture
Related violations: <none>

TIMING-16#288 Warning
Large setup violation  
There is a large setup violation of -1.370 ns between design_1_i/pipelined_layer_proc_0/inst/grp_dataflow_parent_loop_proc_fu_232/dataflow_in_loop_Depth_Loop_U0/compute_systolic_U0/ap_CS_fsm_reg[3]/C (clocked by clk_fpga_0) and design_1_i/pipelined_layer_proc_0/inst/grp_dataflow_parent_loop_proc_fu_232/dataflow_in_loop_Depth_Loop_U0/compute_systolic_U0/big_tile_A_1_load_reg_14964_reg[5]/CE (clocked by clk_fpga_0). Large setup violations at the end of those stages might be difficult to fix during the post-placement implementation flow and could be the result of non-optimal XDC constraints or non-optimal design architecture
Related violations: <none>

TIMING-16#289 Warning
Large setup violation  
There is a large setup violation of -1.370 ns between design_1_i/pipelined_layer_proc_0/inst/grp_dataflow_parent_loop_proc_fu_232/dataflow_in_loop_Depth_Loop_U0/compute_systolic_U0/ap_CS_fsm_reg[3]/C (clocked by clk_fpga_0) and design_1_i/pipelined_layer_proc_0/inst/grp_dataflow_parent_loop_proc_fu_232/dataflow_in_loop_Depth_Loop_U0/compute_systolic_U0/big_tile_A_1_load_reg_14964_reg[69]/CE (clocked by clk_fpga_0). Large setup violations at the end of those stages might be difficult to fix during the post-placement implementation flow and could be the result of non-optimal XDC constraints or non-optimal design architecture
Related violations: <none>

TIMING-16#290 Warning
Large setup violation  
There is a large setup violation of -1.370 ns between design_1_i/pipelined_layer_proc_0/inst/grp_dataflow_parent_loop_proc_fu_232/dataflow_in_loop_Depth_Loop_U0/tile_A_V_3_U/reg_valid0_reg/C (clocked by clk_fpga_0) and design_1_i/pipelined_layer_proc_0/inst/grp_dataflow_parent_loop_proc_fu_232/dataflow_in_loop_Depth_Loop_U0/compute_systolic_U0/big_tile_A_4_load_reg_14979_reg[47]/D (clocked by clk_fpga_0). Large setup violations at the end of those stages might be difficult to fix during the post-placement implementation flow and could be the result of non-optimal XDC constraints or non-optimal design architecture
Related violations: <none>

TIMING-16#291 Warning
Large setup violation  
There is a large setup violation of -1.372 ns between design_1_i/pipelined_layer_proc_0/inst/grp_dataflow_parent_loop_proc_fu_232/dataflow_in_loop_Depth_Loop_U0/tile_A_V_3_U/reg_valid0_reg/C (clocked by clk_fpga_0) and design_1_i/pipelined_layer_proc_0/inst/grp_dataflow_parent_loop_proc_fu_232/dataflow_in_loop_Depth_Loop_U0/compute_systolic_U0/big_tile_A_15_load_reg_15034_reg[156]/D (clocked by clk_fpga_0). Large setup violations at the end of those stages might be difficult to fix during the post-placement implementation flow and could be the result of non-optimal XDC constraints or non-optimal design architecture
Related violations: <none>

TIMING-16#292 Warning
Large setup violation  
There is a large setup violation of -1.378 ns between design_1_i/pipelined_layer_proc_0/inst/grp_dataflow_parent_loop_proc_fu_232/dataflow_in_loop_Depth_Loop_U0/tile_A_V_3_U/reg_valid0_reg/C (clocked by clk_fpga_0) and design_1_i/pipelined_layer_proc_0/inst/grp_dataflow_parent_loop_proc_fu_232/dataflow_in_loop_Depth_Loop_U0/compute_systolic_U0/big_tile_A_11_load_reg_15014_reg[129]/D (clocked by clk_fpga_0). Large setup violations at the end of those stages might be difficult to fix during the post-placement implementation flow and could be the result of non-optimal XDC constraints or non-optimal design architecture
Related violations: <none>

TIMING-16#293 Warning
Large setup violation  
There is a large setup violation of -1.379 ns between design_1_i/pipelined_layer_proc_0/inst/grp_dataflow_parent_loop_proc_fu_232/dataflow_in_loop_Depth_Loop_U0/compute_systolic_U0/grp_compute_systolic_Pipeline_Load_Cache_Row_fu_3428_ap_start_reg_reg/C (clocked by clk_fpga_0) and design_1_i/pipelined_layer_proc_0/inst/grp_dataflow_parent_loop_proc_fu_232/dataflow_in_loop_Depth_Loop_U0/compute_systolic_U0/grp_compute_systolic_Pipeline_Load_Cache_Row_fu_3428/local_regs_V_620_fu_1632_reg[15]/CE (clocked by clk_fpga_0). Large setup violations at the end of those stages might be difficult to fix during the post-placement implementation flow and could be the result of non-optimal XDC constraints or non-optimal design architecture
Related violations: <none>

TIMING-16#294 Warning
Large setup violation  
There is a large setup violation of -1.379 ns between design_1_i/pipelined_layer_proc_0/inst/grp_dataflow_parent_loop_proc_fu_232/dataflow_in_loop_Depth_Loop_U0/compute_systolic_U0/grp_compute_systolic_Pipeline_Load_Cache_Row_fu_3428_ap_start_reg_reg/C (clocked by clk_fpga_0) and design_1_i/pipelined_layer_proc_0/inst/grp_dataflow_parent_loop_proc_fu_232/dataflow_in_loop_Depth_Loop_U0/compute_systolic_U0/grp_compute_systolic_Pipeline_Load_Cache_Row_fu_3428/local_regs_V_621_fu_1636_reg[12]/CE (clocked by clk_fpga_0). Large setup violations at the end of those stages might be difficult to fix during the post-placement implementation flow and could be the result of non-optimal XDC constraints or non-optimal design architecture
Related violations: <none>

TIMING-16#295 Warning
Large setup violation  
There is a large setup violation of -1.379 ns between design_1_i/pipelined_layer_proc_0/inst/grp_dataflow_parent_loop_proc_fu_232/dataflow_in_loop_Depth_Loop_U0/compute_systolic_U0/grp_compute_systolic_Pipeline_Load_Cache_Row_fu_3428_ap_start_reg_reg/C (clocked by clk_fpga_0) and design_1_i/pipelined_layer_proc_0/inst/grp_dataflow_parent_loop_proc_fu_232/dataflow_in_loop_Depth_Loop_U0/compute_systolic_U0/grp_compute_systolic_Pipeline_Load_Cache_Row_fu_3428/local_regs_V_621_fu_1636_reg[18]/CE (clocked by clk_fpga_0). Large setup violations at the end of those stages might be difficult to fix during the post-placement implementation flow and could be the result of non-optimal XDC constraints or non-optimal design architecture
Related violations: <none>

TIMING-16#296 Warning
Large setup violation  
There is a large setup violation of -1.379 ns between design_1_i/pipelined_layer_proc_0/inst/grp_dataflow_parent_loop_proc_fu_232/dataflow_in_loop_Depth_Loop_U0/compute_systolic_U0/grp_compute_systolic_Pipeline_Load_Cache_Row_fu_3428_ap_start_reg_reg/C (clocked by clk_fpga_0) and design_1_i/pipelined_layer_proc_0/inst/grp_dataflow_parent_loop_proc_fu_232/dataflow_in_loop_Depth_Loop_U0/compute_systolic_U0/grp_compute_systolic_Pipeline_Load_Cache_Row_fu_3428/local_regs_V_621_fu_1636_reg[19]/CE (clocked by clk_fpga_0). Large setup violations at the end of those stages might be difficult to fix during the post-placement implementation flow and could be the result of non-optimal XDC constraints or non-optimal design architecture
Related violations: <none>

TIMING-16#297 Warning
Large setup violation  
There is a large setup violation of -1.379 ns between design_1_i/pipelined_layer_proc_0/inst/grp_dataflow_parent_loop_proc_fu_232/dataflow_in_loop_Depth_Loop_U0/compute_systolic_U0/grp_compute_systolic_Pipeline_Load_Cache_Row_fu_3428_ap_start_reg_reg/C (clocked by clk_fpga_0) and design_1_i/pipelined_layer_proc_0/inst/grp_dataflow_parent_loop_proc_fu_232/dataflow_in_loop_Depth_Loop_U0/compute_systolic_U0/grp_compute_systolic_Pipeline_Load_Cache_Row_fu_3428/local_regs_V_621_fu_1636_reg[20]/CE (clocked by clk_fpga_0). Large setup violations at the end of those stages might be difficult to fix during the post-placement implementation flow and could be the result of non-optimal XDC constraints or non-optimal design architecture
Related violations: <none>

TIMING-16#298 Warning
Large setup violation  
There is a large setup violation of -1.379 ns between design_1_i/pipelined_layer_proc_0/inst/grp_dataflow_parent_loop_proc_fu_232/dataflow_in_loop_Depth_Loop_U0/compute_systolic_U0/grp_compute_systolic_Pipeline_Load_Cache_Row_fu_3428_ap_start_reg_reg/C (clocked by clk_fpga_0) and design_1_i/pipelined_layer_proc_0/inst/grp_dataflow_parent_loop_proc_fu_232/dataflow_in_loop_Depth_Loop_U0/compute_systolic_U0/grp_compute_systolic_Pipeline_Load_Cache_Row_fu_3428/local_regs_V_621_fu_1636_reg[25]/CE (clocked by clk_fpga_0). Large setup violations at the end of those stages might be difficult to fix during the post-placement implementation flow and could be the result of non-optimal XDC constraints or non-optimal design architecture
Related violations: <none>

TIMING-16#299 Warning
Large setup violation  
There is a large setup violation of -1.379 ns between design_1_i/pipelined_layer_proc_0/inst/grp_dataflow_parent_loop_proc_fu_232/dataflow_in_loop_Depth_Loop_U0/compute_systolic_U0/grp_compute_systolic_Pipeline_Load_Cache_Row_fu_3428_ap_start_reg_reg/C (clocked by clk_fpga_0) and design_1_i/pipelined_layer_proc_0/inst/grp_dataflow_parent_loop_proc_fu_232/dataflow_in_loop_Depth_Loop_U0/compute_systolic_U0/grp_compute_systolic_Pipeline_Load_Cache_Row_fu_3428/local_regs_V_621_fu_1636_reg[31]/CE (clocked by clk_fpga_0). Large setup violations at the end of those stages might be difficult to fix during the post-placement implementation flow and could be the result of non-optimal XDC constraints or non-optimal design architecture
Related violations: <none>

TIMING-16#300 Warning
Large setup violation  
There is a large setup violation of -1.379 ns between design_1_i/pipelined_layer_proc_0/inst/grp_dataflow_parent_loop_proc_fu_232/dataflow_in_loop_Depth_Loop_U0/compute_systolic_U0/grp_compute_systolic_Pipeline_Load_Cache_Row_fu_3428_ap_start_reg_reg/C (clocked by clk_fpga_0) and design_1_i/pipelined_layer_proc_0/inst/grp_dataflow_parent_loop_proc_fu_232/dataflow_in_loop_Depth_Loop_U0/compute_systolic_U0/grp_compute_systolic_Pipeline_Load_Cache_Row_fu_3428/local_regs_V_621_fu_1636_reg[8]/CE (clocked by clk_fpga_0). Large setup violations at the end of those stages might be difficult to fix during the post-placement implementation flow and could be the result of non-optimal XDC constraints or non-optimal design architecture
Related violations: <none>

TIMING-16#301 Warning
Large setup violation  
There is a large setup violation of -1.380 ns between design_1_i/pipelined_layer_proc_0/inst/grp_dataflow_parent_loop_proc_fu_232/dataflow_in_loop_Depth_Loop_U0/compute_systolic_U0/grp_compute_systolic_Pipeline_Load_Cache_Row_fu_3428_ap_start_reg_reg/C (clocked by clk_fpga_0) and design_1_i/pipelined_layer_proc_0/inst/grp_dataflow_parent_loop_proc_fu_232/dataflow_in_loop_Depth_Loop_U0/compute_systolic_U0/grp_compute_systolic_Pipeline_Load_Cache_Row_fu_3428/local_regs_V_522_fu_1240_reg[26]/D (clocked by clk_fpga_0). Large setup violations at the end of those stages might be difficult to fix during the post-placement implementation flow and could be the result of non-optimal XDC constraints or non-optimal design architecture
Related violations: <none>

TIMING-16#302 Warning
Large setup violation  
There is a large setup violation of -1.381 ns between design_1_i/pipelined_layer_proc_0/inst/grp_dataflow_parent_loop_proc_fu_232/dataflow_in_loop_Depth_Loop_U0/tile_A_V_3_U/reg_valid0_reg/C (clocked by clk_fpga_0) and design_1_i/pipelined_layer_proc_0/inst/grp_dataflow_parent_loop_proc_fu_232/dataflow_in_loop_Depth_Loop_U0/compute_systolic_U0/big_tile_A_11_load_reg_15014_reg[145]/D (clocked by clk_fpga_0). Large setup violations at the end of those stages might be difficult to fix during the post-placement implementation flow and could be the result of non-optimal XDC constraints or non-optimal design architecture
Related violations: <none>

TIMING-16#303 Warning
Large setup violation  
There is a large setup violation of -1.385 ns between design_1_i/pipelined_layer_proc_0/inst/grp_dataflow_parent_loop_proc_fu_232/dataflow_in_loop_Depth_Loop_U0/compute_systolic_U0/ap_CS_fsm_reg[3]/C (clocked by clk_fpga_0) and design_1_i/pipelined_layer_proc_0/inst/grp_dataflow_parent_loop_proc_fu_232/dataflow_in_loop_Depth_Loop_U0/compute_systolic_U0/big_tile_A_13_load_reg_15024_reg[239]/CE (clocked by clk_fpga_0). Large setup violations at the end of those stages might be difficult to fix during the post-placement implementation flow and could be the result of non-optimal XDC constraints or non-optimal design architecture
Related violations: <none>

TIMING-16#304 Warning
Large setup violation  
There is a large setup violation of -1.385 ns between design_1_i/pipelined_layer_proc_0/inst/grp_dataflow_parent_loop_proc_fu_232/dataflow_in_loop_Depth_Loop_U0/compute_systolic_U0/ap_CS_fsm_reg[3]/C (clocked by clk_fpga_0) and design_1_i/pipelined_layer_proc_0/inst/grp_dataflow_parent_loop_proc_fu_232/dataflow_in_loop_Depth_Loop_U0/compute_systolic_U0/big_tile_A_13_load_reg_15024_reg[243]/CE (clocked by clk_fpga_0). Large setup violations at the end of those stages might be difficult to fix during the post-placement implementation flow and could be the result of non-optimal XDC constraints or non-optimal design architecture
Related violations: <none>

TIMING-16#305 Warning
Large setup violation  
There is a large setup violation of -1.385 ns between design_1_i/pipelined_layer_proc_0/inst/grp_dataflow_parent_loop_proc_fu_232/dataflow_in_loop_Depth_Loop_U0/compute_systolic_U0/ap_CS_fsm_reg[3]/C (clocked by clk_fpga_0) and design_1_i/pipelined_layer_proc_0/inst/grp_dataflow_parent_loop_proc_fu_232/dataflow_in_loop_Depth_Loop_U0/compute_systolic_U0/big_tile_A_13_load_reg_15024_reg[246]/CE (clocked by clk_fpga_0). Large setup violations at the end of those stages might be difficult to fix during the post-placement implementation flow and could be the result of non-optimal XDC constraints or non-optimal design architecture
Related violations: <none>

TIMING-16#306 Warning
Large setup violation  
There is a large setup violation of -1.385 ns between design_1_i/pipelined_layer_proc_0/inst/grp_dataflow_parent_loop_proc_fu_232/dataflow_in_loop_Depth_Loop_U0/compute_systolic_U0/ap_CS_fsm_reg[3]/C (clocked by clk_fpga_0) and design_1_i/pipelined_layer_proc_0/inst/grp_dataflow_parent_loop_proc_fu_232/dataflow_in_loop_Depth_Loop_U0/compute_systolic_U0/big_tile_A_15_load_reg_15034_reg[24]/CE (clocked by clk_fpga_0). Large setup violations at the end of those stages might be difficult to fix during the post-placement implementation flow and could be the result of non-optimal XDC constraints or non-optimal design architecture
Related violations: <none>

TIMING-16#307 Warning
Large setup violation  
There is a large setup violation of -1.385 ns between design_1_i/pipelined_layer_proc_0/inst/grp_dataflow_parent_loop_proc_fu_232/dataflow_in_loop_Depth_Loop_U0/compute_systolic_U0/ap_CS_fsm_reg[3]/C (clocked by clk_fpga_0) and design_1_i/pipelined_layer_proc_0/inst/grp_dataflow_parent_loop_proc_fu_232/dataflow_in_loop_Depth_Loop_U0/compute_systolic_U0/big_tile_A_15_load_reg_15034_reg[42]/CE (clocked by clk_fpga_0). Large setup violations at the end of those stages might be difficult to fix during the post-placement implementation flow and could be the result of non-optimal XDC constraints or non-optimal design architecture
Related violations: <none>

TIMING-16#308 Warning
Large setup violation  
There is a large setup violation of -1.385 ns between design_1_i/pipelined_layer_proc_0/inst/grp_dataflow_parent_loop_proc_fu_232/dataflow_in_loop_Depth_Loop_U0/compute_systolic_U0/ap_CS_fsm_reg[3]/C (clocked by clk_fpga_0) and design_1_i/pipelined_layer_proc_0/inst/grp_dataflow_parent_loop_proc_fu_232/dataflow_in_loop_Depth_Loop_U0/compute_systolic_U0/big_tile_A_1_load_reg_14964_reg[163]/CE (clocked by clk_fpga_0). Large setup violations at the end of those stages might be difficult to fix during the post-placement implementation flow and could be the result of non-optimal XDC constraints or non-optimal design architecture
Related violations: <none>

TIMING-16#309 Warning
Large setup violation  
There is a large setup violation of -1.386 ns between design_1_i/pipelined_layer_proc_0/inst/grp_dataflow_parent_loop_proc_fu_232/dataflow_in_loop_Depth_Loop_U0/compute_systolic_U0/grp_compute_systolic_Pipeline_Load_Cache_Row_fu_3428_ap_start_reg_reg/C (clocked by clk_fpga_0) and design_1_i/pipelined_layer_proc_0/inst/grp_dataflow_parent_loop_proc_fu_232/dataflow_in_loop_Depth_Loop_U0/compute_systolic_U0/grp_compute_systolic_Pipeline_Load_Cache_Row_fu_3428/local_regs_V_522_fu_1240_reg[15]/D (clocked by clk_fpga_0). Large setup violations at the end of those stages might be difficult to fix during the post-placement implementation flow and could be the result of non-optimal XDC constraints or non-optimal design architecture
Related violations: <none>

TIMING-16#310 Warning
Large setup violation  
There is a large setup violation of -1.391 ns between design_1_i/pipelined_layer_proc_0/inst/grp_dataflow_parent_loop_proc_fu_232/dataflow_in_loop_Depth_Loop_U0/compute_systolic_U0/grp_compute_systolic_Pipeline_Pulse_fu_3978_ap_start_reg_reg_replica_13/C (clocked by clk_fpga_0) and design_1_i/pipelined_layer_proc_0/inst/grp_dataflow_parent_loop_proc_fu_232/dataflow_in_loop_Depth_Loop_U0/compute_systolic_U0/grp_compute_systolic_Pipeline_Pulse_fu_3978/local_regs_V_129_fu_2166_reg[24]/CE (clocked by clk_fpga_0). Large setup violations at the end of those stages might be difficult to fix during the post-placement implementation flow and could be the result of non-optimal XDC constraints or non-optimal design architecture
Related violations: <none>

TIMING-16#311 Warning
Large setup violation  
There is a large setup violation of -1.394 ns between design_1_i/pipelined_layer_proc_0/inst/grp_dataflow_parent_loop_proc_fu_232/dataflow_in_loop_Depth_Loop_U0/compute_systolic_U0/grp_compute_systolic_Pipeline_Load_Cache_Row_fu_3428_ap_start_reg_reg/C (clocked by clk_fpga_0) and design_1_i/pipelined_layer_proc_0/inst/grp_dataflow_parent_loop_proc_fu_232/dataflow_in_loop_Depth_Loop_U0/compute_systolic_U0/grp_compute_systolic_Pipeline_Load_Cache_Row_fu_3428/local_regs_V_675_fu_1852_reg[0]/CE (clocked by clk_fpga_0). Large setup violations at the end of those stages might be difficult to fix during the post-placement implementation flow and could be the result of non-optimal XDC constraints or non-optimal design architecture
Related violations: <none>

TIMING-16#312 Warning
Large setup violation  
There is a large setup violation of -1.394 ns between design_1_i/pipelined_layer_proc_0/inst/grp_dataflow_parent_loop_proc_fu_232/dataflow_in_loop_Depth_Loop_U0/compute_systolic_U0/grp_compute_systolic_Pipeline_Load_Cache_Row_fu_3428_ap_start_reg_reg/C (clocked by clk_fpga_0) and design_1_i/pipelined_layer_proc_0/inst/grp_dataflow_parent_loop_proc_fu_232/dataflow_in_loop_Depth_Loop_U0/compute_systolic_U0/grp_compute_systolic_Pipeline_Load_Cache_Row_fu_3428/local_regs_V_675_fu_1852_reg[12]/CE (clocked by clk_fpga_0). Large setup violations at the end of those stages might be difficult to fix during the post-placement implementation flow and could be the result of non-optimal XDC constraints or non-optimal design architecture
Related violations: <none>

TIMING-16#313 Warning
Large setup violation  
There is a large setup violation of -1.394 ns between design_1_i/pipelined_layer_proc_0/inst/grp_dataflow_parent_loop_proc_fu_232/dataflow_in_loop_Depth_Loop_U0/compute_systolic_U0/grp_compute_systolic_Pipeline_Load_Cache_Row_fu_3428_ap_start_reg_reg/C (clocked by clk_fpga_0) and design_1_i/pipelined_layer_proc_0/inst/grp_dataflow_parent_loop_proc_fu_232/dataflow_in_loop_Depth_Loop_U0/compute_systolic_U0/grp_compute_systolic_Pipeline_Load_Cache_Row_fu_3428/local_regs_V_675_fu_1852_reg[13]/CE (clocked by clk_fpga_0). Large setup violations at the end of those stages might be difficult to fix during the post-placement implementation flow and could be the result of non-optimal XDC constraints or non-optimal design architecture
Related violations: <none>

TIMING-16#314 Warning
Large setup violation  
There is a large setup violation of -1.394 ns between design_1_i/pipelined_layer_proc_0/inst/grp_dataflow_parent_loop_proc_fu_232/dataflow_in_loop_Depth_Loop_U0/compute_systolic_U0/grp_compute_systolic_Pipeline_Load_Cache_Row_fu_3428_ap_start_reg_reg/C (clocked by clk_fpga_0) and design_1_i/pipelined_layer_proc_0/inst/grp_dataflow_parent_loop_proc_fu_232/dataflow_in_loop_Depth_Loop_U0/compute_systolic_U0/grp_compute_systolic_Pipeline_Load_Cache_Row_fu_3428/local_regs_V_675_fu_1852_reg[17]/CE (clocked by clk_fpga_0). Large setup violations at the end of those stages might be difficult to fix during the post-placement implementation flow and could be the result of non-optimal XDC constraints or non-optimal design architecture
Related violations: <none>

TIMING-16#315 Warning
Large setup violation  
There is a large setup violation of -1.394 ns between design_1_i/pipelined_layer_proc_0/inst/grp_dataflow_parent_loop_proc_fu_232/dataflow_in_loop_Depth_Loop_U0/compute_systolic_U0/grp_compute_systolic_Pipeline_Load_Cache_Row_fu_3428_ap_start_reg_reg/C (clocked by clk_fpga_0) and design_1_i/pipelined_layer_proc_0/inst/grp_dataflow_parent_loop_proc_fu_232/dataflow_in_loop_Depth_Loop_U0/compute_systolic_U0/grp_compute_systolic_Pipeline_Load_Cache_Row_fu_3428/local_regs_V_675_fu_1852_reg[1]/CE (clocked by clk_fpga_0). Large setup violations at the end of those stages might be difficult to fix during the post-placement implementation flow and could be the result of non-optimal XDC constraints or non-optimal design architecture
Related violations: <none>

TIMING-16#316 Warning
Large setup violation  
There is a large setup violation of -1.396 ns between design_1_i/rst_ps7_0_100M/U0/ACTIVE_LOW_PR_OUT_DFF[0].FDRE_PER_N/C (clocked by clk_fpga_0) and design_1_i/pipelined_layer_proc_0/inst/gmem1_m_axi_U/load_unit/buff_rdata/U_fifo_mem/mem_reg_2/ENARDEN (clocked by clk_fpga_0). Large setup violations at the end of those stages might be difficult to fix during the post-placement implementation flow and could be the result of non-optimal XDC constraints or non-optimal design architecture
Related violations: <none>

TIMING-16#317 Warning
Large setup violation  
There is a large setup violation of -1.398 ns between design_1_i/pipelined_layer_proc_0/inst/grp_dataflow_parent_loop_proc_fu_232/dataflow_in_loop_Depth_Loop_U0/tile_A_V_3_U/reg_valid0_reg/C (clocked by clk_fpga_0) and design_1_i/pipelined_layer_proc_0/inst/grp_dataflow_parent_loop_proc_fu_232/dataflow_in_loop_Depth_Loop_U0/compute_systolic_U0/big_tile_A_4_load_reg_14979_reg[169]/D (clocked by clk_fpga_0). Large setup violations at the end of those stages might be difficult to fix during the post-placement implementation flow and could be the result of non-optimal XDC constraints or non-optimal design architecture
Related violations: <none>

TIMING-16#318 Warning
Large setup violation  
There is a large setup violation of -1.401 ns between design_1_i/pipelined_layer_proc_0/inst/grp_dataflow_parent_loop_proc_fu_232/dataflow_in_loop_Depth_Loop_U0/compute_systolic_U0/grp_compute_systolic_Pipeline_Load_Cache_Row_fu_3428_ap_start_reg_reg/C (clocked by clk_fpga_0) and design_1_i/pipelined_layer_proc_0/inst/grp_dataflow_parent_loop_proc_fu_232/dataflow_in_loop_Depth_Loop_U0/compute_systolic_U0/grp_compute_systolic_Pipeline_Load_Cache_Row_fu_3428/local_regs_V_522_fu_1240_reg[0]/D (clocked by clk_fpga_0). Large setup violations at the end of those stages might be difficult to fix during the post-placement implementation flow and could be the result of non-optimal XDC constraints or non-optimal design architecture
Related violations: <none>

TIMING-16#319 Warning
Large setup violation  
There is a large setup violation of -1.401 ns between design_1_i/pipelined_layer_proc_0/inst/grp_dataflow_parent_loop_proc_fu_232/dataflow_in_loop_Depth_Loop_U0/tile_A_V_3_U/reg_valid0_reg/C (clocked by clk_fpga_0) and design_1_i/pipelined_layer_proc_0/inst/grp_dataflow_parent_loop_proc_fu_232/dataflow_in_loop_Depth_Loop_U0/compute_systolic_U0/big_tile_A_15_load_reg_15034_reg[186]/D (clocked by clk_fpga_0). Large setup violations at the end of those stages might be difficult to fix during the post-placement implementation flow and could be the result of non-optimal XDC constraints or non-optimal design architecture
Related violations: <none>

TIMING-16#320 Warning
Large setup violation  
There is a large setup violation of -1.402 ns between design_1_i/pipelined_layer_proc_0/inst/gmem0_m_axi_U/bus_write/wreq_throttle/data_fifo/raddr_reg[0]_rep/C (clocked by clk_fpga_0) and design_1_i/pipelined_layer_proc_0/inst/gmem0_m_axi_U/bus_write/wreq_throttle/data_fifo/U_fifo_srl/dout_reg[97]/D (clocked by clk_fpga_0). Large setup violations at the end of those stages might be difficult to fix during the post-placement implementation flow and could be the result of non-optimal XDC constraints or non-optimal design architecture
Related violations: <none>

TIMING-16#321 Warning
Large setup violation  
There is a large setup violation of -1.402 ns between design_1_i/pipelined_layer_proc_0/inst/grp_dataflow_parent_loop_proc_fu_232/dataflow_in_loop_Depth_Loop_U0/compute_systolic_U0/grp_compute_systolic_Pipeline_Load_Cache_Row_fu_3428_ap_start_reg_reg/C (clocked by clk_fpga_0) and design_1_i/pipelined_layer_proc_0/inst/grp_dataflow_parent_loop_proc_fu_232/dataflow_in_loop_Depth_Loop_U0/compute_systolic_U0/grp_compute_systolic_Pipeline_Load_Cache_Row_fu_3428/local_regs_V_650_fu_1752_reg[6]/D (clocked by clk_fpga_0). Large setup violations at the end of those stages might be difficult to fix during the post-placement implementation flow and could be the result of non-optimal XDC constraints or non-optimal design architecture
Related violations: <none>

TIMING-16#322 Warning
Large setup violation  
There is a large setup violation of -1.402 ns between design_1_i/pipelined_layer_proc_0/inst/grp_dataflow_parent_loop_proc_fu_232/dataflow_in_loop_Depth_Loop_U0/tile_A_V_3_U/reg_valid0_reg/C (clocked by clk_fpga_0) and design_1_i/pipelined_layer_proc_0/inst/grp_dataflow_parent_loop_proc_fu_232/dataflow_in_loop_Depth_Loop_U0/compute_systolic_U0/big_tile_A_4_load_reg_14979_reg[45]/D (clocked by clk_fpga_0). Large setup violations at the end of those stages might be difficult to fix during the post-placement implementation flow and could be the result of non-optimal XDC constraints or non-optimal design architecture
Related violations: <none>

TIMING-16#323 Warning
Large setup violation  
There is a large setup violation of -1.404 ns between design_1_i/pipelined_layer_proc_0/inst/grp_dataflow_parent_loop_proc_fu_232/dataflow_in_loop_Depth_Loop_U0/compute_systolic_U0/ap_CS_fsm_reg[3]/C (clocked by clk_fpga_0) and design_1_i/pipelined_layer_proc_0/inst/grp_dataflow_parent_loop_proc_fu_232/dataflow_in_loop_Depth_Loop_U0/compute_systolic_U0/big_tile_A_0_load_reg_14959_reg[184]/CE (clocked by clk_fpga_0). Large setup violations at the end of those stages might be difficult to fix during the post-placement implementation flow and could be the result of non-optimal XDC constraints or non-optimal design architecture
Related violations: <none>

TIMING-16#324 Warning
Large setup violation  
There is a large setup violation of -1.408 ns between design_1_i/pipelined_layer_proc_0/inst/grp_dataflow_parent_loop_proc_fu_232/dataflow_in_loop_Depth_Loop_U0/tile_A_V_3_U/reg_valid0_reg/C (clocked by clk_fpga_0) and design_1_i/pipelined_layer_proc_0/inst/grp_dataflow_parent_loop_proc_fu_232/dataflow_in_loop_Depth_Loop_U0/compute_systolic_U0/big_tile_A_15_load_reg_15034_reg[153]/D (clocked by clk_fpga_0). Large setup violations at the end of those stages might be difficult to fix during the post-placement implementation flow and could be the result of non-optimal XDC constraints or non-optimal design architecture
Related violations: <none>

TIMING-16#325 Warning
Large setup violation  
There is a large setup violation of -1.408 ns between design_1_i/pipelined_layer_proc_0/inst/grp_dataflow_parent_loop_proc_fu_232/dataflow_in_loop_Depth_Loop_U0/tile_A_V_3_U/reg_valid0_reg/C (clocked by clk_fpga_0) and design_1_i/pipelined_layer_proc_0/inst/grp_dataflow_parent_loop_proc_fu_232/dataflow_in_loop_Depth_Loop_U0/compute_systolic_U0/big_tile_A_4_load_reg_14979_reg[116]/D (clocked by clk_fpga_0). Large setup violations at the end of those stages might be difficult to fix during the post-placement implementation flow and could be the result of non-optimal XDC constraints or non-optimal design architecture
Related violations: <none>

TIMING-16#326 Warning
Large setup violation  
There is a large setup violation of -1.410 ns between design_1_i/pipelined_layer_proc_0/inst/grp_dataflow_parent_loop_proc_fu_232/dataflow_in_loop_Depth_Loop_U0/tile_A_V_3_U/reg_valid0_reg/C (clocked by clk_fpga_0) and design_1_i/pipelined_layer_proc_0/inst/grp_dataflow_parent_loop_proc_fu_232/dataflow_in_loop_Depth_Loop_U0/compute_systolic_U0/big_tile_A_15_load_reg_15034_reg[194]/D (clocked by clk_fpga_0). Large setup violations at the end of those stages might be difficult to fix during the post-placement implementation flow and could be the result of non-optimal XDC constraints or non-optimal design architecture
Related violations: <none>

TIMING-16#327 Warning
Large setup violation  
There is a large setup violation of -1.410 ns between design_1_i/pipelined_layer_proc_0/inst/grp_dataflow_parent_loop_proc_fu_232/dataflow_in_loop_Depth_Loop_U0/tile_A_V_3_U/reg_valid0_reg/C (clocked by clk_fpga_0) and design_1_i/pipelined_layer_proc_0/inst/grp_dataflow_parent_loop_proc_fu_232/dataflow_in_loop_Depth_Loop_U0/compute_systolic_U0/big_tile_A_8_load_reg_14999_reg[2]/D (clocked by clk_fpga_0). Large setup violations at the end of those stages might be difficult to fix during the post-placement implementation flow and could be the result of non-optimal XDC constraints or non-optimal design architecture
Related violations: <none>

TIMING-16#328 Warning
Large setup violation  
There is a large setup violation of -1.415 ns between design_1_i/pipelined_layer_proc_0/inst/grp_dataflow_parent_loop_proc_fu_232/dataflow_in_loop_Depth_Loop_U0/compute_systolic_U0/grp_compute_systolic_Pipeline_Load_Cache_Row_fu_3428_ap_start_reg_reg/C (clocked by clk_fpga_0) and design_1_i/pipelined_layer_proc_0/inst/grp_dataflow_parent_loop_proc_fu_232/dataflow_in_loop_Depth_Loop_U0/compute_systolic_U0/grp_compute_systolic_Pipeline_Load_Cache_Row_fu_3428/local_regs_V_628_fu_1664_reg[30]/CE (clocked by clk_fpga_0). Large setup violations at the end of those stages might be difficult to fix during the post-placement implementation flow and could be the result of non-optimal XDC constraints or non-optimal design architecture
Related violations: <none>

TIMING-16#329 Warning
Large setup violation  
There is a large setup violation of -1.417 ns between design_1_i/pipelined_layer_proc_0/inst/grp_dataflow_parent_loop_proc_fu_232/dataflow_in_loop_Depth_Loop_U0/tile_A_V_3_U/reg_valid0_reg/C (clocked by clk_fpga_0) and design_1_i/pipelined_layer_proc_0/inst/grp_dataflow_parent_loop_proc_fu_232/dataflow_in_loop_Depth_Loop_U0/compute_systolic_U0/big_tile_A_11_load_reg_15014_reg[240]/D (clocked by clk_fpga_0). Large setup violations at the end of those stages might be difficult to fix during the post-placement implementation flow and could be the result of non-optimal XDC constraints or non-optimal design architecture
Related violations: <none>

TIMING-16#330 Warning
Large setup violation  
There is a large setup violation of -1.419 ns between design_1_i/pipelined_layer_proc_0/inst/grp_dataflow_parent_loop_proc_fu_232/dataflow_in_loop_Depth_Loop_U0/tile_A_V_3_U/reg_valid0_reg/C (clocked by clk_fpga_0) and design_1_i/pipelined_layer_proc_0/inst/grp_dataflow_parent_loop_proc_fu_232/dataflow_in_loop_Depth_Loop_U0/compute_systolic_U0/big_tile_A_15_load_reg_15034_reg[187]/D (clocked by clk_fpga_0). Large setup violations at the end of those stages might be difficult to fix during the post-placement implementation flow and could be the result of non-optimal XDC constraints or non-optimal design architecture
Related violations: <none>

TIMING-16#331 Warning
Large setup violation  
There is a large setup violation of -1.423 ns between design_1_i/pipelined_layer_proc_0/inst/grp_dataflow_parent_loop_proc_fu_232/dataflow_in_loop_Depth_Loop_U0/tile_A_V_3_U/reg_valid0_reg/C (clocked by clk_fpga_0) and design_1_i/pipelined_layer_proc_0/inst/grp_dataflow_parent_loop_proc_fu_232/dataflow_in_loop_Depth_Loop_U0/compute_systolic_U0/big_tile_A_4_load_reg_14979_reg[114]/D (clocked by clk_fpga_0). Large setup violations at the end of those stages might be difficult to fix during the post-placement implementation flow and could be the result of non-optimal XDC constraints or non-optimal design architecture
Related violations: <none>

TIMING-16#332 Warning
Large setup violation  
There is a large setup violation of -1.425 ns between design_1_i/pipelined_layer_proc_0/inst/grp_dataflow_parent_loop_proc_fu_232/dataflow_in_loop_Depth_Loop_U0/compute_systolic_U0/ap_CS_fsm_reg[3]/C (clocked by clk_fpga_0) and design_1_i/pipelined_layer_proc_0/inst/grp_dataflow_parent_loop_proc_fu_232/dataflow_in_loop_Depth_Loop_U0/compute_systolic_U0/big_tile_A_13_load_reg_15024_reg[36]/CE (clocked by clk_fpga_0). Large setup violations at the end of those stages might be difficult to fix during the post-placement implementation flow and could be the result of non-optimal XDC constraints or non-optimal design architecture
Related violations: <none>

TIMING-16#333 Warning
Large setup violation  
There is a large setup violation of -1.425 ns between design_1_i/pipelined_layer_proc_0/inst/grp_dataflow_parent_loop_proc_fu_232/dataflow_in_loop_Depth_Loop_U0/compute_systolic_U0/ap_CS_fsm_reg[3]/C (clocked by clk_fpga_0) and design_1_i/pipelined_layer_proc_0/inst/grp_dataflow_parent_loop_proc_fu_232/dataflow_in_loop_Depth_Loop_U0/compute_systolic_U0/big_tile_A_13_load_reg_15024_reg[65]/CE (clocked by clk_fpga_0). Large setup violations at the end of those stages might be difficult to fix during the post-placement implementation flow and could be the result of non-optimal XDC constraints or non-optimal design architecture
Related violations: <none>

TIMING-16#334 Warning
Large setup violation  
There is a large setup violation of -1.425 ns between design_1_i/pipelined_layer_proc_0/inst/grp_dataflow_parent_loop_proc_fu_232/dataflow_in_loop_Depth_Loop_U0/compute_systolic_U0/ap_CS_fsm_reg[3]/C (clocked by clk_fpga_0) and design_1_i/pipelined_layer_proc_0/inst/grp_dataflow_parent_loop_proc_fu_232/dataflow_in_loop_Depth_Loop_U0/compute_systolic_U0/big_tile_A_13_load_reg_15024_reg[9]/CE (clocked by clk_fpga_0). Large setup violations at the end of those stages might be difficult to fix during the post-placement implementation flow and could be the result of non-optimal XDC constraints or non-optimal design architecture
Related violations: <none>

TIMING-16#335 Warning
Large setup violation  
There is a large setup violation of -1.425 ns between design_1_i/pipelined_layer_proc_0/inst/grp_dataflow_parent_loop_proc_fu_232/dataflow_in_loop_Depth_Loop_U0/compute_systolic_U0/ap_CS_fsm_reg[3]/C (clocked by clk_fpga_0) and design_1_i/pipelined_layer_proc_0/inst/grp_dataflow_parent_loop_proc_fu_232/dataflow_in_loop_Depth_Loop_U0/compute_systolic_U0/big_tile_A_9_load_reg_15004_reg[29]/CE (clocked by clk_fpga_0). Large setup violations at the end of those stages might be difficult to fix during the post-placement implementation flow and could be the result of non-optimal XDC constraints or non-optimal design architecture
Related violations: <none>

TIMING-16#336 Warning
Large setup violation  
There is a large setup violation of -1.425 ns between design_1_i/pipelined_layer_proc_0/inst/grp_dataflow_parent_loop_proc_fu_232/dataflow_in_loop_Depth_Loop_U0/tile_A_V_3_U/reg_valid0_reg/C (clocked by clk_fpga_0) and design_1_i/pipelined_layer_proc_0/inst/grp_dataflow_parent_loop_proc_fu_232/dataflow_in_loop_Depth_Loop_U0/compute_systolic_U0/big_tile_A_4_load_reg_14979_reg[92]/D (clocked by clk_fpga_0). Large setup violations at the end of those stages might be difficult to fix during the post-placement implementation flow and could be the result of non-optimal XDC constraints or non-optimal design architecture
Related violations: <none>

TIMING-16#337 Warning
Large setup violation  
There is a large setup violation of -1.426 ns between design_1_i/pipelined_layer_proc_0/inst/grp_dataflow_parent_loop_proc_fu_232/dataflow_in_loop_Depth_Loop_U0/compute_systolic_U0/ap_CS_fsm_reg[3]/C (clocked by clk_fpga_0) and design_1_i/pipelined_layer_proc_0/inst/grp_dataflow_parent_loop_proc_fu_232/dataflow_in_loop_Depth_Loop_U0/compute_systolic_U0/big_tile_A_9_load_reg_15004_reg[237]/CE (clocked by clk_fpga_0). Large setup violations at the end of those stages might be difficult to fix during the post-placement implementation flow and could be the result of non-optimal XDC constraints or non-optimal design architecture
Related violations: <none>

TIMING-16#338 Warning
Large setup violation  
There is a large setup violation of -1.426 ns between design_1_i/pipelined_layer_proc_0/inst/grp_dataflow_parent_loop_proc_fu_232/dataflow_in_loop_Depth_Loop_U0/compute_systolic_U0/ap_CS_fsm_reg[3]/C (clocked by clk_fpga_0) and design_1_i/pipelined_layer_proc_0/inst/grp_dataflow_parent_loop_proc_fu_232/dataflow_in_loop_Depth_Loop_U0/compute_systolic_U0/big_tile_A_9_load_reg_15004_reg[241]/CE (clocked by clk_fpga_0). Large setup violations at the end of those stages might be difficult to fix during the post-placement implementation flow and could be the result of non-optimal XDC constraints or non-optimal design architecture
Related violations: <none>

TIMING-16#339 Warning
Large setup violation  
There is a large setup violation of -1.427 ns between design_1_i/pipelined_layer_proc_0/inst/grp_dataflow_parent_loop_proc_fu_232/dataflow_in_loop_Depth_Loop_U0/compute_systolic_U0/grp_compute_systolic_Pipeline_Pulse_fu_3978_ap_start_reg_reg_replica_13/C (clocked by clk_fpga_0) and design_1_i/pipelined_layer_proc_0/inst/grp_dataflow_parent_loop_proc_fu_232/dataflow_in_loop_Depth_Loop_U0/compute_systolic_U0/grp_compute_systolic_Pipeline_Pulse_fu_3978/local_regs_V_129_fu_2166_reg[22]/CE (clocked by clk_fpga_0). Large setup violations at the end of those stages might be difficult to fix during the post-placement implementation flow and could be the result of non-optimal XDC constraints or non-optimal design architecture
Related violations: <none>

TIMING-16#340 Warning
Large setup violation  
There is a large setup violation of -1.427 ns between design_1_i/pipelined_layer_proc_0/inst/grp_dataflow_parent_loop_proc_fu_232/dataflow_in_loop_Depth_Loop_U0/compute_systolic_U0/grp_compute_systolic_Pipeline_Pulse_fu_3978_ap_start_reg_reg_replica_13/C (clocked by clk_fpga_0) and design_1_i/pipelined_layer_proc_0/inst/grp_dataflow_parent_loop_proc_fu_232/dataflow_in_loop_Depth_Loop_U0/compute_systolic_U0/grp_compute_systolic_Pipeline_Pulse_fu_3978/local_regs_V_129_fu_2166_reg[25]/CE (clocked by clk_fpga_0). Large setup violations at the end of those stages might be difficult to fix during the post-placement implementation flow and could be the result of non-optimal XDC constraints or non-optimal design architecture
Related violations: <none>

TIMING-16#341 Warning
Large setup violation  
There is a large setup violation of -1.427 ns between design_1_i/pipelined_layer_proc_0/inst/grp_dataflow_parent_loop_proc_fu_232/dataflow_in_loop_Depth_Loop_U0/compute_systolic_U0/grp_compute_systolic_Pipeline_Pulse_fu_3978_ap_start_reg_reg_replica_13/C (clocked by clk_fpga_0) and design_1_i/pipelined_layer_proc_0/inst/grp_dataflow_parent_loop_proc_fu_232/dataflow_in_loop_Depth_Loop_U0/compute_systolic_U0/grp_compute_systolic_Pipeline_Pulse_fu_3978/local_regs_V_129_fu_2166_reg[6]/CE (clocked by clk_fpga_0). Large setup violations at the end of those stages might be difficult to fix during the post-placement implementation flow and could be the result of non-optimal XDC constraints or non-optimal design architecture
Related violations: <none>

TIMING-16#342 Warning
Large setup violation  
There is a large setup violation of -1.427 ns between design_1_i/pipelined_layer_proc_0/inst/grp_dataflow_parent_loop_proc_fu_232/dataflow_in_loop_Depth_Loop_U0/compute_systolic_U0/grp_compute_systolic_Pipeline_Pulse_fu_3978_ap_start_reg_reg_replica_13/C (clocked by clk_fpga_0) and design_1_i/pipelined_layer_proc_0/inst/grp_dataflow_parent_loop_proc_fu_232/dataflow_in_loop_Depth_Loop_U0/compute_systolic_U0/grp_compute_systolic_Pipeline_Pulse_fu_3978/local_regs_V_129_fu_2166_reg[7]/CE (clocked by clk_fpga_0). Large setup violations at the end of those stages might be difficult to fix during the post-placement implementation flow and could be the result of non-optimal XDC constraints or non-optimal design architecture
Related violations: <none>

TIMING-16#343 Warning
Large setup violation  
There is a large setup violation of -1.427 ns between design_1_i/pipelined_layer_proc_0/inst/grp_dataflow_parent_loop_proc_fu_232/dataflow_in_loop_Depth_Loop_U0/compute_systolic_U0/grp_compute_systolic_Pipeline_Pulse_fu_3978_ap_start_reg_reg_replica_13/C (clocked by clk_fpga_0) and design_1_i/pipelined_layer_proc_0/inst/grp_dataflow_parent_loop_proc_fu_232/dataflow_in_loop_Depth_Loop_U0/compute_systolic_U0/grp_compute_systolic_Pipeline_Pulse_fu_3978/local_regs_V_129_fu_2166_reg[8]/CE (clocked by clk_fpga_0). Large setup violations at the end of those stages might be difficult to fix during the post-placement implementation flow and could be the result of non-optimal XDC constraints or non-optimal design architecture
Related violations: <none>

TIMING-16#344 Warning
Large setup violation  
There is a large setup violation of -1.427 ns between design_1_i/pipelined_layer_proc_0/inst/grp_dataflow_parent_loop_proc_fu_232/dataflow_in_loop_Depth_Loop_U0/compute_systolic_U0/grp_compute_systolic_Pipeline_Pulse_fu_3978_ap_start_reg_reg_replica_13/C (clocked by clk_fpga_0) and design_1_i/pipelined_layer_proc_0/inst/grp_dataflow_parent_loop_proc_fu_232/dataflow_in_loop_Depth_Loop_U0/compute_systolic_U0/grp_compute_systolic_Pipeline_Pulse_fu_3978/local_regs_V_145_fu_2102_reg[31]/CE (clocked by clk_fpga_0). Large setup violations at the end of those stages might be difficult to fix during the post-placement implementation flow and could be the result of non-optimal XDC constraints or non-optimal design architecture
Related violations: <none>

TIMING-16#345 Warning
Large setup violation  
There is a large setup violation of -1.427 ns between design_1_i/pipelined_layer_proc_0/inst/grp_dataflow_parent_loop_proc_fu_232/dataflow_in_loop_Depth_Loop_U0/tile_A_V_3_U/reg_valid0_reg/C (clocked by clk_fpga_0) and design_1_i/pipelined_layer_proc_0/inst/grp_dataflow_parent_loop_proc_fu_232/dataflow_in_loop_Depth_Loop_U0/compute_systolic_U0/big_tile_A_4_load_reg_14979_reg[61]/D (clocked by clk_fpga_0). Large setup violations at the end of those stages might be difficult to fix during the post-placement implementation flow and could be the result of non-optimal XDC constraints or non-optimal design architecture
Related violations: <none>

TIMING-16#346 Warning
Large setup violation  
There is a large setup violation of -1.428 ns between design_1_i/pipelined_layer_proc_0/inst/grp_dataflow_parent_loop_proc_fu_232/dataflow_in_loop_Depth_Loop_U0/compute_systolic_U0/grp_compute_systolic_Pipeline_Load_Cache_Row_fu_3428_ap_start_reg_reg/C (clocked by clk_fpga_0) and design_1_i/pipelined_layer_proc_0/inst/grp_dataflow_parent_loop_proc_fu_232/dataflow_in_loop_Depth_Loop_U0/compute_systolic_U0/grp_compute_systolic_Pipeline_Load_Cache_Row_fu_3428/local_regs_V_701_fu_1956_reg[21]/CE (clocked by clk_fpga_0). Large setup violations at the end of those stages might be difficult to fix during the post-placement implementation flow and could be the result of non-optimal XDC constraints or non-optimal design architecture
Related violations: <none>

TIMING-16#347 Warning
Large setup violation  
There is a large setup violation of -1.428 ns between design_1_i/pipelined_layer_proc_0/inst/grp_dataflow_parent_loop_proc_fu_232/dataflow_in_loop_Depth_Loop_U0/compute_systolic_U0/grp_compute_systolic_Pipeline_Load_Cache_Row_fu_3428_ap_start_reg_reg/C (clocked by clk_fpga_0) and design_1_i/pipelined_layer_proc_0/inst/grp_dataflow_parent_loop_proc_fu_232/dataflow_in_loop_Depth_Loop_U0/compute_systolic_U0/grp_compute_systolic_Pipeline_Load_Cache_Row_fu_3428/local_regs_V_701_fu_1956_reg[23]/CE (clocked by clk_fpga_0). Large setup violations at the end of those stages might be difficult to fix during the post-placement implementation flow and could be the result of non-optimal XDC constraints or non-optimal design architecture
Related violations: <none>

TIMING-16#348 Warning
Large setup violation  
There is a large setup violation of -1.428 ns between design_1_i/pipelined_layer_proc_0/inst/grp_dataflow_parent_loop_proc_fu_232/dataflow_in_loop_Depth_Loop_U0/compute_systolic_U0/grp_compute_systolic_Pipeline_Load_Cache_Row_fu_3428_ap_start_reg_reg/C (clocked by clk_fpga_0) and design_1_i/pipelined_layer_proc_0/inst/grp_dataflow_parent_loop_proc_fu_232/dataflow_in_loop_Depth_Loop_U0/compute_systolic_U0/grp_compute_systolic_Pipeline_Load_Cache_Row_fu_3428/local_regs_V_701_fu_1956_reg[25]/CE (clocked by clk_fpga_0). Large setup violations at the end of those stages might be difficult to fix during the post-placement implementation flow and could be the result of non-optimal XDC constraints or non-optimal design architecture
Related violations: <none>

TIMING-16#349 Warning
Large setup violation  
There is a large setup violation of -1.428 ns between design_1_i/pipelined_layer_proc_0/inst/grp_dataflow_parent_loop_proc_fu_232/dataflow_in_loop_Depth_Loop_U0/compute_systolic_U0/grp_compute_systolic_Pipeline_Load_Cache_Row_fu_3428_ap_start_reg_reg/C (clocked by clk_fpga_0) and design_1_i/pipelined_layer_proc_0/inst/grp_dataflow_parent_loop_proc_fu_232/dataflow_in_loop_Depth_Loop_U0/compute_systolic_U0/grp_compute_systolic_Pipeline_Load_Cache_Row_fu_3428/local_regs_V_701_fu_1956_reg[26]/CE (clocked by clk_fpga_0). Large setup violations at the end of those stages might be difficult to fix during the post-placement implementation flow and could be the result of non-optimal XDC constraints or non-optimal design architecture
Related violations: <none>

TIMING-16#350 Warning
Large setup violation  
There is a large setup violation of -1.430 ns between design_1_i/pipelined_layer_proc_0/inst/grp_dataflow_parent_loop_proc_fu_232/dataflow_in_loop_Depth_Loop_U0/compute_systolic_U0/grp_compute_systolic_Pipeline_Load_Cache_Row_fu_3428_ap_start_reg_reg/C (clocked by clk_fpga_0) and design_1_i/pipelined_layer_proc_0/inst/grp_dataflow_parent_loop_proc_fu_232/dataflow_in_loop_Depth_Loop_U0/compute_systolic_U0/grp_compute_systolic_Pipeline_Load_Cache_Row_fu_3428/local_regs_V_746_fu_2136_reg[18]/D (clocked by clk_fpga_0). Large setup violations at the end of those stages might be difficult to fix during the post-placement implementation flow and could be the result of non-optimal XDC constraints or non-optimal design architecture
Related violations: <none>

TIMING-16#351 Warning
Large setup violation  
There is a large setup violation of -1.434 ns between design_1_i/pipelined_layer_proc_0/inst/grp_dataflow_parent_loop_proc_fu_232/dataflow_in_loop_Depth_Loop_U0/compute_systolic_U0/grp_compute_systolic_Pipeline_Load_Cache_Row_fu_3428_ap_start_reg_reg/C (clocked by clk_fpga_0) and design_1_i/pipelined_layer_proc_0/inst/grp_dataflow_parent_loop_proc_fu_232/dataflow_in_loop_Depth_Loop_U0/compute_systolic_U0/grp_compute_systolic_Pipeline_Load_Cache_Row_fu_3428/local_regs_V_628_fu_1664_reg[22]/CE (clocked by clk_fpga_0). Large setup violations at the end of those stages might be difficult to fix during the post-placement implementation flow and could be the result of non-optimal XDC constraints or non-optimal design architecture
Related violations: <none>

TIMING-16#352 Warning
Large setup violation  
There is a large setup violation of -1.434 ns between design_1_i/pipelined_layer_proc_0/inst/grp_dataflow_parent_loop_proc_fu_232/dataflow_in_loop_Depth_Loop_U0/compute_systolic_U0/grp_compute_systolic_Pipeline_Load_Cache_Row_fu_3428_ap_start_reg_reg/C (clocked by clk_fpga_0) and design_1_i/pipelined_layer_proc_0/inst/grp_dataflow_parent_loop_proc_fu_232/dataflow_in_loop_Depth_Loop_U0/compute_systolic_U0/grp_compute_systolic_Pipeline_Load_Cache_Row_fu_3428/local_regs_V_628_fu_1664_reg[26]/CE (clocked by clk_fpga_0). Large setup violations at the end of those stages might be difficult to fix during the post-placement implementation flow and could be the result of non-optimal XDC constraints or non-optimal design architecture
Related violations: <none>

TIMING-16#353 Warning
Large setup violation  
There is a large setup violation of -1.435 ns between design_1_i/pipelined_layer_proc_0/inst/grp_dataflow_parent_loop_proc_fu_232/dataflow_in_loop_Depth_Loop_U0/compute_systolic_U0/ap_CS_fsm_reg[3]/C (clocked by clk_fpga_0) and design_1_i/pipelined_layer_proc_0/inst/grp_dataflow_parent_loop_proc_fu_232/dataflow_in_loop_Depth_Loop_U0/compute_systolic_U0/big_tile_A_9_load_reg_15004_reg[109]/CE (clocked by clk_fpga_0). Large setup violations at the end of those stages might be difficult to fix during the post-placement implementation flow and could be the result of non-optimal XDC constraints or non-optimal design architecture
Related violations: <none>

TIMING-16#354 Warning
Large setup violation  
There is a large setup violation of -1.435 ns between design_1_i/pipelined_layer_proc_0/inst/grp_dataflow_parent_loop_proc_fu_232/dataflow_in_loop_Depth_Loop_U0/compute_systolic_U0/ap_CS_fsm_reg[3]/C (clocked by clk_fpga_0) and design_1_i/pipelined_layer_proc_0/inst/grp_dataflow_parent_loop_proc_fu_232/dataflow_in_loop_Depth_Loop_U0/compute_systolic_U0/big_tile_A_9_load_reg_15004_reg[118]/CE (clocked by clk_fpga_0). Large setup violations at the end of those stages might be difficult to fix during the post-placement implementation flow and could be the result of non-optimal XDC constraints or non-optimal design architecture
Related violations: <none>

TIMING-16#355 Warning
Large setup violation  
There is a large setup violation of -1.435 ns between design_1_i/pipelined_layer_proc_0/inst/grp_dataflow_parent_loop_proc_fu_232/dataflow_in_loop_Depth_Loop_U0/compute_systolic_U0/ap_CS_fsm_reg[3]/C (clocked by clk_fpga_0) and design_1_i/pipelined_layer_proc_0/inst/grp_dataflow_parent_loop_proc_fu_232/dataflow_in_loop_Depth_Loop_U0/compute_systolic_U0/big_tile_A_9_load_reg_15004_reg[131]/CE (clocked by clk_fpga_0). Large setup violations at the end of those stages might be difficult to fix during the post-placement implementation flow and could be the result of non-optimal XDC constraints or non-optimal design architecture
Related violations: <none>

TIMING-16#356 Warning
Large setup violation  
There is a large setup violation of -1.436 ns between design_1_i/pipelined_layer_proc_0/inst/grp_dataflow_parent_loop_proc_fu_232/dataflow_in_loop_Depth_Loop_U0/tile_A_V_3_U/reg_valid0_reg/C (clocked by clk_fpga_0) and design_1_i/pipelined_layer_proc_0/inst/grp_dataflow_parent_loop_proc_fu_232/dataflow_in_loop_Depth_Loop_U0/compute_systolic_U0/big_tile_A_8_load_reg_14999_reg[54]/D (clocked by clk_fpga_0). Large setup violations at the end of those stages might be difficult to fix during the post-placement implementation flow and could be the result of non-optimal XDC constraints or non-optimal design architecture
Related violations: <none>

TIMING-16#357 Warning
Large setup violation  
There is a large setup violation of -1.445 ns between design_1_i/pipelined_layer_proc_0/inst/grp_dataflow_parent_loop_proc_fu_232/dataflow_in_loop_Depth_Loop_U0/compute_systolic_U0/grp_compute_systolic_Pipeline_Pulse_fu_3978_ap_start_reg_reg_replica_13/C (clocked by clk_fpga_0) and design_1_i/pipelined_layer_proc_0/inst/grp_dataflow_parent_loop_proc_fu_232/dataflow_in_loop_Depth_Loop_U0/compute_systolic_U0/grp_compute_systolic_Pipeline_Pulse_fu_3978/local_regs_V_125_fu_2182_reg[25]/CE (clocked by clk_fpga_0). Large setup violations at the end of those stages might be difficult to fix during the post-placement implementation flow and could be the result of non-optimal XDC constraints or non-optimal design architecture
Related violations: <none>

TIMING-16#358 Warning
Large setup violation  
There is a large setup violation of -1.445 ns between design_1_i/pipelined_layer_proc_0/inst/grp_dataflow_parent_loop_proc_fu_232/dataflow_in_loop_Depth_Loop_U0/compute_systolic_U0/grp_compute_systolic_Pipeline_Pulse_fu_3978_ap_start_reg_reg_replica_13/C (clocked by clk_fpga_0) and design_1_i/pipelined_layer_proc_0/inst/grp_dataflow_parent_loop_proc_fu_232/dataflow_in_loop_Depth_Loop_U0/compute_systolic_U0/grp_compute_systolic_Pipeline_Pulse_fu_3978/local_regs_V_125_fu_2182_reg[26]/CE (clocked by clk_fpga_0). Large setup violations at the end of those stages might be difficult to fix during the post-placement implementation flow and could be the result of non-optimal XDC constraints or non-optimal design architecture
Related violations: <none>

TIMING-16#359 Warning
Large setup violation  
There is a large setup violation of -1.445 ns between design_1_i/pipelined_layer_proc_0/inst/grp_dataflow_parent_loop_proc_fu_232/dataflow_in_loop_Depth_Loop_U0/compute_systolic_U0/grp_compute_systolic_Pipeline_Pulse_fu_3978_ap_start_reg_reg_replica_13/C (clocked by clk_fpga_0) and design_1_i/pipelined_layer_proc_0/inst/grp_dataflow_parent_loop_proc_fu_232/dataflow_in_loop_Depth_Loop_U0/compute_systolic_U0/grp_compute_systolic_Pipeline_Pulse_fu_3978/local_regs_V_125_fu_2182_reg[2]/CE (clocked by clk_fpga_0). Large setup violations at the end of those stages might be difficult to fix during the post-placement implementation flow and could be the result of non-optimal XDC constraints or non-optimal design architecture
Related violations: <none>

TIMING-16#360 Warning
Large setup violation  
There is a large setup violation of -1.445 ns between design_1_i/pipelined_layer_proc_0/inst/grp_dataflow_parent_loop_proc_fu_232/dataflow_in_loop_Depth_Loop_U0/compute_systolic_U0/grp_compute_systolic_Pipeline_Pulse_fu_3978_ap_start_reg_reg_replica_13/C (clocked by clk_fpga_0) and design_1_i/pipelined_layer_proc_0/inst/grp_dataflow_parent_loop_proc_fu_232/dataflow_in_loop_Depth_Loop_U0/compute_systolic_U0/grp_compute_systolic_Pipeline_Pulse_fu_3978/local_regs_V_125_fu_2182_reg[30]/CE (clocked by clk_fpga_0). Large setup violations at the end of those stages might be difficult to fix during the post-placement implementation flow and could be the result of non-optimal XDC constraints or non-optimal design architecture
Related violations: <none>

TIMING-16#361 Warning
Large setup violation  
There is a large setup violation of -1.445 ns between design_1_i/pipelined_layer_proc_0/inst/grp_dataflow_parent_loop_proc_fu_232/dataflow_in_loop_Depth_Loop_U0/compute_systolic_U0/grp_compute_systolic_Pipeline_Pulse_fu_3978_ap_start_reg_reg_replica_13/C (clocked by clk_fpga_0) and design_1_i/pipelined_layer_proc_0/inst/grp_dataflow_parent_loop_proc_fu_232/dataflow_in_loop_Depth_Loop_U0/compute_systolic_U0/grp_compute_systolic_Pipeline_Pulse_fu_3978/local_regs_V_125_fu_2182_reg[4]/CE (clocked by clk_fpga_0). Large setup violations at the end of those stages might be difficult to fix during the post-placement implementation flow and could be the result of non-optimal XDC constraints or non-optimal design architecture
Related violations: <none>

TIMING-16#362 Warning
Large setup violation  
There is a large setup violation of -1.445 ns between design_1_i/pipelined_layer_proc_0/inst/grp_dataflow_parent_loop_proc_fu_232/dataflow_in_loop_Depth_Loop_U0/compute_systolic_U0/grp_compute_systolic_Pipeline_Pulse_fu_3978_ap_start_reg_reg_replica_13/C (clocked by clk_fpga_0) and design_1_i/pipelined_layer_proc_0/inst/grp_dataflow_parent_loop_proc_fu_232/dataflow_in_loop_Depth_Loop_U0/compute_systolic_U0/grp_compute_systolic_Pipeline_Pulse_fu_3978/local_regs_V_125_fu_2182_reg[5]/CE (clocked by clk_fpga_0). Large setup violations at the end of those stages might be difficult to fix during the post-placement implementation flow and could be the result of non-optimal XDC constraints or non-optimal design architecture
Related violations: <none>

TIMING-16#363 Warning
Large setup violation  
There is a large setup violation of -1.445 ns between design_1_i/pipelined_layer_proc_0/inst/grp_dataflow_parent_loop_proc_fu_232/dataflow_in_loop_Depth_Loop_U0/compute_systolic_U0/grp_compute_systolic_Pipeline_Pulse_fu_3978_ap_start_reg_reg_replica_13/C (clocked by clk_fpga_0) and design_1_i/pipelined_layer_proc_0/inst/grp_dataflow_parent_loop_proc_fu_232/dataflow_in_loop_Depth_Loop_U0/compute_systolic_U0/grp_compute_systolic_Pipeline_Pulse_fu_3978/local_regs_V_125_fu_2182_reg[6]/CE (clocked by clk_fpga_0). Large setup violations at the end of those stages might be difficult to fix during the post-placement implementation flow and could be the result of non-optimal XDC constraints or non-optimal design architecture
Related violations: <none>

TIMING-16#364 Warning
Large setup violation  
There is a large setup violation of -1.447 ns between design_1_i/pipelined_layer_proc_0/inst/grp_dataflow_parent_loop_proc_fu_232/dataflow_in_loop_Depth_Loop_U0/compute_systolic_U0/grp_compute_systolic_Pipeline_Pulse_fu_3978_ap_start_reg_reg_replica_7/C (clocked by clk_fpga_0) and design_1_i/pipelined_layer_proc_0/inst/grp_dataflow_parent_loop_proc_fu_232/dataflow_in_loop_Depth_Loop_U0/compute_systolic_U0/grp_compute_systolic_Pipeline_Pulse_fu_3978/h_wires_V_2_reg_15382_reg[7]_rep/D (clocked by clk_fpga_0). Large setup violations at the end of those stages might be difficult to fix during the post-placement implementation flow and could be the result of non-optimal XDC constraints or non-optimal design architecture
Related violations: <none>

TIMING-16#365 Warning
Large setup violation  
There is a large setup violation of -1.448 ns between design_1_i/pipelined_layer_proc_0/inst/grp_dataflow_parent_loop_proc_fu_232/dataflow_in_loop_Depth_Loop_U0/compute_systolic_U0/grp_compute_systolic_Pipeline_Pulse_fu_3978_ap_start_reg_reg_replica_7/C (clocked by clk_fpga_0) and design_1_i/pipelined_layer_proc_0/inst/grp_dataflow_parent_loop_proc_fu_232/dataflow_in_loop_Depth_Loop_U0/compute_systolic_U0/grp_compute_systolic_Pipeline_Pulse_fu_3978/h_wires_V_2_reg_15382_reg[7]_rep__11/D (clocked by clk_fpga_0). Large setup violations at the end of those stages might be difficult to fix during the post-placement implementation flow and could be the result of non-optimal XDC constraints or non-optimal design architecture
Related violations: <none>

TIMING-16#366 Warning
Large setup violation  
There is a large setup violation of -1.450 ns between design_1_i/pipelined_layer_proc_0/inst/grp_dataflow_parent_loop_proc_fu_232/dataflow_in_loop_Depth_Loop_U0/compute_systolic_U0/grp_compute_systolic_Pipeline_Pulse_fu_3978_ap_start_reg_reg_replica_13/C (clocked by clk_fpga_0) and design_1_i/pipelined_layer_proc_0/inst/grp_dataflow_parent_loop_proc_fu_232/dataflow_in_loop_Depth_Loop_U0/compute_systolic_U0/grp_compute_systolic_Pipeline_Pulse_fu_3978/local_regs_V_145_fu_2102_reg[27]/CE (clocked by clk_fpga_0). Large setup violations at the end of those stages might be difficult to fix during the post-placement implementation flow and could be the result of non-optimal XDC constraints or non-optimal design architecture
Related violations: <none>

TIMING-16#367 Warning
Large setup violation  
There is a large setup violation of -1.450 ns between design_1_i/pipelined_layer_proc_0/inst/grp_dataflow_parent_loop_proc_fu_232/dataflow_in_loop_Depth_Loop_U0/tile_A_V_3_U/reg_valid0_reg/C (clocked by clk_fpga_0) and design_1_i/pipelined_layer_proc_0/inst/grp_dataflow_parent_loop_proc_fu_232/dataflow_in_loop_Depth_Loop_U0/compute_systolic_U0/big_tile_A_15_load_reg_15034_reg[201]/D (clocked by clk_fpga_0). Large setup violations at the end of those stages might be difficult to fix during the post-placement implementation flow and could be the result of non-optimal XDC constraints or non-optimal design architecture
Related violations: <none>

TIMING-16#368 Warning
Large setup violation  
There is a large setup violation of -1.452 ns between design_1_i/pipelined_layer_proc_0/inst/grp_dataflow_parent_loop_proc_fu_232/dataflow_in_loop_Depth_Loop_U0/compute_systolic_U0/ap_CS_fsm_reg[3]/C (clocked by clk_fpga_0) and design_1_i/pipelined_layer_proc_0/inst/grp_dataflow_parent_loop_proc_fu_232/dataflow_in_loop_Depth_Loop_U0/compute_systolic_U0/big_tile_A_0_load_reg_14959_reg[26]/CE (clocked by clk_fpga_0). Large setup violations at the end of those stages might be difficult to fix during the post-placement implementation flow and could be the result of non-optimal XDC constraints or non-optimal design architecture
Related violations: <none>

TIMING-16#369 Warning
Large setup violation  
There is a large setup violation of -1.452 ns between design_1_i/pipelined_layer_proc_0/inst/grp_dataflow_parent_loop_proc_fu_232/dataflow_in_loop_Depth_Loop_U0/compute_systolic_U0/ap_CS_fsm_reg[3]/C (clocked by clk_fpga_0) and design_1_i/pipelined_layer_proc_0/inst/grp_dataflow_parent_loop_proc_fu_232/dataflow_in_loop_Depth_Loop_U0/compute_systolic_U0/big_tile_A_9_load_reg_15004_reg[100]/CE (clocked by clk_fpga_0). Large setup violations at the end of those stages might be difficult to fix during the post-placement implementation flow and could be the result of non-optimal XDC constraints or non-optimal design architecture
Related violations: <none>

TIMING-16#370 Warning
Large setup violation  
There is a large setup violation of -1.452 ns between design_1_i/pipelined_layer_proc_0/inst/grp_dataflow_parent_loop_proc_fu_232/dataflow_in_loop_Depth_Loop_U0/compute_systolic_U0/ap_CS_fsm_reg[3]/C (clocked by clk_fpga_0) and design_1_i/pipelined_layer_proc_0/inst/grp_dataflow_parent_loop_proc_fu_232/dataflow_in_loop_Depth_Loop_U0/compute_systolic_U0/big_tile_A_9_load_reg_15004_reg[128]/CE (clocked by clk_fpga_0). Large setup violations at the end of those stages might be difficult to fix during the post-placement implementation flow and could be the result of non-optimal XDC constraints or non-optimal design architecture
Related violations: <none>

TIMING-16#371 Warning
Large setup violation  
There is a large setup violation of -1.456 ns between design_1_i/pipelined_layer_proc_0/inst/grp_dataflow_parent_loop_proc_fu_232/dataflow_in_loop_Depth_Loop_U0/compute_systolic_U0/grp_compute_systolic_Pipeline_Pulse_fu_3978_ap_start_reg_reg_replica_13/C (clocked by clk_fpga_0) and design_1_i/pipelined_layer_proc_0/inst/grp_dataflow_parent_loop_proc_fu_232/dataflow_in_loop_Depth_Loop_U0/compute_systolic_U0/grp_compute_systolic_Pipeline_Pulse_fu_3978/local_regs_V_125_fu_2182_reg[11]/CE (clocked by clk_fpga_0). Large setup violations at the end of those stages might be difficult to fix during the post-placement implementation flow and could be the result of non-optimal XDC constraints or non-optimal design architecture
Related violations: <none>

TIMING-16#372 Warning
Large setup violation  
There is a large setup violation of -1.456 ns between design_1_i/pipelined_layer_proc_0/inst/grp_dataflow_parent_loop_proc_fu_232/dataflow_in_loop_Depth_Loop_U0/compute_systolic_U0/grp_compute_systolic_Pipeline_Pulse_fu_3978_ap_start_reg_reg_replica_13/C (clocked by clk_fpga_0) and design_1_i/pipelined_layer_proc_0/inst/grp_dataflow_parent_loop_proc_fu_232/dataflow_in_loop_Depth_Loop_U0/compute_systolic_U0/grp_compute_systolic_Pipeline_Pulse_fu_3978/local_regs_V_125_fu_2182_reg[13]/CE (clocked by clk_fpga_0). Large setup violations at the end of those stages might be difficult to fix during the post-placement implementation flow and could be the result of non-optimal XDC constraints or non-optimal design architecture
Related violations: <none>

TIMING-16#373 Warning
Large setup violation  
There is a large setup violation of -1.456 ns between design_1_i/pipelined_layer_proc_0/inst/grp_dataflow_parent_loop_proc_fu_232/dataflow_in_loop_Depth_Loop_U0/compute_systolic_U0/grp_compute_systolic_Pipeline_Pulse_fu_3978_ap_start_reg_reg_replica_13/C (clocked by clk_fpga_0) and design_1_i/pipelined_layer_proc_0/inst/grp_dataflow_parent_loop_proc_fu_232/dataflow_in_loop_Depth_Loop_U0/compute_systolic_U0/grp_compute_systolic_Pipeline_Pulse_fu_3978/local_regs_V_125_fu_2182_reg[15]/CE (clocked by clk_fpga_0). Large setup violations at the end of those stages might be difficult to fix during the post-placement implementation flow and could be the result of non-optimal XDC constraints or non-optimal design architecture
Related violations: <none>

TIMING-16#374 Warning
Large setup violation  
There is a large setup violation of -1.456 ns between design_1_i/pipelined_layer_proc_0/inst/grp_dataflow_parent_loop_proc_fu_232/dataflow_in_loop_Depth_Loop_U0/compute_systolic_U0/grp_compute_systolic_Pipeline_Pulse_fu_3978_ap_start_reg_reg_replica_13/C (clocked by clk_fpga_0) and design_1_i/pipelined_layer_proc_0/inst/grp_dataflow_parent_loop_proc_fu_232/dataflow_in_loop_Depth_Loop_U0/compute_systolic_U0/grp_compute_systolic_Pipeline_Pulse_fu_3978/local_regs_V_125_fu_2182_reg[18]/CE (clocked by clk_fpga_0). Large setup violations at the end of those stages might be difficult to fix during the post-placement implementation flow and could be the result of non-optimal XDC constraints or non-optimal design architecture
Related violations: <none>

TIMING-16#375 Warning
Large setup violation  
There is a large setup violation of -1.456 ns between design_1_i/pipelined_layer_proc_0/inst/grp_dataflow_parent_loop_proc_fu_232/dataflow_in_loop_Depth_Loop_U0/compute_systolic_U0/grp_compute_systolic_Pipeline_Pulse_fu_3978_ap_start_reg_reg_replica_13/C (clocked by clk_fpga_0) and design_1_i/pipelined_layer_proc_0/inst/grp_dataflow_parent_loop_proc_fu_232/dataflow_in_loop_Depth_Loop_U0/compute_systolic_U0/grp_compute_systolic_Pipeline_Pulse_fu_3978/local_regs_V_125_fu_2182_reg[24]/CE (clocked by clk_fpga_0). Large setup violations at the end of those stages might be difficult to fix during the post-placement implementation flow and could be the result of non-optimal XDC constraints or non-optimal design architecture
Related violations: <none>

TIMING-16#376 Warning
Large setup violation  
There is a large setup violation of -1.456 ns between design_1_i/pipelined_layer_proc_0/inst/grp_dataflow_parent_loop_proc_fu_232/dataflow_in_loop_Depth_Loop_U0/compute_systolic_U0/grp_compute_systolic_Pipeline_Pulse_fu_3978_ap_start_reg_reg_replica_13/C (clocked by clk_fpga_0) and design_1_i/pipelined_layer_proc_0/inst/grp_dataflow_parent_loop_proc_fu_232/dataflow_in_loop_Depth_Loop_U0/compute_systolic_U0/grp_compute_systolic_Pipeline_Pulse_fu_3978/local_regs_V_125_fu_2182_reg[31]/CE (clocked by clk_fpga_0). Large setup violations at the end of those stages might be difficult to fix during the post-placement implementation flow and could be the result of non-optimal XDC constraints or non-optimal design architecture
Related violations: <none>

TIMING-16#377 Warning
Large setup violation  
There is a large setup violation of -1.456 ns between design_1_i/pipelined_layer_proc_0/inst/grp_dataflow_parent_loop_proc_fu_232/dataflow_in_loop_Depth_Loop_U0/compute_systolic_U0/grp_compute_systolic_Pipeline_Pulse_fu_3978_ap_start_reg_reg_replica_13/C (clocked by clk_fpga_0) and design_1_i/pipelined_layer_proc_0/inst/grp_dataflow_parent_loop_proc_fu_232/dataflow_in_loop_Depth_Loop_U0/compute_systolic_U0/grp_compute_systolic_Pipeline_Pulse_fu_3978/local_regs_V_139_fu_2126_reg[1]/CE (clocked by clk_fpga_0). Large setup violations at the end of those stages might be difficult to fix during the post-placement implementation flow and could be the result of non-optimal XDC constraints or non-optimal design architecture
Related violations: <none>

TIMING-16#378 Warning
Large setup violation  
There is a large setup violation of -1.459 ns between design_1_i/pipelined_layer_proc_0/inst/grp_dataflow_parent_loop_proc_fu_232/dataflow_in_loop_Depth_Loop_U0/compute_systolic_U0/grp_compute_systolic_Pipeline_Load_Cache_Row_fu_3428_ap_start_reg_reg/C (clocked by clk_fpga_0) and design_1_i/pipelined_layer_proc_0/inst/grp_dataflow_parent_loop_proc_fu_232/dataflow_in_loop_Depth_Loop_U0/compute_systolic_U0/grp_compute_systolic_Pipeline_Load_Cache_Row_fu_3428/local_regs_V_713_fu_2004_reg[9]/CE (clocked by clk_fpga_0). Large setup violations at the end of those stages might be difficult to fix during the post-placement implementation flow and could be the result of non-optimal XDC constraints or non-optimal design architecture
Related violations: <none>

TIMING-16#379 Warning
Large setup violation  
There is a large setup violation of -1.467 ns between design_1_i/pipelined_layer_proc_0/inst/grp_dataflow_parent_loop_proc_fu_232/dataflow_in_loop_Depth_Loop_U0/compute_systolic_U0/grp_compute_systolic_Pipeline_Load_Cache_Row_fu_3428_ap_start_reg_reg/C (clocked by clk_fpga_0) and design_1_i/pipelined_layer_proc_0/inst/grp_dataflow_parent_loop_proc_fu_232/dataflow_in_loop_Depth_Loop_U0/compute_systolic_U0/grp_compute_systolic_Pipeline_Load_Cache_Row_fu_3428/local_regs_V_746_fu_2136_reg[25]/D (clocked by clk_fpga_0). Large setup violations at the end of those stages might be difficult to fix during the post-placement implementation flow and could be the result of non-optimal XDC constraints or non-optimal design architecture
Related violations: <none>

TIMING-16#380 Warning
Large setup violation  
There is a large setup violation of -1.468 ns between design_1_i/pipelined_layer_proc_0/inst/grp_dataflow_parent_loop_proc_fu_232/dataflow_in_loop_Depth_Loop_U0/tile_A_V_3_U/reg_valid0_reg/C (clocked by clk_fpga_0) and design_1_i/pipelined_layer_proc_0/inst/grp_dataflow_parent_loop_proc_fu_232/dataflow_in_loop_Depth_Loop_U0/compute_systolic_U0/big_tile_A_4_load_reg_14979_reg[140]/D (clocked by clk_fpga_0). Large setup violations at the end of those stages might be difficult to fix during the post-placement implementation flow and could be the result of non-optimal XDC constraints or non-optimal design architecture
Related violations: <none>

TIMING-16#381 Warning
Large setup violation  
There is a large setup violation of -1.471 ns between design_1_i/pipelined_layer_proc_0/inst/gmem0_m_axi_U/bus_write/wreq_throttle/data_fifo/raddr_reg[0]_rep/C (clocked by clk_fpga_0) and design_1_i/pipelined_layer_proc_0/inst/gmem0_m_axi_U/bus_write/wreq_throttle/data_fifo/U_fifo_srl/dout_reg[132]/D (clocked by clk_fpga_0). Large setup violations at the end of those stages might be difficult to fix during the post-placement implementation flow and could be the result of non-optimal XDC constraints or non-optimal design architecture
Related violations: <none>

TIMING-16#382 Warning
Large setup violation  
There is a large setup violation of -1.477 ns between design_1_i/pipelined_layer_proc_0/inst/grp_dataflow_parent_loop_proc_fu_232/dataflow_in_loop_Depth_Loop_U0/compute_systolic_U0/grp_compute_systolic_Pipeline_Load_Cache_Row_fu_3428_ap_start_reg_reg/C (clocked by clk_fpga_0) and design_1_i/pipelined_layer_proc_0/inst/grp_dataflow_parent_loop_proc_fu_232/dataflow_in_loop_Depth_Loop_U0/compute_systolic_U0/grp_compute_systolic_Pipeline_Load_Cache_Row_fu_3428/local_regs_V_522_fu_1240_reg[20]/D (clocked by clk_fpga_0). Large setup violations at the end of those stages might be difficult to fix during the post-placement implementation flow and could be the result of non-optimal XDC constraints or non-optimal design architecture
Related violations: <none>

TIMING-16#383 Warning
Large setup violation  
There is a large setup violation of -1.480 ns between design_1_i/pipelined_layer_proc_0/inst/grp_dataflow_parent_loop_proc_fu_232/dataflow_in_loop_Depth_Loop_U0/compute_systolic_U0/grp_compute_systolic_Pipeline_Load_Cache_Row_fu_3428_ap_start_reg_reg/C (clocked by clk_fpga_0) and design_1_i/pipelined_layer_proc_0/inst/grp_dataflow_parent_loop_proc_fu_232/dataflow_in_loop_Depth_Loop_U0/compute_systolic_U0/grp_compute_systolic_Pipeline_Load_Cache_Row_fu_3428/local_regs_V_522_fu_1240_reg[11]/D (clocked by clk_fpga_0). Large setup violations at the end of those stages might be difficult to fix during the post-placement implementation flow and could be the result of non-optimal XDC constraints or non-optimal design architecture
Related violations: <none>

TIMING-16#384 Warning
Large setup violation  
There is a large setup violation of -1.481 ns between design_1_i/pipelined_layer_proc_0/inst/grp_dataflow_parent_loop_proc_fu_232/dataflow_in_loop_Depth_Loop_U0/compute_systolic_U0/grp_compute_systolic_Pipeline_Load_Cache_Row_fu_3428_ap_start_reg_reg/C (clocked by clk_fpga_0) and design_1_i/pipelined_layer_proc_0/inst/grp_dataflow_parent_loop_proc_fu_232/dataflow_in_loop_Depth_Loop_U0/compute_systolic_U0/grp_compute_systolic_Pipeline_Load_Cache_Row_fu_3428/local_regs_V_620_fu_1632_reg[20]/CE (clocked by clk_fpga_0). Large setup violations at the end of those stages might be difficult to fix during the post-placement implementation flow and could be the result of non-optimal XDC constraints or non-optimal design architecture
Related violations: <none>

TIMING-16#385 Warning
Large setup violation  
There is a large setup violation of -1.481 ns between design_1_i/pipelined_layer_proc_0/inst/grp_dataflow_parent_loop_proc_fu_232/dataflow_in_loop_Depth_Loop_U0/compute_systolic_U0/grp_compute_systolic_Pipeline_Load_Cache_Row_fu_3428_ap_start_reg_reg/C (clocked by clk_fpga_0) and design_1_i/pipelined_layer_proc_0/inst/grp_dataflow_parent_loop_proc_fu_232/dataflow_in_loop_Depth_Loop_U0/compute_systolic_U0/grp_compute_systolic_Pipeline_Load_Cache_Row_fu_3428/local_regs_V_620_fu_1632_reg[21]/CE (clocked by clk_fpga_0). Large setup violations at the end of those stages might be difficult to fix during the post-placement implementation flow and could be the result of non-optimal XDC constraints or non-optimal design architecture
Related violations: <none>

TIMING-16#386 Warning
Large setup violation  
There is a large setup violation of -1.481 ns between design_1_i/pipelined_layer_proc_0/inst/grp_dataflow_parent_loop_proc_fu_232/dataflow_in_loop_Depth_Loop_U0/compute_systolic_U0/grp_compute_systolic_Pipeline_Load_Cache_Row_fu_3428_ap_start_reg_reg/C (clocked by clk_fpga_0) and design_1_i/pipelined_layer_proc_0/inst/grp_dataflow_parent_loop_proc_fu_232/dataflow_in_loop_Depth_Loop_U0/compute_systolic_U0/grp_compute_systolic_Pipeline_Load_Cache_Row_fu_3428/local_regs_V_620_fu_1632_reg[22]/CE (clocked by clk_fpga_0). Large setup violations at the end of those stages might be difficult to fix during the post-placement implementation flow and could be the result of non-optimal XDC constraints or non-optimal design architecture
Related violations: <none>

TIMING-16#387 Warning
Large setup violation  
There is a large setup violation of -1.481 ns between design_1_i/pipelined_layer_proc_0/inst/grp_dataflow_parent_loop_proc_fu_232/dataflow_in_loop_Depth_Loop_U0/compute_systolic_U0/grp_compute_systolic_Pipeline_Load_Cache_Row_fu_3428_ap_start_reg_reg/C (clocked by clk_fpga_0) and design_1_i/pipelined_layer_proc_0/inst/grp_dataflow_parent_loop_proc_fu_232/dataflow_in_loop_Depth_Loop_U0/compute_systolic_U0/grp_compute_systolic_Pipeline_Load_Cache_Row_fu_3428/local_regs_V_620_fu_1632_reg[23]/CE (clocked by clk_fpga_0). Large setup violations at the end of those stages might be difficult to fix during the post-placement implementation flow and could be the result of non-optimal XDC constraints or non-optimal design architecture
Related violations: <none>

TIMING-16#388 Warning
Large setup violation  
There is a large setup violation of -1.481 ns between design_1_i/pipelined_layer_proc_0/inst/grp_dataflow_parent_loop_proc_fu_232/dataflow_in_loop_Depth_Loop_U0/compute_systolic_U0/grp_compute_systolic_Pipeline_Load_Cache_Row_fu_3428_ap_start_reg_reg/C (clocked by clk_fpga_0) and design_1_i/pipelined_layer_proc_0/inst/grp_dataflow_parent_loop_proc_fu_232/dataflow_in_loop_Depth_Loop_U0/compute_systolic_U0/grp_compute_systolic_Pipeline_Load_Cache_Row_fu_3428/local_regs_V_620_fu_1632_reg[26]/CE (clocked by clk_fpga_0). Large setup violations at the end of those stages might be difficult to fix during the post-placement implementation flow and could be the result of non-optimal XDC constraints or non-optimal design architecture
Related violations: <none>

TIMING-16#389 Warning
Large setup violation  
There is a large setup violation of -1.481 ns between design_1_i/pipelined_layer_proc_0/inst/grp_dataflow_parent_loop_proc_fu_232/dataflow_in_loop_Depth_Loop_U0/compute_systolic_U0/grp_compute_systolic_Pipeline_Load_Cache_Row_fu_3428_ap_start_reg_reg/C (clocked by clk_fpga_0) and design_1_i/pipelined_layer_proc_0/inst/grp_dataflow_parent_loop_proc_fu_232/dataflow_in_loop_Depth_Loop_U0/compute_systolic_U0/grp_compute_systolic_Pipeline_Load_Cache_Row_fu_3428/local_regs_V_620_fu_1632_reg[2]/CE (clocked by clk_fpga_0). Large setup violations at the end of those stages might be difficult to fix during the post-placement implementation flow and could be the result of non-optimal XDC constraints or non-optimal design architecture
Related violations: <none>

TIMING-16#390 Warning
Large setup violation  
There is a large setup violation of -1.481 ns between design_1_i/pipelined_layer_proc_0/inst/grp_dataflow_parent_loop_proc_fu_232/dataflow_in_loop_Depth_Loop_U0/compute_systolic_U0/grp_compute_systolic_Pipeline_Load_Cache_Row_fu_3428_ap_start_reg_reg/C (clocked by clk_fpga_0) and design_1_i/pipelined_layer_proc_0/inst/grp_dataflow_parent_loop_proc_fu_232/dataflow_in_loop_Depth_Loop_U0/compute_systolic_U0/grp_compute_systolic_Pipeline_Load_Cache_Row_fu_3428/local_regs_V_620_fu_1632_reg[3]/CE (clocked by clk_fpga_0). Large setup violations at the end of those stages might be difficult to fix during the post-placement implementation flow and could be the result of non-optimal XDC constraints or non-optimal design architecture
Related violations: <none>

TIMING-16#391 Warning
Large setup violation  
There is a large setup violation of -1.481 ns between design_1_i/pipelined_layer_proc_0/inst/grp_dataflow_parent_loop_proc_fu_232/dataflow_in_loop_Depth_Loop_U0/compute_systolic_U0/grp_compute_systolic_Pipeline_Load_Cache_Row_fu_3428_ap_start_reg_reg/C (clocked by clk_fpga_0) and design_1_i/pipelined_layer_proc_0/inst/grp_dataflow_parent_loop_proc_fu_232/dataflow_in_loop_Depth_Loop_U0/compute_systolic_U0/grp_compute_systolic_Pipeline_Load_Cache_Row_fu_3428/local_regs_V_620_fu_1632_reg[4]/CE (clocked by clk_fpga_0). Large setup violations at the end of those stages might be difficult to fix during the post-placement implementation flow and could be the result of non-optimal XDC constraints or non-optimal design architecture
Related violations: <none>

TIMING-16#392 Warning
Large setup violation  
There is a large setup violation of -1.487 ns between design_1_i/pipelined_layer_proc_0/inst/grp_dataflow_parent_loop_proc_fu_232/dataflow_in_loop_Depth_Loop_U0/tile_A_V_3_U/reg_valid0_reg/C (clocked by clk_fpga_0) and design_1_i/pipelined_layer_proc_0/inst/grp_dataflow_parent_loop_proc_fu_232/dataflow_in_loop_Depth_Loop_U0/compute_systolic_U0/big_tile_A_8_load_reg_14999_reg[98]/D (clocked by clk_fpga_0). Large setup violations at the end of those stages might be difficult to fix during the post-placement implementation flow and could be the result of non-optimal XDC constraints or non-optimal design architecture
Related violations: <none>

TIMING-16#393 Warning
Large setup violation  
There is a large setup violation of -1.491 ns between design_1_i/pipelined_layer_proc_0/inst/grp_dataflow_parent_loop_proc_fu_232/dataflow_in_loop_Depth_Loop_U0/compute_systolic_U0/grp_compute_systolic_Pipeline_Load_Cache_Row_fu_3428_ap_start_reg_reg/C (clocked by clk_fpga_0) and design_1_i/pipelined_layer_proc_0/inst/grp_dataflow_parent_loop_proc_fu_232/dataflow_in_loop_Depth_Loop_U0/compute_systolic_U0/grp_compute_systolic_Pipeline_Load_Cache_Row_fu_3428/local_regs_V_522_fu_1240_reg[1]/D (clocked by clk_fpga_0). Large setup violations at the end of those stages might be difficult to fix during the post-placement implementation flow and could be the result of non-optimal XDC constraints or non-optimal design architecture
Related violations: <none>

TIMING-16#394 Warning
Large setup violation  
There is a large setup violation of -1.491 ns between design_1_i/pipelined_layer_proc_0/inst/grp_dataflow_parent_loop_proc_fu_232/dataflow_in_loop_Depth_Loop_U0/tile_A_V_3_U/reg_valid0_reg/C (clocked by clk_fpga_0) and design_1_i/pipelined_layer_proc_0/inst/grp_dataflow_parent_loop_proc_fu_232/dataflow_in_loop_Depth_Loop_U0/compute_systolic_U0/big_tile_A_15_load_reg_15034_reg[176]/D (clocked by clk_fpga_0). Large setup violations at the end of those stages might be difficult to fix during the post-placement implementation flow and could be the result of non-optimal XDC constraints or non-optimal design architecture
Related violations: <none>

TIMING-16#395 Warning
Large setup violation  
There is a large setup violation of -1.497 ns between design_1_i/pipelined_layer_proc_0/inst/grp_dataflow_parent_loop_proc_fu_232/dataflow_in_loop_Depth_Loop_U0/tile_A_V_3_U/reg_valid0_reg/C (clocked by clk_fpga_0) and design_1_i/pipelined_layer_proc_0/inst/grp_dataflow_parent_loop_proc_fu_232/dataflow_in_loop_Depth_Loop_U0/compute_systolic_U0/big_tile_A_3_load_reg_14974_reg[177]/D (clocked by clk_fpga_0). Large setup violations at the end of those stages might be difficult to fix during the post-placement implementation flow and could be the result of non-optimal XDC constraints or non-optimal design architecture
Related violations: <none>

TIMING-16#396 Warning
Large setup violation  
There is a large setup violation of -1.498 ns between design_1_i/pipelined_layer_proc_0/inst/grp_dataflow_parent_loop_proc_fu_232/dataflow_in_loop_Depth_Loop_U0/tile_A_V_3_U/reg_valid0_reg/C (clocked by clk_fpga_0) and design_1_i/pipelined_layer_proc_0/inst/grp_dataflow_parent_loop_proc_fu_232/dataflow_in_loop_Depth_Loop_U0/compute_systolic_U0/big_tile_A_15_load_reg_15034_reg[144]/D (clocked by clk_fpga_0). Large setup violations at the end of those stages might be difficult to fix during the post-placement implementation flow and could be the result of non-optimal XDC constraints or non-optimal design architecture
Related violations: <none>

TIMING-16#397 Warning
Large setup violation  
There is a large setup violation of -1.499 ns between design_1_i/pipelined_layer_proc_0/inst/grp_dataflow_parent_loop_proc_fu_232/dataflow_in_loop_Depth_Loop_U0/tile_A_V_3_U/reg_valid0_reg/C (clocked by clk_fpga_0) and design_1_i/pipelined_layer_proc_0/inst/grp_dataflow_parent_loop_proc_fu_232/dataflow_in_loop_Depth_Loop_U0/compute_systolic_U0/big_tile_A_3_load_reg_14974_reg[163]/D (clocked by clk_fpga_0). Large setup violations at the end of those stages might be difficult to fix during the post-placement implementation flow and could be the result of non-optimal XDC constraints or non-optimal design architecture
Related violations: <none>

TIMING-16#398 Warning
Large setup violation  
There is a large setup violation of -1.500 ns between design_1_i/pipelined_layer_proc_0/inst/grp_dataflow_parent_loop_proc_fu_232/dataflow_in_loop_Depth_Loop_U0/compute_systolic_U0/grp_compute_systolic_Pipeline_Load_Cache_Row_fu_3428_ap_start_reg_reg/C (clocked by clk_fpga_0) and design_1_i/pipelined_layer_proc_0/inst/grp_dataflow_parent_loop_proc_fu_232/dataflow_in_loop_Depth_Loop_U0/compute_systolic_U0/grp_compute_systolic_Pipeline_Load_Cache_Row_fu_3428/local_regs_V_713_fu_2004_reg[17]/CE (clocked by clk_fpga_0). Large setup violations at the end of those stages might be difficult to fix during the post-placement implementation flow and could be the result of non-optimal XDC constraints or non-optimal design architecture
Related violations: <none>

TIMING-16#399 Warning
Large setup violation  
There is a large setup violation of -1.504 ns between design_1_i/pipelined_layer_proc_0/inst/grp_dataflow_parent_loop_proc_fu_232/dataflow_in_loop_Depth_Loop_U0/compute_systolic_U0/grp_compute_systolic_Pipeline_Load_Cache_Row_fu_3428_ap_start_reg_reg/C (clocked by clk_fpga_0) and design_1_i/pipelined_layer_proc_0/inst/grp_dataflow_parent_loop_proc_fu_232/dataflow_in_loop_Depth_Loop_U0/compute_systolic_U0/grp_compute_systolic_Pipeline_Load_Cache_Row_fu_3428/local_regs_V_643_fu_1724_reg[14]/D (clocked by clk_fpga_0). Large setup violations at the end of those stages might be difficult to fix during the post-placement implementation flow and could be the result of non-optimal XDC constraints or non-optimal design architecture
Related violations: <none>

TIMING-16#400 Warning
Large setup violation  
There is a large setup violation of -1.512 ns between design_1_i/pipelined_layer_proc_0/inst/grp_dataflow_parent_loop_proc_fu_232/dataflow_in_loop_Depth_Loop_U0/compute_systolic_U0/grp_compute_systolic_Pipeline_Pulse_fu_3978_ap_start_reg_reg_replica_7/C (clocked by clk_fpga_0) and design_1_i/pipelined_layer_proc_0/inst/grp_dataflow_parent_loop_proc_fu_232/dataflow_in_loop_Depth_Loop_U0/compute_systolic_U0/grp_compute_systolic_Pipeline_Pulse_fu_3978/h_wires_V_2_reg_15382_reg[2]/D (clocked by clk_fpga_0). Large setup violations at the end of those stages might be difficult to fix during the post-placement implementation flow and could be the result of non-optimal XDC constraints or non-optimal design architecture
Related violations: <none>

TIMING-16#401 Warning
Large setup violation  
There is a large setup violation of -1.517 ns between design_1_i/pipelined_layer_proc_0/inst/grp_dataflow_parent_loop_proc_fu_232/dataflow_in_loop_Depth_Loop_U0/tile_A_V_3_U/reg_valid0_reg/C (clocked by clk_fpga_0) and design_1_i/pipelined_layer_proc_0/inst/grp_dataflow_parent_loop_proc_fu_232/dataflow_in_loop_Depth_Loop_U0/compute_systolic_U0/big_tile_A_11_load_reg_15014_reg[89]/D (clocked by clk_fpga_0). Large setup violations at the end of those stages might be difficult to fix during the post-placement implementation flow and could be the result of non-optimal XDC constraints or non-optimal design architecture
Related violations: <none>

TIMING-16#402 Warning
Large setup violation  
There is a large setup violation of -1.519 ns between design_1_i/pipelined_layer_proc_0/inst/grp_dataflow_parent_loop_proc_fu_232/dataflow_in_loop_Depth_Loop_U0/tile_A_V_3_U/reg_valid0_reg/C (clocked by clk_fpga_0) and design_1_i/pipelined_layer_proc_0/inst/grp_dataflow_parent_loop_proc_fu_232/dataflow_in_loop_Depth_Loop_U0/compute_systolic_U0/big_tile_A_15_load_reg_15034_reg[197]/D (clocked by clk_fpga_0). Large setup violations at the end of those stages might be difficult to fix during the post-placement implementation flow and could be the result of non-optimal XDC constraints or non-optimal design architecture
Related violations: <none>

TIMING-16#403 Warning
Large setup violation  
There is a large setup violation of -1.521 ns between design_1_i/pipelined_layer_proc_0/inst/grp_dataflow_parent_loop_proc_fu_232/dataflow_in_loop_Depth_Loop_U0/compute_systolic_U0/grp_compute_systolic_Pipeline_Pulse_fu_3978_ap_start_reg_reg_replica_7/C (clocked by clk_fpga_0) and design_1_i/pipelined_layer_proc_0/inst/grp_dataflow_parent_loop_proc_fu_232/dataflow_in_loop_Depth_Loop_U0/compute_systolic_U0/grp_compute_systolic_Pipeline_Pulse_fu_3978/h_wires_V_10_reg_15422_reg[7]_rep__12/D (clocked by clk_fpga_0). Large setup violations at the end of those stages might be difficult to fix during the post-placement implementation flow and could be the result of non-optimal XDC constraints or non-optimal design architecture
Related violations: <none>

TIMING-16#404 Warning
Large setup violation  
There is a large setup violation of -1.521 ns between design_1_i/pipelined_layer_proc_0/inst/grp_dataflow_parent_loop_proc_fu_232/dataflow_in_loop_Depth_Loop_U0/tile_A_V_3_U/reg_valid0_reg/C (clocked by clk_fpga_0) and design_1_i/pipelined_layer_proc_0/inst/grp_dataflow_parent_loop_proc_fu_232/dataflow_in_loop_Depth_Loop_U0/compute_systolic_U0/big_tile_A_4_load_reg_14979_reg[243]/D (clocked by clk_fpga_0). Large setup violations at the end of those stages might be difficult to fix during the post-placement implementation flow and could be the result of non-optimal XDC constraints or non-optimal design architecture
Related violations: <none>

TIMING-16#405 Warning
Large setup violation  
There is a large setup violation of -1.527 ns between design_1_i/pipelined_layer_proc_0/inst/grp_dataflow_parent_loop_proc_fu_232/dataflow_in_loop_Depth_Loop_U0/tile_A_V_3_U/reg_valid0_reg/C (clocked by clk_fpga_0) and design_1_i/pipelined_layer_proc_0/inst/grp_dataflow_parent_loop_proc_fu_232/dataflow_in_loop_Depth_Loop_U0/compute_systolic_U0/big_tile_A_4_load_reg_14979_reg[224]/D (clocked by clk_fpga_0). Large setup violations at the end of those stages might be difficult to fix during the post-placement implementation flow and could be the result of non-optimal XDC constraints or non-optimal design architecture
Related violations: <none>

TIMING-16#406 Warning
Large setup violation  
There is a large setup violation of -1.528 ns between design_1_i/pipelined_layer_proc_0/inst/grp_dataflow_parent_loop_proc_fu_232/dataflow_in_loop_Depth_Loop_U0/compute_systolic_U0/ap_CS_fsm_reg[3]/C (clocked by clk_fpga_0) and design_1_i/pipelined_layer_proc_0/inst/grp_dataflow_parent_loop_proc_fu_232/dataflow_in_loop_Depth_Loop_U0/compute_systolic_U0/big_tile_A_9_load_reg_15004_reg[10]/CE (clocked by clk_fpga_0). Large setup violations at the end of those stages might be difficult to fix during the post-placement implementation flow and could be the result of non-optimal XDC constraints or non-optimal design architecture
Related violations: <none>

TIMING-16#407 Warning
Large setup violation  
There is a large setup violation of -1.528 ns between design_1_i/pipelined_layer_proc_0/inst/grp_dataflow_parent_loop_proc_fu_232/dataflow_in_loop_Depth_Loop_U0/compute_systolic_U0/ap_CS_fsm_reg[3]/C (clocked by clk_fpga_0) and design_1_i/pipelined_layer_proc_0/inst/grp_dataflow_parent_loop_proc_fu_232/dataflow_in_loop_Depth_Loop_U0/compute_systolic_U0/big_tile_A_9_load_reg_15004_reg[224]/CE (clocked by clk_fpga_0). Large setup violations at the end of those stages might be difficult to fix during the post-placement implementation flow and could be the result of non-optimal XDC constraints or non-optimal design architecture
Related violations: <none>

TIMING-16#408 Warning
Large setup violation  
There is a large setup violation of -1.528 ns between design_1_i/pipelined_layer_proc_0/inst/grp_dataflow_parent_loop_proc_fu_232/dataflow_in_loop_Depth_Loop_U0/compute_systolic_U0/ap_CS_fsm_reg[3]/C (clocked by clk_fpga_0) and design_1_i/pipelined_layer_proc_0/inst/grp_dataflow_parent_loop_proc_fu_232/dataflow_in_loop_Depth_Loop_U0/compute_systolic_U0/big_tile_A_9_load_reg_15004_reg[34]/CE (clocked by clk_fpga_0). Large setup violations at the end of those stages might be difficult to fix during the post-placement implementation flow and could be the result of non-optimal XDC constraints or non-optimal design architecture
Related violations: <none>

TIMING-16#409 Warning
Large setup violation  
There is a large setup violation of -1.528 ns between design_1_i/pipelined_layer_proc_0/inst/grp_dataflow_parent_loop_proc_fu_232/dataflow_in_loop_Depth_Loop_U0/compute_systolic_U0/ap_CS_fsm_reg[3]/C (clocked by clk_fpga_0) and design_1_i/pipelined_layer_proc_0/inst/grp_dataflow_parent_loop_proc_fu_232/dataflow_in_loop_Depth_Loop_U0/compute_systolic_U0/big_tile_A_9_load_reg_15004_reg[58]/CE (clocked by clk_fpga_0). Large setup violations at the end of those stages might be difficult to fix during the post-placement implementation flow and could be the result of non-optimal XDC constraints or non-optimal design architecture
Related violations: <none>

TIMING-16#410 Warning
Large setup violation  
There is a large setup violation of -1.528 ns between design_1_i/pipelined_layer_proc_0/inst/grp_dataflow_parent_loop_proc_fu_232/dataflow_in_loop_Depth_Loop_U0/compute_systolic_U0/grp_compute_systolic_Pipeline_Pulse_fu_3978_ap_start_reg_reg_replica_13/C (clocked by clk_fpga_0) and design_1_i/pipelined_layer_proc_0/inst/grp_dataflow_parent_loop_proc_fu_232/dataflow_in_loop_Depth_Loop_U0/compute_systolic_U0/grp_compute_systolic_Pipeline_Pulse_fu_3978/local_regs_V_114_fu_2226_reg[15]/CE (clocked by clk_fpga_0). Large setup violations at the end of those stages might be difficult to fix during the post-placement implementation flow and could be the result of non-optimal XDC constraints or non-optimal design architecture
Related violations: <none>

TIMING-16#411 Warning
Large setup violation  
There is a large setup violation of -1.528 ns between design_1_i/pipelined_layer_proc_0/inst/grp_dataflow_parent_loop_proc_fu_232/dataflow_in_loop_Depth_Loop_U0/compute_systolic_U0/grp_compute_systolic_Pipeline_Pulse_fu_3978_ap_start_reg_reg_replica_13/C (clocked by clk_fpga_0) and design_1_i/pipelined_layer_proc_0/inst/grp_dataflow_parent_loop_proc_fu_232/dataflow_in_loop_Depth_Loop_U0/compute_systolic_U0/grp_compute_systolic_Pipeline_Pulse_fu_3978/local_regs_V_114_fu_2226_reg[19]/CE (clocked by clk_fpga_0). Large setup violations at the end of those stages might be difficult to fix during the post-placement implementation flow and could be the result of non-optimal XDC constraints or non-optimal design architecture
Related violations: <none>

TIMING-16#412 Warning
Large setup violation  
There is a large setup violation of -1.530 ns between design_1_i/pipelined_layer_proc_0/inst/grp_dataflow_parent_loop_proc_fu_232/dataflow_in_loop_Depth_Loop_U0/compute_systolic_U0/grp_compute_systolic_Pipeline_Load_Cache_Row_fu_3428_ap_start_reg_reg/C (clocked by clk_fpga_0) and design_1_i/pipelined_layer_proc_0/inst/grp_dataflow_parent_loop_proc_fu_232/dataflow_in_loop_Depth_Loop_U0/compute_systolic_U0/grp_compute_systolic_Pipeline_Load_Cache_Row_fu_3428/local_regs_V_715_fu_2012_reg[10]/CE (clocked by clk_fpga_0). Large setup violations at the end of those stages might be difficult to fix during the post-placement implementation flow and could be the result of non-optimal XDC constraints or non-optimal design architecture
Related violations: <none>

TIMING-16#413 Warning
Large setup violation  
There is a large setup violation of -1.530 ns between design_1_i/pipelined_layer_proc_0/inst/grp_dataflow_parent_loop_proc_fu_232/dataflow_in_loop_Depth_Loop_U0/compute_systolic_U0/grp_compute_systolic_Pipeline_Load_Cache_Row_fu_3428_ap_start_reg_reg/C (clocked by clk_fpga_0) and design_1_i/pipelined_layer_proc_0/inst/grp_dataflow_parent_loop_proc_fu_232/dataflow_in_loop_Depth_Loop_U0/compute_systolic_U0/grp_compute_systolic_Pipeline_Load_Cache_Row_fu_3428/local_regs_V_715_fu_2012_reg[20]/CE (clocked by clk_fpga_0). Large setup violations at the end of those stages might be difficult to fix during the post-placement implementation flow and could be the result of non-optimal XDC constraints or non-optimal design architecture
Related violations: <none>

TIMING-16#414 Warning
Large setup violation  
There is a large setup violation of -1.530 ns between design_1_i/pipelined_layer_proc_0/inst/grp_dataflow_parent_loop_proc_fu_232/dataflow_in_loop_Depth_Loop_U0/compute_systolic_U0/grp_compute_systolic_Pipeline_Load_Cache_Row_fu_3428_ap_start_reg_reg/C (clocked by clk_fpga_0) and design_1_i/pipelined_layer_proc_0/inst/grp_dataflow_parent_loop_proc_fu_232/dataflow_in_loop_Depth_Loop_U0/compute_systolic_U0/grp_compute_systolic_Pipeline_Load_Cache_Row_fu_3428/local_regs_V_715_fu_2012_reg[25]/CE (clocked by clk_fpga_0). Large setup violations at the end of those stages might be difficult to fix during the post-placement implementation flow and could be the result of non-optimal XDC constraints or non-optimal design architecture
Related violations: <none>

TIMING-16#415 Warning
Large setup violation  
There is a large setup violation of -1.530 ns between design_1_i/pipelined_layer_proc_0/inst/grp_dataflow_parent_loop_proc_fu_232/dataflow_in_loop_Depth_Loop_U0/compute_systolic_U0/grp_compute_systolic_Pipeline_Load_Cache_Row_fu_3428_ap_start_reg_reg/C (clocked by clk_fpga_0) and design_1_i/pipelined_layer_proc_0/inst/grp_dataflow_parent_loop_proc_fu_232/dataflow_in_loop_Depth_Loop_U0/compute_systolic_U0/grp_compute_systolic_Pipeline_Load_Cache_Row_fu_3428/local_regs_V_715_fu_2012_reg[27]/CE (clocked by clk_fpga_0). Large setup violations at the end of those stages might be difficult to fix during the post-placement implementation flow and could be the result of non-optimal XDC constraints or non-optimal design architecture
Related violations: <none>

TIMING-16#416 Warning
Large setup violation  
There is a large setup violation of -1.530 ns between design_1_i/pipelined_layer_proc_0/inst/grp_dataflow_parent_loop_proc_fu_232/dataflow_in_loop_Depth_Loop_U0/compute_systolic_U0/grp_compute_systolic_Pipeline_Load_Cache_Row_fu_3428_ap_start_reg_reg/C (clocked by clk_fpga_0) and design_1_i/pipelined_layer_proc_0/inst/grp_dataflow_parent_loop_proc_fu_232/dataflow_in_loop_Depth_Loop_U0/compute_systolic_U0/grp_compute_systolic_Pipeline_Load_Cache_Row_fu_3428/local_regs_V_715_fu_2012_reg[5]/CE (clocked by clk_fpga_0). Large setup violations at the end of those stages might be difficult to fix during the post-placement implementation flow and could be the result of non-optimal XDC constraints or non-optimal design architecture
Related violations: <none>

TIMING-16#417 Warning
Large setup violation  
There is a large setup violation of -1.531 ns between design_1_i/pipelined_layer_proc_0/inst/grp_dataflow_parent_loop_proc_fu_232/dataflow_in_loop_Depth_Loop_U0/tile_A_V_3_U/reg_valid0_reg/C (clocked by clk_fpga_0) and design_1_i/pipelined_layer_proc_0/inst/grp_dataflow_parent_loop_proc_fu_232/dataflow_in_loop_Depth_Loop_U0/compute_systolic_U0/big_tile_A_15_load_reg_15034_reg[150]/D (clocked by clk_fpga_0). Large setup violations at the end of those stages might be difficult to fix during the post-placement implementation flow and could be the result of non-optimal XDC constraints or non-optimal design architecture
Related violations: <none>

TIMING-16#418 Warning
Large setup violation  
There is a large setup violation of -1.532 ns between design_1_i/pipelined_layer_proc_0/inst/grp_dataflow_parent_loop_proc_fu_232/dataflow_in_loop_Depth_Loop_U0/compute_systolic_U0/grp_compute_systolic_Pipeline_Load_Cache_Row_fu_3428_ap_start_reg_reg/C (clocked by clk_fpga_0) and design_1_i/pipelined_layer_proc_0/inst/grp_dataflow_parent_loop_proc_fu_232/dataflow_in_loop_Depth_Loop_U0/compute_systolic_U0/grp_compute_systolic_Pipeline_Load_Cache_Row_fu_3428/local_regs_V_613_fu_1604_reg[6]/CE (clocked by clk_fpga_0). Large setup violations at the end of those stages might be difficult to fix during the post-placement implementation flow and could be the result of non-optimal XDC constraints or non-optimal design architecture
Related violations: <none>

TIMING-16#419 Warning
Large setup violation  
There is a large setup violation of -1.535 ns between design_1_i/pipelined_layer_proc_0/inst/grp_dataflow_parent_loop_proc_fu_232/dataflow_in_loop_Depth_Loop_U0/compute_systolic_U0/grp_compute_systolic_Pipeline_Pulse_fu_3978_ap_start_reg_reg_replica_13/C (clocked by clk_fpga_0) and design_1_i/pipelined_layer_proc_0/inst/grp_dataflow_parent_loop_proc_fu_232/dataflow_in_loop_Depth_Loop_U0/compute_systolic_U0/grp_compute_systolic_Pipeline_Pulse_fu_3978/local_regs_V_114_fu_2226_reg[11]/CE (clocked by clk_fpga_0). Large setup violations at the end of those stages might be difficult to fix during the post-placement implementation flow and could be the result of non-optimal XDC constraints or non-optimal design architecture
Related violations: <none>

TIMING-16#420 Warning
Large setup violation  
There is a large setup violation of -1.535 ns between design_1_i/pipelined_layer_proc_0/inst/grp_dataflow_parent_loop_proc_fu_232/dataflow_in_loop_Depth_Loop_U0/compute_systolic_U0/grp_compute_systolic_Pipeline_Pulse_fu_3978_ap_start_reg_reg_replica_13/C (clocked by clk_fpga_0) and design_1_i/pipelined_layer_proc_0/inst/grp_dataflow_parent_loop_proc_fu_232/dataflow_in_loop_Depth_Loop_U0/compute_systolic_U0/grp_compute_systolic_Pipeline_Pulse_fu_3978/local_regs_V_114_fu_2226_reg[28]/CE (clocked by clk_fpga_0). Large setup violations at the end of those stages might be difficult to fix during the post-placement implementation flow and could be the result of non-optimal XDC constraints or non-optimal design architecture
Related violations: <none>

TIMING-16#421 Warning
Large setup violation  
There is a large setup violation of -1.535 ns between design_1_i/pipelined_layer_proc_0/inst/grp_dataflow_parent_loop_proc_fu_232/dataflow_in_loop_Depth_Loop_U0/compute_systolic_U0/grp_compute_systolic_Pipeline_Pulse_fu_3978_ap_start_reg_reg_replica_13/C (clocked by clk_fpga_0) and design_1_i/pipelined_layer_proc_0/inst/grp_dataflow_parent_loop_proc_fu_232/dataflow_in_loop_Depth_Loop_U0/compute_systolic_U0/grp_compute_systolic_Pipeline_Pulse_fu_3978/local_regs_V_114_fu_2226_reg[29]/CE (clocked by clk_fpga_0). Large setup violations at the end of those stages might be difficult to fix during the post-placement implementation flow and could be the result of non-optimal XDC constraints or non-optimal design architecture
Related violations: <none>

TIMING-16#422 Warning
Large setup violation  
There is a large setup violation of -1.535 ns between design_1_i/pipelined_layer_proc_0/inst/grp_dataflow_parent_loop_proc_fu_232/dataflow_in_loop_Depth_Loop_U0/compute_systolic_U0/grp_compute_systolic_Pipeline_Pulse_fu_3978_ap_start_reg_reg_replica_13/C (clocked by clk_fpga_0) and design_1_i/pipelined_layer_proc_0/inst/grp_dataflow_parent_loop_proc_fu_232/dataflow_in_loop_Depth_Loop_U0/compute_systolic_U0/grp_compute_systolic_Pipeline_Pulse_fu_3978/local_regs_V_114_fu_2226_reg[8]/CE (clocked by clk_fpga_0). Large setup violations at the end of those stages might be difficult to fix during the post-placement implementation flow and could be the result of non-optimal XDC constraints or non-optimal design architecture
Related violations: <none>

TIMING-16#423 Warning
Large setup violation  
There is a large setup violation of -1.535 ns between design_1_i/pipelined_layer_proc_0/inst/grp_dataflow_parent_loop_proc_fu_232/dataflow_in_loop_Depth_Loop_U0/compute_systolic_U0/grp_compute_systolic_Pipeline_Pulse_fu_3978_ap_start_reg_reg_replica_13/C (clocked by clk_fpga_0) and design_1_i/pipelined_layer_proc_0/inst/grp_dataflow_parent_loop_proc_fu_232/dataflow_in_loop_Depth_Loop_U0/compute_systolic_U0/grp_compute_systolic_Pipeline_Pulse_fu_3978/local_regs_V_114_fu_2226_reg[9]/CE (clocked by clk_fpga_0). Large setup violations at the end of those stages might be difficult to fix during the post-placement implementation flow and could be the result of non-optimal XDC constraints or non-optimal design architecture
Related violations: <none>

TIMING-16#424 Warning
Large setup violation  
There is a large setup violation of -1.537 ns between design_1_i/pipelined_layer_proc_0/inst/grp_dataflow_parent_loop_proc_fu_232/dataflow_in_loop_Depth_Loop_U0/compute_systolic_U0/ap_CS_fsm_reg[3]/C (clocked by clk_fpga_0) and design_1_i/pipelined_layer_proc_0/inst/grp_dataflow_parent_loop_proc_fu_232/dataflow_in_loop_Depth_Loop_U0/compute_systolic_U0/big_tile_A_13_load_reg_15024_reg[232]/CE (clocked by clk_fpga_0). Large setup violations at the end of those stages might be difficult to fix during the post-placement implementation flow and could be the result of non-optimal XDC constraints or non-optimal design architecture
Related violations: <none>

TIMING-16#425 Warning
Large setup violation  
There is a large setup violation of -1.537 ns between design_1_i/pipelined_layer_proc_0/inst/grp_dataflow_parent_loop_proc_fu_232/dataflow_in_loop_Depth_Loop_U0/compute_systolic_U0/ap_CS_fsm_reg[3]/C (clocked by clk_fpga_0) and design_1_i/pipelined_layer_proc_0/inst/grp_dataflow_parent_loop_proc_fu_232/dataflow_in_loop_Depth_Loop_U0/compute_systolic_U0/big_tile_A_13_load_reg_15024_reg[236]/CE (clocked by clk_fpga_0). Large setup violations at the end of those stages might be difficult to fix during the post-placement implementation flow and could be the result of non-optimal XDC constraints or non-optimal design architecture
Related violations: <none>

TIMING-16#426 Warning
Large setup violation  
There is a large setup violation of -1.537 ns between design_1_i/pipelined_layer_proc_0/inst/grp_dataflow_parent_loop_proc_fu_232/dataflow_in_loop_Depth_Loop_U0/compute_systolic_U0/ap_CS_fsm_reg[3]/C (clocked by clk_fpga_0) and design_1_i/pipelined_layer_proc_0/inst/grp_dataflow_parent_loop_proc_fu_232/dataflow_in_loop_Depth_Loop_U0/compute_systolic_U0/big_tile_A_13_load_reg_15024_reg[254]/CE (clocked by clk_fpga_0). Large setup violations at the end of those stages might be difficult to fix during the post-placement implementation flow and could be the result of non-optimal XDC constraints or non-optimal design architecture
Related violations: <none>

TIMING-16#427 Warning
Large setup violation  
There is a large setup violation of -1.537 ns between design_1_i/pipelined_layer_proc_0/inst/grp_dataflow_parent_loop_proc_fu_232/dataflow_in_loop_Depth_Loop_U0/compute_systolic_U0/ap_CS_fsm_reg[3]/C (clocked by clk_fpga_0) and design_1_i/pipelined_layer_proc_0/inst/grp_dataflow_parent_loop_proc_fu_232/dataflow_in_loop_Depth_Loop_U0/compute_systolic_U0/big_tile_A_13_load_reg_15024_reg[44]/CE (clocked by clk_fpga_0). Large setup violations at the end of those stages might be difficult to fix during the post-placement implementation flow and could be the result of non-optimal XDC constraints or non-optimal design architecture
Related violations: <none>

TIMING-16#428 Warning
Large setup violation  
There is a large setup violation of -1.538 ns between design_1_i/pipelined_layer_proc_0/inst/grp_dataflow_parent_loop_proc_fu_232/dataflow_in_loop_Depth_Loop_U0/compute_systolic_U0/grp_compute_systolic_Pipeline_Load_Cache_Row_fu_3428_ap_start_reg_reg/C (clocked by clk_fpga_0) and design_1_i/pipelined_layer_proc_0/inst/grp_dataflow_parent_loop_proc_fu_232/dataflow_in_loop_Depth_Loop_U0/compute_systolic_U0/grp_compute_systolic_Pipeline_Load_Cache_Row_fu_3428/local_regs_V_713_fu_2004_reg[31]/CE (clocked by clk_fpga_0). Large setup violations at the end of those stages might be difficult to fix during the post-placement implementation flow and could be the result of non-optimal XDC constraints or non-optimal design architecture
Related violations: <none>

TIMING-16#429 Warning
Large setup violation  
There is a large setup violation of -1.541 ns between design_1_i/pipelined_layer_proc_0/inst/grp_dataflow_parent_loop_proc_fu_232/dataflow_in_loop_Depth_Loop_U0/tile_A_V_3_U/reg_valid0_reg/C (clocked by clk_fpga_0) and design_1_i/pipelined_layer_proc_0/inst/grp_dataflow_parent_loop_proc_fu_232/dataflow_in_loop_Depth_Loop_U0/compute_systolic_U0/big_tile_A_15_load_reg_15034_reg[180]/D (clocked by clk_fpga_0). Large setup violations at the end of those stages might be difficult to fix during the post-placement implementation flow and could be the result of non-optimal XDC constraints or non-optimal design architecture
Related violations: <none>

TIMING-16#430 Warning
Large setup violation  
There is a large setup violation of -1.544 ns between design_1_i/pipelined_layer_proc_0/inst/grp_dataflow_parent_loop_proc_fu_232/dataflow_in_loop_Depth_Loop_U0/tile_A_V_3_U/reg_valid0_reg/C (clocked by clk_fpga_0) and design_1_i/pipelined_layer_proc_0/inst/grp_dataflow_parent_loop_proc_fu_232/dataflow_in_loop_Depth_Loop_U0/compute_systolic_U0/big_tile_A_15_load_reg_15034_reg[163]/D (clocked by clk_fpga_0). Large setup violations at the end of those stages might be difficult to fix during the post-placement implementation flow and could be the result of non-optimal XDC constraints or non-optimal design architecture
Related violations: <none>

TIMING-16#431 Warning
Large setup violation  
There is a large setup violation of -1.546 ns between design_1_i/pipelined_layer_proc_0/inst/grp_dataflow_parent_loop_proc_fu_232/dataflow_in_loop_Depth_Loop_U0/compute_systolic_U0/grp_compute_systolic_Pipeline_Load_Cache_Row_fu_3428/trunc_ln55_reg_11237_reg[0]/C (clocked by clk_fpga_0) and design_1_i/pipelined_layer_proc_0/inst/grp_dataflow_parent_loop_proc_fu_232/dataflow_in_loop_Depth_Loop_U0/compute_systolic_U0/grp_compute_systolic_Pipeline_Load_Cache_Row_fu_3428/local_regs_V_565_fu_1412_reg[28]/CE (clocked by clk_fpga_0). Large setup violations at the end of those stages might be difficult to fix during the post-placement implementation flow and could be the result of non-optimal XDC constraints or non-optimal design architecture
Related violations: <none>

TIMING-16#432 Warning
Large setup violation  
There is a large setup violation of -1.546 ns between design_1_i/pipelined_layer_proc_0/inst/grp_dataflow_parent_loop_proc_fu_232/dataflow_in_loop_Depth_Loop_U0/compute_systolic_U0/grp_compute_systolic_Pipeline_Load_Cache_Row_fu_3428/trunc_ln55_reg_11237_reg[0]/C (clocked by clk_fpga_0) and design_1_i/pipelined_layer_proc_0/inst/grp_dataflow_parent_loop_proc_fu_232/dataflow_in_loop_Depth_Loop_U0/compute_systolic_U0/grp_compute_systolic_Pipeline_Load_Cache_Row_fu_3428/local_regs_V_565_fu_1412_reg[30]/CE (clocked by clk_fpga_0). Large setup violations at the end of those stages might be difficult to fix during the post-placement implementation flow and could be the result of non-optimal XDC constraints or non-optimal design architecture
Related violations: <none>

TIMING-16#433 Warning
Large setup violation  
There is a large setup violation of -1.548 ns between design_1_i/pipelined_layer_proc_0/inst/grp_dataflow_parent_loop_proc_fu_232/dataflow_in_loop_Depth_Loop_U0/compute_systolic_U0/ap_CS_fsm_reg[3]/C (clocked by clk_fpga_0) and design_1_i/pipelined_layer_proc_0/inst/grp_dataflow_parent_loop_proc_fu_232/dataflow_in_loop_Depth_Loop_U0/compute_systolic_U0/big_tile_A_13_load_reg_15024_reg[50]/CE (clocked by clk_fpga_0). Large setup violations at the end of those stages might be difficult to fix during the post-placement implementation flow and could be the result of non-optimal XDC constraints or non-optimal design architecture
Related violations: <none>

TIMING-16#434 Warning
Large setup violation  
There is a large setup violation of -1.548 ns between design_1_i/pipelined_layer_proc_0/inst/grp_dataflow_parent_loop_proc_fu_232/dataflow_in_loop_Depth_Loop_U0/compute_systolic_U0/ap_CS_fsm_reg[3]/C (clocked by clk_fpga_0) and design_1_i/pipelined_layer_proc_0/inst/grp_dataflow_parent_loop_proc_fu_232/dataflow_in_loop_Depth_Loop_U0/compute_systolic_U0/big_tile_A_13_load_reg_15024_reg[62]/CE (clocked by clk_fpga_0). Large setup violations at the end of those stages might be difficult to fix during the post-placement implementation flow and could be the result of non-optimal XDC constraints or non-optimal design architecture
Related violations: <none>

TIMING-16#435 Warning
Large setup violation  
There is a large setup violation of -1.548 ns between design_1_i/pipelined_layer_proc_0/inst/grp_dataflow_parent_loop_proc_fu_232/dataflow_in_loop_Depth_Loop_U0/compute_systolic_U0/ap_CS_fsm_reg[3]/C (clocked by clk_fpga_0) and design_1_i/pipelined_layer_proc_0/inst/grp_dataflow_parent_loop_proc_fu_232/dataflow_in_loop_Depth_Loop_U0/compute_systolic_U0/big_tile_A_9_load_reg_15004_reg[57]/CE (clocked by clk_fpga_0). Large setup violations at the end of those stages might be difficult to fix during the post-placement implementation flow and could be the result of non-optimal XDC constraints or non-optimal design architecture
Related violations: <none>

TIMING-16#436 Warning
Large setup violation  
There is a large setup violation of -1.553 ns between design_1_i/pipelined_layer_proc_0/inst/grp_dataflow_parent_loop_proc_fu_232/dataflow_in_loop_Depth_Loop_U0/tile_A_V_3_U/reg_valid0_reg/C (clocked by clk_fpga_0) and design_1_i/pipelined_layer_proc_0/inst/grp_dataflow_parent_loop_proc_fu_232/dataflow_in_loop_Depth_Loop_U0/compute_systolic_U0/big_tile_A_11_load_reg_15014_reg[97]/D (clocked by clk_fpga_0). Large setup violations at the end of those stages might be difficult to fix during the post-placement implementation flow and could be the result of non-optimal XDC constraints or non-optimal design architecture
Related violations: <none>

TIMING-16#437 Warning
Large setup violation  
There is a large setup violation of -1.557 ns between design_1_i/pipelined_layer_proc_0/inst/grp_dataflow_parent_loop_proc_fu_232/dataflow_in_loop_Depth_Loop_U0/compute_systolic_U0/grp_compute_systolic_Pipeline_Load_Cache_Row_fu_3428_ap_start_reg_reg/C (clocked by clk_fpga_0) and design_1_i/pipelined_layer_proc_0/inst/grp_dataflow_parent_loop_proc_fu_232/dataflow_in_loop_Depth_Loop_U0/compute_systolic_U0/grp_compute_systolic_Pipeline_Load_Cache_Row_fu_3428/local_regs_V_628_fu_1664_reg[12]/CE (clocked by clk_fpga_0). Large setup violations at the end of those stages might be difficult to fix during the post-placement implementation flow and could be the result of non-optimal XDC constraints or non-optimal design architecture
Related violations: <none>

TIMING-16#438 Warning
Large setup violation  
There is a large setup violation of -1.557 ns between design_1_i/pipelined_layer_proc_0/inst/grp_dataflow_parent_loop_proc_fu_232/dataflow_in_loop_Depth_Loop_U0/compute_systolic_U0/grp_compute_systolic_Pipeline_Load_Cache_Row_fu_3428_ap_start_reg_reg/C (clocked by clk_fpga_0) and design_1_i/pipelined_layer_proc_0/inst/grp_dataflow_parent_loop_proc_fu_232/dataflow_in_loop_Depth_Loop_U0/compute_systolic_U0/grp_compute_systolic_Pipeline_Load_Cache_Row_fu_3428/local_regs_V_628_fu_1664_reg[29]/CE (clocked by clk_fpga_0). Large setup violations at the end of those stages might be difficult to fix during the post-placement implementation flow and could be the result of non-optimal XDC constraints or non-optimal design architecture
Related violations: <none>

TIMING-16#439 Warning
Large setup violation  
There is a large setup violation of -1.562 ns between design_1_i/pipelined_layer_proc_0/inst/grp_dataflow_parent_loop_proc_fu_232/dataflow_in_loop_Depth_Loop_U0/compute_systolic_U0/ap_CS_fsm_reg[3]/C (clocked by clk_fpga_0) and design_1_i/pipelined_layer_proc_0/inst/grp_dataflow_parent_loop_proc_fu_232/dataflow_in_loop_Depth_Loop_U0/compute_systolic_U0/big_tile_A_1_load_reg_14964_reg[219]/CE (clocked by clk_fpga_0). Large setup violations at the end of those stages might be difficult to fix during the post-placement implementation flow and could be the result of non-optimal XDC constraints or non-optimal design architecture
Related violations: <none>

TIMING-16#440 Warning
Large setup violation  
There is a large setup violation of -1.564 ns between design_1_i/pipelined_layer_proc_0/inst/grp_dataflow_parent_loop_proc_fu_232/dataflow_in_loop_Depth_Loop_U0/compute_systolic_U0/grp_compute_systolic_Pipeline_Pulse_fu_3978_ap_start_reg_reg_replica_13/C (clocked by clk_fpga_0) and design_1_i/pipelined_layer_proc_0/inst/grp_dataflow_parent_loop_proc_fu_232/dataflow_in_loop_Depth_Loop_U0/compute_systolic_U0/grp_compute_systolic_Pipeline_Pulse_fu_3978/local_regs_V_114_fu_2226_reg[21]/CE (clocked by clk_fpga_0). Large setup violations at the end of those stages might be difficult to fix during the post-placement implementation flow and could be the result of non-optimal XDC constraints or non-optimal design architecture
Related violations: <none>

TIMING-16#441 Warning
Large setup violation  
There is a large setup violation of -1.564 ns between design_1_i/pipelined_layer_proc_0/inst/grp_dataflow_parent_loop_proc_fu_232/dataflow_in_loop_Depth_Loop_U0/compute_systolic_U0/grp_compute_systolic_Pipeline_Pulse_fu_3978_ap_start_reg_reg_replica_13/C (clocked by clk_fpga_0) and design_1_i/pipelined_layer_proc_0/inst/grp_dataflow_parent_loop_proc_fu_232/dataflow_in_loop_Depth_Loop_U0/compute_systolic_U0/grp_compute_systolic_Pipeline_Pulse_fu_3978/local_regs_V_114_fu_2226_reg[26]/CE (clocked by clk_fpga_0). Large setup violations at the end of those stages might be difficult to fix during the post-placement implementation flow and could be the result of non-optimal XDC constraints or non-optimal design architecture
Related violations: <none>

TIMING-16#442 Warning
Large setup violation  
There is a large setup violation of -1.564 ns between design_1_i/pipelined_layer_proc_0/inst/grp_dataflow_parent_loop_proc_fu_232/dataflow_in_loop_Depth_Loop_U0/compute_systolic_U0/grp_compute_systolic_Pipeline_Pulse_fu_3978_ap_start_reg_reg_replica_13/C (clocked by clk_fpga_0) and design_1_i/pipelined_layer_proc_0/inst/grp_dataflow_parent_loop_proc_fu_232/dataflow_in_loop_Depth_Loop_U0/compute_systolic_U0/grp_compute_systolic_Pipeline_Pulse_fu_3978/local_regs_V_114_fu_2226_reg[27]/CE (clocked by clk_fpga_0). Large setup violations at the end of those stages might be difficult to fix during the post-placement implementation flow and could be the result of non-optimal XDC constraints or non-optimal design architecture
Related violations: <none>

TIMING-16#443 Warning
Large setup violation  
There is a large setup violation of -1.564 ns between design_1_i/pipelined_layer_proc_0/inst/grp_dataflow_parent_loop_proc_fu_232/dataflow_in_loop_Depth_Loop_U0/compute_systolic_U0/grp_compute_systolic_Pipeline_Pulse_fu_3978_ap_start_reg_reg_replica_13/C (clocked by clk_fpga_0) and design_1_i/pipelined_layer_proc_0/inst/grp_dataflow_parent_loop_proc_fu_232/dataflow_in_loop_Depth_Loop_U0/compute_systolic_U0/grp_compute_systolic_Pipeline_Pulse_fu_3978/local_regs_V_114_fu_2226_reg[3]/CE (clocked by clk_fpga_0). Large setup violations at the end of those stages might be difficult to fix during the post-placement implementation flow and could be the result of non-optimal XDC constraints or non-optimal design architecture
Related violations: <none>

TIMING-16#444 Warning
Large setup violation  
There is a large setup violation of -1.564 ns between design_1_i/pipelined_layer_proc_0/inst/grp_dataflow_parent_loop_proc_fu_232/dataflow_in_loop_Depth_Loop_U0/compute_systolic_U0/grp_compute_systolic_Pipeline_Pulse_fu_3978_ap_start_reg_reg_replica_13/C (clocked by clk_fpga_0) and design_1_i/pipelined_layer_proc_0/inst/grp_dataflow_parent_loop_proc_fu_232/dataflow_in_loop_Depth_Loop_U0/compute_systolic_U0/grp_compute_systolic_Pipeline_Pulse_fu_3978/local_regs_V_114_fu_2226_reg[5]/CE (clocked by clk_fpga_0). Large setup violations at the end of those stages might be difficult to fix during the post-placement implementation flow and could be the result of non-optimal XDC constraints or non-optimal design architecture
Related violations: <none>

TIMING-16#445 Warning
Large setup violation  
There is a large setup violation of -1.564 ns between design_1_i/pipelined_layer_proc_0/inst/grp_dataflow_parent_loop_proc_fu_232/dataflow_in_loop_Depth_Loop_U0/tile_A_V_3_U/reg_valid0_reg/C (clocked by clk_fpga_0) and design_1_i/pipelined_layer_proc_0/inst/grp_dataflow_parent_loop_proc_fu_232/dataflow_in_loop_Depth_Loop_U0/compute_systolic_U0/big_tile_A_4_load_reg_14979_reg[41]/D (clocked by clk_fpga_0). Large setup violations at the end of those stages might be difficult to fix during the post-placement implementation flow and could be the result of non-optimal XDC constraints or non-optimal design architecture
Related violations: <none>

TIMING-16#446 Warning
Large setup violation  
There is a large setup violation of -1.565 ns between design_1_i/pipelined_layer_proc_0/inst/grp_dataflow_parent_loop_proc_fu_232/dataflow_in_loop_Depth_Loop_U0/compute_systolic_U0/ap_CS_fsm_reg[3]/C (clocked by clk_fpga_0) and design_1_i/pipelined_layer_proc_0/inst/grp_dataflow_parent_loop_proc_fu_232/dataflow_in_loop_Depth_Loop_U0/compute_systolic_U0/big_tile_A_13_load_reg_15024_reg[46]/CE (clocked by clk_fpga_0). Large setup violations at the end of those stages might be difficult to fix during the post-placement implementation flow and could be the result of non-optimal XDC constraints or non-optimal design architecture
Related violations: <none>

TIMING-16#447 Warning
Large setup violation  
There is a large setup violation of -1.565 ns between design_1_i/pipelined_layer_proc_0/inst/grp_dataflow_parent_loop_proc_fu_232/dataflow_in_loop_Depth_Loop_U0/compute_systolic_U0/ap_CS_fsm_reg[3]/C (clocked by clk_fpga_0) and design_1_i/pipelined_layer_proc_0/inst/grp_dataflow_parent_loop_proc_fu_232/dataflow_in_loop_Depth_Loop_U0/compute_systolic_U0/big_tile_A_13_load_reg_15024_reg[4]/CE (clocked by clk_fpga_0). Large setup violations at the end of those stages might be difficult to fix during the post-placement implementation flow and could be the result of non-optimal XDC constraints or non-optimal design architecture
Related violations: <none>

TIMING-16#448 Warning
Large setup violation  
There is a large setup violation of -1.565 ns between design_1_i/pipelined_layer_proc_0/inst/grp_dataflow_parent_loop_proc_fu_232/dataflow_in_loop_Depth_Loop_U0/compute_systolic_U0/ap_CS_fsm_reg[3]/C (clocked by clk_fpga_0) and design_1_i/pipelined_layer_proc_0/inst/grp_dataflow_parent_loop_proc_fu_232/dataflow_in_loop_Depth_Loop_U0/compute_systolic_U0/big_tile_A_13_load_reg_15024_reg[70]/CE (clocked by clk_fpga_0). Large setup violations at the end of those stages might be difficult to fix during the post-placement implementation flow and could be the result of non-optimal XDC constraints or non-optimal design architecture
Related violations: <none>

TIMING-16#449 Warning
Large setup violation  
There is a large setup violation of -1.567 ns between design_1_i/pipelined_layer_proc_0/inst/grp_dataflow_parent_loop_proc_fu_232/dataflow_in_loop_Depth_Loop_U0/compute_systolic_U0/grp_compute_systolic_Pipeline_Load_Cache_Row_fu_3428_ap_start_reg_reg/C (clocked by clk_fpga_0) and design_1_i/pipelined_layer_proc_0/inst/grp_dataflow_parent_loop_proc_fu_232/dataflow_in_loop_Depth_Loop_U0/compute_systolic_U0/grp_compute_systolic_Pipeline_Load_Cache_Row_fu_3428/local_regs_V_717_fu_2020_reg[10]/CE (clocked by clk_fpga_0). Large setup violations at the end of those stages might be difficult to fix during the post-placement implementation flow and could be the result of non-optimal XDC constraints or non-optimal design architecture
Related violations: <none>

TIMING-16#450 Warning
Large setup violation  
There is a large setup violation of -1.567 ns between design_1_i/pipelined_layer_proc_0/inst/grp_dataflow_parent_loop_proc_fu_232/dataflow_in_loop_Depth_Loop_U0/compute_systolic_U0/grp_compute_systolic_Pipeline_Load_Cache_Row_fu_3428_ap_start_reg_reg/C (clocked by clk_fpga_0) and design_1_i/pipelined_layer_proc_0/inst/grp_dataflow_parent_loop_proc_fu_232/dataflow_in_loop_Depth_Loop_U0/compute_systolic_U0/grp_compute_systolic_Pipeline_Load_Cache_Row_fu_3428/local_regs_V_717_fu_2020_reg[13]/CE (clocked by clk_fpga_0). Large setup violations at the end of those stages might be difficult to fix during the post-placement implementation flow and could be the result of non-optimal XDC constraints or non-optimal design architecture
Related violations: <none>

TIMING-16#451 Warning
Large setup violation  
There is a large setup violation of -1.567 ns between design_1_i/pipelined_layer_proc_0/inst/grp_dataflow_parent_loop_proc_fu_232/dataflow_in_loop_Depth_Loop_U0/compute_systolic_U0/grp_compute_systolic_Pipeline_Load_Cache_Row_fu_3428_ap_start_reg_reg/C (clocked by clk_fpga_0) and design_1_i/pipelined_layer_proc_0/inst/grp_dataflow_parent_loop_proc_fu_232/dataflow_in_loop_Depth_Loop_U0/compute_systolic_U0/grp_compute_systolic_Pipeline_Load_Cache_Row_fu_3428/local_regs_V_717_fu_2020_reg[14]/CE (clocked by clk_fpga_0). Large setup violations at the end of those stages might be difficult to fix during the post-placement implementation flow and could be the result of non-optimal XDC constraints or non-optimal design architecture
Related violations: <none>

TIMING-16#452 Warning
Large setup violation  
There is a large setup violation of -1.567 ns between design_1_i/pipelined_layer_proc_0/inst/grp_dataflow_parent_loop_proc_fu_232/dataflow_in_loop_Depth_Loop_U0/compute_systolic_U0/grp_compute_systolic_Pipeline_Load_Cache_Row_fu_3428_ap_start_reg_reg/C (clocked by clk_fpga_0) and design_1_i/pipelined_layer_proc_0/inst/grp_dataflow_parent_loop_proc_fu_232/dataflow_in_loop_Depth_Loop_U0/compute_systolic_U0/grp_compute_systolic_Pipeline_Load_Cache_Row_fu_3428/local_regs_V_717_fu_2020_reg[21]/CE (clocked by clk_fpga_0). Large setup violations at the end of those stages might be difficult to fix during the post-placement implementation flow and could be the result of non-optimal XDC constraints or non-optimal design architecture
Related violations: <none>

TIMING-16#453 Warning
Large setup violation  
There is a large setup violation of -1.567 ns between design_1_i/pipelined_layer_proc_0/inst/grp_dataflow_parent_loop_proc_fu_232/dataflow_in_loop_Depth_Loop_U0/compute_systolic_U0/grp_compute_systolic_Pipeline_Load_Cache_Row_fu_3428_ap_start_reg_reg/C (clocked by clk_fpga_0) and design_1_i/pipelined_layer_proc_0/inst/grp_dataflow_parent_loop_proc_fu_232/dataflow_in_loop_Depth_Loop_U0/compute_systolic_U0/grp_compute_systolic_Pipeline_Load_Cache_Row_fu_3428/local_regs_V_717_fu_2020_reg[22]/CE (clocked by clk_fpga_0). Large setup violations at the end of those stages might be difficult to fix during the post-placement implementation flow and could be the result of non-optimal XDC constraints or non-optimal design architecture
Related violations: <none>

TIMING-16#454 Warning
Large setup violation  
There is a large setup violation of -1.567 ns between design_1_i/pipelined_layer_proc_0/inst/grp_dataflow_parent_loop_proc_fu_232/dataflow_in_loop_Depth_Loop_U0/compute_systolic_U0/grp_compute_systolic_Pipeline_Load_Cache_Row_fu_3428_ap_start_reg_reg/C (clocked by clk_fpga_0) and design_1_i/pipelined_layer_proc_0/inst/grp_dataflow_parent_loop_proc_fu_232/dataflow_in_loop_Depth_Loop_U0/compute_systolic_U0/grp_compute_systolic_Pipeline_Load_Cache_Row_fu_3428/local_regs_V_717_fu_2020_reg[23]/CE (clocked by clk_fpga_0). Large setup violations at the end of those stages might be difficult to fix during the post-placement implementation flow and could be the result of non-optimal XDC constraints or non-optimal design architecture
Related violations: <none>

TIMING-16#455 Warning
Large setup violation  
There is a large setup violation of -1.567 ns between design_1_i/pipelined_layer_proc_0/inst/grp_dataflow_parent_loop_proc_fu_232/dataflow_in_loop_Depth_Loop_U0/compute_systolic_U0/grp_compute_systolic_Pipeline_Load_Cache_Row_fu_3428_ap_start_reg_reg/C (clocked by clk_fpga_0) and design_1_i/pipelined_layer_proc_0/inst/grp_dataflow_parent_loop_proc_fu_232/dataflow_in_loop_Depth_Loop_U0/compute_systolic_U0/grp_compute_systolic_Pipeline_Load_Cache_Row_fu_3428/local_regs_V_717_fu_2020_reg[31]/CE (clocked by clk_fpga_0). Large setup violations at the end of those stages might be difficult to fix during the post-placement implementation flow and could be the result of non-optimal XDC constraints or non-optimal design architecture
Related violations: <none>

TIMING-16#456 Warning
Large setup violation  
There is a large setup violation of -1.567 ns between design_1_i/pipelined_layer_proc_0/inst/grp_dataflow_parent_loop_proc_fu_232/dataflow_in_loop_Depth_Loop_U0/compute_systolic_U0/grp_compute_systolic_Pipeline_Load_Cache_Row_fu_3428_ap_start_reg_reg/C (clocked by clk_fpga_0) and design_1_i/pipelined_layer_proc_0/inst/grp_dataflow_parent_loop_proc_fu_232/dataflow_in_loop_Depth_Loop_U0/compute_systolic_U0/grp_compute_systolic_Pipeline_Load_Cache_Row_fu_3428/local_regs_V_717_fu_2020_reg[4]/CE (clocked by clk_fpga_0). Large setup violations at the end of those stages might be difficult to fix during the post-placement implementation flow and could be the result of non-optimal XDC constraints or non-optimal design architecture
Related violations: <none>

TIMING-16#457 Warning
Large setup violation  
There is a large setup violation of -1.573 ns between design_1_i/pipelined_layer_proc_0/inst/grp_dataflow_parent_loop_proc_fu_232/dataflow_in_loop_Depth_Loop_U0/compute_systolic_U0/ap_CS_fsm_reg[3]/C (clocked by clk_fpga_0) and design_1_i/pipelined_layer_proc_0/inst/grp_dataflow_parent_loop_proc_fu_232/dataflow_in_loop_Depth_Loop_U0/compute_systolic_U0/big_tile_A_0_load_reg_14959_reg[149]/CE (clocked by clk_fpga_0). Large setup violations at the end of those stages might be difficult to fix during the post-placement implementation flow and could be the result of non-optimal XDC constraints or non-optimal design architecture
Related violations: <none>

TIMING-16#458 Warning
Large setup violation  
There is a large setup violation of -1.573 ns between design_1_i/pipelined_layer_proc_0/inst/grp_dataflow_parent_loop_proc_fu_232/dataflow_in_loop_Depth_Loop_U0/compute_systolic_U0/ap_CS_fsm_reg[3]/C (clocked by clk_fpga_0) and design_1_i/pipelined_layer_proc_0/inst/grp_dataflow_parent_loop_proc_fu_232/dataflow_in_loop_Depth_Loop_U0/compute_systolic_U0/big_tile_A_0_load_reg_14959_reg[211]/CE (clocked by clk_fpga_0). Large setup violations at the end of those stages might be difficult to fix during the post-placement implementation flow and could be the result of non-optimal XDC constraints or non-optimal design architecture
Related violations: <none>

TIMING-16#459 Warning
Large setup violation  
There is a large setup violation of -1.574 ns between design_1_i/pipelined_layer_proc_0/inst/grp_dataflow_parent_loop_proc_fu_232/dataflow_in_loop_Depth_Loop_U0/tile_A_V_3_U/reg_valid0_reg/C (clocked by clk_fpga_0) and design_1_i/pipelined_layer_proc_0/inst/grp_dataflow_parent_loop_proc_fu_232/dataflow_in_loop_Depth_Loop_U0/compute_systolic_U0/big_tile_A_15_load_reg_15034_reg[158]/D (clocked by clk_fpga_0). Large setup violations at the end of those stages might be difficult to fix during the post-placement implementation flow and could be the result of non-optimal XDC constraints or non-optimal design architecture
Related violations: <none>

TIMING-16#460 Warning
Large setup violation  
There is a large setup violation of -1.575 ns between design_1_i/pipelined_layer_proc_0/inst/grp_dataflow_parent_loop_proc_fu_232/dataflow_in_loop_Depth_Loop_U0/compute_systolic_U0/grp_compute_systolic_Pipeline_Load_Cache_Row_fu_3428_ap_start_reg_reg/C (clocked by clk_fpga_0) and design_1_i/pipelined_layer_proc_0/inst/grp_dataflow_parent_loop_proc_fu_232/dataflow_in_loop_Depth_Loop_U0/compute_systolic_U0/grp_compute_systolic_Pipeline_Load_Cache_Row_fu_3428/local_regs_V_628_fu_1664_reg[9]/CE (clocked by clk_fpga_0). Large setup violations at the end of those stages might be difficult to fix during the post-placement implementation flow and could be the result of non-optimal XDC constraints or non-optimal design architecture
Related violations: <none>

TIMING-16#461 Warning
Large setup violation  
There is a large setup violation of -1.576 ns between design_1_i/pipelined_layer_proc_0/inst/grp_dataflow_parent_loop_proc_fu_232/dataflow_in_loop_Depth_Loop_U0/tile_A_V_3_U/reg_valid0_reg/C (clocked by clk_fpga_0) and design_1_i/pipelined_layer_proc_0/inst/grp_dataflow_parent_loop_proc_fu_232/dataflow_in_loop_Depth_Loop_U0/compute_systolic_U0/big_tile_A_15_load_reg_15034_reg[179]/D (clocked by clk_fpga_0). Large setup violations at the end of those stages might be difficult to fix during the post-placement implementation flow and could be the result of non-optimal XDC constraints or non-optimal design architecture
Related violations: <none>

TIMING-16#462 Warning
Large setup violation  
There is a large setup violation of -1.579 ns between design_1_i/pipelined_layer_proc_0/inst/grp_dataflow_parent_loop_proc_fu_232/dataflow_in_loop_Depth_Loop_U0/compute_systolic_U0/grp_compute_systolic_Pipeline_Pulse_fu_3978_ap_start_reg_reg_replica_13/C (clocked by clk_fpga_0) and design_1_i/pipelined_layer_proc_0/inst/grp_dataflow_parent_loop_proc_fu_232/dataflow_in_loop_Depth_Loop_U0/compute_systolic_U0/grp_compute_systolic_Pipeline_Pulse_fu_3978/local_regs_V_129_fu_2166_reg[21]/CE (clocked by clk_fpga_0). Large setup violations at the end of those stages might be difficult to fix during the post-placement implementation flow and could be the result of non-optimal XDC constraints or non-optimal design architecture
Related violations: <none>

TIMING-16#463 Warning
Large setup violation  
There is a large setup violation of -1.579 ns between design_1_i/pipelined_layer_proc_0/inst/grp_dataflow_parent_loop_proc_fu_232/dataflow_in_loop_Depth_Loop_U0/compute_systolic_U0/grp_compute_systolic_Pipeline_Pulse_fu_3978_ap_start_reg_reg_replica_13/C (clocked by clk_fpga_0) and design_1_i/pipelined_layer_proc_0/inst/grp_dataflow_parent_loop_proc_fu_232/dataflow_in_loop_Depth_Loop_U0/compute_systolic_U0/grp_compute_systolic_Pipeline_Pulse_fu_3978/local_regs_V_145_fu_2102_reg[16]/CE (clocked by clk_fpga_0). Large setup violations at the end of those stages might be difficult to fix during the post-placement implementation flow and could be the result of non-optimal XDC constraints or non-optimal design architecture
Related violations: <none>

TIMING-16#464 Warning
Large setup violation  
There is a large setup violation of -1.579 ns between design_1_i/pipelined_layer_proc_0/inst/grp_dataflow_parent_loop_proc_fu_232/dataflow_in_loop_Depth_Loop_U0/compute_systolic_U0/grp_compute_systolic_Pipeline_Pulse_fu_3978_ap_start_reg_reg_replica_13/C (clocked by clk_fpga_0) and design_1_i/pipelined_layer_proc_0/inst/grp_dataflow_parent_loop_proc_fu_232/dataflow_in_loop_Depth_Loop_U0/compute_systolic_U0/grp_compute_systolic_Pipeline_Pulse_fu_3978/local_regs_V_145_fu_2102_reg[18]/CE (clocked by clk_fpga_0). Large setup violations at the end of those stages might be difficult to fix during the post-placement implementation flow and could be the result of non-optimal XDC constraints or non-optimal design architecture
Related violations: <none>

TIMING-16#465 Warning
Large setup violation  
There is a large setup violation of -1.579 ns between design_1_i/pipelined_layer_proc_0/inst/grp_dataflow_parent_loop_proc_fu_232/dataflow_in_loop_Depth_Loop_U0/tile_A_V_3_U/reg_valid0_reg/C (clocked by clk_fpga_0) and design_1_i/pipelined_layer_proc_0/inst/grp_dataflow_parent_loop_proc_fu_232/dataflow_in_loop_Depth_Loop_U0/compute_systolic_U0/big_tile_A_15_load_reg_15034_reg[169]/D (clocked by clk_fpga_0). Large setup violations at the end of those stages might be difficult to fix during the post-placement implementation flow and could be the result of non-optimal XDC constraints or non-optimal design architecture
Related violations: <none>

TIMING-16#466 Warning
Large setup violation  
There is a large setup violation of -1.583 ns between design_1_i/pipelined_layer_proc_0/inst/grp_dataflow_parent_loop_proc_fu_232/dataflow_in_loop_Depth_Loop_U0/compute_systolic_U0/grp_compute_systolic_Pipeline_Load_Cache_Row_fu_3428_ap_start_reg_reg/C (clocked by clk_fpga_0) and design_1_i/pipelined_layer_proc_0/inst/grp_dataflow_parent_loop_proc_fu_232/dataflow_in_loop_Depth_Loop_U0/compute_systolic_U0/grp_compute_systolic_Pipeline_Load_Cache_Row_fu_3428/local_regs_V_746_fu_2136_reg[31]/D (clocked by clk_fpga_0). Large setup violations at the end of those stages might be difficult to fix during the post-placement implementation flow and could be the result of non-optimal XDC constraints or non-optimal design architecture
Related violations: <none>

TIMING-16#467 Warning
Large setup violation  
There is a large setup violation of -1.584 ns between design_1_i/pipelined_layer_proc_0/inst/grp_dataflow_parent_loop_proc_fu_232/dataflow_in_loop_Depth_Loop_U0/tile_A_V_3_U/reg_valid0_reg/C (clocked by clk_fpga_0) and design_1_i/pipelined_layer_proc_0/inst/grp_dataflow_parent_loop_proc_fu_232/dataflow_in_loop_Depth_Loop_U0/compute_systolic_U0/big_tile_A_15_load_reg_15034_reg[182]/D (clocked by clk_fpga_0). Large setup violations at the end of those stages might be difficult to fix during the post-placement implementation flow and could be the result of non-optimal XDC constraints or non-optimal design architecture
Related violations: <none>

TIMING-16#468 Warning
Large setup violation  
There is a large setup violation of -1.585 ns between design_1_i/pipelined_layer_proc_0/inst/grp_dataflow_parent_loop_proc_fu_232/dataflow_in_loop_Depth_Loop_U0/compute_systolic_U0/grp_compute_systolic_Pipeline_Load_Cache_Row_fu_3428_ap_start_reg_reg/C (clocked by clk_fpga_0) and design_1_i/pipelined_layer_proc_0/inst/grp_dataflow_parent_loop_proc_fu_232/dataflow_in_loop_Depth_Loop_U0/compute_systolic_U0/grp_compute_systolic_Pipeline_Load_Cache_Row_fu_3428/local_regs_V_643_fu_1724_reg[17]/D (clocked by clk_fpga_0). Large setup violations at the end of those stages might be difficult to fix during the post-placement implementation flow and could be the result of non-optimal XDC constraints or non-optimal design architecture
Related violations: <none>

TIMING-16#469 Warning
Large setup violation  
There is a large setup violation of -1.588 ns between design_1_i/pipelined_layer_proc_0/inst/grp_dataflow_parent_loop_proc_fu_232/dataflow_in_loop_Depth_Loop_U0/compute_systolic_U0/ap_CS_fsm_reg[3]/C (clocked by clk_fpga_0) and design_1_i/pipelined_layer_proc_0/inst/grp_dataflow_parent_loop_proc_fu_232/dataflow_in_loop_Depth_Loop_U0/compute_systolic_U0/big_tile_A_13_load_reg_15024_reg[35]/CE (clocked by clk_fpga_0). Large setup violations at the end of those stages might be difficult to fix during the post-placement implementation flow and could be the result of non-optimal XDC constraints or non-optimal design architecture
Related violations: <none>

TIMING-16#470 Warning
Large setup violation  
There is a large setup violation of -1.588 ns between design_1_i/pipelined_layer_proc_0/inst/grp_dataflow_parent_loop_proc_fu_232/dataflow_in_loop_Depth_Loop_U0/compute_systolic_U0/ap_CS_fsm_reg[3]/C (clocked by clk_fpga_0) and design_1_i/pipelined_layer_proc_0/inst/grp_dataflow_parent_loop_proc_fu_232/dataflow_in_loop_Depth_Loop_U0/compute_systolic_U0/big_tile_A_13_load_reg_15024_reg[64]/CE (clocked by clk_fpga_0). Large setup violations at the end of those stages might be difficult to fix during the post-placement implementation flow and could be the result of non-optimal XDC constraints or non-optimal design architecture
Related violations: <none>

TIMING-16#471 Warning
Large setup violation  
There is a large setup violation of -1.588 ns between design_1_i/pipelined_layer_proc_0/inst/grp_dataflow_parent_loop_proc_fu_232/dataflow_in_loop_Depth_Loop_U0/compute_systolic_U0/ap_CS_fsm_reg[3]/C (clocked by clk_fpga_0) and design_1_i/pipelined_layer_proc_0/inst/grp_dataflow_parent_loop_proc_fu_232/dataflow_in_loop_Depth_Loop_U0/compute_systolic_U0/big_tile_A_9_load_reg_15004_reg[11]/CE (clocked by clk_fpga_0). Large setup violations at the end of those stages might be difficult to fix during the post-placement implementation flow and could be the result of non-optimal XDC constraints or non-optimal design architecture
Related violations: <none>

TIMING-16#472 Warning
Large setup violation  
There is a large setup violation of -1.588 ns between design_1_i/pipelined_layer_proc_0/inst/grp_dataflow_parent_loop_proc_fu_232/dataflow_in_loop_Depth_Loop_U0/compute_systolic_U0/ap_CS_fsm_reg[3]/C (clocked by clk_fpga_0) and design_1_i/pipelined_layer_proc_0/inst/grp_dataflow_parent_loop_proc_fu_232/dataflow_in_loop_Depth_Loop_U0/compute_systolic_U0/big_tile_A_9_load_reg_15004_reg[67]/CE (clocked by clk_fpga_0). Large setup violations at the end of those stages might be difficult to fix during the post-placement implementation flow and could be the result of non-optimal XDC constraints or non-optimal design architecture
Related violations: <none>

TIMING-16#473 Warning
Large setup violation  
There is a large setup violation of -1.589 ns between design_1_i/pipelined_layer_proc_0/inst/grp_dataflow_parent_loop_proc_fu_232/dataflow_in_loop_Depth_Loop_U0/compute_systolic_U0/ap_CS_fsm_reg[3]/C (clocked by clk_fpga_0) and design_1_i/pipelined_layer_proc_0/inst/grp_dataflow_parent_loop_proc_fu_232/dataflow_in_loop_Depth_Loop_U0/compute_systolic_U0/big_tile_A_15_load_reg_15034_reg[247]/CE (clocked by clk_fpga_0). Large setup violations at the end of those stages might be difficult to fix during the post-placement implementation flow and could be the result of non-optimal XDC constraints or non-optimal design architecture
Related violations: <none>

TIMING-16#474 Warning
Large setup violation  
There is a large setup violation of -1.589 ns between design_1_i/pipelined_layer_proc_0/inst/grp_dataflow_parent_loop_proc_fu_232/dataflow_in_loop_Depth_Loop_U0/compute_systolic_U0/ap_CS_fsm_reg[3]/C (clocked by clk_fpga_0) and design_1_i/pipelined_layer_proc_0/inst/grp_dataflow_parent_loop_proc_fu_232/dataflow_in_loop_Depth_Loop_U0/compute_systolic_U0/big_tile_A_15_load_reg_15034_reg[251]/CE (clocked by clk_fpga_0). Large setup violations at the end of those stages might be difficult to fix during the post-placement implementation flow and could be the result of non-optimal XDC constraints or non-optimal design architecture
Related violations: <none>

TIMING-16#475 Warning
Large setup violation  
There is a large setup violation of -1.589 ns between design_1_i/pipelined_layer_proc_0/inst/grp_dataflow_parent_loop_proc_fu_232/dataflow_in_loop_Depth_Loop_U0/compute_systolic_U0/ap_CS_fsm_reg[3]/C (clocked by clk_fpga_0) and design_1_i/pipelined_layer_proc_0/inst/grp_dataflow_parent_loop_proc_fu_232/dataflow_in_loop_Depth_Loop_U0/compute_systolic_U0/big_tile_A_9_load_reg_15004_reg[146]/CE (clocked by clk_fpga_0). Large setup violations at the end of those stages might be difficult to fix during the post-placement implementation flow and could be the result of non-optimal XDC constraints or non-optimal design architecture
Related violations: <none>

TIMING-16#476 Warning
Large setup violation  
There is a large setup violation of -1.589 ns between design_1_i/pipelined_layer_proc_0/inst/grp_dataflow_parent_loop_proc_fu_232/dataflow_in_loop_Depth_Loop_U0/compute_systolic_U0/ap_CS_fsm_reg[3]/C (clocked by clk_fpga_0) and design_1_i/pipelined_layer_proc_0/inst/grp_dataflow_parent_loop_proc_fu_232/dataflow_in_loop_Depth_Loop_U0/compute_systolic_U0/big_tile_A_9_load_reg_15004_reg[190]/CE (clocked by clk_fpga_0). Large setup violations at the end of those stages might be difficult to fix during the post-placement implementation flow and could be the result of non-optimal XDC constraints or non-optimal design architecture
Related violations: <none>

TIMING-16#477 Warning
Large setup violation  
There is a large setup violation of -1.589 ns between design_1_i/pipelined_layer_proc_0/inst/grp_dataflow_parent_loop_proc_fu_232/dataflow_in_loop_Depth_Loop_U0/tile_A_V_3_U/reg_valid0_reg/C (clocked by clk_fpga_0) and design_1_i/pipelined_layer_proc_0/inst/grp_dataflow_parent_loop_proc_fu_232/dataflow_in_loop_Depth_Loop_U0/compute_systolic_U0/big_tile_A_15_load_reg_15034_reg[154]/D (clocked by clk_fpga_0). Large setup violations at the end of those stages might be difficult to fix during the post-placement implementation flow and could be the result of non-optimal XDC constraints or non-optimal design architecture
Related violations: <none>

TIMING-16#478 Warning
Large setup violation  
There is a large setup violation of -1.593 ns between design_1_i/pipelined_layer_proc_0/inst/grp_dataflow_parent_loop_proc_fu_232/dataflow_in_loop_Depth_Loop_U0/compute_systolic_U0/ap_CS_fsm_reg[3]/C (clocked by clk_fpga_0) and design_1_i/pipelined_layer_proc_0/inst/grp_dataflow_parent_loop_proc_fu_232/dataflow_in_loop_Depth_Loop_U0/compute_systolic_U0/big_tile_A_9_load_reg_15004_reg[175]/CE (clocked by clk_fpga_0). Large setup violations at the end of those stages might be difficult to fix during the post-placement implementation flow and could be the result of non-optimal XDC constraints or non-optimal design architecture
Related violations: <none>

TIMING-16#479 Warning
Large setup violation  
There is a large setup violation of -1.593 ns between design_1_i/pipelined_layer_proc_0/inst/grp_dataflow_parent_loop_proc_fu_232/dataflow_in_loop_Depth_Loop_U0/compute_systolic_U0/ap_CS_fsm_reg[3]/C (clocked by clk_fpga_0) and design_1_i/pipelined_layer_proc_0/inst/grp_dataflow_parent_loop_proc_fu_232/dataflow_in_loop_Depth_Loop_U0/compute_systolic_U0/big_tile_A_9_load_reg_15004_reg[192]/CE (clocked by clk_fpga_0). Large setup violations at the end of those stages might be difficult to fix during the post-placement implementation flow and could be the result of non-optimal XDC constraints or non-optimal design architecture
Related violations: <none>

TIMING-16#480 Warning
Large setup violation  
There is a large setup violation of -1.593 ns between design_1_i/pipelined_layer_proc_0/inst/grp_dataflow_parent_loop_proc_fu_232/dataflow_in_loop_Depth_Loop_U0/compute_systolic_U0/ap_CS_fsm_reg[3]/C (clocked by clk_fpga_0) and design_1_i/pipelined_layer_proc_0/inst/grp_dataflow_parent_loop_proc_fu_232/dataflow_in_loop_Depth_Loop_U0/compute_systolic_U0/big_tile_A_9_load_reg_15004_reg[235]/CE (clocked by clk_fpga_0). Large setup violations at the end of those stages might be difficult to fix during the post-placement implementation flow and could be the result of non-optimal XDC constraints or non-optimal design architecture
Related violations: <none>

TIMING-16#481 Warning
Large setup violation  
There is a large setup violation of -1.594 ns between design_1_i/pipelined_layer_proc_0/inst/grp_dataflow_parent_loop_proc_fu_232/dataflow_in_loop_Depth_Loop_U0/compute_systolic_U0/grp_compute_systolic_Pipeline_Pulse_fu_3978_ap_start_reg_reg_replica_7/C (clocked by clk_fpga_0) and design_1_i/pipelined_layer_proc_0/inst/grp_dataflow_parent_loop_proc_fu_232/dataflow_in_loop_Depth_Loop_U0/compute_systolic_U0/grp_compute_systolic_Pipeline_Pulse_fu_3978/h_wires_V_10_reg_15422_reg[7]_rep__8/D (clocked by clk_fpga_0). Large setup violations at the end of those stages might be difficult to fix during the post-placement implementation flow and could be the result of non-optimal XDC constraints or non-optimal design architecture
Related violations: <none>

TIMING-16#482 Warning
Large setup violation  
There is a large setup violation of -1.595 ns between design_1_i/pipelined_layer_proc_0/inst/gmem0_m_axi_U/bus_write/wreq_throttle/data_fifo/raddr_reg[2]_rep/C (clocked by clk_fpga_0) and design_1_i/pipelined_layer_proc_0/inst/gmem0_m_axi_U/bus_write/wreq_throttle/data_fifo/U_fifo_srl/dout_reg[76]/D (clocked by clk_fpga_0). Large setup violations at the end of those stages might be difficult to fix during the post-placement implementation flow and could be the result of non-optimal XDC constraints or non-optimal design architecture
Related violations: <none>

TIMING-16#483 Warning
Large setup violation  
There is a large setup violation of -1.599 ns between design_1_i/pipelined_layer_proc_0/inst/grp_dataflow_parent_loop_proc_fu_232/dataflow_in_loop_Depth_Loop_U0/tile_A_V_3_U/reg_valid0_reg/C (clocked by clk_fpga_0) and design_1_i/pipelined_layer_proc_0/inst/grp_dataflow_parent_loop_proc_fu_232/dataflow_in_loop_Depth_Loop_U0/compute_systolic_U0/big_tile_A_15_load_reg_15034_reg[184]/D (clocked by clk_fpga_0). Large setup violations at the end of those stages might be difficult to fix during the post-placement implementation flow and could be the result of non-optimal XDC constraints or non-optimal design architecture
Related violations: <none>

TIMING-16#484 Warning
Large setup violation  
There is a large setup violation of -1.603 ns between design_1_i/pipelined_layer_proc_0/inst/grp_dataflow_parent_loop_proc_fu_232/dataflow_in_loop_Depth_Loop_U0/tile_A_V_3_U/reg_valid0_reg/C (clocked by clk_fpga_0) and design_1_i/pipelined_layer_proc_0/inst/grp_dataflow_parent_loop_proc_fu_232/dataflow_in_loop_Depth_Loop_U0/compute_systolic_U0/big_tile_A_15_load_reg_15034_reg[212]/D (clocked by clk_fpga_0). Large setup violations at the end of those stages might be difficult to fix during the post-placement implementation flow and could be the result of non-optimal XDC constraints or non-optimal design architecture
Related violations: <none>

TIMING-16#485 Warning
Large setup violation  
There is a large setup violation of -1.606 ns between design_1_i/pipelined_layer_proc_0/inst/grp_dataflow_parent_loop_proc_fu_232/dataflow_in_loop_Depth_Loop_U0/compute_systolic_U0/grp_compute_systolic_Pipeline_Pulse_fu_3978_ap_start_reg_reg_replica_13/C (clocked by clk_fpga_0) and design_1_i/pipelined_layer_proc_0/inst/grp_dataflow_parent_loop_proc_fu_232/dataflow_in_loop_Depth_Loop_U0/compute_systolic_U0/grp_compute_systolic_Pipeline_Pulse_fu_3978/local_regs_V_113_fu_2230_reg[9]/CE (clocked by clk_fpga_0). Large setup violations at the end of those stages might be difficult to fix during the post-placement implementation flow and could be the result of non-optimal XDC constraints or non-optimal design architecture
Related violations: <none>

TIMING-16#486 Warning
Large setup violation  
There is a large setup violation of -1.606 ns between design_1_i/pipelined_layer_proc_0/inst/grp_dataflow_parent_loop_proc_fu_232/dataflow_in_loop_Depth_Loop_U0/tile_A_V_3_U/reg_valid0_reg/C (clocked by clk_fpga_0) and design_1_i/pipelined_layer_proc_0/inst/grp_dataflow_parent_loop_proc_fu_232/dataflow_in_loop_Depth_Loop_U0/compute_systolic_U0/big_tile_A_8_load_reg_14999_reg[31]/D (clocked by clk_fpga_0). Large setup violations at the end of those stages might be difficult to fix during the post-placement implementation flow and could be the result of non-optimal XDC constraints or non-optimal design architecture
Related violations: <none>

TIMING-16#487 Warning
Large setup violation  
There is a large setup violation of -1.608 ns between design_1_i/pipelined_layer_proc_0/inst/grp_dataflow_parent_loop_proc_fu_232/dataflow_in_loop_Depth_Loop_U0/tile_A_V_3_U/reg_valid0_reg/C (clocked by clk_fpga_0) and design_1_i/pipelined_layer_proc_0/inst/grp_dataflow_parent_loop_proc_fu_232/dataflow_in_loop_Depth_Loop_U0/compute_systolic_U0/big_tile_A_8_load_reg_14999_reg[60]/D (clocked by clk_fpga_0). Large setup violations at the end of those stages might be difficult to fix during the post-placement implementation flow and could be the result of non-optimal XDC constraints or non-optimal design architecture
Related violations: <none>

TIMING-16#488 Warning
Large setup violation  
There is a large setup violation of -1.614 ns between design_1_i/pipelined_layer_proc_0/inst/grp_dataflow_parent_loop_proc_fu_232/dataflow_in_loop_Depth_Loop_U0/compute_systolic_U0/ap_CS_fsm_reg[3]/C (clocked by clk_fpga_0) and design_1_i/pipelined_layer_proc_0/inst/grp_dataflow_parent_loop_proc_fu_232/dataflow_in_loop_Depth_Loop_U0/compute_systolic_U0/big_tile_A_13_load_reg_15024_reg[0]/CE (clocked by clk_fpga_0). Large setup violations at the end of those stages might be difficult to fix during the post-placement implementation flow and could be the result of non-optimal XDC constraints or non-optimal design architecture
Related violations: <none>

TIMING-16#489 Warning
Large setup violation  
There is a large setup violation of -1.614 ns between design_1_i/pipelined_layer_proc_0/inst/grp_dataflow_parent_loop_proc_fu_232/dataflow_in_loop_Depth_Loop_U0/compute_systolic_U0/ap_CS_fsm_reg[3]/C (clocked by clk_fpga_0) and design_1_i/pipelined_layer_proc_0/inst/grp_dataflow_parent_loop_proc_fu_232/dataflow_in_loop_Depth_Loop_U0/compute_systolic_U0/big_tile_A_13_load_reg_15024_reg[28]/CE (clocked by clk_fpga_0). Large setup violations at the end of those stages might be difficult to fix during the post-placement implementation flow and could be the result of non-optimal XDC constraints or non-optimal design architecture
Related violations: <none>

TIMING-16#490 Warning
Large setup violation  
There is a large setup violation of -1.614 ns between design_1_i/pipelined_layer_proc_0/inst/grp_dataflow_parent_loop_proc_fu_232/dataflow_in_loop_Depth_Loop_U0/compute_systolic_U0/ap_CS_fsm_reg[3]/C (clocked by clk_fpga_0) and design_1_i/pipelined_layer_proc_0/inst/grp_dataflow_parent_loop_proc_fu_232/dataflow_in_loop_Depth_Loop_U0/compute_systolic_U0/big_tile_A_9_load_reg_15004_reg[3]/CE (clocked by clk_fpga_0). Large setup violations at the end of those stages might be difficult to fix during the post-placement implementation flow and could be the result of non-optimal XDC constraints or non-optimal design architecture
Related violations: <none>

TIMING-16#491 Warning
Large setup violation  
There is a large setup violation of -1.614 ns between design_1_i/pipelined_layer_proc_0/inst/grp_dataflow_parent_loop_proc_fu_232/dataflow_in_loop_Depth_Loop_U0/compute_systolic_U0/ap_CS_fsm_reg[3]/C (clocked by clk_fpga_0) and design_1_i/pipelined_layer_proc_0/inst/grp_dataflow_parent_loop_proc_fu_232/dataflow_in_loop_Depth_Loop_U0/compute_systolic_U0/big_tile_A_9_load_reg_15004_reg[43]/CE (clocked by clk_fpga_0). Large setup violations at the end of those stages might be difficult to fix during the post-placement implementation flow and could be the result of non-optimal XDC constraints or non-optimal design architecture
Related violations: <none>

TIMING-16#492 Warning
Large setup violation  
There is a large setup violation of -1.614 ns between design_1_i/pipelined_layer_proc_0/inst/grp_dataflow_parent_loop_proc_fu_232/dataflow_in_loop_Depth_Loop_U0/compute_systolic_U0/grp_compute_systolic_Pipeline_Load_Cache_Row_fu_3428_ap_start_reg_reg/C (clocked by clk_fpga_0) and design_1_i/pipelined_layer_proc_0/inst/grp_dataflow_parent_loop_proc_fu_232/dataflow_in_loop_Depth_Loop_U0/compute_systolic_U0/grp_compute_systolic_Pipeline_Load_Cache_Row_fu_3428/local_regs_V_713_fu_2004_reg[15]/CE (clocked by clk_fpga_0). Large setup violations at the end of those stages might be difficult to fix during the post-placement implementation flow and could be the result of non-optimal XDC constraints or non-optimal design architecture
Related violations: <none>

TIMING-16#493 Warning
Large setup violation  
There is a large setup violation of -1.614 ns between design_1_i/pipelined_layer_proc_0/inst/grp_dataflow_parent_loop_proc_fu_232/dataflow_in_loop_Depth_Loop_U0/compute_systolic_U0/grp_compute_systolic_Pipeline_Load_Cache_Row_fu_3428_ap_start_reg_reg/C (clocked by clk_fpga_0) and design_1_i/pipelined_layer_proc_0/inst/grp_dataflow_parent_loop_proc_fu_232/dataflow_in_loop_Depth_Loop_U0/compute_systolic_U0/grp_compute_systolic_Pipeline_Load_Cache_Row_fu_3428/local_regs_V_713_fu_2004_reg[21]/CE (clocked by clk_fpga_0). Large setup violations at the end of those stages might be difficult to fix during the post-placement implementation flow and could be the result of non-optimal XDC constraints or non-optimal design architecture
Related violations: <none>

TIMING-16#494 Warning
Large setup violation  
There is a large setup violation of -1.614 ns between design_1_i/pipelined_layer_proc_0/inst/grp_dataflow_parent_loop_proc_fu_232/dataflow_in_loop_Depth_Loop_U0/compute_systolic_U0/grp_compute_systolic_Pipeline_Load_Cache_Row_fu_3428_ap_start_reg_reg/C (clocked by clk_fpga_0) and design_1_i/pipelined_layer_proc_0/inst/grp_dataflow_parent_loop_proc_fu_232/dataflow_in_loop_Depth_Loop_U0/compute_systolic_U0/grp_compute_systolic_Pipeline_Load_Cache_Row_fu_3428/local_regs_V_713_fu_2004_reg[22]/CE (clocked by clk_fpga_0). Large setup violations at the end of those stages might be difficult to fix during the post-placement implementation flow and could be the result of non-optimal XDC constraints or non-optimal design architecture
Related violations: <none>

TIMING-16#495 Warning
Large setup violation  
There is a large setup violation of -1.614 ns between design_1_i/pipelined_layer_proc_0/inst/grp_dataflow_parent_loop_proc_fu_232/dataflow_in_loop_Depth_Loop_U0/compute_systolic_U0/grp_compute_systolic_Pipeline_Load_Cache_Row_fu_3428_ap_start_reg_reg/C (clocked by clk_fpga_0) and design_1_i/pipelined_layer_proc_0/inst/grp_dataflow_parent_loop_proc_fu_232/dataflow_in_loop_Depth_Loop_U0/compute_systolic_U0/grp_compute_systolic_Pipeline_Load_Cache_Row_fu_3428/local_regs_V_713_fu_2004_reg[4]/CE (clocked by clk_fpga_0). Large setup violations at the end of those stages might be difficult to fix during the post-placement implementation flow and could be the result of non-optimal XDC constraints or non-optimal design architecture
Related violations: <none>

TIMING-16#496 Warning
Large setup violation  
There is a large setup violation of -1.614 ns between design_1_i/pipelined_layer_proc_0/inst/grp_dataflow_parent_loop_proc_fu_232/dataflow_in_loop_Depth_Loop_U0/compute_systolic_U0/grp_compute_systolic_Pipeline_Load_Cache_Row_fu_3428_ap_start_reg_reg/C (clocked by clk_fpga_0) and design_1_i/pipelined_layer_proc_0/inst/grp_dataflow_parent_loop_proc_fu_232/dataflow_in_loop_Depth_Loop_U0/compute_systolic_U0/grp_compute_systolic_Pipeline_Load_Cache_Row_fu_3428/local_regs_V_713_fu_2004_reg[6]/CE (clocked by clk_fpga_0). Large setup violations at the end of those stages might be difficult to fix during the post-placement implementation flow and could be the result of non-optimal XDC constraints or non-optimal design architecture
Related violations: <none>

TIMING-16#497 Warning
Large setup violation  
There is a large setup violation of -1.614 ns between design_1_i/pipelined_layer_proc_0/inst/grp_dataflow_parent_loop_proc_fu_232/dataflow_in_loop_Depth_Loop_U0/compute_systolic_U0/grp_compute_systolic_Pipeline_Load_Cache_Row_fu_3428_ap_start_reg_reg/C (clocked by clk_fpga_0) and design_1_i/pipelined_layer_proc_0/inst/grp_dataflow_parent_loop_proc_fu_232/dataflow_in_loop_Depth_Loop_U0/compute_systolic_U0/grp_compute_systolic_Pipeline_Load_Cache_Row_fu_3428/local_regs_V_713_fu_2004_reg[7]/CE (clocked by clk_fpga_0). Large setup violations at the end of those stages might be difficult to fix during the post-placement implementation flow and could be the result of non-optimal XDC constraints or non-optimal design architecture
Related violations: <none>

TIMING-16#498 Warning
Large setup violation  
There is a large setup violation of -1.614 ns between design_1_i/pipelined_layer_proc_0/inst/grp_dataflow_parent_loop_proc_fu_232/dataflow_in_loop_Depth_Loop_U0/compute_systolic_U0/grp_compute_systolic_Pipeline_Load_Cache_Row_fu_3428_ap_start_reg_reg/C (clocked by clk_fpga_0) and design_1_i/pipelined_layer_proc_0/inst/grp_dataflow_parent_loop_proc_fu_232/dataflow_in_loop_Depth_Loop_U0/compute_systolic_U0/grp_compute_systolic_Pipeline_Load_Cache_Row_fu_3428/local_regs_V_713_fu_2004_reg[8]/CE (clocked by clk_fpga_0). Large setup violations at the end of those stages might be difficult to fix during the post-placement implementation flow and could be the result of non-optimal XDC constraints or non-optimal design architecture
Related violations: <none>

TIMING-16#499 Warning
Large setup violation  
There is a large setup violation of -1.616 ns between design_1_i/pipelined_layer_proc_0/inst/gmem0_m_axi_U/bus_write/wreq_throttle/data_fifo/raddr_reg[0]_rep/C (clocked by clk_fpga_0) and design_1_i/pipelined_layer_proc_0/inst/gmem0_m_axi_U/bus_write/wreq_throttle/data_fifo/U_fifo_srl/dout_reg[106]/D (clocked by clk_fpga_0). Large setup violations at the end of those stages might be difficult to fix during the post-placement implementation flow and could be the result of non-optimal XDC constraints or non-optimal design architecture
Related violations: <none>

TIMING-16#500 Warning
Large setup violation  
There is a large setup violation of -1.621 ns between design_1_i/pipelined_layer_proc_0/inst/grp_dataflow_parent_loop_proc_fu_232/dataflow_in_loop_Depth_Loop_U0/tile_A_V_3_U/reg_valid0_reg/C (clocked by clk_fpga_0) and design_1_i/pipelined_layer_proc_0/inst/grp_dataflow_parent_loop_proc_fu_232/dataflow_in_loop_Depth_Loop_U0/compute_systolic_U0/big_tile_A_15_load_reg_15034_reg[152]/D (clocked by clk_fpga_0). Large setup violations at the end of those stages might be difficult to fix during the post-placement implementation flow and could be the result of non-optimal XDC constraints or non-optimal design architecture
Related violations: <none>

TIMING-16#501 Warning
Large setup violation  
There is a large setup violation of -1.622 ns between design_1_i/pipelined_layer_proc_0/inst/grp_dataflow_parent_loop_proc_fu_232/dataflow_in_loop_Depth_Loop_U0/tile_A_V_3_U/reg_valid0_reg/C (clocked by clk_fpga_0) and design_1_i/pipelined_layer_proc_0/inst/grp_dataflow_parent_loop_proc_fu_232/dataflow_in_loop_Depth_Loop_U0/compute_systolic_U0/big_tile_A_15_load_reg_15034_reg[170]/D (clocked by clk_fpga_0). Large setup violations at the end of those stages might be difficult to fix during the post-placement implementation flow and could be the result of non-optimal XDC constraints or non-optimal design architecture
Related violations: <none>

TIMING-16#502 Warning
Large setup violation  
There is a large setup violation of -1.624 ns between design_1_i/pipelined_layer_proc_0/inst/grp_dataflow_parent_loop_proc_fu_232/dataflow_in_loop_Depth_Loop_U0/tile_A_V_3_U/reg_valid0_reg/C (clocked by clk_fpga_0) and design_1_i/pipelined_layer_proc_0/inst/grp_dataflow_parent_loop_proc_fu_232/dataflow_in_loop_Depth_Loop_U0/compute_systolic_U0/big_tile_A_15_load_reg_15034_reg[146]/D (clocked by clk_fpga_0). Large setup violations at the end of those stages might be difficult to fix during the post-placement implementation flow and could be the result of non-optimal XDC constraints or non-optimal design architecture
Related violations: <none>

TIMING-16#503 Warning
Large setup violation  
There is a large setup violation of -1.625 ns between design_1_i/pipelined_layer_proc_0/inst/grp_dataflow_parent_loop_proc_fu_232/dataflow_in_loop_Depth_Loop_U0/compute_systolic_U0/grp_compute_systolic_Pipeline_Pulse_fu_3978_ap_start_reg_reg_replica_13/C (clocked by clk_fpga_0) and design_1_i/pipelined_layer_proc_0/inst/grp_dataflow_parent_loop_proc_fu_232/dataflow_in_loop_Depth_Loop_U0/compute_systolic_U0/grp_compute_systolic_Pipeline_Pulse_fu_3978/local_regs_V_125_fu_2182_reg[7]/CE (clocked by clk_fpga_0). Large setup violations at the end of those stages might be difficult to fix during the post-placement implementation flow and could be the result of non-optimal XDC constraints or non-optimal design architecture
Related violations: <none>

TIMING-16#504 Warning
Large setup violation  
There is a large setup violation of -1.625 ns between design_1_i/pipelined_layer_proc_0/inst/grp_dataflow_parent_loop_proc_fu_232/dataflow_in_loop_Depth_Loop_U0/compute_systolic_U0/grp_compute_systolic_Pipeline_Pulse_fu_3978_ap_start_reg_reg_replica_13/C (clocked by clk_fpga_0) and design_1_i/pipelined_layer_proc_0/inst/grp_dataflow_parent_loop_proc_fu_232/dataflow_in_loop_Depth_Loop_U0/compute_systolic_U0/grp_compute_systolic_Pipeline_Pulse_fu_3978/local_regs_V_139_fu_2126_reg[18]/CE (clocked by clk_fpga_0). Large setup violations at the end of those stages might be difficult to fix during the post-placement implementation flow and could be the result of non-optimal XDC constraints or non-optimal design architecture
Related violations: <none>

TIMING-16#505 Warning
Large setup violation  
There is a large setup violation of -1.625 ns between design_1_i/pipelined_layer_proc_0/inst/grp_dataflow_parent_loop_proc_fu_232/dataflow_in_loop_Depth_Loop_U0/tile_A_V_3_U/reg_valid0_reg/C (clocked by clk_fpga_0) and design_1_i/pipelined_layer_proc_0/inst/grp_dataflow_parent_loop_proc_fu_232/dataflow_in_loop_Depth_Loop_U0/compute_systolic_U0/big_tile_A_4_load_reg_14979_reg[98]/D (clocked by clk_fpga_0). Large setup violations at the end of those stages might be difficult to fix during the post-placement implementation flow and could be the result of non-optimal XDC constraints or non-optimal design architecture
Related violations: <none>

TIMING-16#506 Warning
Large setup violation  
There is a large setup violation of -1.628 ns between design_1_i/pipelined_layer_proc_0/inst/grp_dataflow_parent_loop_proc_fu_232/dataflow_in_loop_Depth_Loop_U0/compute_systolic_U0/ap_CS_fsm_reg[3]/C (clocked by clk_fpga_0) and design_1_i/pipelined_layer_proc_0/inst/grp_dataflow_parent_loop_proc_fu_232/dataflow_in_loop_Depth_Loop_U0/compute_systolic_U0/big_tile_A_1_load_reg_14964_reg[19]/CE (clocked by clk_fpga_0). Large setup violations at the end of those stages might be difficult to fix during the post-placement implementation flow and could be the result of non-optimal XDC constraints or non-optimal design architecture
Related violations: <none>

TIMING-16#507 Warning
Large setup violation  
There is a large setup violation of -1.628 ns between design_1_i/pipelined_layer_proc_0/inst/grp_dataflow_parent_loop_proc_fu_232/dataflow_in_loop_Depth_Loop_U0/compute_systolic_U0/ap_CS_fsm_reg[3]/C (clocked by clk_fpga_0) and design_1_i/pipelined_layer_proc_0/inst/grp_dataflow_parent_loop_proc_fu_232/dataflow_in_loop_Depth_Loop_U0/compute_systolic_U0/big_tile_A_1_load_reg_14964_reg[25]/CE (clocked by clk_fpga_0). Large setup violations at the end of those stages might be difficult to fix during the post-placement implementation flow and could be the result of non-optimal XDC constraints or non-optimal design architecture
Related violations: <none>

TIMING-16#508 Warning
Large setup violation  
There is a large setup violation of -1.628 ns between design_1_i/pipelined_layer_proc_0/inst/grp_dataflow_parent_loop_proc_fu_232/dataflow_in_loop_Depth_Loop_U0/compute_systolic_U0/ap_CS_fsm_reg[3]/C (clocked by clk_fpga_0) and design_1_i/pipelined_layer_proc_0/inst/grp_dataflow_parent_loop_proc_fu_232/dataflow_in_loop_Depth_Loop_U0/compute_systolic_U0/big_tile_A_1_load_reg_14964_reg[67]/CE (clocked by clk_fpga_0). Large setup violations at the end of those stages might be difficult to fix during the post-placement implementation flow and could be the result of non-optimal XDC constraints or non-optimal design architecture
Related violations: <none>

TIMING-16#509 Warning
Large setup violation  
There is a large setup violation of -1.629 ns between design_1_i/pipelined_layer_proc_0/inst/grp_dataflow_parent_loop_proc_fu_232/dataflow_in_loop_Depth_Loop_U0/tile_A_V_3_U/reg_valid0_reg/C (clocked by clk_fpga_0) and design_1_i/pipelined_layer_proc_0/inst/grp_dataflow_parent_loop_proc_fu_232/dataflow_in_loop_Depth_Loop_U0/compute_systolic_U0/big_tile_A_15_load_reg_15034_reg[210]/D (clocked by clk_fpga_0). Large setup violations at the end of those stages might be difficult to fix during the post-placement implementation flow and could be the result of non-optimal XDC constraints or non-optimal design architecture
Related violations: <none>

TIMING-16#510 Warning
Large setup violation  
There is a large setup violation of -1.630 ns between design_1_i/pipelined_layer_proc_0/inst/grp_dataflow_parent_loop_proc_fu_232/dataflow_in_loop_Depth_Loop_U0/tile_A_V_3_U/reg_valid0_reg/C (clocked by clk_fpga_0) and design_1_i/pipelined_layer_proc_0/inst/grp_dataflow_parent_loop_proc_fu_232/dataflow_in_loop_Depth_Loop_U0/compute_systolic_U0/big_tile_A_3_load_reg_14974_reg[176]/D (clocked by clk_fpga_0). Large setup violations at the end of those stages might be difficult to fix during the post-placement implementation flow and could be the result of non-optimal XDC constraints or non-optimal design architecture
Related violations: <none>

TIMING-16#511 Warning
Large setup violation  
There is a large setup violation of -1.631 ns between design_1_i/pipelined_layer_proc_0/inst/grp_dataflow_parent_loop_proc_fu_232/dataflow_in_loop_Depth_Loop_U0/compute_systolic_U0/ap_CS_fsm_reg[3]/C (clocked by clk_fpga_0) and design_1_i/pipelined_layer_proc_0/inst/grp_dataflow_parent_loop_proc_fu_232/dataflow_in_loop_Depth_Loop_U0/compute_systolic_U0/big_tile_A_13_load_reg_15024_reg[26]/CE (clocked by clk_fpga_0). Large setup violations at the end of those stages might be difficult to fix during the post-placement implementation flow and could be the result of non-optimal XDC constraints or non-optimal design architecture
Related violations: <none>

TIMING-16#512 Warning
Large setup violation  
There is a large setup violation of -1.631 ns between design_1_i/pipelined_layer_proc_0/inst/grp_dataflow_parent_loop_proc_fu_232/dataflow_in_loop_Depth_Loop_U0/compute_systolic_U0/ap_CS_fsm_reg[3]/C (clocked by clk_fpga_0) and design_1_i/pipelined_layer_proc_0/inst/grp_dataflow_parent_loop_proc_fu_232/dataflow_in_loop_Depth_Loop_U0/compute_systolic_U0/big_tile_A_13_load_reg_15024_reg[66]/CE (clocked by clk_fpga_0). Large setup violations at the end of those stages might be difficult to fix during the post-placement implementation flow and could be the result of non-optimal XDC constraints or non-optimal design architecture
Related violations: <none>

TIMING-16#513 Warning
Large setup violation  
There is a large setup violation of -1.631 ns between design_1_i/pipelined_layer_proc_0/inst/grp_dataflow_parent_loop_proc_fu_232/dataflow_in_loop_Depth_Loop_U0/compute_systolic_U0/ap_CS_fsm_reg[3]/C (clocked by clk_fpga_0) and design_1_i/pipelined_layer_proc_0/inst/grp_dataflow_parent_loop_proc_fu_232/dataflow_in_loop_Depth_Loop_U0/compute_systolic_U0/big_tile_A_9_load_reg_15004_reg[40]/CE (clocked by clk_fpga_0). Large setup violations at the end of those stages might be difficult to fix during the post-placement implementation flow and could be the result of non-optimal XDC constraints or non-optimal design architecture
Related violations: <none>

TIMING-16#514 Warning
Large setup violation  
There is a large setup violation of -1.631 ns between design_1_i/pipelined_layer_proc_0/inst/grp_dataflow_parent_loop_proc_fu_232/dataflow_in_loop_Depth_Loop_U0/compute_systolic_U0/ap_CS_fsm_reg[3]/C (clocked by clk_fpga_0) and design_1_i/pipelined_layer_proc_0/inst/grp_dataflow_parent_loop_proc_fu_232/dataflow_in_loop_Depth_Loop_U0/compute_systolic_U0/big_tile_A_9_load_reg_15004_reg[71]/CE (clocked by clk_fpga_0). Large setup violations at the end of those stages might be difficult to fix during the post-placement implementation flow and could be the result of non-optimal XDC constraints or non-optimal design architecture
Related violations: <none>

TIMING-16#515 Warning
Large setup violation  
There is a large setup violation of -1.638 ns between design_1_i/pipelined_layer_proc_0/inst/grp_dataflow_parent_loop_proc_fu_232/dataflow_in_loop_Depth_Loop_U0/compute_systolic_U0/ap_CS_fsm_reg[3]/C (clocked by clk_fpga_0) and design_1_i/pipelined_layer_proc_0/inst/grp_dataflow_parent_loop_proc_fu_232/dataflow_in_loop_Depth_Loop_U0/compute_systolic_U0/big_tile_A_0_load_reg_14959_reg[181]/CE (clocked by clk_fpga_0). Large setup violations at the end of those stages might be difficult to fix during the post-placement implementation flow and could be the result of non-optimal XDC constraints or non-optimal design architecture
Related violations: <none>

TIMING-16#516 Warning
Large setup violation  
There is a large setup violation of -1.638 ns between design_1_i/pipelined_layer_proc_0/inst/grp_dataflow_parent_loop_proc_fu_232/dataflow_in_loop_Depth_Loop_U0/compute_systolic_U0/ap_CS_fsm_reg[3]/C (clocked by clk_fpga_0) and design_1_i/pipelined_layer_proc_0/inst/grp_dataflow_parent_loop_proc_fu_232/dataflow_in_loop_Depth_Loop_U0/compute_systolic_U0/big_tile_A_9_load_reg_15004_reg[217]/CE (clocked by clk_fpga_0). Large setup violations at the end of those stages might be difficult to fix during the post-placement implementation flow and could be the result of non-optimal XDC constraints or non-optimal design architecture
Related violations: <none>

TIMING-16#517 Warning
Large setup violation  
There is a large setup violation of -1.638 ns between design_1_i/pipelined_layer_proc_0/inst/grp_dataflow_parent_loop_proc_fu_232/dataflow_in_loop_Depth_Loop_U0/tile_A_V_3_U/reg_valid0_reg/C (clocked by clk_fpga_0) and design_1_i/pipelined_layer_proc_0/inst/grp_dataflow_parent_loop_proc_fu_232/dataflow_in_loop_Depth_Loop_U0/compute_systolic_U0/big_tile_A_15_load_reg_15034_reg[195]/D (clocked by clk_fpga_0). Large setup violations at the end of those stages might be difficult to fix during the post-placement implementation flow and could be the result of non-optimal XDC constraints or non-optimal design architecture
Related violations: <none>

TIMING-16#518 Warning
Large setup violation  
There is a large setup violation of -1.639 ns between design_1_i/pipelined_layer_proc_0/inst/grp_dataflow_parent_loop_proc_fu_232/dataflow_in_loop_Depth_Loop_U0/compute_systolic_U0/grp_compute_systolic_Pipeline_Load_Cache_Row_fu_3428_ap_start_reg_reg/C (clocked by clk_fpga_0) and design_1_i/pipelined_layer_proc_0/inst/grp_dataflow_parent_loop_proc_fu_232/dataflow_in_loop_Depth_Loop_U0/compute_systolic_U0/grp_compute_systolic_Pipeline_Load_Cache_Row_fu_3428/local_regs_V_660_fu_1792_reg[10]/CE (clocked by clk_fpga_0). Large setup violations at the end of those stages might be difficult to fix during the post-placement implementation flow and could be the result of non-optimal XDC constraints or non-optimal design architecture
Related violations: <none>

TIMING-16#519 Warning
Large setup violation  
There is a large setup violation of -1.639 ns between design_1_i/pipelined_layer_proc_0/inst/grp_dataflow_parent_loop_proc_fu_232/dataflow_in_loop_Depth_Loop_U0/compute_systolic_U0/grp_compute_systolic_Pipeline_Load_Cache_Row_fu_3428_ap_start_reg_reg/C (clocked by clk_fpga_0) and design_1_i/pipelined_layer_proc_0/inst/grp_dataflow_parent_loop_proc_fu_232/dataflow_in_loop_Depth_Loop_U0/compute_systolic_U0/grp_compute_systolic_Pipeline_Load_Cache_Row_fu_3428/local_regs_V_660_fu_1792_reg[16]/CE (clocked by clk_fpga_0). Large setup violations at the end of those stages might be difficult to fix during the post-placement implementation flow and could be the result of non-optimal XDC constraints or non-optimal design architecture
Related violations: <none>

TIMING-16#520 Warning
Large setup violation  
There is a large setup violation of -1.639 ns between design_1_i/pipelined_layer_proc_0/inst/grp_dataflow_parent_loop_proc_fu_232/dataflow_in_loop_Depth_Loop_U0/compute_systolic_U0/grp_compute_systolic_Pipeline_Load_Cache_Row_fu_3428_ap_start_reg_reg/C (clocked by clk_fpga_0) and design_1_i/pipelined_layer_proc_0/inst/grp_dataflow_parent_loop_proc_fu_232/dataflow_in_loop_Depth_Loop_U0/compute_systolic_U0/grp_compute_systolic_Pipeline_Load_Cache_Row_fu_3428/local_regs_V_661_fu_1796_reg[30]/CE (clocked by clk_fpga_0). Large setup violations at the end of those stages might be difficult to fix during the post-placement implementation flow and could be the result of non-optimal XDC constraints or non-optimal design architecture
Related violations: <none>

TIMING-16#521 Warning
Large setup violation  
There is a large setup violation of -1.639 ns between design_1_i/pipelined_layer_proc_0/inst/grp_dataflow_parent_loop_proc_fu_232/dataflow_in_loop_Depth_Loop_U0/compute_systolic_U0/grp_compute_systolic_Pipeline_Load_Cache_Row_fu_3428_ap_start_reg_reg/C (clocked by clk_fpga_0) and design_1_i/pipelined_layer_proc_0/inst/grp_dataflow_parent_loop_proc_fu_232/dataflow_in_loop_Depth_Loop_U0/compute_systolic_U0/grp_compute_systolic_Pipeline_Load_Cache_Row_fu_3428/local_regs_V_661_fu_1796_reg[31]/CE (clocked by clk_fpga_0). Large setup violations at the end of those stages might be difficult to fix during the post-placement implementation flow and could be the result of non-optimal XDC constraints or non-optimal design architecture
Related violations: <none>

TIMING-16#522 Warning
Large setup violation  
There is a large setup violation of -1.641 ns between design_1_i/pipelined_layer_proc_0/inst/grp_dataflow_parent_loop_proc_fu_232/dataflow_in_loop_Depth_Loop_U0/compute_systolic_U0/grp_compute_systolic_Pipeline_Load_Cache_Row_fu_3428_ap_start_reg_reg/C (clocked by clk_fpga_0) and design_1_i/pipelined_layer_proc_0/inst/grp_dataflow_parent_loop_proc_fu_232/dataflow_in_loop_Depth_Loop_U0/compute_systolic_U0/grp_compute_systolic_Pipeline_Load_Cache_Row_fu_3428/local_regs_V_717_fu_2020_reg[6]/CE (clocked by clk_fpga_0). Large setup violations at the end of those stages might be difficult to fix during the post-placement implementation flow and could be the result of non-optimal XDC constraints or non-optimal design architecture
Related violations: <none>

TIMING-16#523 Warning
Large setup violation  
There is a large setup violation of -1.645 ns between design_1_i/pipelined_layer_proc_0/inst/grp_dataflow_parent_loop_proc_fu_232/dataflow_in_loop_Depth_Loop_U0/compute_systolic_U0/grp_compute_systolic_Pipeline_Load_Cache_Row_fu_3428_ap_start_reg_reg/C (clocked by clk_fpga_0) and design_1_i/pipelined_layer_proc_0/inst/grp_dataflow_parent_loop_proc_fu_232/dataflow_in_loop_Depth_Loop_U0/compute_systolic_U0/grp_compute_systolic_Pipeline_Load_Cache_Row_fu_3428/local_regs_V_621_fu_1636_reg[13]/CE (clocked by clk_fpga_0). Large setup violations at the end of those stages might be difficult to fix during the post-placement implementation flow and could be the result of non-optimal XDC constraints or non-optimal design architecture
Related violations: <none>

TIMING-16#524 Warning
Large setup violation  
There is a large setup violation of -1.645 ns between design_1_i/pipelined_layer_proc_0/inst/grp_dataflow_parent_loop_proc_fu_232/dataflow_in_loop_Depth_Loop_U0/compute_systolic_U0/grp_compute_systolic_Pipeline_Load_Cache_Row_fu_3428_ap_start_reg_reg/C (clocked by clk_fpga_0) and design_1_i/pipelined_layer_proc_0/inst/grp_dataflow_parent_loop_proc_fu_232/dataflow_in_loop_Depth_Loop_U0/compute_systolic_U0/grp_compute_systolic_Pipeline_Load_Cache_Row_fu_3428/local_regs_V_621_fu_1636_reg[16]/CE (clocked by clk_fpga_0). Large setup violations at the end of those stages might be difficult to fix during the post-placement implementation flow and could be the result of non-optimal XDC constraints or non-optimal design architecture
Related violations: <none>

TIMING-16#525 Warning
Large setup violation  
There is a large setup violation of -1.645 ns between design_1_i/pipelined_layer_proc_0/inst/grp_dataflow_parent_loop_proc_fu_232/dataflow_in_loop_Depth_Loop_U0/compute_systolic_U0/grp_compute_systolic_Pipeline_Load_Cache_Row_fu_3428_ap_start_reg_reg/C (clocked by clk_fpga_0) and design_1_i/pipelined_layer_proc_0/inst/grp_dataflow_parent_loop_proc_fu_232/dataflow_in_loop_Depth_Loop_U0/compute_systolic_U0/grp_compute_systolic_Pipeline_Load_Cache_Row_fu_3428/local_regs_V_621_fu_1636_reg[28]/CE (clocked by clk_fpga_0). Large setup violations at the end of those stages might be difficult to fix during the post-placement implementation flow and could be the result of non-optimal XDC constraints or non-optimal design architecture
Related violations: <none>

TIMING-16#526 Warning
Large setup violation  
There is a large setup violation of -1.645 ns between design_1_i/pipelined_layer_proc_0/inst/grp_dataflow_parent_loop_proc_fu_232/dataflow_in_loop_Depth_Loop_U0/compute_systolic_U0/grp_compute_systolic_Pipeline_Load_Cache_Row_fu_3428_ap_start_reg_reg/C (clocked by clk_fpga_0) and design_1_i/pipelined_layer_proc_0/inst/grp_dataflow_parent_loop_proc_fu_232/dataflow_in_loop_Depth_Loop_U0/compute_systolic_U0/grp_compute_systolic_Pipeline_Load_Cache_Row_fu_3428/local_regs_V_621_fu_1636_reg[29]/CE (clocked by clk_fpga_0). Large setup violations at the end of those stages might be difficult to fix during the post-placement implementation flow and could be the result of non-optimal XDC constraints or non-optimal design architecture
Related violations: <none>

TIMING-16#527 Warning
Large setup violation  
There is a large setup violation of -1.645 ns between design_1_i/pipelined_layer_proc_0/inst/grp_dataflow_parent_loop_proc_fu_232/dataflow_in_loop_Depth_Loop_U0/compute_systolic_U0/grp_compute_systolic_Pipeline_Load_Cache_Row_fu_3428_ap_start_reg_reg/C (clocked by clk_fpga_0) and design_1_i/pipelined_layer_proc_0/inst/grp_dataflow_parent_loop_proc_fu_232/dataflow_in_loop_Depth_Loop_U0/compute_systolic_U0/grp_compute_systolic_Pipeline_Load_Cache_Row_fu_3428/local_regs_V_701_fu_1956_reg[29]/CE (clocked by clk_fpga_0). Large setup violations at the end of those stages might be difficult to fix during the post-placement implementation flow and could be the result of non-optimal XDC constraints or non-optimal design architecture
Related violations: <none>

TIMING-16#528 Warning
Large setup violation  
There is a large setup violation of -1.651 ns between design_1_i/pipelined_layer_proc_0/inst/grp_dataflow_parent_loop_proc_fu_232/dataflow_in_loop_Depth_Loop_U0/compute_systolic_U0/ap_CS_fsm_reg[3]/C (clocked by clk_fpga_0) and design_1_i/pipelined_layer_proc_0/inst/grp_dataflow_parent_loop_proc_fu_232/dataflow_in_loop_Depth_Loop_U0/compute_systolic_U0/big_tile_A_9_load_reg_15004_reg[144]/CE (clocked by clk_fpga_0). Large setup violations at the end of those stages might be difficult to fix during the post-placement implementation flow and could be the result of non-optimal XDC constraints or non-optimal design architecture
Related violations: <none>

TIMING-16#529 Warning
Large setup violation  
There is a large setup violation of -1.651 ns between design_1_i/pipelined_layer_proc_0/inst/grp_dataflow_parent_loop_proc_fu_232/dataflow_in_loop_Depth_Loop_U0/compute_systolic_U0/ap_CS_fsm_reg[3]/C (clocked by clk_fpga_0) and design_1_i/pipelined_layer_proc_0/inst/grp_dataflow_parent_loop_proc_fu_232/dataflow_in_loop_Depth_Loop_U0/compute_systolic_U0/big_tile_A_9_load_reg_15004_reg[193]/CE (clocked by clk_fpga_0). Large setup violations at the end of those stages might be difficult to fix during the post-placement implementation flow and could be the result of non-optimal XDC constraints or non-optimal design architecture
Related violations: <none>

TIMING-16#530 Warning
Large setup violation  
There is a large setup violation of -1.652 ns between design_1_i/pipelined_layer_proc_0/inst/grp_dataflow_parent_loop_proc_fu_232/dataflow_in_loop_Depth_Loop_U0/compute_systolic_U0/grp_compute_systolic_Pipeline_Load_Cache_Row_fu_3428/trunc_ln55_reg_11237_reg[0]/C (clocked by clk_fpga_0) and design_1_i/pipelined_layer_proc_0/inst/grp_dataflow_parent_loop_proc_fu_232/dataflow_in_loop_Depth_Loop_U0/compute_systolic_U0/grp_compute_systolic_Pipeline_Load_Cache_Row_fu_3428/local_regs_V_565_fu_1412_reg[20]/CE (clocked by clk_fpga_0). Large setup violations at the end of those stages might be difficult to fix during the post-placement implementation flow and could be the result of non-optimal XDC constraints or non-optimal design architecture
Related violations: <none>

TIMING-16#531 Warning
Large setup violation  
There is a large setup violation of -1.652 ns between design_1_i/pipelined_layer_proc_0/inst/grp_dataflow_parent_loop_proc_fu_232/dataflow_in_loop_Depth_Loop_U0/compute_systolic_U0/grp_compute_systolic_Pipeline_Load_Cache_Row_fu_3428/trunc_ln55_reg_11237_reg[0]/C (clocked by clk_fpga_0) and design_1_i/pipelined_layer_proc_0/inst/grp_dataflow_parent_loop_proc_fu_232/dataflow_in_loop_Depth_Loop_U0/compute_systolic_U0/grp_compute_systolic_Pipeline_Load_Cache_Row_fu_3428/local_regs_V_565_fu_1412_reg[9]/CE (clocked by clk_fpga_0). Large setup violations at the end of those stages might be difficult to fix during the post-placement implementation flow and could be the result of non-optimal XDC constraints or non-optimal design architecture
Related violations: <none>

TIMING-16#532 Warning
Large setup violation  
There is a large setup violation of -1.653 ns between design_1_i/pipelined_layer_proc_0/inst/grp_dataflow_parent_loop_proc_fu_232/dataflow_in_loop_Depth_Loop_U0/compute_systolic_U0/ap_CS_fsm_reg[3]/C (clocked by clk_fpga_0) and design_1_i/pipelined_layer_proc_0/inst/grp_dataflow_parent_loop_proc_fu_232/dataflow_in_loop_Depth_Loop_U0/compute_systolic_U0/big_tile_A_9_load_reg_15004_reg[19]/CE (clocked by clk_fpga_0). Large setup violations at the end of those stages might be difficult to fix during the post-placement implementation flow and could be the result of non-optimal XDC constraints or non-optimal design architecture
Related violations: <none>

TIMING-16#533 Warning
Large setup violation  
There is a large setup violation of -1.653 ns between design_1_i/pipelined_layer_proc_0/inst/grp_dataflow_parent_loop_proc_fu_232/dataflow_in_loop_Depth_Loop_U0/compute_systolic_U0/ap_CS_fsm_reg[3]/C (clocked by clk_fpga_0) and design_1_i/pipelined_layer_proc_0/inst/grp_dataflow_parent_loop_proc_fu_232/dataflow_in_loop_Depth_Loop_U0/compute_systolic_U0/big_tile_A_9_load_reg_15004_reg[21]/CE (clocked by clk_fpga_0). Large setup violations at the end of those stages might be difficult to fix during the post-placement implementation flow and could be the result of non-optimal XDC constraints or non-optimal design architecture
Related violations: <none>

TIMING-16#534 Warning
Large setup violation  
There is a large setup violation of -1.654 ns between design_1_i/pipelined_layer_proc_0/inst/grp_dataflow_parent_loop_proc_fu_232/dataflow_in_loop_Depth_Loop_U0/compute_systolic_U0/grp_compute_systolic_Pipeline_Pulse_fu_3978_ap_start_reg_reg_replica_7/C (clocked by clk_fpga_0) and design_1_i/pipelined_layer_proc_0/inst/grp_dataflow_parent_loop_proc_fu_232/dataflow_in_loop_Depth_Loop_U0/compute_systolic_U0/grp_compute_systolic_Pipeline_Pulse_fu_3978/h_wires_V_10_reg_15422_reg[7]_rep__9/D (clocked by clk_fpga_0). Large setup violations at the end of those stages might be difficult to fix during the post-placement implementation flow and could be the result of non-optimal XDC constraints or non-optimal design architecture
Related violations: <none>

TIMING-16#535 Warning
Large setup violation  
There is a large setup violation of -1.655 ns between design_1_i/pipelined_layer_proc_0/inst/grp_dataflow_parent_loop_proc_fu_232/dataflow_in_loop_Depth_Loop_U0/tile_A_V_3_U/reg_valid0_reg/C (clocked by clk_fpga_0) and design_1_i/pipelined_layer_proc_0/inst/grp_dataflow_parent_loop_proc_fu_232/dataflow_in_loop_Depth_Loop_U0/compute_systolic_U0/big_tile_A_15_load_reg_15034_reg[203]/D (clocked by clk_fpga_0). Large setup violations at the end of those stages might be difficult to fix during the post-placement implementation flow and could be the result of non-optimal XDC constraints or non-optimal design architecture
Related violations: <none>

TIMING-16#536 Warning
Large setup violation  
There is a large setup violation of -1.658 ns between design_1_i/pipelined_layer_proc_0/inst/grp_dataflow_parent_loop_proc_fu_232/dataflow_in_loop_Depth_Loop_U0/compute_systolic_U0/grp_compute_systolic_Pipeline_Pulse_fu_3978_ap_start_reg_reg_replica_7/C (clocked by clk_fpga_0) and design_1_i/pipelined_layer_proc_0/inst/grp_dataflow_parent_loop_proc_fu_232/dataflow_in_loop_Depth_Loop_U0/compute_systolic_U0/grp_compute_systolic_Pipeline_Pulse_fu_3978/h_wires_V_10_reg_15422_reg[7]_rep__14/D (clocked by clk_fpga_0). Large setup violations at the end of those stages might be difficult to fix during the post-placement implementation flow and could be the result of non-optimal XDC constraints or non-optimal design architecture
Related violations: <none>

TIMING-16#537 Warning
Large setup violation  
There is a large setup violation of -1.659 ns between design_1_i/pipelined_layer_proc_0/inst/grp_dataflow_parent_loop_proc_fu_232/dataflow_in_loop_Depth_Loop_U0/compute_systolic_U0/grp_compute_systolic_Pipeline_Load_Cache_Row_fu_3428/trunc_ln55_reg_11237_reg[0]/C (clocked by clk_fpga_0) and design_1_i/pipelined_layer_proc_0/inst/grp_dataflow_parent_loop_proc_fu_232/dataflow_in_loop_Depth_Loop_U0/compute_systolic_U0/grp_compute_systolic_Pipeline_Load_Cache_Row_fu_3428/local_regs_V_565_fu_1412_reg[10]/CE (clocked by clk_fpga_0). Large setup violations at the end of those stages might be difficult to fix during the post-placement implementation flow and could be the result of non-optimal XDC constraints or non-optimal design architecture
Related violations: <none>

TIMING-16#538 Warning
Large setup violation  
There is a large setup violation of -1.659 ns between design_1_i/pipelined_layer_proc_0/inst/grp_dataflow_parent_loop_proc_fu_232/dataflow_in_loop_Depth_Loop_U0/compute_systolic_U0/grp_compute_systolic_Pipeline_Load_Cache_Row_fu_3428/trunc_ln55_reg_11237_reg[0]/C (clocked by clk_fpga_0) and design_1_i/pipelined_layer_proc_0/inst/grp_dataflow_parent_loop_proc_fu_232/dataflow_in_loop_Depth_Loop_U0/compute_systolic_U0/grp_compute_systolic_Pipeline_Load_Cache_Row_fu_3428/local_regs_V_565_fu_1412_reg[11]/CE (clocked by clk_fpga_0). Large setup violations at the end of those stages might be difficult to fix during the post-placement implementation flow and could be the result of non-optimal XDC constraints or non-optimal design architecture
Related violations: <none>

TIMING-16#539 Warning
Large setup violation  
There is a large setup violation of -1.659 ns between design_1_i/pipelined_layer_proc_0/inst/grp_dataflow_parent_loop_proc_fu_232/dataflow_in_loop_Depth_Loop_U0/compute_systolic_U0/grp_compute_systolic_Pipeline_Load_Cache_Row_fu_3428/trunc_ln55_reg_11237_reg[0]/C (clocked by clk_fpga_0) and design_1_i/pipelined_layer_proc_0/inst/grp_dataflow_parent_loop_proc_fu_232/dataflow_in_loop_Depth_Loop_U0/compute_systolic_U0/grp_compute_systolic_Pipeline_Load_Cache_Row_fu_3428/local_regs_V_565_fu_1412_reg[14]/CE (clocked by clk_fpga_0). Large setup violations at the end of those stages might be difficult to fix during the post-placement implementation flow and could be the result of non-optimal XDC constraints or non-optimal design architecture
Related violations: <none>

TIMING-16#540 Warning
Large setup violation  
There is a large setup violation of -1.659 ns between design_1_i/pipelined_layer_proc_0/inst/grp_dataflow_parent_loop_proc_fu_232/dataflow_in_loop_Depth_Loop_U0/compute_systolic_U0/grp_compute_systolic_Pipeline_Load_Cache_Row_fu_3428/trunc_ln55_reg_11237_reg[0]/C (clocked by clk_fpga_0) and design_1_i/pipelined_layer_proc_0/inst/grp_dataflow_parent_loop_proc_fu_232/dataflow_in_loop_Depth_Loop_U0/compute_systolic_U0/grp_compute_systolic_Pipeline_Load_Cache_Row_fu_3428/local_regs_V_565_fu_1412_reg[27]/CE (clocked by clk_fpga_0). Large setup violations at the end of those stages might be difficult to fix during the post-placement implementation flow and could be the result of non-optimal XDC constraints or non-optimal design architecture
Related violations: <none>

TIMING-16#541 Warning
Large setup violation  
There is a large setup violation of -1.661 ns between design_1_i/pipelined_layer_proc_0/inst/grp_dataflow_parent_loop_proc_fu_232/dataflow_in_loop_Depth_Loop_U0/compute_systolic_U0/ap_CS_fsm_reg[3]/C (clocked by clk_fpga_0) and design_1_i/pipelined_layer_proc_0/inst/grp_dataflow_parent_loop_proc_fu_232/dataflow_in_loop_Depth_Loop_U0/compute_systolic_U0/big_tile_A_15_load_reg_15034_reg[27]/CE (clocked by clk_fpga_0). Large setup violations at the end of those stages might be difficult to fix during the post-placement implementation flow and could be the result of non-optimal XDC constraints or non-optimal design architecture
Related violations: <none>

TIMING-16#542 Warning
Large setup violation  
There is a large setup violation of -1.661 ns between design_1_i/pipelined_layer_proc_0/inst/grp_dataflow_parent_loop_proc_fu_232/dataflow_in_loop_Depth_Loop_U0/compute_systolic_U0/ap_CS_fsm_reg[3]/C (clocked by clk_fpga_0) and design_1_i/pipelined_layer_proc_0/inst/grp_dataflow_parent_loop_proc_fu_232/dataflow_in_loop_Depth_Loop_U0/compute_systolic_U0/big_tile_A_15_load_reg_15034_reg[3]/CE (clocked by clk_fpga_0). Large setup violations at the end of those stages might be difficult to fix during the post-placement implementation flow and could be the result of non-optimal XDC constraints or non-optimal design architecture
Related violations: <none>

TIMING-16#543 Warning
Large setup violation  
There is a large setup violation of -1.661 ns between design_1_i/pipelined_layer_proc_0/inst/grp_dataflow_parent_loop_proc_fu_232/dataflow_in_loop_Depth_Loop_U0/compute_systolic_U0/ap_CS_fsm_reg[3]/C (clocked by clk_fpga_0) and design_1_i/pipelined_layer_proc_0/inst/grp_dataflow_parent_loop_proc_fu_232/dataflow_in_loop_Depth_Loop_U0/compute_systolic_U0/big_tile_A_1_load_reg_14964_reg[223]/CE (clocked by clk_fpga_0). Large setup violations at the end of those stages might be difficult to fix during the post-placement implementation flow and could be the result of non-optimal XDC constraints or non-optimal design architecture
Related violations: <none>

TIMING-16#544 Warning
Large setup violation  
There is a large setup violation of -1.667 ns between design_1_i/pipelined_layer_proc_0/inst/grp_dataflow_parent_loop_proc_fu_232/dataflow_in_loop_Depth_Loop_U0/tile_A_V_3_U/reg_valid0_reg/C (clocked by clk_fpga_0) and design_1_i/pipelined_layer_proc_0/inst/grp_dataflow_parent_loop_proc_fu_232/dataflow_in_loop_Depth_Loop_U0/compute_systolic_U0/big_tile_A_8_load_reg_14999_reg[51]/D (clocked by clk_fpga_0). Large setup violations at the end of those stages might be difficult to fix during the post-placement implementation flow and could be the result of non-optimal XDC constraints or non-optimal design architecture
Related violations: <none>

TIMING-16#545 Warning
Large setup violation  
There is a large setup violation of -1.670 ns between design_1_i/pipelined_layer_proc_0/inst/grp_dataflow_parent_loop_proc_fu_232/dataflow_in_loop_Depth_Loop_U0/compute_systolic_U0/ap_CS_fsm_reg[3]/C (clocked by clk_fpga_0) and design_1_i/pipelined_layer_proc_0/inst/grp_dataflow_parent_loop_proc_fu_232/dataflow_in_loop_Depth_Loop_U0/compute_systolic_U0/big_tile_A_15_load_reg_15034_reg[236]/CE (clocked by clk_fpga_0). Large setup violations at the end of those stages might be difficult to fix during the post-placement implementation flow and could be the result of non-optimal XDC constraints or non-optimal design architecture
Related violations: <none>

TIMING-16#546 Warning
Large setup violation  
There is a large setup violation of -1.670 ns between design_1_i/pipelined_layer_proc_0/inst/grp_dataflow_parent_loop_proc_fu_232/dataflow_in_loop_Depth_Loop_U0/compute_systolic_U0/ap_CS_fsm_reg[3]/C (clocked by clk_fpga_0) and design_1_i/pipelined_layer_proc_0/inst/grp_dataflow_parent_loop_proc_fu_232/dataflow_in_loop_Depth_Loop_U0/compute_systolic_U0/big_tile_A_9_load_reg_15004_reg[148]/CE (clocked by clk_fpga_0). Large setup violations at the end of those stages might be difficult to fix during the post-placement implementation flow and could be the result of non-optimal XDC constraints or non-optimal design architecture
Related violations: <none>

TIMING-16#547 Warning
Large setup violation  
There is a large setup violation of -1.672 ns between design_1_i/pipelined_layer_proc_0/inst/grp_dataflow_parent_loop_proc_fu_232/dataflow_in_loop_Depth_Loop_U0/tile_A_V_3_U/reg_valid0_reg/C (clocked by clk_fpga_0) and design_1_i/pipelined_layer_proc_0/inst/grp_dataflow_parent_loop_proc_fu_232/dataflow_in_loop_Depth_Loop_U0/compute_systolic_U0/big_tile_A_4_load_reg_14979_reg[230]/D (clocked by clk_fpga_0). Large setup violations at the end of those stages might be difficult to fix during the post-placement implementation flow and could be the result of non-optimal XDC constraints or non-optimal design architecture
Related violations: <none>

TIMING-16#548 Warning
Large setup violation  
There is a large setup violation of -1.673 ns between design_1_i/pipelined_layer_proc_0/inst/grp_dataflow_parent_loop_proc_fu_232/dataflow_in_loop_Depth_Loop_U0/compute_systolic_U0/ap_CS_fsm_reg[3]/C (clocked by clk_fpga_0) and design_1_i/pipelined_layer_proc_0/inst/grp_dataflow_parent_loop_proc_fu_232/dataflow_in_loop_Depth_Loop_U0/compute_systolic_U0/big_tile_A_15_load_reg_15034_reg[18]/CE (clocked by clk_fpga_0). Large setup violations at the end of those stages might be difficult to fix during the post-placement implementation flow and could be the result of non-optimal XDC constraints or non-optimal design architecture
Related violations: <none>

TIMING-16#549 Warning
Large setup violation  
There is a large setup violation of -1.673 ns between design_1_i/pipelined_layer_proc_0/inst/grp_dataflow_parent_loop_proc_fu_232/dataflow_in_loop_Depth_Loop_U0/compute_systolic_U0/ap_CS_fsm_reg[3]/C (clocked by clk_fpga_0) and design_1_i/pipelined_layer_proc_0/inst/grp_dataflow_parent_loop_proc_fu_232/dataflow_in_loop_Depth_Loop_U0/compute_systolic_U0/big_tile_A_1_load_reg_14964_reg[157]/CE (clocked by clk_fpga_0). Large setup violations at the end of those stages might be difficult to fix during the post-placement implementation flow and could be the result of non-optimal XDC constraints or non-optimal design architecture
Related violations: <none>

TIMING-16#550 Warning
Large setup violation  
There is a large setup violation of -1.673 ns between design_1_i/pipelined_layer_proc_0/inst/grp_dataflow_parent_loop_proc_fu_232/dataflow_in_loop_Depth_Loop_U0/compute_systolic_U0/ap_CS_fsm_reg[3]/C (clocked by clk_fpga_0) and design_1_i/pipelined_layer_proc_0/inst/grp_dataflow_parent_loop_proc_fu_232/dataflow_in_loop_Depth_Loop_U0/compute_systolic_U0/big_tile_A_1_load_reg_14964_reg[29]/CE (clocked by clk_fpga_0). Large setup violations at the end of those stages might be difficult to fix during the post-placement implementation flow and could be the result of non-optimal XDC constraints or non-optimal design architecture
Related violations: <none>

TIMING-16#551 Warning
Large setup violation  
There is a large setup violation of -1.675 ns between design_1_i/pipelined_layer_proc_0/inst/grp_dataflow_parent_loop_proc_fu_232/dataflow_in_loop_Depth_Loop_U0/compute_systolic_U0/grp_compute_systolic_Pipeline_Pulse_fu_3978_ap_start_reg_reg_replica_7/C (clocked by clk_fpga_0) and design_1_i/pipelined_layer_proc_0/inst/grp_dataflow_parent_loop_proc_fu_232/dataflow_in_loop_Depth_Loop_U0/compute_systolic_U0/grp_compute_systolic_Pipeline_Pulse_fu_3978/h_wires_V_14_reg_15442_reg[3]/D (clocked by clk_fpga_0). Large setup violations at the end of those stages might be difficult to fix during the post-placement implementation flow and could be the result of non-optimal XDC constraints or non-optimal design architecture
Related violations: <none>

TIMING-16#552 Warning
Large setup violation  
There is a large setup violation of -1.676 ns between design_1_i/pipelined_layer_proc_0/inst/grp_dataflow_parent_loop_proc_fu_232/dataflow_in_loop_Depth_Loop_U0/compute_systolic_U0/ap_CS_fsm_reg[3]/C (clocked by clk_fpga_0) and design_1_i/pipelined_layer_proc_0/inst/grp_dataflow_parent_loop_proc_fu_232/dataflow_in_loop_Depth_Loop_U0/compute_systolic_U0/big_tile_A_9_load_reg_15004_reg[152]/CE (clocked by clk_fpga_0). Large setup violations at the end of those stages might be difficult to fix during the post-placement implementation flow and could be the result of non-optimal XDC constraints or non-optimal design architecture
Related violations: <none>

TIMING-16#553 Warning
Large setup violation  
There is a large setup violation of -1.676 ns between design_1_i/pipelined_layer_proc_0/inst/grp_dataflow_parent_loop_proc_fu_232/dataflow_in_loop_Depth_Loop_U0/compute_systolic_U0/ap_CS_fsm_reg[3]/C (clocked by clk_fpga_0) and design_1_i/pipelined_layer_proc_0/inst/grp_dataflow_parent_loop_proc_fu_232/dataflow_in_loop_Depth_Loop_U0/compute_systolic_U0/big_tile_A_9_load_reg_15004_reg[180]/CE (clocked by clk_fpga_0). Large setup violations at the end of those stages might be difficult to fix during the post-placement implementation flow and could be the result of non-optimal XDC constraints or non-optimal design architecture
Related violations: <none>

TIMING-16#554 Warning
Large setup violation  
There is a large setup violation of -1.676 ns between design_1_i/pipelined_layer_proc_0/inst/grp_dataflow_parent_loop_proc_fu_232/dataflow_in_loop_Depth_Loop_U0/tile_A_V_3_U/reg_valid0_reg/C (clocked by clk_fpga_0) and design_1_i/pipelined_layer_proc_0/inst/grp_dataflow_parent_loop_proc_fu_232/dataflow_in_loop_Depth_Loop_U0/compute_systolic_U0/big_tile_A_4_load_reg_14979_reg[156]/D (clocked by clk_fpga_0). Large setup violations at the end of those stages might be difficult to fix during the post-placement implementation flow and could be the result of non-optimal XDC constraints or non-optimal design architecture
Related violations: <none>

TIMING-16#555 Warning
Large setup violation  
There is a large setup violation of -1.678 ns between design_1_i/pipelined_layer_proc_0/inst/grp_dataflow_parent_loop_proc_fu_232/dataflow_in_loop_Depth_Loop_U0/tile_A_V_3_U/reg_valid0_reg/C (clocked by clk_fpga_0) and design_1_i/pipelined_layer_proc_0/inst/grp_dataflow_parent_loop_proc_fu_232/dataflow_in_loop_Depth_Loop_U0/compute_systolic_U0/big_tile_A_4_load_reg_14979_reg[223]/D (clocked by clk_fpga_0). Large setup violations at the end of those stages might be difficult to fix during the post-placement implementation flow and could be the result of non-optimal XDC constraints or non-optimal design architecture
Related violations: <none>

TIMING-16#556 Warning
Large setup violation  
There is a large setup violation of -1.679 ns between design_1_i/pipelined_layer_proc_0/inst/grp_dataflow_parent_loop_proc_fu_232/dataflow_in_loop_Depth_Loop_U0/tile_A_V_3_U/reg_valid0_reg/C (clocked by clk_fpga_0) and design_1_i/pipelined_layer_proc_0/inst/grp_dataflow_parent_loop_proc_fu_232/dataflow_in_loop_Depth_Loop_U0/compute_systolic_U0/big_tile_A_4_load_reg_14979_reg[175]/D (clocked by clk_fpga_0). Large setup violations at the end of those stages might be difficult to fix during the post-placement implementation flow and could be the result of non-optimal XDC constraints or non-optimal design architecture
Related violations: <none>

TIMING-16#557 Warning
Large setup violation  
There is a large setup violation of -1.680 ns between design_1_i/pipelined_layer_proc_0/inst/grp_dataflow_parent_loop_proc_fu_232/dataflow_in_loop_Depth_Loop_U0/compute_systolic_U0/grp_compute_systolic_Pipeline_Load_Cache_Row_fu_3428_ap_start_reg_reg/C (clocked by clk_fpga_0) and design_1_i/pipelined_layer_proc_0/inst/grp_dataflow_parent_loop_proc_fu_232/dataflow_in_loop_Depth_Loop_U0/compute_systolic_U0/grp_compute_systolic_Pipeline_Load_Cache_Row_fu_3428/local_regs_V_717_fu_2020_reg[11]/CE (clocked by clk_fpga_0). Large setup violations at the end of those stages might be difficult to fix during the post-placement implementation flow and could be the result of non-optimal XDC constraints or non-optimal design architecture
Related violations: <none>

TIMING-16#558 Warning
Large setup violation  
There is a large setup violation of -1.680 ns between design_1_i/pipelined_layer_proc_0/inst/grp_dataflow_parent_loop_proc_fu_232/dataflow_in_loop_Depth_Loop_U0/compute_systolic_U0/grp_compute_systolic_Pipeline_Load_Cache_Row_fu_3428_ap_start_reg_reg/C (clocked by clk_fpga_0) and design_1_i/pipelined_layer_proc_0/inst/grp_dataflow_parent_loop_proc_fu_232/dataflow_in_loop_Depth_Loop_U0/compute_systolic_U0/grp_compute_systolic_Pipeline_Load_Cache_Row_fu_3428/local_regs_V_717_fu_2020_reg[16]/CE (clocked by clk_fpga_0). Large setup violations at the end of those stages might be difficult to fix during the post-placement implementation flow and could be the result of non-optimal XDC constraints or non-optimal design architecture
Related violations: <none>

TIMING-16#559 Warning
Large setup violation  
There is a large setup violation of -1.680 ns between design_1_i/pipelined_layer_proc_0/inst/grp_dataflow_parent_loop_proc_fu_232/dataflow_in_loop_Depth_Loop_U0/compute_systolic_U0/grp_compute_systolic_Pipeline_Load_Cache_Row_fu_3428_ap_start_reg_reg/C (clocked by clk_fpga_0) and design_1_i/pipelined_layer_proc_0/inst/grp_dataflow_parent_loop_proc_fu_232/dataflow_in_loop_Depth_Loop_U0/compute_systolic_U0/grp_compute_systolic_Pipeline_Load_Cache_Row_fu_3428/local_regs_V_717_fu_2020_reg[18]/CE (clocked by clk_fpga_0). Large setup violations at the end of those stages might be difficult to fix during the post-placement implementation flow and could be the result of non-optimal XDC constraints or non-optimal design architecture
Related violations: <none>

TIMING-16#560 Warning
Large setup violation  
There is a large setup violation of -1.680 ns between design_1_i/pipelined_layer_proc_0/inst/grp_dataflow_parent_loop_proc_fu_232/dataflow_in_loop_Depth_Loop_U0/compute_systolic_U0/grp_compute_systolic_Pipeline_Load_Cache_Row_fu_3428_ap_start_reg_reg/C (clocked by clk_fpga_0) and design_1_i/pipelined_layer_proc_0/inst/grp_dataflow_parent_loop_proc_fu_232/dataflow_in_loop_Depth_Loop_U0/compute_systolic_U0/grp_compute_systolic_Pipeline_Load_Cache_Row_fu_3428/local_regs_V_717_fu_2020_reg[24]/CE (clocked by clk_fpga_0). Large setup violations at the end of those stages might be difficult to fix during the post-placement implementation flow and could be the result of non-optimal XDC constraints or non-optimal design architecture
Related violations: <none>

TIMING-16#561 Warning
Large setup violation  
There is a large setup violation of -1.680 ns between design_1_i/pipelined_layer_proc_0/inst/grp_dataflow_parent_loop_proc_fu_232/dataflow_in_loop_Depth_Loop_U0/compute_systolic_U0/grp_compute_systolic_Pipeline_Load_Cache_Row_fu_3428_ap_start_reg_reg/C (clocked by clk_fpga_0) and design_1_i/pipelined_layer_proc_0/inst/grp_dataflow_parent_loop_proc_fu_232/dataflow_in_loop_Depth_Loop_U0/compute_systolic_U0/grp_compute_systolic_Pipeline_Load_Cache_Row_fu_3428/local_regs_V_717_fu_2020_reg[26]/CE (clocked by clk_fpga_0). Large setup violations at the end of those stages might be difficult to fix during the post-placement implementation flow and could be the result of non-optimal XDC constraints or non-optimal design architecture
Related violations: <none>

TIMING-16#562 Warning
Large setup violation  
There is a large setup violation of -1.680 ns between design_1_i/pipelined_layer_proc_0/inst/grp_dataflow_parent_loop_proc_fu_232/dataflow_in_loop_Depth_Loop_U0/compute_systolic_U0/grp_compute_systolic_Pipeline_Load_Cache_Row_fu_3428_ap_start_reg_reg/C (clocked by clk_fpga_0) and design_1_i/pipelined_layer_proc_0/inst/grp_dataflow_parent_loop_proc_fu_232/dataflow_in_loop_Depth_Loop_U0/compute_systolic_U0/grp_compute_systolic_Pipeline_Load_Cache_Row_fu_3428/local_regs_V_717_fu_2020_reg[28]/CE (clocked by clk_fpga_0). Large setup violations at the end of those stages might be difficult to fix during the post-placement implementation flow and could be the result of non-optimal XDC constraints or non-optimal design architecture
Related violations: <none>

TIMING-16#563 Warning
Large setup violation  
There is a large setup violation of -1.680 ns between design_1_i/pipelined_layer_proc_0/inst/grp_dataflow_parent_loop_proc_fu_232/dataflow_in_loop_Depth_Loop_U0/compute_systolic_U0/grp_compute_systolic_Pipeline_Load_Cache_Row_fu_3428_ap_start_reg_reg/C (clocked by clk_fpga_0) and design_1_i/pipelined_layer_proc_0/inst/grp_dataflow_parent_loop_proc_fu_232/dataflow_in_loop_Depth_Loop_U0/compute_systolic_U0/grp_compute_systolic_Pipeline_Load_Cache_Row_fu_3428/local_regs_V_717_fu_2020_reg[8]/CE (clocked by clk_fpga_0). Large setup violations at the end of those stages might be difficult to fix during the post-placement implementation flow and could be the result of non-optimal XDC constraints or non-optimal design architecture
Related violations: <none>

TIMING-16#564 Warning
Large setup violation  
There is a large setup violation of -1.680 ns between design_1_i/pipelined_layer_proc_0/inst/grp_dataflow_parent_loop_proc_fu_232/dataflow_in_loop_Depth_Loop_U0/compute_systolic_U0/grp_compute_systolic_Pipeline_Load_Cache_Row_fu_3428_ap_start_reg_reg/C (clocked by clk_fpga_0) and design_1_i/pipelined_layer_proc_0/inst/grp_dataflow_parent_loop_proc_fu_232/dataflow_in_loop_Depth_Loop_U0/compute_systolic_U0/grp_compute_systolic_Pipeline_Load_Cache_Row_fu_3428/local_regs_V_717_fu_2020_reg[9]/CE (clocked by clk_fpga_0). Large setup violations at the end of those stages might be difficult to fix during the post-placement implementation flow and could be the result of non-optimal XDC constraints or non-optimal design architecture
Related violations: <none>

TIMING-16#565 Warning
Large setup violation  
There is a large setup violation of -1.685 ns between design_1_i/pipelined_layer_proc_0/inst/grp_dataflow_parent_loop_proc_fu_232/dataflow_in_loop_Depth_Loop_U0/compute_systolic_U0/grp_compute_systolic_Pipeline_Load_Cache_Row_fu_3428_ap_start_reg_reg/C (clocked by clk_fpga_0) and design_1_i/pipelined_layer_proc_0/inst/grp_dataflow_parent_loop_proc_fu_232/dataflow_in_loop_Depth_Loop_U0/compute_systolic_U0/grp_compute_systolic_Pipeline_Load_Cache_Row_fu_3428/local_regs_V_713_fu_2004_reg[27]/CE (clocked by clk_fpga_0). Large setup violations at the end of those stages might be difficult to fix during the post-placement implementation flow and could be the result of non-optimal XDC constraints or non-optimal design architecture
Related violations: <none>

TIMING-16#566 Warning
Large setup violation  
There is a large setup violation of -1.690 ns between design_1_i/pipelined_layer_proc_0/inst/grp_dataflow_parent_loop_proc_fu_232/dataflow_in_loop_Depth_Loop_U0/compute_systolic_U0/ap_CS_fsm_reg[3]/C (clocked by clk_fpga_0) and design_1_i/pipelined_layer_proc_0/inst/grp_dataflow_parent_loop_proc_fu_232/dataflow_in_loop_Depth_Loop_U0/compute_systolic_U0/big_tile_A_13_load_reg_15024_reg[13]/CE (clocked by clk_fpga_0). Large setup violations at the end of those stages might be difficult to fix during the post-placement implementation flow and could be the result of non-optimal XDC constraints or non-optimal design architecture
Related violations: <none>

TIMING-16#567 Warning
Large setup violation  
There is a large setup violation of -1.690 ns between design_1_i/pipelined_layer_proc_0/inst/grp_dataflow_parent_loop_proc_fu_232/dataflow_in_loop_Depth_Loop_U0/compute_systolic_U0/ap_CS_fsm_reg[3]/C (clocked by clk_fpga_0) and design_1_i/pipelined_layer_proc_0/inst/grp_dataflow_parent_loop_proc_fu_232/dataflow_in_loop_Depth_Loop_U0/compute_systolic_U0/big_tile_A_13_load_reg_15024_reg[43]/CE (clocked by clk_fpga_0). Large setup violations at the end of those stages might be difficult to fix during the post-placement implementation flow and could be the result of non-optimal XDC constraints or non-optimal design architecture
Related violations: <none>

TIMING-16#568 Warning
Large setup violation  
There is a large setup violation of -1.690 ns between design_1_i/pipelined_layer_proc_0/inst/grp_dataflow_parent_loop_proc_fu_232/dataflow_in_loop_Depth_Loop_U0/compute_systolic_U0/ap_CS_fsm_reg[3]/C (clocked by clk_fpga_0) and design_1_i/pipelined_layer_proc_0/inst/grp_dataflow_parent_loop_proc_fu_232/dataflow_in_loop_Depth_Loop_U0/compute_systolic_U0/big_tile_A_13_load_reg_15024_reg[45]/CE (clocked by clk_fpga_0). Large setup violations at the end of those stages might be difficult to fix during the post-placement implementation flow and could be the result of non-optimal XDC constraints or non-optimal design architecture
Related violations: <none>

TIMING-16#569 Warning
Large setup violation  
There is a large setup violation of -1.690 ns between design_1_i/pipelined_layer_proc_0/inst/grp_dataflow_parent_loop_proc_fu_232/dataflow_in_loop_Depth_Loop_U0/compute_systolic_U0/ap_CS_fsm_reg[3]/C (clocked by clk_fpga_0) and design_1_i/pipelined_layer_proc_0/inst/grp_dataflow_parent_loop_proc_fu_232/dataflow_in_loop_Depth_Loop_U0/compute_systolic_U0/big_tile_A_13_load_reg_15024_reg[5]/CE (clocked by clk_fpga_0). Large setup violations at the end of those stages might be difficult to fix during the post-placement implementation flow and could be the result of non-optimal XDC constraints or non-optimal design architecture
Related violations: <none>

TIMING-16#570 Warning
Large setup violation  
There is a large setup violation of -1.690 ns between design_1_i/pipelined_layer_proc_0/inst/grp_dataflow_parent_loop_proc_fu_232/dataflow_in_loop_Depth_Loop_U0/tile_A_V_3_U/reg_valid0_reg/C (clocked by clk_fpga_0) and design_1_i/pipelined_layer_proc_0/inst/grp_dataflow_parent_loop_proc_fu_232/dataflow_in_loop_Depth_Loop_U0/compute_systolic_U0/big_tile_A_4_load_reg_14979_reg[88]/D (clocked by clk_fpga_0). Large setup violations at the end of those stages might be difficult to fix during the post-placement implementation flow and could be the result of non-optimal XDC constraints or non-optimal design architecture
Related violations: <none>

TIMING-16#571 Warning
Large setup violation  
There is a large setup violation of -1.694 ns between design_1_i/pipelined_layer_proc_0/inst/grp_dataflow_parent_loop_proc_fu_232/dataflow_in_loop_Depth_Loop_U0/compute_systolic_U0/ap_CS_fsm_reg[3]/C (clocked by clk_fpga_0) and design_1_i/pipelined_layer_proc_0/inst/grp_dataflow_parent_loop_proc_fu_232/dataflow_in_loop_Depth_Loop_U0/compute_systolic_U0/big_tile_A_10_load_reg_15009_reg[100]/CE (clocked by clk_fpga_0). Large setup violations at the end of those stages might be difficult to fix during the post-placement implementation flow and could be the result of non-optimal XDC constraints or non-optimal design architecture
Related violations: <none>

TIMING-16#572 Warning
Large setup violation  
There is a large setup violation of -1.694 ns between design_1_i/pipelined_layer_proc_0/inst/grp_dataflow_parent_loop_proc_fu_232/dataflow_in_loop_Depth_Loop_U0/compute_systolic_U0/ap_CS_fsm_reg[3]/C (clocked by clk_fpga_0) and design_1_i/pipelined_layer_proc_0/inst/grp_dataflow_parent_loop_proc_fu_232/dataflow_in_loop_Depth_Loop_U0/compute_systolic_U0/big_tile_A_1_load_reg_14964_reg[245]/CE (clocked by clk_fpga_0). Large setup violations at the end of those stages might be difficult to fix during the post-placement implementation flow and could be the result of non-optimal XDC constraints or non-optimal design architecture
Related violations: <none>

TIMING-16#573 Warning
Large setup violation  
There is a large setup violation of -1.694 ns between design_1_i/pipelined_layer_proc_0/inst/grp_dataflow_parent_loop_proc_fu_232/dataflow_in_loop_Depth_Loop_U0/tile_A_V_3_U/reg_valid0_reg/C (clocked by clk_fpga_0) and design_1_i/pipelined_layer_proc_0/inst/grp_dataflow_parent_loop_proc_fu_232/dataflow_in_loop_Depth_Loop_U0/compute_systolic_U0/big_tile_A_15_load_reg_15034_reg[162]/D (clocked by clk_fpga_0). Large setup violations at the end of those stages might be difficult to fix during the post-placement implementation flow and could be the result of non-optimal XDC constraints or non-optimal design architecture
Related violations: <none>

TIMING-16#574 Warning
Large setup violation  
There is a large setup violation of -1.697 ns between design_1_i/pipelined_layer_proc_0/inst/grp_dataflow_parent_loop_proc_fu_232/dataflow_in_loop_Depth_Loop_U0/compute_systolic_U0/ap_CS_fsm_reg[3]/C (clocked by clk_fpga_0) and design_1_i/pipelined_layer_proc_0/inst/grp_dataflow_parent_loop_proc_fu_232/dataflow_in_loop_Depth_Loop_U0/compute_systolic_U0/big_tile_A_13_load_reg_15024_reg[220]/CE (clocked by clk_fpga_0). Large setup violations at the end of those stages might be difficult to fix during the post-placement implementation flow and could be the result of non-optimal XDC constraints or non-optimal design architecture
Related violations: <none>

TIMING-16#575 Warning
Large setup violation  
There is a large setup violation of -1.697 ns between design_1_i/pipelined_layer_proc_0/inst/grp_dataflow_parent_loop_proc_fu_232/dataflow_in_loop_Depth_Loop_U0/compute_systolic_U0/ap_CS_fsm_reg[3]/C (clocked by clk_fpga_0) and design_1_i/pipelined_layer_proc_0/inst/grp_dataflow_parent_loop_proc_fu_232/dataflow_in_loop_Depth_Loop_U0/compute_systolic_U0/big_tile_A_9_load_reg_15004_reg[245]/CE (clocked by clk_fpga_0). Large setup violations at the end of those stages might be difficult to fix during the post-placement implementation flow and could be the result of non-optimal XDC constraints or non-optimal design architecture
Related violations: <none>

TIMING-16#576 Warning
Large setup violation  
There is a large setup violation of -1.698 ns between design_1_i/pipelined_layer_proc_0/inst/grp_dataflow_parent_loop_proc_fu_232/dataflow_in_loop_Depth_Loop_U0/tile_A_V_3_U/reg_valid0_reg/C (clocked by clk_fpga_0) and design_1_i/pipelined_layer_proc_0/inst/grp_dataflow_parent_loop_proc_fu_232/dataflow_in_loop_Depth_Loop_U0/compute_systolic_U0/big_tile_A_4_load_reg_14979_reg[176]/D (clocked by clk_fpga_0). Large setup violations at the end of those stages might be difficult to fix during the post-placement implementation flow and could be the result of non-optimal XDC constraints or non-optimal design architecture
Related violations: <none>

TIMING-16#577 Warning
Large setup violation  
There is a large setup violation of -1.699 ns between design_1_i/pipelined_layer_proc_0/inst/grp_dataflow_parent_loop_proc_fu_232/dataflow_in_loop_Depth_Loop_U0/compute_systolic_U0/grp_compute_systolic_Pipeline_Load_Cache_Row_fu_3428_ap_start_reg_reg/C (clocked by clk_fpga_0) and design_1_i/pipelined_layer_proc_0/inst/grp_dataflow_parent_loop_proc_fu_232/dataflow_in_loop_Depth_Loop_U0/compute_systolic_U0/grp_compute_systolic_Pipeline_Load_Cache_Row_fu_3428/local_regs_V_713_fu_2004_reg[11]/CE (clocked by clk_fpga_0). Large setup violations at the end of those stages might be difficult to fix during the post-placement implementation flow and could be the result of non-optimal XDC constraints or non-optimal design architecture
Related violations: <none>

TIMING-16#578 Warning
Large setup violation  
There is a large setup violation of -1.699 ns between design_1_i/pipelined_layer_proc_0/inst/grp_dataflow_parent_loop_proc_fu_232/dataflow_in_loop_Depth_Loop_U0/compute_systolic_U0/grp_compute_systolic_Pipeline_Load_Cache_Row_fu_3428_ap_start_reg_reg/C (clocked by clk_fpga_0) and design_1_i/pipelined_layer_proc_0/inst/grp_dataflow_parent_loop_proc_fu_232/dataflow_in_loop_Depth_Loop_U0/compute_systolic_U0/grp_compute_systolic_Pipeline_Load_Cache_Row_fu_3428/local_regs_V_713_fu_2004_reg[13]/CE (clocked by clk_fpga_0). Large setup violations at the end of those stages might be difficult to fix during the post-placement implementation flow and could be the result of non-optimal XDC constraints or non-optimal design architecture
Related violations: <none>

TIMING-16#579 Warning
Large setup violation  
There is a large setup violation of -1.699 ns between design_1_i/pipelined_layer_proc_0/inst/grp_dataflow_parent_loop_proc_fu_232/dataflow_in_loop_Depth_Loop_U0/compute_systolic_U0/grp_compute_systolic_Pipeline_Load_Cache_Row_fu_3428_ap_start_reg_reg/C (clocked by clk_fpga_0) and design_1_i/pipelined_layer_proc_0/inst/grp_dataflow_parent_loop_proc_fu_232/dataflow_in_loop_Depth_Loop_U0/compute_systolic_U0/grp_compute_systolic_Pipeline_Load_Cache_Row_fu_3428/local_regs_V_713_fu_2004_reg[18]/CE (clocked by clk_fpga_0). Large setup violations at the end of those stages might be difficult to fix during the post-placement implementation flow and could be the result of non-optimal XDC constraints or non-optimal design architecture
Related violations: <none>

TIMING-16#580 Warning
Large setup violation  
There is a large setup violation of -1.701 ns between design_1_i/pipelined_layer_proc_0/inst/grp_dataflow_parent_loop_proc_fu_232/dataflow_in_loop_Depth_Loop_U0/tile_A_V_3_U/reg_valid0_reg/C (clocked by clk_fpga_0) and design_1_i/pipelined_layer_proc_0/inst/grp_dataflow_parent_loop_proc_fu_232/dataflow_in_loop_Depth_Loop_U0/compute_systolic_U0/big_tile_A_15_load_reg_15034_reg[178]/D (clocked by clk_fpga_0). Large setup violations at the end of those stages might be difficult to fix during the post-placement implementation flow and could be the result of non-optimal XDC constraints or non-optimal design architecture
Related violations: <none>

TIMING-16#581 Warning
Large setup violation  
There is a large setup violation of -1.710 ns between design_1_i/pipelined_layer_proc_0/inst/grp_dataflow_parent_loop_proc_fu_232/dataflow_in_loop_Depth_Loop_U0/tile_A_V_3_U/reg_valid0_reg/C (clocked by clk_fpga_0) and design_1_i/pipelined_layer_proc_0/inst/grp_dataflow_parent_loop_proc_fu_232/dataflow_in_loop_Depth_Loop_U0/compute_systolic_U0/big_tile_A_15_load_reg_15034_reg[147]/D (clocked by clk_fpga_0). Large setup violations at the end of those stages might be difficult to fix during the post-placement implementation flow and could be the result of non-optimal XDC constraints or non-optimal design architecture
Related violations: <none>

TIMING-16#582 Warning
Large setup violation  
There is a large setup violation of -1.715 ns between design_1_i/pipelined_layer_proc_0/inst/grp_dataflow_parent_loop_proc_fu_232/dataflow_in_loop_Depth_Loop_U0/compute_systolic_U0/grp_compute_systolic_Pipeline_Load_Cache_Row_fu_3428_ap_start_reg_reg/C (clocked by clk_fpga_0) and design_1_i/pipelined_layer_proc_0/inst/grp_dataflow_parent_loop_proc_fu_232/dataflow_in_loop_Depth_Loop_U0/compute_systolic_U0/grp_compute_systolic_Pipeline_Load_Cache_Row_fu_3428/local_regs_V_746_fu_2136_reg[28]/D (clocked by clk_fpga_0). Large setup violations at the end of those stages might be difficult to fix during the post-placement implementation flow and could be the result of non-optimal XDC constraints or non-optimal design architecture
Related violations: <none>

TIMING-16#583 Warning
Large setup violation  
There is a large setup violation of -1.719 ns between design_1_i/pipelined_layer_proc_0/inst/grp_dataflow_parent_loop_proc_fu_232/dataflow_in_loop_Depth_Loop_U0/compute_systolic_U0/grp_compute_systolic_Pipeline_Load_Cache_Row_fu_3428_ap_start_reg_reg/C (clocked by clk_fpga_0) and design_1_i/pipelined_layer_proc_0/inst/grp_dataflow_parent_loop_proc_fu_232/dataflow_in_loop_Depth_Loop_U0/compute_systolic_U0/grp_compute_systolic_Pipeline_Load_Cache_Row_fu_3428/local_regs_V_717_fu_2020_reg[15]/CE (clocked by clk_fpga_0). Large setup violations at the end of those stages might be difficult to fix during the post-placement implementation flow and could be the result of non-optimal XDC constraints or non-optimal design architecture
Related violations: <none>

TIMING-16#584 Warning
Large setup violation  
There is a large setup violation of -1.720 ns between design_1_i/pipelined_layer_proc_0/inst/grp_dataflow_parent_loop_proc_fu_232/dataflow_in_loop_Depth_Loop_U0/compute_systolic_U0/grp_compute_systolic_Pipeline_Load_Cache_Row_fu_3428_ap_start_reg_reg/C (clocked by clk_fpga_0) and design_1_i/pipelined_layer_proc_0/inst/grp_dataflow_parent_loop_proc_fu_232/dataflow_in_loop_Depth_Loop_U0/compute_systolic_U0/grp_compute_systolic_Pipeline_Load_Cache_Row_fu_3428/local_regs_V_715_fu_2012_reg[12]/CE (clocked by clk_fpga_0). Large setup violations at the end of those stages might be difficult to fix during the post-placement implementation flow and could be the result of non-optimal XDC constraints or non-optimal design architecture
Related violations: <none>

TIMING-16#585 Warning
Large setup violation  
There is a large setup violation of -1.720 ns between design_1_i/pipelined_layer_proc_0/inst/grp_dataflow_parent_loop_proc_fu_232/dataflow_in_loop_Depth_Loop_U0/compute_systolic_U0/grp_compute_systolic_Pipeline_Load_Cache_Row_fu_3428_ap_start_reg_reg/C (clocked by clk_fpga_0) and design_1_i/pipelined_layer_proc_0/inst/grp_dataflow_parent_loop_proc_fu_232/dataflow_in_loop_Depth_Loop_U0/compute_systolic_U0/grp_compute_systolic_Pipeline_Load_Cache_Row_fu_3428/local_regs_V_715_fu_2012_reg[3]/CE (clocked by clk_fpga_0). Large setup violations at the end of those stages might be difficult to fix during the post-placement implementation flow and could be the result of non-optimal XDC constraints or non-optimal design architecture
Related violations: <none>

TIMING-16#586 Warning
Large setup violation  
There is a large setup violation of -1.720 ns between design_1_i/pipelined_layer_proc_0/inst/grp_dataflow_parent_loop_proc_fu_232/dataflow_in_loop_Depth_Loop_U0/compute_systolic_U0/grp_compute_systolic_Pipeline_Load_Cache_Row_fu_3428_ap_start_reg_reg/C (clocked by clk_fpga_0) and design_1_i/pipelined_layer_proc_0/inst/grp_dataflow_parent_loop_proc_fu_232/dataflow_in_loop_Depth_Loop_U0/compute_systolic_U0/grp_compute_systolic_Pipeline_Load_Cache_Row_fu_3428/local_regs_V_715_fu_2012_reg[7]/CE (clocked by clk_fpga_0). Large setup violations at the end of those stages might be difficult to fix during the post-placement implementation flow and could be the result of non-optimal XDC constraints or non-optimal design architecture
Related violations: <none>

TIMING-16#587 Warning
Large setup violation  
There is a large setup violation of -1.720 ns between design_1_i/pipelined_layer_proc_0/inst/grp_dataflow_parent_loop_proc_fu_232/dataflow_in_loop_Depth_Loop_U0/compute_systolic_U0/grp_compute_systolic_Pipeline_Load_Cache_Row_fu_3428_ap_start_reg_reg/C (clocked by clk_fpga_0) and design_1_i/pipelined_layer_proc_0/inst/grp_dataflow_parent_loop_proc_fu_232/dataflow_in_loop_Depth_Loop_U0/compute_systolic_U0/grp_compute_systolic_Pipeline_Load_Cache_Row_fu_3428/local_regs_V_715_fu_2012_reg[9]/CE (clocked by clk_fpga_0). Large setup violations at the end of those stages might be difficult to fix during the post-placement implementation flow and could be the result of non-optimal XDC constraints or non-optimal design architecture
Related violations: <none>

TIMING-16#588 Warning
Large setup violation  
There is a large setup violation of -1.722 ns between design_1_i/pipelined_layer_proc_0/inst/grp_dataflow_parent_loop_proc_fu_232/dataflow_in_loop_Depth_Loop_U0/compute_systolic_U0/grp_compute_systolic_Pipeline_Load_Cache_Row_fu_3428_ap_start_reg_reg/C (clocked by clk_fpga_0) and design_1_i/pipelined_layer_proc_0/inst/grp_dataflow_parent_loop_proc_fu_232/dataflow_in_loop_Depth_Loop_U0/compute_systolic_U0/grp_compute_systolic_Pipeline_Load_Cache_Row_fu_3428/local_regs_V_713_fu_2004_reg[1]/CE (clocked by clk_fpga_0). Large setup violations at the end of those stages might be difficult to fix during the post-placement implementation flow and could be the result of non-optimal XDC constraints or non-optimal design architecture
Related violations: <none>

TIMING-16#589 Warning
Large setup violation  
There is a large setup violation of -1.726 ns between design_1_i/pipelined_layer_proc_0/inst/grp_dataflow_parent_loop_proc_fu_232/dataflow_in_loop_Depth_Loop_U0/compute_systolic_U0/ap_CS_fsm_reg[3]/C (clocked by clk_fpga_0) and design_1_i/pipelined_layer_proc_0/inst/grp_dataflow_parent_loop_proc_fu_232/dataflow_in_loop_Depth_Loop_U0/compute_systolic_U0/big_tile_A_13_load_reg_15024_reg[224]/CE (clocked by clk_fpga_0). Large setup violations at the end of those stages might be difficult to fix during the post-placement implementation flow and could be the result of non-optimal XDC constraints or non-optimal design architecture
Related violations: <none>

TIMING-16#590 Warning
Large setup violation  
There is a large setup violation of -1.726 ns between design_1_i/pipelined_layer_proc_0/inst/grp_dataflow_parent_loop_proc_fu_232/dataflow_in_loop_Depth_Loop_U0/compute_systolic_U0/ap_CS_fsm_reg[3]/C (clocked by clk_fpga_0) and design_1_i/pipelined_layer_proc_0/inst/grp_dataflow_parent_loop_proc_fu_232/dataflow_in_loop_Depth_Loop_U0/compute_systolic_U0/big_tile_A_13_load_reg_15024_reg[247]/CE (clocked by clk_fpga_0). Large setup violations at the end of those stages might be difficult to fix during the post-placement implementation flow and could be the result of non-optimal XDC constraints or non-optimal design architecture
Related violations: <none>

TIMING-16#591 Warning
Large setup violation  
There is a large setup violation of -1.726 ns between design_1_i/pipelined_layer_proc_0/inst/grp_dataflow_parent_loop_proc_fu_232/dataflow_in_loop_Depth_Loop_U0/compute_systolic_U0/ap_CS_fsm_reg[3]/C (clocked by clk_fpga_0) and design_1_i/pipelined_layer_proc_0/inst/grp_dataflow_parent_loop_proc_fu_232/dataflow_in_loop_Depth_Loop_U0/compute_systolic_U0/big_tile_A_13_load_reg_15024_reg[40]/CE (clocked by clk_fpga_0). Large setup violations at the end of those stages might be difficult to fix during the post-placement implementation flow and could be the result of non-optimal XDC constraints or non-optimal design architecture
Related violations: <none>

TIMING-16#592 Warning
Large setup violation  
There is a large setup violation of -1.726 ns between design_1_i/pipelined_layer_proc_0/inst/grp_dataflow_parent_loop_proc_fu_232/dataflow_in_loop_Depth_Loop_U0/compute_systolic_U0/ap_CS_fsm_reg[3]/C (clocked by clk_fpga_0) and design_1_i/pipelined_layer_proc_0/inst/grp_dataflow_parent_loop_proc_fu_232/dataflow_in_loop_Depth_Loop_U0/compute_systolic_U0/big_tile_A_13_load_reg_15024_reg[54]/CE (clocked by clk_fpga_0). Large setup violations at the end of those stages might be difficult to fix during the post-placement implementation flow and could be the result of non-optimal XDC constraints or non-optimal design architecture
Related violations: <none>

TIMING-16#593 Warning
Large setup violation  
There is a large setup violation of -1.728 ns between design_1_i/pipelined_layer_proc_0/inst/grp_dataflow_parent_loop_proc_fu_232/dataflow_in_loop_Depth_Loop_U0/tile_A_V_3_U/reg_valid0_reg/C (clocked by clk_fpga_0) and design_1_i/pipelined_layer_proc_0/inst/grp_dataflow_parent_loop_proc_fu_232/dataflow_in_loop_Depth_Loop_U0/compute_systolic_U0/big_tile_A_15_load_reg_15034_reg[160]/D (clocked by clk_fpga_0). Large setup violations at the end of those stages might be difficult to fix during the post-placement implementation flow and could be the result of non-optimal XDC constraints or non-optimal design architecture
Related violations: <none>

TIMING-16#594 Warning
Large setup violation  
There is a large setup violation of -1.729 ns between design_1_i/pipelined_layer_proc_0/inst/grp_dataflow_parent_loop_proc_fu_232/dataflow_in_loop_Depth_Loop_U0/compute_systolic_U0/ap_CS_fsm_reg[3]/C (clocked by clk_fpga_0) and design_1_i/pipelined_layer_proc_0/inst/grp_dataflow_parent_loop_proc_fu_232/dataflow_in_loop_Depth_Loop_U0/compute_systolic_U0/big_tile_A_13_load_reg_15024_reg[33]/CE (clocked by clk_fpga_0). Large setup violations at the end of those stages might be difficult to fix during the post-placement implementation flow and could be the result of non-optimal XDC constraints or non-optimal design architecture
Related violations: <none>

TIMING-16#595 Warning
Large setup violation  
There is a large setup violation of -1.729 ns between design_1_i/pipelined_layer_proc_0/inst/grp_dataflow_parent_loop_proc_fu_232/dataflow_in_loop_Depth_Loop_U0/compute_systolic_U0/ap_CS_fsm_reg[3]/C (clocked by clk_fpga_0) and design_1_i/pipelined_layer_proc_0/inst/grp_dataflow_parent_loop_proc_fu_232/dataflow_in_loop_Depth_Loop_U0/compute_systolic_U0/big_tile_A_13_load_reg_15024_reg[37]/CE (clocked by clk_fpga_0). Large setup violations at the end of those stages might be difficult to fix during the post-placement implementation flow and could be the result of non-optimal XDC constraints or non-optimal design architecture
Related violations: <none>

TIMING-16#596 Warning
Large setup violation  
There is a large setup violation of -1.729 ns between design_1_i/pipelined_layer_proc_0/inst/grp_dataflow_parent_loop_proc_fu_232/dataflow_in_loop_Depth_Loop_U0/compute_systolic_U0/ap_CS_fsm_reg[3]/C (clocked by clk_fpga_0) and design_1_i/pipelined_layer_proc_0/inst/grp_dataflow_parent_loop_proc_fu_232/dataflow_in_loop_Depth_Loop_U0/compute_systolic_U0/big_tile_A_13_load_reg_15024_reg[3]/CE (clocked by clk_fpga_0). Large setup violations at the end of those stages might be difficult to fix during the post-placement implementation flow and could be the result of non-optimal XDC constraints or non-optimal design architecture
Related violations: <none>

TIMING-16#597 Warning
Large setup violation  
There is a large setup violation of -1.729 ns between design_1_i/pipelined_layer_proc_0/inst/grp_dataflow_parent_loop_proc_fu_232/dataflow_in_loop_Depth_Loop_U0/compute_systolic_U0/ap_CS_fsm_reg[3]/C (clocked by clk_fpga_0) and design_1_i/pipelined_layer_proc_0/inst/grp_dataflow_parent_loop_proc_fu_232/dataflow_in_loop_Depth_Loop_U0/compute_systolic_U0/big_tile_A_13_load_reg_15024_reg[61]/CE (clocked by clk_fpga_0). Large setup violations at the end of those stages might be difficult to fix during the post-placement implementation flow and could be the result of non-optimal XDC constraints or non-optimal design architecture
Related violations: <none>

TIMING-16#598 Warning
Large setup violation  
There is a large setup violation of -1.731 ns between design_1_i/pipelined_layer_proc_0/inst/grp_dataflow_parent_loop_proc_fu_232/dataflow_in_loop_Depth_Loop_U0/compute_systolic_U0/ap_CS_fsm_reg[3]/C (clocked by clk_fpga_0) and design_1_i/pipelined_layer_proc_0/inst/grp_dataflow_parent_loop_proc_fu_232/dataflow_in_loop_Depth_Loop_U0/compute_systolic_U0/big_tile_A_5_load_reg_14984_reg[250]/CE (clocked by clk_fpga_0). Large setup violations at the end of those stages might be difficult to fix during the post-placement implementation flow and could be the result of non-optimal XDC constraints or non-optimal design architecture
Related violations: <none>

TIMING-16#599 Warning
Large setup violation  
There is a large setup violation of -1.731 ns between design_1_i/pipelined_layer_proc_0/inst/grp_dataflow_parent_loop_proc_fu_232/dataflow_in_loop_Depth_Loop_U0/compute_systolic_U0/grp_compute_systolic_Pipeline_Pulse_fu_3978_ap_start_reg_reg_replica_13/C (clocked by clk_fpga_0) and design_1_i/pipelined_layer_proc_0/inst/grp_dataflow_parent_loop_proc_fu_232/dataflow_in_loop_Depth_Loop_U0/compute_systolic_U0/grp_compute_systolic_Pipeline_Pulse_fu_3978/local_regs_V_145_fu_2102_reg[1]/CE (clocked by clk_fpga_0). Large setup violations at the end of those stages might be difficult to fix during the post-placement implementation flow and could be the result of non-optimal XDC constraints or non-optimal design architecture
Related violations: <none>

TIMING-16#600 Warning
Large setup violation  
There is a large setup violation of -1.733 ns between design_1_i/pipelined_layer_proc_0/inst/grp_dataflow_parent_loop_proc_fu_232/dataflow_in_loop_Depth_Loop_U0/compute_systolic_U0/ap_CS_fsm_reg[3]/C (clocked by clk_fpga_0) and design_1_i/pipelined_layer_proc_0/inst/grp_dataflow_parent_loop_proc_fu_232/dataflow_in_loop_Depth_Loop_U0/compute_systolic_U0/big_tile_A_13_load_reg_15024_reg[14]/CE (clocked by clk_fpga_0). Large setup violations at the end of those stages might be difficult to fix during the post-placement implementation flow and could be the result of non-optimal XDC constraints or non-optimal design architecture
Related violations: <none>

TIMING-16#601 Warning
Large setup violation  
There is a large setup violation of -1.733 ns between design_1_i/pipelined_layer_proc_0/inst/grp_dataflow_parent_loop_proc_fu_232/dataflow_in_loop_Depth_Loop_U0/compute_systolic_U0/ap_CS_fsm_reg[3]/C (clocked by clk_fpga_0) and design_1_i/pipelined_layer_proc_0/inst/grp_dataflow_parent_loop_proc_fu_232/dataflow_in_loop_Depth_Loop_U0/compute_systolic_U0/big_tile_A_13_load_reg_15024_reg[225]/CE (clocked by clk_fpga_0). Large setup violations at the end of those stages might be difficult to fix during the post-placement implementation flow and could be the result of non-optimal XDC constraints or non-optimal design architecture
Related violations: <none>

TIMING-16#602 Warning
Large setup violation  
There is a large setup violation of -1.733 ns between design_1_i/pipelined_layer_proc_0/inst/grp_dataflow_parent_loop_proc_fu_232/dataflow_in_loop_Depth_Loop_U0/compute_systolic_U0/ap_CS_fsm_reg[3]/C (clocked by clk_fpga_0) and design_1_i/pipelined_layer_proc_0/inst/grp_dataflow_parent_loop_proc_fu_232/dataflow_in_loop_Depth_Loop_U0/compute_systolic_U0/big_tile_A_13_load_reg_15024_reg[229]/CE (clocked by clk_fpga_0). Large setup violations at the end of those stages might be difficult to fix during the post-placement implementation flow and could be the result of non-optimal XDC constraints or non-optimal design architecture
Related violations: <none>

TIMING-16#603 Warning
Large setup violation  
There is a large setup violation of -1.733 ns between design_1_i/pipelined_layer_proc_0/inst/grp_dataflow_parent_loop_proc_fu_232/dataflow_in_loop_Depth_Loop_U0/compute_systolic_U0/ap_CS_fsm_reg[3]/C (clocked by clk_fpga_0) and design_1_i/pipelined_layer_proc_0/inst/grp_dataflow_parent_loop_proc_fu_232/dataflow_in_loop_Depth_Loop_U0/compute_systolic_U0/big_tile_A_13_load_reg_15024_reg[38]/CE (clocked by clk_fpga_0). Large setup violations at the end of those stages might be difficult to fix during the post-placement implementation flow and could be the result of non-optimal XDC constraints or non-optimal design architecture
Related violations: <none>

TIMING-16#604 Warning
Large setup violation  
There is a large setup violation of -1.735 ns between design_1_i/pipelined_layer_proc_0/inst/grp_dataflow_parent_loop_proc_fu_232/dataflow_in_loop_Depth_Loop_U0/compute_systolic_U0/grp_compute_systolic_Pipeline_Load_Cache_Row_fu_3428_ap_start_reg_reg/C (clocked by clk_fpga_0) and design_1_i/pipelined_layer_proc_0/inst/grp_dataflow_parent_loop_proc_fu_232/dataflow_in_loop_Depth_Loop_U0/compute_systolic_U0/grp_compute_systolic_Pipeline_Load_Cache_Row_fu_3428/local_regs_V_701_fu_1956_reg[20]/CE (clocked by clk_fpga_0). Large setup violations at the end of those stages might be difficult to fix during the post-placement implementation flow and could be the result of non-optimal XDC constraints or non-optimal design architecture
Related violations: <none>

TIMING-16#605 Warning
Large setup violation  
There is a large setup violation of -1.735 ns between design_1_i/pipelined_layer_proc_0/inst/grp_dataflow_parent_loop_proc_fu_232/dataflow_in_loop_Depth_Loop_U0/compute_systolic_U0/grp_compute_systolic_Pipeline_Load_Cache_Row_fu_3428_ap_start_reg_reg/C (clocked by clk_fpga_0) and design_1_i/pipelined_layer_proc_0/inst/grp_dataflow_parent_loop_proc_fu_232/dataflow_in_loop_Depth_Loop_U0/compute_systolic_U0/grp_compute_systolic_Pipeline_Load_Cache_Row_fu_3428/local_regs_V_701_fu_1956_reg[22]/CE (clocked by clk_fpga_0). Large setup violations at the end of those stages might be difficult to fix during the post-placement implementation flow and could be the result of non-optimal XDC constraints or non-optimal design architecture
Related violations: <none>

TIMING-16#606 Warning
Large setup violation  
There is a large setup violation of -1.736 ns between design_1_i/pipelined_layer_proc_0/inst/grp_dataflow_parent_loop_proc_fu_232/dataflow_in_loop_Depth_Loop_U0/tile_A_V_3_U/reg_valid0_reg/C (clocked by clk_fpga_0) and design_1_i/pipelined_layer_proc_0/inst/grp_dataflow_parent_loop_proc_fu_232/dataflow_in_loop_Depth_Loop_U0/compute_systolic_U0/big_tile_A_3_load_reg_14974_reg[202]/D (clocked by clk_fpga_0). Large setup violations at the end of those stages might be difficult to fix during the post-placement implementation flow and could be the result of non-optimal XDC constraints or non-optimal design architecture
Related violations: <none>

TIMING-16#607 Warning
Large setup violation  
There is a large setup violation of -1.739 ns between design_1_i/pipelined_layer_proc_0/inst/grp_dataflow_parent_loop_proc_fu_232/dataflow_in_loop_Depth_Loop_U0/tile_A_V_3_U/reg_valid0_reg/C (clocked by clk_fpga_0) and design_1_i/pipelined_layer_proc_0/inst/grp_dataflow_parent_loop_proc_fu_232/dataflow_in_loop_Depth_Loop_U0/compute_systolic_U0/big_tile_A_4_load_reg_14979_reg[231]/D (clocked by clk_fpga_0). Large setup violations at the end of those stages might be difficult to fix during the post-placement implementation flow and could be the result of non-optimal XDC constraints or non-optimal design architecture
Related violations: <none>

TIMING-16#608 Warning
Large setup violation  
There is a large setup violation of -1.742 ns between design_1_i/pipelined_layer_proc_0/inst/grp_dataflow_parent_loop_proc_fu_232/dataflow_in_loop_Depth_Loop_U0/compute_systolic_U0/grp_compute_systolic_Pipeline_Pulse_fu_3978_ap_start_reg_reg_replica_13/C (clocked by clk_fpga_0) and design_1_i/pipelined_layer_proc_0/inst/grp_dataflow_parent_loop_proc_fu_232/dataflow_in_loop_Depth_Loop_U0/compute_systolic_U0/grp_compute_systolic_Pipeline_Pulse_fu_3978/local_regs_V_113_fu_2230_reg[18]/CE (clocked by clk_fpga_0). Large setup violations at the end of those stages might be difficult to fix during the post-placement implementation flow and could be the result of non-optimal XDC constraints or non-optimal design architecture
Related violations: <none>

TIMING-16#609 Warning
Large setup violation  
There is a large setup violation of -1.743 ns between design_1_i/pipelined_layer_proc_0/inst/grp_dataflow_parent_loop_proc_fu_232/dataflow_in_loop_Depth_Loop_U0/compute_systolic_U0/ap_CS_fsm_reg[3]/C (clocked by clk_fpga_0) and design_1_i/pipelined_layer_proc_0/inst/grp_dataflow_parent_loop_proc_fu_232/dataflow_in_loop_Depth_Loop_U0/compute_systolic_U0/big_tile_A_15_load_reg_15034_reg[144]/CE (clocked by clk_fpga_0). Large setup violations at the end of those stages might be difficult to fix during the post-placement implementation flow and could be the result of non-optimal XDC constraints or non-optimal design architecture
Related violations: <none>

TIMING-16#610 Warning
Large setup violation  
There is a large setup violation of -1.743 ns between design_1_i/pipelined_layer_proc_0/inst/grp_dataflow_parent_loop_proc_fu_232/dataflow_in_loop_Depth_Loop_U0/compute_systolic_U0/ap_CS_fsm_reg[3]/C (clocked by clk_fpga_0) and design_1_i/pipelined_layer_proc_0/inst/grp_dataflow_parent_loop_proc_fu_232/dataflow_in_loop_Depth_Loop_U0/compute_systolic_U0/big_tile_A_15_load_reg_15034_reg[176]/CE (clocked by clk_fpga_0). Large setup violations at the end of those stages might be difficult to fix during the post-placement implementation flow and could be the result of non-optimal XDC constraints or non-optimal design architecture
Related violations: <none>

TIMING-16#611 Warning
Large setup violation  
There is a large setup violation of -1.743 ns between design_1_i/pipelined_layer_proc_0/inst/grp_dataflow_parent_loop_proc_fu_232/dataflow_in_loop_Depth_Loop_U0/compute_systolic_U0/ap_CS_fsm_reg[3]/C (clocked by clk_fpga_0) and design_1_i/pipelined_layer_proc_0/inst/grp_dataflow_parent_loop_proc_fu_232/dataflow_in_loop_Depth_Loop_U0/compute_systolic_U0/big_tile_A_15_load_reg_15034_reg[192]/CE (clocked by clk_fpga_0). Large setup violations at the end of those stages might be difficult to fix during the post-placement implementation flow and could be the result of non-optimal XDC constraints or non-optimal design architecture
Related violations: <none>

TIMING-16#612 Warning
Large setup violation  
There is a large setup violation of -1.743 ns between design_1_i/pipelined_layer_proc_0/inst/grp_dataflow_parent_loop_proc_fu_232/dataflow_in_loop_Depth_Loop_U0/compute_systolic_U0/ap_CS_fsm_reg[3]/C (clocked by clk_fpga_0) and design_1_i/pipelined_layer_proc_0/inst/grp_dataflow_parent_loop_proc_fu_232/dataflow_in_loop_Depth_Loop_U0/compute_systolic_U0/big_tile_A_15_load_reg_15034_reg[196]/CE (clocked by clk_fpga_0). Large setup violations at the end of those stages might be difficult to fix during the post-placement implementation flow and could be the result of non-optimal XDC constraints or non-optimal design architecture
Related violations: <none>

TIMING-16#613 Warning
Large setup violation  
There is a large setup violation of -1.743 ns between design_1_i/pipelined_layer_proc_0/inst/grp_dataflow_parent_loop_proc_fu_232/dataflow_in_loop_Depth_Loop_U0/tile_A_V_3_U/reg_valid0_reg/C (clocked by clk_fpga_0) and design_1_i/pipelined_layer_proc_0/inst/grp_dataflow_parent_loop_proc_fu_232/dataflow_in_loop_Depth_Loop_U0/compute_systolic_U0/big_tile_A_4_load_reg_14979_reg[80]/D (clocked by clk_fpga_0). Large setup violations at the end of those stages might be difficult to fix during the post-placement implementation flow and could be the result of non-optimal XDC constraints or non-optimal design architecture
Related violations: <none>

TIMING-16#614 Warning
Large setup violation  
There is a large setup violation of -1.748 ns between design_1_i/pipelined_layer_proc_0/inst/grp_dataflow_parent_loop_proc_fu_232/dataflow_in_loop_Depth_Loop_U0/compute_systolic_U0/ap_CS_fsm_reg[3]/C (clocked by clk_fpga_0) and design_1_i/pipelined_layer_proc_0/inst/grp_dataflow_parent_loop_proc_fu_232/dataflow_in_loop_Depth_Loop_U0/compute_systolic_U0/big_tile_A_9_load_reg_15004_reg[102]/CE (clocked by clk_fpga_0). Large setup violations at the end of those stages might be difficult to fix during the post-placement implementation flow and could be the result of non-optimal XDC constraints or non-optimal design architecture
Related violations: <none>

TIMING-16#615 Warning
Large setup violation  
There is a large setup violation of -1.748 ns between design_1_i/pipelined_layer_proc_0/inst/grp_dataflow_parent_loop_proc_fu_232/dataflow_in_loop_Depth_Loop_U0/compute_systolic_U0/grp_compute_systolic_Pipeline_Pulse_fu_3978_ap_start_reg_reg_replica_13/C (clocked by clk_fpga_0) and design_1_i/pipelined_layer_proc_0/inst/grp_dataflow_parent_loop_proc_fu_232/dataflow_in_loop_Depth_Loop_U0/compute_systolic_U0/grp_compute_systolic_Pipeline_Pulse_fu_3978/local_regs_V_107_fu_2254_reg[19]/CE (clocked by clk_fpga_0). Large setup violations at the end of those stages might be difficult to fix during the post-placement implementation flow and could be the result of non-optimal XDC constraints or non-optimal design architecture
Related violations: <none>

TIMING-16#616 Warning
Large setup violation  
There is a large setup violation of -1.748 ns between design_1_i/pipelined_layer_proc_0/inst/grp_dataflow_parent_loop_proc_fu_232/dataflow_in_loop_Depth_Loop_U0/compute_systolic_U0/grp_compute_systolic_Pipeline_Pulse_fu_3978_ap_start_reg_reg_replica_13/C (clocked by clk_fpga_0) and design_1_i/pipelined_layer_proc_0/inst/grp_dataflow_parent_loop_proc_fu_232/dataflow_in_loop_Depth_Loop_U0/compute_systolic_U0/grp_compute_systolic_Pipeline_Pulse_fu_3978/local_regs_V_123_fu_2190_reg[19]/CE (clocked by clk_fpga_0). Large setup violations at the end of those stages might be difficult to fix during the post-placement implementation flow and could be the result of non-optimal XDC constraints or non-optimal design architecture
Related violations: <none>

TIMING-16#617 Warning
Large setup violation  
There is a large setup violation of -1.751 ns between design_1_i/pipelined_layer_proc_0/inst/grp_dataflow_parent_loop_proc_fu_232/dataflow_in_loop_Depth_Loop_U0/compute_systolic_U0/ap_CS_fsm_reg[3]/C (clocked by clk_fpga_0) and design_1_i/pipelined_layer_proc_0/inst/grp_dataflow_parent_loop_proc_fu_232/dataflow_in_loop_Depth_Loop_U0/compute_systolic_U0/big_tile_A_9_load_reg_15004_reg[158]/CE (clocked by clk_fpga_0). Large setup violations at the end of those stages might be difficult to fix during the post-placement implementation flow and could be the result of non-optimal XDC constraints or non-optimal design architecture
Related violations: <none>

TIMING-16#618 Warning
Large setup violation  
There is a large setup violation of -1.751 ns between design_1_i/pipelined_layer_proc_0/inst/grp_dataflow_parent_loop_proc_fu_232/dataflow_in_loop_Depth_Loop_U0/compute_systolic_U0/ap_CS_fsm_reg[3]/C (clocked by clk_fpga_0) and design_1_i/pipelined_layer_proc_0/inst/grp_dataflow_parent_loop_proc_fu_232/dataflow_in_loop_Depth_Loop_U0/compute_systolic_U0/big_tile_A_9_load_reg_15004_reg[168]/CE (clocked by clk_fpga_0). Large setup violations at the end of those stages might be difficult to fix during the post-placement implementation flow and could be the result of non-optimal XDC constraints or non-optimal design architecture
Related violations: <none>

TIMING-16#619 Warning
Large setup violation  
There is a large setup violation of -1.751 ns between design_1_i/pipelined_layer_proc_0/inst/grp_dataflow_parent_loop_proc_fu_232/dataflow_in_loop_Depth_Loop_U0/compute_systolic_U0/ap_CS_fsm_reg[3]/C (clocked by clk_fpga_0) and design_1_i/pipelined_layer_proc_0/inst/grp_dataflow_parent_loop_proc_fu_232/dataflow_in_loop_Depth_Loop_U0/compute_systolic_U0/big_tile_A_9_load_reg_15004_reg[182]/CE (clocked by clk_fpga_0). Large setup violations at the end of those stages might be difficult to fix during the post-placement implementation flow and could be the result of non-optimal XDC constraints or non-optimal design architecture
Related violations: <none>

TIMING-16#620 Warning
Large setup violation  
There is a large setup violation of -1.752 ns between design_1_i/pipelined_layer_proc_0/inst/grp_dataflow_parent_loop_proc_fu_232/dataflow_in_loop_Depth_Loop_U0/compute_systolic_U0/ap_CS_fsm_reg[3]/C (clocked by clk_fpga_0) and design_1_i/pipelined_layer_proc_0/inst/grp_dataflow_parent_loop_proc_fu_232/dataflow_in_loop_Depth_Loop_U0/compute_systolic_U0/big_tile_A_9_load_reg_15004_reg[14]/CE (clocked by clk_fpga_0). Large setup violations at the end of those stages might be difficult to fix during the post-placement implementation flow and could be the result of non-optimal XDC constraints or non-optimal design architecture
Related violations: <none>

TIMING-16#621 Warning
Large setup violation  
There is a large setup violation of -1.752 ns between design_1_i/pipelined_layer_proc_0/inst/grp_dataflow_parent_loop_proc_fu_232/dataflow_in_loop_Depth_Loop_U0/compute_systolic_U0/ap_CS_fsm_reg[3]/C (clocked by clk_fpga_0) and design_1_i/pipelined_layer_proc_0/inst/grp_dataflow_parent_loop_proc_fu_232/dataflow_in_loop_Depth_Loop_U0/compute_systolic_U0/big_tile_A_9_load_reg_15004_reg[30]/CE (clocked by clk_fpga_0). Large setup violations at the end of those stages might be difficult to fix during the post-placement implementation flow and could be the result of non-optimal XDC constraints or non-optimal design architecture
Related violations: <none>

TIMING-16#622 Warning
Large setup violation  
There is a large setup violation of -1.752 ns between design_1_i/pipelined_layer_proc_0/inst/grp_dataflow_parent_loop_proc_fu_232/dataflow_in_loop_Depth_Loop_U0/compute_systolic_U0/ap_CS_fsm_reg[3]/C (clocked by clk_fpga_0) and design_1_i/pipelined_layer_proc_0/inst/grp_dataflow_parent_loop_proc_fu_232/dataflow_in_loop_Depth_Loop_U0/compute_systolic_U0/big_tile_A_9_load_reg_15004_reg[33]/CE (clocked by clk_fpga_0). Large setup violations at the end of those stages might be difficult to fix during the post-placement implementation flow and could be the result of non-optimal XDC constraints or non-optimal design architecture
Related violations: <none>

TIMING-16#623 Warning
Large setup violation  
There is a large setup violation of -1.752 ns between design_1_i/pipelined_layer_proc_0/inst/grp_dataflow_parent_loop_proc_fu_232/dataflow_in_loop_Depth_Loop_U0/compute_systolic_U0/ap_CS_fsm_reg[3]/C (clocked by clk_fpga_0) and design_1_i/pipelined_layer_proc_0/inst/grp_dataflow_parent_loop_proc_fu_232/dataflow_in_loop_Depth_Loop_U0/compute_systolic_U0/big_tile_A_9_load_reg_15004_reg[49]/CE (clocked by clk_fpga_0). Large setup violations at the end of those stages might be difficult to fix during the post-placement implementation flow and could be the result of non-optimal XDC constraints or non-optimal design architecture
Related violations: <none>

TIMING-16#624 Warning
Large setup violation  
There is a large setup violation of -1.754 ns between design_1_i/pipelined_layer_proc_0/inst/grp_dataflow_parent_loop_proc_fu_232/dataflow_in_loop_Depth_Loop_U0/compute_systolic_U0/ap_CS_fsm_reg[3]/C (clocked by clk_fpga_0) and design_1_i/pipelined_layer_proc_0/inst/grp_dataflow_parent_loop_proc_fu_232/dataflow_in_loop_Depth_Loop_U0/compute_systolic_U0/big_tile_A_13_load_reg_15024_reg[11]/CE (clocked by clk_fpga_0). Large setup violations at the end of those stages might be difficult to fix during the post-placement implementation flow and could be the result of non-optimal XDC constraints or non-optimal design architecture
Related violations: <none>

TIMING-16#625 Warning
Large setup violation  
There is a large setup violation of -1.754 ns between design_1_i/pipelined_layer_proc_0/inst/grp_dataflow_parent_loop_proc_fu_232/dataflow_in_loop_Depth_Loop_U0/compute_systolic_U0/ap_CS_fsm_reg[3]/C (clocked by clk_fpga_0) and design_1_i/pipelined_layer_proc_0/inst/grp_dataflow_parent_loop_proc_fu_232/dataflow_in_loop_Depth_Loop_U0/compute_systolic_U0/big_tile_A_13_load_reg_15024_reg[27]/CE (clocked by clk_fpga_0). Large setup violations at the end of those stages might be difficult to fix during the post-placement implementation flow and could be the result of non-optimal XDC constraints or non-optimal design architecture
Related violations: <none>

TIMING-16#626 Warning
Large setup violation  
There is a large setup violation of -1.754 ns between design_1_i/pipelined_layer_proc_0/inst/grp_dataflow_parent_loop_proc_fu_232/dataflow_in_loop_Depth_Loop_U0/compute_systolic_U0/ap_CS_fsm_reg[3]/C (clocked by clk_fpga_0) and design_1_i/pipelined_layer_proc_0/inst/grp_dataflow_parent_loop_proc_fu_232/dataflow_in_loop_Depth_Loop_U0/compute_systolic_U0/big_tile_A_9_load_reg_15004_reg[37]/CE (clocked by clk_fpga_0). Large setup violations at the end of those stages might be difficult to fix during the post-placement implementation flow and could be the result of non-optimal XDC constraints or non-optimal design architecture
Related violations: <none>

TIMING-16#627 Warning
Large setup violation  
There is a large setup violation of -1.754 ns between design_1_i/pipelined_layer_proc_0/inst/grp_dataflow_parent_loop_proc_fu_232/dataflow_in_loop_Depth_Loop_U0/compute_systolic_U0/ap_CS_fsm_reg[3]/C (clocked by clk_fpga_0) and design_1_i/pipelined_layer_proc_0/inst/grp_dataflow_parent_loop_proc_fu_232/dataflow_in_loop_Depth_Loop_U0/compute_systolic_U0/big_tile_A_9_load_reg_15004_reg[45]/CE (clocked by clk_fpga_0). Large setup violations at the end of those stages might be difficult to fix during the post-placement implementation flow and could be the result of non-optimal XDC constraints or non-optimal design architecture
Related violations: <none>

TIMING-16#628 Warning
Large setup violation  
There is a large setup violation of -1.758 ns between design_1_i/pipelined_layer_proc_0/inst/grp_dataflow_parent_loop_proc_fu_232/dataflow_in_loop_Depth_Loop_U0/tile_A_V_3_U/reg_valid0_reg/C (clocked by clk_fpga_0) and design_1_i/pipelined_layer_proc_0/inst/grp_dataflow_parent_loop_proc_fu_232/dataflow_in_loop_Depth_Loop_U0/compute_systolic_U0/big_tile_A_8_load_reg_14999_reg[17]/D (clocked by clk_fpga_0). Large setup violations at the end of those stages might be difficult to fix during the post-placement implementation flow and could be the result of non-optimal XDC constraints or non-optimal design architecture
Related violations: <none>

TIMING-16#629 Warning
Large setup violation  
There is a large setup violation of -1.766 ns between design_1_i/pipelined_layer_proc_0/inst/grp_dataflow_parent_loop_proc_fu_232/dataflow_in_loop_Depth_Loop_U0/compute_systolic_U0/grp_compute_systolic_Pipeline_Load_Cache_Row_fu_3428_ap_start_reg_reg/C (clocked by clk_fpga_0) and design_1_i/pipelined_layer_proc_0/inst/grp_dataflow_parent_loop_proc_fu_232/dataflow_in_loop_Depth_Loop_U0/compute_systolic_U0/grp_compute_systolic_Pipeline_Load_Cache_Row_fu_3428/local_regs_V_746_fu_2136_reg[8]/D (clocked by clk_fpga_0). Large setup violations at the end of those stages might be difficult to fix during the post-placement implementation flow and could be the result of non-optimal XDC constraints or non-optimal design architecture
Related violations: <none>

TIMING-16#630 Warning
Large setup violation  
There is a large setup violation of -1.767 ns between design_1_i/pipelined_layer_proc_0/inst/grp_dataflow_parent_loop_proc_fu_232/dataflow_in_loop_Depth_Loop_U0/compute_systolic_U0/grp_compute_systolic_Pipeline_Pulse_fu_3978_ap_start_reg_reg_replica_13/C (clocked by clk_fpga_0) and design_1_i/pipelined_layer_proc_0/inst/grp_dataflow_parent_loop_proc_fu_232/dataflow_in_loop_Depth_Loop_U0/compute_systolic_U0/grp_compute_systolic_Pipeline_Pulse_fu_3978/local_regs_V_129_fu_2166_reg[20]/CE (clocked by clk_fpga_0). Large setup violations at the end of those stages might be difficult to fix during the post-placement implementation flow and could be the result of non-optimal XDC constraints or non-optimal design architecture
Related violations: <none>

TIMING-16#631 Warning
Large setup violation  
There is a large setup violation of -1.767 ns between design_1_i/pipelined_layer_proc_0/inst/grp_dataflow_parent_loop_proc_fu_232/dataflow_in_loop_Depth_Loop_U0/compute_systolic_U0/grp_compute_systolic_Pipeline_Pulse_fu_3978_ap_start_reg_reg_replica_13/C (clocked by clk_fpga_0) and design_1_i/pipelined_layer_proc_0/inst/grp_dataflow_parent_loop_proc_fu_232/dataflow_in_loop_Depth_Loop_U0/compute_systolic_U0/grp_compute_systolic_Pipeline_Pulse_fu_3978/local_regs_V_145_fu_2102_reg[12]/CE (clocked by clk_fpga_0). Large setup violations at the end of those stages might be difficult to fix during the post-placement implementation flow and could be the result of non-optimal XDC constraints or non-optimal design architecture
Related violations: <none>

TIMING-16#632 Warning
Large setup violation  
There is a large setup violation of -1.767 ns between design_1_i/pipelined_layer_proc_0/inst/grp_dataflow_parent_loop_proc_fu_232/dataflow_in_loop_Depth_Loop_U0/compute_systolic_U0/grp_compute_systolic_Pipeline_Pulse_fu_3978_ap_start_reg_reg_replica_13/C (clocked by clk_fpga_0) and design_1_i/pipelined_layer_proc_0/inst/grp_dataflow_parent_loop_proc_fu_232/dataflow_in_loop_Depth_Loop_U0/compute_systolic_U0/grp_compute_systolic_Pipeline_Pulse_fu_3978/local_regs_V_145_fu_2102_reg[17]/CE (clocked by clk_fpga_0). Large setup violations at the end of those stages might be difficult to fix during the post-placement implementation flow and could be the result of non-optimal XDC constraints or non-optimal design architecture
Related violations: <none>

TIMING-16#633 Warning
Large setup violation  
There is a large setup violation of -1.767 ns between design_1_i/pipelined_layer_proc_0/inst/grp_dataflow_parent_loop_proc_fu_232/dataflow_in_loop_Depth_Loop_U0/compute_systolic_U0/grp_compute_systolic_Pipeline_Pulse_fu_3978_ap_start_reg_reg_replica_13/C (clocked by clk_fpga_0) and design_1_i/pipelined_layer_proc_0/inst/grp_dataflow_parent_loop_proc_fu_232/dataflow_in_loop_Depth_Loop_U0/compute_systolic_U0/grp_compute_systolic_Pipeline_Pulse_fu_3978/local_regs_V_145_fu_2102_reg[9]/CE (clocked by clk_fpga_0). Large setup violations at the end of those stages might be difficult to fix during the post-placement implementation flow and could be the result of non-optimal XDC constraints or non-optimal design architecture
Related violations: <none>

TIMING-16#634 Warning
Large setup violation  
There is a large setup violation of -1.782 ns between design_1_i/pipelined_layer_proc_0/inst/grp_dataflow_parent_loop_proc_fu_232/dataflow_in_loop_Depth_Loop_U0/compute_systolic_U0/grp_compute_systolic_Pipeline_Load_Cache_Row_fu_3428_ap_start_reg_reg/C (clocked by clk_fpga_0) and design_1_i/pipelined_layer_proc_0/inst/grp_dataflow_parent_loop_proc_fu_232/dataflow_in_loop_Depth_Loop_U0/compute_systolic_U0/grp_compute_systolic_Pipeline_Load_Cache_Row_fu_3428/local_regs_V_713_fu_2004_reg[14]/CE (clocked by clk_fpga_0). Large setup violations at the end of those stages might be difficult to fix during the post-placement implementation flow and could be the result of non-optimal XDC constraints or non-optimal design architecture
Related violations: <none>

TIMING-16#635 Warning
Large setup violation  
There is a large setup violation of -1.783 ns between design_1_i/pipelined_layer_proc_0/inst/grp_dataflow_parent_loop_proc_fu_232/dataflow_in_loop_Depth_Loop_U0/tile_A_V_3_U/reg_valid0_reg/C (clocked by clk_fpga_0) and design_1_i/pipelined_layer_proc_0/inst/grp_dataflow_parent_loop_proc_fu_232/dataflow_in_loop_Depth_Loop_U0/compute_systolic_U0/big_tile_A_15_load_reg_15034_reg[211]/D (clocked by clk_fpga_0). Large setup violations at the end of those stages might be difficult to fix during the post-placement implementation flow and could be the result of non-optimal XDC constraints or non-optimal design architecture
Related violations: <none>

TIMING-16#636 Warning
Large setup violation  
There is a large setup violation of -1.784 ns between design_1_i/pipelined_layer_proc_0/inst/grp_dataflow_parent_loop_proc_fu_232/dataflow_in_loop_Depth_Loop_U0/compute_systolic_U0/ap_CS_fsm_reg[3]/C (clocked by clk_fpga_0) and design_1_i/pipelined_layer_proc_0/inst/grp_dataflow_parent_loop_proc_fu_232/dataflow_in_loop_Depth_Loop_U0/compute_systolic_U0/big_tile_A_13_load_reg_15024_reg[112]/CE (clocked by clk_fpga_0). Large setup violations at the end of those stages might be difficult to fix during the post-placement implementation flow and could be the result of non-optimal XDC constraints or non-optimal design architecture
Related violations: <none>

TIMING-16#637 Warning
Large setup violation  
There is a large setup violation of -1.784 ns between design_1_i/pipelined_layer_proc_0/inst/grp_dataflow_parent_loop_proc_fu_232/dataflow_in_loop_Depth_Loop_U0/compute_systolic_U0/ap_CS_fsm_reg[3]/C (clocked by clk_fpga_0) and design_1_i/pipelined_layer_proc_0/inst/grp_dataflow_parent_loop_proc_fu_232/dataflow_in_loop_Depth_Loop_U0/compute_systolic_U0/big_tile_A_13_load_reg_15024_reg[118]/CE (clocked by clk_fpga_0). Large setup violations at the end of those stages might be difficult to fix during the post-placement implementation flow and could be the result of non-optimal XDC constraints or non-optimal design architecture
Related violations: <none>

TIMING-16#638 Warning
Large setup violation  
There is a large setup violation of -1.784 ns between design_1_i/pipelined_layer_proc_0/inst/grp_dataflow_parent_loop_proc_fu_232/dataflow_in_loop_Depth_Loop_U0/compute_systolic_U0/ap_CS_fsm_reg[3]/C (clocked by clk_fpga_0) and design_1_i/pipelined_layer_proc_0/inst/grp_dataflow_parent_loop_proc_fu_232/dataflow_in_loop_Depth_Loop_U0/compute_systolic_U0/big_tile_A_13_load_reg_15024_reg[128]/CE (clocked by clk_fpga_0). Large setup violations at the end of those stages might be difficult to fix during the post-placement implementation flow and could be the result of non-optimal XDC constraints or non-optimal design architecture
Related violations: <none>

TIMING-16#639 Warning
Large setup violation  
There is a large setup violation of -1.784 ns between design_1_i/pipelined_layer_proc_0/inst/grp_dataflow_parent_loop_proc_fu_232/dataflow_in_loop_Depth_Loop_U0/compute_systolic_U0/ap_CS_fsm_reg[3]/C (clocked by clk_fpga_0) and design_1_i/pipelined_layer_proc_0/inst/grp_dataflow_parent_loop_proc_fu_232/dataflow_in_loop_Depth_Loop_U0/compute_systolic_U0/big_tile_A_13_load_reg_15024_reg[82]/CE (clocked by clk_fpga_0). Large setup violations at the end of those stages might be difficult to fix during the post-placement implementation flow and could be the result of non-optimal XDC constraints or non-optimal design architecture
Related violations: <none>

TIMING-16#640 Warning
Large setup violation  
There is a large setup violation of -1.785 ns between design_1_i/pipelined_layer_proc_0/inst/grp_dataflow_parent_loop_proc_fu_232/dataflow_in_loop_Depth_Loop_U0/compute_systolic_U0/ap_CS_fsm_reg[3]/C (clocked by clk_fpga_0) and design_1_i/pipelined_layer_proc_0/inst/grp_dataflow_parent_loop_proc_fu_232/dataflow_in_loop_Depth_Loop_U0/compute_systolic_U0/big_tile_A_15_load_reg_15034_reg[33]/CE (clocked by clk_fpga_0). Large setup violations at the end of those stages might be difficult to fix during the post-placement implementation flow and could be the result of non-optimal XDC constraints or non-optimal design architecture
Related violations: <none>

TIMING-16#641 Warning
Large setup violation  
There is a large setup violation of -1.785 ns between design_1_i/pipelined_layer_proc_0/inst/grp_dataflow_parent_loop_proc_fu_232/dataflow_in_loop_Depth_Loop_U0/compute_systolic_U0/ap_CS_fsm_reg[3]/C (clocked by clk_fpga_0) and design_1_i/pipelined_layer_proc_0/inst/grp_dataflow_parent_loop_proc_fu_232/dataflow_in_loop_Depth_Loop_U0/compute_systolic_U0/big_tile_A_15_load_reg_15034_reg[43]/CE (clocked by clk_fpga_0). Large setup violations at the end of those stages might be difficult to fix during the post-placement implementation flow and could be the result of non-optimal XDC constraints or non-optimal design architecture
Related violations: <none>

TIMING-16#642 Warning
Large setup violation  
There is a large setup violation of -1.785 ns between design_1_i/pipelined_layer_proc_0/inst/grp_dataflow_parent_loop_proc_fu_232/dataflow_in_loop_Depth_Loop_U0/compute_systolic_U0/ap_CS_fsm_reg[3]/C (clocked by clk_fpga_0) and design_1_i/pipelined_layer_proc_0/inst/grp_dataflow_parent_loop_proc_fu_232/dataflow_in_loop_Depth_Loop_U0/compute_systolic_U0/big_tile_A_1_load_reg_14964_reg[225]/CE (clocked by clk_fpga_0). Large setup violations at the end of those stages might be difficult to fix during the post-placement implementation flow and could be the result of non-optimal XDC constraints or non-optimal design architecture
Related violations: <none>

TIMING-16#643 Warning
Large setup violation  
There is a large setup violation of -1.785 ns between design_1_i/pipelined_layer_proc_0/inst/grp_dataflow_parent_loop_proc_fu_232/dataflow_in_loop_Depth_Loop_U0/compute_systolic_U0/ap_CS_fsm_reg[3]/C (clocked by clk_fpga_0) and design_1_i/pipelined_layer_proc_0/inst/grp_dataflow_parent_loop_proc_fu_232/dataflow_in_loop_Depth_Loop_U0/compute_systolic_U0/big_tile_A_1_load_reg_14964_reg[255]/CE (clocked by clk_fpga_0). Large setup violations at the end of those stages might be difficult to fix during the post-placement implementation flow and could be the result of non-optimal XDC constraints or non-optimal design architecture
Related violations: <none>

TIMING-16#644 Warning
Large setup violation  
There is a large setup violation of -1.785 ns between design_1_i/pipelined_layer_proc_0/inst/grp_dataflow_parent_loop_proc_fu_232/dataflow_in_loop_Depth_Loop_U0/compute_systolic_U0/grp_compute_systolic_Pipeline_Load_Cache_Row_fu_3428_ap_start_reg_reg/C (clocked by clk_fpga_0) and design_1_i/pipelined_layer_proc_0/inst/grp_dataflow_parent_loop_proc_fu_232/dataflow_in_loop_Depth_Loop_U0/compute_systolic_U0/grp_compute_systolic_Pipeline_Load_Cache_Row_fu_3428/local_regs_V_717_fu_2020_reg[20]/CE (clocked by clk_fpga_0). Large setup violations at the end of those stages might be difficult to fix during the post-placement implementation flow and could be the result of non-optimal XDC constraints or non-optimal design architecture
Related violations: <none>

TIMING-16#645 Warning
Large setup violation  
There is a large setup violation of -1.787 ns between design_1_i/pipelined_layer_proc_0/inst/grp_dataflow_parent_loop_proc_fu_232/dataflow_in_loop_Depth_Loop_U0/tile_A_V_3_U/reg_valid0_reg/C (clocked by clk_fpga_0) and design_1_i/pipelined_layer_proc_0/inst/grp_dataflow_parent_loop_proc_fu_232/dataflow_in_loop_Depth_Loop_U0/compute_systolic_U0/big_tile_A_15_load_reg_15034_reg[198]/D (clocked by clk_fpga_0). Large setup violations at the end of those stages might be difficult to fix during the post-placement implementation flow and could be the result of non-optimal XDC constraints or non-optimal design architecture
Related violations: <none>

TIMING-16#646 Warning
Large setup violation  
There is a large setup violation of -1.789 ns between design_1_i/pipelined_layer_proc_0/inst/grp_dataflow_parent_loop_proc_fu_232/dataflow_in_loop_Depth_Loop_U0/compute_systolic_U0/ap_CS_fsm_reg[3]/C (clocked by clk_fpga_0) and design_1_i/pipelined_layer_proc_0/inst/grp_dataflow_parent_loop_proc_fu_232/dataflow_in_loop_Depth_Loop_U0/compute_systolic_U0/big_tile_A_13_load_reg_15024_reg[144]/CE (clocked by clk_fpga_0). Large setup violations at the end of those stages might be difficult to fix during the post-placement implementation flow and could be the result of non-optimal XDC constraints or non-optimal design architecture
Related violations: <none>

TIMING-16#647 Warning
Large setup violation  
There is a large setup violation of -1.789 ns between design_1_i/pipelined_layer_proc_0/inst/grp_dataflow_parent_loop_proc_fu_232/dataflow_in_loop_Depth_Loop_U0/compute_systolic_U0/ap_CS_fsm_reg[3]/C (clocked by clk_fpga_0) and design_1_i/pipelined_layer_proc_0/inst/grp_dataflow_parent_loop_proc_fu_232/dataflow_in_loop_Depth_Loop_U0/compute_systolic_U0/big_tile_A_13_load_reg_15024_reg[176]/CE (clocked by clk_fpga_0). Large setup violations at the end of those stages might be difficult to fix during the post-placement implementation flow and could be the result of non-optimal XDC constraints or non-optimal design architecture
Related violations: <none>

TIMING-16#648 Warning
Large setup violation  
There is a large setup violation of -1.790 ns between design_1_i/pipelined_layer_proc_0/inst/grp_dataflow_parent_loop_proc_fu_232/dataflow_in_loop_Depth_Loop_U0/tile_A_V_3_U/reg_valid0_reg/C (clocked by clk_fpga_0) and design_1_i/pipelined_layer_proc_0/inst/grp_dataflow_parent_loop_proc_fu_232/dataflow_in_loop_Depth_Loop_U0/compute_systolic_U0/big_tile_A_15_load_reg_15034_reg[161]/D (clocked by clk_fpga_0). Large setup violations at the end of those stages might be difficult to fix during the post-placement implementation flow and could be the result of non-optimal XDC constraints or non-optimal design architecture
Related violations: <none>

TIMING-16#649 Warning
Large setup violation  
There is a large setup violation of -1.791 ns between design_1_i/pipelined_layer_proc_0/inst/grp_dataflow_parent_loop_proc_fu_232/dataflow_in_loop_Depth_Loop_U0/tile_A_V_3_U/reg_valid0_reg/C (clocked by clk_fpga_0) and design_1_i/pipelined_layer_proc_0/inst/grp_dataflow_parent_loop_proc_fu_232/dataflow_in_loop_Depth_Loop_U0/compute_systolic_U0/big_tile_A_11_load_reg_15014_reg[136]/D (clocked by clk_fpga_0). Large setup violations at the end of those stages might be difficult to fix during the post-placement implementation flow and could be the result of non-optimal XDC constraints or non-optimal design architecture
Related violations: <none>

TIMING-16#650 Warning
Large setup violation  
There is a large setup violation of -1.795 ns between design_1_i/pipelined_layer_proc_0/inst/grp_dataflow_parent_loop_proc_fu_232/dataflow_in_loop_Depth_Loop_U0/compute_systolic_U0/grp_compute_systolic_Pipeline_Load_Cache_Row_fu_3428_ap_start_reg_reg/C (clocked by clk_fpga_0) and design_1_i/pipelined_layer_proc_0/inst/grp_dataflow_parent_loop_proc_fu_232/dataflow_in_loop_Depth_Loop_U0/compute_systolic_U0/grp_compute_systolic_Pipeline_Load_Cache_Row_fu_3428/local_regs_V_746_fu_2136_reg[15]/D (clocked by clk_fpga_0). Large setup violations at the end of those stages might be difficult to fix during the post-placement implementation flow and could be the result of non-optimal XDC constraints or non-optimal design architecture
Related violations: <none>

TIMING-16#651 Warning
Large setup violation  
There is a large setup violation of -1.800 ns between design_1_i/pipelined_layer_proc_0/inst/grp_dataflow_parent_loop_proc_fu_232/dataflow_in_loop_Depth_Loop_U0/compute_systolic_U0/grp_compute_systolic_Pipeline_Load_Cache_Row_fu_3428/trunc_ln55_reg_11237_reg[0]/C (clocked by clk_fpga_0) and design_1_i/pipelined_layer_proc_0/inst/grp_dataflow_parent_loop_proc_fu_232/dataflow_in_loop_Depth_Loop_U0/compute_systolic_U0/grp_compute_systolic_Pipeline_Load_Cache_Row_fu_3428/local_regs_V_565_fu_1412_reg[13]/CE (clocked by clk_fpga_0). Large setup violations at the end of those stages might be difficult to fix during the post-placement implementation flow and could be the result of non-optimal XDC constraints or non-optimal design architecture
Related violations: <none>

TIMING-16#652 Warning
Large setup violation  
There is a large setup violation of -1.800 ns between design_1_i/pipelined_layer_proc_0/inst/grp_dataflow_parent_loop_proc_fu_232/dataflow_in_loop_Depth_Loop_U0/compute_systolic_U0/grp_compute_systolic_Pipeline_Load_Cache_Row_fu_3428/trunc_ln55_reg_11237_reg[0]/C (clocked by clk_fpga_0) and design_1_i/pipelined_layer_proc_0/inst/grp_dataflow_parent_loop_proc_fu_232/dataflow_in_loop_Depth_Loop_U0/compute_systolic_U0/grp_compute_systolic_Pipeline_Load_Cache_Row_fu_3428/local_regs_V_565_fu_1412_reg[25]/CE (clocked by clk_fpga_0). Large setup violations at the end of those stages might be difficult to fix during the post-placement implementation flow and could be the result of non-optimal XDC constraints or non-optimal design architecture
Related violations: <none>

TIMING-16#653 Warning
Large setup violation  
There is a large setup violation of -1.800 ns between design_1_i/pipelined_layer_proc_0/inst/grp_dataflow_parent_loop_proc_fu_232/dataflow_in_loop_Depth_Loop_U0/compute_systolic_U0/grp_compute_systolic_Pipeline_Load_Cache_Row_fu_3428/trunc_ln55_reg_11237_reg[0]/C (clocked by clk_fpga_0) and design_1_i/pipelined_layer_proc_0/inst/grp_dataflow_parent_loop_proc_fu_232/dataflow_in_loop_Depth_Loop_U0/compute_systolic_U0/grp_compute_systolic_Pipeline_Load_Cache_Row_fu_3428/local_regs_V_565_fu_1412_reg[29]/CE (clocked by clk_fpga_0). Large setup violations at the end of those stages might be difficult to fix during the post-placement implementation flow and could be the result of non-optimal XDC constraints or non-optimal design architecture
Related violations: <none>

TIMING-16#654 Warning
Large setup violation  
There is a large setup violation of -1.802 ns between design_1_i/pipelined_layer_proc_0/inst/grp_dataflow_parent_loop_proc_fu_232/dataflow_in_loop_Depth_Loop_U0/compute_systolic_U0/ap_CS_fsm_reg[3]/C (clocked by clk_fpga_0) and design_1_i/pipelined_layer_proc_0/inst/grp_dataflow_parent_loop_proc_fu_232/dataflow_in_loop_Depth_Loop_U0/compute_systolic_U0/big_tile_A_9_load_reg_15004_reg[209]/CE (clocked by clk_fpga_0). Large setup violations at the end of those stages might be difficult to fix during the post-placement implementation flow and could be the result of non-optimal XDC constraints or non-optimal design architecture
Related violations: <none>

TIMING-16#655 Warning
Large setup violation  
There is a large setup violation of -1.811 ns between design_1_i/pipelined_layer_proc_0/inst/grp_dataflow_parent_loop_proc_fu_232/dataflow_in_loop_Depth_Loop_U0/tile_A_V_3_U/reg_valid0_reg/C (clocked by clk_fpga_0) and design_1_i/pipelined_layer_proc_0/inst/grp_dataflow_parent_loop_proc_fu_232/dataflow_in_loop_Depth_Loop_U0/compute_systolic_U0/big_tile_A_8_load_reg_14999_reg[57]/D (clocked by clk_fpga_0). Large setup violations at the end of those stages might be difficult to fix during the post-placement implementation flow and could be the result of non-optimal XDC constraints or non-optimal design architecture
Related violations: <none>

TIMING-16#656 Warning
Large setup violation  
There is a large setup violation of -1.812 ns between design_1_i/pipelined_layer_proc_0/inst/grp_dataflow_parent_loop_proc_fu_232/dataflow_in_loop_Depth_Loop_U0/compute_systolic_U0/ap_CS_fsm_reg[3]/C (clocked by clk_fpga_0) and design_1_i/pipelined_layer_proc_0/inst/grp_dataflow_parent_loop_proc_fu_232/dataflow_in_loop_Depth_Loop_U0/compute_systolic_U0/big_tile_A_15_load_reg_15034_reg[57]/CE (clocked by clk_fpga_0). Large setup violations at the end of those stages might be difficult to fix during the post-placement implementation flow and could be the result of non-optimal XDC constraints or non-optimal design architecture
Related violations: <none>

TIMING-16#657 Warning
Large setup violation  
There is a large setup violation of -1.812 ns between design_1_i/pipelined_layer_proc_0/inst/grp_dataflow_parent_loop_proc_fu_232/dataflow_in_loop_Depth_Loop_U0/compute_systolic_U0/ap_CS_fsm_reg[3]/C (clocked by clk_fpga_0) and design_1_i/pipelined_layer_proc_0/inst/grp_dataflow_parent_loop_proc_fu_232/dataflow_in_loop_Depth_Loop_U0/compute_systolic_U0/big_tile_A_15_load_reg_15034_reg[62]/CE (clocked by clk_fpga_0). Large setup violations at the end of those stages might be difficult to fix during the post-placement implementation flow and could be the result of non-optimal XDC constraints or non-optimal design architecture
Related violations: <none>

TIMING-16#658 Warning
Large setup violation  
There is a large setup violation of -1.812 ns between design_1_i/pipelined_layer_proc_0/inst/grp_dataflow_parent_loop_proc_fu_232/dataflow_in_loop_Depth_Loop_U0/compute_systolic_U0/ap_CS_fsm_reg[3]/C (clocked by clk_fpga_0) and design_1_i/pipelined_layer_proc_0/inst/grp_dataflow_parent_loop_proc_fu_232/dataflow_in_loop_Depth_Loop_U0/compute_systolic_U0/big_tile_A_1_load_reg_14964_reg[251]/CE (clocked by clk_fpga_0). Large setup violations at the end of those stages might be difficult to fix during the post-placement implementation flow and could be the result of non-optimal XDC constraints or non-optimal design architecture
Related violations: <none>

TIMING-16#659 Warning
Large setup violation  
There is a large setup violation of -1.812 ns between design_1_i/pipelined_layer_proc_0/inst/grp_dataflow_parent_loop_proc_fu_232/dataflow_in_loop_Depth_Loop_U0/compute_systolic_U0/ap_CS_fsm_reg[3]/C (clocked by clk_fpga_0) and design_1_i/pipelined_layer_proc_0/inst/grp_dataflow_parent_loop_proc_fu_232/dataflow_in_loop_Depth_Loop_U0/compute_systolic_U0/big_tile_A_1_load_reg_14964_reg[253]/CE (clocked by clk_fpga_0). Large setup violations at the end of those stages might be difficult to fix during the post-placement implementation flow and could be the result of non-optimal XDC constraints or non-optimal design architecture
Related violations: <none>

TIMING-16#660 Warning
Large setup violation  
There is a large setup violation of -1.820 ns between design_1_i/pipelined_layer_proc_0/inst/grp_dataflow_parent_loop_proc_fu_232/dataflow_in_loop_Depth_Loop_U0/tile_A_V_3_U/reg_valid0_reg/C (clocked by clk_fpga_0) and design_1_i/pipelined_layer_proc_0/inst/grp_dataflow_parent_loop_proc_fu_232/dataflow_in_loop_Depth_Loop_U0/compute_systolic_U0/big_tile_A_15_load_reg_15034_reg[204]/D (clocked by clk_fpga_0). Large setup violations at the end of those stages might be difficult to fix during the post-placement implementation flow and could be the result of non-optimal XDC constraints or non-optimal design architecture
Related violations: <none>

TIMING-16#661 Warning
Large setup violation  
There is a large setup violation of -1.821 ns between design_1_i/pipelined_layer_proc_0/inst/grp_dataflow_parent_loop_proc_fu_232/dataflow_in_loop_Depth_Loop_U0/tile_A_V_3_U/reg_valid0_reg/C (clocked by clk_fpga_0) and design_1_i/pipelined_layer_proc_0/inst/grp_dataflow_parent_loop_proc_fu_232/dataflow_in_loop_Depth_Loop_U0/compute_systolic_U0/big_tile_A_11_load_reg_15014_reg[120]/D (clocked by clk_fpga_0). Large setup violations at the end of those stages might be difficult to fix during the post-placement implementation flow and could be the result of non-optimal XDC constraints or non-optimal design architecture
Related violations: <none>

TIMING-16#662 Warning
Large setup violation  
There is a large setup violation of -1.822 ns between design_1_i/pipelined_layer_proc_0/inst/grp_dataflow_parent_loop_proc_fu_232/dataflow_in_loop_Depth_Loop_U0/compute_systolic_U0/grp_compute_systolic_Pipeline_Load_Cache_Row_fu_3428/trunc_ln55_reg_11237_reg[0]/C (clocked by clk_fpga_0) and design_1_i/pipelined_layer_proc_0/inst/grp_dataflow_parent_loop_proc_fu_232/dataflow_in_loop_Depth_Loop_U0/compute_systolic_U0/grp_compute_systolic_Pipeline_Load_Cache_Row_fu_3428/local_regs_V_565_fu_1412_reg[24]/CE (clocked by clk_fpga_0). Large setup violations at the end of those stages might be difficult to fix during the post-placement implementation flow and could be the result of non-optimal XDC constraints or non-optimal design architecture
Related violations: <none>

TIMING-16#663 Warning
Large setup violation  
There is a large setup violation of -1.822 ns between design_1_i/pipelined_layer_proc_0/inst/grp_dataflow_parent_loop_proc_fu_232/dataflow_in_loop_Depth_Loop_U0/compute_systolic_U0/grp_compute_systolic_Pipeline_Load_Cache_Row_fu_3428/trunc_ln55_reg_11237_reg[0]/C (clocked by clk_fpga_0) and design_1_i/pipelined_layer_proc_0/inst/grp_dataflow_parent_loop_proc_fu_232/dataflow_in_loop_Depth_Loop_U0/compute_systolic_U0/grp_compute_systolic_Pipeline_Load_Cache_Row_fu_3428/local_regs_V_565_fu_1412_reg[26]/CE (clocked by clk_fpga_0). Large setup violations at the end of those stages might be difficult to fix during the post-placement implementation flow and could be the result of non-optimal XDC constraints or non-optimal design architecture
Related violations: <none>

TIMING-16#664 Warning
Large setup violation  
There is a large setup violation of -1.822 ns between design_1_i/pipelined_layer_proc_0/inst/grp_dataflow_parent_loop_proc_fu_232/dataflow_in_loop_Depth_Loop_U0/compute_systolic_U0/grp_compute_systolic_Pipeline_Load_Cache_Row_fu_3428/trunc_ln55_reg_11237_reg[0]/C (clocked by clk_fpga_0) and design_1_i/pipelined_layer_proc_0/inst/grp_dataflow_parent_loop_proc_fu_232/dataflow_in_loop_Depth_Loop_U0/compute_systolic_U0/grp_compute_systolic_Pipeline_Load_Cache_Row_fu_3428/local_regs_V_565_fu_1412_reg[4]/CE (clocked by clk_fpga_0). Large setup violations at the end of those stages might be difficult to fix during the post-placement implementation flow and could be the result of non-optimal XDC constraints or non-optimal design architecture
Related violations: <none>

TIMING-16#665 Warning
Large setup violation  
There is a large setup violation of -1.822 ns between design_1_i/pipelined_layer_proc_0/inst/grp_dataflow_parent_loop_proc_fu_232/dataflow_in_loop_Depth_Loop_U0/compute_systolic_U0/grp_compute_systolic_Pipeline_Load_Cache_Row_fu_3428/trunc_ln55_reg_11237_reg[0]/C (clocked by clk_fpga_0) and design_1_i/pipelined_layer_proc_0/inst/grp_dataflow_parent_loop_proc_fu_232/dataflow_in_loop_Depth_Loop_U0/compute_systolic_U0/grp_compute_systolic_Pipeline_Load_Cache_Row_fu_3428/local_regs_V_565_fu_1412_reg[8]/CE (clocked by clk_fpga_0). Large setup violations at the end of those stages might be difficult to fix during the post-placement implementation flow and could be the result of non-optimal XDC constraints or non-optimal design architecture
Related violations: <none>

TIMING-16#666 Warning
Large setup violation  
There is a large setup violation of -1.822 ns between design_1_i/pipelined_layer_proc_0/inst/grp_dataflow_parent_loop_proc_fu_232/dataflow_in_loop_Depth_Loop_U0/compute_systolic_U0/grp_compute_systolic_Pipeline_Load_Cache_Row_fu_3428_ap_start_reg_reg/C (clocked by clk_fpga_0) and design_1_i/pipelined_layer_proc_0/inst/grp_dataflow_parent_loop_proc_fu_232/dataflow_in_loop_Depth_Loop_U0/compute_systolic_U0/grp_compute_systolic_Pipeline_Load_Cache_Row_fu_3428/local_regs_V_613_fu_1604_reg[20]/CE (clocked by clk_fpga_0). Large setup violations at the end of those stages might be difficult to fix during the post-placement implementation flow and could be the result of non-optimal XDC constraints or non-optimal design architecture
Related violations: <none>

TIMING-16#667 Warning
Large setup violation  
There is a large setup violation of -1.824 ns between design_1_i/pipelined_layer_proc_0/inst/grp_dataflow_parent_loop_proc_fu_232/dataflow_in_loop_Depth_Loop_U0/tile_A_V_3_U/reg_valid0_reg/C (clocked by clk_fpga_0) and design_1_i/pipelined_layer_proc_0/inst/grp_dataflow_parent_loop_proc_fu_232/dataflow_in_loop_Depth_Loop_U0/compute_systolic_U0/big_tile_A_15_load_reg_15034_reg[206]/D (clocked by clk_fpga_0). Large setup violations at the end of those stages might be difficult to fix during the post-placement implementation flow and could be the result of non-optimal XDC constraints or non-optimal design architecture
Related violations: <none>

TIMING-16#668 Warning
Large setup violation  
There is a large setup violation of -1.825 ns between design_1_i/pipelined_layer_proc_0/inst/grp_dataflow_parent_loop_proc_fu_232/dataflow_in_loop_Depth_Loop_U0/tile_A_V_3_U/reg_valid0_reg/C (clocked by clk_fpga_0) and design_1_i/pipelined_layer_proc_0/inst/grp_dataflow_parent_loop_proc_fu_232/dataflow_in_loop_Depth_Loop_U0/compute_systolic_U0/big_tile_A_15_load_reg_15034_reg[193]/D (clocked by clk_fpga_0). Large setup violations at the end of those stages might be difficult to fix during the post-placement implementation flow and could be the result of non-optimal XDC constraints or non-optimal design architecture
Related violations: <none>

TIMING-16#669 Warning
Large setup violation  
There is a large setup violation of -1.829 ns between design_1_i/pipelined_layer_proc_0/inst/grp_dataflow_parent_loop_proc_fu_232/dataflow_in_loop_Depth_Loop_U0/compute_systolic_U0/grp_compute_systolic_Pipeline_Pulse_fu_3978_ap_start_reg_reg_replica_13/C (clocked by clk_fpga_0) and design_1_i/pipelined_layer_proc_0/inst/grp_dataflow_parent_loop_proc_fu_232/dataflow_in_loop_Depth_Loop_U0/compute_systolic_U0/grp_compute_systolic_Pipeline_Pulse_fu_3978/local_regs_V_129_fu_2166_reg[12]/CE (clocked by clk_fpga_0). Large setup violations at the end of those stages might be difficult to fix during the post-placement implementation flow and could be the result of non-optimal XDC constraints or non-optimal design architecture
Related violations: <none>

TIMING-16#670 Warning
Large setup violation  
There is a large setup violation of -1.829 ns between design_1_i/pipelined_layer_proc_0/inst/grp_dataflow_parent_loop_proc_fu_232/dataflow_in_loop_Depth_Loop_U0/compute_systolic_U0/grp_compute_systolic_Pipeline_Pulse_fu_3978_ap_start_reg_reg_replica_13/C (clocked by clk_fpga_0) and design_1_i/pipelined_layer_proc_0/inst/grp_dataflow_parent_loop_proc_fu_232/dataflow_in_loop_Depth_Loop_U0/compute_systolic_U0/grp_compute_systolic_Pipeline_Pulse_fu_3978/local_regs_V_129_fu_2166_reg[18]/CE (clocked by clk_fpga_0). Large setup violations at the end of those stages might be difficult to fix during the post-placement implementation flow and could be the result of non-optimal XDC constraints or non-optimal design architecture
Related violations: <none>

TIMING-16#671 Warning
Large setup violation  
There is a large setup violation of -1.829 ns between design_1_i/pipelined_layer_proc_0/inst/grp_dataflow_parent_loop_proc_fu_232/dataflow_in_loop_Depth_Loop_U0/compute_systolic_U0/grp_compute_systolic_Pipeline_Pulse_fu_3978_ap_start_reg_reg_replica_13/C (clocked by clk_fpga_0) and design_1_i/pipelined_layer_proc_0/inst/grp_dataflow_parent_loop_proc_fu_232/dataflow_in_loop_Depth_Loop_U0/compute_systolic_U0/grp_compute_systolic_Pipeline_Pulse_fu_3978/local_regs_V_129_fu_2166_reg[27]/CE (clocked by clk_fpga_0). Large setup violations at the end of those stages might be difficult to fix during the post-placement implementation flow and could be the result of non-optimal XDC constraints or non-optimal design architecture
Related violations: <none>

TIMING-16#672 Warning
Large setup violation  
There is a large setup violation of -1.833 ns between design_1_i/pipelined_layer_proc_0/inst/grp_dataflow_parent_loop_proc_fu_232/dataflow_in_loop_Depth_Loop_U0/tile_A_V_3_U/reg_valid0_reg/C (clocked by clk_fpga_0) and design_1_i/pipelined_layer_proc_0/inst/grp_dataflow_parent_loop_proc_fu_232/dataflow_in_loop_Depth_Loop_U0/compute_systolic_U0/big_tile_A_8_load_reg_14999_reg[25]/D (clocked by clk_fpga_0). Large setup violations at the end of those stages might be difficult to fix during the post-placement implementation flow and could be the result of non-optimal XDC constraints or non-optimal design architecture
Related violations: <none>

TIMING-16#673 Warning
Large setup violation  
There is a large setup violation of -1.836 ns between design_1_i/pipelined_layer_proc_0/inst/grp_dataflow_parent_loop_proc_fu_232/dataflow_in_loop_Depth_Loop_U0/tile_A_V_3_U/reg_valid0_reg/C (clocked by clk_fpga_0) and design_1_i/pipelined_layer_proc_0/inst/grp_dataflow_parent_loop_proc_fu_232/dataflow_in_loop_Depth_Loop_U0/compute_systolic_U0/big_tile_A_4_load_reg_14979_reg[251]/D (clocked by clk_fpga_0). Large setup violations at the end of those stages might be difficult to fix during the post-placement implementation flow and could be the result of non-optimal XDC constraints or non-optimal design architecture
Related violations: <none>

TIMING-16#674 Warning
Large setup violation  
There is a large setup violation of -1.846 ns between design_1_i/pipelined_layer_proc_0/inst/grp_dataflow_parent_loop_proc_fu_232/dataflow_in_loop_Depth_Loop_U0/tile_A_V_3_U/reg_valid0_reg/C (clocked by clk_fpga_0) and design_1_i/pipelined_layer_proc_0/inst/grp_dataflow_parent_loop_proc_fu_232/dataflow_in_loop_Depth_Loop_U0/compute_systolic_U0/big_tile_A_4_load_reg_14979_reg[242]/D (clocked by clk_fpga_0). Large setup violations at the end of those stages might be difficult to fix during the post-placement implementation flow and could be the result of non-optimal XDC constraints or non-optimal design architecture
Related violations: <none>

TIMING-16#675 Warning
Large setup violation  
There is a large setup violation of -1.852 ns between design_1_i/pipelined_layer_proc_0/inst/grp_dataflow_parent_loop_proc_fu_232/dataflow_in_loop_Depth_Loop_U0/compute_systolic_U0/grp_compute_systolic_Pipeline_Load_Cache_Row_fu_3428_ap_start_reg_reg/C (clocked by clk_fpga_0) and design_1_i/pipelined_layer_proc_0/inst/grp_dataflow_parent_loop_proc_fu_232/dataflow_in_loop_Depth_Loop_U0/compute_systolic_U0/grp_compute_systolic_Pipeline_Load_Cache_Row_fu_3428/local_regs_V_713_fu_2004_reg[23]/CE (clocked by clk_fpga_0). Large setup violations at the end of those stages might be difficult to fix during the post-placement implementation flow and could be the result of non-optimal XDC constraints or non-optimal design architecture
Related violations: <none>

TIMING-16#676 Warning
Large setup violation  
There is a large setup violation of -1.852 ns between design_1_i/pipelined_layer_proc_0/inst/grp_dataflow_parent_loop_proc_fu_232/dataflow_in_loop_Depth_Loop_U0/compute_systolic_U0/grp_compute_systolic_Pipeline_Load_Cache_Row_fu_3428_ap_start_reg_reg/C (clocked by clk_fpga_0) and design_1_i/pipelined_layer_proc_0/inst/grp_dataflow_parent_loop_proc_fu_232/dataflow_in_loop_Depth_Loop_U0/compute_systolic_U0/grp_compute_systolic_Pipeline_Load_Cache_Row_fu_3428/local_regs_V_713_fu_2004_reg[24]/CE (clocked by clk_fpga_0). Large setup violations at the end of those stages might be difficult to fix during the post-placement implementation flow and could be the result of non-optimal XDC constraints or non-optimal design architecture
Related violations: <none>

TIMING-16#677 Warning
Large setup violation  
There is a large setup violation of -1.852 ns between design_1_i/pipelined_layer_proc_0/inst/grp_dataflow_parent_loop_proc_fu_232/dataflow_in_loop_Depth_Loop_U0/compute_systolic_U0/grp_compute_systolic_Pipeline_Load_Cache_Row_fu_3428_ap_start_reg_reg/C (clocked by clk_fpga_0) and design_1_i/pipelined_layer_proc_0/inst/grp_dataflow_parent_loop_proc_fu_232/dataflow_in_loop_Depth_Loop_U0/compute_systolic_U0/grp_compute_systolic_Pipeline_Load_Cache_Row_fu_3428/local_regs_V_715_fu_2012_reg[11]/CE (clocked by clk_fpga_0). Large setup violations at the end of those stages might be difficult to fix during the post-placement implementation flow and could be the result of non-optimal XDC constraints or non-optimal design architecture
Related violations: <none>

TIMING-16#678 Warning
Large setup violation  
There is a large setup violation of -1.852 ns between design_1_i/pipelined_layer_proc_0/inst/grp_dataflow_parent_loop_proc_fu_232/dataflow_in_loop_Depth_Loop_U0/compute_systolic_U0/grp_compute_systolic_Pipeline_Load_Cache_Row_fu_3428_ap_start_reg_reg/C (clocked by clk_fpga_0) and design_1_i/pipelined_layer_proc_0/inst/grp_dataflow_parent_loop_proc_fu_232/dataflow_in_loop_Depth_Loop_U0/compute_systolic_U0/grp_compute_systolic_Pipeline_Load_Cache_Row_fu_3428/local_regs_V_715_fu_2012_reg[16]/CE (clocked by clk_fpga_0). Large setup violations at the end of those stages might be difficult to fix during the post-placement implementation flow and could be the result of non-optimal XDC constraints or non-optimal design architecture
Related violations: <none>

TIMING-16#679 Warning
Large setup violation  
There is a large setup violation of -1.852 ns between design_1_i/pipelined_layer_proc_0/inst/grp_dataflow_parent_loop_proc_fu_232/dataflow_in_loop_Depth_Loop_U0/compute_systolic_U0/grp_compute_systolic_Pipeline_Load_Cache_Row_fu_3428_ap_start_reg_reg/C (clocked by clk_fpga_0) and design_1_i/pipelined_layer_proc_0/inst/grp_dataflow_parent_loop_proc_fu_232/dataflow_in_loop_Depth_Loop_U0/compute_systolic_U0/grp_compute_systolic_Pipeline_Load_Cache_Row_fu_3428/local_regs_V_715_fu_2012_reg[17]/CE (clocked by clk_fpga_0). Large setup violations at the end of those stages might be difficult to fix during the post-placement implementation flow and could be the result of non-optimal XDC constraints or non-optimal design architecture
Related violations: <none>

TIMING-16#680 Warning
Large setup violation  
There is a large setup violation of -1.852 ns between design_1_i/pipelined_layer_proc_0/inst/grp_dataflow_parent_loop_proc_fu_232/dataflow_in_loop_Depth_Loop_U0/compute_systolic_U0/grp_compute_systolic_Pipeline_Load_Cache_Row_fu_3428_ap_start_reg_reg/C (clocked by clk_fpga_0) and design_1_i/pipelined_layer_proc_0/inst/grp_dataflow_parent_loop_proc_fu_232/dataflow_in_loop_Depth_Loop_U0/compute_systolic_U0/grp_compute_systolic_Pipeline_Load_Cache_Row_fu_3428/local_regs_V_715_fu_2012_reg[19]/CE (clocked by clk_fpga_0). Large setup violations at the end of those stages might be difficult to fix during the post-placement implementation flow and could be the result of non-optimal XDC constraints or non-optimal design architecture
Related violations: <none>

TIMING-16#681 Warning
Large setup violation  
There is a large setup violation of -1.852 ns between design_1_i/pipelined_layer_proc_0/inst/grp_dataflow_parent_loop_proc_fu_232/dataflow_in_loop_Depth_Loop_U0/compute_systolic_U0/grp_compute_systolic_Pipeline_Load_Cache_Row_fu_3428_ap_start_reg_reg/C (clocked by clk_fpga_0) and design_1_i/pipelined_layer_proc_0/inst/grp_dataflow_parent_loop_proc_fu_232/dataflow_in_loop_Depth_Loop_U0/compute_systolic_U0/grp_compute_systolic_Pipeline_Load_Cache_Row_fu_3428/local_regs_V_715_fu_2012_reg[29]/CE (clocked by clk_fpga_0). Large setup violations at the end of those stages might be difficult to fix during the post-placement implementation flow and could be the result of non-optimal XDC constraints or non-optimal design architecture
Related violations: <none>

TIMING-16#682 Warning
Large setup violation  
There is a large setup violation of -1.852 ns between design_1_i/pipelined_layer_proc_0/inst/grp_dataflow_parent_loop_proc_fu_232/dataflow_in_loop_Depth_Loop_U0/compute_systolic_U0/grp_compute_systolic_Pipeline_Load_Cache_Row_fu_3428_ap_start_reg_reg/C (clocked by clk_fpga_0) and design_1_i/pipelined_layer_proc_0/inst/grp_dataflow_parent_loop_proc_fu_232/dataflow_in_loop_Depth_Loop_U0/compute_systolic_U0/grp_compute_systolic_Pipeline_Load_Cache_Row_fu_3428/local_regs_V_715_fu_2012_reg[8]/CE (clocked by clk_fpga_0). Large setup violations at the end of those stages might be difficult to fix during the post-placement implementation flow and could be the result of non-optimal XDC constraints or non-optimal design architecture
Related violations: <none>

TIMING-16#683 Warning
Large setup violation  
There is a large setup violation of -1.861 ns between design_1_i/pipelined_layer_proc_0/inst/grp_dataflow_parent_loop_proc_fu_232/dataflow_in_loop_Depth_Loop_U0/compute_systolic_U0/grp_compute_systolic_Pipeline_Pulse_fu_3978_ap_start_reg_reg_replica_7/C (clocked by clk_fpga_0) and design_1_i/pipelined_layer_proc_0/inst/grp_dataflow_parent_loop_proc_fu_232/dataflow_in_loop_Depth_Loop_U0/compute_systolic_U0/grp_compute_systolic_Pipeline_Pulse_fu_3978/h_wires_V_10_reg_15422_reg[7]_rep__11/D (clocked by clk_fpga_0). Large setup violations at the end of those stages might be difficult to fix during the post-placement implementation flow and could be the result of non-optimal XDC constraints or non-optimal design architecture
Related violations: <none>

TIMING-16#684 Warning
Large setup violation  
There is a large setup violation of -1.861 ns between design_1_i/pipelined_layer_proc_0/inst/grp_dataflow_parent_loop_proc_fu_232/dataflow_in_loop_Depth_Loop_U0/tile_A_V_3_U/reg_valid0_reg/C (clocked by clk_fpga_0) and design_1_i/pipelined_layer_proc_0/inst/grp_dataflow_parent_loop_proc_fu_232/dataflow_in_loop_Depth_Loop_U0/compute_systolic_U0/big_tile_A_4_load_reg_14979_reg[138]/D (clocked by clk_fpga_0). Large setup violations at the end of those stages might be difficult to fix during the post-placement implementation flow and could be the result of non-optimal XDC constraints or non-optimal design architecture
Related violations: <none>

TIMING-16#685 Warning
Large setup violation  
There is a large setup violation of -1.862 ns between design_1_i/pipelined_layer_proc_0/inst/grp_dataflow_parent_loop_proc_fu_232/dataflow_in_loop_Depth_Loop_U0/compute_systolic_U0/ap_CS_fsm_reg[3]/C (clocked by clk_fpga_0) and design_1_i/pipelined_layer_proc_0/inst/grp_dataflow_parent_loop_proc_fu_232/dataflow_in_loop_Depth_Loop_U0/compute_systolic_U0/big_tile_A_1_load_reg_14964_reg[187]/CE (clocked by clk_fpga_0). Large setup violations at the end of those stages might be difficult to fix during the post-placement implementation flow and could be the result of non-optimal XDC constraints or non-optimal design architecture
Related violations: <none>

TIMING-16#686 Warning
Large setup violation  
There is a large setup violation of -1.862 ns between design_1_i/pipelined_layer_proc_0/inst/grp_dataflow_parent_loop_proc_fu_232/dataflow_in_loop_Depth_Loop_U0/compute_systolic_U0/ap_CS_fsm_reg[3]/C (clocked by clk_fpga_0) and design_1_i/pipelined_layer_proc_0/inst/grp_dataflow_parent_loop_proc_fu_232/dataflow_in_loop_Depth_Loop_U0/compute_systolic_U0/big_tile_A_1_load_reg_14964_reg[27]/CE (clocked by clk_fpga_0). Large setup violations at the end of those stages might be difficult to fix during the post-placement implementation flow and could be the result of non-optimal XDC constraints or non-optimal design architecture
Related violations: <none>

TIMING-16#687 Warning
Large setup violation  
There is a large setup violation of -1.864 ns between design_1_i/pipelined_layer_proc_0/inst/grp_dataflow_parent_loop_proc_fu_232/dataflow_in_loop_Depth_Loop_U0/compute_systolic_U0/grp_compute_systolic_Pipeline_Load_Cache_Row_fu_3428_ap_start_reg_reg/C (clocked by clk_fpga_0) and design_1_i/pipelined_layer_proc_0/inst/grp_dataflow_parent_loop_proc_fu_232/dataflow_in_loop_Depth_Loop_U0/compute_systolic_U0/grp_compute_systolic_Pipeline_Load_Cache_Row_fu_3428/local_regs_V_713_fu_2004_reg[10]/CE (clocked by clk_fpga_0). Large setup violations at the end of those stages might be difficult to fix during the post-placement implementation flow and could be the result of non-optimal XDC constraints or non-optimal design architecture
Related violations: <none>

TIMING-16#688 Warning
Large setup violation  
There is a large setup violation of -1.864 ns between design_1_i/pipelined_layer_proc_0/inst/grp_dataflow_parent_loop_proc_fu_232/dataflow_in_loop_Depth_Loop_U0/tile_A_V_3_U/reg_valid0_reg/C (clocked by clk_fpga_0) and design_1_i/pipelined_layer_proc_0/inst/grp_dataflow_parent_loop_proc_fu_232/dataflow_in_loop_Depth_Loop_U0/compute_systolic_U0/big_tile_A_8_load_reg_14999_reg[103]/D (clocked by clk_fpga_0). Large setup violations at the end of those stages might be difficult to fix during the post-placement implementation flow and could be the result of non-optimal XDC constraints or non-optimal design architecture
Related violations: <none>

TIMING-16#689 Warning
Large setup violation  
There is a large setup violation of -1.865 ns between design_1_i/pipelined_layer_proc_0/inst/grp_dataflow_parent_loop_proc_fu_232/dataflow_in_loop_Depth_Loop_U0/tile_A_V_3_U/reg_valid0_reg/C (clocked by clk_fpga_0) and design_1_i/pipelined_layer_proc_0/inst/grp_dataflow_parent_loop_proc_fu_232/dataflow_in_loop_Depth_Loop_U0/compute_systolic_U0/big_tile_A_8_load_reg_14999_reg[135]/D (clocked by clk_fpga_0). Large setup violations at the end of those stages might be difficult to fix during the post-placement implementation flow and could be the result of non-optimal XDC constraints or non-optimal design architecture
Related violations: <none>

TIMING-16#690 Warning
Large setup violation  
There is a large setup violation of -1.868 ns between design_1_i/pipelined_layer_proc_0/inst/grp_dataflow_parent_loop_proc_fu_232/dataflow_in_loop_Depth_Loop_U0/compute_systolic_U0/ap_CS_fsm_reg[3]/C (clocked by clk_fpga_0) and design_1_i/pipelined_layer_proc_0/inst/grp_dataflow_parent_loop_proc_fu_232/dataflow_in_loop_Depth_Loop_U0/compute_systolic_U0/big_tile_A_13_load_reg_15024_reg[52]/CE (clocked by clk_fpga_0). Large setup violations at the end of those stages might be difficult to fix during the post-placement implementation flow and could be the result of non-optimal XDC constraints or non-optimal design architecture
Related violations: <none>

TIMING-16#691 Warning
Large setup violation  
There is a large setup violation of -1.868 ns between design_1_i/pipelined_layer_proc_0/inst/grp_dataflow_parent_loop_proc_fu_232/dataflow_in_loop_Depth_Loop_U0/compute_systolic_U0/ap_CS_fsm_reg[3]/C (clocked by clk_fpga_0) and design_1_i/pipelined_layer_proc_0/inst/grp_dataflow_parent_loop_proc_fu_232/dataflow_in_loop_Depth_Loop_U0/compute_systolic_U0/big_tile_A_9_load_reg_15004_reg[18]/CE (clocked by clk_fpga_0). Large setup violations at the end of those stages might be difficult to fix during the post-placement implementation flow and could be the result of non-optimal XDC constraints or non-optimal design architecture
Related violations: <none>

TIMING-16#692 Warning
Large setup violation  
There is a large setup violation of -1.870 ns between design_1_i/pipelined_layer_proc_0/inst/grp_dataflow_parent_loop_proc_fu_232/dataflow_in_loop_Depth_Loop_U0/compute_systolic_U0/ap_CS_fsm_reg[3]/C (clocked by clk_fpga_0) and design_1_i/pipelined_layer_proc_0/inst/grp_dataflow_parent_loop_proc_fu_232/dataflow_in_loop_Depth_Loop_U0/compute_systolic_U0/big_tile_A_15_load_reg_15034_reg[224]/CE (clocked by clk_fpga_0). Large setup violations at the end of those stages might be difficult to fix during the post-placement implementation flow and could be the result of non-optimal XDC constraints or non-optimal design architecture
Related violations: <none>

TIMING-16#693 Warning
Large setup violation  
There is a large setup violation of -1.870 ns between design_1_i/pipelined_layer_proc_0/inst/grp_dataflow_parent_loop_proc_fu_232/dataflow_in_loop_Depth_Loop_U0/compute_systolic_U0/ap_CS_fsm_reg[3]/C (clocked by clk_fpga_0) and design_1_i/pipelined_layer_proc_0/inst/grp_dataflow_parent_loop_proc_fu_232/dataflow_in_loop_Depth_Loop_U0/compute_systolic_U0/big_tile_A_15_load_reg_15034_reg[226]/CE (clocked by clk_fpga_0). Large setup violations at the end of those stages might be difficult to fix during the post-placement implementation flow and could be the result of non-optimal XDC constraints or non-optimal design architecture
Related violations: <none>

TIMING-16#694 Warning
Large setup violation  
There is a large setup violation of -1.870 ns between design_1_i/pipelined_layer_proc_0/inst/grp_dataflow_parent_loop_proc_fu_232/dataflow_in_loop_Depth_Loop_U0/compute_systolic_U0/ap_CS_fsm_reg[3]/C (clocked by clk_fpga_0) and design_1_i/pipelined_layer_proc_0/inst/grp_dataflow_parent_loop_proc_fu_232/dataflow_in_loop_Depth_Loop_U0/compute_systolic_U0/big_tile_A_15_load_reg_15034_reg[228]/CE (clocked by clk_fpga_0). Large setup violations at the end of those stages might be difficult to fix during the post-placement implementation flow and could be the result of non-optimal XDC constraints or non-optimal design architecture
Related violations: <none>

TIMING-16#695 Warning
Large setup violation  
There is a large setup violation of -1.870 ns between design_1_i/pipelined_layer_proc_0/inst/grp_dataflow_parent_loop_proc_fu_232/dataflow_in_loop_Depth_Loop_U0/compute_systolic_U0/ap_CS_fsm_reg[3]/C (clocked by clk_fpga_0) and design_1_i/pipelined_layer_proc_0/inst/grp_dataflow_parent_loop_proc_fu_232/dataflow_in_loop_Depth_Loop_U0/compute_systolic_U0/big_tile_A_15_load_reg_15034_reg[242]/CE (clocked by clk_fpga_0). Large setup violations at the end of those stages might be difficult to fix during the post-placement implementation flow and could be the result of non-optimal XDC constraints or non-optimal design architecture
Related violations: <none>

TIMING-16#696 Warning
Large setup violation  
There is a large setup violation of -1.871 ns between design_1_i/pipelined_layer_proc_0/inst/grp_dataflow_parent_loop_proc_fu_232/dataflow_in_loop_Depth_Loop_U0/compute_systolic_U0/grp_compute_systolic_Pipeline_Pulse_fu_3978_ap_start_reg_reg_replica_7/C (clocked by clk_fpga_0) and design_1_i/pipelined_layer_proc_0/inst/grp_dataflow_parent_loop_proc_fu_232/dataflow_in_loop_Depth_Loop_U0/compute_systolic_U0/grp_compute_systolic_Pipeline_Pulse_fu_3978/h_wires_V_10_reg_15422_reg[7]_rep__10/D (clocked by clk_fpga_0). Large setup violations at the end of those stages might be difficult to fix during the post-placement implementation flow and could be the result of non-optimal XDC constraints or non-optimal design architecture
Related violations: <none>

TIMING-16#697 Warning
Large setup violation  
There is a large setup violation of -1.878 ns between design_1_i/rst_ps7_0_100M/U0/ACTIVE_LOW_PR_OUT_DFF[0].FDRE_PER_N/C (clocked by clk_fpga_0) and design_1_i/pipelined_layer_proc_0/inst/gmem1_m_axi_U/load_unit/buff_rdata/U_fifo_mem/mem_reg_1/ENARDEN (clocked by clk_fpga_0). Large setup violations at the end of those stages might be difficult to fix during the post-placement implementation flow and could be the result of non-optimal XDC constraints or non-optimal design architecture
Related violations: <none>

TIMING-16#698 Warning
Large setup violation  
There is a large setup violation of -1.886 ns between design_1_i/pipelined_layer_proc_0/inst/grp_dataflow_parent_loop_proc_fu_232/dataflow_in_loop_Depth_Loop_U0/compute_systolic_U0/ap_CS_fsm_reg[3]/C (clocked by clk_fpga_0) and design_1_i/pipelined_layer_proc_0/inst/grp_dataflow_parent_loop_proc_fu_232/dataflow_in_loop_Depth_Loop_U0/compute_systolic_U0/big_tile_A_13_load_reg_15024_reg[30]/CE (clocked by clk_fpga_0). Large setup violations at the end of those stages might be difficult to fix during the post-placement implementation flow and could be the result of non-optimal XDC constraints or non-optimal design architecture
Related violations: <none>

TIMING-16#699 Warning
Large setup violation  
There is a large setup violation of -1.886 ns between design_1_i/pipelined_layer_proc_0/inst/grp_dataflow_parent_loop_proc_fu_232/dataflow_in_loop_Depth_Loop_U0/compute_systolic_U0/ap_CS_fsm_reg[3]/C (clocked by clk_fpga_0) and design_1_i/pipelined_layer_proc_0/inst/grp_dataflow_parent_loop_proc_fu_232/dataflow_in_loop_Depth_Loop_U0/compute_systolic_U0/big_tile_A_13_load_reg_15024_reg[32]/CE (clocked by clk_fpga_0). Large setup violations at the end of those stages might be difficult to fix during the post-placement implementation flow and could be the result of non-optimal XDC constraints or non-optimal design architecture
Related violations: <none>

TIMING-16#700 Warning
Large setup violation  
There is a large setup violation of -1.886 ns between design_1_i/pipelined_layer_proc_0/inst/grp_dataflow_parent_loop_proc_fu_232/dataflow_in_loop_Depth_Loop_U0/compute_systolic_U0/ap_CS_fsm_reg[3]/C (clocked by clk_fpga_0) and design_1_i/pipelined_layer_proc_0/inst/grp_dataflow_parent_loop_proc_fu_232/dataflow_in_loop_Depth_Loop_U0/compute_systolic_U0/big_tile_A_13_load_reg_15024_reg[60]/CE (clocked by clk_fpga_0). Large setup violations at the end of those stages might be difficult to fix during the post-placement implementation flow and could be the result of non-optimal XDC constraints or non-optimal design architecture
Related violations: <none>

TIMING-16#701 Warning
Large setup violation  
There is a large setup violation of -1.886 ns between design_1_i/pipelined_layer_proc_0/inst/grp_dataflow_parent_loop_proc_fu_232/dataflow_in_loop_Depth_Loop_U0/compute_systolic_U0/ap_CS_fsm_reg[3]/C (clocked by clk_fpga_0) and design_1_i/pipelined_layer_proc_0/inst/grp_dataflow_parent_loop_proc_fu_232/dataflow_in_loop_Depth_Loop_U0/compute_systolic_U0/big_tile_A_9_load_reg_15004_reg[12]/CE (clocked by clk_fpga_0). Large setup violations at the end of those stages might be difficult to fix during the post-placement implementation flow and could be the result of non-optimal XDC constraints or non-optimal design architecture
Related violations: <none>

TIMING-16#702 Warning
Large setup violation  
There is a large setup violation of -1.886 ns between design_1_i/pipelined_layer_proc_0/inst/grp_dataflow_parent_loop_proc_fu_232/dataflow_in_loop_Depth_Loop_U0/compute_systolic_U0/ap_CS_fsm_reg[3]/C (clocked by clk_fpga_0) and design_1_i/pipelined_layer_proc_0/inst/grp_dataflow_parent_loop_proc_fu_232/dataflow_in_loop_Depth_Loop_U0/compute_systolic_U0/big_tile_A_9_load_reg_15004_reg[219]/CE (clocked by clk_fpga_0). Large setup violations at the end of those stages might be difficult to fix during the post-placement implementation flow and could be the result of non-optimal XDC constraints or non-optimal design architecture
Related violations: <none>

TIMING-16#703 Warning
Large setup violation  
There is a large setup violation of -1.886 ns between design_1_i/pipelined_layer_proc_0/inst/grp_dataflow_parent_loop_proc_fu_232/dataflow_in_loop_Depth_Loop_U0/compute_systolic_U0/ap_CS_fsm_reg[3]/C (clocked by clk_fpga_0) and design_1_i/pipelined_layer_proc_0/inst/grp_dataflow_parent_loop_proc_fu_232/dataflow_in_loop_Depth_Loop_U0/compute_systolic_U0/big_tile_A_9_load_reg_15004_reg[228]/CE (clocked by clk_fpga_0). Large setup violations at the end of those stages might be difficult to fix during the post-placement implementation flow and could be the result of non-optimal XDC constraints or non-optimal design architecture
Related violations: <none>

TIMING-16#704 Warning
Large setup violation  
There is a large setup violation of -1.886 ns between design_1_i/pipelined_layer_proc_0/inst/grp_dataflow_parent_loop_proc_fu_232/dataflow_in_loop_Depth_Loop_U0/compute_systolic_U0/ap_CS_fsm_reg[3]/C (clocked by clk_fpga_0) and design_1_i/pipelined_layer_proc_0/inst/grp_dataflow_parent_loop_proc_fu_232/dataflow_in_loop_Depth_Loop_U0/compute_systolic_U0/big_tile_A_9_load_reg_15004_reg[233]/CE (clocked by clk_fpga_0). Large setup violations at the end of those stages might be difficult to fix during the post-placement implementation flow and could be the result of non-optimal XDC constraints or non-optimal design architecture
Related violations: <none>

TIMING-16#705 Warning
Large setup violation  
There is a large setup violation of -1.892 ns between design_1_i/pipelined_layer_proc_0/inst/grp_dataflow_parent_loop_proc_fu_232/dataflow_in_loop_Depth_Loop_U0/compute_systolic_U0/ap_CS_fsm_reg[3]/C (clocked by clk_fpga_0) and design_1_i/pipelined_layer_proc_0/inst/grp_dataflow_parent_loop_proc_fu_232/dataflow_in_loop_Depth_Loop_U0/compute_systolic_U0/big_tile_A_0_load_reg_14959_reg[222]/CE (clocked by clk_fpga_0). Large setup violations at the end of those stages might be difficult to fix during the post-placement implementation flow and could be the result of non-optimal XDC constraints or non-optimal design architecture
Related violations: <none>

TIMING-16#706 Warning
Large setup violation  
There is a large setup violation of -1.892 ns between design_1_i/pipelined_layer_proc_0/inst/grp_dataflow_parent_loop_proc_fu_232/dataflow_in_loop_Depth_Loop_U0/compute_systolic_U0/ap_CS_fsm_reg[3]/C (clocked by clk_fpga_0) and design_1_i/pipelined_layer_proc_0/inst/grp_dataflow_parent_loop_proc_fu_232/dataflow_in_loop_Depth_Loop_U0/compute_systolic_U0/big_tile_A_0_load_reg_14959_reg[223]/CE (clocked by clk_fpga_0). Large setup violations at the end of those stages might be difficult to fix during the post-placement implementation flow and could be the result of non-optimal XDC constraints or non-optimal design architecture
Related violations: <none>

TIMING-16#707 Warning
Large setup violation  
There is a large setup violation of -1.895 ns between design_1_i/pipelined_layer_proc_0/inst/grp_dataflow_parent_loop_proc_fu_232/dataflow_in_loop_Depth_Loop_U0/compute_systolic_U0/grp_compute_systolic_Pipeline_Load_Cache_Row_fu_3428_ap_start_reg_reg/C (clocked by clk_fpga_0) and design_1_i/pipelined_layer_proc_0/inst/grp_dataflow_parent_loop_proc_fu_232/dataflow_in_loop_Depth_Loop_U0/compute_systolic_U0/grp_compute_systolic_Pipeline_Load_Cache_Row_fu_3428/local_regs_V_717_fu_2020_reg[0]/CE (clocked by clk_fpga_0). Large setup violations at the end of those stages might be difficult to fix during the post-placement implementation flow and could be the result of non-optimal XDC constraints or non-optimal design architecture
Related violations: <none>

TIMING-16#708 Warning
Large setup violation  
There is a large setup violation of -1.895 ns between design_1_i/pipelined_layer_proc_0/inst/grp_dataflow_parent_loop_proc_fu_232/dataflow_in_loop_Depth_Loop_U0/compute_systolic_U0/grp_compute_systolic_Pipeline_Load_Cache_Row_fu_3428_ap_start_reg_reg/C (clocked by clk_fpga_0) and design_1_i/pipelined_layer_proc_0/inst/grp_dataflow_parent_loop_proc_fu_232/dataflow_in_loop_Depth_Loop_U0/compute_systolic_U0/grp_compute_systolic_Pipeline_Load_Cache_Row_fu_3428/local_regs_V_717_fu_2020_reg[2]/CE (clocked by clk_fpga_0). Large setup violations at the end of those stages might be difficult to fix during the post-placement implementation flow and could be the result of non-optimal XDC constraints or non-optimal design architecture
Related violations: <none>

TIMING-16#709 Warning
Large setup violation  
There is a large setup violation of -1.895 ns between design_1_i/pipelined_layer_proc_0/inst/grp_dataflow_parent_loop_proc_fu_232/dataflow_in_loop_Depth_Loop_U0/compute_systolic_U0/grp_compute_systolic_Pipeline_Load_Cache_Row_fu_3428_ap_start_reg_reg/C (clocked by clk_fpga_0) and design_1_i/pipelined_layer_proc_0/inst/grp_dataflow_parent_loop_proc_fu_232/dataflow_in_loop_Depth_Loop_U0/compute_systolic_U0/grp_compute_systolic_Pipeline_Load_Cache_Row_fu_3428/local_regs_V_717_fu_2020_reg[3]/CE (clocked by clk_fpga_0). Large setup violations at the end of those stages might be difficult to fix during the post-placement implementation flow and could be the result of non-optimal XDC constraints or non-optimal design architecture
Related violations: <none>

TIMING-16#710 Warning
Large setup violation  
There is a large setup violation of -1.895 ns between design_1_i/pipelined_layer_proc_0/inst/grp_dataflow_parent_loop_proc_fu_232/dataflow_in_loop_Depth_Loop_U0/compute_systolic_U0/grp_compute_systolic_Pipeline_Load_Cache_Row_fu_3428_ap_start_reg_reg/C (clocked by clk_fpga_0) and design_1_i/pipelined_layer_proc_0/inst/grp_dataflow_parent_loop_proc_fu_232/dataflow_in_loop_Depth_Loop_U0/compute_systolic_U0/grp_compute_systolic_Pipeline_Load_Cache_Row_fu_3428/local_regs_V_717_fu_2020_reg[7]/CE (clocked by clk_fpga_0). Large setup violations at the end of those stages might be difficult to fix during the post-placement implementation flow and could be the result of non-optimal XDC constraints or non-optimal design architecture
Related violations: <none>

TIMING-16#711 Warning
Large setup violation  
There is a large setup violation of -1.898 ns between design_1_i/pipelined_layer_proc_0/inst/grp_dataflow_parent_loop_proc_fu_232/dataflow_in_loop_Depth_Loop_U0/compute_systolic_U0/grp_compute_systolic_Pipeline_Load_Cache_Row_fu_3428_ap_start_reg_reg/C (clocked by clk_fpga_0) and design_1_i/pipelined_layer_proc_0/inst/grp_dataflow_parent_loop_proc_fu_232/dataflow_in_loop_Depth_Loop_U0/compute_systolic_U0/grp_compute_systolic_Pipeline_Load_Cache_Row_fu_3428/local_regs_V_629_fu_1668_reg[20]/CE (clocked by clk_fpga_0). Large setup violations at the end of those stages might be difficult to fix during the post-placement implementation flow and could be the result of non-optimal XDC constraints or non-optimal design architecture
Related violations: <none>

TIMING-16#712 Warning
Large setup violation  
There is a large setup violation of -1.898 ns between design_1_i/pipelined_layer_proc_0/inst/grp_dataflow_parent_loop_proc_fu_232/dataflow_in_loop_Depth_Loop_U0/compute_systolic_U0/grp_compute_systolic_Pipeline_Load_Cache_Row_fu_3428_ap_start_reg_reg/C (clocked by clk_fpga_0) and design_1_i/pipelined_layer_proc_0/inst/grp_dataflow_parent_loop_proc_fu_232/dataflow_in_loop_Depth_Loop_U0/compute_systolic_U0/grp_compute_systolic_Pipeline_Load_Cache_Row_fu_3428/local_regs_V_629_fu_1668_reg[22]/CE (clocked by clk_fpga_0). Large setup violations at the end of those stages might be difficult to fix during the post-placement implementation flow and could be the result of non-optimal XDC constraints or non-optimal design architecture
Related violations: <none>

TIMING-16#713 Warning
Large setup violation  
There is a large setup violation of -1.898 ns between design_1_i/pipelined_layer_proc_0/inst/grp_dataflow_parent_loop_proc_fu_232/dataflow_in_loop_Depth_Loop_U0/compute_systolic_U0/grp_compute_systolic_Pipeline_Load_Cache_Row_fu_3428_ap_start_reg_reg/C (clocked by clk_fpga_0) and design_1_i/pipelined_layer_proc_0/inst/grp_dataflow_parent_loop_proc_fu_232/dataflow_in_loop_Depth_Loop_U0/compute_systolic_U0/grp_compute_systolic_Pipeline_Load_Cache_Row_fu_3428/local_regs_V_629_fu_1668_reg[2]/CE (clocked by clk_fpga_0). Large setup violations at the end of those stages might be difficult to fix during the post-placement implementation flow and could be the result of non-optimal XDC constraints or non-optimal design architecture
Related violations: <none>

TIMING-16#714 Warning
Large setup violation  
There is a large setup violation of -1.898 ns between design_1_i/pipelined_layer_proc_0/inst/grp_dataflow_parent_loop_proc_fu_232/dataflow_in_loop_Depth_Loop_U0/compute_systolic_U0/grp_compute_systolic_Pipeline_Load_Cache_Row_fu_3428_ap_start_reg_reg/C (clocked by clk_fpga_0) and design_1_i/pipelined_layer_proc_0/inst/grp_dataflow_parent_loop_proc_fu_232/dataflow_in_loop_Depth_Loop_U0/compute_systolic_U0/grp_compute_systolic_Pipeline_Load_Cache_Row_fu_3428/local_regs_V_629_fu_1668_reg[3]/CE (clocked by clk_fpga_0). Large setup violations at the end of those stages might be difficult to fix during the post-placement implementation flow and could be the result of non-optimal XDC constraints or non-optimal design architecture
Related violations: <none>

TIMING-16#715 Warning
Large setup violation  
There is a large setup violation of -1.900 ns between design_1_i/pipelined_layer_proc_0/inst/grp_dataflow_parent_loop_proc_fu_232/dataflow_in_loop_Depth_Loop_U0/compute_systolic_U0/ap_CS_fsm_reg[3]/C (clocked by clk_fpga_0) and design_1_i/pipelined_layer_proc_0/inst/grp_dataflow_parent_loop_proc_fu_232/dataflow_in_loop_Depth_Loop_U0/compute_systolic_U0/big_tile_A_13_load_reg_15024_reg[18]/CE (clocked by clk_fpga_0). Large setup violations at the end of those stages might be difficult to fix during the post-placement implementation flow and could be the result of non-optimal XDC constraints or non-optimal design architecture
Related violations: <none>

TIMING-16#716 Warning
Large setup violation  
There is a large setup violation of -1.900 ns between design_1_i/pipelined_layer_proc_0/inst/grp_dataflow_parent_loop_proc_fu_232/dataflow_in_loop_Depth_Loop_U0/compute_systolic_U0/ap_CS_fsm_reg[3]/C (clocked by clk_fpga_0) and design_1_i/pipelined_layer_proc_0/inst/grp_dataflow_parent_loop_proc_fu_232/dataflow_in_loop_Depth_Loop_U0/compute_systolic_U0/big_tile_A_13_load_reg_15024_reg[34]/CE (clocked by clk_fpga_0). Large setup violations at the end of those stages might be difficult to fix during the post-placement implementation flow and could be the result of non-optimal XDC constraints or non-optimal design architecture
Related violations: <none>

TIMING-16#717 Warning
Large setup violation  
There is a large setup violation of -1.900 ns between design_1_i/pipelined_layer_proc_0/inst/grp_dataflow_parent_loop_proc_fu_232/dataflow_in_loop_Depth_Loop_U0/compute_systolic_U0/ap_CS_fsm_reg[3]/C (clocked by clk_fpga_0) and design_1_i/pipelined_layer_proc_0/inst/grp_dataflow_parent_loop_proc_fu_232/dataflow_in_loop_Depth_Loop_U0/compute_systolic_U0/big_tile_A_13_load_reg_15024_reg[58]/CE (clocked by clk_fpga_0). Large setup violations at the end of those stages might be difficult to fix during the post-placement implementation flow and could be the result of non-optimal XDC constraints or non-optimal design architecture
Related violations: <none>

TIMING-16#718 Warning
Large setup violation  
There is a large setup violation of -1.900 ns between design_1_i/pipelined_layer_proc_0/inst/grp_dataflow_parent_loop_proc_fu_232/dataflow_in_loop_Depth_Loop_U0/compute_systolic_U0/ap_CS_fsm_reg[3]/C (clocked by clk_fpga_0) and design_1_i/pipelined_layer_proc_0/inst/grp_dataflow_parent_loop_proc_fu_232/dataflow_in_loop_Depth_Loop_U0/compute_systolic_U0/big_tile_A_9_load_reg_15004_reg[17]/CE (clocked by clk_fpga_0). Large setup violations at the end of those stages might be difficult to fix during the post-placement implementation flow and could be the result of non-optimal XDC constraints or non-optimal design architecture
Related violations: <none>

TIMING-16#719 Warning
Large setup violation  
There is a large setup violation of -1.900 ns between design_1_i/pipelined_layer_proc_0/inst/grp_dataflow_parent_loop_proc_fu_232/dataflow_in_loop_Depth_Loop_U0/compute_systolic_U0/ap_CS_fsm_reg[3]/C (clocked by clk_fpga_0) and design_1_i/pipelined_layer_proc_0/inst/grp_dataflow_parent_loop_proc_fu_232/dataflow_in_loop_Depth_Loop_U0/compute_systolic_U0/big_tile_A_9_load_reg_15004_reg[44]/CE (clocked by clk_fpga_0). Large setup violations at the end of those stages might be difficult to fix during the post-placement implementation flow and could be the result of non-optimal XDC constraints or non-optimal design architecture
Related violations: <none>

TIMING-16#720 Warning
Large setup violation  
There is a large setup violation of -1.900 ns between design_1_i/pipelined_layer_proc_0/inst/grp_dataflow_parent_loop_proc_fu_232/dataflow_in_loop_Depth_Loop_U0/compute_systolic_U0/ap_CS_fsm_reg[3]/C (clocked by clk_fpga_0) and design_1_i/pipelined_layer_proc_0/inst/grp_dataflow_parent_loop_proc_fu_232/dataflow_in_loop_Depth_Loop_U0/compute_systolic_U0/big_tile_A_9_load_reg_15004_reg[60]/CE (clocked by clk_fpga_0). Large setup violations at the end of those stages might be difficult to fix during the post-placement implementation flow and could be the result of non-optimal XDC constraints or non-optimal design architecture
Related violations: <none>

TIMING-16#721 Warning
Large setup violation  
There is a large setup violation of -1.900 ns between design_1_i/pipelined_layer_proc_0/inst/grp_dataflow_parent_loop_proc_fu_232/dataflow_in_loop_Depth_Loop_U0/compute_systolic_U0/ap_CS_fsm_reg[3]/C (clocked by clk_fpga_0) and design_1_i/pipelined_layer_proc_0/inst/grp_dataflow_parent_loop_proc_fu_232/dataflow_in_loop_Depth_Loop_U0/compute_systolic_U0/big_tile_A_9_load_reg_15004_reg[8]/CE (clocked by clk_fpga_0). Large setup violations at the end of those stages might be difficult to fix during the post-placement implementation flow and could be the result of non-optimal XDC constraints or non-optimal design architecture
Related violations: <none>

TIMING-16#722 Warning
Large setup violation  
There is a large setup violation of -1.904 ns between design_1_i/pipelined_layer_proc_0/inst/grp_dataflow_parent_loop_proc_fu_232/dataflow_in_loop_Depth_Loop_U0/compute_systolic_U0/ap_CS_fsm_reg[3]/C (clocked by clk_fpga_0) and design_1_i/pipelined_layer_proc_0/inst/grp_dataflow_parent_loop_proc_fu_232/dataflow_in_loop_Depth_Loop_U0/compute_systolic_U0/big_tile_A_13_load_reg_15024_reg[20]/CE (clocked by clk_fpga_0). Large setup violations at the end of those stages might be difficult to fix during the post-placement implementation flow and could be the result of non-optimal XDC constraints or non-optimal design architecture
Related violations: <none>

TIMING-16#723 Warning
Large setup violation  
There is a large setup violation of -1.904 ns between design_1_i/pipelined_layer_proc_0/inst/grp_dataflow_parent_loop_proc_fu_232/dataflow_in_loop_Depth_Loop_U0/compute_systolic_U0/ap_CS_fsm_reg[3]/C (clocked by clk_fpga_0) and design_1_i/pipelined_layer_proc_0/inst/grp_dataflow_parent_loop_proc_fu_232/dataflow_in_loop_Depth_Loop_U0/compute_systolic_U0/big_tile_A_13_load_reg_15024_reg[68]/CE (clocked by clk_fpga_0). Large setup violations at the end of those stages might be difficult to fix during the post-placement implementation flow and could be the result of non-optimal XDC constraints or non-optimal design architecture
Related violations: <none>

TIMING-16#724 Warning
Large setup violation  
There is a large setup violation of -1.904 ns between design_1_i/pipelined_layer_proc_0/inst/grp_dataflow_parent_loop_proc_fu_232/dataflow_in_loop_Depth_Loop_U0/compute_systolic_U0/ap_CS_fsm_reg[3]/C (clocked by clk_fpga_0) and design_1_i/pipelined_layer_proc_0/inst/grp_dataflow_parent_loop_proc_fu_232/dataflow_in_loop_Depth_Loop_U0/compute_systolic_U0/big_tile_A_9_load_reg_15004_reg[16]/CE (clocked by clk_fpga_0). Large setup violations at the end of those stages might be difficult to fix during the post-placement implementation flow and could be the result of non-optimal XDC constraints or non-optimal design architecture
Related violations: <none>

TIMING-16#725 Warning
Large setup violation  
There is a large setup violation of -1.908 ns between design_1_i/pipelined_layer_proc_0/inst/grp_dataflow_parent_loop_proc_fu_232/dataflow_in_loop_Depth_Loop_U0/compute_systolic_U0/grp_compute_systolic_Pipeline_Load_Cache_Row_fu_3428_ap_start_reg_reg/C (clocked by clk_fpga_0) and design_1_i/pipelined_layer_proc_0/inst/grp_dataflow_parent_loop_proc_fu_232/dataflow_in_loop_Depth_Loop_U0/compute_systolic_U0/grp_compute_systolic_Pipeline_Load_Cache_Row_fu_3428/local_regs_V_746_fu_2136_reg[27]/D (clocked by clk_fpga_0). Large setup violations at the end of those stages might be difficult to fix during the post-placement implementation flow and could be the result of non-optimal XDC constraints or non-optimal design architecture
Related violations: <none>

TIMING-16#726 Warning
Large setup violation  
There is a large setup violation of -1.908 ns between design_1_i/pipelined_layer_proc_0/inst/grp_dataflow_parent_loop_proc_fu_232/dataflow_in_loop_Depth_Loop_U0/tile_A_V_3_U/reg_valid0_reg/C (clocked by clk_fpga_0) and design_1_i/pipelined_layer_proc_0/inst/grp_dataflow_parent_loop_proc_fu_232/dataflow_in_loop_Depth_Loop_U0/compute_systolic_U0/big_tile_A_8_load_reg_14999_reg[8]/D (clocked by clk_fpga_0). Large setup violations at the end of those stages might be difficult to fix during the post-placement implementation flow and could be the result of non-optimal XDC constraints or non-optimal design architecture
Related violations: <none>

TIMING-16#727 Warning
Large setup violation  
There is a large setup violation of -1.910 ns between design_1_i/pipelined_layer_proc_0/inst/grp_dataflow_parent_loop_proc_fu_232/dataflow_in_loop_Depth_Loop_U0/compute_systolic_U0/grp_compute_systolic_Pipeline_Load_Cache_Row_fu_3428_ap_start_reg_reg/C (clocked by clk_fpga_0) and design_1_i/pipelined_layer_proc_0/inst/grp_dataflow_parent_loop_proc_fu_232/dataflow_in_loop_Depth_Loop_U0/compute_systolic_U0/grp_compute_systolic_Pipeline_Load_Cache_Row_fu_3428/local_regs_V_675_fu_1852_reg[14]/CE (clocked by clk_fpga_0). Large setup violations at the end of those stages might be difficult to fix during the post-placement implementation flow and could be the result of non-optimal XDC constraints or non-optimal design architecture
Related violations: <none>

TIMING-16#728 Warning
Large setup violation  
There is a large setup violation of -1.910 ns between design_1_i/pipelined_layer_proc_0/inst/grp_dataflow_parent_loop_proc_fu_232/dataflow_in_loop_Depth_Loop_U0/compute_systolic_U0/grp_compute_systolic_Pipeline_Load_Cache_Row_fu_3428_ap_start_reg_reg/C (clocked by clk_fpga_0) and design_1_i/pipelined_layer_proc_0/inst/grp_dataflow_parent_loop_proc_fu_232/dataflow_in_loop_Depth_Loop_U0/compute_systolic_U0/grp_compute_systolic_Pipeline_Load_Cache_Row_fu_3428/local_regs_V_675_fu_1852_reg[26]/CE (clocked by clk_fpga_0). Large setup violations at the end of those stages might be difficult to fix during the post-placement implementation flow and could be the result of non-optimal XDC constraints or non-optimal design architecture
Related violations: <none>

TIMING-16#729 Warning
Large setup violation  
There is a large setup violation of -1.910 ns between design_1_i/pipelined_layer_proc_0/inst/grp_dataflow_parent_loop_proc_fu_232/dataflow_in_loop_Depth_Loop_U0/compute_systolic_U0/grp_compute_systolic_Pipeline_Load_Cache_Row_fu_3428_ap_start_reg_reg/C (clocked by clk_fpga_0) and design_1_i/pipelined_layer_proc_0/inst/grp_dataflow_parent_loop_proc_fu_232/dataflow_in_loop_Depth_Loop_U0/compute_systolic_U0/grp_compute_systolic_Pipeline_Load_Cache_Row_fu_3428/local_regs_V_675_fu_1852_reg[28]/CE (clocked by clk_fpga_0). Large setup violations at the end of those stages might be difficult to fix during the post-placement implementation flow and could be the result of non-optimal XDC constraints or non-optimal design architecture
Related violations: <none>

TIMING-16#730 Warning
Large setup violation  
There is a large setup violation of -1.910 ns between design_1_i/pipelined_layer_proc_0/inst/grp_dataflow_parent_loop_proc_fu_232/dataflow_in_loop_Depth_Loop_U0/compute_systolic_U0/grp_compute_systolic_Pipeline_Load_Cache_Row_fu_3428_ap_start_reg_reg/C (clocked by clk_fpga_0) and design_1_i/pipelined_layer_proc_0/inst/grp_dataflow_parent_loop_proc_fu_232/dataflow_in_loop_Depth_Loop_U0/compute_systolic_U0/grp_compute_systolic_Pipeline_Load_Cache_Row_fu_3428/local_regs_V_675_fu_1852_reg[29]/CE (clocked by clk_fpga_0). Large setup violations at the end of those stages might be difficult to fix during the post-placement implementation flow and could be the result of non-optimal XDC constraints or non-optimal design architecture
Related violations: <none>

TIMING-16#731 Warning
Large setup violation  
There is a large setup violation of -1.910 ns between design_1_i/pipelined_layer_proc_0/inst/grp_dataflow_parent_loop_proc_fu_232/dataflow_in_loop_Depth_Loop_U0/compute_systolic_U0/grp_compute_systolic_Pipeline_Load_Cache_Row_fu_3428_ap_start_reg_reg/C (clocked by clk_fpga_0) and design_1_i/pipelined_layer_proc_0/inst/grp_dataflow_parent_loop_proc_fu_232/dataflow_in_loop_Depth_Loop_U0/compute_systolic_U0/grp_compute_systolic_Pipeline_Load_Cache_Row_fu_3428/local_regs_V_675_fu_1852_reg[30]/CE (clocked by clk_fpga_0). Large setup violations at the end of those stages might be difficult to fix during the post-placement implementation flow and could be the result of non-optimal XDC constraints or non-optimal design architecture
Related violations: <none>

TIMING-16#732 Warning
Large setup violation  
There is a large setup violation of -1.910 ns between design_1_i/pipelined_layer_proc_0/inst/grp_dataflow_parent_loop_proc_fu_232/dataflow_in_loop_Depth_Loop_U0/compute_systolic_U0/grp_compute_systolic_Pipeline_Load_Cache_Row_fu_3428_ap_start_reg_reg/C (clocked by clk_fpga_0) and design_1_i/pipelined_layer_proc_0/inst/grp_dataflow_parent_loop_proc_fu_232/dataflow_in_loop_Depth_Loop_U0/compute_systolic_U0/grp_compute_systolic_Pipeline_Load_Cache_Row_fu_3428/local_regs_V_675_fu_1852_reg[31]/CE (clocked by clk_fpga_0). Large setup violations at the end of those stages might be difficult to fix during the post-placement implementation flow and could be the result of non-optimal XDC constraints or non-optimal design architecture
Related violations: <none>

TIMING-16#733 Warning
Large setup violation  
There is a large setup violation of -1.913 ns between design_1_i/pipelined_layer_proc_0/inst/grp_dataflow_parent_loop_proc_fu_232/dataflow_in_loop_Depth_Loop_U0/compute_systolic_U0/ap_CS_fsm_reg[3]/C (clocked by clk_fpga_0) and design_1_i/pipelined_layer_proc_0/inst/grp_dataflow_parent_loop_proc_fu_232/dataflow_in_loop_Depth_Loop_U0/compute_systolic_U0/big_tile_A_9_load_reg_15004_reg[0]/CE (clocked by clk_fpga_0). Large setup violations at the end of those stages might be difficult to fix during the post-placement implementation flow and could be the result of non-optimal XDC constraints or non-optimal design architecture
Related violations: <none>

TIMING-16#734 Warning
Large setup violation  
There is a large setup violation of -1.914 ns between design_1_i/pipelined_layer_proc_0/inst/grp_dataflow_parent_loop_proc_fu_232/dataflow_in_loop_Depth_Loop_U0/tile_A_V_3_U/reg_valid0_reg/C (clocked by clk_fpga_0) and design_1_i/pipelined_layer_proc_0/inst/grp_dataflow_parent_loop_proc_fu_232/dataflow_in_loop_Depth_Loop_U0/compute_systolic_U0/big_tile_A_8_load_reg_14999_reg[63]/D (clocked by clk_fpga_0). Large setup violations at the end of those stages might be difficult to fix during the post-placement implementation flow and could be the result of non-optimal XDC constraints or non-optimal design architecture
Related violations: <none>

TIMING-16#735 Warning
Large setup violation  
There is a large setup violation of -1.915 ns between design_1_i/pipelined_layer_proc_0/inst/grp_dataflow_parent_loop_proc_fu_232/dataflow_in_loop_Depth_Loop_U0/compute_systolic_U0/grp_compute_systolic_Pipeline_Load_Cache_Row_fu_3428_ap_start_reg_reg/C (clocked by clk_fpga_0) and design_1_i/pipelined_layer_proc_0/inst/grp_dataflow_parent_loop_proc_fu_232/dataflow_in_loop_Depth_Loop_U0/compute_systolic_U0/grp_compute_systolic_Pipeline_Load_Cache_Row_fu_3428/local_regs_V_717_fu_2020_reg[1]/CE (clocked by clk_fpga_0). Large setup violations at the end of those stages might be difficult to fix during the post-placement implementation flow and could be the result of non-optimal XDC constraints or non-optimal design architecture
Related violations: <none>

TIMING-16#736 Warning
Large setup violation  
There is a large setup violation of -1.915 ns between design_1_i/pipelined_layer_proc_0/inst/grp_dataflow_parent_loop_proc_fu_232/dataflow_in_loop_Depth_Loop_U0/compute_systolic_U0/grp_compute_systolic_Pipeline_Load_Cache_Row_fu_3428_ap_start_reg_reg/C (clocked by clk_fpga_0) and design_1_i/pipelined_layer_proc_0/inst/grp_dataflow_parent_loop_proc_fu_232/dataflow_in_loop_Depth_Loop_U0/compute_systolic_U0/grp_compute_systolic_Pipeline_Load_Cache_Row_fu_3428/local_regs_V_717_fu_2020_reg[29]/CE (clocked by clk_fpga_0). Large setup violations at the end of those stages might be difficult to fix during the post-placement implementation flow and could be the result of non-optimal XDC constraints or non-optimal design architecture
Related violations: <none>

TIMING-16#737 Warning
Large setup violation  
There is a large setup violation of -1.915 ns between design_1_i/pipelined_layer_proc_0/inst/grp_dataflow_parent_loop_proc_fu_232/dataflow_in_loop_Depth_Loop_U0/compute_systolic_U0/grp_compute_systolic_Pipeline_Load_Cache_Row_fu_3428_ap_start_reg_reg/C (clocked by clk_fpga_0) and design_1_i/pipelined_layer_proc_0/inst/grp_dataflow_parent_loop_proc_fu_232/dataflow_in_loop_Depth_Loop_U0/compute_systolic_U0/grp_compute_systolic_Pipeline_Load_Cache_Row_fu_3428/local_regs_V_717_fu_2020_reg[30]/CE (clocked by clk_fpga_0). Large setup violations at the end of those stages might be difficult to fix during the post-placement implementation flow and could be the result of non-optimal XDC constraints or non-optimal design architecture
Related violations: <none>

TIMING-16#738 Warning
Large setup violation  
There is a large setup violation of -1.915 ns between design_1_i/pipelined_layer_proc_0/inst/grp_dataflow_parent_loop_proc_fu_232/dataflow_in_loop_Depth_Loop_U0/compute_systolic_U0/grp_compute_systolic_Pipeline_Load_Cache_Row_fu_3428_ap_start_reg_reg/C (clocked by clk_fpga_0) and design_1_i/pipelined_layer_proc_0/inst/grp_dataflow_parent_loop_proc_fu_232/dataflow_in_loop_Depth_Loop_U0/compute_systolic_U0/grp_compute_systolic_Pipeline_Load_Cache_Row_fu_3428/local_regs_V_717_fu_2020_reg[5]/CE (clocked by clk_fpga_0). Large setup violations at the end of those stages might be difficult to fix during the post-placement implementation flow and could be the result of non-optimal XDC constraints or non-optimal design architecture
Related violations: <none>

TIMING-16#739 Warning
Large setup violation  
There is a large setup violation of -1.916 ns between design_1_i/pipelined_layer_proc_0/inst/grp_dataflow_parent_loop_proc_fu_232/dataflow_in_loop_Depth_Loop_U0/compute_systolic_U0/ap_CS_fsm_reg[3]/C (clocked by clk_fpga_0) and design_1_i/pipelined_layer_proc_0/inst/grp_dataflow_parent_loop_proc_fu_232/dataflow_in_loop_Depth_Loop_U0/compute_systolic_U0/big_tile_A_13_load_reg_15024_reg[19]/CE (clocked by clk_fpga_0). Large setup violations at the end of those stages might be difficult to fix during the post-placement implementation flow and could be the result of non-optimal XDC constraints or non-optimal design architecture
Related violations: <none>

TIMING-16#740 Warning
Large setup violation  
There is a large setup violation of -1.916 ns between design_1_i/pipelined_layer_proc_0/inst/grp_dataflow_parent_loop_proc_fu_232/dataflow_in_loop_Depth_Loop_U0/compute_systolic_U0/ap_CS_fsm_reg[3]/C (clocked by clk_fpga_0) and design_1_i/pipelined_layer_proc_0/inst/grp_dataflow_parent_loop_proc_fu_232/dataflow_in_loop_Depth_Loop_U0/compute_systolic_U0/big_tile_A_13_load_reg_15024_reg[67]/CE (clocked by clk_fpga_0). Large setup violations at the end of those stages might be difficult to fix during the post-placement implementation flow and could be the result of non-optimal XDC constraints or non-optimal design architecture
Related violations: <none>

TIMING-16#741 Warning
Large setup violation  
There is a large setup violation of -1.919 ns between design_1_i/pipelined_layer_proc_0/inst/grp_dataflow_parent_loop_proc_fu_232/dataflow_in_loop_Depth_Loop_U0/compute_systolic_U0/grp_compute_systolic_Pipeline_Load_Cache_Row_fu_3428_ap_start_reg_reg/C (clocked by clk_fpga_0) and design_1_i/pipelined_layer_proc_0/inst/grp_dataflow_parent_loop_proc_fu_232/dataflow_in_loop_Depth_Loop_U0/compute_systolic_U0/grp_compute_systolic_Pipeline_Load_Cache_Row_fu_3428/local_regs_V_613_fu_1604_reg[15]/CE (clocked by clk_fpga_0). Large setup violations at the end of those stages might be difficult to fix during the post-placement implementation flow and could be the result of non-optimal XDC constraints or non-optimal design architecture
Related violations: <none>

TIMING-16#742 Warning
Large setup violation  
There is a large setup violation of -1.919 ns between design_1_i/pipelined_layer_proc_0/inst/grp_dataflow_parent_loop_proc_fu_232/dataflow_in_loop_Depth_Loop_U0/compute_systolic_U0/grp_compute_systolic_Pipeline_Load_Cache_Row_fu_3428_ap_start_reg_reg/C (clocked by clk_fpga_0) and design_1_i/pipelined_layer_proc_0/inst/grp_dataflow_parent_loop_proc_fu_232/dataflow_in_loop_Depth_Loop_U0/compute_systolic_U0/grp_compute_systolic_Pipeline_Load_Cache_Row_fu_3428/local_regs_V_613_fu_1604_reg[22]/CE (clocked by clk_fpga_0). Large setup violations at the end of those stages might be difficult to fix during the post-placement implementation flow and could be the result of non-optimal XDC constraints or non-optimal design architecture
Related violations: <none>

TIMING-16#743 Warning
Large setup violation  
There is a large setup violation of -1.919 ns between design_1_i/pipelined_layer_proc_0/inst/grp_dataflow_parent_loop_proc_fu_232/dataflow_in_loop_Depth_Loop_U0/compute_systolic_U0/grp_compute_systolic_Pipeline_Load_Cache_Row_fu_3428_ap_start_reg_reg/C (clocked by clk_fpga_0) and design_1_i/pipelined_layer_proc_0/inst/grp_dataflow_parent_loop_proc_fu_232/dataflow_in_loop_Depth_Loop_U0/compute_systolic_U0/grp_compute_systolic_Pipeline_Load_Cache_Row_fu_3428/local_regs_V_613_fu_1604_reg[25]/CE (clocked by clk_fpga_0). Large setup violations at the end of those stages might be difficult to fix during the post-placement implementation flow and could be the result of non-optimal XDC constraints or non-optimal design architecture
Related violations: <none>

TIMING-16#744 Warning
Large setup violation  
There is a large setup violation of -1.919 ns between design_1_i/pipelined_layer_proc_0/inst/grp_dataflow_parent_loop_proc_fu_232/dataflow_in_loop_Depth_Loop_U0/compute_systolic_U0/grp_compute_systolic_Pipeline_Load_Cache_Row_fu_3428_ap_start_reg_reg/C (clocked by clk_fpga_0) and design_1_i/pipelined_layer_proc_0/inst/grp_dataflow_parent_loop_proc_fu_232/dataflow_in_loop_Depth_Loop_U0/compute_systolic_U0/grp_compute_systolic_Pipeline_Load_Cache_Row_fu_3428/local_regs_V_613_fu_1604_reg[26]/CE (clocked by clk_fpga_0). Large setup violations at the end of those stages might be difficult to fix during the post-placement implementation flow and could be the result of non-optimal XDC constraints or non-optimal design architecture
Related violations: <none>

TIMING-16#745 Warning
Large setup violation  
There is a large setup violation of -1.919 ns between design_1_i/pipelined_layer_proc_0/inst/grp_dataflow_parent_loop_proc_fu_232/dataflow_in_loop_Depth_Loop_U0/compute_systolic_U0/grp_compute_systolic_Pipeline_Load_Cache_Row_fu_3428_ap_start_reg_reg/C (clocked by clk_fpga_0) and design_1_i/pipelined_layer_proc_0/inst/grp_dataflow_parent_loop_proc_fu_232/dataflow_in_loop_Depth_Loop_U0/compute_systolic_U0/grp_compute_systolic_Pipeline_Load_Cache_Row_fu_3428/local_regs_V_613_fu_1604_reg[7]/CE (clocked by clk_fpga_0). Large setup violations at the end of those stages might be difficult to fix during the post-placement implementation flow and could be the result of non-optimal XDC constraints or non-optimal design architecture
Related violations: <none>

TIMING-16#746 Warning
Large setup violation  
There is a large setup violation of -1.919 ns between design_1_i/pipelined_layer_proc_0/inst/grp_dataflow_parent_loop_proc_fu_232/dataflow_in_loop_Depth_Loop_U0/compute_systolic_U0/grp_compute_systolic_Pipeline_Load_Cache_Row_fu_3428_ap_start_reg_reg/C (clocked by clk_fpga_0) and design_1_i/pipelined_layer_proc_0/inst/grp_dataflow_parent_loop_proc_fu_232/dataflow_in_loop_Depth_Loop_U0/compute_systolic_U0/grp_compute_systolic_Pipeline_Load_Cache_Row_fu_3428/local_regs_V_613_fu_1604_reg[9]/CE (clocked by clk_fpga_0). Large setup violations at the end of those stages might be difficult to fix during the post-placement implementation flow and could be the result of non-optimal XDC constraints or non-optimal design architecture
Related violations: <none>

TIMING-16#747 Warning
Large setup violation  
There is a large setup violation of -1.921 ns between design_1_i/pipelined_layer_proc_0/inst/grp_dataflow_parent_loop_proc_fu_232/dataflow_in_loop_Depth_Loop_U0/compute_systolic_U0/ap_CS_fsm_reg[3]/C (clocked by clk_fpga_0) and design_1_i/pipelined_layer_proc_0/inst/grp_dataflow_parent_loop_proc_fu_232/dataflow_in_loop_Depth_Loop_U0/compute_systolic_U0/big_tile_A_13_load_reg_15024_reg[7]/CE (clocked by clk_fpga_0). Large setup violations at the end of those stages might be difficult to fix during the post-placement implementation flow and could be the result of non-optimal XDC constraints or non-optimal design architecture
Related violations: <none>

TIMING-16#748 Warning
Large setup violation  
There is a large setup violation of -1.921 ns between design_1_i/pipelined_layer_proc_0/inst/grp_dataflow_parent_loop_proc_fu_232/dataflow_in_loop_Depth_Loop_U0/compute_systolic_U0/ap_CS_fsm_reg[3]/C (clocked by clk_fpga_0) and design_1_i/pipelined_layer_proc_0/inst/grp_dataflow_parent_loop_proc_fu_232/dataflow_in_loop_Depth_Loop_U0/compute_systolic_U0/big_tile_A_9_load_reg_15004_reg[15]/CE (clocked by clk_fpga_0). Large setup violations at the end of those stages might be difficult to fix during the post-placement implementation flow and could be the result of non-optimal XDC constraints or non-optimal design architecture
Related violations: <none>

TIMING-16#749 Warning
Large setup violation  
There is a large setup violation of -1.921 ns between design_1_i/pipelined_layer_proc_0/inst/grp_dataflow_parent_loop_proc_fu_232/dataflow_in_loop_Depth_Loop_U0/compute_systolic_U0/ap_CS_fsm_reg[3]/C (clocked by clk_fpga_0) and design_1_i/pipelined_layer_proc_0/inst/grp_dataflow_parent_loop_proc_fu_232/dataflow_in_loop_Depth_Loop_U0/compute_systolic_U0/big_tile_A_9_load_reg_15004_reg[27]/CE (clocked by clk_fpga_0). Large setup violations at the end of those stages might be difficult to fix during the post-placement implementation flow and could be the result of non-optimal XDC constraints or non-optimal design architecture
Related violations: <none>

TIMING-16#750 Warning
Large setup violation  
There is a large setup violation of -1.921 ns between design_1_i/pipelined_layer_proc_0/inst/grp_dataflow_parent_loop_proc_fu_232/dataflow_in_loop_Depth_Loop_U0/compute_systolic_U0/ap_CS_fsm_reg[3]/C (clocked by clk_fpga_0) and design_1_i/pipelined_layer_proc_0/inst/grp_dataflow_parent_loop_proc_fu_232/dataflow_in_loop_Depth_Loop_U0/compute_systolic_U0/big_tile_A_9_load_reg_15004_reg[7]/CE (clocked by clk_fpga_0). Large setup violations at the end of those stages might be difficult to fix during the post-placement implementation flow and could be the result of non-optimal XDC constraints or non-optimal design architecture
Related violations: <none>

TIMING-16#751 Warning
Large setup violation  
There is a large setup violation of -1.922 ns between design_1_i/pipelined_layer_proc_0/inst/grp_dataflow_parent_loop_proc_fu_232/dataflow_in_loop_Depth_Loop_U0/compute_systolic_U0/ap_CS_fsm_reg[3]/C (clocked by clk_fpga_0) and design_1_i/pipelined_layer_proc_0/inst/grp_dataflow_parent_loop_proc_fu_232/dataflow_in_loop_Depth_Loop_U0/compute_systolic_U0/big_tile_A_13_load_reg_15024_reg[217]/CE (clocked by clk_fpga_0). Large setup violations at the end of those stages might be difficult to fix during the post-placement implementation flow and could be the result of non-optimal XDC constraints or non-optimal design architecture
Related violations: <none>

TIMING-16#752 Warning
Large setup violation  
There is a large setup violation of -1.922 ns between design_1_i/pipelined_layer_proc_0/inst/grp_dataflow_parent_loop_proc_fu_232/dataflow_in_loop_Depth_Loop_U0/compute_systolic_U0/ap_CS_fsm_reg[3]/C (clocked by clk_fpga_0) and design_1_i/pipelined_layer_proc_0/inst/grp_dataflow_parent_loop_proc_fu_232/dataflow_in_loop_Depth_Loop_U0/compute_systolic_U0/big_tile_A_13_load_reg_15024_reg[48]/CE (clocked by clk_fpga_0). Large setup violations at the end of those stages might be difficult to fix during the post-placement implementation flow and could be the result of non-optimal XDC constraints or non-optimal design architecture
Related violations: <none>

TIMING-16#753 Warning
Large setup violation  
There is a large setup violation of -1.922 ns between design_1_i/pipelined_layer_proc_0/inst/grp_dataflow_parent_loop_proc_fu_232/dataflow_in_loop_Depth_Loop_U0/compute_systolic_U0/ap_CS_fsm_reg[3]/C (clocked by clk_fpga_0) and design_1_i/pipelined_layer_proc_0/inst/grp_dataflow_parent_loop_proc_fu_232/dataflow_in_loop_Depth_Loop_U0/compute_systolic_U0/big_tile_A_13_load_reg_15024_reg[6]/CE (clocked by clk_fpga_0). Large setup violations at the end of those stages might be difficult to fix during the post-placement implementation flow and could be the result of non-optimal XDC constraints or non-optimal design architecture
Related violations: <none>

TIMING-16#754 Warning
Large setup violation  
There is a large setup violation of -1.922 ns between design_1_i/pipelined_layer_proc_0/inst/grp_dataflow_parent_loop_proc_fu_232/dataflow_in_loop_Depth_Loop_U0/tile_A_V_3_U/reg_valid0_reg/C (clocked by clk_fpga_0) and design_1_i/pipelined_layer_proc_0/inst/grp_dataflow_parent_loop_proc_fu_232/dataflow_in_loop_Depth_Loop_U0/compute_systolic_U0/big_tile_A_4_load_reg_14979_reg[249]/D (clocked by clk_fpga_0). Large setup violations at the end of those stages might be difficult to fix during the post-placement implementation flow and could be the result of non-optimal XDC constraints or non-optimal design architecture
Related violations: <none>

TIMING-16#755 Warning
Large setup violation  
There is a large setup violation of -1.924 ns between design_1_i/pipelined_layer_proc_0/inst/grp_dataflow_parent_loop_proc_fu_232/dataflow_in_loop_Depth_Loop_U0/tile_A_V_3_U/reg_valid0_reg/C (clocked by clk_fpga_0) and design_1_i/pipelined_layer_proc_0/inst/grp_dataflow_parent_loop_proc_fu_232/dataflow_in_loop_Depth_Loop_U0/compute_systolic_U0/big_tile_A_15_load_reg_15034_reg[208]/D (clocked by clk_fpga_0). Large setup violations at the end of those stages might be difficult to fix during the post-placement implementation flow and could be the result of non-optimal XDC constraints or non-optimal design architecture
Related violations: <none>

TIMING-16#756 Warning
Large setup violation  
There is a large setup violation of -1.927 ns between design_1_i/pipelined_layer_proc_0/inst/grp_dataflow_parent_loop_proc_fu_232/dataflow_in_loop_Depth_Loop_U0/tile_A_V_3_U/reg_valid0_reg/C (clocked by clk_fpga_0) and design_1_i/pipelined_layer_proc_0/inst/grp_dataflow_parent_loop_proc_fu_232/dataflow_in_loop_Depth_Loop_U0/compute_systolic_U0/big_tile_A_4_load_reg_14979_reg[235]/D (clocked by clk_fpga_0). Large setup violations at the end of those stages might be difficult to fix during the post-placement implementation flow and could be the result of non-optimal XDC constraints or non-optimal design architecture
Related violations: <none>

TIMING-16#757 Warning
Large setup violation  
There is a large setup violation of -1.933 ns between design_1_i/pipelined_layer_proc_0/inst/grp_dataflow_parent_loop_proc_fu_232/dataflow_in_loop_Depth_Loop_U0/tile_A_V_3_U/reg_valid0_reg/C (clocked by clk_fpga_0) and design_1_i/pipelined_layer_proc_0/inst/grp_dataflow_parent_loop_proc_fu_232/dataflow_in_loop_Depth_Loop_U0/compute_systolic_U0/big_tile_A_15_load_reg_15034_reg[185]/D (clocked by clk_fpga_0). Large setup violations at the end of those stages might be difficult to fix during the post-placement implementation flow and could be the result of non-optimal XDC constraints or non-optimal design architecture
Related violations: <none>

TIMING-16#758 Warning
Large setup violation  
There is a large setup violation of -1.934 ns between design_1_i/pipelined_layer_proc_0/inst/grp_dataflow_parent_loop_proc_fu_232/dataflow_in_loop_Depth_Loop_U0/tile_A_V_3_U/reg_valid0_reg/C (clocked by clk_fpga_0) and design_1_i/pipelined_layer_proc_0/inst/grp_dataflow_parent_loop_proc_fu_232/dataflow_in_loop_Depth_Loop_U0/compute_systolic_U0/big_tile_A_4_load_reg_14979_reg[233]/D (clocked by clk_fpga_0). Large setup violations at the end of those stages might be difficult to fix during the post-placement implementation flow and could be the result of non-optimal XDC constraints or non-optimal design architecture
Related violations: <none>

TIMING-16#759 Warning
Large setup violation  
There is a large setup violation of -1.936 ns between design_1_i/pipelined_layer_proc_0/inst/grp_dataflow_parent_loop_proc_fu_232/dataflow_in_loop_Depth_Loop_U0/tile_A_V_3_U/reg_valid0_reg/C (clocked by clk_fpga_0) and design_1_i/pipelined_layer_proc_0/inst/grp_dataflow_parent_loop_proc_fu_232/dataflow_in_loop_Depth_Loop_U0/compute_systolic_U0/big_tile_A_15_load_reg_15034_reg[168]/D (clocked by clk_fpga_0). Large setup violations at the end of those stages might be difficult to fix during the post-placement implementation flow and could be the result of non-optimal XDC constraints or non-optimal design architecture
Related violations: <none>

TIMING-16#760 Warning
Large setup violation  
There is a large setup violation of -1.937 ns between design_1_i/pipelined_layer_proc_0/inst/grp_dataflow_parent_loop_proc_fu_232/dataflow_in_loop_Depth_Loop_U0/tile_A_V_3_U/reg_valid0_reg/C (clocked by clk_fpga_0) and design_1_i/pipelined_layer_proc_0/inst/grp_dataflow_parent_loop_proc_fu_232/dataflow_in_loop_Depth_Loop_U0/compute_systolic_U0/big_tile_A_15_load_reg_15034_reg[145]/D (clocked by clk_fpga_0). Large setup violations at the end of those stages might be difficult to fix during the post-placement implementation flow and could be the result of non-optimal XDC constraints or non-optimal design architecture
Related violations: <none>

TIMING-16#761 Warning
Large setup violation  
There is a large setup violation of -1.937 ns between design_1_i/pipelined_layer_proc_0/inst/grp_dataflow_parent_loop_proc_fu_232/dataflow_in_loop_Depth_Loop_U0/tile_A_V_3_U/reg_valid0_reg/C (clocked by clk_fpga_0) and design_1_i/pipelined_layer_proc_0/inst/grp_dataflow_parent_loop_proc_fu_232/dataflow_in_loop_Depth_Loop_U0/compute_systolic_U0/big_tile_A_15_load_reg_15034_reg[200]/D (clocked by clk_fpga_0). Large setup violations at the end of those stages might be difficult to fix during the post-placement implementation flow and could be the result of non-optimal XDC constraints or non-optimal design architecture
Related violations: <none>

TIMING-16#762 Warning
Large setup violation  
There is a large setup violation of -1.937 ns between design_1_i/pipelined_layer_proc_0/inst/grp_dataflow_parent_loop_proc_fu_232/dataflow_in_loop_Depth_Loop_U0/tile_A_V_3_U/reg_valid0_reg/C (clocked by clk_fpga_0) and design_1_i/pipelined_layer_proc_0/inst/grp_dataflow_parent_loop_proc_fu_232/dataflow_in_loop_Depth_Loop_U0/compute_systolic_U0/big_tile_A_2_load_reg_14969_reg[175]/D (clocked by clk_fpga_0). Large setup violations at the end of those stages might be difficult to fix during the post-placement implementation flow and could be the result of non-optimal XDC constraints or non-optimal design architecture
Related violations: <none>

TIMING-16#763 Warning
Large setup violation  
There is a large setup violation of -1.937 ns between design_1_i/pipelined_layer_proc_0/inst/grp_dataflow_parent_loop_proc_fu_232/dataflow_in_loop_Depth_Loop_U0/tile_A_V_3_U/reg_valid0_reg/C (clocked by clk_fpga_0) and design_1_i/pipelined_layer_proc_0/inst/grp_dataflow_parent_loop_proc_fu_232/dataflow_in_loop_Depth_Loop_U0/compute_systolic_U0/big_tile_A_7_load_reg_14994_reg[62]/D (clocked by clk_fpga_0). Large setup violations at the end of those stages might be difficult to fix during the post-placement implementation flow and could be the result of non-optimal XDC constraints or non-optimal design architecture
Related violations: <none>

TIMING-16#764 Warning
Large setup violation  
There is a large setup violation of -1.940 ns between design_1_i/pipelined_layer_proc_0/inst/grp_dataflow_parent_loop_proc_fu_232/dataflow_in_loop_Depth_Loop_U0/compute_systolic_U0/ap_CS_fsm_reg[3]/C (clocked by clk_fpga_0) and design_1_i/pipelined_layer_proc_0/inst/grp_dataflow_parent_loop_proc_fu_232/dataflow_in_loop_Depth_Loop_U0/compute_systolic_U0/big_tile_A_9_load_reg_15004_reg[185]/CE (clocked by clk_fpga_0). Large setup violations at the end of those stages might be difficult to fix during the post-placement implementation flow and could be the result of non-optimal XDC constraints or non-optimal design architecture
Related violations: <none>

TIMING-16#765 Warning
Large setup violation  
There is a large setup violation of -1.940 ns between design_1_i/pipelined_layer_proc_0/inst/grp_dataflow_parent_loop_proc_fu_232/dataflow_in_loop_Depth_Loop_U0/compute_systolic_U0/ap_CS_fsm_reg[3]/C (clocked by clk_fpga_0) and design_1_i/pipelined_layer_proc_0/inst/grp_dataflow_parent_loop_proc_fu_232/dataflow_in_loop_Depth_Loop_U0/compute_systolic_U0/big_tile_A_9_load_reg_15004_reg[201]/CE (clocked by clk_fpga_0). Large setup violations at the end of those stages might be difficult to fix during the post-placement implementation flow and could be the result of non-optimal XDC constraints or non-optimal design architecture
Related violations: <none>

TIMING-16#766 Warning
Large setup violation  
There is a large setup violation of -1.945 ns between design_1_i/pipelined_layer_proc_0/inst/grp_dataflow_parent_loop_proc_fu_232/dataflow_in_loop_Depth_Loop_U0/compute_systolic_U0/ap_CS_fsm_reg[3]/C (clocked by clk_fpga_0) and design_1_i/pipelined_layer_proc_0/inst/grp_dataflow_parent_loop_proc_fu_232/dataflow_in_loop_Depth_Loop_U0/compute_systolic_U0/big_tile_A_15_load_reg_15034_reg[25]/CE (clocked by clk_fpga_0). Large setup violations at the end of those stages might be difficult to fix during the post-placement implementation flow and could be the result of non-optimal XDC constraints or non-optimal design architecture
Related violations: <none>

TIMING-16#767 Warning
Large setup violation  
There is a large setup violation of -1.945 ns between design_1_i/pipelined_layer_proc_0/inst/grp_dataflow_parent_loop_proc_fu_232/dataflow_in_loop_Depth_Loop_U0/compute_systolic_U0/ap_CS_fsm_reg[3]/C (clocked by clk_fpga_0) and design_1_i/pipelined_layer_proc_0/inst/grp_dataflow_parent_loop_proc_fu_232/dataflow_in_loop_Depth_Loop_U0/compute_systolic_U0/big_tile_A_15_load_reg_15034_reg[41]/CE (clocked by clk_fpga_0). Large setup violations at the end of those stages might be difficult to fix during the post-placement implementation flow and could be the result of non-optimal XDC constraints or non-optimal design architecture
Related violations: <none>

TIMING-16#768 Warning
Large setup violation  
There is a large setup violation of -1.945 ns between design_1_i/pipelined_layer_proc_0/inst/grp_dataflow_parent_loop_proc_fu_232/dataflow_in_loop_Depth_Loop_U0/compute_systolic_U0/ap_CS_fsm_reg[3]/C (clocked by clk_fpga_0) and design_1_i/pipelined_layer_proc_0/inst/grp_dataflow_parent_loop_proc_fu_232/dataflow_in_loop_Depth_Loop_U0/compute_systolic_U0/big_tile_A_1_load_reg_14964_reg[231]/CE (clocked by clk_fpga_0). Large setup violations at the end of those stages might be difficult to fix during the post-placement implementation flow and could be the result of non-optimal XDC constraints or non-optimal design architecture
Related violations: <none>

TIMING-16#769 Warning
Large setup violation  
There is a large setup violation of -1.945 ns between design_1_i/pipelined_layer_proc_0/inst/grp_dataflow_parent_loop_proc_fu_232/dataflow_in_loop_Depth_Loop_U0/tile_A_V_3_U/reg_valid0_reg/C (clocked by clk_fpga_0) and design_1_i/pipelined_layer_proc_0/inst/grp_dataflow_parent_loop_proc_fu_232/dataflow_in_loop_Depth_Loop_U0/compute_systolic_U0/big_tile_A_15_load_reg_15034_reg[188]/D (clocked by clk_fpga_0). Large setup violations at the end of those stages might be difficult to fix during the post-placement implementation flow and could be the result of non-optimal XDC constraints or non-optimal design architecture
Related violations: <none>

TIMING-16#770 Warning
Large setup violation  
There is a large setup violation of -1.950 ns between design_1_i/pipelined_layer_proc_0/inst/grp_dataflow_parent_loop_proc_fu_232/dataflow_in_loop_Depth_Loop_U0/compute_systolic_U0/grp_compute_systolic_Pipeline_Load_Cache_Row_fu_3428_ap_start_reg_reg/C (clocked by clk_fpga_0) and design_1_i/pipelined_layer_proc_0/inst/grp_dataflow_parent_loop_proc_fu_232/dataflow_in_loop_Depth_Loop_U0/compute_systolic_U0/grp_compute_systolic_Pipeline_Load_Cache_Row_fu_3428/local_regs_V_620_fu_1632_reg[11]/CE (clocked by clk_fpga_0). Large setup violations at the end of those stages might be difficult to fix during the post-placement implementation flow and could be the result of non-optimal XDC constraints or non-optimal design architecture
Related violations: <none>

TIMING-16#771 Warning
Large setup violation  
There is a large setup violation of -1.950 ns between design_1_i/pipelined_layer_proc_0/inst/grp_dataflow_parent_loop_proc_fu_232/dataflow_in_loop_Depth_Loop_U0/compute_systolic_U0/grp_compute_systolic_Pipeline_Load_Cache_Row_fu_3428_ap_start_reg_reg/C (clocked by clk_fpga_0) and design_1_i/pipelined_layer_proc_0/inst/grp_dataflow_parent_loop_proc_fu_232/dataflow_in_loop_Depth_Loop_U0/compute_systolic_U0/grp_compute_systolic_Pipeline_Load_Cache_Row_fu_3428/local_regs_V_620_fu_1632_reg[12]/CE (clocked by clk_fpga_0). Large setup violations at the end of those stages might be difficult to fix during the post-placement implementation flow and could be the result of non-optimal XDC constraints or non-optimal design architecture
Related violations: <none>

TIMING-16#772 Warning
Large setup violation  
There is a large setup violation of -1.950 ns between design_1_i/pipelined_layer_proc_0/inst/grp_dataflow_parent_loop_proc_fu_232/dataflow_in_loop_Depth_Loop_U0/compute_systolic_U0/grp_compute_systolic_Pipeline_Load_Cache_Row_fu_3428_ap_start_reg_reg/C (clocked by clk_fpga_0) and design_1_i/pipelined_layer_proc_0/inst/grp_dataflow_parent_loop_proc_fu_232/dataflow_in_loop_Depth_Loop_U0/compute_systolic_U0/grp_compute_systolic_Pipeline_Load_Cache_Row_fu_3428/local_regs_V_620_fu_1632_reg[13]/CE (clocked by clk_fpga_0). Large setup violations at the end of those stages might be difficult to fix during the post-placement implementation flow and could be the result of non-optimal XDC constraints or non-optimal design architecture
Related violations: <none>

TIMING-16#773 Warning
Large setup violation  
There is a large setup violation of -1.950 ns between design_1_i/pipelined_layer_proc_0/inst/grp_dataflow_parent_loop_proc_fu_232/dataflow_in_loop_Depth_Loop_U0/compute_systolic_U0/grp_compute_systolic_Pipeline_Load_Cache_Row_fu_3428_ap_start_reg_reg/C (clocked by clk_fpga_0) and design_1_i/pipelined_layer_proc_0/inst/grp_dataflow_parent_loop_proc_fu_232/dataflow_in_loop_Depth_Loop_U0/compute_systolic_U0/grp_compute_systolic_Pipeline_Load_Cache_Row_fu_3428/local_regs_V_620_fu_1632_reg[14]/CE (clocked by clk_fpga_0). Large setup violations at the end of those stages might be difficult to fix during the post-placement implementation flow and could be the result of non-optimal XDC constraints or non-optimal design architecture
Related violations: <none>

TIMING-16#774 Warning
Large setup violation  
There is a large setup violation of -1.950 ns between design_1_i/pipelined_layer_proc_0/inst/grp_dataflow_parent_loop_proc_fu_232/dataflow_in_loop_Depth_Loop_U0/compute_systolic_U0/grp_compute_systolic_Pipeline_Load_Cache_Row_fu_3428_ap_start_reg_reg/C (clocked by clk_fpga_0) and design_1_i/pipelined_layer_proc_0/inst/grp_dataflow_parent_loop_proc_fu_232/dataflow_in_loop_Depth_Loop_U0/compute_systolic_U0/grp_compute_systolic_Pipeline_Load_Cache_Row_fu_3428/local_regs_V_620_fu_1632_reg[16]/CE (clocked by clk_fpga_0). Large setup violations at the end of those stages might be difficult to fix during the post-placement implementation flow and could be the result of non-optimal XDC constraints or non-optimal design architecture
Related violations: <none>

TIMING-16#775 Warning
Large setup violation  
There is a large setup violation of -1.950 ns between design_1_i/pipelined_layer_proc_0/inst/grp_dataflow_parent_loop_proc_fu_232/dataflow_in_loop_Depth_Loop_U0/compute_systolic_U0/grp_compute_systolic_Pipeline_Load_Cache_Row_fu_3428_ap_start_reg_reg/C (clocked by clk_fpga_0) and design_1_i/pipelined_layer_proc_0/inst/grp_dataflow_parent_loop_proc_fu_232/dataflow_in_loop_Depth_Loop_U0/compute_systolic_U0/grp_compute_systolic_Pipeline_Load_Cache_Row_fu_3428/local_regs_V_620_fu_1632_reg[18]/CE (clocked by clk_fpga_0). Large setup violations at the end of those stages might be difficult to fix during the post-placement implementation flow and could be the result of non-optimal XDC constraints or non-optimal design architecture
Related violations: <none>

TIMING-16#776 Warning
Large setup violation  
There is a large setup violation of -1.950 ns between design_1_i/pipelined_layer_proc_0/inst/grp_dataflow_parent_loop_proc_fu_232/dataflow_in_loop_Depth_Loop_U0/compute_systolic_U0/grp_compute_systolic_Pipeline_Load_Cache_Row_fu_3428_ap_start_reg_reg/C (clocked by clk_fpga_0) and design_1_i/pipelined_layer_proc_0/inst/grp_dataflow_parent_loop_proc_fu_232/dataflow_in_loop_Depth_Loop_U0/compute_systolic_U0/grp_compute_systolic_Pipeline_Load_Cache_Row_fu_3428/local_regs_V_620_fu_1632_reg[30]/CE (clocked by clk_fpga_0). Large setup violations at the end of those stages might be difficult to fix during the post-placement implementation flow and could be the result of non-optimal XDC constraints or non-optimal design architecture
Related violations: <none>

TIMING-16#777 Warning
Large setup violation  
There is a large setup violation of -1.950 ns between design_1_i/pipelined_layer_proc_0/inst/grp_dataflow_parent_loop_proc_fu_232/dataflow_in_loop_Depth_Loop_U0/compute_systolic_U0/grp_compute_systolic_Pipeline_Load_Cache_Row_fu_3428_ap_start_reg_reg/C (clocked by clk_fpga_0) and design_1_i/pipelined_layer_proc_0/inst/grp_dataflow_parent_loop_proc_fu_232/dataflow_in_loop_Depth_Loop_U0/compute_systolic_U0/grp_compute_systolic_Pipeline_Load_Cache_Row_fu_3428/local_regs_V_620_fu_1632_reg[31]/CE (clocked by clk_fpga_0). Large setup violations at the end of those stages might be difficult to fix during the post-placement implementation flow and could be the result of non-optimal XDC constraints or non-optimal design architecture
Related violations: <none>

TIMING-16#778 Warning
Large setup violation  
There is a large setup violation of -1.950 ns between design_1_i/pipelined_layer_proc_0/inst/grp_dataflow_parent_loop_proc_fu_232/dataflow_in_loop_Depth_Loop_U0/tile_A_V_3_U/reg_valid0_reg/C (clocked by clk_fpga_0) and design_1_i/pipelined_layer_proc_0/inst/grp_dataflow_parent_loop_proc_fu_232/dataflow_in_loop_Depth_Loop_U0/compute_systolic_U0/big_tile_A_15_load_reg_15034_reg[149]/D (clocked by clk_fpga_0). Large setup violations at the end of those stages might be difficult to fix during the post-placement implementation flow and could be the result of non-optimal XDC constraints or non-optimal design architecture
Related violations: <none>

TIMING-16#779 Warning
Large setup violation  
There is a large setup violation of -1.957 ns between design_1_i/pipelined_layer_proc_0/inst/grp_dataflow_parent_loop_proc_fu_232/dataflow_in_loop_Depth_Loop_U0/compute_systolic_U0/grp_compute_systolic_Pipeline_Load_Cache_Row_fu_3428_ap_start_reg_reg/C (clocked by clk_fpga_0) and design_1_i/pipelined_layer_proc_0/inst/grp_dataflow_parent_loop_proc_fu_232/dataflow_in_loop_Depth_Loop_U0/compute_systolic_U0/grp_compute_systolic_Pipeline_Load_Cache_Row_fu_3428/local_regs_V_713_fu_2004_reg[16]/CE (clocked by clk_fpga_0). Large setup violations at the end of those stages might be difficult to fix during the post-placement implementation flow and could be the result of non-optimal XDC constraints or non-optimal design architecture
Related violations: <none>

TIMING-16#780 Warning
Large setup violation  
There is a large setup violation of -1.957 ns between design_1_i/pipelined_layer_proc_0/inst/grp_dataflow_parent_loop_proc_fu_232/dataflow_in_loop_Depth_Loop_U0/tile_A_V_3_U/reg_valid0_reg/C (clocked by clk_fpga_0) and design_1_i/pipelined_layer_proc_0/inst/grp_dataflow_parent_loop_proc_fu_232/dataflow_in_loop_Depth_Loop_U0/compute_systolic_U0/big_tile_A_8_load_reg_14999_reg[64]/D (clocked by clk_fpga_0). Large setup violations at the end of those stages might be difficult to fix during the post-placement implementation flow and could be the result of non-optimal XDC constraints or non-optimal design architecture
Related violations: <none>

TIMING-16#781 Warning
Large setup violation  
There is a large setup violation of -1.963 ns between design_1_i/pipelined_layer_proc_0/inst/grp_dataflow_parent_loop_proc_fu_232/dataflow_in_loop_Depth_Loop_U0/compute_systolic_U0/ap_CS_fsm_reg[3]/C (clocked by clk_fpga_0) and design_1_i/pipelined_layer_proc_0/inst/grp_dataflow_parent_loop_proc_fu_232/dataflow_in_loop_Depth_Loop_U0/compute_systolic_U0/big_tile_A_15_load_reg_15034_reg[17]/CE (clocked by clk_fpga_0). Large setup violations at the end of those stages might be difficult to fix during the post-placement implementation flow and could be the result of non-optimal XDC constraints or non-optimal design architecture
Related violations: <none>

TIMING-16#782 Warning
Large setup violation  
There is a large setup violation of -1.963 ns between design_1_i/pipelined_layer_proc_0/inst/grp_dataflow_parent_loop_proc_fu_232/dataflow_in_loop_Depth_Loop_U0/compute_systolic_U0/ap_CS_fsm_reg[3]/C (clocked by clk_fpga_0) and design_1_i/pipelined_layer_proc_0/inst/grp_dataflow_parent_loop_proc_fu_232/dataflow_in_loop_Depth_Loop_U0/compute_systolic_U0/big_tile_A_15_load_reg_15034_reg[19]/CE (clocked by clk_fpga_0). Large setup violations at the end of those stages might be difficult to fix during the post-placement implementation flow and could be the result of non-optimal XDC constraints or non-optimal design architecture
Related violations: <none>

TIMING-16#783 Warning
Large setup violation  
There is a large setup violation of -1.963 ns between design_1_i/pipelined_layer_proc_0/inst/grp_dataflow_parent_loop_proc_fu_232/dataflow_in_loop_Depth_Loop_U0/compute_systolic_U0/ap_CS_fsm_reg[3]/C (clocked by clk_fpga_0) and design_1_i/pipelined_layer_proc_0/inst/grp_dataflow_parent_loop_proc_fu_232/dataflow_in_loop_Depth_Loop_U0/compute_systolic_U0/big_tile_A_15_load_reg_15034_reg[51]/CE (clocked by clk_fpga_0). Large setup violations at the end of those stages might be difficult to fix during the post-placement implementation flow and could be the result of non-optimal XDC constraints or non-optimal design architecture
Related violations: <none>

TIMING-16#784 Warning
Large setup violation  
There is a large setup violation of -1.963 ns between design_1_i/pipelined_layer_proc_0/inst/grp_dataflow_parent_loop_proc_fu_232/dataflow_in_loop_Depth_Loop_U0/compute_systolic_U0/ap_CS_fsm_reg[3]/C (clocked by clk_fpga_0) and design_1_i/pipelined_layer_proc_0/inst/grp_dataflow_parent_loop_proc_fu_232/dataflow_in_loop_Depth_Loop_U0/compute_systolic_U0/big_tile_A_15_load_reg_15034_reg[65]/CE (clocked by clk_fpga_0). Large setup violations at the end of those stages might be difficult to fix during the post-placement implementation flow and could be the result of non-optimal XDC constraints or non-optimal design architecture
Related violations: <none>

TIMING-16#785 Warning
Large setup violation  
There is a large setup violation of -1.965 ns between design_1_i/pipelined_layer_proc_0/inst/grp_dataflow_parent_loop_proc_fu_232/dataflow_in_loop_Depth_Loop_U0/tile_A_V_3_U/reg_valid0_reg/C (clocked by clk_fpga_0) and design_1_i/pipelined_layer_proc_0/inst/grp_dataflow_parent_loop_proc_fu_232/dataflow_in_loop_Depth_Loop_U0/compute_systolic_U0/big_tile_A_15_load_reg_15034_reg[202]/D (clocked by clk_fpga_0). Large setup violations at the end of those stages might be difficult to fix during the post-placement implementation flow and could be the result of non-optimal XDC constraints or non-optimal design architecture
Related violations: <none>

TIMING-16#786 Warning
Large setup violation  
There is a large setup violation of -1.967 ns between design_1_i/pipelined_layer_proc_0/inst/grp_dataflow_parent_loop_proc_fu_232/dataflow_in_loop_Depth_Loop_U0/compute_systolic_U0/grp_compute_systolic_Pipeline_Load_Cache_Row_fu_3428_ap_start_reg_reg/C (clocked by clk_fpga_0) and design_1_i/pipelined_layer_proc_0/inst/grp_dataflow_parent_loop_proc_fu_232/dataflow_in_loop_Depth_Loop_U0/compute_systolic_U0/grp_compute_systolic_Pipeline_Load_Cache_Row_fu_3428/local_regs_V_675_fu_1852_reg[9]/CE (clocked by clk_fpga_0). Large setup violations at the end of those stages might be difficult to fix during the post-placement implementation flow and could be the result of non-optimal XDC constraints or non-optimal design architecture
Related violations: <none>

TIMING-16#787 Warning
Large setup violation  
There is a large setup violation of -1.971 ns between design_1_i/pipelined_layer_proc_0/inst/grp_dataflow_parent_loop_proc_fu_232/dataflow_in_loop_Depth_Loop_U0/compute_systolic_U0/grp_compute_systolic_Pipeline_Load_Cache_Row_fu_3428_ap_start_reg_reg/C (clocked by clk_fpga_0) and design_1_i/pipelined_layer_proc_0/inst/grp_dataflow_parent_loop_proc_fu_232/dataflow_in_loop_Depth_Loop_U0/compute_systolic_U0/grp_compute_systolic_Pipeline_Load_Cache_Row_fu_3428/local_regs_V_718_fu_2024_reg[2]/CE (clocked by clk_fpga_0). Large setup violations at the end of those stages might be difficult to fix during the post-placement implementation flow and could be the result of non-optimal XDC constraints or non-optimal design architecture
Related violations: <none>

TIMING-16#788 Warning
Large setup violation  
There is a large setup violation of -1.971 ns between design_1_i/pipelined_layer_proc_0/inst/grp_dataflow_parent_loop_proc_fu_232/dataflow_in_loop_Depth_Loop_U0/compute_systolic_U0/grp_compute_systolic_Pipeline_Load_Cache_Row_fu_3428_ap_start_reg_reg/C (clocked by clk_fpga_0) and design_1_i/pipelined_layer_proc_0/inst/grp_dataflow_parent_loop_proc_fu_232/dataflow_in_loop_Depth_Loop_U0/compute_systolic_U0/grp_compute_systolic_Pipeline_Load_Cache_Row_fu_3428/local_regs_V_718_fu_2024_reg[8]/CE (clocked by clk_fpga_0). Large setup violations at the end of those stages might be difficult to fix during the post-placement implementation flow and could be the result of non-optimal XDC constraints or non-optimal design architecture
Related violations: <none>

TIMING-16#789 Warning
Large setup violation  
There is a large setup violation of -1.979 ns between design_1_i/pipelined_layer_proc_0/inst/grp_dataflow_parent_loop_proc_fu_232/dataflow_in_loop_Depth_Loop_U0/compute_systolic_U0/grp_compute_systolic_Pipeline_Load_Cache_Row_fu_3428/trunc_ln55_reg_11237_reg[0]/C (clocked by clk_fpga_0) and design_1_i/pipelined_layer_proc_0/inst/grp_dataflow_parent_loop_proc_fu_232/dataflow_in_loop_Depth_Loop_U0/compute_systolic_U0/grp_compute_systolic_Pipeline_Load_Cache_Row_fu_3428/local_regs_V_565_fu_1412_reg[15]/CE (clocked by clk_fpga_0). Large setup violations at the end of those stages might be difficult to fix during the post-placement implementation flow and could be the result of non-optimal XDC constraints or non-optimal design architecture
Related violations: <none>

TIMING-16#790 Warning
Large setup violation  
There is a large setup violation of -1.979 ns between design_1_i/pipelined_layer_proc_0/inst/grp_dataflow_parent_loop_proc_fu_232/dataflow_in_loop_Depth_Loop_U0/compute_systolic_U0/grp_compute_systolic_Pipeline_Load_Cache_Row_fu_3428/trunc_ln55_reg_11237_reg[0]/C (clocked by clk_fpga_0) and design_1_i/pipelined_layer_proc_0/inst/grp_dataflow_parent_loop_proc_fu_232/dataflow_in_loop_Depth_Loop_U0/compute_systolic_U0/grp_compute_systolic_Pipeline_Load_Cache_Row_fu_3428/local_regs_V_565_fu_1412_reg[17]/CE (clocked by clk_fpga_0). Large setup violations at the end of those stages might be difficult to fix during the post-placement implementation flow and could be the result of non-optimal XDC constraints or non-optimal design architecture
Related violations: <none>

TIMING-16#791 Warning
Large setup violation  
There is a large setup violation of -1.979 ns between design_1_i/pipelined_layer_proc_0/inst/grp_dataflow_parent_loop_proc_fu_232/dataflow_in_loop_Depth_Loop_U0/compute_systolic_U0/grp_compute_systolic_Pipeline_Load_Cache_Row_fu_3428/trunc_ln55_reg_11237_reg[0]/C (clocked by clk_fpga_0) and design_1_i/pipelined_layer_proc_0/inst/grp_dataflow_parent_loop_proc_fu_232/dataflow_in_loop_Depth_Loop_U0/compute_systolic_U0/grp_compute_systolic_Pipeline_Load_Cache_Row_fu_3428/local_regs_V_565_fu_1412_reg[19]/CE (clocked by clk_fpga_0). Large setup violations at the end of those stages might be difficult to fix during the post-placement implementation flow and could be the result of non-optimal XDC constraints or non-optimal design architecture
Related violations: <none>

TIMING-16#792 Warning
Large setup violation  
There is a large setup violation of -1.979 ns between design_1_i/pipelined_layer_proc_0/inst/grp_dataflow_parent_loop_proc_fu_232/dataflow_in_loop_Depth_Loop_U0/compute_systolic_U0/grp_compute_systolic_Pipeline_Load_Cache_Row_fu_3428/trunc_ln55_reg_11237_reg[0]/C (clocked by clk_fpga_0) and design_1_i/pipelined_layer_proc_0/inst/grp_dataflow_parent_loop_proc_fu_232/dataflow_in_loop_Depth_Loop_U0/compute_systolic_U0/grp_compute_systolic_Pipeline_Load_Cache_Row_fu_3428/local_regs_V_565_fu_1412_reg[31]/CE (clocked by clk_fpga_0). Large setup violations at the end of those stages might be difficult to fix during the post-placement implementation flow and could be the result of non-optimal XDC constraints or non-optimal design architecture
Related violations: <none>

TIMING-16#793 Warning
Large setup violation  
There is a large setup violation of -1.979 ns between design_1_i/pipelined_layer_proc_0/inst/grp_dataflow_parent_loop_proc_fu_232/dataflow_in_loop_Depth_Loop_U0/tile_A_V_3_U/reg_valid0_reg/C (clocked by clk_fpga_0) and design_1_i/pipelined_layer_proc_0/inst/grp_dataflow_parent_loop_proc_fu_232/dataflow_in_loop_Depth_Loop_U0/compute_systolic_U0/big_tile_A_15_load_reg_15034_reg[177]/D (clocked by clk_fpga_0). Large setup violations at the end of those stages might be difficult to fix during the post-placement implementation flow and could be the result of non-optimal XDC constraints or non-optimal design architecture
Related violations: <none>

TIMING-16#794 Warning
Large setup violation  
There is a large setup violation of -1.979 ns between design_1_i/pipelined_layer_proc_0/inst/grp_dataflow_parent_loop_proc_fu_232/dataflow_in_loop_Depth_Loop_U0/tile_A_V_3_U/reg_valid0_reg/C (clocked by clk_fpga_0) and design_1_i/pipelined_layer_proc_0/inst/grp_dataflow_parent_loop_proc_fu_232/dataflow_in_loop_Depth_Loop_U0/compute_systolic_U0/big_tile_A_15_load_reg_15034_reg[181]/D (clocked by clk_fpga_0). Large setup violations at the end of those stages might be difficult to fix during the post-placement implementation flow and could be the result of non-optimal XDC constraints or non-optimal design architecture
Related violations: <none>

TIMING-16#795 Warning
Large setup violation  
There is a large setup violation of -1.982 ns between design_1_i/pipelined_layer_proc_0/inst/grp_dataflow_parent_loop_proc_fu_232/dataflow_in_loop_Depth_Loop_U0/tile_A_V_3_U/reg_valid0_reg/C (clocked by clk_fpga_0) and design_1_i/pipelined_layer_proc_0/inst/grp_dataflow_parent_loop_proc_fu_232/dataflow_in_loop_Depth_Loop_U0/compute_systolic_U0/big_tile_A_11_load_reg_15014_reg[244]/D (clocked by clk_fpga_0). Large setup violations at the end of those stages might be difficult to fix during the post-placement implementation flow and could be the result of non-optimal XDC constraints or non-optimal design architecture
Related violations: <none>

TIMING-16#796 Warning
Large setup violation  
There is a large setup violation of -1.985 ns between design_1_i/pipelined_layer_proc_0/inst/grp_dataflow_parent_loop_proc_fu_232/dataflow_in_loop_Depth_Loop_U0/compute_systolic_U0/ap_CS_fsm_reg[3]/C (clocked by clk_fpga_0) and design_1_i/pipelined_layer_proc_0/inst/grp_dataflow_parent_loop_proc_fu_232/dataflow_in_loop_Depth_Loop_U0/compute_systolic_U0/big_tile_A_13_load_reg_15024_reg[16]/CE (clocked by clk_fpga_0). Large setup violations at the end of those stages might be difficult to fix during the post-placement implementation flow and could be the result of non-optimal XDC constraints or non-optimal design architecture
Related violations: <none>

TIMING-16#797 Warning
Large setup violation  
There is a large setup violation of -1.985 ns between design_1_i/pipelined_layer_proc_0/inst/grp_dataflow_parent_loop_proc_fu_232/dataflow_in_loop_Depth_Loop_U0/compute_systolic_U0/ap_CS_fsm_reg[3]/C (clocked by clk_fpga_0) and design_1_i/pipelined_layer_proc_0/inst/grp_dataflow_parent_loop_proc_fu_232/dataflow_in_loop_Depth_Loop_U0/compute_systolic_U0/big_tile_A_9_load_reg_15004_reg[1]/CE (clocked by clk_fpga_0). Large setup violations at the end of those stages might be difficult to fix during the post-placement implementation flow and could be the result of non-optimal XDC constraints or non-optimal design architecture
Related violations: <none>

TIMING-16#798 Warning
Large setup violation  
There is a large setup violation of -1.985 ns between design_1_i/pipelined_layer_proc_0/inst/grp_dataflow_parent_loop_proc_fu_232/dataflow_in_loop_Depth_Loop_U0/compute_systolic_U0/ap_CS_fsm_reg[3]/C (clocked by clk_fpga_0) and design_1_i/pipelined_layer_proc_0/inst/grp_dataflow_parent_loop_proc_fu_232/dataflow_in_loop_Depth_Loop_U0/compute_systolic_U0/big_tile_A_9_load_reg_15004_reg[51]/CE (clocked by clk_fpga_0). Large setup violations at the end of those stages might be difficult to fix during the post-placement implementation flow and could be the result of non-optimal XDC constraints or non-optimal design architecture
Related violations: <none>

TIMING-16#799 Warning
Large setup violation  
There is a large setup violation of -1.985 ns between design_1_i/pipelined_layer_proc_0/inst/grp_dataflow_parent_loop_proc_fu_232/dataflow_in_loop_Depth_Loop_U0/compute_systolic_U0/ap_CS_fsm_reg[3]/C (clocked by clk_fpga_0) and design_1_i/pipelined_layer_proc_0/inst/grp_dataflow_parent_loop_proc_fu_232/dataflow_in_loop_Depth_Loop_U0/compute_systolic_U0/big_tile_A_9_load_reg_15004_reg[65]/CE (clocked by clk_fpga_0). Large setup violations at the end of those stages might be difficult to fix during the post-placement implementation flow and could be the result of non-optimal XDC constraints or non-optimal design architecture
Related violations: <none>

TIMING-16#800 Warning
Large setup violation  
There is a large setup violation of -1.991 ns between design_1_i/pipelined_layer_proc_0/inst/grp_dataflow_parent_loop_proc_fu_232/dataflow_in_loop_Depth_Loop_U0/tile_A_V_3_U/reg_valid0_reg/C (clocked by clk_fpga_0) and design_1_i/pipelined_layer_proc_0/inst/grp_dataflow_parent_loop_proc_fu_232/dataflow_in_loop_Depth_Loop_U0/compute_systolic_U0/big_tile_A_15_load_reg_15034_reg[205]/D (clocked by clk_fpga_0). Large setup violations at the end of those stages might be difficult to fix during the post-placement implementation flow and could be the result of non-optimal XDC constraints or non-optimal design architecture
Related violations: <none>

TIMING-16#801 Warning
Large setup violation  
There is a large setup violation of -1.991 ns between design_1_i/pipelined_layer_proc_0/inst/grp_dataflow_parent_loop_proc_fu_232/dataflow_in_loop_Depth_Loop_U0/tile_A_V_3_U/reg_valid0_reg/C (clocked by clk_fpga_0) and design_1_i/pipelined_layer_proc_0/inst/grp_dataflow_parent_loop_proc_fu_232/dataflow_in_loop_Depth_Loop_U0/compute_systolic_U0/big_tile_A_3_load_reg_14974_reg[208]/D (clocked by clk_fpga_0). Large setup violations at the end of those stages might be difficult to fix during the post-placement implementation flow and could be the result of non-optimal XDC constraints or non-optimal design architecture
Related violations: <none>

TIMING-16#802 Warning
Large setup violation  
There is a large setup violation of -1.994 ns between design_1_i/pipelined_layer_proc_0/inst/grp_dataflow_parent_loop_proc_fu_232/dataflow_in_loop_Depth_Loop_U0/compute_systolic_U0/ap_CS_fsm_reg[3]/C (clocked by clk_fpga_0) and design_1_i/pipelined_layer_proc_0/inst/grp_dataflow_parent_loop_proc_fu_232/dataflow_in_loop_Depth_Loop_U0/compute_systolic_U0/big_tile_A_9_load_reg_15004_reg[23]/CE (clocked by clk_fpga_0). Large setup violations at the end of those stages might be difficult to fix during the post-placement implementation flow and could be the result of non-optimal XDC constraints or non-optimal design architecture
Related violations: <none>

TIMING-16#803 Warning
Large setup violation  
There is a large setup violation of -1.994 ns between design_1_i/pipelined_layer_proc_0/inst/grp_dataflow_parent_loop_proc_fu_232/dataflow_in_loop_Depth_Loop_U0/compute_systolic_U0/ap_CS_fsm_reg[3]/C (clocked by clk_fpga_0) and design_1_i/pipelined_layer_proc_0/inst/grp_dataflow_parent_loop_proc_fu_232/dataflow_in_loop_Depth_Loop_U0/compute_systolic_U0/big_tile_A_9_load_reg_15004_reg[53]/CE (clocked by clk_fpga_0). Large setup violations at the end of those stages might be difficult to fix during the post-placement implementation flow and could be the result of non-optimal XDC constraints or non-optimal design architecture
Related violations: <none>

TIMING-16#804 Warning
Large setup violation  
There is a large setup violation of -1.994 ns between design_1_i/pipelined_layer_proc_0/inst/grp_dataflow_parent_loop_proc_fu_232/dataflow_in_loop_Depth_Loop_U0/compute_systolic_U0/ap_CS_fsm_reg[3]/C (clocked by clk_fpga_0) and design_1_i/pipelined_layer_proc_0/inst/grp_dataflow_parent_loop_proc_fu_232/dataflow_in_loop_Depth_Loop_U0/compute_systolic_U0/big_tile_A_9_load_reg_15004_reg[55]/CE (clocked by clk_fpga_0). Large setup violations at the end of those stages might be difficult to fix during the post-placement implementation flow and could be the result of non-optimal XDC constraints or non-optimal design architecture
Related violations: <none>

TIMING-16#805 Warning
Large setup violation  
There is a large setup violation of -1.994 ns between design_1_i/pipelined_layer_proc_0/inst/grp_dataflow_parent_loop_proc_fu_232/dataflow_in_loop_Depth_Loop_U0/compute_systolic_U0/ap_CS_fsm_reg[3]/C (clocked by clk_fpga_0) and design_1_i/pipelined_layer_proc_0/inst/grp_dataflow_parent_loop_proc_fu_232/dataflow_in_loop_Depth_Loop_U0/compute_systolic_U0/big_tile_A_9_load_reg_15004_reg[69]/CE (clocked by clk_fpga_0). Large setup violations at the end of those stages might be difficult to fix during the post-placement implementation flow and could be the result of non-optimal XDC constraints or non-optimal design architecture
Related violations: <none>

TIMING-16#806 Warning
Large setup violation  
There is a large setup violation of -2.001 ns between design_1_i/pipelined_layer_proc_0/inst/grp_dataflow_parent_loop_proc_fu_232/dataflow_in_loop_Depth_Loop_U0/compute_systolic_U0/ap_CS_fsm_reg[3]/C (clocked by clk_fpga_0) and design_1_i/pipelined_layer_proc_0/inst/grp_dataflow_parent_loop_proc_fu_232/dataflow_in_loop_Depth_Loop_U0/compute_systolic_U0/big_tile_A_9_load_reg_15004_reg[177]/CE (clocked by clk_fpga_0). Large setup violations at the end of those stages might be difficult to fix during the post-placement implementation flow and could be the result of non-optimal XDC constraints or non-optimal design architecture
Related violations: <none>

TIMING-16#807 Warning
Large setup violation  
There is a large setup violation of -2.001 ns between design_1_i/pipelined_layer_proc_0/inst/grp_dataflow_parent_loop_proc_fu_232/dataflow_in_loop_Depth_Loop_U0/compute_systolic_U0/ap_CS_fsm_reg[3]/C (clocked by clk_fpga_0) and design_1_i/pipelined_layer_proc_0/inst/grp_dataflow_parent_loop_proc_fu_232/dataflow_in_loop_Depth_Loop_U0/compute_systolic_U0/big_tile_A_9_load_reg_15004_reg[184]/CE (clocked by clk_fpga_0). Large setup violations at the end of those stages might be difficult to fix during the post-placement implementation flow and could be the result of non-optimal XDC constraints or non-optimal design architecture
Related violations: <none>

TIMING-16#808 Warning
Large setup violation  
There is a large setup violation of -2.002 ns between design_1_i/pipelined_layer_proc_0/inst/grp_dataflow_parent_loop_proc_fu_232/dataflow_in_loop_Depth_Loop_U0/tile_A_V_3_U/reg_valid0_reg/C (clocked by clk_fpga_0) and design_1_i/pipelined_layer_proc_0/inst/grp_dataflow_parent_loop_proc_fu_232/dataflow_in_loop_Depth_Loop_U0/compute_systolic_U0/big_tile_A_8_load_reg_14999_reg[27]/D (clocked by clk_fpga_0). Large setup violations at the end of those stages might be difficult to fix during the post-placement implementation flow and could be the result of non-optimal XDC constraints or non-optimal design architecture
Related violations: <none>

TIMING-16#809 Warning
Large setup violation  
There is a large setup violation of -2.007 ns between design_1_i/pipelined_layer_proc_0/inst/grp_dataflow_parent_loop_proc_fu_232/dataflow_in_loop_Depth_Loop_U0/compute_systolic_U0/grp_compute_systolic_Pipeline_Load_Cache_Row_fu_3428_ap_start_reg_reg/C (clocked by clk_fpga_0) and design_1_i/pipelined_layer_proc_0/inst/grp_dataflow_parent_loop_proc_fu_232/dataflow_in_loop_Depth_Loop_U0/compute_systolic_U0/grp_compute_systolic_Pipeline_Load_Cache_Row_fu_3428/local_regs_V_522_fu_1240_reg[10]/D (clocked by clk_fpga_0). Large setup violations at the end of those stages might be difficult to fix during the post-placement implementation flow and could be the result of non-optimal XDC constraints or non-optimal design architecture
Related violations: <none>

TIMING-16#810 Warning
Large setup violation  
There is a large setup violation of -2.008 ns between design_1_i/pipelined_layer_proc_0/inst/grp_dataflow_parent_loop_proc_fu_232/dataflow_in_loop_Depth_Loop_U0/compute_systolic_U0/ap_CS_fsm_reg[3]/C (clocked by clk_fpga_0) and design_1_i/pipelined_layer_proc_0/inst/grp_dataflow_parent_loop_proc_fu_232/dataflow_in_loop_Depth_Loop_U0/compute_systolic_U0/big_tile_A_15_load_reg_15034_reg[147]/CE (clocked by clk_fpga_0). Large setup violations at the end of those stages might be difficult to fix during the post-placement implementation flow and could be the result of non-optimal XDC constraints or non-optimal design architecture
Related violations: <none>

TIMING-16#811 Warning
Large setup violation  
There is a large setup violation of -2.008 ns between design_1_i/pipelined_layer_proc_0/inst/grp_dataflow_parent_loop_proc_fu_232/dataflow_in_loop_Depth_Loop_U0/compute_systolic_U0/ap_CS_fsm_reg[3]/C (clocked by clk_fpga_0) and design_1_i/pipelined_layer_proc_0/inst/grp_dataflow_parent_loop_proc_fu_232/dataflow_in_loop_Depth_Loop_U0/compute_systolic_U0/big_tile_A_15_load_reg_15034_reg[149]/CE (clocked by clk_fpga_0). Large setup violations at the end of those stages might be difficult to fix during the post-placement implementation flow and could be the result of non-optimal XDC constraints or non-optimal design architecture
Related violations: <none>

TIMING-16#812 Warning
Large setup violation  
There is a large setup violation of -2.008 ns between design_1_i/pipelined_layer_proc_0/inst/grp_dataflow_parent_loop_proc_fu_232/dataflow_in_loop_Depth_Loop_U0/compute_systolic_U0/ap_CS_fsm_reg[3]/C (clocked by clk_fpga_0) and design_1_i/pipelined_layer_proc_0/inst/grp_dataflow_parent_loop_proc_fu_232/dataflow_in_loop_Depth_Loop_U0/compute_systolic_U0/big_tile_A_15_load_reg_15034_reg[195]/CE (clocked by clk_fpga_0). Large setup violations at the end of those stages might be difficult to fix during the post-placement implementation flow and could be the result of non-optimal XDC constraints or non-optimal design architecture
Related violations: <none>

TIMING-16#813 Warning
Large setup violation  
There is a large setup violation of -2.008 ns between design_1_i/pipelined_layer_proc_0/inst/grp_dataflow_parent_loop_proc_fu_232/dataflow_in_loop_Depth_Loop_U0/compute_systolic_U0/ap_CS_fsm_reg[3]/C (clocked by clk_fpga_0) and design_1_i/pipelined_layer_proc_0/inst/grp_dataflow_parent_loop_proc_fu_232/dataflow_in_loop_Depth_Loop_U0/compute_systolic_U0/big_tile_A_15_load_reg_15034_reg[203]/CE (clocked by clk_fpga_0). Large setup violations at the end of those stages might be difficult to fix during the post-placement implementation flow and could be the result of non-optimal XDC constraints or non-optimal design architecture
Related violations: <none>

TIMING-16#814 Warning
Large setup violation  
There is a large setup violation of -2.013 ns between design_1_i/pipelined_layer_proc_0/inst/grp_dataflow_parent_loop_proc_fu_232/dataflow_in_loop_Depth_Loop_U0/tile_A_V_3_U/reg_valid0_reg/C (clocked by clk_fpga_0) and design_1_i/pipelined_layer_proc_0/inst/grp_dataflow_parent_loop_proc_fu_232/dataflow_in_loop_Depth_Loop_U0/compute_systolic_U0/big_tile_A_11_load_reg_15014_reg[25]/D (clocked by clk_fpga_0). Large setup violations at the end of those stages might be difficult to fix during the post-placement implementation flow and could be the result of non-optimal XDC constraints or non-optimal design architecture
Related violations: <none>

TIMING-16#815 Warning
Large setup violation  
There is a large setup violation of -2.013 ns between design_1_i/pipelined_layer_proc_0/inst/grp_dataflow_parent_loop_proc_fu_232/dataflow_in_loop_Depth_Loop_U0/tile_A_V_3_U/reg_valid0_reg/C (clocked by clk_fpga_0) and design_1_i/pipelined_layer_proc_0/inst/grp_dataflow_parent_loop_proc_fu_232/dataflow_in_loop_Depth_Loop_U0/compute_systolic_U0/big_tile_A_15_load_reg_15034_reg[174]/D (clocked by clk_fpga_0). Large setup violations at the end of those stages might be difficult to fix during the post-placement implementation flow and could be the result of non-optimal XDC constraints or non-optimal design architecture
Related violations: <none>

TIMING-16#816 Warning
Large setup violation  
There is a large setup violation of -2.026 ns between design_1_i/pipelined_layer_proc_0/inst/grp_dataflow_parent_loop_proc_fu_232/dataflow_in_loop_Depth_Loop_U0/compute_systolic_U0/grp_compute_systolic_Pipeline_Load_Cache_Row_fu_3428_ap_start_reg_reg/C (clocked by clk_fpga_0) and design_1_i/pipelined_layer_proc_0/inst/grp_dataflow_parent_loop_proc_fu_232/dataflow_in_loop_Depth_Loop_U0/compute_systolic_U0/grp_compute_systolic_Pipeline_Load_Cache_Row_fu_3428/local_regs_V_701_fu_1956_reg[6]/CE (clocked by clk_fpga_0). Large setup violations at the end of those stages might be difficult to fix during the post-placement implementation flow and could be the result of non-optimal XDC constraints or non-optimal design architecture
Related violations: <none>

TIMING-16#817 Warning
Large setup violation  
There is a large setup violation of -2.034 ns between design_1_i/pipelined_layer_proc_0/inst/grp_dataflow_parent_loop_proc_fu_232/dataflow_in_loop_Depth_Loop_U0/compute_systolic_U0/ap_CS_fsm_reg[3]/C (clocked by clk_fpga_0) and design_1_i/pipelined_layer_proc_0/inst/grp_dataflow_parent_loop_proc_fu_232/dataflow_in_loop_Depth_Loop_U0/compute_systolic_U0/big_tile_A_13_load_reg_15024_reg[143]/CE (clocked by clk_fpga_0). Large setup violations at the end of those stages might be difficult to fix during the post-placement implementation flow and could be the result of non-optimal XDC constraints or non-optimal design architecture
Related violations: <none>

TIMING-16#818 Warning
Large setup violation  
There is a large setup violation of -2.034 ns between design_1_i/pipelined_layer_proc_0/inst/grp_dataflow_parent_loop_proc_fu_232/dataflow_in_loop_Depth_Loop_U0/compute_systolic_U0/ap_CS_fsm_reg[3]/C (clocked by clk_fpga_0) and design_1_i/pipelined_layer_proc_0/inst/grp_dataflow_parent_loop_proc_fu_232/dataflow_in_loop_Depth_Loop_U0/compute_systolic_U0/big_tile_A_15_load_reg_15034_reg[234]/CE (clocked by clk_fpga_0). Large setup violations at the end of those stages might be difficult to fix during the post-placement implementation flow and could be the result of non-optimal XDC constraints or non-optimal design architecture
Related violations: <none>

TIMING-16#819 Warning
Large setup violation  
There is a large setup violation of -2.034 ns between design_1_i/pipelined_layer_proc_0/inst/grp_dataflow_parent_loop_proc_fu_232/dataflow_in_loop_Depth_Loop_U0/compute_systolic_U0/ap_CS_fsm_reg[3]/C (clocked by clk_fpga_0) and design_1_i/pipelined_layer_proc_0/inst/grp_dataflow_parent_loop_proc_fu_232/dataflow_in_loop_Depth_Loop_U0/compute_systolic_U0/big_tile_A_15_load_reg_15034_reg[246]/CE (clocked by clk_fpga_0). Large setup violations at the end of those stages might be difficult to fix during the post-placement implementation flow and could be the result of non-optimal XDC constraints or non-optimal design architecture
Related violations: <none>

TIMING-16#820 Warning
Large setup violation  
There is a large setup violation of -2.034 ns between design_1_i/pipelined_layer_proc_0/inst/grp_dataflow_parent_loop_proc_fu_232/dataflow_in_loop_Depth_Loop_U0/compute_systolic_U0/ap_CS_fsm_reg[3]/C (clocked by clk_fpga_0) and design_1_i/pipelined_layer_proc_0/inst/grp_dataflow_parent_loop_proc_fu_232/dataflow_in_loop_Depth_Loop_U0/compute_systolic_U0/big_tile_A_9_load_reg_15004_reg[206]/CE (clocked by clk_fpga_0). Large setup violations at the end of those stages might be difficult to fix during the post-placement implementation flow and could be the result of non-optimal XDC constraints or non-optimal design architecture
Related violations: <none>

TIMING-16#821 Warning
Large setup violation  
There is a large setup violation of -2.040 ns between design_1_i/pipelined_layer_proc_0/inst/grp_dataflow_parent_loop_proc_fu_232/dataflow_in_loop_Depth_Loop_U0/compute_systolic_U0/grp_compute_systolic_Pipeline_Load_Cache_Row_fu_3428_ap_start_reg_reg/C (clocked by clk_fpga_0) and design_1_i/pipelined_layer_proc_0/inst/grp_dataflow_parent_loop_proc_fu_232/dataflow_in_loop_Depth_Loop_U0/compute_systolic_U0/grp_compute_systolic_Pipeline_Load_Cache_Row_fu_3428/local_regs_V_629_fu_1668_reg[0]/CE (clocked by clk_fpga_0). Large setup violations at the end of those stages might be difficult to fix during the post-placement implementation flow and could be the result of non-optimal XDC constraints or non-optimal design architecture
Related violations: <none>

TIMING-16#822 Warning
Large setup violation  
There is a large setup violation of -2.040 ns between design_1_i/pipelined_layer_proc_0/inst/grp_dataflow_parent_loop_proc_fu_232/dataflow_in_loop_Depth_Loop_U0/compute_systolic_U0/grp_compute_systolic_Pipeline_Load_Cache_Row_fu_3428_ap_start_reg_reg/C (clocked by clk_fpga_0) and design_1_i/pipelined_layer_proc_0/inst/grp_dataflow_parent_loop_proc_fu_232/dataflow_in_loop_Depth_Loop_U0/compute_systolic_U0/grp_compute_systolic_Pipeline_Load_Cache_Row_fu_3428/local_regs_V_629_fu_1668_reg[1]/CE (clocked by clk_fpga_0). Large setup violations at the end of those stages might be difficult to fix during the post-placement implementation flow and could be the result of non-optimal XDC constraints or non-optimal design architecture
Related violations: <none>

TIMING-16#823 Warning
Large setup violation  
There is a large setup violation of -2.040 ns between design_1_i/pipelined_layer_proc_0/inst/grp_dataflow_parent_loop_proc_fu_232/dataflow_in_loop_Depth_Loop_U0/compute_systolic_U0/grp_compute_systolic_Pipeline_Load_Cache_Row_fu_3428_ap_start_reg_reg/C (clocked by clk_fpga_0) and design_1_i/pipelined_layer_proc_0/inst/grp_dataflow_parent_loop_proc_fu_232/dataflow_in_loop_Depth_Loop_U0/compute_systolic_U0/grp_compute_systolic_Pipeline_Load_Cache_Row_fu_3428/local_regs_V_629_fu_1668_reg[7]/CE (clocked by clk_fpga_0). Large setup violations at the end of those stages might be difficult to fix during the post-placement implementation flow and could be the result of non-optimal XDC constraints or non-optimal design architecture
Related violations: <none>

TIMING-16#824 Warning
Large setup violation  
There is a large setup violation of -2.042 ns between design_1_i/pipelined_layer_proc_0/inst/grp_dataflow_parent_loop_proc_fu_232/dataflow_in_loop_Depth_Loop_U0/compute_systolic_U0/grp_compute_systolic_Pipeline_Load_Cache_Row_fu_3428/trunc_ln55_reg_11237_reg[0]/C (clocked by clk_fpga_0) and design_1_i/pipelined_layer_proc_0/inst/grp_dataflow_parent_loop_proc_fu_232/dataflow_in_loop_Depth_Loop_U0/compute_systolic_U0/grp_compute_systolic_Pipeline_Load_Cache_Row_fu_3428/local_regs_V_565_fu_1412_reg[18]/CE (clocked by clk_fpga_0). Large setup violations at the end of those stages might be difficult to fix during the post-placement implementation flow and could be the result of non-optimal XDC constraints or non-optimal design architecture
Related violations: <none>

TIMING-16#825 Warning
Large setup violation  
There is a large setup violation of -2.044 ns between design_1_i/pipelined_layer_proc_0/inst/grp_dataflow_parent_loop_proc_fu_232/dataflow_in_loop_Depth_Loop_U0/compute_systolic_U0/ap_CS_fsm_reg[3]/C (clocked by clk_fpga_0) and design_1_i/pipelined_layer_proc_0/inst/grp_dataflow_parent_loop_proc_fu_232/dataflow_in_loop_Depth_Loop_U0/compute_systolic_U0/big_tile_A_15_load_reg_15034_reg[165]/CE (clocked by clk_fpga_0). Large setup violations at the end of those stages might be difficult to fix during the post-placement implementation flow and could be the result of non-optimal XDC constraints or non-optimal design architecture
Related violations: <none>

TIMING-16#826 Warning
Large setup violation  
There is a large setup violation of -2.044 ns between design_1_i/pipelined_layer_proc_0/inst/grp_dataflow_parent_loop_proc_fu_232/dataflow_in_loop_Depth_Loop_U0/compute_systolic_U0/ap_CS_fsm_reg[3]/C (clocked by clk_fpga_0) and design_1_i/pipelined_layer_proc_0/inst/grp_dataflow_parent_loop_proc_fu_232/dataflow_in_loop_Depth_Loop_U0/compute_systolic_U0/big_tile_A_15_load_reg_15034_reg[177]/CE (clocked by clk_fpga_0). Large setup violations at the end of those stages might be difficult to fix during the post-placement implementation flow and could be the result of non-optimal XDC constraints or non-optimal design architecture
Related violations: <none>

TIMING-16#827 Warning
Large setup violation  
There is a large setup violation of -2.044 ns between design_1_i/pipelined_layer_proc_0/inst/grp_dataflow_parent_loop_proc_fu_232/dataflow_in_loop_Depth_Loop_U0/compute_systolic_U0/ap_CS_fsm_reg[3]/C (clocked by clk_fpga_0) and design_1_i/pipelined_layer_proc_0/inst/grp_dataflow_parent_loop_proc_fu_232/dataflow_in_loop_Depth_Loop_U0/compute_systolic_U0/big_tile_A_15_load_reg_15034_reg[189]/CE (clocked by clk_fpga_0). Large setup violations at the end of those stages might be difficult to fix during the post-placement implementation flow and could be the result of non-optimal XDC constraints or non-optimal design architecture
Related violations: <none>

TIMING-16#828 Warning
Large setup violation  
There is a large setup violation of -2.044 ns between design_1_i/pipelined_layer_proc_0/inst/grp_dataflow_parent_loop_proc_fu_232/dataflow_in_loop_Depth_Loop_U0/compute_systolic_U0/ap_CS_fsm_reg[3]/C (clocked by clk_fpga_0) and design_1_i/pipelined_layer_proc_0/inst/grp_dataflow_parent_loop_proc_fu_232/dataflow_in_loop_Depth_Loop_U0/compute_systolic_U0/big_tile_A_15_load_reg_15034_reg[209]/CE (clocked by clk_fpga_0). Large setup violations at the end of those stages might be difficult to fix during the post-placement implementation flow and could be the result of non-optimal XDC constraints or non-optimal design architecture
Related violations: <none>

TIMING-16#829 Warning
Large setup violation  
There is a large setup violation of -2.046 ns between design_1_i/pipelined_layer_proc_0/inst/grp_dataflow_parent_loop_proc_fu_232/dataflow_in_loop_Depth_Loop_U0/compute_systolic_U0/ap_CS_fsm_reg[3]/C (clocked by clk_fpga_0) and design_1_i/pipelined_layer_proc_0/inst/grp_dataflow_parent_loop_proc_fu_232/dataflow_in_loop_Depth_Loop_U0/compute_systolic_U0/big_tile_A_13_load_reg_15024_reg[226]/CE (clocked by clk_fpga_0). Large setup violations at the end of those stages might be difficult to fix during the post-placement implementation flow and could be the result of non-optimal XDC constraints or non-optimal design architecture
Related violations: <none>

TIMING-16#830 Warning
Large setup violation  
There is a large setup violation of -2.046 ns between design_1_i/pipelined_layer_proc_0/inst/grp_dataflow_parent_loop_proc_fu_232/dataflow_in_loop_Depth_Loop_U0/compute_systolic_U0/ap_CS_fsm_reg[3]/C (clocked by clk_fpga_0) and design_1_i/pipelined_layer_proc_0/inst/grp_dataflow_parent_loop_proc_fu_232/dataflow_in_loop_Depth_Loop_U0/compute_systolic_U0/big_tile_A_13_load_reg_15024_reg[228]/CE (clocked by clk_fpga_0). Large setup violations at the end of those stages might be difficult to fix during the post-placement implementation flow and could be the result of non-optimal XDC constraints or non-optimal design architecture
Related violations: <none>

TIMING-16#831 Warning
Large setup violation  
There is a large setup violation of -2.046 ns between design_1_i/pipelined_layer_proc_0/inst/grp_dataflow_parent_loop_proc_fu_232/dataflow_in_loop_Depth_Loop_U0/compute_systolic_U0/ap_CS_fsm_reg[3]/C (clocked by clk_fpga_0) and design_1_i/pipelined_layer_proc_0/inst/grp_dataflow_parent_loop_proc_fu_232/dataflow_in_loop_Depth_Loop_U0/compute_systolic_U0/big_tile_A_13_load_reg_15024_reg[248]/CE (clocked by clk_fpga_0). Large setup violations at the end of those stages might be difficult to fix during the post-placement implementation flow and could be the result of non-optimal XDC constraints or non-optimal design architecture
Related violations: <none>

TIMING-16#832 Warning
Large setup violation  
There is a large setup violation of -2.046 ns between design_1_i/pipelined_layer_proc_0/inst/grp_dataflow_parent_loop_proc_fu_232/dataflow_in_loop_Depth_Loop_U0/compute_systolic_U0/ap_CS_fsm_reg[3]/C (clocked by clk_fpga_0) and design_1_i/pipelined_layer_proc_0/inst/grp_dataflow_parent_loop_proc_fu_232/dataflow_in_loop_Depth_Loop_U0/compute_systolic_U0/big_tile_A_13_load_reg_15024_reg[250]/CE (clocked by clk_fpga_0). Large setup violations at the end of those stages might be difficult to fix during the post-placement implementation flow and could be the result of non-optimal XDC constraints or non-optimal design architecture
Related violations: <none>

TIMING-16#833 Warning
Large setup violation  
There is a large setup violation of -2.055 ns between design_1_i/pipelined_layer_proc_0/inst/grp_dataflow_parent_loop_proc_fu_232/dataflow_in_loop_Depth_Loop_U0/compute_systolic_U0/ap_CS_fsm_reg[3]/C (clocked by clk_fpga_0) and design_1_i/pipelined_layer_proc_0/inst/grp_dataflow_parent_loop_proc_fu_232/dataflow_in_loop_Depth_Loop_U0/compute_systolic_U0/big_tile_A_9_load_reg_15004_reg[28]/CE (clocked by clk_fpga_0). Large setup violations at the end of those stages might be difficult to fix during the post-placement implementation flow and could be the result of non-optimal XDC constraints or non-optimal design architecture
Related violations: <none>

TIMING-16#834 Warning
Large setup violation  
There is a large setup violation of -2.055 ns between design_1_i/pipelined_layer_proc_0/inst/grp_dataflow_parent_loop_proc_fu_232/dataflow_in_loop_Depth_Loop_U0/compute_systolic_U0/ap_CS_fsm_reg[3]/C (clocked by clk_fpga_0) and design_1_i/pipelined_layer_proc_0/inst/grp_dataflow_parent_loop_proc_fu_232/dataflow_in_loop_Depth_Loop_U0/compute_systolic_U0/big_tile_A_9_load_reg_15004_reg[36]/CE (clocked by clk_fpga_0). Large setup violations at the end of those stages might be difficult to fix during the post-placement implementation flow and could be the result of non-optimal XDC constraints or non-optimal design architecture
Related violations: <none>

TIMING-16#835 Warning
Large setup violation  
There is a large setup violation of -2.055 ns between design_1_i/pipelined_layer_proc_0/inst/grp_dataflow_parent_loop_proc_fu_232/dataflow_in_loop_Depth_Loop_U0/compute_systolic_U0/ap_CS_fsm_reg[3]/C (clocked by clk_fpga_0) and design_1_i/pipelined_layer_proc_0/inst/grp_dataflow_parent_loop_proc_fu_232/dataflow_in_loop_Depth_Loop_U0/compute_systolic_U0/big_tile_A_9_load_reg_15004_reg[38]/CE (clocked by clk_fpga_0). Large setup violations at the end of those stages might be difficult to fix during the post-placement implementation flow and could be the result of non-optimal XDC constraints or non-optimal design architecture
Related violations: <none>

TIMING-16#836 Warning
Large setup violation  
There is a large setup violation of -2.055 ns between design_1_i/pipelined_layer_proc_0/inst/grp_dataflow_parent_loop_proc_fu_232/dataflow_in_loop_Depth_Loop_U0/compute_systolic_U0/ap_CS_fsm_reg[3]/C (clocked by clk_fpga_0) and design_1_i/pipelined_layer_proc_0/inst/grp_dataflow_parent_loop_proc_fu_232/dataflow_in_loop_Depth_Loop_U0/compute_systolic_U0/big_tile_A_9_load_reg_15004_reg[62]/CE (clocked by clk_fpga_0). Large setup violations at the end of those stages might be difficult to fix during the post-placement implementation flow and could be the result of non-optimal XDC constraints or non-optimal design architecture
Related violations: <none>

TIMING-16#837 Warning
Large setup violation  
There is a large setup violation of -2.064 ns between design_1_i/pipelined_layer_proc_0/inst/grp_dataflow_parent_loop_proc_fu_232/dataflow_in_loop_Depth_Loop_U0/compute_systolic_U0/ap_CS_fsm_reg[3]/C (clocked by clk_fpga_0) and design_1_i/pipelined_layer_proc_0/inst/grp_dataflow_parent_loop_proc_fu_232/dataflow_in_loop_Depth_Loop_U0/compute_systolic_U0/big_tile_A_13_load_reg_15024_reg[160]/CE (clocked by clk_fpga_0). Large setup violations at the end of those stages might be difficult to fix during the post-placement implementation flow and could be the result of non-optimal XDC constraints or non-optimal design architecture
Related violations: <none>

TIMING-16#838 Warning
Large setup violation  
There is a large setup violation of -2.064 ns between design_1_i/pipelined_layer_proc_0/inst/grp_dataflow_parent_loop_proc_fu_232/dataflow_in_loop_Depth_Loop_U0/compute_systolic_U0/ap_CS_fsm_reg[3]/C (clocked by clk_fpga_0) and design_1_i/pipelined_layer_proc_0/inst/grp_dataflow_parent_loop_proc_fu_232/dataflow_in_loop_Depth_Loop_U0/compute_systolic_U0/big_tile_A_13_load_reg_15024_reg[178]/CE (clocked by clk_fpga_0). Large setup violations at the end of those stages might be difficult to fix during the post-placement implementation flow and could be the result of non-optimal XDC constraints or non-optimal design architecture
Related violations: <none>

TIMING-16#839 Warning
Large setup violation  
There is a large setup violation of -2.064 ns between design_1_i/pipelined_layer_proc_0/inst/grp_dataflow_parent_loop_proc_fu_232/dataflow_in_loop_Depth_Loop_U0/compute_systolic_U0/ap_CS_fsm_reg[3]/C (clocked by clk_fpga_0) and design_1_i/pipelined_layer_proc_0/inst/grp_dataflow_parent_loop_proc_fu_232/dataflow_in_loop_Depth_Loop_U0/compute_systolic_U0/big_tile_A_13_load_reg_15024_reg[186]/CE (clocked by clk_fpga_0). Large setup violations at the end of those stages might be difficult to fix during the post-placement implementation flow and could be the result of non-optimal XDC constraints or non-optimal design architecture
Related violations: <none>

TIMING-16#840 Warning
Large setup violation  
There is a large setup violation of -2.064 ns between design_1_i/pipelined_layer_proc_0/inst/grp_dataflow_parent_loop_proc_fu_232/dataflow_in_loop_Depth_Loop_U0/compute_systolic_U0/ap_CS_fsm_reg[3]/C (clocked by clk_fpga_0) and design_1_i/pipelined_layer_proc_0/inst/grp_dataflow_parent_loop_proc_fu_232/dataflow_in_loop_Depth_Loop_U0/compute_systolic_U0/big_tile_A_13_load_reg_15024_reg[192]/CE (clocked by clk_fpga_0). Large setup violations at the end of those stages might be difficult to fix during the post-placement implementation flow and could be the result of non-optimal XDC constraints or non-optimal design architecture
Related violations: <none>

TIMING-16#841 Warning
Large setup violation  
There is a large setup violation of -2.067 ns between design_1_i/pipelined_layer_proc_0/inst/grp_dataflow_parent_loop_proc_fu_232/dataflow_in_loop_Depth_Loop_U0/compute_systolic_U0/ap_CS_fsm_reg[3]/C (clocked by clk_fpga_0) and design_1_i/pipelined_layer_proc_0/inst/grp_dataflow_parent_loop_proc_fu_232/dataflow_in_loop_Depth_Loop_U0/compute_systolic_U0/big_tile_A_9_load_reg_15004_reg[32]/CE (clocked by clk_fpga_0). Large setup violations at the end of those stages might be difficult to fix during the post-placement implementation flow and could be the result of non-optimal XDC constraints or non-optimal design architecture
Related violations: <none>

TIMING-16#842 Warning
Large setup violation  
There is a large setup violation of -2.067 ns between design_1_i/pipelined_layer_proc_0/inst/grp_dataflow_parent_loop_proc_fu_232/dataflow_in_loop_Depth_Loop_U0/compute_systolic_U0/ap_CS_fsm_reg[3]/C (clocked by clk_fpga_0) and design_1_i/pipelined_layer_proc_0/inst/grp_dataflow_parent_loop_proc_fu_232/dataflow_in_loop_Depth_Loop_U0/compute_systolic_U0/big_tile_A_9_load_reg_15004_reg[64]/CE (clocked by clk_fpga_0). Large setup violations at the end of those stages might be difficult to fix during the post-placement implementation flow and could be the result of non-optimal XDC constraints or non-optimal design architecture
Related violations: <none>

TIMING-16#843 Warning
Large setup violation  
There is a large setup violation of -2.067 ns between design_1_i/pipelined_layer_proc_0/inst/grp_dataflow_parent_loop_proc_fu_232/dataflow_in_loop_Depth_Loop_U0/compute_systolic_U0/ap_CS_fsm_reg[3]/C (clocked by clk_fpga_0) and design_1_i/pipelined_layer_proc_0/inst/grp_dataflow_parent_loop_proc_fu_232/dataflow_in_loop_Depth_Loop_U0/compute_systolic_U0/big_tile_A_9_load_reg_15004_reg[6]/CE (clocked by clk_fpga_0). Large setup violations at the end of those stages might be difficult to fix during the post-placement implementation flow and could be the result of non-optimal XDC constraints or non-optimal design architecture
Related violations: <none>

TIMING-16#844 Warning
Large setup violation  
There is a large setup violation of -2.067 ns between design_1_i/pipelined_layer_proc_0/inst/grp_dataflow_parent_loop_proc_fu_232/dataflow_in_loop_Depth_Loop_U0/compute_systolic_U0/ap_CS_fsm_reg[3]/C (clocked by clk_fpga_0) and design_1_i/pipelined_layer_proc_0/inst/grp_dataflow_parent_loop_proc_fu_232/dataflow_in_loop_Depth_Loop_U0/compute_systolic_U0/big_tile_A_9_load_reg_15004_reg[70]/CE (clocked by clk_fpga_0). Large setup violations at the end of those stages might be difficult to fix during the post-placement implementation flow and could be the result of non-optimal XDC constraints or non-optimal design architecture
Related violations: <none>

TIMING-16#845 Warning
Large setup violation  
There is a large setup violation of -2.068 ns between design_1_i/pipelined_layer_proc_0/inst/grp_dataflow_parent_loop_proc_fu_232/dataflow_in_loop_Depth_Loop_U0/compute_systolic_U0/ap_CS_fsm_reg[3]/C (clocked by clk_fpga_0) and design_1_i/pipelined_layer_proc_0/inst/grp_dataflow_parent_loop_proc_fu_232/dataflow_in_loop_Depth_Loop_U0/compute_systolic_U0/big_tile_A_15_load_reg_15034_reg[214]/CE (clocked by clk_fpga_0). Large setup violations at the end of those stages might be difficult to fix during the post-placement implementation flow and could be the result of non-optimal XDC constraints or non-optimal design architecture
Related violations: <none>

TIMING-16#846 Warning
Large setup violation  
There is a large setup violation of -2.068 ns between design_1_i/pipelined_layer_proc_0/inst/grp_dataflow_parent_loop_proc_fu_232/dataflow_in_loop_Depth_Loop_U0/compute_systolic_U0/ap_CS_fsm_reg[3]/C (clocked by clk_fpga_0) and design_1_i/pipelined_layer_proc_0/inst/grp_dataflow_parent_loop_proc_fu_232/dataflow_in_loop_Depth_Loop_U0/compute_systolic_U0/big_tile_A_15_load_reg_15034_reg[220]/CE (clocked by clk_fpga_0). Large setup violations at the end of those stages might be difficult to fix during the post-placement implementation flow and could be the result of non-optimal XDC constraints or non-optimal design architecture
Related violations: <none>

TIMING-16#847 Warning
Large setup violation  
There is a large setup violation of -2.068 ns between design_1_i/pipelined_layer_proc_0/inst/grp_dataflow_parent_loop_proc_fu_232/dataflow_in_loop_Depth_Loop_U0/compute_systolic_U0/ap_CS_fsm_reg[3]/C (clocked by clk_fpga_0) and design_1_i/pipelined_layer_proc_0/inst/grp_dataflow_parent_loop_proc_fu_232/dataflow_in_loop_Depth_Loop_U0/compute_systolic_U0/big_tile_A_9_load_reg_15004_reg[154]/CE (clocked by clk_fpga_0). Large setup violations at the end of those stages might be difficult to fix during the post-placement implementation flow and could be the result of non-optimal XDC constraints or non-optimal design architecture
Related violations: <none>

TIMING-16#848 Warning
Large setup violation  
There is a large setup violation of -2.068 ns between design_1_i/pipelined_layer_proc_0/inst/grp_dataflow_parent_loop_proc_fu_232/dataflow_in_loop_Depth_Loop_U0/compute_systolic_U0/ap_CS_fsm_reg[3]/C (clocked by clk_fpga_0) and design_1_i/pipelined_layer_proc_0/inst/grp_dataflow_parent_loop_proc_fu_232/dataflow_in_loop_Depth_Loop_U0/compute_systolic_U0/big_tile_A_9_load_reg_15004_reg[176]/CE (clocked by clk_fpga_0). Large setup violations at the end of those stages might be difficult to fix during the post-placement implementation flow and could be the result of non-optimal XDC constraints or non-optimal design architecture
Related violations: <none>

TIMING-16#849 Warning
Large setup violation  
There is a large setup violation of -2.068 ns between design_1_i/pipelined_layer_proc_0/inst/grp_dataflow_parent_loop_proc_fu_232/dataflow_in_loop_Depth_Loop_U0/compute_systolic_U0/ap_CS_fsm_reg[3]/C (clocked by clk_fpga_0) and design_1_i/pipelined_layer_proc_0/inst/grp_dataflow_parent_loop_proc_fu_232/dataflow_in_loop_Depth_Loop_U0/compute_systolic_U0/big_tile_A_9_load_reg_15004_reg[200]/CE (clocked by clk_fpga_0). Large setup violations at the end of those stages might be difficult to fix during the post-placement implementation flow and could be the result of non-optimal XDC constraints or non-optimal design architecture
Related violations: <none>

TIMING-16#850 Warning
Large setup violation  
There is a large setup violation of -2.079 ns between design_1_i/pipelined_layer_proc_0/inst/grp_dataflow_parent_loop_proc_fu_232/dataflow_in_loop_Depth_Loop_U0/compute_systolic_U0/ap_CS_fsm_reg[3]/C (clocked by clk_fpga_0) and design_1_i/pipelined_layer_proc_0/inst/grp_dataflow_parent_loop_proc_fu_232/dataflow_in_loop_Depth_Loop_U0/compute_systolic_U0/big_tile_A_9_load_reg_15004_reg[121]/CE (clocked by clk_fpga_0). Large setup violations at the end of those stages might be difficult to fix during the post-placement implementation flow and could be the result of non-optimal XDC constraints or non-optimal design architecture
Related violations: <none>

TIMING-16#851 Warning
Large setup violation  
There is a large setup violation of -2.079 ns between design_1_i/pipelined_layer_proc_0/inst/grp_dataflow_parent_loop_proc_fu_232/dataflow_in_loop_Depth_Loop_U0/compute_systolic_U0/ap_CS_fsm_reg[3]/C (clocked by clk_fpga_0) and design_1_i/pipelined_layer_proc_0/inst/grp_dataflow_parent_loop_proc_fu_232/dataflow_in_loop_Depth_Loop_U0/compute_systolic_U0/big_tile_A_9_load_reg_15004_reg[130]/CE (clocked by clk_fpga_0). Large setup violations at the end of those stages might be difficult to fix during the post-placement implementation flow and could be the result of non-optimal XDC constraints or non-optimal design architecture
Related violations: <none>

TIMING-16#852 Warning
Large setup violation  
There is a large setup violation of -2.079 ns between design_1_i/pipelined_layer_proc_0/inst/grp_dataflow_parent_loop_proc_fu_232/dataflow_in_loop_Depth_Loop_U0/compute_systolic_U0/ap_CS_fsm_reg[3]/C (clocked by clk_fpga_0) and design_1_i/pipelined_layer_proc_0/inst/grp_dataflow_parent_loop_proc_fu_232/dataflow_in_loop_Depth_Loop_U0/compute_systolic_U0/big_tile_A_9_load_reg_15004_reg[227]/CE (clocked by clk_fpga_0). Large setup violations at the end of those stages might be difficult to fix during the post-placement implementation flow and could be the result of non-optimal XDC constraints or non-optimal design architecture
Related violations: <none>

TIMING-16#853 Warning
Large setup violation  
There is a large setup violation of -2.079 ns between design_1_i/pipelined_layer_proc_0/inst/grp_dataflow_parent_loop_proc_fu_232/dataflow_in_loop_Depth_Loop_U0/compute_systolic_U0/ap_CS_fsm_reg[3]/C (clocked by clk_fpga_0) and design_1_i/pipelined_layer_proc_0/inst/grp_dataflow_parent_loop_proc_fu_232/dataflow_in_loop_Depth_Loop_U0/compute_systolic_U0/big_tile_A_9_load_reg_15004_reg[249]/CE (clocked by clk_fpga_0). Large setup violations at the end of those stages might be difficult to fix during the post-placement implementation flow and could be the result of non-optimal XDC constraints or non-optimal design architecture
Related violations: <none>

TIMING-16#854 Warning
Large setup violation  
There is a large setup violation of -2.079 ns between design_1_i/pipelined_layer_proc_0/inst/grp_dataflow_parent_loop_proc_fu_232/dataflow_in_loop_Depth_Loop_U0/compute_systolic_U0/ap_CS_fsm_reg[3]/C (clocked by clk_fpga_0) and design_1_i/pipelined_layer_proc_0/inst/grp_dataflow_parent_loop_proc_fu_232/dataflow_in_loop_Depth_Loop_U0/compute_systolic_U0/big_tile_A_9_load_reg_15004_reg[250]/CE (clocked by clk_fpga_0). Large setup violations at the end of those stages might be difficult to fix during the post-placement implementation flow and could be the result of non-optimal XDC constraints or non-optimal design architecture
Related violations: <none>

TIMING-16#855 Warning
Large setup violation  
There is a large setup violation of -2.079 ns between design_1_i/pipelined_layer_proc_0/inst/grp_dataflow_parent_loop_proc_fu_232/dataflow_in_loop_Depth_Loop_U0/compute_systolic_U0/ap_CS_fsm_reg[3]/C (clocked by clk_fpga_0) and design_1_i/pipelined_layer_proc_0/inst/grp_dataflow_parent_loop_proc_fu_232/dataflow_in_loop_Depth_Loop_U0/compute_systolic_U0/big_tile_A_9_load_reg_15004_reg[26]/CE (clocked by clk_fpga_0). Large setup violations at the end of those stages might be difficult to fix during the post-placement implementation flow and could be the result of non-optimal XDC constraints or non-optimal design architecture
Related violations: <none>

TIMING-16#856 Warning
Large setup violation  
There is a large setup violation of -2.080 ns between design_1_i/pipelined_layer_proc_0/inst/grp_dataflow_parent_loop_proc_fu_232/dataflow_in_loop_Depth_Loop_U0/compute_systolic_U0/ap_CS_fsm_reg[3]/C (clocked by clk_fpga_0) and design_1_i/pipelined_layer_proc_0/inst/grp_dataflow_parent_loop_proc_fu_232/dataflow_in_loop_Depth_Loop_U0/compute_systolic_U0/big_tile_A_15_load_reg_15034_reg[148]/CE (clocked by clk_fpga_0). Large setup violations at the end of those stages might be difficult to fix during the post-placement implementation flow and could be the result of non-optimal XDC constraints or non-optimal design architecture
Related violations: <none>

TIMING-16#857 Warning
Large setup violation  
There is a large setup violation of -2.080 ns between design_1_i/pipelined_layer_proc_0/inst/grp_dataflow_parent_loop_proc_fu_232/dataflow_in_loop_Depth_Loop_U0/compute_systolic_U0/ap_CS_fsm_reg[3]/C (clocked by clk_fpga_0) and design_1_i/pipelined_layer_proc_0/inst/grp_dataflow_parent_loop_proc_fu_232/dataflow_in_loop_Depth_Loop_U0/compute_systolic_U0/big_tile_A_15_load_reg_15034_reg[162]/CE (clocked by clk_fpga_0). Large setup violations at the end of those stages might be difficult to fix during the post-placement implementation flow and could be the result of non-optimal XDC constraints or non-optimal design architecture
Related violations: <none>

TIMING-16#858 Warning
Large setup violation  
There is a large setup violation of -2.080 ns between design_1_i/pipelined_layer_proc_0/inst/grp_dataflow_parent_loop_proc_fu_232/dataflow_in_loop_Depth_Loop_U0/compute_systolic_U0/ap_CS_fsm_reg[3]/C (clocked by clk_fpga_0) and design_1_i/pipelined_layer_proc_0/inst/grp_dataflow_parent_loop_proc_fu_232/dataflow_in_loop_Depth_Loop_U0/compute_systolic_U0/big_tile_A_15_load_reg_15034_reg[164]/CE (clocked by clk_fpga_0). Large setup violations at the end of those stages might be difficult to fix during the post-placement implementation flow and could be the result of non-optimal XDC constraints or non-optimal design architecture
Related violations: <none>

TIMING-16#859 Warning
Large setup violation  
There is a large setup violation of -2.080 ns between design_1_i/pipelined_layer_proc_0/inst/grp_dataflow_parent_loop_proc_fu_232/dataflow_in_loop_Depth_Loop_U0/compute_systolic_U0/ap_CS_fsm_reg[3]/C (clocked by clk_fpga_0) and design_1_i/pipelined_layer_proc_0/inst/grp_dataflow_parent_loop_proc_fu_232/dataflow_in_loop_Depth_Loop_U0/compute_systolic_U0/big_tile_A_15_load_reg_15034_reg[166]/CE (clocked by clk_fpga_0). Large setup violations at the end of those stages might be difficult to fix during the post-placement implementation flow and could be the result of non-optimal XDC constraints or non-optimal design architecture
Related violations: <none>

TIMING-16#860 Warning
Large setup violation  
There is a large setup violation of -2.084 ns between design_1_i/pipelined_layer_proc_0/inst/grp_dataflow_parent_loop_proc_fu_232/dataflow_in_loop_Depth_Loop_U0/compute_systolic_U0/ap_CS_fsm_reg[3]/C (clocked by clk_fpga_0) and design_1_i/pipelined_layer_proc_0/inst/grp_dataflow_parent_loop_proc_fu_232/dataflow_in_loop_Depth_Loop_U0/compute_systolic_U0/big_tile_A_13_load_reg_15024_reg[156]/CE (clocked by clk_fpga_0). Large setup violations at the end of those stages might be difficult to fix during the post-placement implementation flow and could be the result of non-optimal XDC constraints or non-optimal design architecture
Related violations: <none>

TIMING-16#861 Warning
Large setup violation  
There is a large setup violation of -2.084 ns between design_1_i/pipelined_layer_proc_0/inst/grp_dataflow_parent_loop_proc_fu_232/dataflow_in_loop_Depth_Loop_U0/compute_systolic_U0/ap_CS_fsm_reg[3]/C (clocked by clk_fpga_0) and design_1_i/pipelined_layer_proc_0/inst/grp_dataflow_parent_loop_proc_fu_232/dataflow_in_loop_Depth_Loop_U0/compute_systolic_U0/big_tile_A_9_load_reg_15004_reg[25]/CE (clocked by clk_fpga_0). Large setup violations at the end of those stages might be difficult to fix during the post-placement implementation flow and could be the result of non-optimal XDC constraints or non-optimal design architecture
Related violations: <none>

TIMING-16#862 Warning
Large setup violation  
There is a large setup violation of -2.084 ns between design_1_i/pipelined_layer_proc_0/inst/grp_dataflow_parent_loop_proc_fu_232/dataflow_in_loop_Depth_Loop_U0/compute_systolic_U0/ap_CS_fsm_reg[3]/C (clocked by clk_fpga_0) and design_1_i/pipelined_layer_proc_0/inst/grp_dataflow_parent_loop_proc_fu_232/dataflow_in_loop_Depth_Loop_U0/compute_systolic_U0/big_tile_A_9_load_reg_15004_reg[47]/CE (clocked by clk_fpga_0). Large setup violations at the end of those stages might be difficult to fix during the post-placement implementation flow and could be the result of non-optimal XDC constraints or non-optimal design architecture
Related violations: <none>

TIMING-16#863 Warning
Large setup violation  
There is a large setup violation of -2.084 ns between design_1_i/pipelined_layer_proc_0/inst/grp_dataflow_parent_loop_proc_fu_232/dataflow_in_loop_Depth_Loop_U0/compute_systolic_U0/ap_CS_fsm_reg[3]/C (clocked by clk_fpga_0) and design_1_i/pipelined_layer_proc_0/inst/grp_dataflow_parent_loop_proc_fu_232/dataflow_in_loop_Depth_Loop_U0/compute_systolic_U0/big_tile_A_9_load_reg_15004_reg[63]/CE (clocked by clk_fpga_0). Large setup violations at the end of those stages might be difficult to fix during the post-placement implementation flow and could be the result of non-optimal XDC constraints or non-optimal design architecture
Related violations: <none>

TIMING-16#864 Warning
Large setup violation  
There is a large setup violation of -2.084 ns between design_1_i/pipelined_layer_proc_0/inst/grp_dataflow_parent_loop_proc_fu_232/dataflow_in_loop_Depth_Loop_U0/tile_A_V_3_U/reg_valid0_reg/C (clocked by clk_fpga_0) and design_1_i/pipelined_layer_proc_0/inst/grp_dataflow_parent_loop_proc_fu_232/dataflow_in_loop_Depth_Loop_U0/compute_systolic_U0/big_tile_A_8_load_reg_14999_reg[65]/D (clocked by clk_fpga_0). Large setup violations at the end of those stages might be difficult to fix during the post-placement implementation flow and could be the result of non-optimal XDC constraints or non-optimal design architecture
Related violations: <none>

TIMING-16#865 Warning
Large setup violation  
There is a large setup violation of -2.091 ns between design_1_i/pipelined_layer_proc_0/inst/grp_dataflow_parent_loop_proc_fu_232/dataflow_in_loop_Depth_Loop_U0/compute_systolic_U0/ap_CS_fsm_reg[3]/C (clocked by clk_fpga_0) and design_1_i/pipelined_layer_proc_0/inst/grp_dataflow_parent_loop_proc_fu_232/dataflow_in_loop_Depth_Loop_U0/compute_systolic_U0/big_tile_A_13_load_reg_15024_reg[203]/CE (clocked by clk_fpga_0). Large setup violations at the end of those stages might be difficult to fix during the post-placement implementation flow and could be the result of non-optimal XDC constraints or non-optimal design architecture
Related violations: <none>

TIMING-16#866 Warning
Large setup violation  
There is a large setup violation of -2.096 ns between design_1_i/pipelined_layer_proc_0/inst/grp_dataflow_parent_loop_proc_fu_232/dataflow_in_loop_Depth_Loop_U0/compute_systolic_U0/ap_CS_fsm_reg[3]/C (clocked by clk_fpga_0) and design_1_i/pipelined_layer_proc_0/inst/grp_dataflow_parent_loop_proc_fu_232/dataflow_in_loop_Depth_Loop_U0/compute_systolic_U0/big_tile_A_1_load_reg_14964_reg[227]/CE (clocked by clk_fpga_0). Large setup violations at the end of those stages might be difficult to fix during the post-placement implementation flow and could be the result of non-optimal XDC constraints or non-optimal design architecture
Related violations: <none>

TIMING-16#867 Warning
Large setup violation  
There is a large setup violation of -2.096 ns between design_1_i/pipelined_layer_proc_0/inst/grp_dataflow_parent_loop_proc_fu_232/dataflow_in_loop_Depth_Loop_U0/compute_systolic_U0/ap_CS_fsm_reg[3]/C (clocked by clk_fpga_0) and design_1_i/pipelined_layer_proc_0/inst/grp_dataflow_parent_loop_proc_fu_232/dataflow_in_loop_Depth_Loop_U0/compute_systolic_U0/big_tile_A_1_load_reg_14964_reg[243]/CE (clocked by clk_fpga_0). Large setup violations at the end of those stages might be difficult to fix during the post-placement implementation flow and could be the result of non-optimal XDC constraints or non-optimal design architecture
Related violations: <none>

TIMING-16#868 Warning
Large setup violation  
There is a large setup violation of -2.096 ns between design_1_i/pipelined_layer_proc_0/inst/grp_dataflow_parent_loop_proc_fu_232/dataflow_in_loop_Depth_Loop_U0/compute_systolic_U0/ap_CS_fsm_reg[3]/C (clocked by clk_fpga_0) and design_1_i/pipelined_layer_proc_0/inst/grp_dataflow_parent_loop_proc_fu_232/dataflow_in_loop_Depth_Loop_U0/compute_systolic_U0/big_tile_A_1_load_reg_14964_reg[247]/CE (clocked by clk_fpga_0). Large setup violations at the end of those stages might be difficult to fix during the post-placement implementation flow and could be the result of non-optimal XDC constraints or non-optimal design architecture
Related violations: <none>

TIMING-16#869 Warning
Large setup violation  
There is a large setup violation of -2.109 ns between design_1_i/pipelined_layer_proc_0/inst/grp_dataflow_parent_loop_proc_fu_232/dataflow_in_loop_Depth_Loop_U0/compute_systolic_U0/ap_CS_fsm_reg[3]/C (clocked by clk_fpga_0) and design_1_i/pipelined_layer_proc_0/inst/grp_dataflow_parent_loop_proc_fu_232/dataflow_in_loop_Depth_Loop_U0/compute_systolic_U0/big_tile_A_9_load_reg_15004_reg[212]/CE (clocked by clk_fpga_0). Large setup violations at the end of those stages might be difficult to fix during the post-placement implementation flow and could be the result of non-optimal XDC constraints or non-optimal design architecture
Related violations: <none>

TIMING-16#870 Warning
Large setup violation  
There is a large setup violation of -2.109 ns between design_1_i/pipelined_layer_proc_0/inst/grp_dataflow_parent_loop_proc_fu_232/dataflow_in_loop_Depth_Loop_U0/compute_systolic_U0/ap_CS_fsm_reg[3]/C (clocked by clk_fpga_0) and design_1_i/pipelined_layer_proc_0/inst/grp_dataflow_parent_loop_proc_fu_232/dataflow_in_loop_Depth_Loop_U0/compute_systolic_U0/big_tile_A_9_load_reg_15004_reg[215]/CE (clocked by clk_fpga_0). Large setup violations at the end of those stages might be difficult to fix during the post-placement implementation flow and could be the result of non-optimal XDC constraints or non-optimal design architecture
Related violations: <none>

TIMING-16#871 Warning
Large setup violation  
There is a large setup violation of -2.110 ns between design_1_i/pipelined_layer_proc_0/inst/grp_dataflow_parent_loop_proc_fu_232/dataflow_in_loop_Depth_Loop_U0/tile_A_V_3_U/reg_valid0_reg/C (clocked by clk_fpga_0) and design_1_i/pipelined_layer_proc_0/inst/grp_dataflow_parent_loop_proc_fu_232/dataflow_in_loop_Depth_Loop_U0/compute_systolic_U0/big_tile_A_15_load_reg_15034_reg[190]/D (clocked by clk_fpga_0). Large setup violations at the end of those stages might be difficult to fix during the post-placement implementation flow and could be the result of non-optimal XDC constraints or non-optimal design architecture
Related violations: <none>

TIMING-16#872 Warning
Large setup violation  
There is a large setup violation of -2.114 ns between design_1_i/pipelined_layer_proc_0/inst/grp_dataflow_parent_loop_proc_fu_232/dataflow_in_loop_Depth_Loop_U0/compute_systolic_U0/ap_CS_fsm_reg[3]/C (clocked by clk_fpga_0) and design_1_i/pipelined_layer_proc_0/inst/grp_dataflow_parent_loop_proc_fu_232/dataflow_in_loop_Depth_Loop_U0/compute_systolic_U0/big_tile_A_15_load_reg_15034_reg[11]/CE (clocked by clk_fpga_0). Large setup violations at the end of those stages might be difficult to fix during the post-placement implementation flow and could be the result of non-optimal XDC constraints or non-optimal design architecture
Related violations: <none>

TIMING-16#873 Warning
Large setup violation  
There is a large setup violation of -2.114 ns between design_1_i/pipelined_layer_proc_0/inst/grp_dataflow_parent_loop_proc_fu_232/dataflow_in_loop_Depth_Loop_U0/compute_systolic_U0/ap_CS_fsm_reg[3]/C (clocked by clk_fpga_0) and design_1_i/pipelined_layer_proc_0/inst/grp_dataflow_parent_loop_proc_fu_232/dataflow_in_loop_Depth_Loop_U0/compute_systolic_U0/big_tile_A_15_load_reg_15034_reg[49]/CE (clocked by clk_fpga_0). Large setup violations at the end of those stages might be difficult to fix during the post-placement implementation flow and could be the result of non-optimal XDC constraints or non-optimal design architecture
Related violations: <none>

TIMING-16#874 Warning
Large setup violation  
There is a large setup violation of -2.114 ns between design_1_i/pipelined_layer_proc_0/inst/grp_dataflow_parent_loop_proc_fu_232/dataflow_in_loop_Depth_Loop_U0/compute_systolic_U0/ap_CS_fsm_reg[3]/C (clocked by clk_fpga_0) and design_1_i/pipelined_layer_proc_0/inst/grp_dataflow_parent_loop_proc_fu_232/dataflow_in_loop_Depth_Loop_U0/compute_systolic_U0/big_tile_A_15_load_reg_15034_reg[59]/CE (clocked by clk_fpga_0). Large setup violations at the end of those stages might be difficult to fix during the post-placement implementation flow and could be the result of non-optimal XDC constraints or non-optimal design architecture
Related violations: <none>

TIMING-16#875 Warning
Large setup violation  
There is a large setup violation of -2.114 ns between design_1_i/pipelined_layer_proc_0/inst/grp_dataflow_parent_loop_proc_fu_232/dataflow_in_loop_Depth_Loop_U0/compute_systolic_U0/ap_CS_fsm_reg[3]/C (clocked by clk_fpga_0) and design_1_i/pipelined_layer_proc_0/inst/grp_dataflow_parent_loop_proc_fu_232/dataflow_in_loop_Depth_Loop_U0/compute_systolic_U0/big_tile_A_1_load_reg_14964_reg[189]/CE (clocked by clk_fpga_0). Large setup violations at the end of those stages might be difficult to fix during the post-placement implementation flow and could be the result of non-optimal XDC constraints or non-optimal design architecture
Related violations: <none>

TIMING-16#876 Warning
Large setup violation  
There is a large setup violation of -2.116 ns between design_1_i/pipelined_layer_proc_0/inst/grp_dataflow_parent_loop_proc_fu_232/dataflow_in_loop_Depth_Loop_U0/tile_A_V_3_U/reg_valid0_reg/C (clocked by clk_fpga_0) and design_1_i/pipelined_layer_proc_0/inst/grp_dataflow_parent_loop_proc_fu_232/dataflow_in_loop_Depth_Loop_U0/compute_systolic_U0/big_tile_A_15_load_reg_15034_reg[165]/D (clocked by clk_fpga_0). Large setup violations at the end of those stages might be difficult to fix during the post-placement implementation flow and could be the result of non-optimal XDC constraints or non-optimal design architecture
Related violations: <none>

TIMING-16#877 Warning
Large setup violation  
There is a large setup violation of -2.141 ns between design_1_i/pipelined_layer_proc_0/inst/grp_dataflow_parent_loop_proc_fu_232/dataflow_in_loop_Depth_Loop_U0/compute_systolic_U0/grp_compute_systolic_Pipeline_Load_Cache_Row_fu_3428_ap_start_reg_reg/C (clocked by clk_fpga_0) and design_1_i/pipelined_layer_proc_0/inst/grp_dataflow_parent_loop_proc_fu_232/dataflow_in_loop_Depth_Loop_U0/compute_systolic_U0/grp_compute_systolic_Pipeline_Load_Cache_Row_fu_3428/local_regs_V_713_fu_2004_reg[12]/CE (clocked by clk_fpga_0). Large setup violations at the end of those stages might be difficult to fix during the post-placement implementation flow and could be the result of non-optimal XDC constraints or non-optimal design architecture
Related violations: <none>

TIMING-16#878 Warning
Large setup violation  
There is a large setup violation of -2.141 ns between design_1_i/pipelined_layer_proc_0/inst/grp_dataflow_parent_loop_proc_fu_232/dataflow_in_loop_Depth_Loop_U0/compute_systolic_U0/grp_compute_systolic_Pipeline_Load_Cache_Row_fu_3428_ap_start_reg_reg/C (clocked by clk_fpga_0) and design_1_i/pipelined_layer_proc_0/inst/grp_dataflow_parent_loop_proc_fu_232/dataflow_in_loop_Depth_Loop_U0/compute_systolic_U0/grp_compute_systolic_Pipeline_Load_Cache_Row_fu_3428/local_regs_V_715_fu_2012_reg[15]/CE (clocked by clk_fpga_0). Large setup violations at the end of those stages might be difficult to fix during the post-placement implementation flow and could be the result of non-optimal XDC constraints or non-optimal design architecture
Related violations: <none>

TIMING-16#879 Warning
Large setup violation  
There is a large setup violation of -2.166 ns between design_1_i/pipelined_layer_proc_0/inst/grp_dataflow_parent_loop_proc_fu_232/dataflow_in_loop_Depth_Loop_U0/tile_A_V_3_U/reg_valid0_reg/C (clocked by clk_fpga_0) and design_1_i/pipelined_layer_proc_0/inst/grp_dataflow_parent_loop_proc_fu_232/dataflow_in_loop_Depth_Loop_U0/compute_systolic_U0/big_tile_A_8_load_reg_14999_reg[127]/D (clocked by clk_fpga_0). Large setup violations at the end of those stages might be difficult to fix during the post-placement implementation flow and could be the result of non-optimal XDC constraints or non-optimal design architecture
Related violations: <none>

TIMING-16#880 Warning
Large setup violation  
There is a large setup violation of -2.168 ns between design_1_i/pipelined_layer_proc_0/inst/grp_dataflow_parent_loop_proc_fu_232/dataflow_in_loop_Depth_Loop_U0/compute_systolic_U0/grp_compute_systolic_Pipeline_Load_Cache_Row_fu_3428_ap_start_reg_reg/C (clocked by clk_fpga_0) and design_1_i/pipelined_layer_proc_0/inst/grp_dataflow_parent_loop_proc_fu_232/dataflow_in_loop_Depth_Loop_U0/compute_systolic_U0/grp_compute_systolic_Pipeline_Load_Cache_Row_fu_3428/local_regs_V_746_fu_2136_reg[30]/D (clocked by clk_fpga_0). Large setup violations at the end of those stages might be difficult to fix during the post-placement implementation flow and could be the result of non-optimal XDC constraints or non-optimal design architecture
Related violations: <none>

TIMING-16#881 Warning
Large setup violation  
There is a large setup violation of -2.173 ns between design_1_i/pipelined_layer_proc_0/inst/grp_dataflow_parent_loop_proc_fu_232/dataflow_in_loop_Depth_Loop_U0/compute_systolic_U0/ap_CS_fsm_reg[3]/C (clocked by clk_fpga_0) and design_1_i/pipelined_layer_proc_0/inst/grp_dataflow_parent_loop_proc_fu_232/dataflow_in_loop_Depth_Loop_U0/compute_systolic_U0/big_tile_A_0_load_reg_14959_reg[224]/CE (clocked by clk_fpga_0). Large setup violations at the end of those stages might be difficult to fix during the post-placement implementation flow and could be the result of non-optimal XDC constraints or non-optimal design architecture
Related violations: <none>

TIMING-16#882 Warning
Large setup violation  
There is a large setup violation of -2.173 ns between design_1_i/pipelined_layer_proc_0/inst/grp_dataflow_parent_loop_proc_fu_232/dataflow_in_loop_Depth_Loop_U0/compute_systolic_U0/ap_CS_fsm_reg[3]/C (clocked by clk_fpga_0) and design_1_i/pipelined_layer_proc_0/inst/grp_dataflow_parent_loop_proc_fu_232/dataflow_in_loop_Depth_Loop_U0/compute_systolic_U0/big_tile_A_9_load_reg_15004_reg[229]/CE (clocked by clk_fpga_0). Large setup violations at the end of those stages might be difficult to fix during the post-placement implementation flow and could be the result of non-optimal XDC constraints or non-optimal design architecture
Related violations: <none>

TIMING-16#883 Warning
Large setup violation  
There is a large setup violation of -2.173 ns between design_1_i/pipelined_layer_proc_0/inst/grp_dataflow_parent_loop_proc_fu_232/dataflow_in_loop_Depth_Loop_U0/compute_systolic_U0/ap_CS_fsm_reg[3]/C (clocked by clk_fpga_0) and design_1_i/pipelined_layer_proc_0/inst/grp_dataflow_parent_loop_proc_fu_232/dataflow_in_loop_Depth_Loop_U0/compute_systolic_U0/big_tile_A_9_load_reg_15004_reg[248]/CE (clocked by clk_fpga_0). Large setup violations at the end of those stages might be difficult to fix during the post-placement implementation flow and could be the result of non-optimal XDC constraints or non-optimal design architecture
Related violations: <none>

TIMING-16#884 Warning
Large setup violation  
There is a large setup violation of -2.173 ns between design_1_i/pipelined_layer_proc_0/inst/grp_dataflow_parent_loop_proc_fu_232/dataflow_in_loop_Depth_Loop_U0/compute_systolic_U0/ap_CS_fsm_reg[3]/C (clocked by clk_fpga_0) and design_1_i/pipelined_layer_proc_0/inst/grp_dataflow_parent_loop_proc_fu_232/dataflow_in_loop_Depth_Loop_U0/compute_systolic_U0/big_tile_A_9_load_reg_15004_reg[251]/CE (clocked by clk_fpga_0). Large setup violations at the end of those stages might be difficult to fix during the post-placement implementation flow and could be the result of non-optimal XDC constraints or non-optimal design architecture
Related violations: <none>

TIMING-16#885 Warning
Large setup violation  
There is a large setup violation of -2.180 ns between design_1_i/pipelined_layer_proc_0/inst/grp_dataflow_parent_loop_proc_fu_232/dataflow_in_loop_Depth_Loop_U0/compute_systolic_U0/ap_CS_fsm_reg[3]/C (clocked by clk_fpga_0) and design_1_i/pipelined_layer_proc_0/inst/grp_dataflow_parent_loop_proc_fu_232/dataflow_in_loop_Depth_Loop_U0/compute_systolic_U0/big_tile_A_15_load_reg_15034_reg[254]/CE (clocked by clk_fpga_0). Large setup violations at the end of those stages might be difficult to fix during the post-placement implementation flow and could be the result of non-optimal XDC constraints or non-optimal design architecture
Related violations: <none>

TIMING-16#886 Warning
Large setup violation  
There is a large setup violation of -2.180 ns between design_1_i/pipelined_layer_proc_0/inst/grp_dataflow_parent_loop_proc_fu_232/dataflow_in_loop_Depth_Loop_U0/compute_systolic_U0/ap_CS_fsm_reg[3]/C (clocked by clk_fpga_0) and design_1_i/pipelined_layer_proc_0/inst/grp_dataflow_parent_loop_proc_fu_232/dataflow_in_loop_Depth_Loop_U0/compute_systolic_U0/big_tile_A_9_load_reg_15004_reg[153]/CE (clocked by clk_fpga_0). Large setup violations at the end of those stages might be difficult to fix during the post-placement implementation flow and could be the result of non-optimal XDC constraints or non-optimal design architecture
Related violations: <none>

TIMING-16#887 Warning
Large setup violation  
There is a large setup violation of -2.180 ns between design_1_i/pipelined_layer_proc_0/inst/grp_dataflow_parent_loop_proc_fu_232/dataflow_in_loop_Depth_Loop_U0/compute_systolic_U0/ap_CS_fsm_reg[3]/C (clocked by clk_fpga_0) and design_1_i/pipelined_layer_proc_0/inst/grp_dataflow_parent_loop_proc_fu_232/dataflow_in_loop_Depth_Loop_U0/compute_systolic_U0/big_tile_A_9_load_reg_15004_reg[164]/CE (clocked by clk_fpga_0). Large setup violations at the end of those stages might be difficult to fix during the post-placement implementation flow and could be the result of non-optimal XDC constraints or non-optimal design architecture
Related violations: <none>

TIMING-16#888 Warning
Large setup violation  
There is a large setup violation of -2.180 ns between design_1_i/pipelined_layer_proc_0/inst/grp_dataflow_parent_loop_proc_fu_232/dataflow_in_loop_Depth_Loop_U0/compute_systolic_U0/ap_CS_fsm_reg[3]/C (clocked by clk_fpga_0) and design_1_i/pipelined_layer_proc_0/inst/grp_dataflow_parent_loop_proc_fu_232/dataflow_in_loop_Depth_Loop_U0/compute_systolic_U0/big_tile_A_9_load_reg_15004_reg[169]/CE (clocked by clk_fpga_0). Large setup violations at the end of those stages might be difficult to fix during the post-placement implementation flow and could be the result of non-optimal XDC constraints or non-optimal design architecture
Related violations: <none>

TIMING-16#889 Warning
Large setup violation  
There is a large setup violation of -2.185 ns between design_1_i/pipelined_layer_proc_0/inst/grp_dataflow_parent_loop_proc_fu_232/dataflow_in_loop_Depth_Loop_U0/compute_systolic_U0/ap_CS_fsm_reg[3]/C (clocked by clk_fpga_0) and design_1_i/pipelined_layer_proc_0/inst/grp_dataflow_parent_loop_proc_fu_232/dataflow_in_loop_Depth_Loop_U0/compute_systolic_U0/big_tile_A_13_load_reg_15024_reg[218]/CE (clocked by clk_fpga_0). Large setup violations at the end of those stages might be difficult to fix during the post-placement implementation flow and could be the result of non-optimal XDC constraints or non-optimal design architecture
Related violations: <none>

TIMING-16#890 Warning
Large setup violation  
There is a large setup violation of -2.185 ns between design_1_i/pipelined_layer_proc_0/inst/grp_dataflow_parent_loop_proc_fu_232/dataflow_in_loop_Depth_Loop_U0/compute_systolic_U0/ap_CS_fsm_reg[3]/C (clocked by clk_fpga_0) and design_1_i/pipelined_layer_proc_0/inst/grp_dataflow_parent_loop_proc_fu_232/dataflow_in_loop_Depth_Loop_U0/compute_systolic_U0/big_tile_A_9_load_reg_15004_reg[4]/CE (clocked by clk_fpga_0). Large setup violations at the end of those stages might be difficult to fix during the post-placement implementation flow and could be the result of non-optimal XDC constraints or non-optimal design architecture
Related violations: <none>

TIMING-16#891 Warning
Large setup violation  
There is a large setup violation of -2.185 ns between design_1_i/pipelined_layer_proc_0/inst/grp_dataflow_parent_loop_proc_fu_232/dataflow_in_loop_Depth_Loop_U0/compute_systolic_U0/ap_CS_fsm_reg[3]/C (clocked by clk_fpga_0) and design_1_i/pipelined_layer_proc_0/inst/grp_dataflow_parent_loop_proc_fu_232/dataflow_in_loop_Depth_Loop_U0/compute_systolic_U0/big_tile_A_9_load_reg_15004_reg[54]/CE (clocked by clk_fpga_0). Large setup violations at the end of those stages might be difficult to fix during the post-placement implementation flow and could be the result of non-optimal XDC constraints or non-optimal design architecture
Related violations: <none>

TIMING-16#892 Warning
Large setup violation  
There is a large setup violation of -2.185 ns between design_1_i/pipelined_layer_proc_0/inst/grp_dataflow_parent_loop_proc_fu_232/dataflow_in_loop_Depth_Loop_U0/compute_systolic_U0/ap_CS_fsm_reg[3]/C (clocked by clk_fpga_0) and design_1_i/pipelined_layer_proc_0/inst/grp_dataflow_parent_loop_proc_fu_232/dataflow_in_loop_Depth_Loop_U0/compute_systolic_U0/big_tile_A_9_load_reg_15004_reg[56]/CE (clocked by clk_fpga_0). Large setup violations at the end of those stages might be difficult to fix during the post-placement implementation flow and could be the result of non-optimal XDC constraints or non-optimal design architecture
Related violations: <none>

TIMING-16#893 Warning
Large setup violation  
There is a large setup violation of -2.187 ns between design_1_i/pipelined_layer_proc_0/inst/grp_dataflow_parent_loop_proc_fu_232/dataflow_in_loop_Depth_Loop_U0/compute_systolic_U0/ap_CS_fsm_reg[3]/C (clocked by clk_fpga_0) and design_1_i/pipelined_layer_proc_0/inst/grp_dataflow_parent_loop_proc_fu_232/dataflow_in_loop_Depth_Loop_U0/compute_systolic_U0/big_tile_A_13_load_reg_15024_reg[10]/CE (clocked by clk_fpga_0). Large setup violations at the end of those stages might be difficult to fix during the post-placement implementation flow and could be the result of non-optimal XDC constraints or non-optimal design architecture
Related violations: <none>

TIMING-16#894 Warning
Large setup violation  
There is a large setup violation of -2.187 ns between design_1_i/pipelined_layer_proc_0/inst/grp_dataflow_parent_loop_proc_fu_232/dataflow_in_loop_Depth_Loop_U0/compute_systolic_U0/ap_CS_fsm_reg[3]/C (clocked by clk_fpga_0) and design_1_i/pipelined_layer_proc_0/inst/grp_dataflow_parent_loop_proc_fu_232/dataflow_in_loop_Depth_Loop_U0/compute_systolic_U0/big_tile_A_13_load_reg_15024_reg[222]/CE (clocked by clk_fpga_0). Large setup violations at the end of those stages might be difficult to fix during the post-placement implementation flow and could be the result of non-optimal XDC constraints or non-optimal design architecture
Related violations: <none>

TIMING-16#895 Warning
Large setup violation  
There is a large setup violation of -2.187 ns between design_1_i/pipelined_layer_proc_0/inst/grp_dataflow_parent_loop_proc_fu_232/dataflow_in_loop_Depth_Loop_U0/compute_systolic_U0/ap_CS_fsm_reg[3]/C (clocked by clk_fpga_0) and design_1_i/pipelined_layer_proc_0/inst/grp_dataflow_parent_loop_proc_fu_232/dataflow_in_loop_Depth_Loop_U0/compute_systolic_U0/big_tile_A_13_load_reg_15024_reg[42]/CE (clocked by clk_fpga_0). Large setup violations at the end of those stages might be difficult to fix during the post-placement implementation flow and could be the result of non-optimal XDC constraints or non-optimal design architecture
Related violations: <none>

TIMING-16#896 Warning
Large setup violation  
There is a large setup violation of -2.187 ns between design_1_i/pipelined_layer_proc_0/inst/grp_dataflow_parent_loop_proc_fu_232/dataflow_in_loop_Depth_Loop_U0/compute_systolic_U0/ap_CS_fsm_reg[3]/C (clocked by clk_fpga_0) and design_1_i/pipelined_layer_proc_0/inst/grp_dataflow_parent_loop_proc_fu_232/dataflow_in_loop_Depth_Loop_U0/compute_systolic_U0/big_tile_A_13_load_reg_15024_reg[56]/CE (clocked by clk_fpga_0). Large setup violations at the end of those stages might be difficult to fix during the post-placement implementation flow and could be the result of non-optimal XDC constraints or non-optimal design architecture
Related violations: <none>

TIMING-16#897 Warning
Large setup violation  
There is a large setup violation of -2.188 ns between design_1_i/pipelined_layer_proc_0/inst/grp_dataflow_parent_loop_proc_fu_232/dataflow_in_loop_Depth_Loop_U0/compute_systolic_U0/ap_CS_fsm_reg[3]/C (clocked by clk_fpga_0) and design_1_i/pipelined_layer_proc_0/inst/grp_dataflow_parent_loop_proc_fu_232/dataflow_in_loop_Depth_Loop_U0/compute_systolic_U0/big_tile_A_13_load_reg_15024_reg[234]/CE (clocked by clk_fpga_0). Large setup violations at the end of those stages might be difficult to fix during the post-placement implementation flow and could be the result of non-optimal XDC constraints or non-optimal design architecture
Related violations: <none>

TIMING-16#898 Warning
Large setup violation  
There is a large setup violation of -2.193 ns between design_1_i/pipelined_layer_proc_0/inst/grp_dataflow_parent_loop_proc_fu_232/dataflow_in_loop_Depth_Loop_U0/compute_systolic_U0/ap_CS_fsm_reg[3]/C (clocked by clk_fpga_0) and design_1_i/pipelined_layer_proc_0/inst/grp_dataflow_parent_loop_proc_fu_232/dataflow_in_loop_Depth_Loop_U0/compute_systolic_U0/big_tile_A_15_load_reg_15034_reg[64]/CE (clocked by clk_fpga_0). Large setup violations at the end of those stages might be difficult to fix during the post-placement implementation flow and could be the result of non-optimal XDC constraints or non-optimal design architecture
Related violations: <none>

TIMING-16#899 Warning
Large setup violation  
There is a large setup violation of -2.193 ns between design_1_i/pipelined_layer_proc_0/inst/grp_dataflow_parent_loop_proc_fu_232/dataflow_in_loop_Depth_Loop_U0/compute_systolic_U0/ap_CS_fsm_reg[3]/C (clocked by clk_fpga_0) and design_1_i/pipelined_layer_proc_0/inst/grp_dataflow_parent_loop_proc_fu_232/dataflow_in_loop_Depth_Loop_U0/compute_systolic_U0/big_tile_A_15_load_reg_15034_reg[9]/CE (clocked by clk_fpga_0). Large setup violations at the end of those stages might be difficult to fix during the post-placement implementation flow and could be the result of non-optimal XDC constraints or non-optimal design architecture
Related violations: <none>

TIMING-16#900 Warning
Large setup violation  
There is a large setup violation of -2.193 ns between design_1_i/pipelined_layer_proc_0/inst/grp_dataflow_parent_loop_proc_fu_232/dataflow_in_loop_Depth_Loop_U0/compute_systolic_U0/ap_CS_fsm_reg[3]/C (clocked by clk_fpga_0) and design_1_i/pipelined_layer_proc_0/inst/grp_dataflow_parent_loop_proc_fu_232/dataflow_in_loop_Depth_Loop_U0/compute_systolic_U0/big_tile_A_1_load_reg_14964_reg[216]/CE (clocked by clk_fpga_0). Large setup violations at the end of those stages might be difficult to fix during the post-placement implementation flow and could be the result of non-optimal XDC constraints or non-optimal design architecture
Related violations: <none>

TIMING-16#901 Warning
Large setup violation  
There is a large setup violation of -2.197 ns between design_1_i/pipelined_layer_proc_0/inst/grp_dataflow_parent_loop_proc_fu_232/dataflow_in_loop_Depth_Loop_U0/tile_A_V_3_U/reg_valid0_reg/C (clocked by clk_fpga_0) and design_1_i/pipelined_layer_proc_0/inst/grp_dataflow_parent_loop_proc_fu_232/dataflow_in_loop_Depth_Loop_U0/compute_systolic_U0/big_tile_A_4_load_reg_14979_reg[239]/D (clocked by clk_fpga_0). Large setup violations at the end of those stages might be difficult to fix during the post-placement implementation flow and could be the result of non-optimal XDC constraints or non-optimal design architecture
Related violations: <none>

TIMING-16#902 Warning
Large setup violation  
There is a large setup violation of -2.198 ns between design_1_i/pipelined_layer_proc_0/inst/grp_dataflow_parent_loop_proc_fu_232/dataflow_in_loop_Depth_Loop_U0/tile_A_V_3_U/reg_valid0_reg/C (clocked by clk_fpga_0) and design_1_i/pipelined_layer_proc_0/inst/grp_dataflow_parent_loop_proc_fu_232/dataflow_in_loop_Depth_Loop_U0/compute_systolic_U0/big_tile_A_8_load_reg_14999_reg[45]/D (clocked by clk_fpga_0). Large setup violations at the end of those stages might be difficult to fix during the post-placement implementation flow and could be the result of non-optimal XDC constraints or non-optimal design architecture
Related violations: <none>

TIMING-16#903 Warning
Large setup violation  
There is a large setup violation of -2.199 ns between design_1_i/pipelined_layer_proc_0/inst/grp_dataflow_parent_loop_proc_fu_232/dataflow_in_loop_Depth_Loop_U0/compute_systolic_U0/ap_CS_fsm_reg[3]/C (clocked by clk_fpga_0) and design_1_i/pipelined_layer_proc_0/inst/grp_dataflow_parent_loop_proc_fu_232/dataflow_in_loop_Depth_Loop_U0/compute_systolic_U0/big_tile_A_15_load_reg_15034_reg[238]/CE (clocked by clk_fpga_0). Large setup violations at the end of those stages might be difficult to fix during the post-placement implementation flow and could be the result of non-optimal XDC constraints or non-optimal design architecture
Related violations: <none>

TIMING-16#904 Warning
Large setup violation  
There is a large setup violation of -2.199 ns between design_1_i/pipelined_layer_proc_0/inst/grp_dataflow_parent_loop_proc_fu_232/dataflow_in_loop_Depth_Loop_U0/compute_systolic_U0/ap_CS_fsm_reg[3]/C (clocked by clk_fpga_0) and design_1_i/pipelined_layer_proc_0/inst/grp_dataflow_parent_loop_proc_fu_232/dataflow_in_loop_Depth_Loop_U0/compute_systolic_U0/big_tile_A_15_load_reg_15034_reg[250]/CE (clocked by clk_fpga_0). Large setup violations at the end of those stages might be difficult to fix during the post-placement implementation flow and could be the result of non-optimal XDC constraints or non-optimal design architecture
Related violations: <none>

TIMING-16#905 Warning
Large setup violation  
There is a large setup violation of -2.199 ns between design_1_i/pipelined_layer_proc_0/inst/grp_dataflow_parent_loop_proc_fu_232/dataflow_in_loop_Depth_Loop_U0/compute_systolic_U0/ap_CS_fsm_reg[3]/C (clocked by clk_fpga_0) and design_1_i/pipelined_layer_proc_0/inst/grp_dataflow_parent_loop_proc_fu_232/dataflow_in_loop_Depth_Loop_U0/compute_systolic_U0/big_tile_A_9_load_reg_15004_reg[145]/CE (clocked by clk_fpga_0). Large setup violations at the end of those stages might be difficult to fix during the post-placement implementation flow and could be the result of non-optimal XDC constraints or non-optimal design architecture
Related violations: <none>

TIMING-16#906 Warning
Large setup violation  
There is a large setup violation of -2.199 ns between design_1_i/pipelined_layer_proc_0/inst/grp_dataflow_parent_loop_proc_fu_232/dataflow_in_loop_Depth_Loop_U0/compute_systolic_U0/ap_CS_fsm_reg[3]/C (clocked by clk_fpga_0) and design_1_i/pipelined_layer_proc_0/inst/grp_dataflow_parent_loop_proc_fu_232/dataflow_in_loop_Depth_Loop_U0/compute_systolic_U0/big_tile_A_9_load_reg_15004_reg[196]/CE (clocked by clk_fpga_0). Large setup violations at the end of those stages might be difficult to fix during the post-placement implementation flow and could be the result of non-optimal XDC constraints or non-optimal design architecture
Related violations: <none>

TIMING-16#907 Warning
Large setup violation  
There is a large setup violation of -2.208 ns between design_1_i/pipelined_layer_proc_0/inst/grp_dataflow_parent_loop_proc_fu_232/dataflow_in_loop_Depth_Loop_U0/tile_A_V_3_U/reg_valid0_reg/C (clocked by clk_fpga_0) and design_1_i/pipelined_layer_proc_0/inst/grp_dataflow_parent_loop_proc_fu_232/dataflow_in_loop_Depth_Loop_U0/compute_systolic_U0/big_tile_A_8_load_reg_14999_reg[19]/D (clocked by clk_fpga_0). Large setup violations at the end of those stages might be difficult to fix during the post-placement implementation flow and could be the result of non-optimal XDC constraints or non-optimal design architecture
Related violations: <none>

TIMING-16#908 Warning
Large setup violation  
There is a large setup violation of -2.209 ns between design_1_i/pipelined_layer_proc_0/inst/grp_dataflow_parent_loop_proc_fu_232/dataflow_in_loop_Depth_Loop_U0/compute_systolic_U0/ap_CS_fsm_reg[3]/C (clocked by clk_fpga_0) and design_1_i/pipelined_layer_proc_0/inst/grp_dataflow_parent_loop_proc_fu_232/dataflow_in_loop_Depth_Loop_U0/compute_systolic_U0/big_tile_A_9_load_reg_15004_reg[225]/CE (clocked by clk_fpga_0). Large setup violations at the end of those stages might be difficult to fix during the post-placement implementation flow and could be the result of non-optimal XDC constraints or non-optimal design architecture
Related violations: <none>

TIMING-16#909 Warning
Large setup violation  
There is a large setup violation of -2.209 ns between design_1_i/pipelined_layer_proc_0/inst/grp_dataflow_parent_loop_proc_fu_232/dataflow_in_loop_Depth_Loop_U0/compute_systolic_U0/ap_CS_fsm_reg[3]/C (clocked by clk_fpga_0) and design_1_i/pipelined_layer_proc_0/inst/grp_dataflow_parent_loop_proc_fu_232/dataflow_in_loop_Depth_Loop_U0/compute_systolic_U0/big_tile_A_9_load_reg_15004_reg[52]/CE (clocked by clk_fpga_0). Large setup violations at the end of those stages might be difficult to fix during the post-placement implementation flow and could be the result of non-optimal XDC constraints or non-optimal design architecture
Related violations: <none>

TIMING-16#910 Warning
Large setup violation  
There is a large setup violation of -2.210 ns between design_1_i/pipelined_layer_proc_0/inst/grp_dataflow_parent_loop_proc_fu_232/dataflow_in_loop_Depth_Loop_U0/tile_A_V_3_U/reg_valid0_reg/C (clocked by clk_fpga_0) and design_1_i/pipelined_layer_proc_0/inst/grp_dataflow_parent_loop_proc_fu_232/dataflow_in_loop_Depth_Loop_U0/compute_systolic_U0/big_tile_A_2_load_reg_14969_reg[199]/D (clocked by clk_fpga_0). Large setup violations at the end of those stages might be difficult to fix during the post-placement implementation flow and could be the result of non-optimal XDC constraints or non-optimal design architecture
Related violations: <none>

TIMING-16#911 Warning
Large setup violation  
There is a large setup violation of -2.212 ns between design_1_i/pipelined_layer_proc_0/inst/grp_dataflow_parent_loop_proc_fu_232/dataflow_in_loop_Depth_Loop_U0/tile_A_V_3_U/reg_valid0_reg/C (clocked by clk_fpga_0) and design_1_i/pipelined_layer_proc_0/inst/grp_dataflow_parent_loop_proc_fu_232/dataflow_in_loop_Depth_Loop_U0/compute_systolic_U0/big_tile_A_2_load_reg_14969_reg[155]/D (clocked by clk_fpga_0). Large setup violations at the end of those stages might be difficult to fix during the post-placement implementation flow and could be the result of non-optimal XDC constraints or non-optimal design architecture
Related violations: <none>

TIMING-16#912 Warning
Large setup violation  
There is a large setup violation of -2.213 ns between design_1_i/pipelined_layer_proc_0/inst/grp_dataflow_parent_loop_proc_fu_232/dataflow_in_loop_Depth_Loop_U0/compute_systolic_U0/ap_CS_fsm_reg[3]/C (clocked by clk_fpga_0) and design_1_i/pipelined_layer_proc_0/inst/grp_dataflow_parent_loop_proc_fu_232/dataflow_in_loop_Depth_Loop_U0/compute_systolic_U0/big_tile_A_9_load_reg_15004_reg[149]/CE (clocked by clk_fpga_0). Large setup violations at the end of those stages might be difficult to fix during the post-placement implementation flow and could be the result of non-optimal XDC constraints or non-optimal design architecture
Related violations: <none>

TIMING-16#913 Warning
Large setup violation  
There is a large setup violation of -2.213 ns between design_1_i/pipelined_layer_proc_0/inst/grp_dataflow_parent_loop_proc_fu_232/dataflow_in_loop_Depth_Loop_U0/compute_systolic_U0/ap_CS_fsm_reg[3]/C (clocked by clk_fpga_0) and design_1_i/pipelined_layer_proc_0/inst/grp_dataflow_parent_loop_proc_fu_232/dataflow_in_loop_Depth_Loop_U0/compute_systolic_U0/big_tile_A_9_load_reg_15004_reg[165]/CE (clocked by clk_fpga_0). Large setup violations at the end of those stages might be difficult to fix during the post-placement implementation flow and could be the result of non-optimal XDC constraints or non-optimal design architecture
Related violations: <none>

TIMING-16#914 Warning
Large setup violation  
There is a large setup violation of -2.213 ns between design_1_i/pipelined_layer_proc_0/inst/grp_dataflow_parent_loop_proc_fu_232/dataflow_in_loop_Depth_Loop_U0/compute_systolic_U0/ap_CS_fsm_reg[3]/C (clocked by clk_fpga_0) and design_1_i/pipelined_layer_proc_0/inst/grp_dataflow_parent_loop_proc_fu_232/dataflow_in_loop_Depth_Loop_U0/compute_systolic_U0/big_tile_A_9_load_reg_15004_reg[181]/CE (clocked by clk_fpga_0). Large setup violations at the end of those stages might be difficult to fix during the post-placement implementation flow and could be the result of non-optimal XDC constraints or non-optimal design architecture
Related violations: <none>

TIMING-16#915 Warning
Large setup violation  
There is a large setup violation of -2.213 ns between design_1_i/pipelined_layer_proc_0/inst/grp_dataflow_parent_loop_proc_fu_232/dataflow_in_loop_Depth_Loop_U0/compute_systolic_U0/ap_CS_fsm_reg[3]/C (clocked by clk_fpga_0) and design_1_i/pipelined_layer_proc_0/inst/grp_dataflow_parent_loop_proc_fu_232/dataflow_in_loop_Depth_Loop_U0/compute_systolic_U0/big_tile_A_9_load_reg_15004_reg[197]/CE (clocked by clk_fpga_0). Large setup violations at the end of those stages might be difficult to fix during the post-placement implementation flow and could be the result of non-optimal XDC constraints or non-optimal design architecture
Related violations: <none>

TIMING-16#916 Warning
Large setup violation  
There is a large setup violation of -2.216 ns between design_1_i/pipelined_layer_proc_0/inst/grp_dataflow_parent_loop_proc_fu_232/dataflow_in_loop_Depth_Loop_U0/compute_systolic_U0/ap_CS_fsm_reg[3]/C (clocked by clk_fpga_0) and design_1_i/pipelined_layer_proc_0/inst/grp_dataflow_parent_loop_proc_fu_232/dataflow_in_loop_Depth_Loop_U0/compute_systolic_U0/big_tile_A_13_load_reg_15024_reg[174]/CE (clocked by clk_fpga_0). Large setup violations at the end of those stages might be difficult to fix during the post-placement implementation flow and could be the result of non-optimal XDC constraints or non-optimal design architecture
Related violations: <none>

TIMING-16#917 Warning
Large setup violation  
There is a large setup violation of -2.217 ns between design_1_i/pipelined_layer_proc_0/inst/grp_dataflow_parent_loop_proc_fu_232/dataflow_in_loop_Depth_Loop_U0/compute_systolic_U0/ap_CS_fsm_reg[3]/C (clocked by clk_fpga_0) and design_1_i/pipelined_layer_proc_0/inst/grp_dataflow_parent_loop_proc_fu_232/dataflow_in_loop_Depth_Loop_U0/compute_systolic_U0/big_tile_A_13_load_reg_15024_reg[242]/CE (clocked by clk_fpga_0). Large setup violations at the end of those stages might be difficult to fix during the post-placement implementation flow and could be the result of non-optimal XDC constraints or non-optimal design architecture
Related violations: <none>

TIMING-16#918 Warning
Large setup violation  
There is a large setup violation of -2.217 ns between design_1_i/pipelined_layer_proc_0/inst/grp_dataflow_parent_loop_proc_fu_232/dataflow_in_loop_Depth_Loop_U0/compute_systolic_U0/ap_CS_fsm_reg[3]/C (clocked by clk_fpga_0) and design_1_i/pipelined_layer_proc_0/inst/grp_dataflow_parent_loop_proc_fu_232/dataflow_in_loop_Depth_Loop_U0/compute_systolic_U0/big_tile_A_13_load_reg_15024_reg[2]/CE (clocked by clk_fpga_0). Large setup violations at the end of those stages might be difficult to fix during the post-placement implementation flow and could be the result of non-optimal XDC constraints or non-optimal design architecture
Related violations: <none>

TIMING-16#919 Warning
Large setup violation  
There is a large setup violation of -2.217 ns between design_1_i/pipelined_layer_proc_0/inst/grp_dataflow_parent_loop_proc_fu_232/dataflow_in_loop_Depth_Loop_U0/compute_systolic_U0/ap_CS_fsm_reg[3]/C (clocked by clk_fpga_0) and design_1_i/pipelined_layer_proc_0/inst/grp_dataflow_parent_loop_proc_fu_232/dataflow_in_loop_Depth_Loop_U0/compute_systolic_U0/big_tile_A_13_load_reg_15024_reg[8]/CE (clocked by clk_fpga_0). Large setup violations at the end of those stages might be difficult to fix during the post-placement implementation flow and could be the result of non-optimal XDC constraints or non-optimal design architecture
Related violations: <none>

TIMING-16#920 Warning
Large setup violation  
There is a large setup violation of -2.217 ns between design_1_i/pipelined_layer_proc_0/inst/grp_dataflow_parent_loop_proc_fu_232/dataflow_in_loop_Depth_Loop_U0/compute_systolic_U0/ap_CS_fsm_reg[3]/C (clocked by clk_fpga_0) and design_1_i/pipelined_layer_proc_0/inst/grp_dataflow_parent_loop_proc_fu_232/dataflow_in_loop_Depth_Loop_U0/compute_systolic_U0/big_tile_A_9_load_reg_15004_reg[20]/CE (clocked by clk_fpga_0). Large setup violations at the end of those stages might be difficult to fix during the post-placement implementation flow and could be the result of non-optimal XDC constraints or non-optimal design architecture
Related violations: <none>

TIMING-16#921 Warning
Large setup violation  
There is a large setup violation of -2.217 ns between design_1_i/pipelined_layer_proc_0/inst/grp_dataflow_parent_loop_proc_fu_232/dataflow_in_loop_Depth_Loop_U0/compute_systolic_U0/ap_CS_fsm_reg[3]/C (clocked by clk_fpga_0) and design_1_i/pipelined_layer_proc_0/inst/grp_dataflow_parent_loop_proc_fu_232/dataflow_in_loop_Depth_Loop_U0/compute_systolic_U0/big_tile_A_9_load_reg_15004_reg[22]/CE (clocked by clk_fpga_0). Large setup violations at the end of those stages might be difficult to fix during the post-placement implementation flow and could be the result of non-optimal XDC constraints or non-optimal design architecture
Related violations: <none>

TIMING-16#922 Warning
Large setup violation  
There is a large setup violation of -2.217 ns between design_1_i/pipelined_layer_proc_0/inst/grp_dataflow_parent_loop_proc_fu_232/dataflow_in_loop_Depth_Loop_U0/compute_systolic_U0/ap_CS_fsm_reg[3]/C (clocked by clk_fpga_0) and design_1_i/pipelined_layer_proc_0/inst/grp_dataflow_parent_loop_proc_fu_232/dataflow_in_loop_Depth_Loop_U0/compute_systolic_U0/big_tile_A_9_load_reg_15004_reg[48]/CE (clocked by clk_fpga_0). Large setup violations at the end of those stages might be difficult to fix during the post-placement implementation flow and could be the result of non-optimal XDC constraints or non-optimal design architecture
Related violations: <none>

TIMING-16#923 Warning
Large setup violation  
There is a large setup violation of -2.217 ns between design_1_i/pipelined_layer_proc_0/inst/grp_dataflow_parent_loop_proc_fu_232/dataflow_in_loop_Depth_Loop_U0/compute_systolic_U0/ap_CS_fsm_reg[3]/C (clocked by clk_fpga_0) and design_1_i/pipelined_layer_proc_0/inst/grp_dataflow_parent_loop_proc_fu_232/dataflow_in_loop_Depth_Loop_U0/compute_systolic_U0/big_tile_A_9_load_reg_15004_reg[5]/CE (clocked by clk_fpga_0). Large setup violations at the end of those stages might be difficult to fix during the post-placement implementation flow and could be the result of non-optimal XDC constraints or non-optimal design architecture
Related violations: <none>

TIMING-16#924 Warning
Large setup violation  
There is a large setup violation of -2.217 ns between design_1_i/pipelined_layer_proc_0/inst/grp_dataflow_parent_loop_proc_fu_232/dataflow_in_loop_Depth_Loop_U0/compute_systolic_U0/ap_CS_fsm_reg[3]/C (clocked by clk_fpga_0) and design_1_i/pipelined_layer_proc_0/inst/grp_dataflow_parent_loop_proc_fu_232/dataflow_in_loop_Depth_Loop_U0/compute_systolic_U0/big_tile_A_9_load_reg_15004_reg[68]/CE (clocked by clk_fpga_0). Large setup violations at the end of those stages might be difficult to fix during the post-placement implementation flow and could be the result of non-optimal XDC constraints or non-optimal design architecture
Related violations: <none>

TIMING-16#925 Warning
Large setup violation  
There is a large setup violation of -2.226 ns between design_1_i/pipelined_layer_proc_0/inst/grp_dataflow_parent_loop_proc_fu_232/dataflow_in_loop_Depth_Loop_U0/tile_A_V_3_U/reg_valid0_reg/C (clocked by clk_fpga_0) and design_1_i/pipelined_layer_proc_0/inst/grp_dataflow_parent_loop_proc_fu_232/dataflow_in_loop_Depth_Loop_U0/compute_systolic_U0/big_tile_A_8_load_reg_14999_reg[37]/D (clocked by clk_fpga_0). Large setup violations at the end of those stages might be difficult to fix during the post-placement implementation flow and could be the result of non-optimal XDC constraints or non-optimal design architecture
Related violations: <none>

TIMING-16#926 Warning
Large setup violation  
There is a large setup violation of -2.230 ns between design_1_i/pipelined_layer_proc_0/inst/grp_dataflow_parent_loop_proc_fu_232/dataflow_in_loop_Depth_Loop_U0/tile_A_V_3_U/reg_valid0_reg/C (clocked by clk_fpga_0) and design_1_i/pipelined_layer_proc_0/inst/grp_dataflow_parent_loop_proc_fu_232/dataflow_in_loop_Depth_Loop_U0/compute_systolic_U0/big_tile_A_7_load_reg_14994_reg[53]/D (clocked by clk_fpga_0). Large setup violations at the end of those stages might be difficult to fix during the post-placement implementation flow and could be the result of non-optimal XDC constraints or non-optimal design architecture
Related violations: <none>

TIMING-16#927 Warning
Large setup violation  
There is a large setup violation of -2.232 ns between design_1_i/pipelined_layer_proc_0/inst/grp_dataflow_parent_loop_proc_fu_232/dataflow_in_loop_Depth_Loop_U0/tile_A_V_3_U/reg_valid0_reg/C (clocked by clk_fpga_0) and design_1_i/pipelined_layer_proc_0/inst/grp_dataflow_parent_loop_proc_fu_232/dataflow_in_loop_Depth_Loop_U0/compute_systolic_U0/big_tile_A_7_load_reg_14994_reg[19]/D (clocked by clk_fpga_0). Large setup violations at the end of those stages might be difficult to fix during the post-placement implementation flow and could be the result of non-optimal XDC constraints or non-optimal design architecture
Related violations: <none>

TIMING-16#928 Warning
Large setup violation  
There is a large setup violation of -2.235 ns between design_1_i/pipelined_layer_proc_0/inst/grp_dataflow_parent_loop_proc_fu_232/dataflow_in_loop_Depth_Loop_U0/compute_systolic_U0/ap_CS_fsm_reg[3]/C (clocked by clk_fpga_0) and design_1_i/pipelined_layer_proc_0/inst/grp_dataflow_parent_loop_proc_fu_232/dataflow_in_loop_Depth_Loop_U0/compute_systolic_U0/big_tile_A_9_load_reg_15004_reg[35]/CE (clocked by clk_fpga_0). Large setup violations at the end of those stages might be difficult to fix during the post-placement implementation flow and could be the result of non-optimal XDC constraints or non-optimal design architecture
Related violations: <none>

TIMING-16#929 Warning
Large setup violation  
There is a large setup violation of -2.235 ns between design_1_i/pipelined_layer_proc_0/inst/grp_dataflow_parent_loop_proc_fu_232/dataflow_in_loop_Depth_Loop_U0/compute_systolic_U0/ap_CS_fsm_reg[3]/C (clocked by clk_fpga_0) and design_1_i/pipelined_layer_proc_0/inst/grp_dataflow_parent_loop_proc_fu_232/dataflow_in_loop_Depth_Loop_U0/compute_systolic_U0/big_tile_A_9_load_reg_15004_reg[59]/CE (clocked by clk_fpga_0). Large setup violations at the end of those stages might be difficult to fix during the post-placement implementation flow and could be the result of non-optimal XDC constraints or non-optimal design architecture
Related violations: <none>

TIMING-16#930 Warning
Large setup violation  
There is a large setup violation of -2.237 ns between design_1_i/pipelined_layer_proc_0/inst/grp_dataflow_parent_loop_proc_fu_232/dataflow_in_loop_Depth_Loop_U0/tile_A_V_3_U/reg_valid0_reg/C (clocked by clk_fpga_0) and design_1_i/pipelined_layer_proc_0/inst/grp_dataflow_parent_loop_proc_fu_232/dataflow_in_loop_Depth_Loop_U0/compute_systolic_U0/big_tile_A_2_load_reg_14969_reg[205]/D (clocked by clk_fpga_0). Large setup violations at the end of those stages might be difficult to fix during the post-placement implementation flow and could be the result of non-optimal XDC constraints or non-optimal design architecture
Related violations: <none>

TIMING-16#931 Warning
Large setup violation  
There is a large setup violation of -2.237 ns between design_1_i/pipelined_layer_proc_0/inst/grp_dataflow_parent_loop_proc_fu_232/dataflow_in_loop_Depth_Loop_U0/tile_A_V_3_U/reg_valid0_reg/C (clocked by clk_fpga_0) and design_1_i/pipelined_layer_proc_0/inst/grp_dataflow_parent_loop_proc_fu_232/dataflow_in_loop_Depth_Loop_U0/compute_systolic_U0/big_tile_A_8_load_reg_14999_reg[11]/D (clocked by clk_fpga_0). Large setup violations at the end of those stages might be difficult to fix during the post-placement implementation flow and could be the result of non-optimal XDC constraints or non-optimal design architecture
Related violations: <none>

TIMING-16#932 Warning
Large setup violation  
There is a large setup violation of -2.244 ns between design_1_i/pipelined_layer_proc_0/inst/grp_dataflow_parent_loop_proc_fu_232/dataflow_in_loop_Depth_Loop_U0/tile_A_V_3_U/reg_valid0_reg/C (clocked by clk_fpga_0) and design_1_i/pipelined_layer_proc_0/inst/grp_dataflow_parent_loop_proc_fu_232/dataflow_in_loop_Depth_Loop_U0/compute_systolic_U0/big_tile_A_15_load_reg_15034_reg[157]/D (clocked by clk_fpga_0). Large setup violations at the end of those stages might be difficult to fix during the post-placement implementation flow and could be the result of non-optimal XDC constraints or non-optimal design architecture
Related violations: <none>

TIMING-16#933 Warning
Large setup violation  
There is a large setup violation of -2.245 ns between design_1_i/pipelined_layer_proc_0/inst/grp_dataflow_parent_loop_proc_fu_232/dataflow_in_loop_Depth_Loop_U0/compute_systolic_U0/ap_CS_fsm_reg[3]/C (clocked by clk_fpga_0) and design_1_i/pipelined_layer_proc_0/inst/grp_dataflow_parent_loop_proc_fu_232/dataflow_in_loop_Depth_Loop_U0/compute_systolic_U0/big_tile_A_0_load_reg_14959_reg[130]/CE (clocked by clk_fpga_0). Large setup violations at the end of those stages might be difficult to fix during the post-placement implementation flow and could be the result of non-optimal XDC constraints or non-optimal design architecture
Related violations: <none>

TIMING-16#934 Warning
Large setup violation  
There is a large setup violation of -2.245 ns between design_1_i/pipelined_layer_proc_0/inst/grp_dataflow_parent_loop_proc_fu_232/dataflow_in_loop_Depth_Loop_U0/compute_systolic_U0/ap_CS_fsm_reg[3]/C (clocked by clk_fpga_0) and design_1_i/pipelined_layer_proc_0/inst/grp_dataflow_parent_loop_proc_fu_232/dataflow_in_loop_Depth_Loop_U0/compute_systolic_U0/big_tile_A_0_load_reg_14959_reg[153]/CE (clocked by clk_fpga_0). Large setup violations at the end of those stages might be difficult to fix during the post-placement implementation flow and could be the result of non-optimal XDC constraints or non-optimal design architecture
Related violations: <none>

TIMING-16#935 Warning
Large setup violation  
There is a large setup violation of -2.245 ns between design_1_i/pipelined_layer_proc_0/inst/grp_dataflow_parent_loop_proc_fu_232/dataflow_in_loop_Depth_Loop_U0/compute_systolic_U0/ap_CS_fsm_reg[3]/C (clocked by clk_fpga_0) and design_1_i/pipelined_layer_proc_0/inst/grp_dataflow_parent_loop_proc_fu_232/dataflow_in_loop_Depth_Loop_U0/compute_systolic_U0/big_tile_A_0_load_reg_14959_reg[227]/CE (clocked by clk_fpga_0). Large setup violations at the end of those stages might be difficult to fix during the post-placement implementation flow and could be the result of non-optimal XDC constraints or non-optimal design architecture
Related violations: <none>

TIMING-16#936 Warning
Large setup violation  
There is a large setup violation of -2.245 ns between design_1_i/pipelined_layer_proc_0/inst/grp_dataflow_parent_loop_proc_fu_232/dataflow_in_loop_Depth_Loop_U0/compute_systolic_U0/ap_CS_fsm_reg[3]/C (clocked by clk_fpga_0) and design_1_i/pipelined_layer_proc_0/inst/grp_dataflow_parent_loop_proc_fu_232/dataflow_in_loop_Depth_Loop_U0/compute_systolic_U0/big_tile_A_9_load_reg_15004_reg[238]/CE (clocked by clk_fpga_0). Large setup violations at the end of those stages might be difficult to fix during the post-placement implementation flow and could be the result of non-optimal XDC constraints or non-optimal design architecture
Related violations: <none>

TIMING-16#937 Warning
Large setup violation  
There is a large setup violation of -2.249 ns between design_1_i/pipelined_layer_proc_0/inst/grp_dataflow_parent_loop_proc_fu_232/dataflow_in_loop_Depth_Loop_U0/tile_A_V_3_U/reg_valid0_reg/C (clocked by clk_fpga_0) and design_1_i/pipelined_layer_proc_0/inst/grp_dataflow_parent_loop_proc_fu_232/dataflow_in_loop_Depth_Loop_U0/compute_systolic_U0/big_tile_A_7_load_reg_14994_reg[55]/D (clocked by clk_fpga_0). Large setup violations at the end of those stages might be difficult to fix during the post-placement implementation flow and could be the result of non-optimal XDC constraints or non-optimal design architecture
Related violations: <none>

TIMING-16#938 Warning
Large setup violation  
There is a large setup violation of -2.251 ns between design_1_i/pipelined_layer_proc_0/inst/grp_dataflow_parent_loop_proc_fu_232/dataflow_in_loop_Depth_Loop_U0/tile_A_V_3_U/reg_valid0_reg/C (clocked by clk_fpga_0) and design_1_i/pipelined_layer_proc_0/inst/grp_dataflow_parent_loop_proc_fu_232/dataflow_in_loop_Depth_Loop_U0/compute_systolic_U0/big_tile_A_8_load_reg_14999_reg[62]/D (clocked by clk_fpga_0). Large setup violations at the end of those stages might be difficult to fix during the post-placement implementation flow and could be the result of non-optimal XDC constraints or non-optimal design architecture
Related violations: <none>

TIMING-16#939 Warning
Large setup violation  
There is a large setup violation of -2.253 ns between design_1_i/pipelined_layer_proc_0/inst/grp_dataflow_parent_loop_proc_fu_232/dataflow_in_loop_Depth_Loop_U0/compute_systolic_U0/ap_CS_fsm_reg[3]/C (clocked by clk_fpga_0) and design_1_i/pipelined_layer_proc_0/inst/grp_dataflow_parent_loop_proc_fu_232/dataflow_in_loop_Depth_Loop_U0/compute_systolic_U0/big_tile_A_13_load_reg_15024_reg[149]/CE (clocked by clk_fpga_0). Large setup violations at the end of those stages might be difficult to fix during the post-placement implementation flow and could be the result of non-optimal XDC constraints or non-optimal design architecture
Related violations: <none>

TIMING-16#940 Warning
Large setup violation  
There is a large setup violation of -2.253 ns between design_1_i/pipelined_layer_proc_0/inst/grp_dataflow_parent_loop_proc_fu_232/dataflow_in_loop_Depth_Loop_U0/compute_systolic_U0/ap_CS_fsm_reg[3]/C (clocked by clk_fpga_0) and design_1_i/pipelined_layer_proc_0/inst/grp_dataflow_parent_loop_proc_fu_232/dataflow_in_loop_Depth_Loop_U0/compute_systolic_U0/big_tile_A_13_load_reg_15024_reg[155]/CE (clocked by clk_fpga_0). Large setup violations at the end of those stages might be difficult to fix during the post-placement implementation flow and could be the result of non-optimal XDC constraints or non-optimal design architecture
Related violations: <none>

TIMING-16#941 Warning
Large setup violation  
There is a large setup violation of -2.253 ns between design_1_i/pipelined_layer_proc_0/inst/grp_dataflow_parent_loop_proc_fu_232/dataflow_in_loop_Depth_Loop_U0/compute_systolic_U0/ap_CS_fsm_reg[3]/C (clocked by clk_fpga_0) and design_1_i/pipelined_layer_proc_0/inst/grp_dataflow_parent_loop_proc_fu_232/dataflow_in_loop_Depth_Loop_U0/compute_systolic_U0/big_tile_A_13_load_reg_15024_reg[175]/CE (clocked by clk_fpga_0). Large setup violations at the end of those stages might be difficult to fix during the post-placement implementation flow and could be the result of non-optimal XDC constraints or non-optimal design architecture
Related violations: <none>

TIMING-16#942 Warning
Large setup violation  
There is a large setup violation of -2.253 ns between design_1_i/pipelined_layer_proc_0/inst/grp_dataflow_parent_loop_proc_fu_232/dataflow_in_loop_Depth_Loop_U0/compute_systolic_U0/ap_CS_fsm_reg[3]/C (clocked by clk_fpga_0) and design_1_i/pipelined_layer_proc_0/inst/grp_dataflow_parent_loop_proc_fu_232/dataflow_in_loop_Depth_Loop_U0/compute_systolic_U0/big_tile_A_13_load_reg_15024_reg[201]/CE (clocked by clk_fpga_0). Large setup violations at the end of those stages might be difficult to fix during the post-placement implementation flow and could be the result of non-optimal XDC constraints or non-optimal design architecture
Related violations: <none>

TIMING-16#943 Warning
Large setup violation  
There is a large setup violation of -2.254 ns between design_1_i/pipelined_layer_proc_0/inst/grp_dataflow_parent_loop_proc_fu_232/dataflow_in_loop_Depth_Loop_U0/compute_systolic_U0/ap_CS_fsm_reg[3]/C (clocked by clk_fpga_0) and design_1_i/pipelined_layer_proc_0/inst/grp_dataflow_parent_loop_proc_fu_232/dataflow_in_loop_Depth_Loop_U0/compute_systolic_U0/big_tile_A_9_load_reg_15004_reg[183]/CE (clocked by clk_fpga_0). Large setup violations at the end of those stages might be difficult to fix during the post-placement implementation flow and could be the result of non-optimal XDC constraints or non-optimal design architecture
Related violations: <none>

TIMING-16#944 Warning
Large setup violation  
There is a large setup violation of -2.254 ns between design_1_i/pipelined_layer_proc_0/inst/grp_dataflow_parent_loop_proc_fu_232/dataflow_in_loop_Depth_Loop_U0/compute_systolic_U0/ap_CS_fsm_reg[3]/C (clocked by clk_fpga_0) and design_1_i/pipelined_layer_proc_0/inst/grp_dataflow_parent_loop_proc_fu_232/dataflow_in_loop_Depth_Loop_U0/compute_systolic_U0/big_tile_A_9_load_reg_15004_reg[194]/CE (clocked by clk_fpga_0). Large setup violations at the end of those stages might be difficult to fix during the post-placement implementation flow and could be the result of non-optimal XDC constraints or non-optimal design architecture
Related violations: <none>

TIMING-16#945 Warning
Large setup violation  
There is a large setup violation of -2.268 ns between design_1_i/pipelined_layer_proc_0/inst/grp_dataflow_parent_loop_proc_fu_232/dataflow_in_loop_Depth_Loop_U0/compute_systolic_U0/ap_CS_fsm_reg[3]/C (clocked by clk_fpga_0) and design_1_i/pipelined_layer_proc_0/inst/grp_dataflow_parent_loop_proc_fu_232/dataflow_in_loop_Depth_Loop_U0/compute_systolic_U0/big_tile_A_13_load_reg_15024_reg[15]/CE (clocked by clk_fpga_0). Large setup violations at the end of those stages might be difficult to fix during the post-placement implementation flow and could be the result of non-optimal XDC constraints or non-optimal design architecture
Related violations: <none>

TIMING-16#946 Warning
Large setup violation  
There is a large setup violation of -2.268 ns between design_1_i/pipelined_layer_proc_0/inst/grp_dataflow_parent_loop_proc_fu_232/dataflow_in_loop_Depth_Loop_U0/compute_systolic_U0/ap_CS_fsm_reg[3]/C (clocked by clk_fpga_0) and design_1_i/pipelined_layer_proc_0/inst/grp_dataflow_parent_loop_proc_fu_232/dataflow_in_loop_Depth_Loop_U0/compute_systolic_U0/big_tile_A_13_load_reg_15024_reg[172]/CE (clocked by clk_fpga_0). Large setup violations at the end of those stages might be difficult to fix during the post-placement implementation flow and could be the result of non-optimal XDC constraints or non-optimal design architecture
Related violations: <none>

TIMING-16#947 Warning
Large setup violation  
There is a large setup violation of -2.268 ns between design_1_i/pipelined_layer_proc_0/inst/grp_dataflow_parent_loop_proc_fu_232/dataflow_in_loop_Depth_Loop_U0/compute_systolic_U0/ap_CS_fsm_reg[3]/C (clocked by clk_fpga_0) and design_1_i/pipelined_layer_proc_0/inst/grp_dataflow_parent_loop_proc_fu_232/dataflow_in_loop_Depth_Loop_U0/compute_systolic_U0/big_tile_A_13_load_reg_15024_reg[202]/CE (clocked by clk_fpga_0). Large setup violations at the end of those stages might be difficult to fix during the post-placement implementation flow and could be the result of non-optimal XDC constraints or non-optimal design architecture
Related violations: <none>

TIMING-16#948 Warning
Large setup violation  
There is a large setup violation of -2.268 ns between design_1_i/pipelined_layer_proc_0/inst/grp_dataflow_parent_loop_proc_fu_232/dataflow_in_loop_Depth_Loop_U0/compute_systolic_U0/ap_CS_fsm_reg[3]/C (clocked by clk_fpga_0) and design_1_i/pipelined_layer_proc_0/inst/grp_dataflow_parent_loop_proc_fu_232/dataflow_in_loop_Depth_Loop_U0/compute_systolic_U0/big_tile_A_13_load_reg_15024_reg[23]/CE (clocked by clk_fpga_0). Large setup violations at the end of those stages might be difficult to fix during the post-placement implementation flow and could be the result of non-optimal XDC constraints or non-optimal design architecture
Related violations: <none>

TIMING-16#949 Warning
Large setup violation  
There is a large setup violation of -2.268 ns between design_1_i/pipelined_layer_proc_0/inst/grp_dataflow_parent_loop_proc_fu_232/dataflow_in_loop_Depth_Loop_U0/compute_systolic_U0/ap_CS_fsm_reg[3]/C (clocked by clk_fpga_0) and design_1_i/pipelined_layer_proc_0/inst/grp_dataflow_parent_loop_proc_fu_232/dataflow_in_loop_Depth_Loop_U0/compute_systolic_U0/big_tile_A_13_load_reg_15024_reg[47]/CE (clocked by clk_fpga_0). Large setup violations at the end of those stages might be difficult to fix during the post-placement implementation flow and could be the result of non-optimal XDC constraints or non-optimal design architecture
Related violations: <none>

TIMING-16#950 Warning
Large setup violation  
There is a large setup violation of -2.268 ns between design_1_i/pipelined_layer_proc_0/inst/grp_dataflow_parent_loop_proc_fu_232/dataflow_in_loop_Depth_Loop_U0/compute_systolic_U0/ap_CS_fsm_reg[3]/C (clocked by clk_fpga_0) and design_1_i/pipelined_layer_proc_0/inst/grp_dataflow_parent_loop_proc_fu_232/dataflow_in_loop_Depth_Loop_U0/compute_systolic_U0/big_tile_A_9_load_reg_15004_reg[31]/CE (clocked by clk_fpga_0). Large setup violations at the end of those stages might be difficult to fix during the post-placement implementation flow and could be the result of non-optimal XDC constraints or non-optimal design architecture
Related violations: <none>

TIMING-16#951 Warning
Large setup violation  
There is a large setup violation of -2.305 ns between design_1_i/pipelined_layer_proc_0/inst/grp_dataflow_parent_loop_proc_fu_232/dataflow_in_loop_Depth_Loop_U0/tile_A_V_3_U/reg_valid0_reg/C (clocked by clk_fpga_0) and design_1_i/pipelined_layer_proc_0/inst/grp_dataflow_parent_loop_proc_fu_232/dataflow_in_loop_Depth_Loop_U0/compute_systolic_U0/big_tile_A_3_load_reg_14974_reg[188]/D (clocked by clk_fpga_0). Large setup violations at the end of those stages might be difficult to fix during the post-placement implementation flow and could be the result of non-optimal XDC constraints or non-optimal design architecture
Related violations: <none>

TIMING-16#952 Warning
Large setup violation  
There is a large setup violation of -2.325 ns between design_1_i/pipelined_layer_proc_0/inst/grp_dataflow_parent_loop_proc_fu_232/dataflow_in_loop_Depth_Loop_U0/compute_systolic_U0/ap_CS_fsm_reg[3]/C (clocked by clk_fpga_0) and design_1_i/pipelined_layer_proc_0/inst/grp_dataflow_parent_loop_proc_fu_232/dataflow_in_loop_Depth_Loop_U0/compute_systolic_U0/big_tile_A_13_load_reg_15024_reg[199]/CE (clocked by clk_fpga_0). Large setup violations at the end of those stages might be difficult to fix during the post-placement implementation flow and could be the result of non-optimal XDC constraints or non-optimal design architecture
Related violations: <none>

TIMING-16#953 Warning
Large setup violation  
There is a large setup violation of -2.325 ns between design_1_i/pipelined_layer_proc_0/inst/grp_dataflow_parent_loop_proc_fu_232/dataflow_in_loop_Depth_Loop_U0/compute_systolic_U0/ap_CS_fsm_reg[3]/C (clocked by clk_fpga_0) and design_1_i/pipelined_layer_proc_0/inst/grp_dataflow_parent_loop_proc_fu_232/dataflow_in_loop_Depth_Loop_U0/compute_systolic_U0/big_tile_A_13_load_reg_15024_reg[51]/CE (clocked by clk_fpga_0). Large setup violations at the end of those stages might be difficult to fix during the post-placement implementation flow and could be the result of non-optimal XDC constraints or non-optimal design architecture
Related violations: <none>

TIMING-16#954 Warning
Large setup violation  
There is a large setup violation of -2.325 ns between design_1_i/pipelined_layer_proc_0/inst/grp_dataflow_parent_loop_proc_fu_232/dataflow_in_loop_Depth_Loop_U0/compute_systolic_U0/ap_CS_fsm_reg[3]/C (clocked by clk_fpga_0) and design_1_i/pipelined_layer_proc_0/inst/grp_dataflow_parent_loop_proc_fu_232/dataflow_in_loop_Depth_Loop_U0/compute_systolic_U0/big_tile_A_13_load_reg_15024_reg[53]/CE (clocked by clk_fpga_0). Large setup violations at the end of those stages might be difficult to fix during the post-placement implementation flow and could be the result of non-optimal XDC constraints or non-optimal design architecture
Related violations: <none>

TIMING-16#955 Warning
Large setup violation  
There is a large setup violation of -2.327 ns between design_1_i/pipelined_layer_proc_0/inst/grp_dataflow_parent_loop_proc_fu_232/dataflow_in_loop_Depth_Loop_U0/tile_A_V_3_U/reg_valid0_reg/C (clocked by clk_fpga_0) and design_1_i/pipelined_layer_proc_0/inst/grp_dataflow_parent_loop_proc_fu_232/dataflow_in_loop_Depth_Loop_U0/compute_systolic_U0/big_tile_A_15_load_reg_15034_reg[189]/D (clocked by clk_fpga_0). Large setup violations at the end of those stages might be difficult to fix during the post-placement implementation flow and could be the result of non-optimal XDC constraints or non-optimal design architecture
Related violations: <none>

TIMING-16#956 Warning
Large setup violation  
There is a large setup violation of -2.339 ns between design_1_i/pipelined_layer_proc_0/inst/grp_dataflow_parent_loop_proc_fu_232/dataflow_in_loop_Depth_Loop_U0/tile_A_V_3_U/reg_valid0_reg/C (clocked by clk_fpga_0) and design_1_i/pipelined_layer_proc_0/inst/grp_dataflow_parent_loop_proc_fu_232/dataflow_in_loop_Depth_Loop_U0/compute_systolic_U0/big_tile_A_15_load_reg_15034_reg[155]/D (clocked by clk_fpga_0). Large setup violations at the end of those stages might be difficult to fix during the post-placement implementation flow and could be the result of non-optimal XDC constraints or non-optimal design architecture
Related violations: <none>

TIMING-16#957 Warning
Large setup violation  
There is a large setup violation of -2.341 ns between design_1_i/pipelined_layer_proc_0/inst/grp_dataflow_parent_loop_proc_fu_232/dataflow_in_loop_Depth_Loop_U0/tile_A_V_3_U/reg_valid0_reg/C (clocked by clk_fpga_0) and design_1_i/pipelined_layer_proc_0/inst/grp_dataflow_parent_loop_proc_fu_232/dataflow_in_loop_Depth_Loop_U0/compute_systolic_U0/big_tile_A_7_load_reg_14994_reg[14]/D (clocked by clk_fpga_0). Large setup violations at the end of those stages might be difficult to fix during the post-placement implementation flow and could be the result of non-optimal XDC constraints or non-optimal design architecture
Related violations: <none>

TIMING-16#958 Warning
Large setup violation  
There is a large setup violation of -2.352 ns between design_1_i/pipelined_layer_proc_0/inst/grp_dataflow_parent_loop_proc_fu_232/dataflow_in_loop_Depth_Loop_U0/compute_systolic_U0/ap_CS_fsm_reg[3]/C (clocked by clk_fpga_0) and design_1_i/pipelined_layer_proc_0/inst/grp_dataflow_parent_loop_proc_fu_232/dataflow_in_loop_Depth_Loop_U0/compute_systolic_U0/big_tile_A_9_load_reg_15004_reg[9]/CE (clocked by clk_fpga_0). Large setup violations at the end of those stages might be difficult to fix during the post-placement implementation flow and could be the result of non-optimal XDC constraints or non-optimal design architecture
Related violations: <none>

TIMING-16#959 Warning
Large setup violation  
There is a large setup violation of -2.356 ns between design_1_i/pipelined_layer_proc_0/inst/grp_dataflow_parent_loop_proc_fu_232/dataflow_in_loop_Depth_Loop_U0/compute_systolic_U0/ap_CS_fsm_reg[3]/C (clocked by clk_fpga_0) and design_1_i/pipelined_layer_proc_0/inst/grp_dataflow_parent_loop_proc_fu_232/dataflow_in_loop_Depth_Loop_U0/compute_systolic_U0/big_tile_A_1_load_reg_14964_reg[235]/CE (clocked by clk_fpga_0). Large setup violations at the end of those stages might be difficult to fix during the post-placement implementation flow and could be the result of non-optimal XDC constraints or non-optimal design architecture
Related violations: <none>

TIMING-16#960 Warning
Large setup violation  
There is a large setup violation of -2.356 ns between design_1_i/pipelined_layer_proc_0/inst/grp_dataflow_parent_loop_proc_fu_232/dataflow_in_loop_Depth_Loop_U0/compute_systolic_U0/ap_CS_fsm_reg[3]/C (clocked by clk_fpga_0) and design_1_i/pipelined_layer_proc_0/inst/grp_dataflow_parent_loop_proc_fu_232/dataflow_in_loop_Depth_Loop_U0/compute_systolic_U0/big_tile_A_1_load_reg_14964_reg[239]/CE (clocked by clk_fpga_0). Large setup violations at the end of those stages might be difficult to fix during the post-placement implementation flow and could be the result of non-optimal XDC constraints or non-optimal design architecture
Related violations: <none>

TIMING-16#961 Warning
Large setup violation  
There is a large setup violation of -2.356 ns between design_1_i/pipelined_layer_proc_0/inst/grp_dataflow_parent_loop_proc_fu_232/dataflow_in_loop_Depth_Loop_U0/compute_systolic_U0/ap_CS_fsm_reg[3]/C (clocked by clk_fpga_0) and design_1_i/pipelined_layer_proc_0/inst/grp_dataflow_parent_loop_proc_fu_232/dataflow_in_loop_Depth_Loop_U0/compute_systolic_U0/big_tile_A_9_load_reg_15004_reg[198]/CE (clocked by clk_fpga_0). Large setup violations at the end of those stages might be difficult to fix during the post-placement implementation flow and could be the result of non-optimal XDC constraints or non-optimal design architecture
Related violations: <none>

TIMING-16#962 Warning
Large setup violation  
There is a large setup violation of -2.362 ns between design_1_i/pipelined_layer_proc_0/inst/grp_dataflow_parent_loop_proc_fu_232/dataflow_in_loop_Depth_Loop_U0/compute_systolic_U0/ap_CS_fsm_reg[3]/C (clocked by clk_fpga_0) and design_1_i/pipelined_layer_proc_0/inst/grp_dataflow_parent_loop_proc_fu_232/dataflow_in_loop_Depth_Loop_U0/compute_systolic_U0/big_tile_A_0_load_reg_14959_reg[225]/CE (clocked by clk_fpga_0). Large setup violations at the end of those stages might be difficult to fix during the post-placement implementation flow and could be the result of non-optimal XDC constraints or non-optimal design architecture
Related violations: <none>

TIMING-16#963 Warning
Large setup violation  
There is a large setup violation of -2.362 ns between design_1_i/pipelined_layer_proc_0/inst/grp_dataflow_parent_loop_proc_fu_232/dataflow_in_loop_Depth_Loop_U0/compute_systolic_U0/ap_CS_fsm_reg[3]/C (clocked by clk_fpga_0) and design_1_i/pipelined_layer_proc_0/inst/grp_dataflow_parent_loop_proc_fu_232/dataflow_in_loop_Depth_Loop_U0/compute_systolic_U0/big_tile_A_0_load_reg_14959_reg[226]/CE (clocked by clk_fpga_0). Large setup violations at the end of those stages might be difficult to fix during the post-placement implementation flow and could be the result of non-optimal XDC constraints or non-optimal design architecture
Related violations: <none>

TIMING-16#964 Warning
Large setup violation  
There is a large setup violation of -2.362 ns between design_1_i/pipelined_layer_proc_0/inst/grp_dataflow_parent_loop_proc_fu_232/dataflow_in_loop_Depth_Loop_U0/compute_systolic_U0/ap_CS_fsm_reg[3]/C (clocked by clk_fpga_0) and design_1_i/pipelined_layer_proc_0/inst/grp_dataflow_parent_loop_proc_fu_232/dataflow_in_loop_Depth_Loop_U0/compute_systolic_U0/big_tile_A_9_load_reg_15004_reg[222]/CE (clocked by clk_fpga_0). Large setup violations at the end of those stages might be difficult to fix during the post-placement implementation flow and could be the result of non-optimal XDC constraints or non-optimal design architecture
Related violations: <none>

TIMING-16#965 Warning
Large setup violation  
There is a large setup violation of -2.362 ns between design_1_i/pipelined_layer_proc_0/inst/grp_dataflow_parent_loop_proc_fu_232/dataflow_in_loop_Depth_Loop_U0/compute_systolic_U0/ap_CS_fsm_reg[3]/C (clocked by clk_fpga_0) and design_1_i/pipelined_layer_proc_0/inst/grp_dataflow_parent_loop_proc_fu_232/dataflow_in_loop_Depth_Loop_U0/compute_systolic_U0/big_tile_A_9_load_reg_15004_reg[230]/CE (clocked by clk_fpga_0). Large setup violations at the end of those stages might be difficult to fix during the post-placement implementation flow and could be the result of non-optimal XDC constraints or non-optimal design architecture
Related violations: <none>

TIMING-16#966 Warning
Large setup violation  
There is a large setup violation of -2.365 ns between design_1_i/pipelined_layer_proc_0/inst/grp_dataflow_parent_loop_proc_fu_232/dataflow_in_loop_Depth_Loop_U0/compute_systolic_U0/ap_CS_fsm_reg[3]/C (clocked by clk_fpga_0) and design_1_i/pipelined_layer_proc_0/inst/grp_dataflow_parent_loop_proc_fu_232/dataflow_in_loop_Depth_Loop_U0/compute_systolic_U0/big_tile_A_15_load_reg_15034_reg[169]/CE (clocked by clk_fpga_0). Large setup violations at the end of those stages might be difficult to fix during the post-placement implementation flow and could be the result of non-optimal XDC constraints or non-optimal design architecture
Related violations: <none>

TIMING-16#967 Warning
Large setup violation  
There is a large setup violation of -2.365 ns between design_1_i/pipelined_layer_proc_0/inst/grp_dataflow_parent_loop_proc_fu_232/dataflow_in_loop_Depth_Loop_U0/compute_systolic_U0/ap_CS_fsm_reg[3]/C (clocked by clk_fpga_0) and design_1_i/pipelined_layer_proc_0/inst/grp_dataflow_parent_loop_proc_fu_232/dataflow_in_loop_Depth_Loop_U0/compute_systolic_U0/big_tile_A_15_load_reg_15034_reg[179]/CE (clocked by clk_fpga_0). Large setup violations at the end of those stages might be difficult to fix during the post-placement implementation flow and could be the result of non-optimal XDC constraints or non-optimal design architecture
Related violations: <none>

TIMING-16#968 Warning
Large setup violation  
There is a large setup violation of -2.365 ns between design_1_i/pipelined_layer_proc_0/inst/grp_dataflow_parent_loop_proc_fu_232/dataflow_in_loop_Depth_Loop_U0/compute_systolic_U0/ap_CS_fsm_reg[3]/C (clocked by clk_fpga_0) and design_1_i/pipelined_layer_proc_0/inst/grp_dataflow_parent_loop_proc_fu_232/dataflow_in_loop_Depth_Loop_U0/compute_systolic_U0/big_tile_A_15_load_reg_15034_reg[201]/CE (clocked by clk_fpga_0). Large setup violations at the end of those stages might be difficult to fix during the post-placement implementation flow and could be the result of non-optimal XDC constraints or non-optimal design architecture
Related violations: <none>

TIMING-16#969 Warning
Large setup violation  
There is a large setup violation of -2.365 ns between design_1_i/pipelined_layer_proc_0/inst/grp_dataflow_parent_loop_proc_fu_232/dataflow_in_loop_Depth_Loop_U0/compute_systolic_U0/ap_CS_fsm_reg[3]/C (clocked by clk_fpga_0) and design_1_i/pipelined_layer_proc_0/inst/grp_dataflow_parent_loop_proc_fu_232/dataflow_in_loop_Depth_Loop_U0/compute_systolic_U0/big_tile_A_15_load_reg_15034_reg[205]/CE (clocked by clk_fpga_0). Large setup violations at the end of those stages might be difficult to fix during the post-placement implementation flow and could be the result of non-optimal XDC constraints or non-optimal design architecture
Related violations: <none>

TIMING-16#970 Warning
Large setup violation  
There is a large setup violation of -2.365 ns between design_1_i/pipelined_layer_proc_0/inst/grp_dataflow_parent_loop_proc_fu_232/dataflow_in_loop_Depth_Loop_U0/compute_systolic_U0/ap_CS_fsm_reg[3]/C (clocked by clk_fpga_0) and design_1_i/pipelined_layer_proc_0/inst/grp_dataflow_parent_loop_proc_fu_232/dataflow_in_loop_Depth_Loop_U0/compute_systolic_U0/big_tile_A_15_load_reg_15034_reg[230]/CE (clocked by clk_fpga_0). Large setup violations at the end of those stages might be difficult to fix during the post-placement implementation flow and could be the result of non-optimal XDC constraints or non-optimal design architecture
Related violations: <none>

TIMING-16#971 Warning
Large setup violation  
There is a large setup violation of -2.365 ns between design_1_i/pipelined_layer_proc_0/inst/grp_dataflow_parent_loop_proc_fu_232/dataflow_in_loop_Depth_Loop_U0/compute_systolic_U0/ap_CS_fsm_reg[3]/C (clocked by clk_fpga_0) and design_1_i/pipelined_layer_proc_0/inst/grp_dataflow_parent_loop_proc_fu_232/dataflow_in_loop_Depth_Loop_U0/compute_systolic_U0/big_tile_A_15_load_reg_15034_reg[252]/CE (clocked by clk_fpga_0). Large setup violations at the end of those stages might be difficult to fix during the post-placement implementation flow and could be the result of non-optimal XDC constraints or non-optimal design architecture
Related violations: <none>

TIMING-16#972 Warning
Large setup violation  
There is a large setup violation of -2.365 ns between design_1_i/pipelined_layer_proc_0/inst/grp_dataflow_parent_loop_proc_fu_232/dataflow_in_loop_Depth_Loop_U0/compute_systolic_U0/ap_CS_fsm_reg[3]/C (clocked by clk_fpga_0) and design_1_i/pipelined_layer_proc_0/inst/grp_dataflow_parent_loop_proc_fu_232/dataflow_in_loop_Depth_Loop_U0/compute_systolic_U0/big_tile_A_9_load_reg_15004_reg[159]/CE (clocked by clk_fpga_0). Large setup violations at the end of those stages might be difficult to fix during the post-placement implementation flow and could be the result of non-optimal XDC constraints or non-optimal design architecture
Related violations: <none>

TIMING-16#973 Warning
Large setup violation  
There is a large setup violation of -2.365 ns between design_1_i/pipelined_layer_proc_0/inst/grp_dataflow_parent_loop_proc_fu_232/dataflow_in_loop_Depth_Loop_U0/compute_systolic_U0/ap_CS_fsm_reg[3]/C (clocked by clk_fpga_0) and design_1_i/pipelined_layer_proc_0/inst/grp_dataflow_parent_loop_proc_fu_232/dataflow_in_loop_Depth_Loop_U0/compute_systolic_U0/big_tile_A_9_load_reg_15004_reg[189]/CE (clocked by clk_fpga_0). Large setup violations at the end of those stages might be difficult to fix during the post-placement implementation flow and could be the result of non-optimal XDC constraints or non-optimal design architecture
Related violations: <none>

TIMING-16#974 Warning
Large setup violation  
There is a large setup violation of -2.385 ns between design_1_i/pipelined_layer_proc_0/inst/grp_dataflow_parent_loop_proc_fu_232/dataflow_in_loop_Depth_Loop_U0/compute_systolic_U0/ap_CS_fsm_reg[3]/C (clocked by clk_fpga_0) and design_1_i/pipelined_layer_proc_0/inst/grp_dataflow_parent_loop_proc_fu_232/dataflow_in_loop_Depth_Loop_U0/compute_systolic_U0/big_tile_A_13_load_reg_15024_reg[150]/CE (clocked by clk_fpga_0). Large setup violations at the end of those stages might be difficult to fix during the post-placement implementation flow and could be the result of non-optimal XDC constraints or non-optimal design architecture
Related violations: <none>

TIMING-16#975 Warning
Large setup violation  
There is a large setup violation of -2.389 ns between design_1_i/pipelined_layer_proc_0/inst/grp_dataflow_parent_loop_proc_fu_232/dataflow_in_loop_Depth_Loop_U0/compute_systolic_U0/ap_CS_fsm_reg[3]/C (clocked by clk_fpga_0) and design_1_i/pipelined_layer_proc_0/inst/grp_dataflow_parent_loop_proc_fu_232/dataflow_in_loop_Depth_Loop_U0/compute_systolic_U0/big_tile_A_0_load_reg_14959_reg[151]/CE (clocked by clk_fpga_0). Large setup violations at the end of those stages might be difficult to fix during the post-placement implementation flow and could be the result of non-optimal XDC constraints or non-optimal design architecture
Related violations: <none>

TIMING-16#976 Warning
Large setup violation  
There is a large setup violation of -2.389 ns between design_1_i/pipelined_layer_proc_0/inst/grp_dataflow_parent_loop_proc_fu_232/dataflow_in_loop_Depth_Loop_U0/compute_systolic_U0/ap_CS_fsm_reg[3]/C (clocked by clk_fpga_0) and design_1_i/pipelined_layer_proc_0/inst/grp_dataflow_parent_loop_proc_fu_232/dataflow_in_loop_Depth_Loop_U0/compute_systolic_U0/big_tile_A_0_load_reg_14959_reg[154]/CE (clocked by clk_fpga_0). Large setup violations at the end of those stages might be difficult to fix during the post-placement implementation flow and could be the result of non-optimal XDC constraints or non-optimal design architecture
Related violations: <none>

TIMING-16#977 Warning
Large setup violation  
There is a large setup violation of -2.389 ns between design_1_i/pipelined_layer_proc_0/inst/grp_dataflow_parent_loop_proc_fu_232/dataflow_in_loop_Depth_Loop_U0/compute_systolic_U0/ap_CS_fsm_reg[3]/C (clocked by clk_fpga_0) and design_1_i/pipelined_layer_proc_0/inst/grp_dataflow_parent_loop_proc_fu_232/dataflow_in_loop_Depth_Loop_U0/compute_systolic_U0/big_tile_A_0_load_reg_14959_reg[160]/CE (clocked by clk_fpga_0). Large setup violations at the end of those stages might be difficult to fix during the post-placement implementation flow and could be the result of non-optimal XDC constraints or non-optimal design architecture
Related violations: <none>

TIMING-16#978 Warning
Large setup violation  
There is a large setup violation of -2.389 ns between design_1_i/pipelined_layer_proc_0/inst/grp_dataflow_parent_loop_proc_fu_232/dataflow_in_loop_Depth_Loop_U0/compute_systolic_U0/ap_CS_fsm_reg[3]/C (clocked by clk_fpga_0) and design_1_i/pipelined_layer_proc_0/inst/grp_dataflow_parent_loop_proc_fu_232/dataflow_in_loop_Depth_Loop_U0/compute_systolic_U0/big_tile_A_9_load_reg_15004_reg[161]/CE (clocked by clk_fpga_0). Large setup violations at the end of those stages might be difficult to fix during the post-placement implementation flow and could be the result of non-optimal XDC constraints or non-optimal design architecture
Related violations: <none>

TIMING-16#979 Warning
Large setup violation  
There is a large setup violation of -2.389 ns between design_1_i/pipelined_layer_proc_0/inst/grp_dataflow_parent_loop_proc_fu_232/dataflow_in_loop_Depth_Loop_U0/compute_systolic_U0/ap_CS_fsm_reg[3]/C (clocked by clk_fpga_0) and design_1_i/pipelined_layer_proc_0/inst/grp_dataflow_parent_loop_proc_fu_232/dataflow_in_loop_Depth_Loop_U0/compute_systolic_U0/big_tile_A_9_load_reg_15004_reg[173]/CE (clocked by clk_fpga_0). Large setup violations at the end of those stages might be difficult to fix during the post-placement implementation flow and could be the result of non-optimal XDC constraints or non-optimal design architecture
Related violations: <none>

TIMING-16#980 Warning
Large setup violation  
There is a large setup violation of -2.389 ns between design_1_i/pipelined_layer_proc_0/inst/grp_dataflow_parent_loop_proc_fu_232/dataflow_in_loop_Depth_Loop_U0/compute_systolic_U0/ap_CS_fsm_reg[3]/C (clocked by clk_fpga_0) and design_1_i/pipelined_layer_proc_0/inst/grp_dataflow_parent_loop_proc_fu_232/dataflow_in_loop_Depth_Loop_U0/compute_systolic_U0/big_tile_A_9_load_reg_15004_reg[221]/CE (clocked by clk_fpga_0). Large setup violations at the end of those stages might be difficult to fix during the post-placement implementation flow and could be the result of non-optimal XDC constraints or non-optimal design architecture
Related violations: <none>

TIMING-16#981 Warning
Large setup violation  
There is a large setup violation of -2.392 ns between design_1_i/pipelined_layer_proc_0/inst/grp_dataflow_parent_loop_proc_fu_232/dataflow_in_loop_Depth_Loop_U0/compute_systolic_U0/ap_CS_fsm_reg[3]/C (clocked by clk_fpga_0) and design_1_i/pipelined_layer_proc_0/inst/grp_dataflow_parent_loop_proc_fu_232/dataflow_in_loop_Depth_Loop_U0/compute_systolic_U0/big_tile_A_0_load_reg_14959_reg[129]/CE (clocked by clk_fpga_0). Large setup violations at the end of those stages might be difficult to fix during the post-placement implementation flow and could be the result of non-optimal XDC constraints or non-optimal design architecture
Related violations: <none>

TIMING-16#982 Warning
Large setup violation  
There is a large setup violation of -2.395 ns between design_1_i/pipelined_layer_proc_0/inst/grp_dataflow_parent_loop_proc_fu_232/dataflow_in_loop_Depth_Loop_U0/compute_systolic_U0/ap_CS_fsm_reg[3]/C (clocked by clk_fpga_0) and design_1_i/pipelined_layer_proc_0/inst/grp_dataflow_parent_loop_proc_fu_232/dataflow_in_loop_Depth_Loop_U0/compute_systolic_U0/big_tile_A_13_load_reg_15024_reg[171]/CE (clocked by clk_fpga_0). Large setup violations at the end of those stages might be difficult to fix during the post-placement implementation flow and could be the result of non-optimal XDC constraints or non-optimal design architecture
Related violations: <none>

TIMING-16#983 Warning
Large setup violation  
There is a large setup violation of -2.395 ns between design_1_i/pipelined_layer_proc_0/inst/grp_dataflow_parent_loop_proc_fu_232/dataflow_in_loop_Depth_Loop_U0/compute_systolic_U0/ap_CS_fsm_reg[3]/C (clocked by clk_fpga_0) and design_1_i/pipelined_layer_proc_0/inst/grp_dataflow_parent_loop_proc_fu_232/dataflow_in_loop_Depth_Loop_U0/compute_systolic_U0/big_tile_A_13_load_reg_15024_reg[185]/CE (clocked by clk_fpga_0). Large setup violations at the end of those stages might be difficult to fix during the post-placement implementation flow and could be the result of non-optimal XDC constraints or non-optimal design architecture
Related violations: <none>

TIMING-16#984 Warning
Large setup violation  
There is a large setup violation of -2.395 ns between design_1_i/pipelined_layer_proc_0/inst/grp_dataflow_parent_loop_proc_fu_232/dataflow_in_loop_Depth_Loop_U0/compute_systolic_U0/ap_CS_fsm_reg[3]/C (clocked by clk_fpga_0) and design_1_i/pipelined_layer_proc_0/inst/grp_dataflow_parent_loop_proc_fu_232/dataflow_in_loop_Depth_Loop_U0/compute_systolic_U0/big_tile_A_13_load_reg_15024_reg[197]/CE (clocked by clk_fpga_0). Large setup violations at the end of those stages might be difficult to fix during the post-placement implementation flow and could be the result of non-optimal XDC constraints or non-optimal design architecture
Related violations: <none>

TIMING-16#985 Warning
Large setup violation  
There is a large setup violation of -2.396 ns between design_1_i/pipelined_layer_proc_0/inst/grp_dataflow_parent_loop_proc_fu_232/dataflow_in_loop_Depth_Loop_U0/compute_systolic_U0/ap_CS_fsm_reg[3]/C (clocked by clk_fpga_0) and design_1_i/pipelined_layer_proc_0/inst/grp_dataflow_parent_loop_proc_fu_232/dataflow_in_loop_Depth_Loop_U0/compute_systolic_U0/big_tile_A_13_load_reg_15024_reg[165]/CE (clocked by clk_fpga_0). Large setup violations at the end of those stages might be difficult to fix during the post-placement implementation flow and could be the result of non-optimal XDC constraints or non-optimal design architecture
Related violations: <none>

TIMING-16#986 Warning
Large setup violation  
There is a large setup violation of -2.396 ns between design_1_i/pipelined_layer_proc_0/inst/grp_dataflow_parent_loop_proc_fu_232/dataflow_in_loop_Depth_Loop_U0/compute_systolic_U0/ap_CS_fsm_reg[3]/C (clocked by clk_fpga_0) and design_1_i/pipelined_layer_proc_0/inst/grp_dataflow_parent_loop_proc_fu_232/dataflow_in_loop_Depth_Loop_U0/compute_systolic_U0/big_tile_A_13_load_reg_15024_reg[190]/CE (clocked by clk_fpga_0). Large setup violations at the end of those stages might be difficult to fix during the post-placement implementation flow and could be the result of non-optimal XDC constraints or non-optimal design architecture
Related violations: <none>

TIMING-16#987 Warning
Large setup violation  
There is a large setup violation of -2.396 ns between design_1_i/pipelined_layer_proc_0/inst/grp_dataflow_parent_loop_proc_fu_232/dataflow_in_loop_Depth_Loop_U0/compute_systolic_U0/ap_CS_fsm_reg[3]/C (clocked by clk_fpga_0) and design_1_i/pipelined_layer_proc_0/inst/grp_dataflow_parent_loop_proc_fu_232/dataflow_in_loop_Depth_Loop_U0/compute_systolic_U0/big_tile_A_13_load_reg_15024_reg[200]/CE (clocked by clk_fpga_0). Large setup violations at the end of those stages might be difficult to fix during the post-placement implementation flow and could be the result of non-optimal XDC constraints or non-optimal design architecture
Related violations: <none>

TIMING-16#988 Warning
Large setup violation  
There is a large setup violation of -2.396 ns between design_1_i/pipelined_layer_proc_0/inst/grp_dataflow_parent_loop_proc_fu_232/dataflow_in_loop_Depth_Loop_U0/compute_systolic_U0/ap_CS_fsm_reg[3]/C (clocked by clk_fpga_0) and design_1_i/pipelined_layer_proc_0/inst/grp_dataflow_parent_loop_proc_fu_232/dataflow_in_loop_Depth_Loop_U0/compute_systolic_U0/big_tile_A_13_load_reg_15024_reg[206]/CE (clocked by clk_fpga_0). Large setup violations at the end of those stages might be difficult to fix during the post-placement implementation flow and could be the result of non-optimal XDC constraints or non-optimal design architecture
Related violations: <none>

TIMING-16#989 Warning
Large setup violation  
There is a large setup violation of -2.404 ns between design_1_i/pipelined_layer_proc_0/inst/grp_dataflow_parent_loop_proc_fu_232/dataflow_in_loop_Depth_Loop_U0/compute_systolic_U0/ap_CS_fsm_reg[3]/C (clocked by clk_fpga_0) and design_1_i/pipelined_layer_proc_0/inst/grp_dataflow_parent_loop_proc_fu_232/dataflow_in_loop_Depth_Loop_U0/compute_systolic_U0/big_tile_A_13_load_reg_15024_reg[148]/CE (clocked by clk_fpga_0). Large setup violations at the end of those stages might be difficult to fix during the post-placement implementation flow and could be the result of non-optimal XDC constraints or non-optimal design architecture
Related violations: <none>

TIMING-16#990 Warning
Large setup violation  
There is a large setup violation of -2.404 ns between design_1_i/pipelined_layer_proc_0/inst/grp_dataflow_parent_loop_proc_fu_232/dataflow_in_loop_Depth_Loop_U0/compute_systolic_U0/ap_CS_fsm_reg[3]/C (clocked by clk_fpga_0) and design_1_i/pipelined_layer_proc_0/inst/grp_dataflow_parent_loop_proc_fu_232/dataflow_in_loop_Depth_Loop_U0/compute_systolic_U0/big_tile_A_13_load_reg_15024_reg[163]/CE (clocked by clk_fpga_0). Large setup violations at the end of those stages might be difficult to fix during the post-placement implementation flow and could be the result of non-optimal XDC constraints or non-optimal design architecture
Related violations: <none>

TIMING-16#991 Warning
Large setup violation  
There is a large setup violation of -2.404 ns between design_1_i/pipelined_layer_proc_0/inst/grp_dataflow_parent_loop_proc_fu_232/dataflow_in_loop_Depth_Loop_U0/compute_systolic_U0/ap_CS_fsm_reg[3]/C (clocked by clk_fpga_0) and design_1_i/pipelined_layer_proc_0/inst/grp_dataflow_parent_loop_proc_fu_232/dataflow_in_loop_Depth_Loop_U0/compute_systolic_U0/big_tile_A_13_load_reg_15024_reg[184]/CE (clocked by clk_fpga_0). Large setup violations at the end of those stages might be difficult to fix during the post-placement implementation flow and could be the result of non-optimal XDC constraints or non-optimal design architecture
Related violations: <none>

TIMING-16#992 Warning
Large setup violation  
There is a large setup violation of -2.441 ns between design_1_i/pipelined_layer_proc_0/inst/grp_dataflow_parent_loop_proc_fu_232/dataflow_in_loop_Depth_Loop_U0/compute_systolic_U0/ap_CS_fsm_reg[3]/C (clocked by clk_fpga_0) and design_1_i/pipelined_layer_proc_0/inst/grp_dataflow_parent_loop_proc_fu_232/dataflow_in_loop_Depth_Loop_U0/compute_systolic_U0/big_tile_A_13_load_reg_15024_reg[154]/CE (clocked by clk_fpga_0). Large setup violations at the end of those stages might be difficult to fix during the post-placement implementation flow and could be the result of non-optimal XDC constraints or non-optimal design architecture
Related violations: <none>

TIMING-16#993 Warning
Large setup violation  
There is a large setup violation of -2.441 ns between design_1_i/pipelined_layer_proc_0/inst/grp_dataflow_parent_loop_proc_fu_232/dataflow_in_loop_Depth_Loop_U0/compute_systolic_U0/ap_CS_fsm_reg[3]/C (clocked by clk_fpga_0) and design_1_i/pipelined_layer_proc_0/inst/grp_dataflow_parent_loop_proc_fu_232/dataflow_in_loop_Depth_Loop_U0/compute_systolic_U0/big_tile_A_13_load_reg_15024_reg[158]/CE (clocked by clk_fpga_0). Large setup violations at the end of those stages might be difficult to fix during the post-placement implementation flow and could be the result of non-optimal XDC constraints or non-optimal design architecture
Related violations: <none>

TIMING-16#994 Warning
Large setup violation  
There is a large setup violation of -2.441 ns between design_1_i/pipelined_layer_proc_0/inst/grp_dataflow_parent_loop_proc_fu_232/dataflow_in_loop_Depth_Loop_U0/compute_systolic_U0/ap_CS_fsm_reg[3]/C (clocked by clk_fpga_0) and design_1_i/pipelined_layer_proc_0/inst/grp_dataflow_parent_loop_proc_fu_232/dataflow_in_loop_Depth_Loop_U0/compute_systolic_U0/big_tile_A_13_load_reg_15024_reg[161]/CE (clocked by clk_fpga_0). Large setup violations at the end of those stages might be difficult to fix during the post-placement implementation flow and could be the result of non-optimal XDC constraints or non-optimal design architecture
Related violations: <none>

TIMING-16#995 Warning
Large setup violation  
There is a large setup violation of -2.441 ns between design_1_i/pipelined_layer_proc_0/inst/grp_dataflow_parent_loop_proc_fu_232/dataflow_in_loop_Depth_Loop_U0/compute_systolic_U0/ap_CS_fsm_reg[3]/C (clocked by clk_fpga_0) and design_1_i/pipelined_layer_proc_0/inst/grp_dataflow_parent_loop_proc_fu_232/dataflow_in_loop_Depth_Loop_U0/compute_systolic_U0/big_tile_A_13_load_reg_15024_reg[164]/CE (clocked by clk_fpga_0). Large setup violations at the end of those stages might be difficult to fix during the post-placement implementation flow and could be the result of non-optimal XDC constraints or non-optimal design architecture
Related violations: <none>

TIMING-16#996 Warning
Large setup violation  
There is a large setup violation of -2.446 ns between design_1_i/pipelined_layer_proc_0/inst/grp_dataflow_parent_loop_proc_fu_232/dataflow_in_loop_Depth_Loop_U0/compute_systolic_U0/ap_CS_fsm_reg[3]/C (clocked by clk_fpga_0) and design_1_i/pipelined_layer_proc_0/inst/grp_dataflow_parent_loop_proc_fu_232/dataflow_in_loop_Depth_Loop_U0/compute_systolic_U0/big_tile_A_13_load_reg_15024_reg[152]/CE (clocked by clk_fpga_0). Large setup violations at the end of those stages might be difficult to fix during the post-placement implementation flow and could be the result of non-optimal XDC constraints or non-optimal design architecture
Related violations: <none>

TIMING-16#997 Warning
Large setup violation  
There is a large setup violation of -2.446 ns between design_1_i/pipelined_layer_proc_0/inst/grp_dataflow_parent_loop_proc_fu_232/dataflow_in_loop_Depth_Loop_U0/compute_systolic_U0/ap_CS_fsm_reg[3]/C (clocked by clk_fpga_0) and design_1_i/pipelined_layer_proc_0/inst/grp_dataflow_parent_loop_proc_fu_232/dataflow_in_loop_Depth_Loop_U0/compute_systolic_U0/big_tile_A_13_load_reg_15024_reg[182]/CE (clocked by clk_fpga_0). Large setup violations at the end of those stages might be difficult to fix during the post-placement implementation flow and could be the result of non-optimal XDC constraints or non-optimal design architecture
Related violations: <none>

TIMING-16#998 Warning
Large setup violation  
There is a large setup violation of -2.446 ns between design_1_i/pipelined_layer_proc_0/inst/grp_dataflow_parent_loop_proc_fu_232/dataflow_in_loop_Depth_Loop_U0/compute_systolic_U0/ap_CS_fsm_reg[3]/C (clocked by clk_fpga_0) and design_1_i/pipelined_layer_proc_0/inst/grp_dataflow_parent_loop_proc_fu_232/dataflow_in_loop_Depth_Loop_U0/compute_systolic_U0/big_tile_A_13_load_reg_15024_reg[198]/CE (clocked by clk_fpga_0). Large setup violations at the end of those stages might be difficult to fix during the post-placement implementation flow and could be the result of non-optimal XDC constraints or non-optimal design architecture
Related violations: <none>

TIMING-16#999 Warning
Large setup violation  
There is a large setup violation of -2.447 ns between design_1_i/pipelined_layer_proc_0/inst/grp_dataflow_parent_loop_proc_fu_232/dataflow_in_loop_Depth_Loop_U0/compute_systolic_U0/ap_CS_fsm_reg[3]/C (clocked by clk_fpga_0) and design_1_i/pipelined_layer_proc_0/inst/grp_dataflow_parent_loop_proc_fu_232/dataflow_in_loop_Depth_Loop_U0/compute_systolic_U0/big_tile_A_0_load_reg_14959_reg[93]/CE (clocked by clk_fpga_0). Large setup violations at the end of those stages might be difficult to fix during the post-placement implementation flow and could be the result of non-optimal XDC constraints or non-optimal design architecture
Related violations: <none>

TIMING-16#1000 Warning
Large setup violation  
There is a large setup violation of -2.469 ns between design_1_i/pipelined_layer_proc_0/inst/grp_dataflow_parent_loop_proc_fu_232/dataflow_in_loop_Depth_Loop_U0/tile_A_V_3_U/reg_valid0_reg/C (clocked by clk_fpga_0) and design_1_i/pipelined_layer_proc_0/inst/grp_dataflow_parent_loop_proc_fu_232/dataflow_in_loop_Depth_Loop_U0/compute_systolic_U0/big_tile_A_7_load_reg_14994_reg[61]/D (clocked by clk_fpga_0). Large setup violations at the end of those stages might be difficult to fix during the post-placement implementation flow and could be the result of non-optimal XDC constraints or non-optimal design architecture
Related violations: <none>


