Copyright 1986-2022 Xilinx, Inc. All Rights Reserved.
---------------------------------------------------------------------------------------------------------------------------------------------------------------------------------------------------------------------------------------------
| Tool Version : Vivado v.2022.2 (lin64) Build 3671981 Fri Oct 14 04:59:54 MDT 2022
| Date         : Sun May 24 11:43:32 2026
| Host         : ali running 64-bit Ubuntu 22.04.5 LTS
| Command      : report_timing_summary -max_paths 10 -report_unconstrained -file design_1_wrapper_timing_summary_routed.rpt -pb design_1_wrapper_timing_summary_routed.pb -rpx design_1_wrapper_timing_summary_routed.rpx -warn_on_violation
| Design       : design_1_wrapper
| Device       : 7z020-clg400
| Speed File   : -1  PRODUCTION 1.12 2019-11-22
---------------------------------------------------------------------------------------------------------------------------------------------------------------------------------------------------------------------------------------------

Timing Summary Report

------------------------------------------------------------------------------------------------
| Timer Settings
| --------------
------------------------------------------------------------------------------------------------

  Enable Multi Corner Analysis               :  Yes
  Enable Pessimism Removal                   :  Yes
  Pessimism Removal Resolution               :  Nearest Common Node
  Enable Input Delay Default Clock           :  No
  Enable Preset / Clear Arcs                 :  No
  Disable Flight Delays                      :  No
  Ignore I/O Paths                           :  No
  Timing Early Launch at Borrowing Latches   :  No
  Borrow Time for Max Delay Exceptions       :  Yes
  Merge Timing Exceptions                    :  Yes

  Corner  Analyze    Analyze    
  Name    Max Paths  Min Paths  
  ------  ---------  ---------  
  Slow    Yes        Yes        
  Fast    Yes        Yes        


------------------------------------------------------------------------------------------------
| Report Methodology
| ------------------
------------------------------------------------------------------------------------------------

Rule       Severity  Description            Violations  
---------  --------  ---------------------  ----------  
TIMING-16  Warning   Large setup violation  1000        

Note: This report is based on the most recent report_methodology run and may not be up-to-date. Run report_methodology on the current design for the latest report.



check_timing report

Table of Contents
-----------------
1. checking no_clock (0)
2. checking constant_clock (0)
3. checking pulse_width_clock (0)
4. checking unconstrained_internal_endpoints (0)
5. checking no_input_delay (0)
6. checking no_output_delay (0)
7. checking multiple_clock (0)
8. checking generated_clocks (0)
9. checking loops (0)
10. checking partial_input_delay (0)
11. checking partial_output_delay (0)
12. checking latch_loops (0)

1. checking no_clock (0)
------------------------
 There are 0 register/latch pins with no clock.


2. checking constant_clock (0)
------------------------------
 There are 0 register/latch pins with constant_clock.


3. checking pulse_width_clock (0)
---------------------------------
 There are 0 register/latch pins which need pulse_width check


4. checking unconstrained_internal_endpoints (0)
------------------------------------------------
 There are 0 pins that are not constrained for maximum delay.

 There are 0 pins that are not constrained for maximum delay due to constant clock.


5. checking no_input_delay (0)
------------------------------
 There are 0 input ports with no input delay specified.

 There are 0 input ports with no input delay but user has a false path constraint.


6. checking no_output_delay (0)
-------------------------------
 There are 0 ports with no output delay specified.

 There are 0 ports with no output delay but user has a false path constraint

 There are 0 ports with no output delay but with a timing clock defined on it or propagating through it


7. checking multiple_clock (0)
------------------------------
 There are 0 register/latch pins with multiple clocks.


8. checking generated_clocks (0)
--------------------------------
 There are 0 generated clocks that are not connected to a clock source.


9. checking loops (0)
---------------------
 There are 0 combinational loops in the design.


10. checking partial_input_delay (0)
------------------------------------
 There are 0 input ports with partial input delay specified.


11. checking partial_output_delay (0)
-------------------------------------
 There are 0 ports with partial output delay specified.


12. checking latch_loops (0)
----------------------------
 There are 0 combinational latch loops in the design through latch input



------------------------------------------------------------------------------------------------
| Design Timing Summary
| ---------------------
------------------------------------------------------------------------------------------------

    WNS(ns)      TNS(ns)  TNS Failing Endpoints  TNS Total Endpoints      WHS(ns)      THS(ns)  THS Failing Endpoints  THS Total Endpoints     WPWS(ns)     TPWS(ns)  TPWS Failing Endpoints  TPWS Total Endpoints  
    -------      -------  ---------------------  -------------------      -------      -------  ---------------------  -------------------     --------     --------  ----------------------  --------------------  
     -2.933    -6256.133                   8834               174376        0.010        0.000                      0               174376        3.750        0.000                       0                 59462  


Timing constraints are not met.


------------------------------------------------------------------------------------------------
| Clock Summary
| -------------
------------------------------------------------------------------------------------------------

Clock       Waveform(ns)       Period(ns)      Frequency(MHz)
-----       ------------       ----------      --------------
clk_fpga_0  {0.000 5.000}      10.000          100.000         


------------------------------------------------------------------------------------------------
| Intra Clock Table
| -----------------
------------------------------------------------------------------------------------------------

Clock             WNS(ns)      TNS(ns)  TNS Failing Endpoints  TNS Total Endpoints      WHS(ns)      THS(ns)  THS Failing Endpoints  THS Total Endpoints     WPWS(ns)     TPWS(ns)  TPWS Failing Endpoints  TPWS Total Endpoints  
-----             -------      -------  ---------------------  -------------------      -------      -------  ---------------------  -------------------     --------     --------  ----------------------  --------------------  
clk_fpga_0         -2.933    -6256.133                   8834               174376        0.010        0.000                      0               174376        3.750        0.000                       0                 59462  


------------------------------------------------------------------------------------------------
| Inter Clock Table
| -----------------
------------------------------------------------------------------------------------------------

From Clock    To Clock          WNS(ns)      TNS(ns)  TNS Failing Endpoints  TNS Total Endpoints      WHS(ns)      THS(ns)  THS Failing Endpoints  THS Total Endpoints  
----------    --------          -------      -------  ---------------------  -------------------      -------      -------  ---------------------  -------------------  


------------------------------------------------------------------------------------------------
| Other Path Groups Table
| -----------------------
------------------------------------------------------------------------------------------------

Path Group    From Clock    To Clock          WNS(ns)      TNS(ns)  TNS Failing Endpoints  TNS Total Endpoints      WHS(ns)      THS(ns)  THS Failing Endpoints  THS Total Endpoints  
----------    ----------    --------          -------      -------  ---------------------  -------------------      -------      -------  ---------------------  -------------------  


------------------------------------------------------------------------------------------------
| User Ignored Path Table
| -----------------------
------------------------------------------------------------------------------------------------

Path Group    From Clock    To Clock    
----------    ----------    --------    
(none)                      clk_fpga_0    
(none)        clk_fpga_0    clk_fpga_0    


------------------------------------------------------------------------------------------------
| Unconstrained Path Table
| ------------------------
------------------------------------------------------------------------------------------------

Path Group    From Clock    To Clock    
----------    ----------    --------    


------------------------------------------------------------------------------------------------
| Timing Details
| --------------
------------------------------------------------------------------------------------------------


---------------------------------------------------------------------------------------------------
From Clock:  clk_fpga_0
  To Clock:  clk_fpga_0

Setup :         8834  Failing Endpoints,  Worst Slack       -2.933ns,  Total Violation    -6256.133ns
Hold  :            0  Failing Endpoints,  Worst Slack        0.010ns,  Total Violation        0.000ns
PW    :            0  Failing Endpoints,  Worst Slack        3.750ns,  Total Violation        0.000ns
---------------------------------------------------------------------------------------------------


Max Delay Paths
--------------------------------------------------------------------------------------
Slack (VIOLATED) :        -2.933ns  (required time - arrival time)
  Source:                 design_1_i/pipelined_layer_proc_0/inst/num_row_tiles_read_reg_449_reg[2]/C
                            (rising edge-triggered cell FDRE clocked by clk_fpga_0  {rise@0.000ns fall@5.000ns period=10.000ns})
  Destination:            design_1_i/pipelined_layer_proc_0/inst/mul_32ns_32ns_64_2_1_U1812/dout_reg[45]/D
                            (rising edge-triggered cell FDRE clocked by clk_fpga_0  {rise@0.000ns fall@5.000ns period=10.000ns})
  Path Group:             clk_fpga_0
  Path Type:              Setup (Max at Slow Process Corner)
  Requirement:            10.000ns  (clk_fpga_0 rise@10.000ns - clk_fpga_0 rise@0.000ns)
  Data Path Delay:        12.843ns  (logic 7.121ns (55.446%)  route 5.722ns (44.554%))
  Logic Levels:           23  (CARRY4=18 LUT2=1 LUT4=1 LUT6=3)
  Clock Path Skew:        0.002ns (DCD - SCD + CPR)
    Destination Clock Delay (DCD):    2.818ns = ( 12.818 - 10.000 ) 
    Source Clock Delay      (SCD):    2.945ns
    Clock Pessimism Removal (CPR):    0.129ns
  Clock Uncertainty:      0.154ns  ((TSJ^2 + TIJ^2)^1/2 + DJ) / 2 + PE
    Total System Jitter     (TSJ):    0.071ns
    Total Input Jitter      (TIJ):    0.300ns
    Discrete Jitter          (DJ):    0.000ns
    Phase Error              (PE):    0.000ns

    Location             Delay type                Incr(ns)  Path(ns)    Netlist Resource(s)
  -------------------------------------------------------------------    -------------------
                         (clock clk_fpga_0 rise edge)
                                                      0.000     0.000 r  
    PS7_X0Y0             PS7                          0.000     0.000 r  design_1_i/processing_system7_0/inst/PS7_i/FCLKCLK[0]
                         net (fo=1, routed)           1.193     1.193    design_1_i/processing_system7_0/inst/FCLK_CLK_unbuffered[0]
    BUFGCTRL_X0Y16       BUFG (Prop_bufg_I_O)         0.101     1.294 r  design_1_i/processing_system7_0/inst/buffer_fclk_clk_0.FCLK_CLK_0_BUFG/O
                         net (fo=59464, routed)       1.651     2.945    design_1_i/pipelined_layer_proc_0/inst/ap_clk
    SLICE_X46Y96         FDRE                                         r  design_1_i/pipelined_layer_proc_0/inst/num_row_tiles_read_reg_449_reg[2]/C
  -------------------------------------------------------------------    -------------------
    SLICE_X46Y96         FDRE (Prop_fdre_C_Q)         0.518     3.463 r  design_1_i/pipelined_layer_proc_0/inst/num_row_tiles_read_reg_449_reg[2]/Q
                         net (fo=65, routed)          1.459     4.922    design_1_i/pipelined_layer_proc_0/inst/mul_32ns_32ns_64_2_1_U1812/Q[2]
    SLICE_X54Y104        LUT6 (Prop_lut6_I1_O)        0.124     5.046 r  design_1_i/pipelined_layer_proc_0/inst/mul_32ns_32ns_64_2_1_U1812/i___319_i_1/O
                         net (fo=2, routed)           0.695     5.742    design_1_i/pipelined_layer_proc_0/inst/mul_32ns_32ns_64_2_1_U1812/i___319_i_1_n_5
    SLICE_X55Y106        LUT6 (Prop_lut6_I0_O)        0.124     5.866 r  design_1_i/pipelined_layer_proc_0/inst/mul_32ns_32ns_64_2_1_U1812/i___319_i_5/O
                         net (fo=1, routed)           0.000     5.866    design_1_i/pipelined_layer_proc_0/inst/mul_32ns_32ns_64_2_1_U1812/i___319_i_5_n_5
    SLICE_X55Y106        CARRY4 (Prop_carry4_S[3]_CO[3])
                                                      0.401     6.267 r  design_1_i/pipelined_layer_proc_0/inst/mul_32ns_32ns_64_2_1_U1812/tmp_product_inferred__4/i___319/CO[3]
                         net (fo=1, routed)           0.000     6.267    design_1_i/pipelined_layer_proc_0/inst/mul_32ns_32ns_64_2_1_U1812/tmp_product_inferred__4/i___319_n_5
    SLICE_X55Y107        CARRY4 (Prop_carry4_CI_CO[3])
                                                      0.114     6.381 r  design_1_i/pipelined_layer_proc_0/inst/mul_32ns_32ns_64_2_1_U1812/tmp_product_inferred__4/i___320/CO[3]
                         net (fo=1, routed)           0.000     6.381    design_1_i/pipelined_layer_proc_0/inst/mul_32ns_32ns_64_2_1_U1812/tmp_product_inferred__4/i___320_n_5
    SLICE_X55Y108        CARRY4 (Prop_carry4_CI_CO[3])
                                                      0.114     6.495 r  design_1_i/pipelined_layer_proc_0/inst/mul_32ns_32ns_64_2_1_U1812/tmp_product_inferred__4/i___321/CO[3]
                         net (fo=1, routed)           0.000     6.495    design_1_i/pipelined_layer_proc_0/inst/mul_32ns_32ns_64_2_1_U1812/tmp_product_inferred__4/i___321_n_5
    SLICE_X55Y109        CARRY4 (Prop_carry4_CI_CO[3])
                                                      0.114     6.609 r  design_1_i/pipelined_layer_proc_0/inst/mul_32ns_32ns_64_2_1_U1812/tmp_product_inferred__4/i___322/CO[3]
                         net (fo=1, routed)           0.000     6.609    design_1_i/pipelined_layer_proc_0/inst/mul_32ns_32ns_64_2_1_U1812/tmp_product_inferred__4/i___322_n_5
    SLICE_X55Y110        CARRY4 (Prop_carry4_CI_O[1])
                                                      0.334     6.943 r  design_1_i/pipelined_layer_proc_0/inst/mul_32ns_32ns_64_2_1_U1812/tmp_product_inferred__4/i___323/O[1]
                         net (fo=3, routed)           1.130     8.073    design_1_i/pipelined_layer_proc_0/inst/mul_32ns_32ns_64_2_1_U1812/tmp_product_inferred__4/i___323_n_11
    SLICE_X56Y108        LUT6 (Prop_lut6_I5_O)        0.303     8.376 r  design_1_i/pipelined_layer_proc_0/inst/mul_32ns_32ns_64_2_1_U1812/i___373_i_7/O
                         net (fo=1, routed)           0.000     8.376    design_1_i/pipelined_layer_proc_0/inst/mul_32ns_32ns_64_2_1_U1812/i___373_i_7_n_5
    SLICE_X56Y108        CARRY4 (Prop_carry4_S[1]_CO[3])
                                                      0.550     8.926 r  design_1_i/pipelined_layer_proc_0/inst/mul_32ns_32ns_64_2_1_U1812/tmp_product_inferred__4/i___373/CO[3]
                         net (fo=1, routed)           0.000     8.926    design_1_i/pipelined_layer_proc_0/inst/mul_32ns_32ns_64_2_1_U1812/tmp_product_inferred__4/i___373_n_5
    SLICE_X56Y109        CARRY4 (Prop_carry4_CI_O[1])
                                                      0.334     9.260 r  design_1_i/pipelined_layer_proc_0/inst/mul_32ns_32ns_64_2_1_U1812/tmp_product_inferred__4/i___374/O[1]
                         net (fo=3, routed)           1.139    10.398    design_1_i/pipelined_layer_proc_0/inst/mul_32ns_32ns_64_2_1_U1812/tmp_product_inferred__4/i___374_n_11
    SLICE_X55Y99         LUT4 (Prop_lut4_I2_O)        0.303    10.701 r  design_1_i/pipelined_layer_proc_0/inst/mul_32ns_32ns_64_2_1_U1812/i___384_i_7/O
                         net (fo=1, routed)           0.000    10.701    design_1_i/pipelined_layer_proc_0/inst/mul_32ns_32ns_64_2_1_U1812/i___384_i_7_n_5
    SLICE_X55Y99         CARRY4 (Prop_carry4_S[1]_CO[3])
                                                      0.550    11.251 r  design_1_i/pipelined_layer_proc_0/inst/mul_32ns_32ns_64_2_1_U1812/tmp_product_inferred__4/i___384/CO[3]
                         net (fo=1, routed)           0.001    11.252    design_1_i/pipelined_layer_proc_0/inst/mul_32ns_32ns_64_2_1_U1812/tmp_product_inferred__4/i___384_n_5
    SLICE_X55Y100        CARRY4 (Prop_carry4_CI_CO[3])
                                                      0.114    11.366 r  design_1_i/pipelined_layer_proc_0/inst/mul_32ns_32ns_64_2_1_U1812/tmp_product_inferred__4/i___385/CO[3]
                         net (fo=1, routed)           0.000    11.366    design_1_i/pipelined_layer_proc_0/inst/mul_32ns_32ns_64_2_1_U1812/tmp_product_inferred__4/i___385_n_5
    SLICE_X55Y101        CARRY4 (Prop_carry4_CI_O[1])
                                                      0.334    11.700 r  design_1_i/pipelined_layer_proc_0/inst/mul_32ns_32ns_64_2_1_U1812/tmp_product_inferred__4/i___386/O[1]
                         net (fo=11, routed)          0.667    12.367    design_1_i/pipelined_layer_proc_0/inst/mul_32ns_32ns_64_2_1_U1812/tmp_product_inferred__4/i___386_n_11
    SLICE_X54Y101        CARRY4 (Prop_carry4_S[1]_CO[3])
                                                      0.836    13.203 r  design_1_i/pipelined_layer_proc_0/inst/mul_32ns_32ns_64_2_1_U1812/i___39_i_1/CO[3]
                         net (fo=1, routed)           0.000    13.203    design_1_i/pipelined_layer_proc_0/inst/mul_32ns_32ns_64_2_1_U1812/i___39_i_1_n_5
    SLICE_X54Y102        CARRY4 (Prop_carry4_CI_CO[3])
                                                      0.117    13.320 r  design_1_i/pipelined_layer_proc_0/inst/mul_32ns_32ns_64_2_1_U1812/i___40_i_1/CO[3]
                         net (fo=1, routed)           0.000    13.320    design_1_i/pipelined_layer_proc_0/inst/mul_32ns_32ns_64_2_1_U1812/i___40_i_1_n_5
    SLICE_X54Y103        CARRY4 (Prop_carry4_CI_O[1])
                                                      0.323    13.643 r  design_1_i/pipelined_layer_proc_0/inst/mul_32ns_32ns_64_2_1_U1812/i___41_i_1/O[1]
                         net (fo=2, routed)           0.631    14.274    design_1_i/pipelined_layer_proc_0/inst/mul_32ns_32ns_64_2_1_U1812/PCIN__0[45]
    SLICE_X53Y103        LUT2 (Prop_lut2_I0_O)        0.306    14.580 r  design_1_i/pipelined_layer_proc_0/inst/mul_32ns_32ns_64_2_1_U1812/i___42_i_5/O
                         net (fo=1, routed)           0.000    14.580    design_1_i/pipelined_layer_proc_0/inst/mul_32ns_32ns_64_2_1_U1812/i___42_i_5_n_5
    SLICE_X53Y103        CARRY4 (Prop_carry4_S[0]_CO[3])
                                                      0.532    15.112 r  design_1_i/pipelined_layer_proc_0/inst/mul_32ns_32ns_64_2_1_U1812/tmp_product_inferred__7/i___42/CO[3]
                         net (fo=1, routed)           0.000    15.112    design_1_i/pipelined_layer_proc_0/inst/mul_32ns_32ns_64_2_1_U1812/tmp_product_inferred__7/i___42_n_5
    SLICE_X53Y104        CARRY4 (Prop_carry4_CI_CO[3])
                                                      0.114    15.226 r  design_1_i/pipelined_layer_proc_0/inst/mul_32ns_32ns_64_2_1_U1812/tmp_product_inferred__7/i___43/CO[3]
                         net (fo=1, routed)           0.000    15.226    design_1_i/pipelined_layer_proc_0/inst/mul_32ns_32ns_64_2_1_U1812/tmp_product_inferred__7/i___43_n_5
    SLICE_X53Y105        CARRY4 (Prop_carry4_CI_CO[3])
                                                      0.114    15.340 r  design_1_i/pipelined_layer_proc_0/inst/mul_32ns_32ns_64_2_1_U1812/tmp_product_inferred__7/i___44/CO[3]
                         net (fo=1, routed)           0.000    15.340    design_1_i/pipelined_layer_proc_0/inst/mul_32ns_32ns_64_2_1_U1812/tmp_product_inferred__7/i___44_n_5
    SLICE_X53Y106        CARRY4 (Prop_carry4_CI_CO[3])
                                                      0.114    15.454 r  design_1_i/pipelined_layer_proc_0/inst/mul_32ns_32ns_64_2_1_U1812/tmp_product_inferred__7/i___45/CO[3]
                         net (fo=1, routed)           0.000    15.454    design_1_i/pipelined_layer_proc_0/inst/mul_32ns_32ns_64_2_1_U1812/tmp_product_inferred__7/i___45_n_5
    SLICE_X53Y107        CARRY4 (Prop_carry4_CI_O[1])
                                                      0.334    15.788 r  design_1_i/pipelined_layer_proc_0/inst/mul_32ns_32ns_64_2_1_U1812/tmp_product_inferred__7/i___46/O[1]
                         net (fo=1, routed)           0.000    15.788    design_1_i/pipelined_layer_proc_0/inst/mul_32ns_32ns_64_2_1_U1812/tmp_product_inferred__7/i___46_n_11
    SLICE_X53Y107        FDRE                                         r  design_1_i/pipelined_layer_proc_0/inst/mul_32ns_32ns_64_2_1_U1812/dout_reg[45]/D
  -------------------------------------------------------------------    -------------------

                         (clock clk_fpga_0 rise edge)
                                                     10.000    10.000 r  
    PS7_X0Y0             PS7                          0.000    10.000 r  design_1_i/processing_system7_0/inst/PS7_i/FCLKCLK[0]
                         net (fo=1, routed)           1.088    11.088    design_1_i/processing_system7_0/inst/FCLK_CLK_unbuffered[0]
    BUFGCTRL_X0Y16       BUFG (Prop_bufg_I_O)         0.091    11.179 r  design_1_i/processing_system7_0/inst/buffer_fclk_clk_0.FCLK_CLK_0_BUFG/O
                         net (fo=59464, routed)       1.639    12.818    design_1_i/pipelined_layer_proc_0/inst/mul_32ns_32ns_64_2_1_U1812/ap_clk
    SLICE_X53Y107        FDRE                                         r  design_1_i/pipelined_layer_proc_0/inst/mul_32ns_32ns_64_2_1_U1812/dout_reg[45]/C
                         clock pessimism              0.129    12.947    
                         clock uncertainty           -0.154    12.793    
    SLICE_X53Y107        FDRE (Setup_fdre_C_D)        0.062    12.855    design_1_i/pipelined_layer_proc_0/inst/mul_32ns_32ns_64_2_1_U1812/dout_reg[45]
  -------------------------------------------------------------------
                         required time                         12.855    
                         arrival time                         -15.788    
  -------------------------------------------------------------------
                         slack                                 -2.933    

Slack (VIOLATED) :        -2.909ns  (required time - arrival time)
  Source:                 design_1_i/pipelined_layer_proc_0/inst/trunc_ln167_reg_506_reg[2]/C
                            (rising edge-triggered cell FDRE clocked by clk_fpga_0  {rise@0.000ns fall@5.000ns period=10.000ns})
  Destination:            design_1_i/pipelined_layer_proc_0/inst/grp_dataflow_parent_loop_proc_fu_232/dataflow_in_loop_Depth_Loop_U0/read_big_tile_U0/mul_cast_i_reg_213_reg[25]/D
                            (rising edge-triggered cell FDRE clocked by clk_fpga_0  {rise@0.000ns fall@5.000ns period=10.000ns})
  Path Group:             clk_fpga_0
  Path Type:              Setup (Max at Slow Process Corner)
  Requirement:            10.000ns  (clk_fpga_0 rise@10.000ns - clk_fpga_0 rise@0.000ns)
  Data Path Delay:        12.876ns  (logic 7.134ns (55.407%)  route 5.742ns (44.593%))
  Logic Levels:           17  (CARRY4=11 LUT2=4 LUT3=1 LUT6=1)
  Clock Path Skew:        0.012ns (DCD - SCD + CPR)
    Destination Clock Delay (DCD):    2.830ns = ( 12.830 - 10.000 ) 
    Source Clock Delay      (SCD):    2.947ns
    Clock Pessimism Removal (CPR):    0.129ns
  Clock Uncertainty:      0.154ns  ((TSJ^2 + TIJ^2)^1/2 + DJ) / 2 + PE
    Total System Jitter     (TSJ):    0.071ns
    Total Input Jitter      (TIJ):    0.300ns
    Discrete Jitter          (DJ):    0.000ns
    Phase Error              (PE):    0.000ns

    Location             Delay type                Incr(ns)  Path(ns)    Netlist Resource(s)
  -------------------------------------------------------------------    -------------------
                         (clock clk_fpga_0 rise edge)
                                                      0.000     0.000 r  
    PS7_X0Y0             PS7                          0.000     0.000 r  design_1_i/processing_system7_0/inst/PS7_i/FCLKCLK[0]
                         net (fo=1, routed)           1.193     1.193    design_1_i/processing_system7_0/inst/FCLK_CLK_unbuffered[0]
    BUFGCTRL_X0Y16       BUFG (Prop_bufg_I_O)         0.101     1.294 r  design_1_i/processing_system7_0/inst/buffer_fclk_clk_0.FCLK_CLK_0_BUFG/O
                         net (fo=59464, routed)       1.653     2.947    design_1_i/pipelined_layer_proc_0/inst/ap_clk
    SLICE_X38Y99         FDRE                                         r  design_1_i/pipelined_layer_proc_0/inst/trunc_ln167_reg_506_reg[2]/C
  -------------------------------------------------------------------    -------------------
    SLICE_X38Y99         FDRE (Prop_fdre_C_Q)         0.518     3.465 r  design_1_i/pipelined_layer_proc_0/inst/trunc_ln167_reg_506_reg[2]/Q
                         net (fo=104, routed)         1.393     4.858    design_1_i/pipelined_layer_proc_0/inst/grp_dataflow_parent_loop_proc_fu_232/dataflow_in_loop_Depth_Loop_U0/read_big_tile_U0/mul_27s_27s_27_1_1_U35/trunc_ln167_reg_506__0[1]
    SLICE_X39Y90         LUT6 (Prop_lut6_I1_O)        0.124     4.982 r  design_1_i/pipelined_layer_proc_0/inst/grp_dataflow_parent_loop_proc_fu_232/dataflow_in_loop_Depth_Loop_U0/read_big_tile_U0/mul_27s_27s_27_1_1_U35/i___323_i_1__1/O
                         net (fo=1, routed)           0.641     5.623    design_1_i/pipelined_layer_proc_0/inst/grp_dataflow_parent_loop_proc_fu_232/dataflow_in_loop_Depth_Loop_U0/read_big_tile_U0/mul_27s_27s_27_1_1_U35/i___323_i_1__1_n_5
    SLICE_X38Y89         CARRY4 (Prop_carry4_DI[3]_CO[3])
                                                      0.396     6.019 r  design_1_i/pipelined_layer_proc_0/inst/grp_dataflow_parent_loop_proc_fu_232/dataflow_in_loop_Depth_Loop_U0/read_big_tile_U0/mul_27s_27s_27_1_1_U35/dout_inferred__1/i___323/CO[3]
                         net (fo=1, routed)           0.000     6.019    design_1_i/pipelined_layer_proc_0/inst/grp_dataflow_parent_loop_proc_fu_232/dataflow_in_loop_Depth_Loop_U0/read_big_tile_U0/mul_27s_27s_27_1_1_U35/dout_inferred__1/i___323_n_5
    SLICE_X38Y90         CARRY4 (Prop_carry4_CI_O[1])
                                                      0.323     6.342 r  design_1_i/pipelined_layer_proc_0/inst/grp_dataflow_parent_loop_proc_fu_232/dataflow_in_loop_Depth_Loop_U0/read_big_tile_U0/mul_27s_27s_27_1_1_U35/dout_inferred__1/i___324/O[1]
                         net (fo=2, routed)           0.652     6.995    design_1_i/pipelined_layer_proc_0/inst/grp_dataflow_parent_loop_proc_fu_232/dataflow_in_loop_Depth_Loop_U0/read_big_tile_U0/mul_27s_27s_27_1_1_U35/dout_inferred__1/i___324_n_11
    SLICE_X37Y91         LUT2 (Prop_lut2_I0_O)        0.306     7.301 r  design_1_i/pipelined_layer_proc_0/inst/grp_dataflow_parent_loop_proc_fu_232/dataflow_in_loop_Depth_Loop_U0/read_big_tile_U0/mul_27s_27s_27_1_1_U35/i___378_i_3__1/O
                         net (fo=1, routed)           0.000     7.301    design_1_i/pipelined_layer_proc_0/inst/grp_dataflow_parent_loop_proc_fu_232/dataflow_in_loop_Depth_Loop_U0/read_big_tile_U0/mul_27s_27s_27_1_1_U35/i___378_i_3__1_n_5
    SLICE_X37Y91         CARRY4 (Prop_carry4_S[1]_O[3])
                                                      0.640     7.941 r  design_1_i/pipelined_layer_proc_0/inst/grp_dataflow_parent_loop_proc_fu_232/dataflow_in_loop_Depth_Loop_U0/read_big_tile_U0/mul_27s_27s_27_1_1_U35/dout_inferred__1/i___378/O[3]
                         net (fo=2, routed)           0.817     8.757    design_1_i/pipelined_layer_proc_0/inst/grp_dataflow_parent_loop_proc_fu_232/dataflow_in_loop_Depth_Loop_U0/read_big_tile_U0/mul_27s_27s_27_1_1_U35/dout_inferred__1/i___378_n_9
    SLICE_X37Y101        LUT2 (Prop_lut2_I1_O)        0.300     9.057 r  design_1_i/pipelined_layer_proc_0/inst/grp_dataflow_parent_loop_proc_fu_232/dataflow_in_loop_Depth_Loop_U0/read_big_tile_U0/mul_27s_27s_27_1_1_U35/i___397_i_4__0/O
                         net (fo=2, routed)           0.725     9.782    design_1_i/pipelined_layer_proc_0/inst/grp_dataflow_parent_loop_proc_fu_232/dataflow_in_loop_Depth_Loop_U0/read_big_tile_U0/mul_27s_27s_27_1_1_U35/i___397_i_4__0_n_5
    SLICE_X36Y101        LUT3 (Prop_lut3_I0_O)        0.326    10.108 r  design_1_i/pipelined_layer_proc_0/inst/grp_dataflow_parent_loop_proc_fu_232/dataflow_in_loop_Depth_Loop_U0/read_big_tile_U0/mul_27s_27s_27_1_1_U35/i___397_i_8__0/O
                         net (fo=1, routed)           0.000    10.108    design_1_i/pipelined_layer_proc_0/inst/grp_dataflow_parent_loop_proc_fu_232/dataflow_in_loop_Depth_Loop_U0/read_big_tile_U0/mul_27s_27s_27_1_1_U35/i___397_i_8__0_n_5
    SLICE_X36Y101        CARRY4 (Prop_carry4_S[0]_CO[3])
                                                      0.513    10.621 r  design_1_i/pipelined_layer_proc_0/inst/grp_dataflow_parent_loop_proc_fu_232/dataflow_in_loop_Depth_Loop_U0/read_big_tile_U0/mul_27s_27s_27_1_1_U35/dout_inferred__1/i___397/CO[3]
                         net (fo=1, routed)           0.000    10.621    design_1_i/pipelined_layer_proc_0/inst/grp_dataflow_parent_loop_proc_fu_232/dataflow_in_loop_Depth_Loop_U0/read_big_tile_U0/mul_27s_27s_27_1_1_U35/dout_inferred__1/i___397_n_5
    SLICE_X36Y102        CARRY4 (Prop_carry4_CI_O[1])
                                                      0.323    10.944 r  design_1_i/pipelined_layer_proc_0/inst/grp_dataflow_parent_loop_proc_fu_232/dataflow_in_loop_Depth_Loop_U0/read_big_tile_U0/mul_27s_27s_27_1_1_U35/dout_inferred__1/i___398/O[1]
                         net (fo=1, routed)           0.455    11.399    design_1_i/pipelined_layer_proc_0/inst/grp_dataflow_parent_loop_proc_fu_232_n_67
    SLICE_X37Y104        CARRY4 (Prop_carry4_S[1]_CO[3])
                                                      0.856    12.255 r  design_1_i/pipelined_layer_proc_0/inst/mul_27s_27s_27_1_1_U35/mul_cast_i_reg_213_reg[15]_i_1/CO[3]
                         net (fo=1, routed)           0.000    12.255    design_1_i/pipelined_layer_proc_0/inst/mul_27s_27s_27_1_1_U35/mul_cast_i_reg_213_reg[15]_i_1_n_5
    SLICE_X37Y105        CARRY4 (Prop_carry4_CI_O[1])
                                                      0.334    12.589 r  design_1_i/pipelined_layer_proc_0/inst/mul_27s_27s_27_1_1_U35/mul_cast_i_reg_213_reg[19]_i_5/O[1]
                         net (fo=2, routed)           0.609    13.198    design_1_i/pipelined_layer_proc_0/inst/dataflow_in_loop_Depth_Loop_U0/read_big_tile_U0/PCIN[17]
    SLICE_X37Y108        LUT2 (Prop_lut2_I0_O)        0.303    13.501 r  design_1_i/pipelined_layer_proc_0/inst/mul_27s_27s_27_1_1_U35/mul_cast_i_reg_213[23]_i_10/O
                         net (fo=1, routed)           0.000    13.501    design_1_i/pipelined_layer_proc_0/inst/mul_27s_27s_27_1_1_U35/mul_cast_i_reg_213[23]_i_10_n_5
    SLICE_X37Y108        CARRY4 (Prop_carry4_S[0]_CO[3])
                                                      0.532    14.033 r  design_1_i/pipelined_layer_proc_0/inst/mul_27s_27s_27_1_1_U35/mul_cast_i_reg_213_reg[23]_i_2/CO[3]
                         net (fo=1, routed)           0.000    14.033    design_1_i/pipelined_layer_proc_0/inst/mul_27s_27s_27_1_1_U35/mul_cast_i_reg_213_reg[23]_i_2_n_5
    SLICE_X37Y109        CARRY4 (Prop_carry4_CI_O[1])
                                                      0.334    14.367 r  design_1_i/pipelined_layer_proc_0/inst/mul_27s_27s_27_1_1_U35/mul_cast_i_reg_213_reg[26]_i_3/O[1]
                         net (fo=2, routed)           0.450    14.817    design_1_i/pipelined_layer_proc_0/inst/mul_27s_27s_27_1_1_U35/mul_cast_i_reg_213_reg[26]_i_3_n_11
    SLICE_X38Y108        LUT2 (Prop_lut2_I0_O)        0.303    15.120 r  design_1_i/pipelined_layer_proc_0/inst/mul_27s_27s_27_1_1_U35/mul_cast_i_reg_213[23]_i_4/O
                         net (fo=1, routed)           0.000    15.120    design_1_i/pipelined_layer_proc_0/inst/mul_27s_27s_27_1_1_U35/mul_cast_i_reg_213[23]_i_4_n_5
    SLICE_X38Y108        CARRY4 (Prop_carry4_S[2]_CO[3])
                                                      0.380    15.500 r  design_1_i/pipelined_layer_proc_0/inst/mul_27s_27s_27_1_1_U35/mul_cast_i_reg_213_reg[23]_i_1/CO[3]
                         net (fo=1, routed)           0.000    15.500    design_1_i/pipelined_layer_proc_0/inst/grp_dataflow_parent_loop_proc_fu_232/dataflow_in_loop_Depth_Loop_U0/read_big_tile_U0/mul_27s_27s_27_1_1_U35/mul_cast_i_reg_213_reg[26][0]
    SLICE_X38Y109        CARRY4 (Prop_carry4_CI_O[1])
                                                      0.323    15.823 r  design_1_i/pipelined_layer_proc_0/inst/grp_dataflow_parent_loop_proc_fu_232/dataflow_in_loop_Depth_Loop_U0/read_big_tile_U0/mul_27s_27s_27_1_1_U35/mul_cast_i_reg_213_reg[26]_i_1/O[1]
                         net (fo=1, routed)           0.000    15.823    design_1_i/pipelined_layer_proc_0/inst/grp_dataflow_parent_loop_proc_fu_232/dataflow_in_loop_Depth_Loop_U0/read_big_tile_U0/mul_cast_i_fu_160_p2[25]
    SLICE_X38Y109        FDRE                                         r  design_1_i/pipelined_layer_proc_0/inst/grp_dataflow_parent_loop_proc_fu_232/dataflow_in_loop_Depth_Loop_U0/read_big_tile_U0/mul_cast_i_reg_213_reg[25]/D
  -------------------------------------------------------------------    -------------------

                         (clock clk_fpga_0 rise edge)
                                                     10.000    10.000 r  
    PS7_X0Y0             PS7                          0.000    10.000 r  design_1_i/processing_system7_0/inst/PS7_i/FCLKCLK[0]
                         net (fo=1, routed)           1.088    11.088    design_1_i/processing_system7_0/inst/FCLK_CLK_unbuffered[0]
    BUFGCTRL_X0Y16       BUFG (Prop_bufg_I_O)         0.091    11.179 r  design_1_i/processing_system7_0/inst/buffer_fclk_clk_0.FCLK_CLK_0_BUFG/O
                         net (fo=59464, routed)       1.651    12.830    design_1_i/pipelined_layer_proc_0/inst/grp_dataflow_parent_loop_proc_fu_232/dataflow_in_loop_Depth_Loop_U0/read_big_tile_U0/ap_clk
    SLICE_X38Y109        FDRE                                         r  design_1_i/pipelined_layer_proc_0/inst/grp_dataflow_parent_loop_proc_fu_232/dataflow_in_loop_Depth_Loop_U0/read_big_tile_U0/mul_cast_i_reg_213_reg[25]/C
                         clock pessimism              0.129    12.959    
                         clock uncertainty           -0.154    12.805    
    SLICE_X38Y109        FDRE (Setup_fdre_C_D)        0.109    12.914    design_1_i/pipelined_layer_proc_0/inst/grp_dataflow_parent_loop_proc_fu_232/dataflow_in_loop_Depth_Loop_U0/read_big_tile_U0/mul_cast_i_reg_213_reg[25]
  -------------------------------------------------------------------
                         required time                         12.914    
                         arrival time                         -15.823    
  -------------------------------------------------------------------
                         slack                                 -2.909    

Slack (VIOLATED) :        -2.899ns  (required time - arrival time)
  Source:                 design_1_i/pipelined_layer_proc_0/inst/trunc_ln130_reg_469_reg[7]/C
                            (rising edge-triggered cell FDRE clocked by clk_fpga_0  {rise@0.000ns fall@5.000ns period=10.000ns})
  Destination:            design_1_i/pipelined_layer_proc_0/inst/grp_dataflow_parent_loop_proc_fu_232/dataflow_in_loop_Depth_Loop_U0/read_big_tile_1_U0/mul_ln180_reg_155_reg[26]/D
                            (rising edge-triggered cell FDRE clocked by clk_fpga_0  {rise@0.000ns fall@5.000ns period=10.000ns})
  Path Group:             clk_fpga_0
  Path Type:              Setup (Max at Slow Process Corner)
  Requirement:            10.000ns  (clk_fpga_0 rise@10.000ns - clk_fpga_0 rise@0.000ns)
  Data Path Delay:        12.659ns  (logic 5.914ns (46.718%)  route 6.745ns (53.282%))
  Logic Levels:           14  (CARRY4=9 LUT2=1 LUT3=2 LUT6=2)
  Clock Path Skew:        -0.148ns (DCD - SCD + CPR)
    Destination Clock Delay (DCD):    2.830ns = ( 12.830 - 10.000 ) 
    Source Clock Delay      (SCD):    3.125ns
    Clock Pessimism Removal (CPR):    0.147ns
  Clock Uncertainty:      0.154ns  ((TSJ^2 + TIJ^2)^1/2 + DJ) / 2 + PE
    Total System Jitter     (TSJ):    0.071ns
    Total Input Jitter      (TIJ):    0.300ns
    Discrete Jitter          (DJ):    0.000ns
    Phase Error              (PE):    0.000ns

    Location             Delay type                Incr(ns)  Path(ns)    Netlist Resource(s)
  -------------------------------------------------------------------    -------------------
                         (clock clk_fpga_0 rise edge)
                                                      0.000     0.000 r  
    PS7_X0Y0             PS7                          0.000     0.000 r  design_1_i/processing_system7_0/inst/PS7_i/FCLKCLK[0]
                         net (fo=1, routed)           1.193     1.193    design_1_i/processing_system7_0/inst/FCLK_CLK_unbuffered[0]
    BUFGCTRL_X0Y16       BUFG (Prop_bufg_I_O)         0.101     1.294 r  design_1_i/processing_system7_0/inst/buffer_fclk_clk_0.FCLK_CLK_0_BUFG/O
                         net (fo=59464, routed)       1.831     3.125    design_1_i/pipelined_layer_proc_0/inst/ap_clk
    SLICE_X50Y103        FDRE                                         r  design_1_i/pipelined_layer_proc_0/inst/trunc_ln130_reg_469_reg[7]/C
  -------------------------------------------------------------------    -------------------
    SLICE_X50Y103        FDRE (Prop_fdre_C_Q)         0.518     3.643 r  design_1_i/pipelined_layer_proc_0/inst/trunc_ln130_reg_469_reg[7]/Q
                         net (fo=147, routed)         1.154     4.797    design_1_i/pipelined_layer_proc_0/inst/grp_dataflow_parent_loop_proc_fu_232/dataflow_in_loop_Depth_Loop_U0/read_big_tile_1_U0/mul_27s_27s_27_1_1_U61/trunc_ln130_reg_469[7]
    SLICE_X48Y107        LUT6 (Prop_lut6_I2_O)        0.124     4.921 r  design_1_i/pipelined_layer_proc_0/inst/grp_dataflow_parent_loop_proc_fu_232/dataflow_in_loop_Depth_Loop_U0/read_big_tile_1_U0/mul_27s_27s_27_1_1_U61/i___343_i_1__0/O
                         net (fo=2, routed)           0.833     5.754    design_1_i/pipelined_layer_proc_0/inst/grp_dataflow_parent_loop_proc_fu_232/dataflow_in_loop_Depth_Loop_U0/read_big_tile_1_U0/mul_27s_27s_27_1_1_U61/i___343_i_1__0_n_5
    SLICE_X51Y107        LUT6 (Prop_lut6_I0_O)        0.124     5.878 r  design_1_i/pipelined_layer_proc_0/inst/grp_dataflow_parent_loop_proc_fu_232/dataflow_in_loop_Depth_Loop_U0/read_big_tile_1_U0/mul_27s_27s_27_1_1_U61/i___343_i_5__0/O
                         net (fo=1, routed)           0.000     5.878    design_1_i/pipelined_layer_proc_0/inst/grp_dataflow_parent_loop_proc_fu_232/dataflow_in_loop_Depth_Loop_U0/read_big_tile_1_U0/mul_27s_27s_27_1_1_U61/i___343_i_5__0_n_5
    SLICE_X51Y107        CARRY4 (Prop_carry4_S[3]_CO[3])
                                                      0.401     6.279 r  design_1_i/pipelined_layer_proc_0/inst/grp_dataflow_parent_loop_proc_fu_232/dataflow_in_loop_Depth_Loop_U0/read_big_tile_1_U0/mul_27s_27s_27_1_1_U61/dout_inferred__1/i___343/CO[3]
                         net (fo=1, routed)           0.000     6.279    design_1_i/pipelined_layer_proc_0/inst/grp_dataflow_parent_loop_proc_fu_232/dataflow_in_loop_Depth_Loop_U0/read_big_tile_1_U0/mul_27s_27s_27_1_1_U61/dout_inferred__1/i___343_n_5
    SLICE_X51Y108        CARRY4 (Prop_carry4_CI_O[3])
                                                      0.313     6.592 r  design_1_i/pipelined_layer_proc_0/inst/grp_dataflow_parent_loop_proc_fu_232/dataflow_in_loop_Depth_Loop_U0/read_big_tile_1_U0/mul_27s_27s_27_1_1_U61/dout_inferred__1/i___344/O[3]
                         net (fo=3, routed)           0.969     7.562    design_1_i/pipelined_layer_proc_0/inst/grp_dataflow_parent_loop_proc_fu_232/dataflow_in_loop_Depth_Loop_U0/read_big_tile_1_U0/mul_27s_27s_27_1_1_U61/dout_inferred__1/i___344_n_9
    SLICE_X48Y105        LUT3 (Prop_lut3_I2_O)        0.306     7.868 r  design_1_i/pipelined_layer_proc_0/inst/grp_dataflow_parent_loop_proc_fu_232/dataflow_in_loop_Depth_Loop_U0/read_big_tile_1_U0/mul_27s_27s_27_1_1_U61/i___390_i_4/O
                         net (fo=1, routed)           0.470     8.338    design_1_i/pipelined_layer_proc_0/inst/grp_dataflow_parent_loop_proc_fu_232/dataflow_in_loop_Depth_Loop_U0/read_big_tile_1_U0/mul_27s_27s_27_1_1_U61/i___390_i_4_n_5
    SLICE_X49Y107        CARRY4 (Prop_carry4_DI[0]_O[3])
                                                      0.615     8.953 r  design_1_i/pipelined_layer_proc_0/inst/grp_dataflow_parent_loop_proc_fu_232/dataflow_in_loop_Depth_Loop_U0/read_big_tile_1_U0/mul_27s_27s_27_1_1_U61/dout_inferred__1/i___390/O[3]
                         net (fo=3, routed)           0.709     9.662    design_1_i/pipelined_layer_proc_0/inst/grp_dataflow_parent_loop_proc_fu_232/dataflow_in_loop_Depth_Loop_U0/read_big_tile_1_U0/mul_27s_27s_27_1_1_U61/dout_inferred__1/i___390_n_9
    SLICE_X46Y107        LUT3 (Prop_lut3_I0_O)        0.306     9.968 r  design_1_i/pipelined_layer_proc_0/inst/grp_dataflow_parent_loop_proc_fu_232/dataflow_in_loop_Depth_Loop_U0/read_big_tile_1_U0/mul_27s_27s_27_1_1_U61/i___400_i_4/O
                         net (fo=1, routed)           0.676    10.644    design_1_i/pipelined_layer_proc_0/inst/grp_dataflow_parent_loop_proc_fu_232/dataflow_in_loop_Depth_Loop_U0/read_big_tile_1_U0/mul_27s_27s_27_1_1_U61/i___400_i_4_n_5
    SLICE_X46Y104        CARRY4 (Prop_carry4_DI[0]_O[3])
                                                      0.642    11.286 r  design_1_i/pipelined_layer_proc_0/inst/grp_dataflow_parent_loop_proc_fu_232/dataflow_in_loop_Depth_Loop_U0/read_big_tile_1_U0/mul_27s_27s_27_1_1_U61/dout_inferred__1/i___400/O[3]
                         net (fo=1, routed)           0.762    12.048    design_1_i/pipelined_layer_proc_0/inst/grp_dataflow_parent_loop_proc_fu_232_n_34
    SLICE_X45Y100        CARRY4 (Prop_carry4_S[3]_CO[3])
                                                      0.708    12.756 r  design_1_i/pipelined_layer_proc_0/inst/mul_27s_27s_27_1_1_U61/mul_ln180_reg_155_reg[26]_i_10/CO[3]
                         net (fo=1, routed)           0.000    12.756    design_1_i/pipelined_layer_proc_0/inst/grp_dataflow_parent_loop_proc_fu_232/dataflow_in_loop_Depth_Loop_U0/read_big_tile_1_U0/mul_27s_27s_27_1_1_U61/mul_27s_27s_27_1_1_U61/mul_ln180_reg_155_reg[26]_i_3[0]
    SLICE_X45Y101        CARRY4 (Prop_carry4_CI_O[0])
                                                      0.223    12.979 r  design_1_i/pipelined_layer_proc_0/inst/grp_dataflow_parent_loop_proc_fu_232/dataflow_in_loop_Depth_Loop_U0/read_big_tile_1_U0/mul_27s_27s_27_1_1_U61/mul_ln180_reg_155_reg[26]_i_7/O[0]
                         net (fo=2, routed)           0.627    13.606    design_1_i/pipelined_layer_proc_0/inst/dataflow_in_loop_Depth_Loop_U0/read_big_tile_1_U0/PCIN[24]
    SLICE_X44Y108        LUT2 (Prop_lut2_I0_O)        0.299    13.905 r  design_1_i/pipelined_layer_proc_0/inst/mul_27s_27s_27_1_1_U61/mul_ln180_reg_155[26]_i_11/O
                         net (fo=1, routed)           0.000    13.905    design_1_i/pipelined_layer_proc_0/inst/mul_27s_27s_27_1_1_U61/mul_ln180_reg_155[26]_i_11_n_5
    SLICE_X44Y108        CARRY4 (Prop_carry4_S[3]_CO[3])
                                                      0.401    14.306 r  design_1_i/pipelined_layer_proc_0/inst/mul_27s_27s_27_1_1_U61/mul_ln180_reg_155_reg[26]_i_3/CO[3]
                         net (fo=1, routed)           0.000    14.306    design_1_i/pipelined_layer_proc_0/inst/grp_dataflow_parent_loop_proc_fu_232/dataflow_in_loop_Depth_Loop_U0/read_big_tile_1_U0/mul_27s_27s_27_1_1_U61/mul_ln180_reg_155_reg[26]_1[0]
    SLICE_X44Y109        CARRY4 (Prop_carry4_CI_O[0])
                                                      0.222    14.528 r  design_1_i/pipelined_layer_proc_0/inst/grp_dataflow_parent_loop_proc_fu_232/dataflow_in_loop_Depth_Loop_U0/read_big_tile_1_U0/mul_27s_27s_27_1_1_U61/mul_ln180_reg_155_reg[26]_i_2/O[0]
                         net (fo=2, routed)           0.544    15.072    design_1_i/pipelined_layer_proc_0/inst/grp_dataflow_parent_loop_proc_fu_232/dataflow_in_loop_Depth_Loop_U0/read_big_tile_1_U0/mul_27s_27s_27_1_1_U61/mul_ln180_reg_155_reg[26]_i_2_n_12
    SLICE_X41Y109        CARRY4 (Prop_carry4_DI[1]_O[2])
                                                      0.712    15.784 r  design_1_i/pipelined_layer_proc_0/inst/grp_dataflow_parent_loop_proc_fu_232/dataflow_in_loop_Depth_Loop_U0/read_big_tile_1_U0/mul_27s_27s_27_1_1_U61/mul_ln180_reg_155_reg[26]_i_1/O[2]
                         net (fo=1, routed)           0.000    15.784    design_1_i/pipelined_layer_proc_0/inst/grp_dataflow_parent_loop_proc_fu_232/dataflow_in_loop_Depth_Loop_U0/read_big_tile_1_U0/mul_ln180_fu_102_p2[26]
    SLICE_X41Y109        FDRE                                         r  design_1_i/pipelined_layer_proc_0/inst/grp_dataflow_parent_loop_proc_fu_232/dataflow_in_loop_Depth_Loop_U0/read_big_tile_1_U0/mul_ln180_reg_155_reg[26]/D
  -------------------------------------------------------------------    -------------------

                         (clock clk_fpga_0 rise edge)
                                                     10.000    10.000 r  
    PS7_X0Y0             PS7                          0.000    10.000 r  design_1_i/processing_system7_0/inst/PS7_i/FCLKCLK[0]
                         net (fo=1, routed)           1.088    11.088    design_1_i/processing_system7_0/inst/FCLK_CLK_unbuffered[0]
    BUFGCTRL_X0Y16       BUFG (Prop_bufg_I_O)         0.091    11.179 r  design_1_i/processing_system7_0/inst/buffer_fclk_clk_0.FCLK_CLK_0_BUFG/O
                         net (fo=59464, routed)       1.651    12.830    design_1_i/pipelined_layer_proc_0/inst/grp_dataflow_parent_loop_proc_fu_232/dataflow_in_loop_Depth_Loop_U0/read_big_tile_1_U0/ap_clk
    SLICE_X41Y109        FDRE                                         r  design_1_i/pipelined_layer_proc_0/inst/grp_dataflow_parent_loop_proc_fu_232/dataflow_in_loop_Depth_Loop_U0/read_big_tile_1_U0/mul_ln180_reg_155_reg[26]/C
                         clock pessimism              0.147    12.977    
                         clock uncertainty           -0.154    12.823    
    SLICE_X41Y109        FDRE (Setup_fdre_C_D)        0.062    12.885    design_1_i/pipelined_layer_proc_0/inst/grp_dataflow_parent_loop_proc_fu_232/dataflow_in_loop_Depth_Loop_U0/read_big_tile_1_U0/mul_ln180_reg_155_reg[26]
  -------------------------------------------------------------------
                         required time                         12.885    
                         arrival time                         -15.784    
  -------------------------------------------------------------------
                         slack                                 -2.899    

Slack (VIOLATED) :        -2.838ns  (required time - arrival time)
  Source:                 design_1_i/pipelined_layer_proc_0/inst/num_row_tiles_read_reg_449_reg[2]/C
                            (rising edge-triggered cell FDRE clocked by clk_fpga_0  {rise@0.000ns fall@5.000ns period=10.000ns})
  Destination:            design_1_i/pipelined_layer_proc_0/inst/mul_32ns_32ns_64_2_1_U1812/dout_reg[46]/D
                            (rising edge-triggered cell FDRE clocked by clk_fpga_0  {rise@0.000ns fall@5.000ns period=10.000ns})
  Path Group:             clk_fpga_0
  Path Type:              Setup (Max at Slow Process Corner)
  Requirement:            10.000ns  (clk_fpga_0 rise@10.000ns - clk_fpga_0 rise@0.000ns)
  Data Path Delay:        12.748ns  (logic 7.026ns (55.114%)  route 5.722ns (44.886%))
  Logic Levels:           23  (CARRY4=18 LUT2=1 LUT4=1 LUT6=3)
  Clock Path Skew:        0.002ns (DCD - SCD + CPR)
    Destination Clock Delay (DCD):    2.818ns = ( 12.818 - 10.000 ) 
    Source Clock Delay      (SCD):    2.945ns
    Clock Pessimism Removal (CPR):    0.129ns
  Clock Uncertainty:      0.154ns  ((TSJ^2 + TIJ^2)^1/2 + DJ) / 2 + PE
    Total System Jitter     (TSJ):    0.071ns
    Total Input Jitter      (TIJ):    0.300ns
    Discrete Jitter          (DJ):    0.000ns
    Phase Error              (PE):    0.000ns

    Location             Delay type                Incr(ns)  Path(ns)    Netlist Resource(s)
  -------------------------------------------------------------------    -------------------
                         (clock clk_fpga_0 rise edge)
                                                      0.000     0.000 r  
    PS7_X0Y0             PS7                          0.000     0.000 r  design_1_i/processing_system7_0/inst/PS7_i/FCLKCLK[0]
                         net (fo=1, routed)           1.193     1.193    design_1_i/processing_system7_0/inst/FCLK_CLK_unbuffered[0]
    BUFGCTRL_X0Y16       BUFG (Prop_bufg_I_O)         0.101     1.294 r  design_1_i/processing_system7_0/inst/buffer_fclk_clk_0.FCLK_CLK_0_BUFG/O
                         net (fo=59464, routed)       1.651     2.945    design_1_i/pipelined_layer_proc_0/inst/ap_clk
    SLICE_X46Y96         FDRE                                         r  design_1_i/pipelined_layer_proc_0/inst/num_row_tiles_read_reg_449_reg[2]/C
  -------------------------------------------------------------------    -------------------
    SLICE_X46Y96         FDRE (Prop_fdre_C_Q)         0.518     3.463 r  design_1_i/pipelined_layer_proc_0/inst/num_row_tiles_read_reg_449_reg[2]/Q
                         net (fo=65, routed)          1.459     4.922    design_1_i/pipelined_layer_proc_0/inst/mul_32ns_32ns_64_2_1_U1812/Q[2]
    SLICE_X54Y104        LUT6 (Prop_lut6_I1_O)        0.124     5.046 r  design_1_i/pipelined_layer_proc_0/inst/mul_32ns_32ns_64_2_1_U1812/i___319_i_1/O
                         net (fo=2, routed)           0.695     5.742    design_1_i/pipelined_layer_proc_0/inst/mul_32ns_32ns_64_2_1_U1812/i___319_i_1_n_5
    SLICE_X55Y106        LUT6 (Prop_lut6_I0_O)        0.124     5.866 r  design_1_i/pipelined_layer_proc_0/inst/mul_32ns_32ns_64_2_1_U1812/i___319_i_5/O
                         net (fo=1, routed)           0.000     5.866    design_1_i/pipelined_layer_proc_0/inst/mul_32ns_32ns_64_2_1_U1812/i___319_i_5_n_5
    SLICE_X55Y106        CARRY4 (Prop_carry4_S[3]_CO[3])
                                                      0.401     6.267 r  design_1_i/pipelined_layer_proc_0/inst/mul_32ns_32ns_64_2_1_U1812/tmp_product_inferred__4/i___319/CO[3]
                         net (fo=1, routed)           0.000     6.267    design_1_i/pipelined_layer_proc_0/inst/mul_32ns_32ns_64_2_1_U1812/tmp_product_inferred__4/i___319_n_5
    SLICE_X55Y107        CARRY4 (Prop_carry4_CI_CO[3])
                                                      0.114     6.381 r  design_1_i/pipelined_layer_proc_0/inst/mul_32ns_32ns_64_2_1_U1812/tmp_product_inferred__4/i___320/CO[3]
                         net (fo=1, routed)           0.000     6.381    design_1_i/pipelined_layer_proc_0/inst/mul_32ns_32ns_64_2_1_U1812/tmp_product_inferred__4/i___320_n_5
    SLICE_X55Y108        CARRY4 (Prop_carry4_CI_CO[3])
                                                      0.114     6.495 r  design_1_i/pipelined_layer_proc_0/inst/mul_32ns_32ns_64_2_1_U1812/tmp_product_inferred__4/i___321/CO[3]
                         net (fo=1, routed)           0.000     6.495    design_1_i/pipelined_layer_proc_0/inst/mul_32ns_32ns_64_2_1_U1812/tmp_product_inferred__4/i___321_n_5
    SLICE_X55Y109        CARRY4 (Prop_carry4_CI_CO[3])
                                                      0.114     6.609 r  design_1_i/pipelined_layer_proc_0/inst/mul_32ns_32ns_64_2_1_U1812/tmp_product_inferred__4/i___322/CO[3]
                         net (fo=1, routed)           0.000     6.609    design_1_i/pipelined_layer_proc_0/inst/mul_32ns_32ns_64_2_1_U1812/tmp_product_inferred__4/i___322_n_5
    SLICE_X55Y110        CARRY4 (Prop_carry4_CI_O[1])
                                                      0.334     6.943 r  design_1_i/pipelined_layer_proc_0/inst/mul_32ns_32ns_64_2_1_U1812/tmp_product_inferred__4/i___323/O[1]
                         net (fo=3, routed)           1.130     8.073    design_1_i/pipelined_layer_proc_0/inst/mul_32ns_32ns_64_2_1_U1812/tmp_product_inferred__4/i___323_n_11
    SLICE_X56Y108        LUT6 (Prop_lut6_I5_O)        0.303     8.376 r  design_1_i/pipelined_layer_proc_0/inst/mul_32ns_32ns_64_2_1_U1812/i___373_i_7/O
                         net (fo=1, routed)           0.000     8.376    design_1_i/pipelined_layer_proc_0/inst/mul_32ns_32ns_64_2_1_U1812/i___373_i_7_n_5
    SLICE_X56Y108        CARRY4 (Prop_carry4_S[1]_CO[3])
                                                      0.550     8.926 r  design_1_i/pipelined_layer_proc_0/inst/mul_32ns_32ns_64_2_1_U1812/tmp_product_inferred__4/i___373/CO[3]
                         net (fo=1, routed)           0.000     8.926    design_1_i/pipelined_layer_proc_0/inst/mul_32ns_32ns_64_2_1_U1812/tmp_product_inferred__4/i___373_n_5
    SLICE_X56Y109        CARRY4 (Prop_carry4_CI_O[1])
                                                      0.334     9.260 r  design_1_i/pipelined_layer_proc_0/inst/mul_32ns_32ns_64_2_1_U1812/tmp_product_inferred__4/i___374/O[1]
                         net (fo=3, routed)           1.139    10.398    design_1_i/pipelined_layer_proc_0/inst/mul_32ns_32ns_64_2_1_U1812/tmp_product_inferred__4/i___374_n_11
    SLICE_X55Y99         LUT4 (Prop_lut4_I2_O)        0.303    10.701 r  design_1_i/pipelined_layer_proc_0/inst/mul_32ns_32ns_64_2_1_U1812/i___384_i_7/O
                         net (fo=1, routed)           0.000    10.701    design_1_i/pipelined_layer_proc_0/inst/mul_32ns_32ns_64_2_1_U1812/i___384_i_7_n_5
    SLICE_X55Y99         CARRY4 (Prop_carry4_S[1]_CO[3])
                                                      0.550    11.251 r  design_1_i/pipelined_layer_proc_0/inst/mul_32ns_32ns_64_2_1_U1812/tmp_product_inferred__4/i___384/CO[3]
                         net (fo=1, routed)           0.001    11.252    design_1_i/pipelined_layer_proc_0/inst/mul_32ns_32ns_64_2_1_U1812/tmp_product_inferred__4/i___384_n_5
    SLICE_X55Y100        CARRY4 (Prop_carry4_CI_CO[3])
                                                      0.114    11.366 r  design_1_i/pipelined_layer_proc_0/inst/mul_32ns_32ns_64_2_1_U1812/tmp_product_inferred__4/i___385/CO[3]
                         net (fo=1, routed)           0.000    11.366    design_1_i/pipelined_layer_proc_0/inst/mul_32ns_32ns_64_2_1_U1812/tmp_product_inferred__4/i___385_n_5
    SLICE_X55Y101        CARRY4 (Prop_carry4_CI_O[1])
                                                      0.334    11.700 r  design_1_i/pipelined_layer_proc_0/inst/mul_32ns_32ns_64_2_1_U1812/tmp_product_inferred__4/i___386/O[1]
                         net (fo=11, routed)          0.667    12.367    design_1_i/pipelined_layer_proc_0/inst/mul_32ns_32ns_64_2_1_U1812/tmp_product_inferred__4/i___386_n_11
    SLICE_X54Y101        CARRY4 (Prop_carry4_S[1]_CO[3])
                                                      0.836    13.203 r  design_1_i/pipelined_layer_proc_0/inst/mul_32ns_32ns_64_2_1_U1812/i___39_i_1/CO[3]
                         net (fo=1, routed)           0.000    13.203    design_1_i/pipelined_layer_proc_0/inst/mul_32ns_32ns_64_2_1_U1812/i___39_i_1_n_5
    SLICE_X54Y102        CARRY4 (Prop_carry4_CI_CO[3])
                                                      0.117    13.320 r  design_1_i/pipelined_layer_proc_0/inst/mul_32ns_32ns_64_2_1_U1812/i___40_i_1/CO[3]
                         net (fo=1, routed)           0.000    13.320    design_1_i/pipelined_layer_proc_0/inst/mul_32ns_32ns_64_2_1_U1812/i___40_i_1_n_5
    SLICE_X54Y103        CARRY4 (Prop_carry4_CI_O[1])
                                                      0.323    13.643 r  design_1_i/pipelined_layer_proc_0/inst/mul_32ns_32ns_64_2_1_U1812/i___41_i_1/O[1]
                         net (fo=2, routed)           0.631    14.274    design_1_i/pipelined_layer_proc_0/inst/mul_32ns_32ns_64_2_1_U1812/PCIN__0[45]
    SLICE_X53Y103        LUT2 (Prop_lut2_I0_O)        0.306    14.580 r  design_1_i/pipelined_layer_proc_0/inst/mul_32ns_32ns_64_2_1_U1812/i___42_i_5/O
                         net (fo=1, routed)           0.000    14.580    design_1_i/pipelined_layer_proc_0/inst/mul_32ns_32ns_64_2_1_U1812/i___42_i_5_n_5
    SLICE_X53Y103        CARRY4 (Prop_carry4_S[0]_CO[3])
                                                      0.532    15.112 r  design_1_i/pipelined_layer_proc_0/inst/mul_32ns_32ns_64_2_1_U1812/tmp_product_inferred__7/i___42/CO[3]
                         net (fo=1, routed)           0.000    15.112    design_1_i/pipelined_layer_proc_0/inst/mul_32ns_32ns_64_2_1_U1812/tmp_product_inferred__7/i___42_n_5
    SLICE_X53Y104        CARRY4 (Prop_carry4_CI_CO[3])
                                                      0.114    15.226 r  design_1_i/pipelined_layer_proc_0/inst/mul_32ns_32ns_64_2_1_U1812/tmp_product_inferred__7/i___43/CO[3]
                         net (fo=1, routed)           0.000    15.226    design_1_i/pipelined_layer_proc_0/inst/mul_32ns_32ns_64_2_1_U1812/tmp_product_inferred__7/i___43_n_5
    SLICE_X53Y105        CARRY4 (Prop_carry4_CI_CO[3])
                                                      0.114    15.340 r  design_1_i/pipelined_layer_proc_0/inst/mul_32ns_32ns_64_2_1_U1812/tmp_product_inferred__7/i___44/CO[3]
                         net (fo=1, routed)           0.000    15.340    design_1_i/pipelined_layer_proc_0/inst/mul_32ns_32ns_64_2_1_U1812/tmp_product_inferred__7/i___44_n_5
    SLICE_X53Y106        CARRY4 (Prop_carry4_CI_CO[3])
                                                      0.114    15.454 r  design_1_i/pipelined_layer_proc_0/inst/mul_32ns_32ns_64_2_1_U1812/tmp_product_inferred__7/i___45/CO[3]
                         net (fo=1, routed)           0.000    15.454    design_1_i/pipelined_layer_proc_0/inst/mul_32ns_32ns_64_2_1_U1812/tmp_product_inferred__7/i___45_n_5
    SLICE_X53Y107        CARRY4 (Prop_carry4_CI_O[2])
                                                      0.239    15.693 r  design_1_i/pipelined_layer_proc_0/inst/mul_32ns_32ns_64_2_1_U1812/tmp_product_inferred__7/i___46/O[2]
                         net (fo=1, routed)           0.000    15.693    design_1_i/pipelined_layer_proc_0/inst/mul_32ns_32ns_64_2_1_U1812/tmp_product_inferred__7/i___46_n_10
    SLICE_X53Y107        FDRE                                         r  design_1_i/pipelined_layer_proc_0/inst/mul_32ns_32ns_64_2_1_U1812/dout_reg[46]/D
  -------------------------------------------------------------------    -------------------

                         (clock clk_fpga_0 rise edge)
                                                     10.000    10.000 r  
    PS7_X0Y0             PS7                          0.000    10.000 r  design_1_i/processing_system7_0/inst/PS7_i/FCLKCLK[0]
                         net (fo=1, routed)           1.088    11.088    design_1_i/processing_system7_0/inst/FCLK_CLK_unbuffered[0]
    BUFGCTRL_X0Y16       BUFG (Prop_bufg_I_O)         0.091    11.179 r  design_1_i/processing_system7_0/inst/buffer_fclk_clk_0.FCLK_CLK_0_BUFG/O
                         net (fo=59464, routed)       1.639    12.818    design_1_i/pipelined_layer_proc_0/inst/mul_32ns_32ns_64_2_1_U1812/ap_clk
    SLICE_X53Y107        FDRE                                         r  design_1_i/pipelined_layer_proc_0/inst/mul_32ns_32ns_64_2_1_U1812/dout_reg[46]/C
                         clock pessimism              0.129    12.947    
                         clock uncertainty           -0.154    12.793    
    SLICE_X53Y107        FDRE (Setup_fdre_C_D)        0.062    12.855    design_1_i/pipelined_layer_proc_0/inst/mul_32ns_32ns_64_2_1_U1812/dout_reg[46]
  -------------------------------------------------------------------
                         required time                         12.855    
                         arrival time                         -15.693    
  -------------------------------------------------------------------
                         slack                                 -2.838    

Slack (VIOLATED) :        -2.825ns  (required time - arrival time)
  Source:                 design_1_i/pipelined_layer_proc_0/inst/trunc_ln167_reg_506_reg[2]/C
                            (rising edge-triggered cell FDRE clocked by clk_fpga_0  {rise@0.000ns fall@5.000ns period=10.000ns})
  Destination:            design_1_i/pipelined_layer_proc_0/inst/grp_dataflow_parent_loop_proc_fu_232/dataflow_in_loop_Depth_Loop_U0/read_big_tile_U0/mul_cast_i_reg_213_reg[26]/D
                            (rising edge-triggered cell FDRE clocked by clk_fpga_0  {rise@0.000ns fall@5.000ns period=10.000ns})
  Path Group:             clk_fpga_0
  Path Type:              Setup (Max at Slow Process Corner)
  Requirement:            10.000ns  (clk_fpga_0 rise@10.000ns - clk_fpga_0 rise@0.000ns)
  Data Path Delay:        12.792ns  (logic 7.050ns (55.114%)  route 5.742ns (44.886%))
  Logic Levels:           17  (CARRY4=11 LUT2=4 LUT3=1 LUT6=1)
  Clock Path Skew:        0.012ns (DCD - SCD + CPR)
    Destination Clock Delay (DCD):    2.830ns = ( 12.830 - 10.000 ) 
    Source Clock Delay      (SCD):    2.947ns
    Clock Pessimism Removal (CPR):    0.129ns
  Clock Uncertainty:      0.154ns  ((TSJ^2 + TIJ^2)^1/2 + DJ) / 2 + PE
    Total System Jitter     (TSJ):    0.071ns
    Total Input Jitter      (TIJ):    0.300ns
    Discrete Jitter          (DJ):    0.000ns
    Phase Error              (PE):    0.000ns

    Location             Delay type                Incr(ns)  Path(ns)    Netlist Resource(s)
  -------------------------------------------------------------------    -------------------
                         (clock clk_fpga_0 rise edge)
                                                      0.000     0.000 r  
    PS7_X0Y0             PS7                          0.000     0.000 r  design_1_i/processing_system7_0/inst/PS7_i/FCLKCLK[0]
                         net (fo=1, routed)           1.193     1.193    design_1_i/processing_system7_0/inst/FCLK_CLK_unbuffered[0]
    BUFGCTRL_X0Y16       BUFG (Prop_bufg_I_O)         0.101     1.294 r  design_1_i/processing_system7_0/inst/buffer_fclk_clk_0.FCLK_CLK_0_BUFG/O
                         net (fo=59464, routed)       1.653     2.947    design_1_i/pipelined_layer_proc_0/inst/ap_clk
    SLICE_X38Y99         FDRE                                         r  design_1_i/pipelined_layer_proc_0/inst/trunc_ln167_reg_506_reg[2]/C
  -------------------------------------------------------------------    -------------------
    SLICE_X38Y99         FDRE (Prop_fdre_C_Q)         0.518     3.465 r  design_1_i/pipelined_layer_proc_0/inst/trunc_ln167_reg_506_reg[2]/Q
                         net (fo=104, routed)         1.393     4.858    design_1_i/pipelined_layer_proc_0/inst/grp_dataflow_parent_loop_proc_fu_232/dataflow_in_loop_Depth_Loop_U0/read_big_tile_U0/mul_27s_27s_27_1_1_U35/trunc_ln167_reg_506__0[1]
    SLICE_X39Y90         LUT6 (Prop_lut6_I1_O)        0.124     4.982 r  design_1_i/pipelined_layer_proc_0/inst/grp_dataflow_parent_loop_proc_fu_232/dataflow_in_loop_Depth_Loop_U0/read_big_tile_U0/mul_27s_27s_27_1_1_U35/i___323_i_1__1/O
                         net (fo=1, routed)           0.641     5.623    design_1_i/pipelined_layer_proc_0/inst/grp_dataflow_parent_loop_proc_fu_232/dataflow_in_loop_Depth_Loop_U0/read_big_tile_U0/mul_27s_27s_27_1_1_U35/i___323_i_1__1_n_5
    SLICE_X38Y89         CARRY4 (Prop_carry4_DI[3]_CO[3])
                                                      0.396     6.019 r  design_1_i/pipelined_layer_proc_0/inst/grp_dataflow_parent_loop_proc_fu_232/dataflow_in_loop_Depth_Loop_U0/read_big_tile_U0/mul_27s_27s_27_1_1_U35/dout_inferred__1/i___323/CO[3]
                         net (fo=1, routed)           0.000     6.019    design_1_i/pipelined_layer_proc_0/inst/grp_dataflow_parent_loop_proc_fu_232/dataflow_in_loop_Depth_Loop_U0/read_big_tile_U0/mul_27s_27s_27_1_1_U35/dout_inferred__1/i___323_n_5
    SLICE_X38Y90         CARRY4 (Prop_carry4_CI_O[1])
                                                      0.323     6.342 r  design_1_i/pipelined_layer_proc_0/inst/grp_dataflow_parent_loop_proc_fu_232/dataflow_in_loop_Depth_Loop_U0/read_big_tile_U0/mul_27s_27s_27_1_1_U35/dout_inferred__1/i___324/O[1]
                         net (fo=2, routed)           0.652     6.995    design_1_i/pipelined_layer_proc_0/inst/grp_dataflow_parent_loop_proc_fu_232/dataflow_in_loop_Depth_Loop_U0/read_big_tile_U0/mul_27s_27s_27_1_1_U35/dout_inferred__1/i___324_n_11
    SLICE_X37Y91         LUT2 (Prop_lut2_I0_O)        0.306     7.301 r  design_1_i/pipelined_layer_proc_0/inst/grp_dataflow_parent_loop_proc_fu_232/dataflow_in_loop_Depth_Loop_U0/read_big_tile_U0/mul_27s_27s_27_1_1_U35/i___378_i_3__1/O
                         net (fo=1, routed)           0.000     7.301    design_1_i/pipelined_layer_proc_0/inst/grp_dataflow_parent_loop_proc_fu_232/dataflow_in_loop_Depth_Loop_U0/read_big_tile_U0/mul_27s_27s_27_1_1_U35/i___378_i_3__1_n_5
    SLICE_X37Y91         CARRY4 (Prop_carry4_S[1]_O[3])
                                                      0.640     7.941 r  design_1_i/pipelined_layer_proc_0/inst/grp_dataflow_parent_loop_proc_fu_232/dataflow_in_loop_Depth_Loop_U0/read_big_tile_U0/mul_27s_27s_27_1_1_U35/dout_inferred__1/i___378/O[3]
                         net (fo=2, routed)           0.817     8.757    design_1_i/pipelined_layer_proc_0/inst/grp_dataflow_parent_loop_proc_fu_232/dataflow_in_loop_Depth_Loop_U0/read_big_tile_U0/mul_27s_27s_27_1_1_U35/dout_inferred__1/i___378_n_9
    SLICE_X37Y101        LUT2 (Prop_lut2_I1_O)        0.300     9.057 r  design_1_i/pipelined_layer_proc_0/inst/grp_dataflow_parent_loop_proc_fu_232/dataflow_in_loop_Depth_Loop_U0/read_big_tile_U0/mul_27s_27s_27_1_1_U35/i___397_i_4__0/O
                         net (fo=2, routed)           0.725     9.782    design_1_i/pipelined_layer_proc_0/inst/grp_dataflow_parent_loop_proc_fu_232/dataflow_in_loop_Depth_Loop_U0/read_big_tile_U0/mul_27s_27s_27_1_1_U35/i___397_i_4__0_n_5
    SLICE_X36Y101        LUT3 (Prop_lut3_I0_O)        0.326    10.108 r  design_1_i/pipelined_layer_proc_0/inst/grp_dataflow_parent_loop_proc_fu_232/dataflow_in_loop_Depth_Loop_U0/read_big_tile_U0/mul_27s_27s_27_1_1_U35/i___397_i_8__0/O
                         net (fo=1, routed)           0.000    10.108    design_1_i/pipelined_layer_proc_0/inst/grp_dataflow_parent_loop_proc_fu_232/dataflow_in_loop_Depth_Loop_U0/read_big_tile_U0/mul_27s_27s_27_1_1_U35/i___397_i_8__0_n_5
    SLICE_X36Y101        CARRY4 (Prop_carry4_S[0]_CO[3])
                                                      0.513    10.621 r  design_1_i/pipelined_layer_proc_0/inst/grp_dataflow_parent_loop_proc_fu_232/dataflow_in_loop_Depth_Loop_U0/read_big_tile_U0/mul_27s_27s_27_1_1_U35/dout_inferred__1/i___397/CO[3]
                         net (fo=1, routed)           0.000    10.621    design_1_i/pipelined_layer_proc_0/inst/grp_dataflow_parent_loop_proc_fu_232/dataflow_in_loop_Depth_Loop_U0/read_big_tile_U0/mul_27s_27s_27_1_1_U35/dout_inferred__1/i___397_n_5
    SLICE_X36Y102        CARRY4 (Prop_carry4_CI_O[1])
                                                      0.323    10.944 r  design_1_i/pipelined_layer_proc_0/inst/grp_dataflow_parent_loop_proc_fu_232/dataflow_in_loop_Depth_Loop_U0/read_big_tile_U0/mul_27s_27s_27_1_1_U35/dout_inferred__1/i___398/O[1]
                         net (fo=1, routed)           0.455    11.399    design_1_i/pipelined_layer_proc_0/inst/grp_dataflow_parent_loop_proc_fu_232_n_67
    SLICE_X37Y104        CARRY4 (Prop_carry4_S[1]_CO[3])
                                                      0.856    12.255 r  design_1_i/pipelined_layer_proc_0/inst/mul_27s_27s_27_1_1_U35/mul_cast_i_reg_213_reg[15]_i_1/CO[3]
                         net (fo=1, routed)           0.000    12.255    design_1_i/pipelined_layer_proc_0/inst/mul_27s_27s_27_1_1_U35/mul_cast_i_reg_213_reg[15]_i_1_n_5
    SLICE_X37Y105        CARRY4 (Prop_carry4_CI_O[1])
                                                      0.334    12.589 r  design_1_i/pipelined_layer_proc_0/inst/mul_27s_27s_27_1_1_U35/mul_cast_i_reg_213_reg[19]_i_5/O[1]
                         net (fo=2, routed)           0.609    13.198    design_1_i/pipelined_layer_proc_0/inst/dataflow_in_loop_Depth_Loop_U0/read_big_tile_U0/PCIN[17]
    SLICE_X37Y108        LUT2 (Prop_lut2_I0_O)        0.303    13.501 r  design_1_i/pipelined_layer_proc_0/inst/mul_27s_27s_27_1_1_U35/mul_cast_i_reg_213[23]_i_10/O
                         net (fo=1, routed)           0.000    13.501    design_1_i/pipelined_layer_proc_0/inst/mul_27s_27s_27_1_1_U35/mul_cast_i_reg_213[23]_i_10_n_5
    SLICE_X37Y108        CARRY4 (Prop_carry4_S[0]_CO[3])
                                                      0.532    14.033 r  design_1_i/pipelined_layer_proc_0/inst/mul_27s_27s_27_1_1_U35/mul_cast_i_reg_213_reg[23]_i_2/CO[3]
                         net (fo=1, routed)           0.000    14.033    design_1_i/pipelined_layer_proc_0/inst/mul_27s_27s_27_1_1_U35/mul_cast_i_reg_213_reg[23]_i_2_n_5
    SLICE_X37Y109        CARRY4 (Prop_carry4_CI_O[1])
                                                      0.334    14.367 r  design_1_i/pipelined_layer_proc_0/inst/mul_27s_27s_27_1_1_U35/mul_cast_i_reg_213_reg[26]_i_3/O[1]
                         net (fo=2, routed)           0.450    14.817    design_1_i/pipelined_layer_proc_0/inst/mul_27s_27s_27_1_1_U35/mul_cast_i_reg_213_reg[26]_i_3_n_11
    SLICE_X38Y108        LUT2 (Prop_lut2_I0_O)        0.303    15.120 r  design_1_i/pipelined_layer_proc_0/inst/mul_27s_27s_27_1_1_U35/mul_cast_i_reg_213[23]_i_4/O
                         net (fo=1, routed)           0.000    15.120    design_1_i/pipelined_layer_proc_0/inst/mul_27s_27s_27_1_1_U35/mul_cast_i_reg_213[23]_i_4_n_5
    SLICE_X38Y108        CARRY4 (Prop_carry4_S[2]_CO[3])
                                                      0.380    15.500 r  design_1_i/pipelined_layer_proc_0/inst/mul_27s_27s_27_1_1_U35/mul_cast_i_reg_213_reg[23]_i_1/CO[3]
                         net (fo=1, routed)           0.000    15.500    design_1_i/pipelined_layer_proc_0/inst/grp_dataflow_parent_loop_proc_fu_232/dataflow_in_loop_Depth_Loop_U0/read_big_tile_U0/mul_27s_27s_27_1_1_U35/mul_cast_i_reg_213_reg[26][0]
    SLICE_X38Y109        CARRY4 (Prop_carry4_CI_O[2])
                                                      0.239    15.739 r  design_1_i/pipelined_layer_proc_0/inst/grp_dataflow_parent_loop_proc_fu_232/dataflow_in_loop_Depth_Loop_U0/read_big_tile_U0/mul_27s_27s_27_1_1_U35/mul_cast_i_reg_213_reg[26]_i_1/O[2]
                         net (fo=1, routed)           0.000    15.739    design_1_i/pipelined_layer_proc_0/inst/grp_dataflow_parent_loop_proc_fu_232/dataflow_in_loop_Depth_Loop_U0/read_big_tile_U0/mul_cast_i_fu_160_p2[26]
    SLICE_X38Y109        FDRE                                         r  design_1_i/pipelined_layer_proc_0/inst/grp_dataflow_parent_loop_proc_fu_232/dataflow_in_loop_Depth_Loop_U0/read_big_tile_U0/mul_cast_i_reg_213_reg[26]/D
  -------------------------------------------------------------------    -------------------

                         (clock clk_fpga_0 rise edge)
                                                     10.000    10.000 r  
    PS7_X0Y0             PS7                          0.000    10.000 r  design_1_i/processing_system7_0/inst/PS7_i/FCLKCLK[0]
                         net (fo=1, routed)           1.088    11.088    design_1_i/processing_system7_0/inst/FCLK_CLK_unbuffered[0]
    BUFGCTRL_X0Y16       BUFG (Prop_bufg_I_O)         0.091    11.179 r  design_1_i/processing_system7_0/inst/buffer_fclk_clk_0.FCLK_CLK_0_BUFG/O
                         net (fo=59464, routed)       1.651    12.830    design_1_i/pipelined_layer_proc_0/inst/grp_dataflow_parent_loop_proc_fu_232/dataflow_in_loop_Depth_Loop_U0/read_big_tile_U0/ap_clk
    SLICE_X38Y109        FDRE                                         r  design_1_i/pipelined_layer_proc_0/inst/grp_dataflow_parent_loop_proc_fu_232/dataflow_in_loop_Depth_Loop_U0/read_big_tile_U0/mul_cast_i_reg_213_reg[26]/C
                         clock pessimism              0.129    12.959    
                         clock uncertainty           -0.154    12.805    
    SLICE_X38Y109        FDRE (Setup_fdre_C_D)        0.109    12.914    design_1_i/pipelined_layer_proc_0/inst/grp_dataflow_parent_loop_proc_fu_232/dataflow_in_loop_Depth_Loop_U0/read_big_tile_U0/mul_cast_i_reg_213_reg[26]
  -------------------------------------------------------------------
                         required time                         12.914    
                         arrival time                         -15.739    
  -------------------------------------------------------------------
                         slack                                 -2.825    

Slack (VIOLATED) :        -2.822ns  (required time - arrival time)
  Source:                 design_1_i/pipelined_layer_proc_0/inst/num_row_tiles_read_reg_449_reg[2]/C
                            (rising edge-triggered cell FDRE clocked by clk_fpga_0  {rise@0.000ns fall@5.000ns period=10.000ns})
  Destination:            design_1_i/pipelined_layer_proc_0/inst/mul_32ns_32ns_64_2_1_U1812/dout_reg[44]/D
                            (rising edge-triggered cell FDRE clocked by clk_fpga_0  {rise@0.000ns fall@5.000ns period=10.000ns})
  Path Group:             clk_fpga_0
  Path Type:              Setup (Max at Slow Process Corner)
  Requirement:            10.000ns  (clk_fpga_0 rise@10.000ns - clk_fpga_0 rise@0.000ns)
  Data Path Delay:        12.732ns  (logic 7.010ns (55.058%)  route 5.722ns (44.942%))
  Logic Levels:           23  (CARRY4=18 LUT2=1 LUT4=1 LUT6=3)
  Clock Path Skew:        0.002ns (DCD - SCD + CPR)
    Destination Clock Delay (DCD):    2.818ns = ( 12.818 - 10.000 ) 
    Source Clock Delay      (SCD):    2.945ns
    Clock Pessimism Removal (CPR):    0.129ns
  Clock Uncertainty:      0.154ns  ((TSJ^2 + TIJ^2)^1/2 + DJ) / 2 + PE
    Total System Jitter     (TSJ):    0.071ns
    Total Input Jitter      (TIJ):    0.300ns
    Discrete Jitter          (DJ):    0.000ns
    Phase Error              (PE):    0.000ns

    Location             Delay type                Incr(ns)  Path(ns)    Netlist Resource(s)
  -------------------------------------------------------------------    -------------------
                         (clock clk_fpga_0 rise edge)
                                                      0.000     0.000 r  
    PS7_X0Y0             PS7                          0.000     0.000 r  design_1_i/processing_system7_0/inst/PS7_i/FCLKCLK[0]
                         net (fo=1, routed)           1.193     1.193    design_1_i/processing_system7_0/inst/FCLK_CLK_unbuffered[0]
    BUFGCTRL_X0Y16       BUFG (Prop_bufg_I_O)         0.101     1.294 r  design_1_i/processing_system7_0/inst/buffer_fclk_clk_0.FCLK_CLK_0_BUFG/O
                         net (fo=59464, routed)       1.651     2.945    design_1_i/pipelined_layer_proc_0/inst/ap_clk
    SLICE_X46Y96         FDRE                                         r  design_1_i/pipelined_layer_proc_0/inst/num_row_tiles_read_reg_449_reg[2]/C
  -------------------------------------------------------------------    -------------------
    SLICE_X46Y96         FDRE (Prop_fdre_C_Q)         0.518     3.463 r  design_1_i/pipelined_layer_proc_0/inst/num_row_tiles_read_reg_449_reg[2]/Q
                         net (fo=65, routed)          1.459     4.922    design_1_i/pipelined_layer_proc_0/inst/mul_32ns_32ns_64_2_1_U1812/Q[2]
    SLICE_X54Y104        LUT6 (Prop_lut6_I1_O)        0.124     5.046 r  design_1_i/pipelined_layer_proc_0/inst/mul_32ns_32ns_64_2_1_U1812/i___319_i_1/O
                         net (fo=2, routed)           0.695     5.742    design_1_i/pipelined_layer_proc_0/inst/mul_32ns_32ns_64_2_1_U1812/i___319_i_1_n_5
    SLICE_X55Y106        LUT6 (Prop_lut6_I0_O)        0.124     5.866 r  design_1_i/pipelined_layer_proc_0/inst/mul_32ns_32ns_64_2_1_U1812/i___319_i_5/O
                         net (fo=1, routed)           0.000     5.866    design_1_i/pipelined_layer_proc_0/inst/mul_32ns_32ns_64_2_1_U1812/i___319_i_5_n_5
    SLICE_X55Y106        CARRY4 (Prop_carry4_S[3]_CO[3])
                                                      0.401     6.267 r  design_1_i/pipelined_layer_proc_0/inst/mul_32ns_32ns_64_2_1_U1812/tmp_product_inferred__4/i___319/CO[3]
                         net (fo=1, routed)           0.000     6.267    design_1_i/pipelined_layer_proc_0/inst/mul_32ns_32ns_64_2_1_U1812/tmp_product_inferred__4/i___319_n_5
    SLICE_X55Y107        CARRY4 (Prop_carry4_CI_CO[3])
                                                      0.114     6.381 r  design_1_i/pipelined_layer_proc_0/inst/mul_32ns_32ns_64_2_1_U1812/tmp_product_inferred__4/i___320/CO[3]
                         net (fo=1, routed)           0.000     6.381    design_1_i/pipelined_layer_proc_0/inst/mul_32ns_32ns_64_2_1_U1812/tmp_product_inferred__4/i___320_n_5
    SLICE_X55Y108        CARRY4 (Prop_carry4_CI_CO[3])
                                                      0.114     6.495 r  design_1_i/pipelined_layer_proc_0/inst/mul_32ns_32ns_64_2_1_U1812/tmp_product_inferred__4/i___321/CO[3]
                         net (fo=1, routed)           0.000     6.495    design_1_i/pipelined_layer_proc_0/inst/mul_32ns_32ns_64_2_1_U1812/tmp_product_inferred__4/i___321_n_5
    SLICE_X55Y109        CARRY4 (Prop_carry4_CI_CO[3])
                                                      0.114     6.609 r  design_1_i/pipelined_layer_proc_0/inst/mul_32ns_32ns_64_2_1_U1812/tmp_product_inferred__4/i___322/CO[3]
                         net (fo=1, routed)           0.000     6.609    design_1_i/pipelined_layer_proc_0/inst/mul_32ns_32ns_64_2_1_U1812/tmp_product_inferred__4/i___322_n_5
    SLICE_X55Y110        CARRY4 (Prop_carry4_CI_O[1])
                                                      0.334     6.943 r  design_1_i/pipelined_layer_proc_0/inst/mul_32ns_32ns_64_2_1_U1812/tmp_product_inferred__4/i___323/O[1]
                         net (fo=3, routed)           1.130     8.073    design_1_i/pipelined_layer_proc_0/inst/mul_32ns_32ns_64_2_1_U1812/tmp_product_inferred__4/i___323_n_11
    SLICE_X56Y108        LUT6 (Prop_lut6_I5_O)        0.303     8.376 r  design_1_i/pipelined_layer_proc_0/inst/mul_32ns_32ns_64_2_1_U1812/i___373_i_7/O
                         net (fo=1, routed)           0.000     8.376    design_1_i/pipelined_layer_proc_0/inst/mul_32ns_32ns_64_2_1_U1812/i___373_i_7_n_5
    SLICE_X56Y108        CARRY4 (Prop_carry4_S[1]_CO[3])
                                                      0.550     8.926 r  design_1_i/pipelined_layer_proc_0/inst/mul_32ns_32ns_64_2_1_U1812/tmp_product_inferred__4/i___373/CO[3]
                         net (fo=1, routed)           0.000     8.926    design_1_i/pipelined_layer_proc_0/inst/mul_32ns_32ns_64_2_1_U1812/tmp_product_inferred__4/i___373_n_5
    SLICE_X56Y109        CARRY4 (Prop_carry4_CI_O[1])
                                                      0.334     9.260 r  design_1_i/pipelined_layer_proc_0/inst/mul_32ns_32ns_64_2_1_U1812/tmp_product_inferred__4/i___374/O[1]
                         net (fo=3, routed)           1.139    10.398    design_1_i/pipelined_layer_proc_0/inst/mul_32ns_32ns_64_2_1_U1812/tmp_product_inferred__4/i___374_n_11
    SLICE_X55Y99         LUT4 (Prop_lut4_I2_O)        0.303    10.701 r  design_1_i/pipelined_layer_proc_0/inst/mul_32ns_32ns_64_2_1_U1812/i___384_i_7/O
                         net (fo=1, routed)           0.000    10.701    design_1_i/pipelined_layer_proc_0/inst/mul_32ns_32ns_64_2_1_U1812/i___384_i_7_n_5
    SLICE_X55Y99         CARRY4 (Prop_carry4_S[1]_CO[3])
                                                      0.550    11.251 r  design_1_i/pipelined_layer_proc_0/inst/mul_32ns_32ns_64_2_1_U1812/tmp_product_inferred__4/i___384/CO[3]
                         net (fo=1, routed)           0.001    11.252    design_1_i/pipelined_layer_proc_0/inst/mul_32ns_32ns_64_2_1_U1812/tmp_product_inferred__4/i___384_n_5
    SLICE_X55Y100        CARRY4 (Prop_carry4_CI_CO[3])
                                                      0.114    11.366 r  design_1_i/pipelined_layer_proc_0/inst/mul_32ns_32ns_64_2_1_U1812/tmp_product_inferred__4/i___385/CO[3]
                         net (fo=1, routed)           0.000    11.366    design_1_i/pipelined_layer_proc_0/inst/mul_32ns_32ns_64_2_1_U1812/tmp_product_inferred__4/i___385_n_5
    SLICE_X55Y101        CARRY4 (Prop_carry4_CI_O[1])
                                                      0.334    11.700 r  design_1_i/pipelined_layer_proc_0/inst/mul_32ns_32ns_64_2_1_U1812/tmp_product_inferred__4/i___386/O[1]
                         net (fo=11, routed)          0.667    12.367    design_1_i/pipelined_layer_proc_0/inst/mul_32ns_32ns_64_2_1_U1812/tmp_product_inferred__4/i___386_n_11
    SLICE_X54Y101        CARRY4 (Prop_carry4_S[1]_CO[3])
                                                      0.836    13.203 r  design_1_i/pipelined_layer_proc_0/inst/mul_32ns_32ns_64_2_1_U1812/i___39_i_1/CO[3]
                         net (fo=1, routed)           0.000    13.203    design_1_i/pipelined_layer_proc_0/inst/mul_32ns_32ns_64_2_1_U1812/i___39_i_1_n_5
    SLICE_X54Y102        CARRY4 (Prop_carry4_CI_CO[3])
                                                      0.117    13.320 r  design_1_i/pipelined_layer_proc_0/inst/mul_32ns_32ns_64_2_1_U1812/i___40_i_1/CO[3]
                         net (fo=1, routed)           0.000    13.320    design_1_i/pipelined_layer_proc_0/inst/mul_32ns_32ns_64_2_1_U1812/i___40_i_1_n_5
    SLICE_X54Y103        CARRY4 (Prop_carry4_CI_O[1])
                                                      0.323    13.643 r  design_1_i/pipelined_layer_proc_0/inst/mul_32ns_32ns_64_2_1_U1812/i___41_i_1/O[1]
                         net (fo=2, routed)           0.631    14.274    design_1_i/pipelined_layer_proc_0/inst/mul_32ns_32ns_64_2_1_U1812/PCIN__0[45]
    SLICE_X53Y103        LUT2 (Prop_lut2_I0_O)        0.306    14.580 r  design_1_i/pipelined_layer_proc_0/inst/mul_32ns_32ns_64_2_1_U1812/i___42_i_5/O
                         net (fo=1, routed)           0.000    14.580    design_1_i/pipelined_layer_proc_0/inst/mul_32ns_32ns_64_2_1_U1812/i___42_i_5_n_5
    SLICE_X53Y103        CARRY4 (Prop_carry4_S[0]_CO[3])
                                                      0.532    15.112 r  design_1_i/pipelined_layer_proc_0/inst/mul_32ns_32ns_64_2_1_U1812/tmp_product_inferred__7/i___42/CO[3]
                         net (fo=1, routed)           0.000    15.112    design_1_i/pipelined_layer_proc_0/inst/mul_32ns_32ns_64_2_1_U1812/tmp_product_inferred__7/i___42_n_5
    SLICE_X53Y104        CARRY4 (Prop_carry4_CI_CO[3])
                                                      0.114    15.226 r  design_1_i/pipelined_layer_proc_0/inst/mul_32ns_32ns_64_2_1_U1812/tmp_product_inferred__7/i___43/CO[3]
                         net (fo=1, routed)           0.000    15.226    design_1_i/pipelined_layer_proc_0/inst/mul_32ns_32ns_64_2_1_U1812/tmp_product_inferred__7/i___43_n_5
    SLICE_X53Y105        CARRY4 (Prop_carry4_CI_CO[3])
                                                      0.114    15.340 r  design_1_i/pipelined_layer_proc_0/inst/mul_32ns_32ns_64_2_1_U1812/tmp_product_inferred__7/i___44/CO[3]
                         net (fo=1, routed)           0.000    15.340    design_1_i/pipelined_layer_proc_0/inst/mul_32ns_32ns_64_2_1_U1812/tmp_product_inferred__7/i___44_n_5
    SLICE_X53Y106        CARRY4 (Prop_carry4_CI_CO[3])
                                                      0.114    15.454 r  design_1_i/pipelined_layer_proc_0/inst/mul_32ns_32ns_64_2_1_U1812/tmp_product_inferred__7/i___45/CO[3]
                         net (fo=1, routed)           0.000    15.454    design_1_i/pipelined_layer_proc_0/inst/mul_32ns_32ns_64_2_1_U1812/tmp_product_inferred__7/i___45_n_5
    SLICE_X53Y107        CARRY4 (Prop_carry4_CI_O[0])
                                                      0.223    15.677 r  design_1_i/pipelined_layer_proc_0/inst/mul_32ns_32ns_64_2_1_U1812/tmp_product_inferred__7/i___46/O[0]
                         net (fo=1, routed)           0.000    15.677    design_1_i/pipelined_layer_proc_0/inst/mul_32ns_32ns_64_2_1_U1812/tmp_product_inferred__7/i___46_n_12
    SLICE_X53Y107        FDRE                                         r  design_1_i/pipelined_layer_proc_0/inst/mul_32ns_32ns_64_2_1_U1812/dout_reg[44]/D
  -------------------------------------------------------------------    -------------------

                         (clock clk_fpga_0 rise edge)
                                                     10.000    10.000 r  
    PS7_X0Y0             PS7                          0.000    10.000 r  design_1_i/processing_system7_0/inst/PS7_i/FCLKCLK[0]
                         net (fo=1, routed)           1.088    11.088    design_1_i/processing_system7_0/inst/FCLK_CLK_unbuffered[0]
    BUFGCTRL_X0Y16       BUFG (Prop_bufg_I_O)         0.091    11.179 r  design_1_i/processing_system7_0/inst/buffer_fclk_clk_0.FCLK_CLK_0_BUFG/O
                         net (fo=59464, routed)       1.639    12.818    design_1_i/pipelined_layer_proc_0/inst/mul_32ns_32ns_64_2_1_U1812/ap_clk
    SLICE_X53Y107        FDRE                                         r  design_1_i/pipelined_layer_proc_0/inst/mul_32ns_32ns_64_2_1_U1812/dout_reg[44]/C
                         clock pessimism              0.129    12.947    
                         clock uncertainty           -0.154    12.793    
    SLICE_X53Y107        FDRE (Setup_fdre_C_D)        0.062    12.855    design_1_i/pipelined_layer_proc_0/inst/mul_32ns_32ns_64_2_1_U1812/dout_reg[44]
  -------------------------------------------------------------------
                         required time                         12.855    
                         arrival time                         -15.677    
  -------------------------------------------------------------------
                         slack                                 -2.822    

Slack (VIOLATED) :        -2.818ns  (required time - arrival time)
  Source:                 design_1_i/pipelined_layer_proc_0/inst/num_row_tiles_read_reg_449_reg[2]/C
                            (rising edge-triggered cell FDRE clocked by clk_fpga_0  {rise@0.000ns fall@5.000ns period=10.000ns})
  Destination:            design_1_i/pipelined_layer_proc_0/inst/mul_32ns_32ns_64_2_1_U1812/dout_reg[41]/D
                            (rising edge-triggered cell FDRE clocked by clk_fpga_0  {rise@0.000ns fall@5.000ns period=10.000ns})
  Path Group:             clk_fpga_0
  Path Type:              Setup (Max at Slow Process Corner)
  Requirement:            10.000ns  (clk_fpga_0 rise@10.000ns - clk_fpga_0 rise@0.000ns)
  Data Path Delay:        12.729ns  (logic 7.007ns (55.047%)  route 5.722ns (44.953%))
  Logic Levels:           22  (CARRY4=17 LUT2=1 LUT4=1 LUT6=3)
  Clock Path Skew:        0.003ns (DCD - SCD + CPR)
    Destination Clock Delay (DCD):    2.819ns = ( 12.819 - 10.000 ) 
    Source Clock Delay      (SCD):    2.945ns
    Clock Pessimism Removal (CPR):    0.129ns
  Clock Uncertainty:      0.154ns  ((TSJ^2 + TIJ^2)^1/2 + DJ) / 2 + PE
    Total System Jitter     (TSJ):    0.071ns
    Total Input Jitter      (TIJ):    0.300ns
    Discrete Jitter          (DJ):    0.000ns
    Phase Error              (PE):    0.000ns

    Location             Delay type                Incr(ns)  Path(ns)    Netlist Resource(s)
  -------------------------------------------------------------------    -------------------
                         (clock clk_fpga_0 rise edge)
                                                      0.000     0.000 r  
    PS7_X0Y0             PS7                          0.000     0.000 r  design_1_i/processing_system7_0/inst/PS7_i/FCLKCLK[0]
                         net (fo=1, routed)           1.193     1.193    design_1_i/processing_system7_0/inst/FCLK_CLK_unbuffered[0]
    BUFGCTRL_X0Y16       BUFG (Prop_bufg_I_O)         0.101     1.294 r  design_1_i/processing_system7_0/inst/buffer_fclk_clk_0.FCLK_CLK_0_BUFG/O
                         net (fo=59464, routed)       1.651     2.945    design_1_i/pipelined_layer_proc_0/inst/ap_clk
    SLICE_X46Y96         FDRE                                         r  design_1_i/pipelined_layer_proc_0/inst/num_row_tiles_read_reg_449_reg[2]/C
  -------------------------------------------------------------------    -------------------
    SLICE_X46Y96         FDRE (Prop_fdre_C_Q)         0.518     3.463 r  design_1_i/pipelined_layer_proc_0/inst/num_row_tiles_read_reg_449_reg[2]/Q
                         net (fo=65, routed)          1.459     4.922    design_1_i/pipelined_layer_proc_0/inst/mul_32ns_32ns_64_2_1_U1812/Q[2]
    SLICE_X54Y104        LUT6 (Prop_lut6_I1_O)        0.124     5.046 r  design_1_i/pipelined_layer_proc_0/inst/mul_32ns_32ns_64_2_1_U1812/i___319_i_1/O
                         net (fo=2, routed)           0.695     5.742    design_1_i/pipelined_layer_proc_0/inst/mul_32ns_32ns_64_2_1_U1812/i___319_i_1_n_5
    SLICE_X55Y106        LUT6 (Prop_lut6_I0_O)        0.124     5.866 r  design_1_i/pipelined_layer_proc_0/inst/mul_32ns_32ns_64_2_1_U1812/i___319_i_5/O
                         net (fo=1, routed)           0.000     5.866    design_1_i/pipelined_layer_proc_0/inst/mul_32ns_32ns_64_2_1_U1812/i___319_i_5_n_5
    SLICE_X55Y106        CARRY4 (Prop_carry4_S[3]_CO[3])
                                                      0.401     6.267 r  design_1_i/pipelined_layer_proc_0/inst/mul_32ns_32ns_64_2_1_U1812/tmp_product_inferred__4/i___319/CO[3]
                         net (fo=1, routed)           0.000     6.267    design_1_i/pipelined_layer_proc_0/inst/mul_32ns_32ns_64_2_1_U1812/tmp_product_inferred__4/i___319_n_5
    SLICE_X55Y107        CARRY4 (Prop_carry4_CI_CO[3])
                                                      0.114     6.381 r  design_1_i/pipelined_layer_proc_0/inst/mul_32ns_32ns_64_2_1_U1812/tmp_product_inferred__4/i___320/CO[3]
                         net (fo=1, routed)           0.000     6.381    design_1_i/pipelined_layer_proc_0/inst/mul_32ns_32ns_64_2_1_U1812/tmp_product_inferred__4/i___320_n_5
    SLICE_X55Y108        CARRY4 (Prop_carry4_CI_CO[3])
                                                      0.114     6.495 r  design_1_i/pipelined_layer_proc_0/inst/mul_32ns_32ns_64_2_1_U1812/tmp_product_inferred__4/i___321/CO[3]
                         net (fo=1, routed)           0.000     6.495    design_1_i/pipelined_layer_proc_0/inst/mul_32ns_32ns_64_2_1_U1812/tmp_product_inferred__4/i___321_n_5
    SLICE_X55Y109        CARRY4 (Prop_carry4_CI_CO[3])
                                                      0.114     6.609 r  design_1_i/pipelined_layer_proc_0/inst/mul_32ns_32ns_64_2_1_U1812/tmp_product_inferred__4/i___322/CO[3]
                         net (fo=1, routed)           0.000     6.609    design_1_i/pipelined_layer_proc_0/inst/mul_32ns_32ns_64_2_1_U1812/tmp_product_inferred__4/i___322_n_5
    SLICE_X55Y110        CARRY4 (Prop_carry4_CI_O[1])
                                                      0.334     6.943 r  design_1_i/pipelined_layer_proc_0/inst/mul_32ns_32ns_64_2_1_U1812/tmp_product_inferred__4/i___323/O[1]
                         net (fo=3, routed)           1.130     8.073    design_1_i/pipelined_layer_proc_0/inst/mul_32ns_32ns_64_2_1_U1812/tmp_product_inferred__4/i___323_n_11
    SLICE_X56Y108        LUT6 (Prop_lut6_I5_O)        0.303     8.376 r  design_1_i/pipelined_layer_proc_0/inst/mul_32ns_32ns_64_2_1_U1812/i___373_i_7/O
                         net (fo=1, routed)           0.000     8.376    design_1_i/pipelined_layer_proc_0/inst/mul_32ns_32ns_64_2_1_U1812/i___373_i_7_n_5
    SLICE_X56Y108        CARRY4 (Prop_carry4_S[1]_CO[3])
                                                      0.550     8.926 r  design_1_i/pipelined_layer_proc_0/inst/mul_32ns_32ns_64_2_1_U1812/tmp_product_inferred__4/i___373/CO[3]
                         net (fo=1, routed)           0.000     8.926    design_1_i/pipelined_layer_proc_0/inst/mul_32ns_32ns_64_2_1_U1812/tmp_product_inferred__4/i___373_n_5
    SLICE_X56Y109        CARRY4 (Prop_carry4_CI_O[1])
                                                      0.334     9.260 r  design_1_i/pipelined_layer_proc_0/inst/mul_32ns_32ns_64_2_1_U1812/tmp_product_inferred__4/i___374/O[1]
                         net (fo=3, routed)           1.139    10.398    design_1_i/pipelined_layer_proc_0/inst/mul_32ns_32ns_64_2_1_U1812/tmp_product_inferred__4/i___374_n_11
    SLICE_X55Y99         LUT4 (Prop_lut4_I2_O)        0.303    10.701 r  design_1_i/pipelined_layer_proc_0/inst/mul_32ns_32ns_64_2_1_U1812/i___384_i_7/O
                         net (fo=1, routed)           0.000    10.701    design_1_i/pipelined_layer_proc_0/inst/mul_32ns_32ns_64_2_1_U1812/i___384_i_7_n_5
    SLICE_X55Y99         CARRY4 (Prop_carry4_S[1]_CO[3])
                                                      0.550    11.251 r  design_1_i/pipelined_layer_proc_0/inst/mul_32ns_32ns_64_2_1_U1812/tmp_product_inferred__4/i___384/CO[3]
                         net (fo=1, routed)           0.001    11.252    design_1_i/pipelined_layer_proc_0/inst/mul_32ns_32ns_64_2_1_U1812/tmp_product_inferred__4/i___384_n_5
    SLICE_X55Y100        CARRY4 (Prop_carry4_CI_CO[3])
                                                      0.114    11.366 r  design_1_i/pipelined_layer_proc_0/inst/mul_32ns_32ns_64_2_1_U1812/tmp_product_inferred__4/i___385/CO[3]
                         net (fo=1, routed)           0.000    11.366    design_1_i/pipelined_layer_proc_0/inst/mul_32ns_32ns_64_2_1_U1812/tmp_product_inferred__4/i___385_n_5
    SLICE_X55Y101        CARRY4 (Prop_carry4_CI_O[1])
                                                      0.334    11.700 r  design_1_i/pipelined_layer_proc_0/inst/mul_32ns_32ns_64_2_1_U1812/tmp_product_inferred__4/i___386/O[1]
                         net (fo=11, routed)          0.667    12.367    design_1_i/pipelined_layer_proc_0/inst/mul_32ns_32ns_64_2_1_U1812/tmp_product_inferred__4/i___386_n_11
    SLICE_X54Y101        CARRY4 (Prop_carry4_S[1]_CO[3])
                                                      0.836    13.203 r  design_1_i/pipelined_layer_proc_0/inst/mul_32ns_32ns_64_2_1_U1812/i___39_i_1/CO[3]
                         net (fo=1, routed)           0.000    13.203    design_1_i/pipelined_layer_proc_0/inst/mul_32ns_32ns_64_2_1_U1812/i___39_i_1_n_5
    SLICE_X54Y102        CARRY4 (Prop_carry4_CI_CO[3])
                                                      0.117    13.320 r  design_1_i/pipelined_layer_proc_0/inst/mul_32ns_32ns_64_2_1_U1812/i___40_i_1/CO[3]
                         net (fo=1, routed)           0.000    13.320    design_1_i/pipelined_layer_proc_0/inst/mul_32ns_32ns_64_2_1_U1812/i___40_i_1_n_5
    SLICE_X54Y103        CARRY4 (Prop_carry4_CI_O[1])
                                                      0.323    13.643 r  design_1_i/pipelined_layer_proc_0/inst/mul_32ns_32ns_64_2_1_U1812/i___41_i_1/O[1]
                         net (fo=2, routed)           0.631    14.274    design_1_i/pipelined_layer_proc_0/inst/mul_32ns_32ns_64_2_1_U1812/PCIN__0[45]
    SLICE_X53Y103        LUT2 (Prop_lut2_I0_O)        0.306    14.580 r  design_1_i/pipelined_layer_proc_0/inst/mul_32ns_32ns_64_2_1_U1812/i___42_i_5/O
                         net (fo=1, routed)           0.000    14.580    design_1_i/pipelined_layer_proc_0/inst/mul_32ns_32ns_64_2_1_U1812/i___42_i_5_n_5
    SLICE_X53Y103        CARRY4 (Prop_carry4_S[0]_CO[3])
                                                      0.532    15.112 r  design_1_i/pipelined_layer_proc_0/inst/mul_32ns_32ns_64_2_1_U1812/tmp_product_inferred__7/i___42/CO[3]
                         net (fo=1, routed)           0.000    15.112    design_1_i/pipelined_layer_proc_0/inst/mul_32ns_32ns_64_2_1_U1812/tmp_product_inferred__7/i___42_n_5
    SLICE_X53Y104        CARRY4 (Prop_carry4_CI_CO[3])
                                                      0.114    15.226 r  design_1_i/pipelined_layer_proc_0/inst/mul_32ns_32ns_64_2_1_U1812/tmp_product_inferred__7/i___43/CO[3]
                         net (fo=1, routed)           0.000    15.226    design_1_i/pipelined_layer_proc_0/inst/mul_32ns_32ns_64_2_1_U1812/tmp_product_inferred__7/i___43_n_5
    SLICE_X53Y105        CARRY4 (Prop_carry4_CI_CO[3])
                                                      0.114    15.340 r  design_1_i/pipelined_layer_proc_0/inst/mul_32ns_32ns_64_2_1_U1812/tmp_product_inferred__7/i___44/CO[3]
                         net (fo=1, routed)           0.000    15.340    design_1_i/pipelined_layer_proc_0/inst/mul_32ns_32ns_64_2_1_U1812/tmp_product_inferred__7/i___44_n_5
    SLICE_X53Y106        CARRY4 (Prop_carry4_CI_O[1])
                                                      0.334    15.674 r  design_1_i/pipelined_layer_proc_0/inst/mul_32ns_32ns_64_2_1_U1812/tmp_product_inferred__7/i___45/O[1]
                         net (fo=1, routed)           0.000    15.674    design_1_i/pipelined_layer_proc_0/inst/mul_32ns_32ns_64_2_1_U1812/tmp_product_inferred__7/i___45_n_11
    SLICE_X53Y106        FDRE                                         r  design_1_i/pipelined_layer_proc_0/inst/mul_32ns_32ns_64_2_1_U1812/dout_reg[41]/D
  -------------------------------------------------------------------    -------------------

                         (clock clk_fpga_0 rise edge)
                                                     10.000    10.000 r  
    PS7_X0Y0             PS7                          0.000    10.000 r  design_1_i/processing_system7_0/inst/PS7_i/FCLKCLK[0]
                         net (fo=1, routed)           1.088    11.088    design_1_i/processing_system7_0/inst/FCLK_CLK_unbuffered[0]
    BUFGCTRL_X0Y16       BUFG (Prop_bufg_I_O)         0.091    11.179 r  design_1_i/processing_system7_0/inst/buffer_fclk_clk_0.FCLK_CLK_0_BUFG/O
                         net (fo=59464, routed)       1.640    12.819    design_1_i/pipelined_layer_proc_0/inst/mul_32ns_32ns_64_2_1_U1812/ap_clk
    SLICE_X53Y106        FDRE                                         r  design_1_i/pipelined_layer_proc_0/inst/mul_32ns_32ns_64_2_1_U1812/dout_reg[41]/C
                         clock pessimism              0.129    12.948    
                         clock uncertainty           -0.154    12.794    
    SLICE_X53Y106        FDRE (Setup_fdre_C_D)        0.062    12.856    design_1_i/pipelined_layer_proc_0/inst/mul_32ns_32ns_64_2_1_U1812/dout_reg[41]
  -------------------------------------------------------------------
                         required time                         12.856    
                         arrival time                         -15.674    
  -------------------------------------------------------------------
                         slack                                 -2.818    

Slack (VIOLATED) :        -2.805ns  (required time - arrival time)
  Source:                 design_1_i/pipelined_layer_proc_0/inst/trunc_ln167_reg_506_reg[2]/C
                            (rising edge-triggered cell FDRE clocked by clk_fpga_0  {rise@0.000ns fall@5.000ns period=10.000ns})
  Destination:            design_1_i/pipelined_layer_proc_0/inst/grp_dataflow_parent_loop_proc_fu_232/dataflow_in_loop_Depth_Loop_U0/read_big_tile_U0/mul_cast_i_reg_213_reg[24]/D
                            (rising edge-triggered cell FDRE clocked by clk_fpga_0  {rise@0.000ns fall@5.000ns period=10.000ns})
  Path Group:             clk_fpga_0
  Path Type:              Setup (Max at Slow Process Corner)
  Requirement:            10.000ns  (clk_fpga_0 rise@10.000ns - clk_fpga_0 rise@0.000ns)
  Data Path Delay:        12.772ns  (logic 7.030ns (55.044%)  route 5.742ns (44.956%))
  Logic Levels:           17  (CARRY4=11 LUT2=4 LUT3=1 LUT6=1)
  Clock Path Skew:        0.012ns (DCD - SCD + CPR)
    Destination Clock Delay (DCD):    2.830ns = ( 12.830 - 10.000 ) 
    Source Clock Delay      (SCD):    2.947ns
    Clock Pessimism Removal (CPR):    0.129ns
  Clock Uncertainty:      0.154ns  ((TSJ^2 + TIJ^2)^1/2 + DJ) / 2 + PE
    Total System Jitter     (TSJ):    0.071ns
    Total Input Jitter      (TIJ):    0.300ns
    Discrete Jitter          (DJ):    0.000ns
    Phase Error              (PE):    0.000ns

    Location             Delay type                Incr(ns)  Path(ns)    Netlist Resource(s)
  -------------------------------------------------------------------    -------------------
                         (clock clk_fpga_0 rise edge)
                                                      0.000     0.000 r  
    PS7_X0Y0             PS7                          0.000     0.000 r  design_1_i/processing_system7_0/inst/PS7_i/FCLKCLK[0]
                         net (fo=1, routed)           1.193     1.193    design_1_i/processing_system7_0/inst/FCLK_CLK_unbuffered[0]
    BUFGCTRL_X0Y16       BUFG (Prop_bufg_I_O)         0.101     1.294 r  design_1_i/processing_system7_0/inst/buffer_fclk_clk_0.FCLK_CLK_0_BUFG/O
                         net (fo=59464, routed)       1.653     2.947    design_1_i/pipelined_layer_proc_0/inst/ap_clk
    SLICE_X38Y99         FDRE                                         r  design_1_i/pipelined_layer_proc_0/inst/trunc_ln167_reg_506_reg[2]/C
  -------------------------------------------------------------------    -------------------
    SLICE_X38Y99         FDRE (Prop_fdre_C_Q)         0.518     3.465 r  design_1_i/pipelined_layer_proc_0/inst/trunc_ln167_reg_506_reg[2]/Q
                         net (fo=104, routed)         1.393     4.858    design_1_i/pipelined_layer_proc_0/inst/grp_dataflow_parent_loop_proc_fu_232/dataflow_in_loop_Depth_Loop_U0/read_big_tile_U0/mul_27s_27s_27_1_1_U35/trunc_ln167_reg_506__0[1]
    SLICE_X39Y90         LUT6 (Prop_lut6_I1_O)        0.124     4.982 r  design_1_i/pipelined_layer_proc_0/inst/grp_dataflow_parent_loop_proc_fu_232/dataflow_in_loop_Depth_Loop_U0/read_big_tile_U0/mul_27s_27s_27_1_1_U35/i___323_i_1__1/O
                         net (fo=1, routed)           0.641     5.623    design_1_i/pipelined_layer_proc_0/inst/grp_dataflow_parent_loop_proc_fu_232/dataflow_in_loop_Depth_Loop_U0/read_big_tile_U0/mul_27s_27s_27_1_1_U35/i___323_i_1__1_n_5
    SLICE_X38Y89         CARRY4 (Prop_carry4_DI[3]_CO[3])
                                                      0.396     6.019 r  design_1_i/pipelined_layer_proc_0/inst/grp_dataflow_parent_loop_proc_fu_232/dataflow_in_loop_Depth_Loop_U0/read_big_tile_U0/mul_27s_27s_27_1_1_U35/dout_inferred__1/i___323/CO[3]
                         net (fo=1, routed)           0.000     6.019    design_1_i/pipelined_layer_proc_0/inst/grp_dataflow_parent_loop_proc_fu_232/dataflow_in_loop_Depth_Loop_U0/read_big_tile_U0/mul_27s_27s_27_1_1_U35/dout_inferred__1/i___323_n_5
    SLICE_X38Y90         CARRY4 (Prop_carry4_CI_O[1])
                                                      0.323     6.342 r  design_1_i/pipelined_layer_proc_0/inst/grp_dataflow_parent_loop_proc_fu_232/dataflow_in_loop_Depth_Loop_U0/read_big_tile_U0/mul_27s_27s_27_1_1_U35/dout_inferred__1/i___324/O[1]
                         net (fo=2, routed)           0.652     6.995    design_1_i/pipelined_layer_proc_0/inst/grp_dataflow_parent_loop_proc_fu_232/dataflow_in_loop_Depth_Loop_U0/read_big_tile_U0/mul_27s_27s_27_1_1_U35/dout_inferred__1/i___324_n_11
    SLICE_X37Y91         LUT2 (Prop_lut2_I0_O)        0.306     7.301 r  design_1_i/pipelined_layer_proc_0/inst/grp_dataflow_parent_loop_proc_fu_232/dataflow_in_loop_Depth_Loop_U0/read_big_tile_U0/mul_27s_27s_27_1_1_U35/i___378_i_3__1/O
                         net (fo=1, routed)           0.000     7.301    design_1_i/pipelined_layer_proc_0/inst/grp_dataflow_parent_loop_proc_fu_232/dataflow_in_loop_Depth_Loop_U0/read_big_tile_U0/mul_27s_27s_27_1_1_U35/i___378_i_3__1_n_5
    SLICE_X37Y91         CARRY4 (Prop_carry4_S[1]_O[3])
                                                      0.640     7.941 r  design_1_i/pipelined_layer_proc_0/inst/grp_dataflow_parent_loop_proc_fu_232/dataflow_in_loop_Depth_Loop_U0/read_big_tile_U0/mul_27s_27s_27_1_1_U35/dout_inferred__1/i___378/O[3]
                         net (fo=2, routed)           0.817     8.757    design_1_i/pipelined_layer_proc_0/inst/grp_dataflow_parent_loop_proc_fu_232/dataflow_in_loop_Depth_Loop_U0/read_big_tile_U0/mul_27s_27s_27_1_1_U35/dout_inferred__1/i___378_n_9
    SLICE_X37Y101        LUT2 (Prop_lut2_I1_O)        0.300     9.057 r  design_1_i/pipelined_layer_proc_0/inst/grp_dataflow_parent_loop_proc_fu_232/dataflow_in_loop_Depth_Loop_U0/read_big_tile_U0/mul_27s_27s_27_1_1_U35/i___397_i_4__0/O
                         net (fo=2, routed)           0.725     9.782    design_1_i/pipelined_layer_proc_0/inst/grp_dataflow_parent_loop_proc_fu_232/dataflow_in_loop_Depth_Loop_U0/read_big_tile_U0/mul_27s_27s_27_1_1_U35/i___397_i_4__0_n_5
    SLICE_X36Y101        LUT3 (Prop_lut3_I0_O)        0.326    10.108 r  design_1_i/pipelined_layer_proc_0/inst/grp_dataflow_parent_loop_proc_fu_232/dataflow_in_loop_Depth_Loop_U0/read_big_tile_U0/mul_27s_27s_27_1_1_U35/i___397_i_8__0/O
                         net (fo=1, routed)           0.000    10.108    design_1_i/pipelined_layer_proc_0/inst/grp_dataflow_parent_loop_proc_fu_232/dataflow_in_loop_Depth_Loop_U0/read_big_tile_U0/mul_27s_27s_27_1_1_U35/i___397_i_8__0_n_5
    SLICE_X36Y101        CARRY4 (Prop_carry4_S[0]_CO[3])
                                                      0.513    10.621 r  design_1_i/pipelined_layer_proc_0/inst/grp_dataflow_parent_loop_proc_fu_232/dataflow_in_loop_Depth_Loop_U0/read_big_tile_U0/mul_27s_27s_27_1_1_U35/dout_inferred__1/i___397/CO[3]
                         net (fo=1, routed)           0.000    10.621    design_1_i/pipelined_layer_proc_0/inst/grp_dataflow_parent_loop_proc_fu_232/dataflow_in_loop_Depth_Loop_U0/read_big_tile_U0/mul_27s_27s_27_1_1_U35/dout_inferred__1/i___397_n_5
    SLICE_X36Y102        CARRY4 (Prop_carry4_CI_O[1])
                                                      0.323    10.944 r  design_1_i/pipelined_layer_proc_0/inst/grp_dataflow_parent_loop_proc_fu_232/dataflow_in_loop_Depth_Loop_U0/read_big_tile_U0/mul_27s_27s_27_1_1_U35/dout_inferred__1/i___398/O[1]
                         net (fo=1, routed)           0.455    11.399    design_1_i/pipelined_layer_proc_0/inst/grp_dataflow_parent_loop_proc_fu_232_n_67
    SLICE_X37Y104        CARRY4 (Prop_carry4_S[1]_CO[3])
                                                      0.856    12.255 r  design_1_i/pipelined_layer_proc_0/inst/mul_27s_27s_27_1_1_U35/mul_cast_i_reg_213_reg[15]_i_1/CO[3]
                         net (fo=1, routed)           0.000    12.255    design_1_i/pipelined_layer_proc_0/inst/mul_27s_27s_27_1_1_U35/mul_cast_i_reg_213_reg[15]_i_1_n_5
    SLICE_X37Y105        CARRY4 (Prop_carry4_CI_O[1])
                                                      0.334    12.589 r  design_1_i/pipelined_layer_proc_0/inst/mul_27s_27s_27_1_1_U35/mul_cast_i_reg_213_reg[19]_i_5/O[1]
                         net (fo=2, routed)           0.609    13.198    design_1_i/pipelined_layer_proc_0/inst/dataflow_in_loop_Depth_Loop_U0/read_big_tile_U0/PCIN[17]
    SLICE_X37Y108        LUT2 (Prop_lut2_I0_O)        0.303    13.501 r  design_1_i/pipelined_layer_proc_0/inst/mul_27s_27s_27_1_1_U35/mul_cast_i_reg_213[23]_i_10/O
                         net (fo=1, routed)           0.000    13.501    design_1_i/pipelined_layer_proc_0/inst/mul_27s_27s_27_1_1_U35/mul_cast_i_reg_213[23]_i_10_n_5
    SLICE_X37Y108        CARRY4 (Prop_carry4_S[0]_CO[3])
                                                      0.532    14.033 r  design_1_i/pipelined_layer_proc_0/inst/mul_27s_27s_27_1_1_U35/mul_cast_i_reg_213_reg[23]_i_2/CO[3]
                         net (fo=1, routed)           0.000    14.033    design_1_i/pipelined_layer_proc_0/inst/mul_27s_27s_27_1_1_U35/mul_cast_i_reg_213_reg[23]_i_2_n_5
    SLICE_X37Y109        CARRY4 (Prop_carry4_CI_O[1])
                                                      0.334    14.367 r  design_1_i/pipelined_layer_proc_0/inst/mul_27s_27s_27_1_1_U35/mul_cast_i_reg_213_reg[26]_i_3/O[1]
                         net (fo=2, routed)           0.450    14.817    design_1_i/pipelined_layer_proc_0/inst/mul_27s_27s_27_1_1_U35/mul_cast_i_reg_213_reg[26]_i_3_n_11
    SLICE_X38Y108        LUT2 (Prop_lut2_I0_O)        0.303    15.120 r  design_1_i/pipelined_layer_proc_0/inst/mul_27s_27s_27_1_1_U35/mul_cast_i_reg_213[23]_i_4/O
                         net (fo=1, routed)           0.000    15.120    design_1_i/pipelined_layer_proc_0/inst/mul_27s_27s_27_1_1_U35/mul_cast_i_reg_213[23]_i_4_n_5
    SLICE_X38Y108        CARRY4 (Prop_carry4_S[2]_CO[3])
                                                      0.380    15.500 r  design_1_i/pipelined_layer_proc_0/inst/mul_27s_27s_27_1_1_U35/mul_cast_i_reg_213_reg[23]_i_1/CO[3]
                         net (fo=1, routed)           0.000    15.500    design_1_i/pipelined_layer_proc_0/inst/grp_dataflow_parent_loop_proc_fu_232/dataflow_in_loop_Depth_Loop_U0/read_big_tile_U0/mul_27s_27s_27_1_1_U35/mul_cast_i_reg_213_reg[26][0]
    SLICE_X38Y109        CARRY4 (Prop_carry4_CI_O[0])
                                                      0.219    15.719 r  design_1_i/pipelined_layer_proc_0/inst/grp_dataflow_parent_loop_proc_fu_232/dataflow_in_loop_Depth_Loop_U0/read_big_tile_U0/mul_27s_27s_27_1_1_U35/mul_cast_i_reg_213_reg[26]_i_1/O[0]
                         net (fo=1, routed)           0.000    15.719    design_1_i/pipelined_layer_proc_0/inst/grp_dataflow_parent_loop_proc_fu_232/dataflow_in_loop_Depth_Loop_U0/read_big_tile_U0/mul_cast_i_fu_160_p2[24]
    SLICE_X38Y109        FDRE                                         r  design_1_i/pipelined_layer_proc_0/inst/grp_dataflow_parent_loop_proc_fu_232/dataflow_in_loop_Depth_Loop_U0/read_big_tile_U0/mul_cast_i_reg_213_reg[24]/D
  -------------------------------------------------------------------    -------------------

                         (clock clk_fpga_0 rise edge)
                                                     10.000    10.000 r  
    PS7_X0Y0             PS7                          0.000    10.000 r  design_1_i/processing_system7_0/inst/PS7_i/FCLKCLK[0]
                         net (fo=1, routed)           1.088    11.088    design_1_i/processing_system7_0/inst/FCLK_CLK_unbuffered[0]
    BUFGCTRL_X0Y16       BUFG (Prop_bufg_I_O)         0.091    11.179 r  design_1_i/processing_system7_0/inst/buffer_fclk_clk_0.FCLK_CLK_0_BUFG/O
                         net (fo=59464, routed)       1.651    12.830    design_1_i/pipelined_layer_proc_0/inst/grp_dataflow_parent_loop_proc_fu_232/dataflow_in_loop_Depth_Loop_U0/read_big_tile_U0/ap_clk
    SLICE_X38Y109        FDRE                                         r  design_1_i/pipelined_layer_proc_0/inst/grp_dataflow_parent_loop_proc_fu_232/dataflow_in_loop_Depth_Loop_U0/read_big_tile_U0/mul_cast_i_reg_213_reg[24]/C
                         clock pessimism              0.129    12.959    
                         clock uncertainty           -0.154    12.805    
    SLICE_X38Y109        FDRE (Setup_fdre_C_D)        0.109    12.914    design_1_i/pipelined_layer_proc_0/inst/grp_dataflow_parent_loop_proc_fu_232/dataflow_in_loop_Depth_Loop_U0/read_big_tile_U0/mul_cast_i_reg_213_reg[24]
  -------------------------------------------------------------------
                         required time                         12.914    
                         arrival time                         -15.719    
  -------------------------------------------------------------------
                         slack                                 -2.805    

Slack (VIOLATED) :        -2.797ns  (required time - arrival time)
  Source:                 design_1_i/pipelined_layer_proc_0/inst/trunc_ln130_reg_469_reg[7]/C
                            (rising edge-triggered cell FDRE clocked by clk_fpga_0  {rise@0.000ns fall@5.000ns period=10.000ns})
  Destination:            design_1_i/pipelined_layer_proc_0/inst/grp_dataflow_parent_loop_proc_fu_232/dataflow_in_loop_Depth_Loop_U0/read_big_tile_1_U0/mul_ln180_reg_155_reg[25]/D
                            (rising edge-triggered cell FDRE clocked by clk_fpga_0  {rise@0.000ns fall@5.000ns period=10.000ns})
  Path Group:             clk_fpga_0
  Path Type:              Setup (Max at Slow Process Corner)
  Requirement:            10.000ns  (clk_fpga_0 rise@10.000ns - clk_fpga_0 rise@0.000ns)
  Data Path Delay:        12.557ns  (logic 5.794ns (46.143%)  route 6.763ns (53.857%))
  Logic Levels:           13  (CARRY4=8 LUT2=1 LUT3=2 LUT6=2)
  Clock Path Skew:        -0.148ns (DCD - SCD + CPR)
    Destination Clock Delay (DCD):    2.830ns = ( 12.830 - 10.000 ) 
    Source Clock Delay      (SCD):    3.125ns
    Clock Pessimism Removal (CPR):    0.147ns
  Clock Uncertainty:      0.154ns  ((TSJ^2 + TIJ^2)^1/2 + DJ) / 2 + PE
    Total System Jitter     (TSJ):    0.071ns
    Total Input Jitter      (TIJ):    0.300ns
    Discrete Jitter          (DJ):    0.000ns
    Phase Error              (PE):    0.000ns

    Location             Delay type                Incr(ns)  Path(ns)    Netlist Resource(s)
  -------------------------------------------------------------------    -------------------
                         (clock clk_fpga_0 rise edge)
                                                      0.000     0.000 r  
    PS7_X0Y0             PS7                          0.000     0.000 r  design_1_i/processing_system7_0/inst/PS7_i/FCLKCLK[0]
                         net (fo=1, routed)           1.193     1.193    design_1_i/processing_system7_0/inst/FCLK_CLK_unbuffered[0]
    BUFGCTRL_X0Y16       BUFG (Prop_bufg_I_O)         0.101     1.294 r  design_1_i/processing_system7_0/inst/buffer_fclk_clk_0.FCLK_CLK_0_BUFG/O
                         net (fo=59464, routed)       1.831     3.125    design_1_i/pipelined_layer_proc_0/inst/ap_clk
    SLICE_X50Y103        FDRE                                         r  design_1_i/pipelined_layer_proc_0/inst/trunc_ln130_reg_469_reg[7]/C
  -------------------------------------------------------------------    -------------------
    SLICE_X50Y103        FDRE (Prop_fdre_C_Q)         0.518     3.643 r  design_1_i/pipelined_layer_proc_0/inst/trunc_ln130_reg_469_reg[7]/Q
                         net (fo=147, routed)         1.154     4.797    design_1_i/pipelined_layer_proc_0/inst/grp_dataflow_parent_loop_proc_fu_232/dataflow_in_loop_Depth_Loop_U0/read_big_tile_1_U0/mul_27s_27s_27_1_1_U61/trunc_ln130_reg_469[7]
    SLICE_X48Y107        LUT6 (Prop_lut6_I2_O)        0.124     4.921 r  design_1_i/pipelined_layer_proc_0/inst/grp_dataflow_parent_loop_proc_fu_232/dataflow_in_loop_Depth_Loop_U0/read_big_tile_1_U0/mul_27s_27s_27_1_1_U61/i___343_i_1__0/O
                         net (fo=2, routed)           0.833     5.754    design_1_i/pipelined_layer_proc_0/inst/grp_dataflow_parent_loop_proc_fu_232/dataflow_in_loop_Depth_Loop_U0/read_big_tile_1_U0/mul_27s_27s_27_1_1_U61/i___343_i_1__0_n_5
    SLICE_X51Y107        LUT6 (Prop_lut6_I0_O)        0.124     5.878 r  design_1_i/pipelined_layer_proc_0/inst/grp_dataflow_parent_loop_proc_fu_232/dataflow_in_loop_Depth_Loop_U0/read_big_tile_1_U0/mul_27s_27s_27_1_1_U61/i___343_i_5__0/O
                         net (fo=1, routed)           0.000     5.878    design_1_i/pipelined_layer_proc_0/inst/grp_dataflow_parent_loop_proc_fu_232/dataflow_in_loop_Depth_Loop_U0/read_big_tile_1_U0/mul_27s_27s_27_1_1_U61/i___343_i_5__0_n_5
    SLICE_X51Y107        CARRY4 (Prop_carry4_S[3]_CO[3])
                                                      0.401     6.279 r  design_1_i/pipelined_layer_proc_0/inst/grp_dataflow_parent_loop_proc_fu_232/dataflow_in_loop_Depth_Loop_U0/read_big_tile_1_U0/mul_27s_27s_27_1_1_U61/dout_inferred__1/i___343/CO[3]
                         net (fo=1, routed)           0.000     6.279    design_1_i/pipelined_layer_proc_0/inst/grp_dataflow_parent_loop_proc_fu_232/dataflow_in_loop_Depth_Loop_U0/read_big_tile_1_U0/mul_27s_27s_27_1_1_U61/dout_inferred__1/i___343_n_5
    SLICE_X51Y108        CARRY4 (Prop_carry4_CI_O[3])
                                                      0.313     6.592 r  design_1_i/pipelined_layer_proc_0/inst/grp_dataflow_parent_loop_proc_fu_232/dataflow_in_loop_Depth_Loop_U0/read_big_tile_1_U0/mul_27s_27s_27_1_1_U61/dout_inferred__1/i___344/O[3]
                         net (fo=3, routed)           0.969     7.562    design_1_i/pipelined_layer_proc_0/inst/grp_dataflow_parent_loop_proc_fu_232/dataflow_in_loop_Depth_Loop_U0/read_big_tile_1_U0/mul_27s_27s_27_1_1_U61/dout_inferred__1/i___344_n_9
    SLICE_X48Y105        LUT3 (Prop_lut3_I2_O)        0.306     7.868 r  design_1_i/pipelined_layer_proc_0/inst/grp_dataflow_parent_loop_proc_fu_232/dataflow_in_loop_Depth_Loop_U0/read_big_tile_1_U0/mul_27s_27s_27_1_1_U61/i___390_i_4/O
                         net (fo=1, routed)           0.470     8.338    design_1_i/pipelined_layer_proc_0/inst/grp_dataflow_parent_loop_proc_fu_232/dataflow_in_loop_Depth_Loop_U0/read_big_tile_1_U0/mul_27s_27s_27_1_1_U61/i___390_i_4_n_5
    SLICE_X49Y107        CARRY4 (Prop_carry4_DI[0]_O[3])
                                                      0.615     8.953 r  design_1_i/pipelined_layer_proc_0/inst/grp_dataflow_parent_loop_proc_fu_232/dataflow_in_loop_Depth_Loop_U0/read_big_tile_1_U0/mul_27s_27s_27_1_1_U61/dout_inferred__1/i___390/O[3]
                         net (fo=3, routed)           0.709     9.662    design_1_i/pipelined_layer_proc_0/inst/grp_dataflow_parent_loop_proc_fu_232/dataflow_in_loop_Depth_Loop_U0/read_big_tile_1_U0/mul_27s_27s_27_1_1_U61/dout_inferred__1/i___390_n_9
    SLICE_X46Y107        LUT3 (Prop_lut3_I0_O)        0.306     9.968 r  design_1_i/pipelined_layer_proc_0/inst/grp_dataflow_parent_loop_proc_fu_232/dataflow_in_loop_Depth_Loop_U0/read_big_tile_1_U0/mul_27s_27s_27_1_1_U61/i___400_i_4/O
                         net (fo=1, routed)           0.676    10.644    design_1_i/pipelined_layer_proc_0/inst/grp_dataflow_parent_loop_proc_fu_232/dataflow_in_loop_Depth_Loop_U0/read_big_tile_1_U0/mul_27s_27s_27_1_1_U61/i___400_i_4_n_5
    SLICE_X46Y104        CARRY4 (Prop_carry4_DI[0]_O[1])
                                                      0.422    11.066 r  design_1_i/pipelined_layer_proc_0/inst/grp_dataflow_parent_loop_proc_fu_232/dataflow_in_loop_Depth_Loop_U0/read_big_tile_1_U0/mul_27s_27s_27_1_1_U61/dout_inferred__1/i___400/O[1]
                         net (fo=1, routed)           0.662    11.728    design_1_i/pipelined_layer_proc_0/inst/grp_dataflow_parent_loop_proc_fu_232_n_36
    SLICE_X45Y100        CARRY4 (Prop_carry4_S[1]_O[2])
                                                      0.886    12.614 r  design_1_i/pipelined_layer_proc_0/inst/mul_27s_27s_27_1_1_U61/mul_ln180_reg_155_reg[26]_i_10/O[2]
                         net (fo=2, routed)           0.784    13.397    design_1_i/pipelined_layer_proc_0/inst/dataflow_in_loop_Depth_Loop_U0/read_big_tile_1_U0/PCIN[22]
    SLICE_X44Y108        LUT2 (Prop_lut2_I0_O)        0.302    13.699 r  design_1_i/pipelined_layer_proc_0/inst/mul_27s_27s_27_1_1_U61/mul_ln180_reg_155[26]_i_13/O
                         net (fo=1, routed)           0.000    13.699    design_1_i/pipelined_layer_proc_0/inst/mul_27s_27s_27_1_1_U61/mul_ln180_reg_155[26]_i_13_n_5
    SLICE_X44Y108        CARRY4 (Prop_carry4_S[1]_O[2])
                                                      0.580    14.279 r  design_1_i/pipelined_layer_proc_0/inst/mul_27s_27s_27_1_1_U61/mul_ln180_reg_155_reg[26]_i_3/O[2]
                         net (fo=2, routed)           0.506    14.785    design_1_i/pipelined_layer_proc_0/inst/mul_27s_27s_27_1_1_U61/mul_ln180_reg_155_reg[26]_i_3_n_10
    SLICE_X41Y108        CARRY4 (Prop_carry4_DI[3]_CO[3])
                                                      0.563    15.348 r  design_1_i/pipelined_layer_proc_0/inst/mul_27s_27s_27_1_1_U61/mul_ln180_reg_155_reg[23]_i_1/CO[3]
                         net (fo=1, routed)           0.000    15.348    design_1_i/pipelined_layer_proc_0/inst/grp_dataflow_parent_loop_proc_fu_232/dataflow_in_loop_Depth_Loop_U0/read_big_tile_1_U0/mul_27s_27s_27_1_1_U61/mul_ln180_reg_155_reg[26][0]
    SLICE_X41Y109        CARRY4 (Prop_carry4_CI_O[1])
                                                      0.334    15.682 r  design_1_i/pipelined_layer_proc_0/inst/grp_dataflow_parent_loop_proc_fu_232/dataflow_in_loop_Depth_Loop_U0/read_big_tile_1_U0/mul_27s_27s_27_1_1_U61/mul_ln180_reg_155_reg[26]_i_1/O[1]
                         net (fo=1, routed)           0.000    15.682    design_1_i/pipelined_layer_proc_0/inst/grp_dataflow_parent_loop_proc_fu_232/dataflow_in_loop_Depth_Loop_U0/read_big_tile_1_U0/mul_ln180_fu_102_p2[25]
    SLICE_X41Y109        FDRE                                         r  design_1_i/pipelined_layer_proc_0/inst/grp_dataflow_parent_loop_proc_fu_232/dataflow_in_loop_Depth_Loop_U0/read_big_tile_1_U0/mul_ln180_reg_155_reg[25]/D
  -------------------------------------------------------------------    -------------------

                         (clock clk_fpga_0 rise edge)
                                                     10.000    10.000 r  
    PS7_X0Y0             PS7                          0.000    10.000 r  design_1_i/processing_system7_0/inst/PS7_i/FCLKCLK[0]
                         net (fo=1, routed)           1.088    11.088    design_1_i/processing_system7_0/inst/FCLK_CLK_unbuffered[0]
    BUFGCTRL_X0Y16       BUFG (Prop_bufg_I_O)         0.091    11.179 r  design_1_i/processing_system7_0/inst/buffer_fclk_clk_0.FCLK_CLK_0_BUFG/O
                         net (fo=59464, routed)       1.651    12.830    design_1_i/pipelined_layer_proc_0/inst/grp_dataflow_parent_loop_proc_fu_232/dataflow_in_loop_Depth_Loop_U0/read_big_tile_1_U0/ap_clk
    SLICE_X41Y109        FDRE                                         r  design_1_i/pipelined_layer_proc_0/inst/grp_dataflow_parent_loop_proc_fu_232/dataflow_in_loop_Depth_Loop_U0/read_big_tile_1_U0/mul_ln180_reg_155_reg[25]/C
                         clock pessimism              0.147    12.977    
                         clock uncertainty           -0.154    12.823    
    SLICE_X41Y109        FDRE (Setup_fdre_C_D)        0.062    12.885    design_1_i/pipelined_layer_proc_0/inst/grp_dataflow_parent_loop_proc_fu_232/dataflow_in_loop_Depth_Loop_U0/read_big_tile_1_U0/mul_ln180_reg_155_reg[25]
  -------------------------------------------------------------------
                         required time                         12.885    
                         arrival time                         -15.682    
  -------------------------------------------------------------------
                         slack                                 -2.797    

Slack (VIOLATED) :        -2.797ns  (required time - arrival time)
  Source:                 design_1_i/pipelined_layer_proc_0/inst/num_row_tiles_read_reg_449_reg[2]/C
                            (rising edge-triggered cell FDRE clocked by clk_fpga_0  {rise@0.000ns fall@5.000ns period=10.000ns})
  Destination:            design_1_i/pipelined_layer_proc_0/inst/mul_32ns_32ns_64_2_1_U1812/dout_reg[43]/D
                            (rising edge-triggered cell FDRE clocked by clk_fpga_0  {rise@0.000ns fall@5.000ns period=10.000ns})
  Path Group:             clk_fpga_0
  Path Type:              Setup (Max at Slow Process Corner)
  Requirement:            10.000ns  (clk_fpga_0 rise@10.000ns - clk_fpga_0 rise@0.000ns)
  Data Path Delay:        12.708ns  (logic 6.986ns (54.973%)  route 5.722ns (45.027%))
  Logic Levels:           22  (CARRY4=17 LUT2=1 LUT4=1 LUT6=3)
  Clock Path Skew:        0.003ns (DCD - SCD + CPR)
    Destination Clock Delay (DCD):    2.819ns = ( 12.819 - 10.000 ) 
    Source Clock Delay      (SCD):    2.945ns
    Clock Pessimism Removal (CPR):    0.129ns
  Clock Uncertainty:      0.154ns  ((TSJ^2 + TIJ^2)^1/2 + DJ) / 2 + PE
    Total System Jitter     (TSJ):    0.071ns
    Total Input Jitter      (TIJ):    0.300ns
    Discrete Jitter          (DJ):    0.000ns
    Phase Error              (PE):    0.000ns

    Location             Delay type                Incr(ns)  Path(ns)    Netlist Resource(s)
  -------------------------------------------------------------------    -------------------
                         (clock clk_fpga_0 rise edge)
                                                      0.000     0.000 r  
    PS7_X0Y0             PS7                          0.000     0.000 r  design_1_i/processing_system7_0/inst/PS7_i/FCLKCLK[0]
                         net (fo=1, routed)           1.193     1.193    design_1_i/processing_system7_0/inst/FCLK_CLK_unbuffered[0]
    BUFGCTRL_X0Y16       BUFG (Prop_bufg_I_O)         0.101     1.294 r  design_1_i/processing_system7_0/inst/buffer_fclk_clk_0.FCLK_CLK_0_BUFG/O
                         net (fo=59464, routed)       1.651     2.945    design_1_i/pipelined_layer_proc_0/inst/ap_clk
    SLICE_X46Y96         FDRE                                         r  design_1_i/pipelined_layer_proc_0/inst/num_row_tiles_read_reg_449_reg[2]/C
  -------------------------------------------------------------------    -------------------
    SLICE_X46Y96         FDRE (Prop_fdre_C_Q)         0.518     3.463 r  design_1_i/pipelined_layer_proc_0/inst/num_row_tiles_read_reg_449_reg[2]/Q
                         net (fo=65, routed)          1.459     4.922    design_1_i/pipelined_layer_proc_0/inst/mul_32ns_32ns_64_2_1_U1812/Q[2]
    SLICE_X54Y104        LUT6 (Prop_lut6_I1_O)        0.124     5.046 r  design_1_i/pipelined_layer_proc_0/inst/mul_32ns_32ns_64_2_1_U1812/i___319_i_1/O
                         net (fo=2, routed)           0.695     5.742    design_1_i/pipelined_layer_proc_0/inst/mul_32ns_32ns_64_2_1_U1812/i___319_i_1_n_5
    SLICE_X55Y106        LUT6 (Prop_lut6_I0_O)        0.124     5.866 r  design_1_i/pipelined_layer_proc_0/inst/mul_32ns_32ns_64_2_1_U1812/i___319_i_5/O
                         net (fo=1, routed)           0.000     5.866    design_1_i/pipelined_layer_proc_0/inst/mul_32ns_32ns_64_2_1_U1812/i___319_i_5_n_5
    SLICE_X55Y106        CARRY4 (Prop_carry4_S[3]_CO[3])
                                                      0.401     6.267 r  design_1_i/pipelined_layer_proc_0/inst/mul_32ns_32ns_64_2_1_U1812/tmp_product_inferred__4/i___319/CO[3]
                         net (fo=1, routed)           0.000     6.267    design_1_i/pipelined_layer_proc_0/inst/mul_32ns_32ns_64_2_1_U1812/tmp_product_inferred__4/i___319_n_5
    SLICE_X55Y107        CARRY4 (Prop_carry4_CI_CO[3])
                                                      0.114     6.381 r  design_1_i/pipelined_layer_proc_0/inst/mul_32ns_32ns_64_2_1_U1812/tmp_product_inferred__4/i___320/CO[3]
                         net (fo=1, routed)           0.000     6.381    design_1_i/pipelined_layer_proc_0/inst/mul_32ns_32ns_64_2_1_U1812/tmp_product_inferred__4/i___320_n_5
    SLICE_X55Y108        CARRY4 (Prop_carry4_CI_CO[3])
                                                      0.114     6.495 r  design_1_i/pipelined_layer_proc_0/inst/mul_32ns_32ns_64_2_1_U1812/tmp_product_inferred__4/i___321/CO[3]
                         net (fo=1, routed)           0.000     6.495    design_1_i/pipelined_layer_proc_0/inst/mul_32ns_32ns_64_2_1_U1812/tmp_product_inferred__4/i___321_n_5
    SLICE_X55Y109        CARRY4 (Prop_carry4_CI_CO[3])
                                                      0.114     6.609 r  design_1_i/pipelined_layer_proc_0/inst/mul_32ns_32ns_64_2_1_U1812/tmp_product_inferred__4/i___322/CO[3]
                         net (fo=1, routed)           0.000     6.609    design_1_i/pipelined_layer_proc_0/inst/mul_32ns_32ns_64_2_1_U1812/tmp_product_inferred__4/i___322_n_5
    SLICE_X55Y110        CARRY4 (Prop_carry4_CI_O[1])
                                                      0.334     6.943 r  design_1_i/pipelined_layer_proc_0/inst/mul_32ns_32ns_64_2_1_U1812/tmp_product_inferred__4/i___323/O[1]
                         net (fo=3, routed)           1.130     8.073    design_1_i/pipelined_layer_proc_0/inst/mul_32ns_32ns_64_2_1_U1812/tmp_product_inferred__4/i___323_n_11
    SLICE_X56Y108        LUT6 (Prop_lut6_I5_O)        0.303     8.376 r  design_1_i/pipelined_layer_proc_0/inst/mul_32ns_32ns_64_2_1_U1812/i___373_i_7/O
                         net (fo=1, routed)           0.000     8.376    design_1_i/pipelined_layer_proc_0/inst/mul_32ns_32ns_64_2_1_U1812/i___373_i_7_n_5
    SLICE_X56Y108        CARRY4 (Prop_carry4_S[1]_CO[3])
                                                      0.550     8.926 r  design_1_i/pipelined_layer_proc_0/inst/mul_32ns_32ns_64_2_1_U1812/tmp_product_inferred__4/i___373/CO[3]
                         net (fo=1, routed)           0.000     8.926    design_1_i/pipelined_layer_proc_0/inst/mul_32ns_32ns_64_2_1_U1812/tmp_product_inferred__4/i___373_n_5
    SLICE_X56Y109        CARRY4 (Prop_carry4_CI_O[1])
                                                      0.334     9.260 r  design_1_i/pipelined_layer_proc_0/inst/mul_32ns_32ns_64_2_1_U1812/tmp_product_inferred__4/i___374/O[1]
                         net (fo=3, routed)           1.139    10.398    design_1_i/pipelined_layer_proc_0/inst/mul_32ns_32ns_64_2_1_U1812/tmp_product_inferred__4/i___374_n_11
    SLICE_X55Y99         LUT4 (Prop_lut4_I2_O)        0.303    10.701 r  design_1_i/pipelined_layer_proc_0/inst/mul_32ns_32ns_64_2_1_U1812/i___384_i_7/O
                         net (fo=1, routed)           0.000    10.701    design_1_i/pipelined_layer_proc_0/inst/mul_32ns_32ns_64_2_1_U1812/i___384_i_7_n_5
    SLICE_X55Y99         CARRY4 (Prop_carry4_S[1]_CO[3])
                                                      0.550    11.251 r  design_1_i/pipelined_layer_proc_0/inst/mul_32ns_32ns_64_2_1_U1812/tmp_product_inferred__4/i___384/CO[3]
                         net (fo=1, routed)           0.001    11.252    design_1_i/pipelined_layer_proc_0/inst/mul_32ns_32ns_64_2_1_U1812/tmp_product_inferred__4/i___384_n_5
    SLICE_X55Y100        CARRY4 (Prop_carry4_CI_CO[3])
                                                      0.114    11.366 r  design_1_i/pipelined_layer_proc_0/inst/mul_32ns_32ns_64_2_1_U1812/tmp_product_inferred__4/i___385/CO[3]
                         net (fo=1, routed)           0.000    11.366    design_1_i/pipelined_layer_proc_0/inst/mul_32ns_32ns_64_2_1_U1812/tmp_product_inferred__4/i___385_n_5
    SLICE_X55Y101        CARRY4 (Prop_carry4_CI_O[1])
                                                      0.334    11.700 r  design_1_i/pipelined_layer_proc_0/inst/mul_32ns_32ns_64_2_1_U1812/tmp_product_inferred__4/i___386/O[1]
                         net (fo=11, routed)          0.667    12.367    design_1_i/pipelined_layer_proc_0/inst/mul_32ns_32ns_64_2_1_U1812/tmp_product_inferred__4/i___386_n_11
    SLICE_X54Y101        CARRY4 (Prop_carry4_S[1]_CO[3])
                                                      0.836    13.203 r  design_1_i/pipelined_layer_proc_0/inst/mul_32ns_32ns_64_2_1_U1812/i___39_i_1/CO[3]
                         net (fo=1, routed)           0.000    13.203    design_1_i/pipelined_layer_proc_0/inst/mul_32ns_32ns_64_2_1_U1812/i___39_i_1_n_5
    SLICE_X54Y102        CARRY4 (Prop_carry4_CI_CO[3])
                                                      0.117    13.320 r  design_1_i/pipelined_layer_proc_0/inst/mul_32ns_32ns_64_2_1_U1812/i___40_i_1/CO[3]
                         net (fo=1, routed)           0.000    13.320    design_1_i/pipelined_layer_proc_0/inst/mul_32ns_32ns_64_2_1_U1812/i___40_i_1_n_5
    SLICE_X54Y103        CARRY4 (Prop_carry4_CI_O[1])
                                                      0.323    13.643 r  design_1_i/pipelined_layer_proc_0/inst/mul_32ns_32ns_64_2_1_U1812/i___41_i_1/O[1]
                         net (fo=2, routed)           0.631    14.274    design_1_i/pipelined_layer_proc_0/inst/mul_32ns_32ns_64_2_1_U1812/PCIN__0[45]
    SLICE_X53Y103        LUT2 (Prop_lut2_I0_O)        0.306    14.580 r  design_1_i/pipelined_layer_proc_0/inst/mul_32ns_32ns_64_2_1_U1812/i___42_i_5/O
                         net (fo=1, routed)           0.000    14.580    design_1_i/pipelined_layer_proc_0/inst/mul_32ns_32ns_64_2_1_U1812/i___42_i_5_n_5
    SLICE_X53Y103        CARRY4 (Prop_carry4_S[0]_CO[3])
                                                      0.532    15.112 r  design_1_i/pipelined_layer_proc_0/inst/mul_32ns_32ns_64_2_1_U1812/tmp_product_inferred__7/i___42/CO[3]
                         net (fo=1, routed)           0.000    15.112    design_1_i/pipelined_layer_proc_0/inst/mul_32ns_32ns_64_2_1_U1812/tmp_product_inferred__7/i___42_n_5
    SLICE_X53Y104        CARRY4 (Prop_carry4_CI_CO[3])
                                                      0.114    15.226 r  design_1_i/pipelined_layer_proc_0/inst/mul_32ns_32ns_64_2_1_U1812/tmp_product_inferred__7/i___43/CO[3]
                         net (fo=1, routed)           0.000    15.226    design_1_i/pipelined_layer_proc_0/inst/mul_32ns_32ns_64_2_1_U1812/tmp_product_inferred__7/i___43_n_5
    SLICE_X53Y105        CARRY4 (Prop_carry4_CI_CO[3])
                                                      0.114    15.340 r  design_1_i/pipelined_layer_proc_0/inst/mul_32ns_32ns_64_2_1_U1812/tmp_product_inferred__7/i___44/CO[3]
                         net (fo=1, routed)           0.000    15.340    design_1_i/pipelined_layer_proc_0/inst/mul_32ns_32ns_64_2_1_U1812/tmp_product_inferred__7/i___44_n_5
    SLICE_X53Y106        CARRY4 (Prop_carry4_CI_O[3])
                                                      0.313    15.653 r  design_1_i/pipelined_layer_proc_0/inst/mul_32ns_32ns_64_2_1_U1812/tmp_product_inferred__7/i___45/O[3]
                         net (fo=1, routed)           0.000    15.653    design_1_i/pipelined_layer_proc_0/inst/mul_32ns_32ns_64_2_1_U1812/tmp_product_inferred__7/i___45_n_9
    SLICE_X53Y106        FDRE                                         r  design_1_i/pipelined_layer_proc_0/inst/mul_32ns_32ns_64_2_1_U1812/dout_reg[43]/D
  -------------------------------------------------------------------    -------------------

                         (clock clk_fpga_0 rise edge)
                                                     10.000    10.000 r  
    PS7_X0Y0             PS7                          0.000    10.000 r  design_1_i/processing_system7_0/inst/PS7_i/FCLKCLK[0]
                         net (fo=1, routed)           1.088    11.088    design_1_i/processing_system7_0/inst/FCLK_CLK_unbuffered[0]
    BUFGCTRL_X0Y16       BUFG (Prop_bufg_I_O)         0.091    11.179 r  design_1_i/processing_system7_0/inst/buffer_fclk_clk_0.FCLK_CLK_0_BUFG/O
                         net (fo=59464, routed)       1.640    12.819    design_1_i/pipelined_layer_proc_0/inst/mul_32ns_32ns_64_2_1_U1812/ap_clk
    SLICE_X53Y106        FDRE                                         r  design_1_i/pipelined_layer_proc_0/inst/mul_32ns_32ns_64_2_1_U1812/dout_reg[43]/C
                         clock pessimism              0.129    12.948    
                         clock uncertainty           -0.154    12.794    
    SLICE_X53Y106        FDRE (Setup_fdre_C_D)        0.062    12.856    design_1_i/pipelined_layer_proc_0/inst/mul_32ns_32ns_64_2_1_U1812/dout_reg[43]
  -------------------------------------------------------------------
                         required time                         12.856    
                         arrival time                         -15.653    
  -------------------------------------------------------------------
                         slack                                 -2.797    





Min Delay Paths
--------------------------------------------------------------------------------------
Slack (MET) :             0.010ns  (arrival time - required time)
  Source:                 design_1_i/pipelined_layer_proc_0/inst/grp_dataflow_parent_loop_proc_fu_232/dataflow_in_loop_Depth_Loop_U0/compute_systolic_U0/local_regs_V_76_1_fu_444_reg[8]/C
                            (rising edge-triggered cell FDRE clocked by clk_fpga_0  {rise@0.000ns fall@5.000ns period=10.000ns})
  Destination:            design_1_i/pipelined_layer_proc_0/inst/grp_dataflow_parent_loop_proc_fu_232/dataflow_in_loop_Depth_Loop_U0/compute_systolic_U0/grp_compute_systolic_Pipeline_Load_Cache_Row_fu_3428/local_regs_V_572_fu_1440_reg[8]/D
                            (rising edge-triggered cell FDRE clocked by clk_fpga_0  {rise@0.000ns fall@5.000ns period=10.000ns})
  Path Group:             clk_fpga_0
  Path Type:              Hold (Min at Fast Process Corner)
  Requirement:            0.000ns  (clk_fpga_0 rise@0.000ns - clk_fpga_0 rise@0.000ns)
  Data Path Delay:        0.368ns  (logic 0.186ns (50.550%)  route 0.182ns (49.450%))
  Logic Levels:           1  (LUT3=1)
  Clock Path Skew:        0.266ns (DCD - SCD - CPR)
    Destination Clock Delay (DCD):    1.190ns
    Source Clock Delay      (SCD):    0.889ns
    Clock Pessimism Removal (CPR):    0.035ns

    Location             Delay type                Incr(ns)  Path(ns)    Netlist Resource(s)
  -------------------------------------------------------------------    -------------------
                         (clock clk_fpga_0 rise edge)
                                                      0.000     0.000 r  
    PS7_X0Y0             PS7                          0.000     0.000 r  design_1_i/processing_system7_0/inst/PS7_i/FCLKCLK[0]
                         net (fo=1, routed)           0.310     0.310    design_1_i/processing_system7_0/inst/FCLK_CLK_unbuffered[0]
    BUFGCTRL_X0Y16       BUFG (Prop_bufg_I_O)         0.026     0.336 r  design_1_i/processing_system7_0/inst/buffer_fclk_clk_0.FCLK_CLK_0_BUFG/O
                         net (fo=59464, routed)       0.553     0.889    design_1_i/pipelined_layer_proc_0/inst/grp_dataflow_parent_loop_proc_fu_232/dataflow_in_loop_Depth_Loop_U0/compute_systolic_U0/ap_clk
    SLICE_X51Y52         FDRE                                         r  design_1_i/pipelined_layer_proc_0/inst/grp_dataflow_parent_loop_proc_fu_232/dataflow_in_loop_Depth_Loop_U0/compute_systolic_U0/local_regs_V_76_1_fu_444_reg[8]/C
  -------------------------------------------------------------------    -------------------
    SLICE_X51Y52         FDRE (Prop_fdre_C_Q)         0.141     1.030 r  design_1_i/pipelined_layer_proc_0/inst/grp_dataflow_parent_loop_proc_fu_232/dataflow_in_loop_Depth_Loop_U0/compute_systolic_U0/local_regs_V_76_1_fu_444_reg[8]/Q
                         net (fo=1, routed)           0.182     1.212    design_1_i/pipelined_layer_proc_0/inst/grp_dataflow_parent_loop_proc_fu_232/dataflow_in_loop_Depth_Loop_U0/compute_systolic_U0/grp_compute_systolic_Pipeline_Load_Cache_Row_fu_3428/flow_control_loop_pipe_sequential_init_U/local_regs_V_572_fu_1440_reg[31][8]
    SLICE_X49Y53         LUT3 (Prop_lut3_I0_O)        0.045     1.257 r  design_1_i/pipelined_layer_proc_0/inst/grp_dataflow_parent_loop_proc_fu_232/dataflow_in_loop_Depth_Loop_U0/compute_systolic_U0/grp_compute_systolic_Pipeline_Load_Cache_Row_fu_3428/flow_control_loop_pipe_sequential_init_U/local_regs_V_572_fu_1440[8]_i_1/O
                         net (fo=1, routed)           0.000     1.257    design_1_i/pipelined_layer_proc_0/inst/grp_dataflow_parent_loop_proc_fu_232/dataflow_in_loop_Depth_Loop_U0/compute_systolic_U0/grp_compute_systolic_Pipeline_Load_Cache_Row_fu_3428/flow_control_loop_pipe_sequential_init_U_n_2478
    SLICE_X49Y53         FDRE                                         r  design_1_i/pipelined_layer_proc_0/inst/grp_dataflow_parent_loop_proc_fu_232/dataflow_in_loop_Depth_Loop_U0/compute_systolic_U0/grp_compute_systolic_Pipeline_Load_Cache_Row_fu_3428/local_regs_V_572_fu_1440_reg[8]/D
  -------------------------------------------------------------------    -------------------

                         (clock clk_fpga_0 rise edge)
                                                      0.000     0.000 r  
    PS7_X0Y0             PS7                          0.000     0.000 r  design_1_i/processing_system7_0/inst/PS7_i/FCLKCLK[0]
                         net (fo=1, routed)           0.337     0.337    design_1_i/processing_system7_0/inst/FCLK_CLK_unbuffered[0]
    BUFGCTRL_X0Y16       BUFG (Prop_bufg_I_O)         0.029     0.366 r  design_1_i/processing_system7_0/inst/buffer_fclk_clk_0.FCLK_CLK_0_BUFG/O
                         net (fo=59464, routed)       0.824     1.190    design_1_i/pipelined_layer_proc_0/inst/grp_dataflow_parent_loop_proc_fu_232/dataflow_in_loop_Depth_Loop_U0/compute_systolic_U0/grp_compute_systolic_Pipeline_Load_Cache_Row_fu_3428/ap_clk
    SLICE_X49Y53         FDRE                                         r  design_1_i/pipelined_layer_proc_0/inst/grp_dataflow_parent_loop_proc_fu_232/dataflow_in_loop_Depth_Loop_U0/compute_systolic_U0/grp_compute_systolic_Pipeline_Load_Cache_Row_fu_3428/local_regs_V_572_fu_1440_reg[8]/C
                         clock pessimism             -0.035     1.155    
    SLICE_X49Y53         FDRE (Hold_fdre_C_D)         0.092     1.247    design_1_i/pipelined_layer_proc_0/inst/grp_dataflow_parent_loop_proc_fu_232/dataflow_in_loop_Depth_Loop_U0/compute_systolic_U0/grp_compute_systolic_Pipeline_Load_Cache_Row_fu_3428/local_regs_V_572_fu_1440_reg[8]
  -------------------------------------------------------------------
                         required time                         -1.247    
                         arrival time                           1.257    
  -------------------------------------------------------------------
                         slack                                  0.010    

Slack (MET) :             0.020ns  (arrival time - required time)
  Source:                 design_1_i/pipelined_layer_proc_0/inst/grp_dataflow_parent_loop_proc_fu_232/dataflow_in_loop_Depth_Loop_U0/compute_systolic_U0/local_regs_V_76_1_fu_444_reg[12]/C
                            (rising edge-triggered cell FDRE clocked by clk_fpga_0  {rise@0.000ns fall@5.000ns period=10.000ns})
  Destination:            design_1_i/pipelined_layer_proc_0/inst/grp_dataflow_parent_loop_proc_fu_232/dataflow_in_loop_Depth_Loop_U0/compute_systolic_U0/grp_compute_systolic_Pipeline_Load_Cache_Row_fu_3428/local_regs_V_572_fu_1440_reg[12]/D
                            (rising edge-triggered cell FDRE clocked by clk_fpga_0  {rise@0.000ns fall@5.000ns period=10.000ns})
  Path Group:             clk_fpga_0
  Path Type:              Hold (Min at Fast Process Corner)
  Requirement:            0.000ns  (clk_fpga_0 rise@0.000ns - clk_fpga_0 rise@0.000ns)
  Data Path Delay:        0.378ns  (logic 0.186ns (49.192%)  route 0.192ns (50.808%))
  Logic Levels:           1  (LUT3=1)
  Clock Path Skew:        0.267ns (DCD - SCD - CPR)
    Destination Clock Delay (DCD):    1.190ns
    Source Clock Delay      (SCD):    0.888ns
    Clock Pessimism Removal (CPR):    0.035ns

    Location             Delay type                Incr(ns)  Path(ns)    Netlist Resource(s)
  -------------------------------------------------------------------    -------------------
                         (clock clk_fpga_0 rise edge)
                                                      0.000     0.000 r  
    PS7_X0Y0             PS7                          0.000     0.000 r  design_1_i/processing_system7_0/inst/PS7_i/FCLKCLK[0]
                         net (fo=1, routed)           0.310     0.310    design_1_i/processing_system7_0/inst/FCLK_CLK_unbuffered[0]
    BUFGCTRL_X0Y16       BUFG (Prop_bufg_I_O)         0.026     0.336 r  design_1_i/processing_system7_0/inst/buffer_fclk_clk_0.FCLK_CLK_0_BUFG/O
                         net (fo=59464, routed)       0.552     0.888    design_1_i/pipelined_layer_proc_0/inst/grp_dataflow_parent_loop_proc_fu_232/dataflow_in_loop_Depth_Loop_U0/compute_systolic_U0/ap_clk
    SLICE_X52Y55         FDRE                                         r  design_1_i/pipelined_layer_proc_0/inst/grp_dataflow_parent_loop_proc_fu_232/dataflow_in_loop_Depth_Loop_U0/compute_systolic_U0/local_regs_V_76_1_fu_444_reg[12]/C
  -------------------------------------------------------------------    -------------------
    SLICE_X52Y55         FDRE (Prop_fdre_C_Q)         0.141     1.029 r  design_1_i/pipelined_layer_proc_0/inst/grp_dataflow_parent_loop_proc_fu_232/dataflow_in_loop_Depth_Loop_U0/compute_systolic_U0/local_regs_V_76_1_fu_444_reg[12]/Q
                         net (fo=1, routed)           0.192     1.221    design_1_i/pipelined_layer_proc_0/inst/grp_dataflow_parent_loop_proc_fu_232/dataflow_in_loop_Depth_Loop_U0/compute_systolic_U0/grp_compute_systolic_Pipeline_Load_Cache_Row_fu_3428/flow_control_loop_pipe_sequential_init_U/local_regs_V_572_fu_1440_reg[31][12]
    SLICE_X49Y55         LUT3 (Prop_lut3_I0_O)        0.045     1.266 r  design_1_i/pipelined_layer_proc_0/inst/grp_dataflow_parent_loop_proc_fu_232/dataflow_in_loop_Depth_Loop_U0/compute_systolic_U0/grp_compute_systolic_Pipeline_Load_Cache_Row_fu_3428/flow_control_loop_pipe_sequential_init_U/local_regs_V_572_fu_1440[12]_i_1/O
                         net (fo=1, routed)           0.000     1.266    design_1_i/pipelined_layer_proc_0/inst/grp_dataflow_parent_loop_proc_fu_232/dataflow_in_loop_Depth_Loop_U0/compute_systolic_U0/grp_compute_systolic_Pipeline_Load_Cache_Row_fu_3428/flow_control_loop_pipe_sequential_init_U_n_2474
    SLICE_X49Y55         FDRE                                         r  design_1_i/pipelined_layer_proc_0/inst/grp_dataflow_parent_loop_proc_fu_232/dataflow_in_loop_Depth_Loop_U0/compute_systolic_U0/grp_compute_systolic_Pipeline_Load_Cache_Row_fu_3428/local_regs_V_572_fu_1440_reg[12]/D
  -------------------------------------------------------------------    -------------------

                         (clock clk_fpga_0 rise edge)
                                                      0.000     0.000 r  
    PS7_X0Y0             PS7                          0.000     0.000 r  design_1_i/processing_system7_0/inst/PS7_i/FCLKCLK[0]
                         net (fo=1, routed)           0.337     0.337    design_1_i/processing_system7_0/inst/FCLK_CLK_unbuffered[0]
    BUFGCTRL_X0Y16       BUFG (Prop_bufg_I_O)         0.029     0.366 r  design_1_i/processing_system7_0/inst/buffer_fclk_clk_0.FCLK_CLK_0_BUFG/O
                         net (fo=59464, routed)       0.824     1.190    design_1_i/pipelined_layer_proc_0/inst/grp_dataflow_parent_loop_proc_fu_232/dataflow_in_loop_Depth_Loop_U0/compute_systolic_U0/grp_compute_systolic_Pipeline_Load_Cache_Row_fu_3428/ap_clk
    SLICE_X49Y55         FDRE                                         r  design_1_i/pipelined_layer_proc_0/inst/grp_dataflow_parent_loop_proc_fu_232/dataflow_in_loop_Depth_Loop_U0/compute_systolic_U0/grp_compute_systolic_Pipeline_Load_Cache_Row_fu_3428/local_regs_V_572_fu_1440_reg[12]/C
                         clock pessimism             -0.035     1.155    
    SLICE_X49Y55         FDRE (Hold_fdre_C_D)         0.091     1.246    design_1_i/pipelined_layer_proc_0/inst/grp_dataflow_parent_loop_proc_fu_232/dataflow_in_loop_Depth_Loop_U0/compute_systolic_U0/grp_compute_systolic_Pipeline_Load_Cache_Row_fu_3428/local_regs_V_572_fu_1440_reg[12]
  -------------------------------------------------------------------
                         required time                         -1.246    
                         arrival time                           1.266    
  -------------------------------------------------------------------
                         slack                                  0.020    

Slack (MET) :             0.020ns  (arrival time - required time)
  Source:                 design_1_i/pipelined_layer_proc_0/inst/gmem0_m_axi_U/store_unit/buff_wdata/U_fifo_mem/mem_reg_0/CLKARDCLK
                            (rising edge-triggered cell RAMB36E1 clocked by clk_fpga_0  {rise@0.000ns fall@5.000ns period=10.000ns})
  Destination:            design_1_i/pipelined_layer_proc_0/inst/gmem0_m_axi_U/bus_write/wreq_throttle/data_fifo/U_fifo_srl/mem_reg[62][16]_srl32/D
                            (rising edge-triggered cell SRLC32E clocked by clk_fpga_0  {rise@0.000ns fall@5.000ns period=10.000ns})
  Path Group:             clk_fpga_0
  Path Type:              Hold (Min at Fast Process Corner)
  Requirement:            0.000ns  (clk_fpga_0 rise@0.000ns - clk_fpga_0 rise@0.000ns)
  Data Path Delay:        0.444ns  (logic 0.204ns (45.907%)  route 0.240ns (54.093%))
  Logic Levels:           0  
  Clock Path Skew:        0.241ns (DCD - SCD - CPR)
    Destination Clock Delay (DCD):    1.249ns
    Source Clock Delay      (SCD):    0.978ns
    Clock Pessimism Removal (CPR):    0.030ns

    Location             Delay type                Incr(ns)  Path(ns)    Netlist Resource(s)
  -------------------------------------------------------------------    -------------------
                         (clock clk_fpga_0 rise edge)
                                                      0.000     0.000 r  
    PS7_X0Y0             PS7                          0.000     0.000 r  design_1_i/processing_system7_0/inst/PS7_i/FCLKCLK[0]
                         net (fo=1, routed)           0.310     0.310    design_1_i/processing_system7_0/inst/FCLK_CLK_unbuffered[0]
    BUFGCTRL_X0Y16       BUFG (Prop_bufg_I_O)         0.026     0.336 r  design_1_i/processing_system7_0/inst/buffer_fclk_clk_0.FCLK_CLK_0_BUFG/O
                         net (fo=59464, routed)       0.642     0.978    design_1_i/pipelined_layer_proc_0/inst/gmem0_m_axi_U/store_unit/buff_wdata/U_fifo_mem/ap_clk
    RAMB36_X4Y10         RAMB36E1                                     r  design_1_i/pipelined_layer_proc_0/inst/gmem0_m_axi_U/store_unit/buff_wdata/U_fifo_mem/mem_reg_0/CLKARDCLK
  -------------------------------------------------------------------    -------------------
    RAMB36_X4Y10         RAMB36E1 (Prop_ramb36e1_CLKARDCLK_DOADO[16])
                                                      0.204     1.182 r  design_1_i/pipelined_layer_proc_0/inst/gmem0_m_axi_U/store_unit/buff_wdata/U_fifo_mem/mem_reg_0/DOADO[16]
                         net (fo=1, routed)           0.240     1.422    design_1_i/pipelined_layer_proc_0/inst/gmem0_m_axi_U/bus_write/wreq_throttle/data_fifo/U_fifo_srl/in[16]
    SLICE_X92Y48         SRLC32E                                      r  design_1_i/pipelined_layer_proc_0/inst/gmem0_m_axi_U/bus_write/wreq_throttle/data_fifo/U_fifo_srl/mem_reg[62][16]_srl32/D
  -------------------------------------------------------------------    -------------------

                         (clock clk_fpga_0 rise edge)
                                                      0.000     0.000 r  
    PS7_X0Y0             PS7                          0.000     0.000 r  design_1_i/processing_system7_0/inst/PS7_i/FCLKCLK[0]
                         net (fo=1, routed)           0.337     0.337    design_1_i/processing_system7_0/inst/FCLK_CLK_unbuffered[0]
    BUFGCTRL_X0Y16       BUFG (Prop_bufg_I_O)         0.029     0.366 r  design_1_i/processing_system7_0/inst/buffer_fclk_clk_0.FCLK_CLK_0_BUFG/O
                         net (fo=59464, routed)       0.883     1.249    design_1_i/pipelined_layer_proc_0/inst/gmem0_m_axi_U/bus_write/wreq_throttle/data_fifo/U_fifo_srl/ap_clk
    SLICE_X92Y48         SRLC32E                                      r  design_1_i/pipelined_layer_proc_0/inst/gmem0_m_axi_U/bus_write/wreq_throttle/data_fifo/U_fifo_srl/mem_reg[62][16]_srl32/CLK
                         clock pessimism             -0.030     1.219    
    SLICE_X92Y48         SRLC32E (Hold_srlc32e_CLK_D)
                                                      0.183     1.402    design_1_i/pipelined_layer_proc_0/inst/gmem0_m_axi_U/bus_write/wreq_throttle/data_fifo/U_fifo_srl/mem_reg[62][16]_srl32
  -------------------------------------------------------------------
                         required time                         -1.402    
                         arrival time                           1.422    
  -------------------------------------------------------------------
                         slack                                  0.020    

Slack (MET) :             0.021ns  (arrival time - required time)
  Source:                 design_1_i/pipelined_layer_proc_0/inst/grp_dataflow_parent_loop_proc_fu_232/dataflow_in_loop_Depth_Loop_U0/compute_systolic_U0/grp_compute_systolic_Pipeline_Load_Cache_Row_fu_3428/local_regs_V_749_fu_2148_reg[25]/C
                            (rising edge-triggered cell FDRE clocked by clk_fpga_0  {rise@0.000ns fall@5.000ns period=10.000ns})
  Destination:            design_1_i/pipelined_layer_proc_0/inst/grp_dataflow_parent_loop_proc_fu_232/dataflow_in_loop_Depth_Loop_U0/compute_systolic_U0/grp_compute_systolic_Pipeline_Pulse_fu_3978/local_regs_V_2_fu_2674_reg[25]/D
                            (rising edge-triggered cell FDRE clocked by clk_fpga_0  {rise@0.000ns fall@5.000ns period=10.000ns})
  Path Group:             clk_fpga_0
  Path Type:              Hold (Min at Fast Process Corner)
  Requirement:            0.000ns  (clk_fpga_0 rise@0.000ns - clk_fpga_0 rise@0.000ns)
  Data Path Delay:        0.410ns  (logic 0.186ns (45.347%)  route 0.224ns (54.653%))
  Logic Levels:           1  (LUT4=1)
  Clock Path Skew:        0.269ns (DCD - SCD - CPR)
    Destination Clock Delay (DCD):    1.191ns
    Source Clock Delay      (SCD):    0.892ns
    Clock Pessimism Removal (CPR):    0.030ns

    Location             Delay type                Incr(ns)  Path(ns)    Netlist Resource(s)
  -------------------------------------------------------------------    -------------------
                         (clock clk_fpga_0 rise edge)
                                                      0.000     0.000 r  
    PS7_X0Y0             PS7                          0.000     0.000 r  design_1_i/processing_system7_0/inst/PS7_i/FCLKCLK[0]
                         net (fo=1, routed)           0.310     0.310    design_1_i/processing_system7_0/inst/FCLK_CLK_unbuffered[0]
    BUFGCTRL_X0Y16       BUFG (Prop_bufg_I_O)         0.026     0.336 r  design_1_i/processing_system7_0/inst/buffer_fclk_clk_0.FCLK_CLK_0_BUFG/O
                         net (fo=59464, routed)       0.556     0.892    design_1_i/pipelined_layer_proc_0/inst/grp_dataflow_parent_loop_proc_fu_232/dataflow_in_loop_Depth_Loop_U0/compute_systolic_U0/grp_compute_systolic_Pipeline_Load_Cache_Row_fu_3428/ap_clk
    SLICE_X49Y51         FDRE                                         r  design_1_i/pipelined_layer_proc_0/inst/grp_dataflow_parent_loop_proc_fu_232/dataflow_in_loop_Depth_Loop_U0/compute_systolic_U0/grp_compute_systolic_Pipeline_Load_Cache_Row_fu_3428/local_regs_V_749_fu_2148_reg[25]/C
  -------------------------------------------------------------------    -------------------
    SLICE_X49Y51         FDRE (Prop_fdre_C_Q)         0.141     1.033 r  design_1_i/pipelined_layer_proc_0/inst/grp_dataflow_parent_loop_proc_fu_232/dataflow_in_loop_Depth_Loop_U0/compute_systolic_U0/grp_compute_systolic_Pipeline_Load_Cache_Row_fu_3428/local_regs_V_749_fu_2148_reg[25]/Q
                         net (fo=1, routed)           0.224     1.257    design_1_i/pipelined_layer_proc_0/inst/grp_dataflow_parent_loop_proc_fu_232/dataflow_in_loop_Depth_Loop_U0/compute_systolic_U0/grp_compute_systolic_Pipeline_Pulse_fu_3978/flow_control_loop_pipe_sequential_init_U/local_regs_V_2_fu_2674_reg[31][25]
    SLICE_X50Y46         LUT4 (Prop_lut4_I2_O)        0.045     1.302 r  design_1_i/pipelined_layer_proc_0/inst/grp_dataflow_parent_loop_proc_fu_232/dataflow_in_loop_Depth_Loop_U0/compute_systolic_U0/grp_compute_systolic_Pipeline_Pulse_fu_3978/flow_control_loop_pipe_sequential_init_U/local_regs_V_2_fu_2674[25]_i_1/O
                         net (fo=1, routed)           0.000     1.302    design_1_i/pipelined_layer_proc_0/inst/grp_dataflow_parent_loop_proc_fu_232/dataflow_in_loop_Depth_Loop_U0/compute_systolic_U0/grp_compute_systolic_Pipeline_Pulse_fu_3978/flow_control_loop_pipe_sequential_init_U_n_4120
    SLICE_X50Y46         FDRE                                         r  design_1_i/pipelined_layer_proc_0/inst/grp_dataflow_parent_loop_proc_fu_232/dataflow_in_loop_Depth_Loop_U0/compute_systolic_U0/grp_compute_systolic_Pipeline_Pulse_fu_3978/local_regs_V_2_fu_2674_reg[25]/D
  -------------------------------------------------------------------    -------------------

                         (clock clk_fpga_0 rise edge)
                                                      0.000     0.000 r  
    PS7_X0Y0             PS7                          0.000     0.000 r  design_1_i/processing_system7_0/inst/PS7_i/FCLKCLK[0]
                         net (fo=1, routed)           0.337     0.337    design_1_i/processing_system7_0/inst/FCLK_CLK_unbuffered[0]
    BUFGCTRL_X0Y16       BUFG (Prop_bufg_I_O)         0.029     0.366 r  design_1_i/processing_system7_0/inst/buffer_fclk_clk_0.FCLK_CLK_0_BUFG/O
                         net (fo=59464, routed)       0.825     1.191    design_1_i/pipelined_layer_proc_0/inst/grp_dataflow_parent_loop_proc_fu_232/dataflow_in_loop_Depth_Loop_U0/compute_systolic_U0/grp_compute_systolic_Pipeline_Pulse_fu_3978/ap_clk
    SLICE_X50Y46         FDRE                                         r  design_1_i/pipelined_layer_proc_0/inst/grp_dataflow_parent_loop_proc_fu_232/dataflow_in_loop_Depth_Loop_U0/compute_systolic_U0/grp_compute_systolic_Pipeline_Pulse_fu_3978/local_regs_V_2_fu_2674_reg[25]/C
                         clock pessimism             -0.030     1.161    
    SLICE_X50Y46         FDRE (Hold_fdre_C_D)         0.120     1.281    design_1_i/pipelined_layer_proc_0/inst/grp_dataflow_parent_loop_proc_fu_232/dataflow_in_loop_Depth_Loop_U0/compute_systolic_U0/grp_compute_systolic_Pipeline_Pulse_fu_3978/local_regs_V_2_fu_2674_reg[25]
  -------------------------------------------------------------------
                         required time                         -1.281    
                         arrival time                           1.302    
  -------------------------------------------------------------------
                         slack                                  0.021    

Slack (MET) :             0.022ns  (arrival time - required time)
  Source:                 design_1_i/pipelined_layer_proc_0/inst/grp_dataflow_parent_loop_proc_fu_232/dataflow_in_loop_Depth_Loop_U0/tile_A_V_4_U/reg_q0_reg[66]/C
                            (rising edge-triggered cell FDRE clocked by clk_fpga_0  {rise@0.000ns fall@5.000ns period=10.000ns})
  Destination:            design_1_i/pipelined_layer_proc_0/inst/grp_dataflow_parent_loop_proc_fu_232/dataflow_in_loop_Depth_Loop_U0/compute_systolic_U0/big_tile_A_4_load_reg_14979_reg[66]/D
                            (rising edge-triggered cell FDRE clocked by clk_fpga_0  {rise@0.000ns fall@5.000ns period=10.000ns})
  Path Group:             clk_fpga_0
  Path Type:              Hold (Min at Fast Process Corner)
  Requirement:            0.000ns  (clk_fpga_0 rise@0.000ns - clk_fpga_0 rise@0.000ns)
  Data Path Delay:        0.377ns  (logic 0.226ns (59.956%)  route 0.151ns (40.044%))
  Logic Levels:           1  (LUT5=1)
  Clock Path Skew:        0.263ns (DCD - SCD - CPR)
    Destination Clock Delay (DCD):    1.219ns
    Source Clock Delay      (SCD):    0.926ns
    Clock Pessimism Removal (CPR):    0.030ns

    Location             Delay type                Incr(ns)  Path(ns)    Netlist Resource(s)
  -------------------------------------------------------------------    -------------------
                         (clock clk_fpga_0 rise edge)
                                                      0.000     0.000 r  
    PS7_X0Y0             PS7                          0.000     0.000 r  design_1_i/processing_system7_0/inst/PS7_i/FCLKCLK[0]
                         net (fo=1, routed)           0.310     0.310    design_1_i/processing_system7_0/inst/FCLK_CLK_unbuffered[0]
    BUFGCTRL_X0Y16       BUFG (Prop_bufg_I_O)         0.026     0.336 r  design_1_i/processing_system7_0/inst/buffer_fclk_clk_0.FCLK_CLK_0_BUFG/O
                         net (fo=59464, routed)       0.590     0.926    design_1_i/pipelined_layer_proc_0/inst/grp_dataflow_parent_loop_proc_fu_232/dataflow_in_loop_Depth_Loop_U0/tile_A_V_4_U/ap_clk
    SLICE_X80Y49         FDRE                                         r  design_1_i/pipelined_layer_proc_0/inst/grp_dataflow_parent_loop_proc_fu_232/dataflow_in_loop_Depth_Loop_U0/tile_A_V_4_U/reg_q0_reg[66]/C
  -------------------------------------------------------------------    -------------------
    SLICE_X80Y49         FDRE (Prop_fdre_C_Q)         0.128     1.054 r  design_1_i/pipelined_layer_proc_0/inst/grp_dataflow_parent_loop_proc_fu_232/dataflow_in_loop_Depth_Loop_U0/tile_A_V_4_U/reg_q0_reg[66]/Q
                         net (fo=1, routed)           0.151     1.204    design_1_i/pipelined_layer_proc_0/inst/grp_dataflow_parent_loop_proc_fu_232/dataflow_in_loop_Depth_Loop_U0/tile_A_V_4_U/gen_buffer[1].pipelined_layer_processor_dataflow_in_loop_Depth_Loop_tile_A_V_RAM_2P_BRAM_1R1W_memcore_U/Q[66]
    SLICE_X83Y50         LUT5 (Prop_lut5_I0_O)        0.098     1.302 r  design_1_i/pipelined_layer_proc_0/inst/grp_dataflow_parent_loop_proc_fu_232/dataflow_in_loop_Depth_Loop_U0/tile_A_V_4_U/gen_buffer[1].pipelined_layer_processor_dataflow_in_loop_Depth_Loop_tile_A_V_RAM_2P_BRAM_1R1W_memcore_U/big_tile_A_4_load_reg_14979[66]_i_1/O
                         net (fo=1, routed)           0.000     1.302    design_1_i/pipelined_layer_proc_0/inst/grp_dataflow_parent_loop_proc_fu_232/dataflow_in_loop_Depth_Loop_U0/compute_systolic_U0/big_tile_A_4_load_reg_14979_reg[255]_0[66]
    SLICE_X83Y50         FDRE                                         r  design_1_i/pipelined_layer_proc_0/inst/grp_dataflow_parent_loop_proc_fu_232/dataflow_in_loop_Depth_Loop_U0/compute_systolic_U0/big_tile_A_4_load_reg_14979_reg[66]/D
  -------------------------------------------------------------------    -------------------

                         (clock clk_fpga_0 rise edge)
                                                      0.000     0.000 r  
    PS7_X0Y0             PS7                          0.000     0.000 r  design_1_i/processing_system7_0/inst/PS7_i/FCLKCLK[0]
                         net (fo=1, routed)           0.337     0.337    design_1_i/processing_system7_0/inst/FCLK_CLK_unbuffered[0]
    BUFGCTRL_X0Y16       BUFG (Prop_bufg_I_O)         0.029     0.366 r  design_1_i/processing_system7_0/inst/buffer_fclk_clk_0.FCLK_CLK_0_BUFG/O
                         net (fo=59464, routed)       0.853     1.219    design_1_i/pipelined_layer_proc_0/inst/grp_dataflow_parent_loop_proc_fu_232/dataflow_in_loop_Depth_Loop_U0/compute_systolic_U0/ap_clk
    SLICE_X83Y50         FDRE                                         r  design_1_i/pipelined_layer_proc_0/inst/grp_dataflow_parent_loop_proc_fu_232/dataflow_in_loop_Depth_Loop_U0/compute_systolic_U0/big_tile_A_4_load_reg_14979_reg[66]/C
                         clock pessimism             -0.030     1.189    
    SLICE_X83Y50         FDRE (Hold_fdre_C_D)         0.092     1.281    design_1_i/pipelined_layer_proc_0/inst/grp_dataflow_parent_loop_proc_fu_232/dataflow_in_loop_Depth_Loop_U0/compute_systolic_U0/big_tile_A_4_load_reg_14979_reg[66]
  -------------------------------------------------------------------
                         required time                         -1.281    
                         arrival time                           1.302    
  -------------------------------------------------------------------
                         slack                                  0.022    

Slack (MET) :             0.024ns  (arrival time - required time)
  Source:                 design_1_i/pipelined_layer_proc_0/inst/grp_dataflow_parent_loop_proc_fu_232/dataflow_in_loop_Depth_Loop_U0/tile_A_V_10_U/reg_q0_reg[63]/C
                            (rising edge-triggered cell FDRE clocked by clk_fpga_0  {rise@0.000ns fall@5.000ns period=10.000ns})
  Destination:            design_1_i/pipelined_layer_proc_0/inst/grp_dataflow_parent_loop_proc_fu_232/dataflow_in_loop_Depth_Loop_U0/compute_systolic_U0/big_tile_A_10_load_reg_15009_reg[63]/D
                            (rising edge-triggered cell FDRE clocked by clk_fpga_0  {rise@0.000ns fall@5.000ns period=10.000ns})
  Path Group:             clk_fpga_0
  Path Type:              Hold (Min at Fast Process Corner)
  Requirement:            0.000ns  (clk_fpga_0 rise@0.000ns - clk_fpga_0 rise@0.000ns)
  Data Path Delay:        0.382ns  (logic 0.186ns (48.753%)  route 0.196ns (51.247%))
  Logic Levels:           1  (LUT5=1)
  Clock Path Skew:        0.265ns (DCD - SCD - CPR)
    Destination Clock Delay (DCD):    1.180ns
    Source Clock Delay      (SCD):    0.880ns
    Clock Pessimism Removal (CPR):    0.035ns

    Location             Delay type                Incr(ns)  Path(ns)    Netlist Resource(s)
  -------------------------------------------------------------------    -------------------
                         (clock clk_fpga_0 rise edge)
                                                      0.000     0.000 r  
    PS7_X0Y0             PS7                          0.000     0.000 r  design_1_i/processing_system7_0/inst/PS7_i/FCLKCLK[0]
                         net (fo=1, routed)           0.310     0.310    design_1_i/processing_system7_0/inst/FCLK_CLK_unbuffered[0]
    BUFGCTRL_X0Y16       BUFG (Prop_bufg_I_O)         0.026     0.336 r  design_1_i/processing_system7_0/inst/buffer_fclk_clk_0.FCLK_CLK_0_BUFG/O
                         net (fo=59464, routed)       0.544     0.880    design_1_i/pipelined_layer_proc_0/inst/grp_dataflow_parent_loop_proc_fu_232/dataflow_in_loop_Depth_Loop_U0/tile_A_V_10_U/ap_clk
    SLICE_X51Y80         FDRE                                         r  design_1_i/pipelined_layer_proc_0/inst/grp_dataflow_parent_loop_proc_fu_232/dataflow_in_loop_Depth_Loop_U0/tile_A_V_10_U/reg_q0_reg[63]/C
  -------------------------------------------------------------------    -------------------
    SLICE_X51Y80         FDRE (Prop_fdre_C_Q)         0.141     1.021 r  design_1_i/pipelined_layer_proc_0/inst/grp_dataflow_parent_loop_proc_fu_232/dataflow_in_loop_Depth_Loop_U0/tile_A_V_10_U/reg_q0_reg[63]/Q
                         net (fo=1, routed)           0.196     1.216    design_1_i/pipelined_layer_proc_0/inst/grp_dataflow_parent_loop_proc_fu_232/dataflow_in_loop_Depth_Loop_U0/tile_A_V_10_U/gen_buffer[1].pipelined_layer_processor_dataflow_in_loop_Depth_Loop_tile_A_V_RAM_2P_BRAM_1R1W_memcore_U/Q[63]
    SLICE_X48Y80         LUT5 (Prop_lut5_I0_O)        0.045     1.261 r  design_1_i/pipelined_layer_proc_0/inst/grp_dataflow_parent_loop_proc_fu_232/dataflow_in_loop_Depth_Loop_U0/tile_A_V_10_U/gen_buffer[1].pipelined_layer_processor_dataflow_in_loop_Depth_Loop_tile_A_V_RAM_2P_BRAM_1R1W_memcore_U/big_tile_A_10_load_reg_15009[63]_i_1/O
                         net (fo=1, routed)           0.000     1.261    design_1_i/pipelined_layer_proc_0/inst/grp_dataflow_parent_loop_proc_fu_232/dataflow_in_loop_Depth_Loop_U0/compute_systolic_U0/big_tile_A_10_load_reg_15009_reg[255]_0[63]
    SLICE_X48Y80         FDRE                                         r  design_1_i/pipelined_layer_proc_0/inst/grp_dataflow_parent_loop_proc_fu_232/dataflow_in_loop_Depth_Loop_U0/compute_systolic_U0/big_tile_A_10_load_reg_15009_reg[63]/D
  -------------------------------------------------------------------    -------------------

                         (clock clk_fpga_0 rise edge)
                                                      0.000     0.000 r  
    PS7_X0Y0             PS7                          0.000     0.000 r  design_1_i/processing_system7_0/inst/PS7_i/FCLKCLK[0]
                         net (fo=1, routed)           0.337     0.337    design_1_i/processing_system7_0/inst/FCLK_CLK_unbuffered[0]
    BUFGCTRL_X0Y16       BUFG (Prop_bufg_I_O)         0.029     0.366 r  design_1_i/processing_system7_0/inst/buffer_fclk_clk_0.FCLK_CLK_0_BUFG/O
                         net (fo=59464, routed)       0.814     1.180    design_1_i/pipelined_layer_proc_0/inst/grp_dataflow_parent_loop_proc_fu_232/dataflow_in_loop_Depth_Loop_U0/compute_systolic_U0/ap_clk
    SLICE_X48Y80         FDRE                                         r  design_1_i/pipelined_layer_proc_0/inst/grp_dataflow_parent_loop_proc_fu_232/dataflow_in_loop_Depth_Loop_U0/compute_systolic_U0/big_tile_A_10_load_reg_15009_reg[63]/C
                         clock pessimism             -0.035     1.145    
    SLICE_X48Y80         FDRE (Hold_fdre_C_D)         0.092     1.237    design_1_i/pipelined_layer_proc_0/inst/grp_dataflow_parent_loop_proc_fu_232/dataflow_in_loop_Depth_Loop_U0/compute_systolic_U0/big_tile_A_10_load_reg_15009_reg[63]
  -------------------------------------------------------------------
                         required time                         -1.237    
                         arrival time                           1.261    
  -------------------------------------------------------------------
                         slack                                  0.024    

Slack (MET) :             0.025ns  (arrival time - required time)
  Source:                 design_1_i/pipelined_layer_proc_0/inst/grp_dataflow_parent_loop_proc_fu_232/dataflow_in_loop_Depth_Loop_U0/tile_A_V_12_U/reg_q0_reg[79]/C
                            (rising edge-triggered cell FDRE clocked by clk_fpga_0  {rise@0.000ns fall@5.000ns period=10.000ns})
  Destination:            design_1_i/pipelined_layer_proc_0/inst/grp_dataflow_parent_loop_proc_fu_232/dataflow_in_loop_Depth_Loop_U0/compute_systolic_U0/big_tile_A_12_load_reg_15019_reg[79]/D
                            (rising edge-triggered cell FDRE clocked by clk_fpga_0  {rise@0.000ns fall@5.000ns period=10.000ns})
  Path Group:             clk_fpga_0
  Path Type:              Hold (Min at Fast Process Corner)
  Requirement:            0.000ns  (clk_fpga_0 rise@0.000ns - clk_fpga_0 rise@0.000ns)
  Data Path Delay:        0.375ns  (logic 0.226ns (60.294%)  route 0.149ns (39.706%))
  Logic Levels:           1  (LUT5=1)
  Clock Path Skew:        0.258ns (DCD - SCD - CPR)
    Destination Clock Delay (DCD):    1.178ns
    Source Clock Delay      (SCD):    0.885ns
    Clock Pessimism Removal (CPR):    0.035ns

    Location             Delay type                Incr(ns)  Path(ns)    Netlist Resource(s)
  -------------------------------------------------------------------    -------------------
                         (clock clk_fpga_0 rise edge)
                                                      0.000     0.000 r  
    PS7_X0Y0             PS7                          0.000     0.000 r  design_1_i/processing_system7_0/inst/PS7_i/FCLKCLK[0]
                         net (fo=1, routed)           0.310     0.310    design_1_i/processing_system7_0/inst/FCLK_CLK_unbuffered[0]
    BUFGCTRL_X0Y16       BUFG (Prop_bufg_I_O)         0.026     0.336 r  design_1_i/processing_system7_0/inst/buffer_fclk_clk_0.FCLK_CLK_0_BUFG/O
                         net (fo=59464, routed)       0.549     0.885    design_1_i/pipelined_layer_proc_0/inst/grp_dataflow_parent_loop_proc_fu_232/dataflow_in_loop_Depth_Loop_U0/tile_A_V_12_U/ap_clk
    SLICE_X49Y67         FDRE                                         r  design_1_i/pipelined_layer_proc_0/inst/grp_dataflow_parent_loop_proc_fu_232/dataflow_in_loop_Depth_Loop_U0/tile_A_V_12_U/reg_q0_reg[79]/C
  -------------------------------------------------------------------    -------------------
    SLICE_X49Y67         FDRE (Prop_fdre_C_Q)         0.128     1.013 r  design_1_i/pipelined_layer_proc_0/inst/grp_dataflow_parent_loop_proc_fu_232/dataflow_in_loop_Depth_Loop_U0/tile_A_V_12_U/reg_q0_reg[79]/Q
                         net (fo=1, routed)           0.149     1.161    design_1_i/pipelined_layer_proc_0/inst/grp_dataflow_parent_loop_proc_fu_232/dataflow_in_loop_Depth_Loop_U0/tile_A_V_12_U/gen_buffer[1].pipelined_layer_processor_dataflow_in_loop_Depth_Loop_tile_A_V_RAM_2P_BRAM_1R1W_memcore_U/Q[79]
    SLICE_X51Y67         LUT5 (Prop_lut5_I0_O)        0.098     1.259 r  design_1_i/pipelined_layer_proc_0/inst/grp_dataflow_parent_loop_proc_fu_232/dataflow_in_loop_Depth_Loop_U0/tile_A_V_12_U/gen_buffer[1].pipelined_layer_processor_dataflow_in_loop_Depth_Loop_tile_A_V_RAM_2P_BRAM_1R1W_memcore_U/big_tile_A_12_load_reg_15019[79]_i_1/O
                         net (fo=1, routed)           0.000     1.259    design_1_i/pipelined_layer_proc_0/inst/grp_dataflow_parent_loop_proc_fu_232/dataflow_in_loop_Depth_Loop_U0/compute_systolic_U0/big_tile_A_12_load_reg_15019_reg[255]_0[79]
    SLICE_X51Y67         FDRE                                         r  design_1_i/pipelined_layer_proc_0/inst/grp_dataflow_parent_loop_proc_fu_232/dataflow_in_loop_Depth_Loop_U0/compute_systolic_U0/big_tile_A_12_load_reg_15019_reg[79]/D
  -------------------------------------------------------------------    -------------------

                         (clock clk_fpga_0 rise edge)
                                                      0.000     0.000 r  
    PS7_X0Y0             PS7                          0.000     0.000 r  design_1_i/processing_system7_0/inst/PS7_i/FCLKCLK[0]
                         net (fo=1, routed)           0.337     0.337    design_1_i/processing_system7_0/inst/FCLK_CLK_unbuffered[0]
    BUFGCTRL_X0Y16       BUFG (Prop_bufg_I_O)         0.029     0.366 r  design_1_i/processing_system7_0/inst/buffer_fclk_clk_0.FCLK_CLK_0_BUFG/O
                         net (fo=59464, routed)       0.812     1.178    design_1_i/pipelined_layer_proc_0/inst/grp_dataflow_parent_loop_proc_fu_232/dataflow_in_loop_Depth_Loop_U0/compute_systolic_U0/ap_clk
    SLICE_X51Y67         FDRE                                         r  design_1_i/pipelined_layer_proc_0/inst/grp_dataflow_parent_loop_proc_fu_232/dataflow_in_loop_Depth_Loop_U0/compute_systolic_U0/big_tile_A_12_load_reg_15019_reg[79]/C
                         clock pessimism             -0.035     1.143    
    SLICE_X51Y67         FDRE (Hold_fdre_C_D)         0.092     1.235    design_1_i/pipelined_layer_proc_0/inst/grp_dataflow_parent_loop_proc_fu_232/dataflow_in_loop_Depth_Loop_U0/compute_systolic_U0/big_tile_A_12_load_reg_15019_reg[79]
  -------------------------------------------------------------------
                         required time                         -1.235    
                         arrival time                           1.259    
  -------------------------------------------------------------------
                         slack                                  0.025    

Slack (MET) :             0.025ns  (arrival time - required time)
  Source:                 design_1_i/smartconnect_1/inst/s00_entry_pipeline/s00_mmu/inst/w_sreg/m_vector_i_reg[1173]/C
                            (rising edge-triggered cell FDRE clocked by clk_fpga_0  {rise@0.000ns fall@5.000ns period=10.000ns})
  Destination:            design_1_i/smartconnect_1/inst/s00_nodes/s00_w_node/inst/inst_mi_handler/gen_normal_area.inst_fifo_node_payld/gen_xpm_memory_fifo.inst_fifo/gen_mem_rep[1].inst_xpm_memory/xpm_memory_base_inst/gen_wr_a.gen_word_narrow.mem_reg_0_31_30_35/RAMA_D1/I
                            (rising edge-triggered cell RAMD32 clocked by clk_fpga_0  {rise@0.000ns fall@5.000ns period=10.000ns})
  Path Group:             clk_fpga_0
  Path Type:              Hold (Min at Fast Process Corner)
  Requirement:            0.000ns  (clk_fpga_0 rise@0.000ns - clk_fpga_0 rise@0.000ns)
  Data Path Delay:        0.347ns  (logic 0.128ns (36.861%)  route 0.219ns (63.139%))
  Logic Levels:           0  
  Clock Path Skew:        0.256ns (DCD - SCD - CPR)
    Destination Clock Delay (DCD):    1.176ns
    Source Clock Delay      (SCD):    0.885ns
    Clock Pessimism Removal (CPR):    0.035ns

    Location             Delay type                Incr(ns)  Path(ns)    Netlist Resource(s)
  -------------------------------------------------------------------    -------------------
                         (clock clk_fpga_0 rise edge)
                                                      0.000     0.000 r  
    PS7_X0Y0             PS7                          0.000     0.000 r  design_1_i/processing_system7_0/inst/PS7_i/FCLKCLK[0]
                         net (fo=1, routed)           0.310     0.310    design_1_i/processing_system7_0/inst/FCLK_CLK_unbuffered[0]
    BUFGCTRL_X0Y16       BUFG (Prop_bufg_I_O)         0.026     0.336 r  design_1_i/processing_system7_0/inst/buffer_fclk_clk_0.FCLK_CLK_0_BUFG/O
                         net (fo=59464, routed)       0.549     0.885    design_1_i/smartconnect_1/inst/s00_entry_pipeline/s00_mmu/inst/w_sreg/aclk
    SLICE_X45Y68         FDRE                                         r  design_1_i/smartconnect_1/inst/s00_entry_pipeline/s00_mmu/inst/w_sreg/m_vector_i_reg[1173]/C
  -------------------------------------------------------------------    -------------------
    SLICE_X45Y68         FDRE (Prop_fdre_C_Q)         0.128     1.013 r  design_1_i/smartconnect_1/inst/s00_entry_pipeline/s00_mmu/inst/w_sreg/m_vector_i_reg[1173]/Q
                         net (fo=1, routed)           0.219     1.232    design_1_i/smartconnect_1/inst/s00_nodes/s00_w_node/inst/inst_mi_handler/gen_normal_area.inst_fifo_node_payld/gen_xpm_memory_fifo.inst_fifo/gen_mem_rep[1].inst_xpm_memory/xpm_memory_base_inst/gen_wr_a.gen_word_narrow.mem_reg_0_31_30_35/DIA1
    SLICE_X50Y69         RAMD32                                       r  design_1_i/smartconnect_1/inst/s00_nodes/s00_w_node/inst/inst_mi_handler/gen_normal_area.inst_fifo_node_payld/gen_xpm_memory_fifo.inst_fifo/gen_mem_rep[1].inst_xpm_memory/xpm_memory_base_inst/gen_wr_a.gen_word_narrow.mem_reg_0_31_30_35/RAMA_D1/I
  -------------------------------------------------------------------    -------------------

                         (clock clk_fpga_0 rise edge)
                                                      0.000     0.000 r  
    PS7_X0Y0             PS7                          0.000     0.000 r  design_1_i/processing_system7_0/inst/PS7_i/FCLKCLK[0]
                         net (fo=1, routed)           0.337     0.337    design_1_i/processing_system7_0/inst/FCLK_CLK_unbuffered[0]
    BUFGCTRL_X0Y16       BUFG (Prop_bufg_I_O)         0.029     0.366 r  design_1_i/processing_system7_0/inst/buffer_fclk_clk_0.FCLK_CLK_0_BUFG/O
                         net (fo=59464, routed)       0.810     1.176    design_1_i/smartconnect_1/inst/s00_nodes/s00_w_node/inst/inst_mi_handler/gen_normal_area.inst_fifo_node_payld/gen_xpm_memory_fifo.inst_fifo/gen_mem_rep[1].inst_xpm_memory/xpm_memory_base_inst/gen_wr_a.gen_word_narrow.mem_reg_0_31_30_35/WCLK
    SLICE_X50Y69         RAMD32                                       r  design_1_i/smartconnect_1/inst/s00_nodes/s00_w_node/inst/inst_mi_handler/gen_normal_area.inst_fifo_node_payld/gen_xpm_memory_fifo.inst_fifo/gen_mem_rep[1].inst_xpm_memory/xpm_memory_base_inst/gen_wr_a.gen_word_narrow.mem_reg_0_31_30_35/RAMA_D1/CLK
                         clock pessimism             -0.035     1.141    
    SLICE_X50Y69         RAMD32 (Hold_ramd32_CLK_I)
                                                      0.066     1.207    design_1_i/smartconnect_1/inst/s00_nodes/s00_w_node/inst/inst_mi_handler/gen_normal_area.inst_fifo_node_payld/gen_xpm_memory_fifo.inst_fifo/gen_mem_rep[1].inst_xpm_memory/xpm_memory_base_inst/gen_wr_a.gen_word_narrow.mem_reg_0_31_30_35/RAMA_D1
  -------------------------------------------------------------------
                         required time                         -1.207    
                         arrival time                           1.232    
  -------------------------------------------------------------------
                         slack                                  0.025    

Slack (MET) :             0.026ns  (arrival time - required time)
  Source:                 design_1_i/smartconnect_1/inst/s01_entry_pipeline/s01_mmu/inst/ar_reg_stall/skid_buffer_reg[1026]/C
                            (rising edge-triggered cell FDRE clocked by clk_fpga_0  {rise@0.000ns fall@5.000ns period=10.000ns})
  Destination:            design_1_i/smartconnect_1/inst/s01_entry_pipeline/s01_mmu/inst/ar_reg_stall/m_vector_i_reg[1026]/D
                            (rising edge-triggered cell FDRE clocked by clk_fpga_0  {rise@0.000ns fall@5.000ns period=10.000ns})
  Path Group:             clk_fpga_0
  Path Type:              Hold (Min at Fast Process Corner)
  Requirement:            0.000ns  (clk_fpga_0 rise@0.000ns - clk_fpga_0 rise@0.000ns)
  Data Path Delay:        0.378ns  (logic 0.186ns (49.190%)  route 0.192ns (50.810%))
  Logic Levels:           1  (LUT3=1)
  Clock Path Skew:        0.260ns (DCD - SCD - CPR)
    Destination Clock Delay (DCD):    1.184ns
    Source Clock Delay      (SCD):    0.889ns
    Clock Pessimism Removal (CPR):    0.035ns

    Location             Delay type                Incr(ns)  Path(ns)    Netlist Resource(s)
  -------------------------------------------------------------------    -------------------
                         (clock clk_fpga_0 rise edge)
                                                      0.000     0.000 r  
    PS7_X0Y0             PS7                          0.000     0.000 r  design_1_i/processing_system7_0/inst/PS7_i/FCLKCLK[0]
                         net (fo=1, routed)           0.310     0.310    design_1_i/processing_system7_0/inst/FCLK_CLK_unbuffered[0]
    BUFGCTRL_X0Y16       BUFG (Prop_bufg_I_O)         0.026     0.336 r  design_1_i/processing_system7_0/inst/buffer_fclk_clk_0.FCLK_CLK_0_BUFG/O
                         net (fo=59464, routed)       0.553     0.889    design_1_i/smartconnect_1/inst/s01_entry_pipeline/s01_mmu/inst/ar_reg_stall/aclk
    SLICE_X48Y60         FDRE                                         r  design_1_i/smartconnect_1/inst/s01_entry_pipeline/s01_mmu/inst/ar_reg_stall/skid_buffer_reg[1026]/C
  -------------------------------------------------------------------    -------------------
    SLICE_X48Y60         FDRE (Prop_fdre_C_Q)         0.141     1.030 r  design_1_i/smartconnect_1/inst/s01_entry_pipeline/s01_mmu/inst/ar_reg_stall/skid_buffer_reg[1026]/Q
                         net (fo=1, routed)           0.192     1.222    design_1_i/smartconnect_1/inst/s01_entry_pipeline/s01_mmu/inst/ar_reg_stall/skid_buffer_reg_n_0_[1026]
    SLICE_X53Y61         LUT3 (Prop_lut3_I0_O)        0.045     1.267 r  design_1_i/smartconnect_1/inst/s01_entry_pipeline/s01_mmu/inst/ar_reg_stall/m_vector_i[1026]_i_1/O
                         net (fo=1, routed)           0.000     1.267    design_1_i/smartconnect_1/inst/s01_entry_pipeline/s01_mmu/inst/ar_reg_stall/m_vector_i[1026]_i_1_n_0
    SLICE_X53Y61         FDRE                                         r  design_1_i/smartconnect_1/inst/s01_entry_pipeline/s01_mmu/inst/ar_reg_stall/m_vector_i_reg[1026]/D
  -------------------------------------------------------------------    -------------------

                         (clock clk_fpga_0 rise edge)
                                                      0.000     0.000 r  
    PS7_X0Y0             PS7                          0.000     0.000 r  design_1_i/processing_system7_0/inst/PS7_i/FCLKCLK[0]
                         net (fo=1, routed)           0.337     0.337    design_1_i/processing_system7_0/inst/FCLK_CLK_unbuffered[0]
    BUFGCTRL_X0Y16       BUFG (Prop_bufg_I_O)         0.029     0.366 r  design_1_i/processing_system7_0/inst/buffer_fclk_clk_0.FCLK_CLK_0_BUFG/O
                         net (fo=59464, routed)       0.818     1.184    design_1_i/smartconnect_1/inst/s01_entry_pipeline/s01_mmu/inst/ar_reg_stall/aclk
    SLICE_X53Y61         FDRE                                         r  design_1_i/smartconnect_1/inst/s01_entry_pipeline/s01_mmu/inst/ar_reg_stall/m_vector_i_reg[1026]/C
                         clock pessimism             -0.035     1.149    
    SLICE_X53Y61         FDRE (Hold_fdre_C_D)         0.092     1.241    design_1_i/smartconnect_1/inst/s01_entry_pipeline/s01_mmu/inst/ar_reg_stall/m_vector_i_reg[1026]
  -------------------------------------------------------------------
                         required time                         -1.241    
                         arrival time                           1.267    
  -------------------------------------------------------------------
                         slack                                  0.026    

Slack (MET) :             0.027ns  (arrival time - required time)
  Source:                 design_1_i/pipelined_layer_proc_0/inst/grp_dataflow_parent_loop_proc_fu_232/dataflow_in_loop_Depth_Loop_U0/compute_systolic_U0/grp_compute_systolic_Pipeline_Pulse_fu_3978/local_regs_V_137_fu_2134_reg[27]/C
                            (rising edge-triggered cell FDRE clocked by clk_fpga_0  {rise@0.000ns fall@5.000ns period=10.000ns})
  Destination:            design_1_i/pipelined_layer_proc_0/inst/grp_dataflow_parent_loop_proc_fu_232/dataflow_in_loop_Depth_Loop_U0/compute_systolic_U0/local_regs_V_118_1_fu_612_reg[27]/D
                            (rising edge-triggered cell FDRE clocked by clk_fpga_0  {rise@0.000ns fall@5.000ns period=10.000ns})
  Path Group:             clk_fpga_0
  Path Type:              Hold (Min at Fast Process Corner)
  Requirement:            0.000ns  (clk_fpga_0 rise@0.000ns - clk_fpga_0 rise@0.000ns)
  Data Path Delay:        0.297ns  (logic 0.128ns (43.095%)  route 0.169ns (56.904%))
  Logic Levels:           0  
  Clock Path Skew:        0.261ns (DCD - SCD - CPR)
    Destination Clock Delay (DCD):    1.273ns
    Source Clock Delay      (SCD):    0.973ns
    Clock Pessimism Removal (CPR):    0.039ns

    Location             Delay type                Incr(ns)  Path(ns)    Netlist Resource(s)
  -------------------------------------------------------------------    -------------------
                         (clock clk_fpga_0 rise edge)
                                                      0.000     0.000 r  
    PS7_X0Y0             PS7                          0.000     0.000 r  design_1_i/processing_system7_0/inst/PS7_i/FCLKCLK[0]
                         net (fo=1, routed)           0.310     0.310    design_1_i/processing_system7_0/inst/FCLK_CLK_unbuffered[0]
    BUFGCTRL_X0Y16       BUFG (Prop_bufg_I_O)         0.026     0.336 r  design_1_i/processing_system7_0/inst/buffer_fclk_clk_0.FCLK_CLK_0_BUFG/O
                         net (fo=59464, routed)       0.637     0.973    design_1_i/pipelined_layer_proc_0/inst/grp_dataflow_parent_loop_proc_fu_232/dataflow_in_loop_Depth_Loop_U0/compute_systolic_U0/grp_compute_systolic_Pipeline_Pulse_fu_3978/ap_clk
    SLICE_X49Y146        FDRE                                         r  design_1_i/pipelined_layer_proc_0/inst/grp_dataflow_parent_loop_proc_fu_232/dataflow_in_loop_Depth_Loop_U0/compute_systolic_U0/grp_compute_systolic_Pipeline_Pulse_fu_3978/local_regs_V_137_fu_2134_reg[27]/C
  -------------------------------------------------------------------    -------------------
    SLICE_X49Y146        FDRE (Prop_fdre_C_Q)         0.128     1.101 r  design_1_i/pipelined_layer_proc_0/inst/grp_dataflow_parent_loop_proc_fu_232/dataflow_in_loop_Depth_Loop_U0/compute_systolic_U0/grp_compute_systolic_Pipeline_Pulse_fu_3978/local_regs_V_137_fu_2134_reg[27]/Q
                         net (fo=2, routed)           0.169     1.270    design_1_i/pipelined_layer_proc_0/inst/grp_dataflow_parent_loop_proc_fu_232/dataflow_in_loop_Depth_Loop_U0/compute_systolic_U0/grp_compute_systolic_Pipeline_Pulse_fu_3978_local_regs_V_137_out[27]
    SLICE_X50Y147        FDRE                                         r  design_1_i/pipelined_layer_proc_0/inst/grp_dataflow_parent_loop_proc_fu_232/dataflow_in_loop_Depth_Loop_U0/compute_systolic_U0/local_regs_V_118_1_fu_612_reg[27]/D
  -------------------------------------------------------------------    -------------------

                         (clock clk_fpga_0 rise edge)
                                                      0.000     0.000 r  
    PS7_X0Y0             PS7                          0.000     0.000 r  design_1_i/processing_system7_0/inst/PS7_i/FCLKCLK[0]
                         net (fo=1, routed)           0.337     0.337    design_1_i/processing_system7_0/inst/FCLK_CLK_unbuffered[0]
    BUFGCTRL_X0Y16       BUFG (Prop_bufg_I_O)         0.029     0.366 r  design_1_i/processing_system7_0/inst/buffer_fclk_clk_0.FCLK_CLK_0_BUFG/O
                         net (fo=59464, routed)       0.907     1.273    design_1_i/pipelined_layer_proc_0/inst/grp_dataflow_parent_loop_proc_fu_232/dataflow_in_loop_Depth_Loop_U0/compute_systolic_U0/ap_clk
    SLICE_X50Y147        FDRE                                         r  design_1_i/pipelined_layer_proc_0/inst/grp_dataflow_parent_loop_proc_fu_232/dataflow_in_loop_Depth_Loop_U0/compute_systolic_U0/local_regs_V_118_1_fu_612_reg[27]/C
                         clock pessimism             -0.039     1.234    
    SLICE_X50Y147        FDRE (Hold_fdre_C_D)         0.009     1.243    design_1_i/pipelined_layer_proc_0/inst/grp_dataflow_parent_loop_proc_fu_232/dataflow_in_loop_Depth_Loop_U0/compute_systolic_U0/local_regs_V_118_1_fu_612_reg[27]
  -------------------------------------------------------------------
                         required time                         -1.243    
                         arrival time                           1.270    
  -------------------------------------------------------------------
                         slack                                  0.027    





Pulse Width Checks
--------------------------------------------------------------------------------------
Clock Name:         clk_fpga_0
Waveform(ns):       { 0.000 5.000 }
Period(ns):         10.000
Sources:            { design_1_i/processing_system7_0/inst/PS7_i/FCLKCLK[0] }

Check Type        Corner  Lib Pin             Reference Pin  Required(ns)  Actual(ns)  Slack(ns)  Location       Pin
Min Period        n/a     RAMB36E1/CLKARDCLK  n/a            2.944         10.000      7.056      RAMB36_X2Y6    design_1_i/pipelined_layer_proc_0/inst/gmem0_m_axi_U/load_unit/buff_rdata/U_fifo_mem/mem_reg_0/CLKARDCLK
Min Period        n/a     RAMB36E1/CLKBWRCLK  n/a            2.944         10.000      7.056      RAMB36_X2Y6    design_1_i/pipelined_layer_proc_0/inst/gmem0_m_axi_U/load_unit/buff_rdata/U_fifo_mem/mem_reg_0/CLKBWRCLK
Min Period        n/a     RAMB36E1/CLKARDCLK  n/a            2.944         10.000      7.056      RAMB36_X4Y5    design_1_i/pipelined_layer_proc_0/inst/gmem0_m_axi_U/load_unit/buff_rdata/U_fifo_mem/mem_reg_1/CLKARDCLK
Min Period        n/a     RAMB36E1/CLKBWRCLK  n/a            2.944         10.000      7.056      RAMB36_X4Y5    design_1_i/pipelined_layer_proc_0/inst/gmem0_m_axi_U/load_unit/buff_rdata/U_fifo_mem/mem_reg_1/CLKBWRCLK
Min Period        n/a     RAMB36E1/CLKARDCLK  n/a            2.944         10.000      7.056      RAMB36_X0Y6    design_1_i/pipelined_layer_proc_0/inst/gmem0_m_axi_U/load_unit/buff_rdata/U_fifo_mem/mem_reg_2/CLKARDCLK
Min Period        n/a     RAMB36E1/CLKBWRCLK  n/a            2.944         10.000      7.056      RAMB36_X0Y6    design_1_i/pipelined_layer_proc_0/inst/gmem0_m_axi_U/load_unit/buff_rdata/U_fifo_mem/mem_reg_2/CLKBWRCLK
Min Period        n/a     RAMB36E1/CLKARDCLK  n/a            2.944         10.000      7.056      RAMB36_X2Y13   design_1_i/pipelined_layer_proc_0/inst/gmem0_m_axi_U/load_unit/buff_rdata/U_fifo_mem/mem_reg_3/CLKARDCLK
Min Period        n/a     RAMB36E1/CLKBWRCLK  n/a            2.944         10.000      7.056      RAMB36_X2Y13   design_1_i/pipelined_layer_proc_0/inst/gmem0_m_axi_U/load_unit/buff_rdata/U_fifo_mem/mem_reg_3/CLKBWRCLK
Min Period        n/a     RAMB36E1/CLKARDCLK  n/a            2.944         10.000      7.056      RAMB36_X4Y10   design_1_i/pipelined_layer_proc_0/inst/gmem0_m_axi_U/store_unit/buff_wdata/U_fifo_mem/mem_reg_0/CLKARDCLK
Min Period        n/a     RAMB36E1/CLKBWRCLK  n/a            2.944         10.000      7.056      RAMB36_X4Y10   design_1_i/pipelined_layer_proc_0/inst/gmem0_m_axi_U/store_unit/buff_wdata/U_fifo_mem/mem_reg_0/CLKBWRCLK
Low Pulse Width   Slow    RAMD32/CLK          n/a            1.250         5.000       3.750      SLICE_X86Y131  design_1_i/pipelined_layer_proc_0/inst/grp_dataflow_parent_loop_proc_fu_232/dataflow_in_loop_Depth_Loop_U0/tile_A_V_U/gen_buffer[0].pipelined_layer_processor_dataflow_in_loop_Depth_Loop_tile_A_V_RAM_2P_BRAM_1R1W_memcore_U/ram_reg_0_1_0_5/RAMA/CLK
Low Pulse Width   Fast    RAMD32/CLK          n/a            1.250         5.000       3.750      SLICE_X86Y131  design_1_i/pipelined_layer_proc_0/inst/grp_dataflow_parent_loop_proc_fu_232/dataflow_in_loop_Depth_Loop_U0/tile_A_V_U/gen_buffer[0].pipelined_layer_processor_dataflow_in_loop_Depth_Loop_tile_A_V_RAM_2P_BRAM_1R1W_memcore_U/ram_reg_0_1_0_5/RAMA/CLK
Low Pulse Width   Slow    RAMD32/CLK          n/a            1.250         5.000       3.750      SLICE_X86Y131  design_1_i/pipelined_layer_proc_0/inst/grp_dataflow_parent_loop_proc_fu_232/dataflow_in_loop_Depth_Loop_U0/tile_A_V_U/gen_buffer[0].pipelined_layer_processor_dataflow_in_loop_Depth_Loop_tile_A_V_RAM_2P_BRAM_1R1W_memcore_U/ram_reg_0_1_0_5/RAMA_D1/CLK
Low Pulse Width   Fast    RAMD32/CLK          n/a            1.250         5.000       3.750      SLICE_X86Y131  design_1_i/pipelined_layer_proc_0/inst/grp_dataflow_parent_loop_proc_fu_232/dataflow_in_loop_Depth_Loop_U0/tile_A_V_U/gen_buffer[0].pipelined_layer_processor_dataflow_in_loop_Depth_Loop_tile_A_V_RAM_2P_BRAM_1R1W_memcore_U/ram_reg_0_1_0_5/RAMA_D1/CLK
Low Pulse Width   Slow    RAMD32/CLK          n/a            1.250         5.000       3.750      SLICE_X86Y131  design_1_i/pipelined_layer_proc_0/inst/grp_dataflow_parent_loop_proc_fu_232/dataflow_in_loop_Depth_Loop_U0/tile_A_V_U/gen_buffer[0].pipelined_layer_processor_dataflow_in_loop_Depth_Loop_tile_A_V_RAM_2P_BRAM_1R1W_memcore_U/ram_reg_0_1_0_5/RAMB/CLK
Low Pulse Width   Fast    RAMD32/CLK          n/a            1.250         5.000       3.750      SLICE_X86Y131  design_1_i/pipelined_layer_proc_0/inst/grp_dataflow_parent_loop_proc_fu_232/dataflow_in_loop_Depth_Loop_U0/tile_A_V_U/gen_buffer[0].pipelined_layer_processor_dataflow_in_loop_Depth_Loop_tile_A_V_RAM_2P_BRAM_1R1W_memcore_U/ram_reg_0_1_0_5/RAMB/CLK
Low Pulse Width   Slow    RAMD32/CLK          n/a            1.250         5.000       3.750      SLICE_X86Y131  design_1_i/pipelined_layer_proc_0/inst/grp_dataflow_parent_loop_proc_fu_232/dataflow_in_loop_Depth_Loop_U0/tile_A_V_U/gen_buffer[0].pipelined_layer_processor_dataflow_in_loop_Depth_Loop_tile_A_V_RAM_2P_BRAM_1R1W_memcore_U/ram_reg_0_1_0_5/RAMB_D1/CLK
Low Pulse Width   Fast    RAMD32/CLK          n/a            1.250         5.000       3.750      SLICE_X86Y131  design_1_i/pipelined_layer_proc_0/inst/grp_dataflow_parent_loop_proc_fu_232/dataflow_in_loop_Depth_Loop_U0/tile_A_V_U/gen_buffer[0].pipelined_layer_processor_dataflow_in_loop_Depth_Loop_tile_A_V_RAM_2P_BRAM_1R1W_memcore_U/ram_reg_0_1_0_5/RAMB_D1/CLK
Low Pulse Width   Slow    RAMD32/CLK          n/a            1.250         5.000       3.750      SLICE_X86Y131  design_1_i/pipelined_layer_proc_0/inst/grp_dataflow_parent_loop_proc_fu_232/dataflow_in_loop_Depth_Loop_U0/tile_A_V_U/gen_buffer[0].pipelined_layer_processor_dataflow_in_loop_Depth_Loop_tile_A_V_RAM_2P_BRAM_1R1W_memcore_U/ram_reg_0_1_0_5/RAMC/CLK
Low Pulse Width   Fast    RAMD32/CLK          n/a            1.250         5.000       3.750      SLICE_X86Y131  design_1_i/pipelined_layer_proc_0/inst/grp_dataflow_parent_loop_proc_fu_232/dataflow_in_loop_Depth_Loop_U0/tile_A_V_U/gen_buffer[0].pipelined_layer_processor_dataflow_in_loop_Depth_Loop_tile_A_V_RAM_2P_BRAM_1R1W_memcore_U/ram_reg_0_1_0_5/RAMC/CLK
High Pulse Width  Slow    RAMD32/CLK          n/a            1.250         5.000       3.750      SLICE_X86Y131  design_1_i/pipelined_layer_proc_0/inst/grp_dataflow_parent_loop_proc_fu_232/dataflow_in_loop_Depth_Loop_U0/tile_A_V_U/gen_buffer[0].pipelined_layer_processor_dataflow_in_loop_Depth_Loop_tile_A_V_RAM_2P_BRAM_1R1W_memcore_U/ram_reg_0_1_0_5/RAMA/CLK
High Pulse Width  Fast    RAMD32/CLK          n/a            1.250         5.000       3.750      SLICE_X86Y131  design_1_i/pipelined_layer_proc_0/inst/grp_dataflow_parent_loop_proc_fu_232/dataflow_in_loop_Depth_Loop_U0/tile_A_V_U/gen_buffer[0].pipelined_layer_processor_dataflow_in_loop_Depth_Loop_tile_A_V_RAM_2P_BRAM_1R1W_memcore_U/ram_reg_0_1_0_5/RAMA/CLK
High Pulse Width  Slow    RAMD32/CLK          n/a            1.250         5.000       3.750      SLICE_X86Y131  design_1_i/pipelined_layer_proc_0/inst/grp_dataflow_parent_loop_proc_fu_232/dataflow_in_loop_Depth_Loop_U0/tile_A_V_U/gen_buffer[0].pipelined_layer_processor_dataflow_in_loop_Depth_Loop_tile_A_V_RAM_2P_BRAM_1R1W_memcore_U/ram_reg_0_1_0_5/RAMA_D1/CLK
High Pulse Width  Fast    RAMD32/CLK          n/a            1.250         5.000       3.750      SLICE_X86Y131  design_1_i/pipelined_layer_proc_0/inst/grp_dataflow_parent_loop_proc_fu_232/dataflow_in_loop_Depth_Loop_U0/tile_A_V_U/gen_buffer[0].pipelined_layer_processor_dataflow_in_loop_Depth_Loop_tile_A_V_RAM_2P_BRAM_1R1W_memcore_U/ram_reg_0_1_0_5/RAMA_D1/CLK
High Pulse Width  Slow    RAMD32/CLK          n/a            1.250         5.000       3.750      SLICE_X86Y131  design_1_i/pipelined_layer_proc_0/inst/grp_dataflow_parent_loop_proc_fu_232/dataflow_in_loop_Depth_Loop_U0/tile_A_V_U/gen_buffer[0].pipelined_layer_processor_dataflow_in_loop_Depth_Loop_tile_A_V_RAM_2P_BRAM_1R1W_memcore_U/ram_reg_0_1_0_5/RAMB/CLK
High Pulse Width  Fast    RAMD32/CLK          n/a            1.250         5.000       3.750      SLICE_X86Y131  design_1_i/pipelined_layer_proc_0/inst/grp_dataflow_parent_loop_proc_fu_232/dataflow_in_loop_Depth_Loop_U0/tile_A_V_U/gen_buffer[0].pipelined_layer_processor_dataflow_in_loop_Depth_Loop_tile_A_V_RAM_2P_BRAM_1R1W_memcore_U/ram_reg_0_1_0_5/RAMB/CLK
High Pulse Width  Slow    RAMD32/CLK          n/a            1.250         5.000       3.750      SLICE_X86Y131  design_1_i/pipelined_layer_proc_0/inst/grp_dataflow_parent_loop_proc_fu_232/dataflow_in_loop_Depth_Loop_U0/tile_A_V_U/gen_buffer[0].pipelined_layer_processor_dataflow_in_loop_Depth_Loop_tile_A_V_RAM_2P_BRAM_1R1W_memcore_U/ram_reg_0_1_0_5/RAMB_D1/CLK
High Pulse Width  Fast    RAMD32/CLK          n/a            1.250         5.000       3.750      SLICE_X86Y131  design_1_i/pipelined_layer_proc_0/inst/grp_dataflow_parent_loop_proc_fu_232/dataflow_in_loop_Depth_Loop_U0/tile_A_V_U/gen_buffer[0].pipelined_layer_processor_dataflow_in_loop_Depth_Loop_tile_A_V_RAM_2P_BRAM_1R1W_memcore_U/ram_reg_0_1_0_5/RAMB_D1/CLK
High Pulse Width  Slow    RAMD32/CLK          n/a            1.250         5.000       3.750      SLICE_X86Y131  design_1_i/pipelined_layer_proc_0/inst/grp_dataflow_parent_loop_proc_fu_232/dataflow_in_loop_Depth_Loop_U0/tile_A_V_U/gen_buffer[0].pipelined_layer_processor_dataflow_in_loop_Depth_Loop_tile_A_V_RAM_2P_BRAM_1R1W_memcore_U/ram_reg_0_1_0_5/RAMC/CLK
High Pulse Width  Fast    RAMD32/CLK          n/a            1.250         5.000       3.750      SLICE_X86Y131  design_1_i/pipelined_layer_proc_0/inst/grp_dataflow_parent_loop_proc_fu_232/dataflow_in_loop_Depth_Loop_U0/tile_A_V_U/gen_buffer[0].pipelined_layer_processor_dataflow_in_loop_Depth_Loop_tile_A_V_RAM_2P_BRAM_1R1W_memcore_U/ram_reg_0_1_0_5/RAMC/CLK



--------------------------------------------------------------------------------------
Path Group:  (none)
From Clock:  
  To Clock:  clk_fpga_0

Max Delay             1 Endpoint
Min Delay             1 Endpoint
--------------------------------------------------------------------------------------


Max Delay Paths
--------------------------------------------------------------------------------------
Slack:                    inf
  Source:                 design_1_i/processing_system7_0/inst/PS7_i/FCLKRESETN[0]
                            (internal pin)
  Destination:            design_1_i/rst_ps7_0_100M/U0/EXT_LPF/ACTIVE_LOW_EXT.ACT_LO_EXT/GENERATE_LEVEL_P_S_CDC.SINGLE_BIT.CROSS_PLEVEL_IN2SCNDRY_IN_cdc_to/D
                            (rising edge-triggered cell FDRE clocked by clk_fpga_0  {rise@0.000ns fall@5.000ns period=10.000ns})
  Path Group:             (none)
  Path Type:              Setup (Max at Slow Process Corner)
  Data Path Delay:        3.632ns  (logic 0.124ns (3.415%)  route 3.508ns (96.585%))
  Logic Levels:           1  (LUT1=1)
  Clock Uncertainty:      0.152ns  ((TSJ^2 + TIJ^2)^1/2 + DJ) / 2 + PE
    Total System Jitter     (TSJ):    0.050ns
    Total Input Jitter      (TIJ):    0.300ns
    Discrete Jitter          (DJ):    0.000ns
    Phase Error              (PE):    0.000ns
  Timing Exception:       False Path

    Location             Delay type                Incr(ns)  Path(ns)    Netlist Resource(s)
  -------------------------------------------------------------------    -------------------
    PS7_X0Y0             PS7                          0.000     0.000 f  design_1_i/processing_system7_0/inst/PS7_i/FCLKRESETN[0]
                         net (fo=1, routed)           3.218     3.218    design_1_i/rst_ps7_0_100M/U0/EXT_LPF/ACTIVE_LOW_EXT.ACT_LO_EXT/ext_reset_in
    SLICE_X47Y148        LUT1 (Prop_lut1_I0_O)        0.124     3.342 r  design_1_i/rst_ps7_0_100M/U0/EXT_LPF/ACTIVE_LOW_EXT.ACT_LO_EXT/GENERATE_LEVEL_P_S_CDC.SINGLE_BIT.CROSS_PLEVEL_IN2SCNDRY_IN_cdc_to_i_1/O
                         net (fo=1, routed)           0.289     3.632    design_1_i/rst_ps7_0_100M/U0/EXT_LPF/ACTIVE_LOW_EXT.ACT_LO_EXT/exr_d1
    SLICE_X47Y149        FDRE                                         r  design_1_i/rst_ps7_0_100M/U0/EXT_LPF/ACTIVE_LOW_EXT.ACT_LO_EXT/GENERATE_LEVEL_P_S_CDC.SINGLE_BIT.CROSS_PLEVEL_IN2SCNDRY_IN_cdc_to/D
  -------------------------------------------------------------------    -------------------

                         (clock clk_fpga_0 rise edge)
                                                      0.000     0.000 r  
    PS7_X0Y0             PS7                          0.000     0.000 r  design_1_i/processing_system7_0/inst/PS7_i/FCLKCLK[0]
                         net (fo=1, routed)           1.088     1.088    design_1_i/processing_system7_0/inst/FCLK_CLK_unbuffered[0]
    BUFGCTRL_X0Y16       BUFG (Prop_bufg_I_O)         0.091     1.179 r  design_1_i/processing_system7_0/inst/buffer_fclk_clk_0.FCLK_CLK_0_BUFG/O
                         net (fo=59464, routed)       1.653     2.832    design_1_i/rst_ps7_0_100M/U0/EXT_LPF/ACTIVE_LOW_EXT.ACT_LO_EXT/slowest_sync_clk
    SLICE_X47Y149        FDRE                                         r  design_1_i/rst_ps7_0_100M/U0/EXT_LPF/ACTIVE_LOW_EXT.ACT_LO_EXT/GENERATE_LEVEL_P_S_CDC.SINGLE_BIT.CROSS_PLEVEL_IN2SCNDRY_IN_cdc_to/C





Min Delay Paths
--------------------------------------------------------------------------------------
Slack:                    inf
  Source:                 design_1_i/processing_system7_0/inst/PS7_i/FCLKRESETN[0]
                            (internal pin)
  Destination:            design_1_i/rst_ps7_0_100M/U0/EXT_LPF/ACTIVE_LOW_EXT.ACT_LO_EXT/GENERATE_LEVEL_P_S_CDC.SINGLE_BIT.CROSS_PLEVEL_IN2SCNDRY_IN_cdc_to/D
                            (rising edge-triggered cell FDRE clocked by clk_fpga_0  {rise@0.000ns fall@5.000ns period=10.000ns})
  Path Group:             (none)
  Path Type:              Hold (Min at Fast Process Corner)
  Data Path Delay:        1.470ns  (logic 0.045ns (3.062%)  route 1.425ns (96.938%))
  Logic Levels:           1  (LUT1=1)
  Clock Uncertainty:      0.152ns  ((TSJ^2 + TIJ^2)^1/2 + DJ) / 2 + PE
    Total System Jitter     (TSJ):    0.050ns
    Total Input Jitter      (TIJ):    0.300ns
    Discrete Jitter          (DJ):    0.000ns
    Phase Error              (PE):    0.000ns
  Timing Exception:       False Path

    Location             Delay type                Incr(ns)  Path(ns)    Netlist Resource(s)
  -------------------------------------------------------------------    -------------------
    PS7_X0Y0             PS7                          0.000     0.000 f  design_1_i/processing_system7_0/inst/PS7_i/FCLKRESETN[0]
                         net (fo=1, routed)           1.321     1.321    design_1_i/rst_ps7_0_100M/U0/EXT_LPF/ACTIVE_LOW_EXT.ACT_LO_EXT/ext_reset_in
    SLICE_X47Y148        LUT1 (Prop_lut1_I0_O)        0.045     1.366 r  design_1_i/rst_ps7_0_100M/U0/EXT_LPF/ACTIVE_LOW_EXT.ACT_LO_EXT/GENERATE_LEVEL_P_S_CDC.SINGLE_BIT.CROSS_PLEVEL_IN2SCNDRY_IN_cdc_to_i_1/O
                         net (fo=1, routed)           0.103     1.470    design_1_i/rst_ps7_0_100M/U0/EXT_LPF/ACTIVE_LOW_EXT.ACT_LO_EXT/exr_d1
    SLICE_X47Y149        FDRE                                         r  design_1_i/rst_ps7_0_100M/U0/EXT_LPF/ACTIVE_LOW_EXT.ACT_LO_EXT/GENERATE_LEVEL_P_S_CDC.SINGLE_BIT.CROSS_PLEVEL_IN2SCNDRY_IN_cdc_to/D
  -------------------------------------------------------------------    -------------------

                         (clock clk_fpga_0 rise edge)
                                                      0.000     0.000 r  
    PS7_X0Y0             PS7                          0.000     0.000 r  design_1_i/processing_system7_0/inst/PS7_i/FCLKCLK[0]
                         net (fo=1, routed)           0.337     0.337    design_1_i/processing_system7_0/inst/FCLK_CLK_unbuffered[0]
    BUFGCTRL_X0Y16       BUFG (Prop_bufg_I_O)         0.029     0.366 r  design_1_i/processing_system7_0/inst/buffer_fclk_clk_0.FCLK_CLK_0_BUFG/O
                         net (fo=59464, routed)       0.911     1.277    design_1_i/rst_ps7_0_100M/U0/EXT_LPF/ACTIVE_LOW_EXT.ACT_LO_EXT/slowest_sync_clk
    SLICE_X47Y149        FDRE                                         r  design_1_i/rst_ps7_0_100M/U0/EXT_LPF/ACTIVE_LOW_EXT.ACT_LO_EXT/GENERATE_LEVEL_P_S_CDC.SINGLE_BIT.CROSS_PLEVEL_IN2SCNDRY_IN_cdc_to/C





--------------------------------------------------------------------------------------
Path Group:  (none)
From Clock:  clk_fpga_0
  To Clock:  clk_fpga_0

Max Delay            76 Endpoints
Min Delay            76 Endpoints
--------------------------------------------------------------------------------------


Max Delay Paths
--------------------------------------------------------------------------------------
Slack:                    inf
  Source:                 design_1_i/rst_ps7_0_100M/U0/ACTIVE_LOW_PR_OUT_DFF[0].FDRE_PER_N/C
                            (rising edge-triggered cell FDRE clocked by clk_fpga_0  {rise@0.000ns fall@5.000ns period=10.000ns})
  Destination:            design_1_i/smartconnect_1/inst/clk_map/psr_aclk/U0/EXT_LPF/ACTIVE_LOW_AUX.ACT_LO_AUX/GENERATE_LEVEL_P_S_CDC.SINGLE_BIT.CROSS_PLEVEL_IN2SCNDRY_IN_cdc_to/D
                            (rising edge-triggered cell FDRE clocked by clk_fpga_0  {rise@0.000ns fall@5.000ns period=10.000ns})
  Path Group:             (none)
  Path Type:              Setup (Max at Slow Process Corner)
  Data Path Delay:        8.548ns  (logic 0.580ns (6.785%)  route 7.968ns (93.215%))
  Logic Levels:           1  (LUT1=1)
  Clock Path Skew:        -0.184ns (DCD - SCD + CPR)
    Destination Clock Delay (DCD):    2.740ns
    Source Clock Delay      (SCD):    2.924ns
    Clock Pessimism Removal (CPR):    0.000ns
  Clock Uncertainty:      0.154ns  ((TSJ^2 + TIJ^2)^1/2 + DJ) / 2 + PE
    Total System Jitter     (TSJ):    0.071ns
    Total Input Jitter      (TIJ):    0.300ns
    Discrete Jitter          (DJ):    0.000ns
    Phase Error              (PE):    0.000ns
  Timing Exception:       False Path

    Location             Delay type                Incr(ns)  Path(ns)    Netlist Resource(s)
  -------------------------------------------------------------------    -------------------
                         (clock clk_fpga_0 rise edge)
                                                      0.000     0.000 r  
    PS7_X0Y0             PS7                          0.000     0.000 r  design_1_i/processing_system7_0/inst/PS7_i/FCLKCLK[0]
                         net (fo=1, routed)           1.193     1.193    design_1_i/processing_system7_0/inst/FCLK_CLK_unbuffered[0]
    BUFGCTRL_X0Y16       BUFG (Prop_bufg_I_O)         0.101     1.294 r  design_1_i/processing_system7_0/inst/buffer_fclk_clk_0.FCLK_CLK_0_BUFG/O
                         net (fo=59464, routed)       1.630     2.924    design_1_i/rst_ps7_0_100M/U0/slowest_sync_clk
    SLICE_X48Y75         FDRE                                         r  design_1_i/rst_ps7_0_100M/U0/ACTIVE_LOW_PR_OUT_DFF[0].FDRE_PER_N/C
  -------------------------------------------------------------------    -------------------
    SLICE_X48Y75         FDRE (Prop_fdre_C_Q)         0.456     3.380 f  design_1_i/rst_ps7_0_100M/U0/ACTIVE_LOW_PR_OUT_DFF[0].FDRE_PER_N/Q
                         net (fo=166, routed)         7.448    10.828    design_1_i/smartconnect_1/inst/clk_map/psr_aclk/U0/EXT_LPF/ACTIVE_LOW_AUX.ACT_LO_AUX/aresetn
    SLICE_X78Y5          LUT1 (Prop_lut1_I0_O)        0.124    10.952 r  design_1_i/smartconnect_1/inst/clk_map/psr_aclk/U0/EXT_LPF/ACTIVE_LOW_AUX.ACT_LO_AUX/GENERATE_LEVEL_P_S_CDC.SINGLE_BIT.CROSS_PLEVEL_IN2SCNDRY_IN_cdc_to_i_1/O
                         net (fo=1, routed)           0.520    11.472    design_1_i/smartconnect_1/inst/clk_map/psr_aclk/U0/EXT_LPF/ACTIVE_LOW_AUX.ACT_LO_AUX/asr_d1
    SLICE_X78Y6          FDRE                                         r  design_1_i/smartconnect_1/inst/clk_map/psr_aclk/U0/EXT_LPF/ACTIVE_LOW_AUX.ACT_LO_AUX/GENERATE_LEVEL_P_S_CDC.SINGLE_BIT.CROSS_PLEVEL_IN2SCNDRY_IN_cdc_to/D
  -------------------------------------------------------------------    -------------------

                         (clock clk_fpga_0 rise edge)
                                                      0.000     0.000 r  
    PS7_X0Y0             PS7                          0.000     0.000 r  design_1_i/processing_system7_0/inst/PS7_i/FCLKCLK[0]
                         net (fo=1, routed)           1.088     1.088    design_1_i/processing_system7_0/inst/FCLK_CLK_unbuffered[0]
    BUFGCTRL_X0Y16       BUFG (Prop_bufg_I_O)         0.091     1.179 r  design_1_i/processing_system7_0/inst/buffer_fclk_clk_0.FCLK_CLK_0_BUFG/O
                         net (fo=59464, routed)       1.561     2.740    design_1_i/smartconnect_1/inst/clk_map/psr_aclk/U0/EXT_LPF/ACTIVE_LOW_AUX.ACT_LO_AUX/aclk
    SLICE_X78Y6          FDRE                                         r  design_1_i/smartconnect_1/inst/clk_map/psr_aclk/U0/EXT_LPF/ACTIVE_LOW_AUX.ACT_LO_AUX/GENERATE_LEVEL_P_S_CDC.SINGLE_BIT.CROSS_PLEVEL_IN2SCNDRY_IN_cdc_to/C

Slack:                    inf
  Source:                 design_1_i/smartconnect_1/inst/clk_map/psr_aclk/U0/ACTIVE_LOW_BSR_OUT_DFF[0].FDRE_BSR_N/C
                            (rising edge-triggered cell FDRE clocked by clk_fpga_0  {rise@0.000ns fall@5.000ns period=10.000ns})
  Destination:            design_1_i/smartconnect_1/inst/m01_nodes/m01_aw_node/inst/s_sc_xpm_cdc_async_rst_inst/arststages_ff_reg[0]/CLR
                            (recovery check against rising-edge clock clk_fpga_0  {rise@0.000ns fall@5.000ns period=10.000ns})
  Path Group:             (none)
  Path Type:              Recovery (Max at Slow Process Corner)
  Data Path Delay:        6.764ns  (logic 0.580ns (8.575%)  route 6.184ns (91.425%))
  Logic Levels:           1  (LUT1=1)
  Clock Path Skew:        -0.393ns (DCD - SCD + CPR)
    Destination Clock Delay (DCD):    2.639ns
    Source Clock Delay      (SCD):    3.032ns
    Clock Pessimism Removal (CPR):    0.000ns
  Clock Uncertainty:      0.154ns  ((TSJ^2 + TIJ^2)^1/2 + DJ) / 2 + PE
    Total System Jitter     (TSJ):    0.071ns
    Total Input Jitter      (TIJ):    0.300ns
    Discrete Jitter          (DJ):    0.000ns
    Phase Error              (PE):    0.000ns
  Timing Exception:       False Path

    Location             Delay type                Incr(ns)  Path(ns)    Netlist Resource(s)
  -------------------------------------------------------------------    -------------------
                         (clock clk_fpga_0 rise edge)
                                                      0.000     0.000 r  
    PS7_X0Y0             PS7                          0.000     0.000 r  design_1_i/processing_system7_0/inst/PS7_i/FCLKCLK[0]
                         net (fo=1, routed)           1.193     1.193    design_1_i/processing_system7_0/inst/FCLK_CLK_unbuffered[0]
    BUFGCTRL_X0Y16       BUFG (Prop_bufg_I_O)         0.101     1.294 r  design_1_i/processing_system7_0/inst/buffer_fclk_clk_0.FCLK_CLK_0_BUFG/O
                         net (fo=59464, routed)       1.738     3.032    design_1_i/smartconnect_1/inst/clk_map/psr_aclk/U0/aclk
    SLICE_X81Y6          FDRE                                         r  design_1_i/smartconnect_1/inst/clk_map/psr_aclk/U0/ACTIVE_LOW_BSR_OUT_DFF[0].FDRE_BSR_N/C
  -------------------------------------------------------------------    -------------------
    SLICE_X81Y6          FDRE (Prop_fdre_C_Q)         0.456     3.488 r  design_1_i/smartconnect_1/inst/clk_map/psr_aclk/U0/ACTIVE_LOW_BSR_OUT_DFF[0].FDRE_BSR_N/Q
                         net (fo=25, routed)          5.403     8.891    design_1_i/smartconnect_1/inst/m01_nodes/m01_aw_node/inst/s_sc_xpm_cdc_async_rst_inst/src_arst
    SLICE_X48Y73         LUT1 (Prop_lut1_I0_O)        0.124     9.015 f  design_1_i/smartconnect_1/inst/m01_nodes/m01_aw_node/inst/s_sc_xpm_cdc_async_rst_inst/arststages_ff[2]_i_1/O
                         net (fo=3, routed)           0.781     9.796    design_1_i/smartconnect_1/inst/m01_nodes/m01_aw_node/inst/s_sc_xpm_cdc_async_rst_inst/reset_pol
    SLICE_X48Y74         FDCE                                         f  design_1_i/smartconnect_1/inst/m01_nodes/m01_aw_node/inst/s_sc_xpm_cdc_async_rst_inst/arststages_ff_reg[0]/CLR
  -------------------------------------------------------------------    -------------------

                         (clock clk_fpga_0 rise edge)
                                                      0.000     0.000 r  
    PS7_X0Y0             PS7                          0.000     0.000 r  design_1_i/processing_system7_0/inst/PS7_i/FCLKCLK[0]
                         net (fo=1, routed)           1.088     1.088    design_1_i/processing_system7_0/inst/FCLK_CLK_unbuffered[0]
    BUFGCTRL_X0Y16       BUFG (Prop_bufg_I_O)         0.091     1.179 r  design_1_i/processing_system7_0/inst/buffer_fclk_clk_0.FCLK_CLK_0_BUFG/O
                         net (fo=59464, routed)       1.460     2.639    design_1_i/smartconnect_1/inst/m01_nodes/m01_aw_node/inst/s_sc_xpm_cdc_async_rst_inst/dest_clk
    SLICE_X48Y74         FDCE                                         r  design_1_i/smartconnect_1/inst/m01_nodes/m01_aw_node/inst/s_sc_xpm_cdc_async_rst_inst/arststages_ff_reg[0]/C

Slack:                    inf
  Source:                 design_1_i/smartconnect_1/inst/clk_map/psr_aclk/U0/ACTIVE_LOW_BSR_OUT_DFF[0].FDRE_BSR_N/C
                            (rising edge-triggered cell FDRE clocked by clk_fpga_0  {rise@0.000ns fall@5.000ns period=10.000ns})
  Destination:            design_1_i/smartconnect_1/inst/m01_nodes/m01_aw_node/inst/s_sc_xpm_cdc_async_rst_inst/arststages_ff_reg[1]/CLR
                            (recovery check against rising-edge clock clk_fpga_0  {rise@0.000ns fall@5.000ns period=10.000ns})
  Path Group:             (none)
  Path Type:              Recovery (Max at Slow Process Corner)
  Data Path Delay:        6.764ns  (logic 0.580ns (8.575%)  route 6.184ns (91.425%))
  Logic Levels:           1  (LUT1=1)
  Clock Path Skew:        -0.393ns (DCD - SCD + CPR)
    Destination Clock Delay (DCD):    2.639ns
    Source Clock Delay      (SCD):    3.032ns
    Clock Pessimism Removal (CPR):    0.000ns
  Clock Uncertainty:      0.154ns  ((TSJ^2 + TIJ^2)^1/2 + DJ) / 2 + PE
    Total System Jitter     (TSJ):    0.071ns
    Total Input Jitter      (TIJ):    0.300ns
    Discrete Jitter          (DJ):    0.000ns
    Phase Error              (PE):    0.000ns
  Timing Exception:       False Path

    Location             Delay type                Incr(ns)  Path(ns)    Netlist Resource(s)
  -------------------------------------------------------------------    -------------------
                         (clock clk_fpga_0 rise edge)
                                                      0.000     0.000 r  
    PS7_X0Y0             PS7                          0.000     0.000 r  design_1_i/processing_system7_0/inst/PS7_i/FCLKCLK[0]
                         net (fo=1, routed)           1.193     1.193    design_1_i/processing_system7_0/inst/FCLK_CLK_unbuffered[0]
    BUFGCTRL_X0Y16       BUFG (Prop_bufg_I_O)         0.101     1.294 r  design_1_i/processing_system7_0/inst/buffer_fclk_clk_0.FCLK_CLK_0_BUFG/O
                         net (fo=59464, routed)       1.738     3.032    design_1_i/smartconnect_1/inst/clk_map/psr_aclk/U0/aclk
    SLICE_X81Y6          FDRE                                         r  design_1_i/smartconnect_1/inst/clk_map/psr_aclk/U0/ACTIVE_LOW_BSR_OUT_DFF[0].FDRE_BSR_N/C
  -------------------------------------------------------------------    -------------------
    SLICE_X81Y6          FDRE (Prop_fdre_C_Q)         0.456     3.488 r  design_1_i/smartconnect_1/inst/clk_map/psr_aclk/U0/ACTIVE_LOW_BSR_OUT_DFF[0].FDRE_BSR_N/Q
                         net (fo=25, routed)          5.403     8.891    design_1_i/smartconnect_1/inst/m01_nodes/m01_aw_node/inst/s_sc_xpm_cdc_async_rst_inst/src_arst
    SLICE_X48Y73         LUT1 (Prop_lut1_I0_O)        0.124     9.015 f  design_1_i/smartconnect_1/inst/m01_nodes/m01_aw_node/inst/s_sc_xpm_cdc_async_rst_inst/arststages_ff[2]_i_1/O
                         net (fo=3, routed)           0.781     9.796    design_1_i/smartconnect_1/inst/m01_nodes/m01_aw_node/inst/s_sc_xpm_cdc_async_rst_inst/reset_pol
    SLICE_X48Y74         FDCE                                         f  design_1_i/smartconnect_1/inst/m01_nodes/m01_aw_node/inst/s_sc_xpm_cdc_async_rst_inst/arststages_ff_reg[1]/CLR
  -------------------------------------------------------------------    -------------------

                         (clock clk_fpga_0 rise edge)
                                                      0.000     0.000 r  
    PS7_X0Y0             PS7                          0.000     0.000 r  design_1_i/processing_system7_0/inst/PS7_i/FCLKCLK[0]
                         net (fo=1, routed)           1.088     1.088    design_1_i/processing_system7_0/inst/FCLK_CLK_unbuffered[0]
    BUFGCTRL_X0Y16       BUFG (Prop_bufg_I_O)         0.091     1.179 r  design_1_i/processing_system7_0/inst/buffer_fclk_clk_0.FCLK_CLK_0_BUFG/O
                         net (fo=59464, routed)       1.460     2.639    design_1_i/smartconnect_1/inst/m01_nodes/m01_aw_node/inst/s_sc_xpm_cdc_async_rst_inst/dest_clk
    SLICE_X48Y74         FDCE                                         r  design_1_i/smartconnect_1/inst/m01_nodes/m01_aw_node/inst/s_sc_xpm_cdc_async_rst_inst/arststages_ff_reg[1]/C

Slack:                    inf
  Source:                 design_1_i/smartconnect_1/inst/clk_map/psr_aclk/U0/ACTIVE_LOW_BSR_OUT_DFF[0].FDRE_BSR_N/C
                            (rising edge-triggered cell FDRE clocked by clk_fpga_0  {rise@0.000ns fall@5.000ns period=10.000ns})
  Destination:            design_1_i/smartconnect_1/inst/m01_nodes/m01_aw_node/inst/s_sc_xpm_cdc_async_rst_inst/arststages_ff_reg[2]/CLR
                            (recovery check against rising-edge clock clk_fpga_0  {rise@0.000ns fall@5.000ns period=10.000ns})
  Path Group:             (none)
  Path Type:              Recovery (Max at Slow Process Corner)
  Data Path Delay:        6.764ns  (logic 0.580ns (8.575%)  route 6.184ns (91.425%))
  Logic Levels:           1  (LUT1=1)
  Clock Path Skew:        -0.393ns (DCD - SCD + CPR)
    Destination Clock Delay (DCD):    2.639ns
    Source Clock Delay      (SCD):    3.032ns
    Clock Pessimism Removal (CPR):    0.000ns
  Clock Uncertainty:      0.154ns  ((TSJ^2 + TIJ^2)^1/2 + DJ) / 2 + PE
    Total System Jitter     (TSJ):    0.071ns
    Total Input Jitter      (TIJ):    0.300ns
    Discrete Jitter          (DJ):    0.000ns
    Phase Error              (PE):    0.000ns
  Timing Exception:       False Path

    Location             Delay type                Incr(ns)  Path(ns)    Netlist Resource(s)
  -------------------------------------------------------------------    -------------------
                         (clock clk_fpga_0 rise edge)
                                                      0.000     0.000 r  
    PS7_X0Y0             PS7                          0.000     0.000 r  design_1_i/processing_system7_0/inst/PS7_i/FCLKCLK[0]
                         net (fo=1, routed)           1.193     1.193    design_1_i/processing_system7_0/inst/FCLK_CLK_unbuffered[0]
    BUFGCTRL_X0Y16       BUFG (Prop_bufg_I_O)         0.101     1.294 r  design_1_i/processing_system7_0/inst/buffer_fclk_clk_0.FCLK_CLK_0_BUFG/O
                         net (fo=59464, routed)       1.738     3.032    design_1_i/smartconnect_1/inst/clk_map/psr_aclk/U0/aclk
    SLICE_X81Y6          FDRE                                         r  design_1_i/smartconnect_1/inst/clk_map/psr_aclk/U0/ACTIVE_LOW_BSR_OUT_DFF[0].FDRE_BSR_N/C
  -------------------------------------------------------------------    -------------------
    SLICE_X81Y6          FDRE (Prop_fdre_C_Q)         0.456     3.488 r  design_1_i/smartconnect_1/inst/clk_map/psr_aclk/U0/ACTIVE_LOW_BSR_OUT_DFF[0].FDRE_BSR_N/Q
                         net (fo=25, routed)          5.403     8.891    design_1_i/smartconnect_1/inst/m01_nodes/m01_aw_node/inst/s_sc_xpm_cdc_async_rst_inst/src_arst
    SLICE_X48Y73         LUT1 (Prop_lut1_I0_O)        0.124     9.015 f  design_1_i/smartconnect_1/inst/m01_nodes/m01_aw_node/inst/s_sc_xpm_cdc_async_rst_inst/arststages_ff[2]_i_1/O
                         net (fo=3, routed)           0.781     9.796    design_1_i/smartconnect_1/inst/m01_nodes/m01_aw_node/inst/s_sc_xpm_cdc_async_rst_inst/reset_pol
    SLICE_X48Y74         FDCE                                         f  design_1_i/smartconnect_1/inst/m01_nodes/m01_aw_node/inst/s_sc_xpm_cdc_async_rst_inst/arststages_ff_reg[2]/CLR
  -------------------------------------------------------------------    -------------------

                         (clock clk_fpga_0 rise edge)
                                                      0.000     0.000 r  
    PS7_X0Y0             PS7                          0.000     0.000 r  design_1_i/processing_system7_0/inst/PS7_i/FCLKCLK[0]
                         net (fo=1, routed)           1.088     1.088    design_1_i/processing_system7_0/inst/FCLK_CLK_unbuffered[0]
    BUFGCTRL_X0Y16       BUFG (Prop_bufg_I_O)         0.091     1.179 r  design_1_i/processing_system7_0/inst/buffer_fclk_clk_0.FCLK_CLK_0_BUFG/O
                         net (fo=59464, routed)       1.460     2.639    design_1_i/smartconnect_1/inst/m01_nodes/m01_aw_node/inst/s_sc_xpm_cdc_async_rst_inst/dest_clk
    SLICE_X48Y74         FDCE                                         r  design_1_i/smartconnect_1/inst/m01_nodes/m01_aw_node/inst/s_sc_xpm_cdc_async_rst_inst/arststages_ff_reg[2]/C

Slack:                    inf
  Source:                 design_1_i/smartconnect_1/inst/clk_map/psr_aclk/U0/ACTIVE_LOW_BSR_OUT_DFF[0].FDRE_BSR_N/C
                            (rising edge-triggered cell FDRE clocked by clk_fpga_0  {rise@0.000ns fall@5.000ns period=10.000ns})
  Destination:            design_1_i/smartconnect_1/inst/m01_nodes/m01_b_node/inst/s_sc_xpm_cdc_async_rst_inst/arststages_ff_reg[0]/CLR
                            (recovery check against rising-edge clock clk_fpga_0  {rise@0.000ns fall@5.000ns period=10.000ns})
  Path Group:             (none)
  Path Type:              Recovery (Max at Slow Process Corner)
  Data Path Delay:        6.618ns  (logic 0.580ns (8.764%)  route 6.038ns (91.236%))
  Logic Levels:           1  (LUT1=1)
  Clock Path Skew:        -0.322ns (DCD - SCD + CPR)
    Destination Clock Delay (DCD):    2.710ns
    Source Clock Delay      (SCD):    3.032ns
    Clock Pessimism Removal (CPR):    0.000ns
  Clock Uncertainty:      0.154ns  ((TSJ^2 + TIJ^2)^1/2 + DJ) / 2 + PE
    Total System Jitter     (TSJ):    0.071ns
    Total Input Jitter      (TIJ):    0.300ns
    Discrete Jitter          (DJ):    0.000ns
    Phase Error              (PE):    0.000ns
  Timing Exception:       False Path

    Location             Delay type                Incr(ns)  Path(ns)    Netlist Resource(s)
  -------------------------------------------------------------------    -------------------
                         (clock clk_fpga_0 rise edge)
                                                      0.000     0.000 r  
    PS7_X0Y0             PS7                          0.000     0.000 r  design_1_i/processing_system7_0/inst/PS7_i/FCLKCLK[0]
                         net (fo=1, routed)           1.193     1.193    design_1_i/processing_system7_0/inst/FCLK_CLK_unbuffered[0]
    BUFGCTRL_X0Y16       BUFG (Prop_bufg_I_O)         0.101     1.294 r  design_1_i/processing_system7_0/inst/buffer_fclk_clk_0.FCLK_CLK_0_BUFG/O
                         net (fo=59464, routed)       1.738     3.032    design_1_i/smartconnect_1/inst/clk_map/psr_aclk/U0/aclk
    SLICE_X81Y6          FDRE                                         r  design_1_i/smartconnect_1/inst/clk_map/psr_aclk/U0/ACTIVE_LOW_BSR_OUT_DFF[0].FDRE_BSR_N/C
  -------------------------------------------------------------------    -------------------
    SLICE_X81Y6          FDRE (Prop_fdre_C_Q)         0.456     3.488 r  design_1_i/smartconnect_1/inst/clk_map/psr_aclk/U0/ACTIVE_LOW_BSR_OUT_DFF[0].FDRE_BSR_N/Q
                         net (fo=25, routed)          5.651     9.139    design_1_i/smartconnect_1/inst/m01_nodes/m01_b_node/inst/s_sc_xpm_cdc_async_rst_inst/src_arst
    SLICE_X83Y76         LUT1 (Prop_lut1_I0_O)        0.124     9.263 f  design_1_i/smartconnect_1/inst/m01_nodes/m01_b_node/inst/s_sc_xpm_cdc_async_rst_inst/arststages_ff[2]_i_1/O
                         net (fo=3, routed)           0.387     9.650    design_1_i/smartconnect_1/inst/m01_nodes/m01_b_node/inst/s_sc_xpm_cdc_async_rst_inst/reset_pol
    SLICE_X83Y76         FDCE                                         f  design_1_i/smartconnect_1/inst/m01_nodes/m01_b_node/inst/s_sc_xpm_cdc_async_rst_inst/arststages_ff_reg[0]/CLR
  -------------------------------------------------------------------    -------------------

                         (clock clk_fpga_0 rise edge)
                                                      0.000     0.000 r  
    PS7_X0Y0             PS7                          0.000     0.000 r  design_1_i/processing_system7_0/inst/PS7_i/FCLKCLK[0]
                         net (fo=1, routed)           1.088     1.088    design_1_i/processing_system7_0/inst/FCLK_CLK_unbuffered[0]
    BUFGCTRL_X0Y16       BUFG (Prop_bufg_I_O)         0.091     1.179 r  design_1_i/processing_system7_0/inst/buffer_fclk_clk_0.FCLK_CLK_0_BUFG/O
                         net (fo=59464, routed)       1.531     2.710    design_1_i/smartconnect_1/inst/m01_nodes/m01_b_node/inst/s_sc_xpm_cdc_async_rst_inst/dest_clk
    SLICE_X83Y76         FDCE                                         r  design_1_i/smartconnect_1/inst/m01_nodes/m01_b_node/inst/s_sc_xpm_cdc_async_rst_inst/arststages_ff_reg[0]/C

Slack:                    inf
  Source:                 design_1_i/smartconnect_1/inst/clk_map/psr_aclk/U0/ACTIVE_LOW_BSR_OUT_DFF[0].FDRE_BSR_N/C
                            (rising edge-triggered cell FDRE clocked by clk_fpga_0  {rise@0.000ns fall@5.000ns period=10.000ns})
  Destination:            design_1_i/smartconnect_1/inst/m01_nodes/m01_b_node/inst/s_sc_xpm_cdc_async_rst_inst/arststages_ff_reg[1]/CLR
                            (recovery check against rising-edge clock clk_fpga_0  {rise@0.000ns fall@5.000ns period=10.000ns})
  Path Group:             (none)
  Path Type:              Recovery (Max at Slow Process Corner)
  Data Path Delay:        6.618ns  (logic 0.580ns (8.764%)  route 6.038ns (91.236%))
  Logic Levels:           1  (LUT1=1)
  Clock Path Skew:        -0.322ns (DCD - SCD + CPR)
    Destination Clock Delay (DCD):    2.710ns
    Source Clock Delay      (SCD):    3.032ns
    Clock Pessimism Removal (CPR):    0.000ns
  Clock Uncertainty:      0.154ns  ((TSJ^2 + TIJ^2)^1/2 + DJ) / 2 + PE
    Total System Jitter     (TSJ):    0.071ns
    Total Input Jitter      (TIJ):    0.300ns
    Discrete Jitter          (DJ):    0.000ns
    Phase Error              (PE):    0.000ns
  Timing Exception:       False Path

    Location             Delay type                Incr(ns)  Path(ns)    Netlist Resource(s)
  -------------------------------------------------------------------    -------------------
                         (clock clk_fpga_0 rise edge)
                                                      0.000     0.000 r  
    PS7_X0Y0             PS7                          0.000     0.000 r  design_1_i/processing_system7_0/inst/PS7_i/FCLKCLK[0]
                         net (fo=1, routed)           1.193     1.193    design_1_i/processing_system7_0/inst/FCLK_CLK_unbuffered[0]
    BUFGCTRL_X0Y16       BUFG (Prop_bufg_I_O)         0.101     1.294 r  design_1_i/processing_system7_0/inst/buffer_fclk_clk_0.FCLK_CLK_0_BUFG/O
                         net (fo=59464, routed)       1.738     3.032    design_1_i/smartconnect_1/inst/clk_map/psr_aclk/U0/aclk
    SLICE_X81Y6          FDRE                                         r  design_1_i/smartconnect_1/inst/clk_map/psr_aclk/U0/ACTIVE_LOW_BSR_OUT_DFF[0].FDRE_BSR_N/C
  -------------------------------------------------------------------    -------------------
    SLICE_X81Y6          FDRE (Prop_fdre_C_Q)         0.456     3.488 r  design_1_i/smartconnect_1/inst/clk_map/psr_aclk/U0/ACTIVE_LOW_BSR_OUT_DFF[0].FDRE_BSR_N/Q
                         net (fo=25, routed)          5.651     9.139    design_1_i/smartconnect_1/inst/m01_nodes/m01_b_node/inst/s_sc_xpm_cdc_async_rst_inst/src_arst
    SLICE_X83Y76         LUT1 (Prop_lut1_I0_O)        0.124     9.263 f  design_1_i/smartconnect_1/inst/m01_nodes/m01_b_node/inst/s_sc_xpm_cdc_async_rst_inst/arststages_ff[2]_i_1/O
                         net (fo=3, routed)           0.387     9.650    design_1_i/smartconnect_1/inst/m01_nodes/m01_b_node/inst/s_sc_xpm_cdc_async_rst_inst/reset_pol
    SLICE_X83Y76         FDCE                                         f  design_1_i/smartconnect_1/inst/m01_nodes/m01_b_node/inst/s_sc_xpm_cdc_async_rst_inst/arststages_ff_reg[1]/CLR
  -------------------------------------------------------------------    -------------------

                         (clock clk_fpga_0 rise edge)
                                                      0.000     0.000 r  
    PS7_X0Y0             PS7                          0.000     0.000 r  design_1_i/processing_system7_0/inst/PS7_i/FCLKCLK[0]
                         net (fo=1, routed)           1.088     1.088    design_1_i/processing_system7_0/inst/FCLK_CLK_unbuffered[0]
    BUFGCTRL_X0Y16       BUFG (Prop_bufg_I_O)         0.091     1.179 r  design_1_i/processing_system7_0/inst/buffer_fclk_clk_0.FCLK_CLK_0_BUFG/O
                         net (fo=59464, routed)       1.531     2.710    design_1_i/smartconnect_1/inst/m01_nodes/m01_b_node/inst/s_sc_xpm_cdc_async_rst_inst/dest_clk
    SLICE_X83Y76         FDCE                                         r  design_1_i/smartconnect_1/inst/m01_nodes/m01_b_node/inst/s_sc_xpm_cdc_async_rst_inst/arststages_ff_reg[1]/C

Slack:                    inf
  Source:                 design_1_i/smartconnect_1/inst/clk_map/psr_aclk/U0/ACTIVE_LOW_BSR_OUT_DFF[0].FDRE_BSR_N/C
                            (rising edge-triggered cell FDRE clocked by clk_fpga_0  {rise@0.000ns fall@5.000ns period=10.000ns})
  Destination:            design_1_i/smartconnect_1/inst/m01_nodes/m01_b_node/inst/s_sc_xpm_cdc_async_rst_inst/arststages_ff_reg[2]/CLR
                            (recovery check against rising-edge clock clk_fpga_0  {rise@0.000ns fall@5.000ns period=10.000ns})
  Path Group:             (none)
  Path Type:              Recovery (Max at Slow Process Corner)
  Data Path Delay:        6.618ns  (logic 0.580ns (8.764%)  route 6.038ns (91.236%))
  Logic Levels:           1  (LUT1=1)
  Clock Path Skew:        -0.322ns (DCD - SCD + CPR)
    Destination Clock Delay (DCD):    2.710ns
    Source Clock Delay      (SCD):    3.032ns
    Clock Pessimism Removal (CPR):    0.000ns
  Clock Uncertainty:      0.154ns  ((TSJ^2 + TIJ^2)^1/2 + DJ) / 2 + PE
    Total System Jitter     (TSJ):    0.071ns
    Total Input Jitter      (TIJ):    0.300ns
    Discrete Jitter          (DJ):    0.000ns
    Phase Error              (PE):    0.000ns
  Timing Exception:       False Path

    Location             Delay type                Incr(ns)  Path(ns)    Netlist Resource(s)
  -------------------------------------------------------------------    -------------------
                         (clock clk_fpga_0 rise edge)
                                                      0.000     0.000 r  
    PS7_X0Y0             PS7                          0.000     0.000 r  design_1_i/processing_system7_0/inst/PS7_i/FCLKCLK[0]
                         net (fo=1, routed)           1.193     1.193    design_1_i/processing_system7_0/inst/FCLK_CLK_unbuffered[0]
    BUFGCTRL_X0Y16       BUFG (Prop_bufg_I_O)         0.101     1.294 r  design_1_i/processing_system7_0/inst/buffer_fclk_clk_0.FCLK_CLK_0_BUFG/O
                         net (fo=59464, routed)       1.738     3.032    design_1_i/smartconnect_1/inst/clk_map/psr_aclk/U0/aclk
    SLICE_X81Y6          FDRE                                         r  design_1_i/smartconnect_1/inst/clk_map/psr_aclk/U0/ACTIVE_LOW_BSR_OUT_DFF[0].FDRE_BSR_N/C
  -------------------------------------------------------------------    -------------------
    SLICE_X81Y6          FDRE (Prop_fdre_C_Q)         0.456     3.488 r  design_1_i/smartconnect_1/inst/clk_map/psr_aclk/U0/ACTIVE_LOW_BSR_OUT_DFF[0].FDRE_BSR_N/Q
                         net (fo=25, routed)          5.651     9.139    design_1_i/smartconnect_1/inst/m01_nodes/m01_b_node/inst/s_sc_xpm_cdc_async_rst_inst/src_arst
    SLICE_X83Y76         LUT1 (Prop_lut1_I0_O)        0.124     9.263 f  design_1_i/smartconnect_1/inst/m01_nodes/m01_b_node/inst/s_sc_xpm_cdc_async_rst_inst/arststages_ff[2]_i_1/O
                         net (fo=3, routed)           0.387     9.650    design_1_i/smartconnect_1/inst/m01_nodes/m01_b_node/inst/s_sc_xpm_cdc_async_rst_inst/reset_pol
    SLICE_X83Y76         FDCE                                         f  design_1_i/smartconnect_1/inst/m01_nodes/m01_b_node/inst/s_sc_xpm_cdc_async_rst_inst/arststages_ff_reg[2]/CLR
  -------------------------------------------------------------------    -------------------

                         (clock clk_fpga_0 rise edge)
                                                      0.000     0.000 r  
    PS7_X0Y0             PS7                          0.000     0.000 r  design_1_i/processing_system7_0/inst/PS7_i/FCLKCLK[0]
                         net (fo=1, routed)           1.088     1.088    design_1_i/processing_system7_0/inst/FCLK_CLK_unbuffered[0]
    BUFGCTRL_X0Y16       BUFG (Prop_bufg_I_O)         0.091     1.179 r  design_1_i/processing_system7_0/inst/buffer_fclk_clk_0.FCLK_CLK_0_BUFG/O
                         net (fo=59464, routed)       1.531     2.710    design_1_i/smartconnect_1/inst/m01_nodes/m01_b_node/inst/s_sc_xpm_cdc_async_rst_inst/dest_clk
    SLICE_X83Y76         FDCE                                         r  design_1_i/smartconnect_1/inst/m01_nodes/m01_b_node/inst/s_sc_xpm_cdc_async_rst_inst/arststages_ff_reg[2]/C

Slack:                    inf
  Source:                 design_1_i/smartconnect_1/inst/clk_map/psr_aclk/U0/ACTIVE_LOW_BSR_OUT_DFF[0].FDRE_BSR_N/C
                            (rising edge-triggered cell FDRE clocked by clk_fpga_0  {rise@0.000ns fall@5.000ns period=10.000ns})
  Destination:            design_1_i/smartconnect_1/inst/m01_nodes/m01_w_node/inst/s_sc_xpm_cdc_async_rst_inst/arststages_ff_reg[0]/CLR
                            (recovery check against rising-edge clock clk_fpga_0  {rise@0.000ns fall@5.000ns period=10.000ns})
  Path Group:             (none)
  Path Type:              Recovery (Max at Slow Process Corner)
  Data Path Delay:        6.524ns  (logic 0.606ns (9.288%)  route 5.918ns (90.712%))
  Logic Levels:           1  (LUT1=1)
  Clock Path Skew:        -0.389ns (DCD - SCD + CPR)
    Destination Clock Delay (DCD):    2.643ns
    Source Clock Delay      (SCD):    3.032ns
    Clock Pessimism Removal (CPR):    0.000ns
  Clock Uncertainty:      0.154ns  ((TSJ^2 + TIJ^2)^1/2 + DJ) / 2 + PE
    Total System Jitter     (TSJ):    0.071ns
    Total Input Jitter      (TIJ):    0.300ns
    Discrete Jitter          (DJ):    0.000ns
    Phase Error              (PE):    0.000ns
  Timing Exception:       False Path

    Location             Delay type                Incr(ns)  Path(ns)    Netlist Resource(s)
  -------------------------------------------------------------------    -------------------
                         (clock clk_fpga_0 rise edge)
                                                      0.000     0.000 r  
    PS7_X0Y0             PS7                          0.000     0.000 r  design_1_i/processing_system7_0/inst/PS7_i/FCLKCLK[0]
                         net (fo=1, routed)           1.193     1.193    design_1_i/processing_system7_0/inst/FCLK_CLK_unbuffered[0]
    BUFGCTRL_X0Y16       BUFG (Prop_bufg_I_O)         0.101     1.294 r  design_1_i/processing_system7_0/inst/buffer_fclk_clk_0.FCLK_CLK_0_BUFG/O
                         net (fo=59464, routed)       1.738     3.032    design_1_i/smartconnect_1/inst/clk_map/psr_aclk/U0/aclk
    SLICE_X81Y6          FDRE                                         r  design_1_i/smartconnect_1/inst/clk_map/psr_aclk/U0/ACTIVE_LOW_BSR_OUT_DFF[0].FDRE_BSR_N/C
  -------------------------------------------------------------------    -------------------
    SLICE_X81Y6          FDRE (Prop_fdre_C_Q)         0.456     3.488 r  design_1_i/smartconnect_1/inst/clk_map/psr_aclk/U0/ACTIVE_LOW_BSR_OUT_DFF[0].FDRE_BSR_N/Q
                         net (fo=25, routed)          5.403     8.891    design_1_i/smartconnect_1/inst/m01_nodes/m01_w_node/inst/s_sc_xpm_cdc_async_rst_inst/src_arst
    SLICE_X48Y73         LUT1 (Prop_lut1_I0_O)        0.150     9.041 f  design_1_i/smartconnect_1/inst/m01_nodes/m01_w_node/inst/s_sc_xpm_cdc_async_rst_inst/arststages_ff[2]_i_1/O
                         net (fo=3, routed)           0.516     9.556    design_1_i/smartconnect_1/inst/m01_nodes/m01_w_node/inst/s_sc_xpm_cdc_async_rst_inst/reset_pol
    SLICE_X42Y73         FDCE                                         f  design_1_i/smartconnect_1/inst/m01_nodes/m01_w_node/inst/s_sc_xpm_cdc_async_rst_inst/arststages_ff_reg[0]/CLR
  -------------------------------------------------------------------    -------------------

                         (clock clk_fpga_0 rise edge)
                                                      0.000     0.000 r  
    PS7_X0Y0             PS7                          0.000     0.000 r  design_1_i/processing_system7_0/inst/PS7_i/FCLKCLK[0]
                         net (fo=1, routed)           1.088     1.088    design_1_i/processing_system7_0/inst/FCLK_CLK_unbuffered[0]
    BUFGCTRL_X0Y16       BUFG (Prop_bufg_I_O)         0.091     1.179 r  design_1_i/processing_system7_0/inst/buffer_fclk_clk_0.FCLK_CLK_0_BUFG/O
                         net (fo=59464, routed)       1.464     2.643    design_1_i/smartconnect_1/inst/m01_nodes/m01_w_node/inst/s_sc_xpm_cdc_async_rst_inst/dest_clk
    SLICE_X42Y73         FDCE                                         r  design_1_i/smartconnect_1/inst/m01_nodes/m01_w_node/inst/s_sc_xpm_cdc_async_rst_inst/arststages_ff_reg[0]/C

Slack:                    inf
  Source:                 design_1_i/smartconnect_1/inst/clk_map/psr_aclk/U0/ACTIVE_LOW_BSR_OUT_DFF[0].FDRE_BSR_N/C
                            (rising edge-triggered cell FDRE clocked by clk_fpga_0  {rise@0.000ns fall@5.000ns period=10.000ns})
  Destination:            design_1_i/smartconnect_1/inst/m01_nodes/m01_w_node/inst/s_sc_xpm_cdc_async_rst_inst/arststages_ff_reg[1]/CLR
                            (recovery check against rising-edge clock clk_fpga_0  {rise@0.000ns fall@5.000ns period=10.000ns})
  Path Group:             (none)
  Path Type:              Recovery (Max at Slow Process Corner)
  Data Path Delay:        6.524ns  (logic 0.606ns (9.288%)  route 5.918ns (90.712%))
  Logic Levels:           1  (LUT1=1)
  Clock Path Skew:        -0.389ns (DCD - SCD + CPR)
    Destination Clock Delay (DCD):    2.643ns
    Source Clock Delay      (SCD):    3.032ns
    Clock Pessimism Removal (CPR):    0.000ns
  Clock Uncertainty:      0.154ns  ((TSJ^2 + TIJ^2)^1/2 + DJ) / 2 + PE
    Total System Jitter     (TSJ):    0.071ns
    Total Input Jitter      (TIJ):    0.300ns
    Discrete Jitter          (DJ):    0.000ns
    Phase Error              (PE):    0.000ns
  Timing Exception:       False Path

    Location             Delay type                Incr(ns)  Path(ns)    Netlist Resource(s)
  -------------------------------------------------------------------    -------------------
                         (clock clk_fpga_0 rise edge)
                                                      0.000     0.000 r  
    PS7_X0Y0             PS7                          0.000     0.000 r  design_1_i/processing_system7_0/inst/PS7_i/FCLKCLK[0]
                         net (fo=1, routed)           1.193     1.193    design_1_i/processing_system7_0/inst/FCLK_CLK_unbuffered[0]
    BUFGCTRL_X0Y16       BUFG (Prop_bufg_I_O)         0.101     1.294 r  design_1_i/processing_system7_0/inst/buffer_fclk_clk_0.FCLK_CLK_0_BUFG/O
                         net (fo=59464, routed)       1.738     3.032    design_1_i/smartconnect_1/inst/clk_map/psr_aclk/U0/aclk
    SLICE_X81Y6          FDRE                                         r  design_1_i/smartconnect_1/inst/clk_map/psr_aclk/U0/ACTIVE_LOW_BSR_OUT_DFF[0].FDRE_BSR_N/C
  -------------------------------------------------------------------    -------------------
    SLICE_X81Y6          FDRE (Prop_fdre_C_Q)         0.456     3.488 r  design_1_i/smartconnect_1/inst/clk_map/psr_aclk/U0/ACTIVE_LOW_BSR_OUT_DFF[0].FDRE_BSR_N/Q
                         net (fo=25, routed)          5.403     8.891    design_1_i/smartconnect_1/inst/m01_nodes/m01_w_node/inst/s_sc_xpm_cdc_async_rst_inst/src_arst
    SLICE_X48Y73         LUT1 (Prop_lut1_I0_O)        0.150     9.041 f  design_1_i/smartconnect_1/inst/m01_nodes/m01_w_node/inst/s_sc_xpm_cdc_async_rst_inst/arststages_ff[2]_i_1/O
                         net (fo=3, routed)           0.516     9.556    design_1_i/smartconnect_1/inst/m01_nodes/m01_w_node/inst/s_sc_xpm_cdc_async_rst_inst/reset_pol
    SLICE_X42Y73         FDCE                                         f  design_1_i/smartconnect_1/inst/m01_nodes/m01_w_node/inst/s_sc_xpm_cdc_async_rst_inst/arststages_ff_reg[1]/CLR
  -------------------------------------------------------------------    -------------------

                         (clock clk_fpga_0 rise edge)
                                                      0.000     0.000 r  
    PS7_X0Y0             PS7                          0.000     0.000 r  design_1_i/processing_system7_0/inst/PS7_i/FCLKCLK[0]
                         net (fo=1, routed)           1.088     1.088    design_1_i/processing_system7_0/inst/FCLK_CLK_unbuffered[0]
    BUFGCTRL_X0Y16       BUFG (Prop_bufg_I_O)         0.091     1.179 r  design_1_i/processing_system7_0/inst/buffer_fclk_clk_0.FCLK_CLK_0_BUFG/O
                         net (fo=59464, routed)       1.464     2.643    design_1_i/smartconnect_1/inst/m01_nodes/m01_w_node/inst/s_sc_xpm_cdc_async_rst_inst/dest_clk
    SLICE_X42Y73         FDCE                                         r  design_1_i/smartconnect_1/inst/m01_nodes/m01_w_node/inst/s_sc_xpm_cdc_async_rst_inst/arststages_ff_reg[1]/C

Slack:                    inf
  Source:                 design_1_i/smartconnect_1/inst/clk_map/psr_aclk/U0/ACTIVE_LOW_BSR_OUT_DFF[0].FDRE_BSR_N/C
                            (rising edge-triggered cell FDRE clocked by clk_fpga_0  {rise@0.000ns fall@5.000ns period=10.000ns})
  Destination:            design_1_i/smartconnect_1/inst/m01_nodes/m01_w_node/inst/s_sc_xpm_cdc_async_rst_inst/arststages_ff_reg[2]/CLR
                            (recovery check against rising-edge clock clk_fpga_0  {rise@0.000ns fall@5.000ns period=10.000ns})
  Path Group:             (none)
  Path Type:              Recovery (Max at Slow Process Corner)
  Data Path Delay:        6.524ns  (logic 0.606ns (9.288%)  route 5.918ns (90.712%))
  Logic Levels:           1  (LUT1=1)
  Clock Path Skew:        -0.389ns (DCD - SCD + CPR)
    Destination Clock Delay (DCD):    2.643ns
    Source Clock Delay      (SCD):    3.032ns
    Clock Pessimism Removal (CPR):    0.000ns
  Clock Uncertainty:      0.154ns  ((TSJ^2 + TIJ^2)^1/2 + DJ) / 2 + PE
    Total System Jitter     (TSJ):    0.071ns
    Total Input Jitter      (TIJ):    0.300ns
    Discrete Jitter          (DJ):    0.000ns
    Phase Error              (PE):    0.000ns
  Timing Exception:       False Path

    Location             Delay type                Incr(ns)  Path(ns)    Netlist Resource(s)
  -------------------------------------------------------------------    -------------------
                         (clock clk_fpga_0 rise edge)
                                                      0.000     0.000 r  
    PS7_X0Y0             PS7                          0.000     0.000 r  design_1_i/processing_system7_0/inst/PS7_i/FCLKCLK[0]
                         net (fo=1, routed)           1.193     1.193    design_1_i/processing_system7_0/inst/FCLK_CLK_unbuffered[0]
    BUFGCTRL_X0Y16       BUFG (Prop_bufg_I_O)         0.101     1.294 r  design_1_i/processing_system7_0/inst/buffer_fclk_clk_0.FCLK_CLK_0_BUFG/O
                         net (fo=59464, routed)       1.738     3.032    design_1_i/smartconnect_1/inst/clk_map/psr_aclk/U0/aclk
    SLICE_X81Y6          FDRE                                         r  design_1_i/smartconnect_1/inst/clk_map/psr_aclk/U0/ACTIVE_LOW_BSR_OUT_DFF[0].FDRE_BSR_N/C
  -------------------------------------------------------------------    -------------------
    SLICE_X81Y6          FDRE (Prop_fdre_C_Q)         0.456     3.488 r  design_1_i/smartconnect_1/inst/clk_map/psr_aclk/U0/ACTIVE_LOW_BSR_OUT_DFF[0].FDRE_BSR_N/Q
                         net (fo=25, routed)          5.403     8.891    design_1_i/smartconnect_1/inst/m01_nodes/m01_w_node/inst/s_sc_xpm_cdc_async_rst_inst/src_arst
    SLICE_X48Y73         LUT1 (Prop_lut1_I0_O)        0.150     9.041 f  design_1_i/smartconnect_1/inst/m01_nodes/m01_w_node/inst/s_sc_xpm_cdc_async_rst_inst/arststages_ff[2]_i_1/O
                         net (fo=3, routed)           0.516     9.556    design_1_i/smartconnect_1/inst/m01_nodes/m01_w_node/inst/s_sc_xpm_cdc_async_rst_inst/reset_pol
    SLICE_X42Y73         FDCE                                         f  design_1_i/smartconnect_1/inst/m01_nodes/m01_w_node/inst/s_sc_xpm_cdc_async_rst_inst/arststages_ff_reg[2]/CLR
  -------------------------------------------------------------------    -------------------

                         (clock clk_fpga_0 rise edge)
                                                      0.000     0.000 r  
    PS7_X0Y0             PS7                          0.000     0.000 r  design_1_i/processing_system7_0/inst/PS7_i/FCLKCLK[0]
                         net (fo=1, routed)           1.088     1.088    design_1_i/processing_system7_0/inst/FCLK_CLK_unbuffered[0]
    BUFGCTRL_X0Y16       BUFG (Prop_bufg_I_O)         0.091     1.179 r  design_1_i/processing_system7_0/inst/buffer_fclk_clk_0.FCLK_CLK_0_BUFG/O
                         net (fo=59464, routed)       1.464     2.643    design_1_i/smartconnect_1/inst/m01_nodes/m01_w_node/inst/s_sc_xpm_cdc_async_rst_inst/dest_clk
    SLICE_X42Y73         FDCE                                         r  design_1_i/smartconnect_1/inst/m01_nodes/m01_w_node/inst/s_sc_xpm_cdc_async_rst_inst/arststages_ff_reg[2]/C





Min Delay Paths
--------------------------------------------------------------------------------------
Slack:                    inf
  Source:                 design_1_i/smartconnect_1/inst/clk_map/psr_aclk/U0/ACTIVE_LOW_BSR_OUT_DFF[0].FDRE_BSR_N/C
                            (rising edge-triggered cell FDRE clocked by clk_fpga_0  {rise@0.000ns fall@5.000ns period=10.000ns})
  Destination:            design_1_i/smartconnect_1/inst/s00_nodes/s00_r_node/inst/s_sc_xpm_cdc_async_rst_inst/arststages_ff_reg[0]/CLR
                            (removal check against rising-edge clock clk_fpga_0  {rise@0.000ns fall@5.000ns period=10.000ns})
  Path Group:             (none)
  Path Type:              Removal (Min at Fast Process Corner)
  Data Path Delay:        0.781ns  (logic 0.185ns (23.673%)  route 0.596ns (76.327%))
  Logic Levels:           1  (LUT1=1)
  Clock Path Skew:        0.298ns (DCD - SCD - CPR)
    Destination Clock Delay (DCD):    1.222ns
    Source Clock Delay      (SCD):    0.925ns
    Clock Pessimism Removal (CPR):    -0.000ns
  Clock Uncertainty:      0.154ns  ((TSJ^2 + TIJ^2)^1/2 + DJ) / 2 + PE
    Total System Jitter     (TSJ):    0.071ns
    Total Input Jitter      (TIJ):    0.300ns
    Discrete Jitter          (DJ):    0.000ns
    Phase Error              (PE):    0.000ns
  Timing Exception:       False Path

    Location             Delay type                Incr(ns)  Path(ns)    Netlist Resource(s)
  -------------------------------------------------------------------    -------------------
                         (clock clk_fpga_0 rise edge)
                                                      0.000     0.000 r  
    PS7_X0Y0             PS7                          0.000     0.000 r  design_1_i/processing_system7_0/inst/PS7_i/FCLKCLK[0]
                         net (fo=1, routed)           0.310     0.310    design_1_i/processing_system7_0/inst/FCLK_CLK_unbuffered[0]
    BUFGCTRL_X0Y16       BUFG (Prop_bufg_I_O)         0.026     0.336 r  design_1_i/processing_system7_0/inst/buffer_fclk_clk_0.FCLK_CLK_0_BUFG/O
                         net (fo=59464, routed)       0.589     0.924    design_1_i/smartconnect_1/inst/clk_map/psr_aclk/U0/aclk
    SLICE_X81Y6          FDRE                                         r  design_1_i/smartconnect_1/inst/clk_map/psr_aclk/U0/ACTIVE_LOW_BSR_OUT_DFF[0].FDRE_BSR_N/C
  -------------------------------------------------------------------    -------------------
    SLICE_X81Y6          FDRE (Prop_fdre_C_Q)         0.141     1.066 r  design_1_i/smartconnect_1/inst/clk_map/psr_aclk/U0/ACTIVE_LOW_BSR_OUT_DFF[0].FDRE_BSR_N/Q
                         net (fo=25, routed)          0.418     1.484    design_1_i/smartconnect_1/inst/s00_nodes/s00_r_node/inst/s_sc_xpm_cdc_async_rst_inst/src_arst
    SLICE_X77Y8          LUT1 (Prop_lut1_I0_O)        0.044     1.528 f  design_1_i/smartconnect_1/inst/s00_nodes/s00_r_node/inst/s_sc_xpm_cdc_async_rst_inst/arststages_ff[2]_i_1/O
                         net (fo=3, routed)           0.178     1.706    design_1_i/smartconnect_1/inst/s00_nodes/s00_r_node/inst/s_sc_xpm_cdc_async_rst_inst/reset_pol
    SLICE_X77Y7          FDCE                                         f  design_1_i/smartconnect_1/inst/s00_nodes/s00_r_node/inst/s_sc_xpm_cdc_async_rst_inst/arststages_ff_reg[0]/CLR
  -------------------------------------------------------------------    -------------------

                         (clock clk_fpga_0 rise edge)
                                                      0.000     0.000 r  
    PS7_X0Y0             PS7                          0.000     0.000 r  design_1_i/processing_system7_0/inst/PS7_i/FCLKCLK[0]
                         net (fo=1, routed)           0.337     0.337    design_1_i/processing_system7_0/inst/FCLK_CLK_unbuffered[0]
    BUFGCTRL_X0Y16       BUFG (Prop_bufg_I_O)         0.029     0.366 r  design_1_i/processing_system7_0/inst/buffer_fclk_clk_0.FCLK_CLK_0_BUFG/O
                         net (fo=59464, routed)       0.856     1.222    design_1_i/smartconnect_1/inst/s00_nodes/s00_r_node/inst/s_sc_xpm_cdc_async_rst_inst/dest_clk
    SLICE_X77Y7          FDCE                                         r  design_1_i/smartconnect_1/inst/s00_nodes/s00_r_node/inst/s_sc_xpm_cdc_async_rst_inst/arststages_ff_reg[0]/C

Slack:                    inf
  Source:                 design_1_i/smartconnect_1/inst/clk_map/psr_aclk/U0/ACTIVE_LOW_BSR_OUT_DFF[0].FDRE_BSR_N/C
                            (rising edge-triggered cell FDRE clocked by clk_fpga_0  {rise@0.000ns fall@5.000ns period=10.000ns})
  Destination:            design_1_i/smartconnect_1/inst/s00_nodes/s00_r_node/inst/s_sc_xpm_cdc_async_rst_inst/arststages_ff_reg[1]/CLR
                            (removal check against rising-edge clock clk_fpga_0  {rise@0.000ns fall@5.000ns period=10.000ns})
  Path Group:             (none)
  Path Type:              Removal (Min at Fast Process Corner)
  Data Path Delay:        0.781ns  (logic 0.185ns (23.673%)  route 0.596ns (76.327%))
  Logic Levels:           1  (LUT1=1)
  Clock Path Skew:        0.298ns (DCD - SCD - CPR)
    Destination Clock Delay (DCD):    1.222ns
    Source Clock Delay      (SCD):    0.925ns
    Clock Pessimism Removal (CPR):    -0.000ns
  Clock Uncertainty:      0.154ns  ((TSJ^2 + TIJ^2)^1/2 + DJ) / 2 + PE
    Total System Jitter     (TSJ):    0.071ns
    Total Input Jitter      (TIJ):    0.300ns
    Discrete Jitter          (DJ):    0.000ns
    Phase Error              (PE):    0.000ns
  Timing Exception:       False Path

    Location             Delay type                Incr(ns)  Path(ns)    Netlist Resource(s)
  -------------------------------------------------------------------    -------------------
                         (clock clk_fpga_0 rise edge)
                                                      0.000     0.000 r  
    PS7_X0Y0             PS7                          0.000     0.000 r  design_1_i/processing_system7_0/inst/PS7_i/FCLKCLK[0]
                         net (fo=1, routed)           0.310     0.310    design_1_i/processing_system7_0/inst/FCLK_CLK_unbuffered[0]
    BUFGCTRL_X0Y16       BUFG (Prop_bufg_I_O)         0.026     0.336 r  design_1_i/processing_system7_0/inst/buffer_fclk_clk_0.FCLK_CLK_0_BUFG/O
                         net (fo=59464, routed)       0.589     0.924    design_1_i/smartconnect_1/inst/clk_map/psr_aclk/U0/aclk
    SLICE_X81Y6          FDRE                                         r  design_1_i/smartconnect_1/inst/clk_map/psr_aclk/U0/ACTIVE_LOW_BSR_OUT_DFF[0].FDRE_BSR_N/C
  -------------------------------------------------------------------    -------------------
    SLICE_X81Y6          FDRE (Prop_fdre_C_Q)         0.141     1.066 r  design_1_i/smartconnect_1/inst/clk_map/psr_aclk/U0/ACTIVE_LOW_BSR_OUT_DFF[0].FDRE_BSR_N/Q
                         net (fo=25, routed)          0.418     1.484    design_1_i/smartconnect_1/inst/s00_nodes/s00_r_node/inst/s_sc_xpm_cdc_async_rst_inst/src_arst
    SLICE_X77Y8          LUT1 (Prop_lut1_I0_O)        0.044     1.528 f  design_1_i/smartconnect_1/inst/s00_nodes/s00_r_node/inst/s_sc_xpm_cdc_async_rst_inst/arststages_ff[2]_i_1/O
                         net (fo=3, routed)           0.178     1.706    design_1_i/smartconnect_1/inst/s00_nodes/s00_r_node/inst/s_sc_xpm_cdc_async_rst_inst/reset_pol
    SLICE_X77Y7          FDCE                                         f  design_1_i/smartconnect_1/inst/s00_nodes/s00_r_node/inst/s_sc_xpm_cdc_async_rst_inst/arststages_ff_reg[1]/CLR
  -------------------------------------------------------------------    -------------------

                         (clock clk_fpga_0 rise edge)
                                                      0.000     0.000 r  
    PS7_X0Y0             PS7                          0.000     0.000 r  design_1_i/processing_system7_0/inst/PS7_i/FCLKCLK[0]
                         net (fo=1, routed)           0.337     0.337    design_1_i/processing_system7_0/inst/FCLK_CLK_unbuffered[0]
    BUFGCTRL_X0Y16       BUFG (Prop_bufg_I_O)         0.029     0.366 r  design_1_i/processing_system7_0/inst/buffer_fclk_clk_0.FCLK_CLK_0_BUFG/O
                         net (fo=59464, routed)       0.856     1.222    design_1_i/smartconnect_1/inst/s00_nodes/s00_r_node/inst/s_sc_xpm_cdc_async_rst_inst/dest_clk
    SLICE_X77Y7          FDCE                                         r  design_1_i/smartconnect_1/inst/s00_nodes/s00_r_node/inst/s_sc_xpm_cdc_async_rst_inst/arststages_ff_reg[1]/C

Slack:                    inf
  Source:                 design_1_i/smartconnect_1/inst/clk_map/psr_aclk/U0/ACTIVE_LOW_BSR_OUT_DFF[0].FDRE_BSR_N/C
                            (rising edge-triggered cell FDRE clocked by clk_fpga_0  {rise@0.000ns fall@5.000ns period=10.000ns})
  Destination:            design_1_i/smartconnect_1/inst/s00_nodes/s00_r_node/inst/s_sc_xpm_cdc_async_rst_inst/arststages_ff_reg[2]/CLR
                            (removal check against rising-edge clock clk_fpga_0  {rise@0.000ns fall@5.000ns period=10.000ns})
  Path Group:             (none)
  Path Type:              Removal (Min at Fast Process Corner)
  Data Path Delay:        0.781ns  (logic 0.185ns (23.673%)  route 0.596ns (76.327%))
  Logic Levels:           1  (LUT1=1)
  Clock Path Skew:        0.298ns (DCD - SCD - CPR)
    Destination Clock Delay (DCD):    1.222ns
    Source Clock Delay      (SCD):    0.925ns
    Clock Pessimism Removal (CPR):    -0.000ns
  Clock Uncertainty:      0.154ns  ((TSJ^2 + TIJ^2)^1/2 + DJ) / 2 + PE
    Total System Jitter     (TSJ):    0.071ns
    Total Input Jitter      (TIJ):    0.300ns
    Discrete Jitter          (DJ):    0.000ns
    Phase Error              (PE):    0.000ns
  Timing Exception:       False Path

    Location             Delay type                Incr(ns)  Path(ns)    Netlist Resource(s)
  -------------------------------------------------------------------    -------------------
                         (clock clk_fpga_0 rise edge)
                                                      0.000     0.000 r  
    PS7_X0Y0             PS7                          0.000     0.000 r  design_1_i/processing_system7_0/inst/PS7_i/FCLKCLK[0]
                         net (fo=1, routed)           0.310     0.310    design_1_i/processing_system7_0/inst/FCLK_CLK_unbuffered[0]
    BUFGCTRL_X0Y16       BUFG (Prop_bufg_I_O)         0.026     0.336 r  design_1_i/processing_system7_0/inst/buffer_fclk_clk_0.FCLK_CLK_0_BUFG/O
                         net (fo=59464, routed)       0.589     0.924    design_1_i/smartconnect_1/inst/clk_map/psr_aclk/U0/aclk
    SLICE_X81Y6          FDRE                                         r  design_1_i/smartconnect_1/inst/clk_map/psr_aclk/U0/ACTIVE_LOW_BSR_OUT_DFF[0].FDRE_BSR_N/C
  -------------------------------------------------------------------    -------------------
    SLICE_X81Y6          FDRE (Prop_fdre_C_Q)         0.141     1.066 r  design_1_i/smartconnect_1/inst/clk_map/psr_aclk/U0/ACTIVE_LOW_BSR_OUT_DFF[0].FDRE_BSR_N/Q
                         net (fo=25, routed)          0.418     1.484    design_1_i/smartconnect_1/inst/s00_nodes/s00_r_node/inst/s_sc_xpm_cdc_async_rst_inst/src_arst
    SLICE_X77Y8          LUT1 (Prop_lut1_I0_O)        0.044     1.528 f  design_1_i/smartconnect_1/inst/s00_nodes/s00_r_node/inst/s_sc_xpm_cdc_async_rst_inst/arststages_ff[2]_i_1/O
                         net (fo=3, routed)           0.178     1.706    design_1_i/smartconnect_1/inst/s00_nodes/s00_r_node/inst/s_sc_xpm_cdc_async_rst_inst/reset_pol
    SLICE_X77Y7          FDCE                                         f  design_1_i/smartconnect_1/inst/s00_nodes/s00_r_node/inst/s_sc_xpm_cdc_async_rst_inst/arststages_ff_reg[2]/CLR
  -------------------------------------------------------------------    -------------------

                         (clock clk_fpga_0 rise edge)
                                                      0.000     0.000 r  
    PS7_X0Y0             PS7                          0.000     0.000 r  design_1_i/processing_system7_0/inst/PS7_i/FCLKCLK[0]
                         net (fo=1, routed)           0.337     0.337    design_1_i/processing_system7_0/inst/FCLK_CLK_unbuffered[0]
    BUFGCTRL_X0Y16       BUFG (Prop_bufg_I_O)         0.029     0.366 r  design_1_i/processing_system7_0/inst/buffer_fclk_clk_0.FCLK_CLK_0_BUFG/O
                         net (fo=59464, routed)       0.856     1.222    design_1_i/smartconnect_1/inst/s00_nodes/s00_r_node/inst/s_sc_xpm_cdc_async_rst_inst/dest_clk
    SLICE_X77Y7          FDCE                                         r  design_1_i/smartconnect_1/inst/s00_nodes/s00_r_node/inst/s_sc_xpm_cdc_async_rst_inst/arststages_ff_reg[2]/C

Slack:                    inf
  Source:                 design_1_i/smartconnect_1/inst/clk_map/psr_aclk/U0/ACTIVE_LOW_BSR_OUT_DFF[0].FDRE_BSR_N/C
                            (rising edge-triggered cell FDRE clocked by clk_fpga_0  {rise@0.000ns fall@5.000ns period=10.000ns})
  Destination:            design_1_i/smartconnect_1/inst/s00_nodes/s00_b_node/inst/s_sc_xpm_cdc_async_rst_inst/arststages_ff_reg[0]/CLR
                            (removal check against rising-edge clock clk_fpga_0  {rise@0.000ns fall@5.000ns period=10.000ns})
  Path Group:             (none)
  Path Type:              Removal (Min at Fast Process Corner)
  Data Path Delay:        0.839ns  (logic 0.186ns (22.172%)  route 0.653ns (77.828%))
  Logic Levels:           1  (LUT1=1)
  Clock Path Skew:        0.295ns (DCD - SCD - CPR)
    Destination Clock Delay (DCD):    1.220ns
    Source Clock Delay      (SCD):    0.925ns
    Clock Pessimism Removal (CPR):    -0.000ns
  Clock Uncertainty:      0.154ns  ((TSJ^2 + TIJ^2)^1/2 + DJ) / 2 + PE
    Total System Jitter     (TSJ):    0.071ns
    Total Input Jitter      (TIJ):    0.300ns
    Discrete Jitter          (DJ):    0.000ns
    Phase Error              (PE):    0.000ns
  Timing Exception:       False Path

    Location             Delay type                Incr(ns)  Path(ns)    Netlist Resource(s)
  -------------------------------------------------------------------    -------------------
                         (clock clk_fpga_0 rise edge)
                                                      0.000     0.000 r  
    PS7_X0Y0             PS7                          0.000     0.000 r  design_1_i/processing_system7_0/inst/PS7_i/FCLKCLK[0]
                         net (fo=1, routed)           0.310     0.310    design_1_i/processing_system7_0/inst/FCLK_CLK_unbuffered[0]
    BUFGCTRL_X0Y16       BUFG (Prop_bufg_I_O)         0.026     0.336 r  design_1_i/processing_system7_0/inst/buffer_fclk_clk_0.FCLK_CLK_0_BUFG/O
                         net (fo=59464, routed)       0.589     0.924    design_1_i/smartconnect_1/inst/clk_map/psr_aclk/U0/aclk
    SLICE_X81Y6          FDRE                                         r  design_1_i/smartconnect_1/inst/clk_map/psr_aclk/U0/ACTIVE_LOW_BSR_OUT_DFF[0].FDRE_BSR_N/C
  -------------------------------------------------------------------    -------------------
    SLICE_X81Y6          FDRE (Prop_fdre_C_Q)         0.141     1.066 r  design_1_i/smartconnect_1/inst/clk_map/psr_aclk/U0/ACTIVE_LOW_BSR_OUT_DFF[0].FDRE_BSR_N/Q
                         net (fo=25, routed)          0.418     1.484    design_1_i/smartconnect_1/inst/s00_nodes/s00_b_node/inst/s_sc_xpm_cdc_async_rst_inst/src_arst
    SLICE_X77Y8          LUT1 (Prop_lut1_I0_O)        0.045     1.529 f  design_1_i/smartconnect_1/inst/s00_nodes/s00_b_node/inst/s_sc_xpm_cdc_async_rst_inst/arststages_ff[2]_i_1/O
                         net (fo=3, routed)           0.235     1.763    design_1_i/smartconnect_1/inst/s00_nodes/s00_b_node/inst/s_sc_xpm_cdc_async_rst_inst/reset_pol
    SLICE_X75Y9          FDCE                                         f  design_1_i/smartconnect_1/inst/s00_nodes/s00_b_node/inst/s_sc_xpm_cdc_async_rst_inst/arststages_ff_reg[0]/CLR
  -------------------------------------------------------------------    -------------------

                         (clock clk_fpga_0 rise edge)
                                                      0.000     0.000 r  
    PS7_X0Y0             PS7                          0.000     0.000 r  design_1_i/processing_system7_0/inst/PS7_i/FCLKCLK[0]
                         net (fo=1, routed)           0.337     0.337    design_1_i/processing_system7_0/inst/FCLK_CLK_unbuffered[0]
    BUFGCTRL_X0Y16       BUFG (Prop_bufg_I_O)         0.029     0.366 r  design_1_i/processing_system7_0/inst/buffer_fclk_clk_0.FCLK_CLK_0_BUFG/O
                         net (fo=59464, routed)       0.854     1.220    design_1_i/smartconnect_1/inst/s00_nodes/s00_b_node/inst/s_sc_xpm_cdc_async_rst_inst/dest_clk
    SLICE_X75Y9          FDCE                                         r  design_1_i/smartconnect_1/inst/s00_nodes/s00_b_node/inst/s_sc_xpm_cdc_async_rst_inst/arststages_ff_reg[0]/C

Slack:                    inf
  Source:                 design_1_i/smartconnect_1/inst/clk_map/psr_aclk/U0/ACTIVE_LOW_BSR_OUT_DFF[0].FDRE_BSR_N/C
                            (rising edge-triggered cell FDRE clocked by clk_fpga_0  {rise@0.000ns fall@5.000ns period=10.000ns})
  Destination:            design_1_i/smartconnect_1/inst/s00_nodes/s00_b_node/inst/s_sc_xpm_cdc_async_rst_inst/arststages_ff_reg[1]/CLR
                            (removal check against rising-edge clock clk_fpga_0  {rise@0.000ns fall@5.000ns period=10.000ns})
  Path Group:             (none)
  Path Type:              Removal (Min at Fast Process Corner)
  Data Path Delay:        0.839ns  (logic 0.186ns (22.172%)  route 0.653ns (77.828%))
  Logic Levels:           1  (LUT1=1)
  Clock Path Skew:        0.295ns (DCD - SCD - CPR)
    Destination Clock Delay (DCD):    1.220ns
    Source Clock Delay      (SCD):    0.925ns
    Clock Pessimism Removal (CPR):    -0.000ns
  Clock Uncertainty:      0.154ns  ((TSJ^2 + TIJ^2)^1/2 + DJ) / 2 + PE
    Total System Jitter     (TSJ):    0.071ns
    Total Input Jitter      (TIJ):    0.300ns
    Discrete Jitter          (DJ):    0.000ns
    Phase Error              (PE):    0.000ns
  Timing Exception:       False Path

    Location             Delay type                Incr(ns)  Path(ns)    Netlist Resource(s)
  -------------------------------------------------------------------    -------------------
                         (clock clk_fpga_0 rise edge)
                                                      0.000     0.000 r  
    PS7_X0Y0             PS7                          0.000     0.000 r  design_1_i/processing_system7_0/inst/PS7_i/FCLKCLK[0]
                         net (fo=1, routed)           0.310     0.310    design_1_i/processing_system7_0/inst/FCLK_CLK_unbuffered[0]
    BUFGCTRL_X0Y16       BUFG (Prop_bufg_I_O)         0.026     0.336 r  design_1_i/processing_system7_0/inst/buffer_fclk_clk_0.FCLK_CLK_0_BUFG/O
                         net (fo=59464, routed)       0.589     0.924    design_1_i/smartconnect_1/inst/clk_map/psr_aclk/U0/aclk
    SLICE_X81Y6          FDRE                                         r  design_1_i/smartconnect_1/inst/clk_map/psr_aclk/U0/ACTIVE_LOW_BSR_OUT_DFF[0].FDRE_BSR_N/C
  -------------------------------------------------------------------    -------------------
    SLICE_X81Y6          FDRE (Prop_fdre_C_Q)         0.141     1.066 r  design_1_i/smartconnect_1/inst/clk_map/psr_aclk/U0/ACTIVE_LOW_BSR_OUT_DFF[0].FDRE_BSR_N/Q
                         net (fo=25, routed)          0.418     1.484    design_1_i/smartconnect_1/inst/s00_nodes/s00_b_node/inst/s_sc_xpm_cdc_async_rst_inst/src_arst
    SLICE_X77Y8          LUT1 (Prop_lut1_I0_O)        0.045     1.529 f  design_1_i/smartconnect_1/inst/s00_nodes/s00_b_node/inst/s_sc_xpm_cdc_async_rst_inst/arststages_ff[2]_i_1/O
                         net (fo=3, routed)           0.235     1.763    design_1_i/smartconnect_1/inst/s00_nodes/s00_b_node/inst/s_sc_xpm_cdc_async_rst_inst/reset_pol
    SLICE_X75Y9          FDCE                                         f  design_1_i/smartconnect_1/inst/s00_nodes/s00_b_node/inst/s_sc_xpm_cdc_async_rst_inst/arststages_ff_reg[1]/CLR
  -------------------------------------------------------------------    -------------------

                         (clock clk_fpga_0 rise edge)
                                                      0.000     0.000 r  
    PS7_X0Y0             PS7                          0.000     0.000 r  design_1_i/processing_system7_0/inst/PS7_i/FCLKCLK[0]
                         net (fo=1, routed)           0.337     0.337    design_1_i/processing_system7_0/inst/FCLK_CLK_unbuffered[0]
    BUFGCTRL_X0Y16       BUFG (Prop_bufg_I_O)         0.029     0.366 r  design_1_i/processing_system7_0/inst/buffer_fclk_clk_0.FCLK_CLK_0_BUFG/O
                         net (fo=59464, routed)       0.854     1.220    design_1_i/smartconnect_1/inst/s00_nodes/s00_b_node/inst/s_sc_xpm_cdc_async_rst_inst/dest_clk
    SLICE_X75Y9          FDCE                                         r  design_1_i/smartconnect_1/inst/s00_nodes/s00_b_node/inst/s_sc_xpm_cdc_async_rst_inst/arststages_ff_reg[1]/C

Slack:                    inf
  Source:                 design_1_i/smartconnect_1/inst/clk_map/psr_aclk/U0/ACTIVE_LOW_BSR_OUT_DFF[0].FDRE_BSR_N/C
                            (rising edge-triggered cell FDRE clocked by clk_fpga_0  {rise@0.000ns fall@5.000ns period=10.000ns})
  Destination:            design_1_i/smartconnect_1/inst/s00_nodes/s00_b_node/inst/s_sc_xpm_cdc_async_rst_inst/arststages_ff_reg[2]/CLR
                            (removal check against rising-edge clock clk_fpga_0  {rise@0.000ns fall@5.000ns period=10.000ns})
  Path Group:             (none)
  Path Type:              Removal (Min at Fast Process Corner)
  Data Path Delay:        0.839ns  (logic 0.186ns (22.172%)  route 0.653ns (77.828%))
  Logic Levels:           1  (LUT1=1)
  Clock Path Skew:        0.295ns (DCD - SCD - CPR)
    Destination Clock Delay (DCD):    1.220ns
    Source Clock Delay      (SCD):    0.925ns
    Clock Pessimism Removal (CPR):    -0.000ns
  Clock Uncertainty:      0.154ns  ((TSJ^2 + TIJ^2)^1/2 + DJ) / 2 + PE
    Total System Jitter     (TSJ):    0.071ns
    Total Input Jitter      (TIJ):    0.300ns
    Discrete Jitter          (DJ):    0.000ns
    Phase Error              (PE):    0.000ns
  Timing Exception:       False Path

    Location             Delay type                Incr(ns)  Path(ns)    Netlist Resource(s)
  -------------------------------------------------------------------    -------------------
                         (clock clk_fpga_0 rise edge)
                                                      0.000     0.000 r  
    PS7_X0Y0             PS7                          0.000     0.000 r  design_1_i/processing_system7_0/inst/PS7_i/FCLKCLK[0]
                         net (fo=1, routed)           0.310     0.310    design_1_i/processing_system7_0/inst/FCLK_CLK_unbuffered[0]
    BUFGCTRL_X0Y16       BUFG (Prop_bufg_I_O)         0.026     0.336 r  design_1_i/processing_system7_0/inst/buffer_fclk_clk_0.FCLK_CLK_0_BUFG/O
                         net (fo=59464, routed)       0.589     0.924    design_1_i/smartconnect_1/inst/clk_map/psr_aclk/U0/aclk
    SLICE_X81Y6          FDRE                                         r  design_1_i/smartconnect_1/inst/clk_map/psr_aclk/U0/ACTIVE_LOW_BSR_OUT_DFF[0].FDRE_BSR_N/C
  -------------------------------------------------------------------    -------------------
    SLICE_X81Y6          FDRE (Prop_fdre_C_Q)         0.141     1.066 r  design_1_i/smartconnect_1/inst/clk_map/psr_aclk/U0/ACTIVE_LOW_BSR_OUT_DFF[0].FDRE_BSR_N/Q
                         net (fo=25, routed)          0.418     1.484    design_1_i/smartconnect_1/inst/s00_nodes/s00_b_node/inst/s_sc_xpm_cdc_async_rst_inst/src_arst
    SLICE_X77Y8          LUT1 (Prop_lut1_I0_O)        0.045     1.529 f  design_1_i/smartconnect_1/inst/s00_nodes/s00_b_node/inst/s_sc_xpm_cdc_async_rst_inst/arststages_ff[2]_i_1/O
                         net (fo=3, routed)           0.235     1.763    design_1_i/smartconnect_1/inst/s00_nodes/s00_b_node/inst/s_sc_xpm_cdc_async_rst_inst/reset_pol
    SLICE_X75Y9          FDCE                                         f  design_1_i/smartconnect_1/inst/s00_nodes/s00_b_node/inst/s_sc_xpm_cdc_async_rst_inst/arststages_ff_reg[2]/CLR
  -------------------------------------------------------------------    -------------------

                         (clock clk_fpga_0 rise edge)
                                                      0.000     0.000 r  
    PS7_X0Y0             PS7                          0.000     0.000 r  design_1_i/processing_system7_0/inst/PS7_i/FCLKCLK[0]
                         net (fo=1, routed)           0.337     0.337    design_1_i/processing_system7_0/inst/FCLK_CLK_unbuffered[0]
    BUFGCTRL_X0Y16       BUFG (Prop_bufg_I_O)         0.029     0.366 r  design_1_i/processing_system7_0/inst/buffer_fclk_clk_0.FCLK_CLK_0_BUFG/O
                         net (fo=59464, routed)       0.854     1.220    design_1_i/smartconnect_1/inst/s00_nodes/s00_b_node/inst/s_sc_xpm_cdc_async_rst_inst/dest_clk
    SLICE_X75Y9          FDCE                                         r  design_1_i/smartconnect_1/inst/s00_nodes/s00_b_node/inst/s_sc_xpm_cdc_async_rst_inst/arststages_ff_reg[2]/C

Slack:                    inf
  Source:                 design_1_i/smartconnect_1/inst/clk_map/psr_aclk/U0/ACTIVE_LOW_BSR_OUT_DFF[0].FDRE_BSR_N/C
                            (rising edge-triggered cell FDRE clocked by clk_fpga_0  {rise@0.000ns fall@5.000ns period=10.000ns})
  Destination:            design_1_i/smartconnect_1/inst/m00_nodes/m00_r_node/inst/s_sc_xpm_cdc_async_rst_inst/arststages_ff_reg[0]/CLR
                            (removal check against rising-edge clock clk_fpga_0  {rise@0.000ns fall@5.000ns period=10.000ns})
  Path Group:             (none)
  Path Type:              Removal (Min at Fast Process Corner)
  Data Path Delay:        0.860ns  (logic 0.186ns (21.633%)  route 0.674ns (78.367%))
  Logic Levels:           1  (LUT1=1)
  Clock Path Skew:        0.298ns (DCD - SCD - CPR)
    Destination Clock Delay (DCD):    1.222ns
    Source Clock Delay      (SCD):    0.925ns
    Clock Pessimism Removal (CPR):    -0.000ns
  Clock Uncertainty:      0.154ns  ((TSJ^2 + TIJ^2)^1/2 + DJ) / 2 + PE
    Total System Jitter     (TSJ):    0.071ns
    Total Input Jitter      (TIJ):    0.300ns
    Discrete Jitter          (DJ):    0.000ns
    Phase Error              (PE):    0.000ns
  Timing Exception:       False Path

    Location             Delay type                Incr(ns)  Path(ns)    Netlist Resource(s)
  -------------------------------------------------------------------    -------------------
                         (clock clk_fpga_0 rise edge)
                                                      0.000     0.000 r  
    PS7_X0Y0             PS7                          0.000     0.000 r  design_1_i/processing_system7_0/inst/PS7_i/FCLKCLK[0]
                         net (fo=1, routed)           0.310     0.310    design_1_i/processing_system7_0/inst/FCLK_CLK_unbuffered[0]
    BUFGCTRL_X0Y16       BUFG (Prop_bufg_I_O)         0.026     0.336 r  design_1_i/processing_system7_0/inst/buffer_fclk_clk_0.FCLK_CLK_0_BUFG/O
                         net (fo=59464, routed)       0.589     0.924    design_1_i/smartconnect_1/inst/clk_map/psr_aclk/U0/aclk
    SLICE_X81Y6          FDRE                                         r  design_1_i/smartconnect_1/inst/clk_map/psr_aclk/U0/ACTIVE_LOW_BSR_OUT_DFF[0].FDRE_BSR_N/C
  -------------------------------------------------------------------    -------------------
    SLICE_X81Y6          FDRE (Prop_fdre_C_Q)         0.141     1.066 r  design_1_i/smartconnect_1/inst/clk_map/psr_aclk/U0/ACTIVE_LOW_BSR_OUT_DFF[0].FDRE_BSR_N/Q
                         net (fo=25, routed)          0.501     1.567    design_1_i/smartconnect_1/inst/m00_nodes/m00_r_node/inst/s_sc_xpm_cdc_async_rst_inst/src_arst
    SLICE_X72Y2          LUT1 (Prop_lut1_I0_O)        0.045     1.612 f  design_1_i/smartconnect_1/inst/m00_nodes/m00_r_node/inst/s_sc_xpm_cdc_async_rst_inst/arststages_ff[2]_i_1/O
                         net (fo=3, routed)           0.173     1.784    design_1_i/smartconnect_1/inst/m00_nodes/m00_r_node/inst/s_sc_xpm_cdc_async_rst_inst/reset_pol
    SLICE_X73Y2          FDCE                                         f  design_1_i/smartconnect_1/inst/m00_nodes/m00_r_node/inst/s_sc_xpm_cdc_async_rst_inst/arststages_ff_reg[0]/CLR
  -------------------------------------------------------------------    -------------------

                         (clock clk_fpga_0 rise edge)
                                                      0.000     0.000 r  
    PS7_X0Y0             PS7                          0.000     0.000 r  design_1_i/processing_system7_0/inst/PS7_i/FCLKCLK[0]
                         net (fo=1, routed)           0.337     0.337    design_1_i/processing_system7_0/inst/FCLK_CLK_unbuffered[0]
    BUFGCTRL_X0Y16       BUFG (Prop_bufg_I_O)         0.029     0.366 r  design_1_i/processing_system7_0/inst/buffer_fclk_clk_0.FCLK_CLK_0_BUFG/O
                         net (fo=59464, routed)       0.856     1.222    design_1_i/smartconnect_1/inst/m00_nodes/m00_r_node/inst/s_sc_xpm_cdc_async_rst_inst/dest_clk
    SLICE_X73Y2          FDCE                                         r  design_1_i/smartconnect_1/inst/m00_nodes/m00_r_node/inst/s_sc_xpm_cdc_async_rst_inst/arststages_ff_reg[0]/C

Slack:                    inf
  Source:                 design_1_i/smartconnect_1/inst/clk_map/psr_aclk/U0/ACTIVE_LOW_BSR_OUT_DFF[0].FDRE_BSR_N/C
                            (rising edge-triggered cell FDRE clocked by clk_fpga_0  {rise@0.000ns fall@5.000ns period=10.000ns})
  Destination:            design_1_i/smartconnect_1/inst/m00_nodes/m00_r_node/inst/s_sc_xpm_cdc_async_rst_inst/arststages_ff_reg[1]/CLR
                            (removal check against rising-edge clock clk_fpga_0  {rise@0.000ns fall@5.000ns period=10.000ns})
  Path Group:             (none)
  Path Type:              Removal (Min at Fast Process Corner)
  Data Path Delay:        0.860ns  (logic 0.186ns (21.633%)  route 0.674ns (78.367%))
  Logic Levels:           1  (LUT1=1)
  Clock Path Skew:        0.298ns (DCD - SCD - CPR)
    Destination Clock Delay (DCD):    1.222ns
    Source Clock Delay      (SCD):    0.925ns
    Clock Pessimism Removal (CPR):    -0.000ns
  Clock Uncertainty:      0.154ns  ((TSJ^2 + TIJ^2)^1/2 + DJ) / 2 + PE
    Total System Jitter     (TSJ):    0.071ns
    Total Input Jitter      (TIJ):    0.300ns
    Discrete Jitter          (DJ):    0.000ns
    Phase Error              (PE):    0.000ns
  Timing Exception:       False Path

    Location             Delay type                Incr(ns)  Path(ns)    Netlist Resource(s)
  -------------------------------------------------------------------    -------------------
                         (clock clk_fpga_0 rise edge)
                                                      0.000     0.000 r  
    PS7_X0Y0             PS7                          0.000     0.000 r  design_1_i/processing_system7_0/inst/PS7_i/FCLKCLK[0]
                         net (fo=1, routed)           0.310     0.310    design_1_i/processing_system7_0/inst/FCLK_CLK_unbuffered[0]
    BUFGCTRL_X0Y16       BUFG (Prop_bufg_I_O)         0.026     0.336 r  design_1_i/processing_system7_0/inst/buffer_fclk_clk_0.FCLK_CLK_0_BUFG/O
                         net (fo=59464, routed)       0.589     0.924    design_1_i/smartconnect_1/inst/clk_map/psr_aclk/U0/aclk
    SLICE_X81Y6          FDRE                                         r  design_1_i/smartconnect_1/inst/clk_map/psr_aclk/U0/ACTIVE_LOW_BSR_OUT_DFF[0].FDRE_BSR_N/C
  -------------------------------------------------------------------    -------------------
    SLICE_X81Y6          FDRE (Prop_fdre_C_Q)         0.141     1.066 r  design_1_i/smartconnect_1/inst/clk_map/psr_aclk/U0/ACTIVE_LOW_BSR_OUT_DFF[0].FDRE_BSR_N/Q
                         net (fo=25, routed)          0.501     1.567    design_1_i/smartconnect_1/inst/m00_nodes/m00_r_node/inst/s_sc_xpm_cdc_async_rst_inst/src_arst
    SLICE_X72Y2          LUT1 (Prop_lut1_I0_O)        0.045     1.612 f  design_1_i/smartconnect_1/inst/m00_nodes/m00_r_node/inst/s_sc_xpm_cdc_async_rst_inst/arststages_ff[2]_i_1/O
                         net (fo=3, routed)           0.173     1.784    design_1_i/smartconnect_1/inst/m00_nodes/m00_r_node/inst/s_sc_xpm_cdc_async_rst_inst/reset_pol
    SLICE_X73Y2          FDCE                                         f  design_1_i/smartconnect_1/inst/m00_nodes/m00_r_node/inst/s_sc_xpm_cdc_async_rst_inst/arststages_ff_reg[1]/CLR
  -------------------------------------------------------------------    -------------------

                         (clock clk_fpga_0 rise edge)
                                                      0.000     0.000 r  
    PS7_X0Y0             PS7                          0.000     0.000 r  design_1_i/processing_system7_0/inst/PS7_i/FCLKCLK[0]
                         net (fo=1, routed)           0.337     0.337    design_1_i/processing_system7_0/inst/FCLK_CLK_unbuffered[0]
    BUFGCTRL_X0Y16       BUFG (Prop_bufg_I_O)         0.029     0.366 r  design_1_i/processing_system7_0/inst/buffer_fclk_clk_0.FCLK_CLK_0_BUFG/O
                         net (fo=59464, routed)       0.856     1.222    design_1_i/smartconnect_1/inst/m00_nodes/m00_r_node/inst/s_sc_xpm_cdc_async_rst_inst/dest_clk
    SLICE_X73Y2          FDCE                                         r  design_1_i/smartconnect_1/inst/m00_nodes/m00_r_node/inst/s_sc_xpm_cdc_async_rst_inst/arststages_ff_reg[1]/C

Slack:                    inf
  Source:                 design_1_i/smartconnect_1/inst/clk_map/psr_aclk/U0/ACTIVE_LOW_BSR_OUT_DFF[0].FDRE_BSR_N/C
                            (rising edge-triggered cell FDRE clocked by clk_fpga_0  {rise@0.000ns fall@5.000ns period=10.000ns})
  Destination:            design_1_i/smartconnect_1/inst/m00_nodes/m00_r_node/inst/s_sc_xpm_cdc_async_rst_inst/arststages_ff_reg[2]/CLR
                            (removal check against rising-edge clock clk_fpga_0  {rise@0.000ns fall@5.000ns period=10.000ns})
  Path Group:             (none)
  Path Type:              Removal (Min at Fast Process Corner)
  Data Path Delay:        0.860ns  (logic 0.186ns (21.633%)  route 0.674ns (78.367%))
  Logic Levels:           1  (LUT1=1)
  Clock Path Skew:        0.298ns (DCD - SCD - CPR)
    Destination Clock Delay (DCD):    1.222ns
    Source Clock Delay      (SCD):    0.925ns
    Clock Pessimism Removal (CPR):    -0.000ns
  Clock Uncertainty:      0.154ns  ((TSJ^2 + TIJ^2)^1/2 + DJ) / 2 + PE
    Total System Jitter     (TSJ):    0.071ns
    Total Input Jitter      (TIJ):    0.300ns
    Discrete Jitter          (DJ):    0.000ns
    Phase Error              (PE):    0.000ns
  Timing Exception:       False Path

    Location             Delay type                Incr(ns)  Path(ns)    Netlist Resource(s)
  -------------------------------------------------------------------    -------------------
                         (clock clk_fpga_0 rise edge)
                                                      0.000     0.000 r  
    PS7_X0Y0             PS7                          0.000     0.000 r  design_1_i/processing_system7_0/inst/PS7_i/FCLKCLK[0]
                         net (fo=1, routed)           0.310     0.310    design_1_i/processing_system7_0/inst/FCLK_CLK_unbuffered[0]
    BUFGCTRL_X0Y16       BUFG (Prop_bufg_I_O)         0.026     0.336 r  design_1_i/processing_system7_0/inst/buffer_fclk_clk_0.FCLK_CLK_0_BUFG/O
                         net (fo=59464, routed)       0.589     0.924    design_1_i/smartconnect_1/inst/clk_map/psr_aclk/U0/aclk
    SLICE_X81Y6          FDRE                                         r  design_1_i/smartconnect_1/inst/clk_map/psr_aclk/U0/ACTIVE_LOW_BSR_OUT_DFF[0].FDRE_BSR_N/C
  -------------------------------------------------------------------    -------------------
    SLICE_X81Y6          FDRE (Prop_fdre_C_Q)         0.141     1.066 r  design_1_i/smartconnect_1/inst/clk_map/psr_aclk/U0/ACTIVE_LOW_BSR_OUT_DFF[0].FDRE_BSR_N/Q
                         net (fo=25, routed)          0.501     1.567    design_1_i/smartconnect_1/inst/m00_nodes/m00_r_node/inst/s_sc_xpm_cdc_async_rst_inst/src_arst
    SLICE_X72Y2          LUT1 (Prop_lut1_I0_O)        0.045     1.612 f  design_1_i/smartconnect_1/inst/m00_nodes/m00_r_node/inst/s_sc_xpm_cdc_async_rst_inst/arststages_ff[2]_i_1/O
                         net (fo=3, routed)           0.173     1.784    design_1_i/smartconnect_1/inst/m00_nodes/m00_r_node/inst/s_sc_xpm_cdc_async_rst_inst/reset_pol
    SLICE_X73Y2          FDCE                                         f  design_1_i/smartconnect_1/inst/m00_nodes/m00_r_node/inst/s_sc_xpm_cdc_async_rst_inst/arststages_ff_reg[2]/CLR
  -------------------------------------------------------------------    -------------------

                         (clock clk_fpga_0 rise edge)
                                                      0.000     0.000 r  
    PS7_X0Y0             PS7                          0.000     0.000 r  design_1_i/processing_system7_0/inst/PS7_i/FCLKCLK[0]
                         net (fo=1, routed)           0.337     0.337    design_1_i/processing_system7_0/inst/FCLK_CLK_unbuffered[0]
    BUFGCTRL_X0Y16       BUFG (Prop_bufg_I_O)         0.029     0.366 r  design_1_i/processing_system7_0/inst/buffer_fclk_clk_0.FCLK_CLK_0_BUFG/O
                         net (fo=59464, routed)       0.856     1.222    design_1_i/smartconnect_1/inst/m00_nodes/m00_r_node/inst/s_sc_xpm_cdc_async_rst_inst/dest_clk
    SLICE_X73Y2          FDCE                                         r  design_1_i/smartconnect_1/inst/m00_nodes/m00_r_node/inst/s_sc_xpm_cdc_async_rst_inst/arststages_ff_reg[2]/C

Slack:                    inf
  Source:                 design_1_i/smartconnect_1/inst/clk_map/psr_aclk/U0/ACTIVE_LOW_BSR_OUT_DFF[0].FDRE_BSR_N/C
                            (rising edge-triggered cell FDRE clocked by clk_fpga_0  {rise@0.000ns fall@5.000ns period=10.000ns})
  Destination:            design_1_i/smartconnect_1/inst/s01_nodes/s01_r_node/inst/s_sc_xpm_cdc_async_rst_inst/arststages_ff_reg[0]/CLR
                            (removal check against rising-edge clock clk_fpga_0  {rise@0.000ns fall@5.000ns period=10.000ns})
  Path Group:             (none)
  Path Type:              Removal (Min at Fast Process Corner)
  Data Path Delay:        0.956ns  (logic 0.187ns (19.561%)  route 0.769ns (80.439%))
  Logic Levels:           1  (LUT1=1)
  Clock Path Skew:        0.298ns (DCD - SCD - CPR)
    Destination Clock Delay (DCD):    1.222ns
    Source Clock Delay      (SCD):    0.925ns
    Clock Pessimism Removal (CPR):    -0.000ns
  Clock Uncertainty:      0.154ns  ((TSJ^2 + TIJ^2)^1/2 + DJ) / 2 + PE
    Total System Jitter     (TSJ):    0.071ns
    Total Input Jitter      (TIJ):    0.300ns
    Discrete Jitter          (DJ):    0.000ns
    Phase Error              (PE):    0.000ns
  Timing Exception:       False Path

    Location             Delay type                Incr(ns)  Path(ns)    Netlist Resource(s)
  -------------------------------------------------------------------    -------------------
                         (clock clk_fpga_0 rise edge)
                                                      0.000     0.000 r  
    PS7_X0Y0             PS7                          0.000     0.000 r  design_1_i/processing_system7_0/inst/PS7_i/FCLKCLK[0]
                         net (fo=1, routed)           0.310     0.310    design_1_i/processing_system7_0/inst/FCLK_CLK_unbuffered[0]
    BUFGCTRL_X0Y16       BUFG (Prop_bufg_I_O)         0.026     0.336 r  design_1_i/processing_system7_0/inst/buffer_fclk_clk_0.FCLK_CLK_0_BUFG/O
                         net (fo=59464, routed)       0.589     0.924    design_1_i/smartconnect_1/inst/clk_map/psr_aclk/U0/aclk
    SLICE_X81Y6          FDRE                                         r  design_1_i/smartconnect_1/inst/clk_map/psr_aclk/U0/ACTIVE_LOW_BSR_OUT_DFF[0].FDRE_BSR_N/C
  -------------------------------------------------------------------    -------------------
    SLICE_X81Y6          FDRE (Prop_fdre_C_Q)         0.141     1.066 r  design_1_i/smartconnect_1/inst/clk_map/psr_aclk/U0/ACTIVE_LOW_BSR_OUT_DFF[0].FDRE_BSR_N/Q
                         net (fo=25, routed)          0.501     1.567    design_1_i/smartconnect_1/inst/s01_nodes/s01_r_node/inst/s_sc_xpm_cdc_async_rst_inst/src_arst
    SLICE_X72Y2          LUT1 (Prop_lut1_I0_O)        0.046     1.613 f  design_1_i/smartconnect_1/inst/s01_nodes/s01_r_node/inst/s_sc_xpm_cdc_async_rst_inst/arststages_ff[2]_i_1/O
                         net (fo=3, routed)           0.268     1.880    design_1_i/smartconnect_1/inst/s01_nodes/s01_r_node/inst/s_sc_xpm_cdc_async_rst_inst/reset_pol
    SLICE_X72Y1          FDCE                                         f  design_1_i/smartconnect_1/inst/s01_nodes/s01_r_node/inst/s_sc_xpm_cdc_async_rst_inst/arststages_ff_reg[0]/CLR
  -------------------------------------------------------------------    -------------------

                         (clock clk_fpga_0 rise edge)
                                                      0.000     0.000 r  
    PS7_X0Y0             PS7                          0.000     0.000 r  design_1_i/processing_system7_0/inst/PS7_i/FCLKCLK[0]
                         net (fo=1, routed)           0.337     0.337    design_1_i/processing_system7_0/inst/FCLK_CLK_unbuffered[0]
    BUFGCTRL_X0Y16       BUFG (Prop_bufg_I_O)         0.029     0.366 r  design_1_i/processing_system7_0/inst/buffer_fclk_clk_0.FCLK_CLK_0_BUFG/O
                         net (fo=59464, routed)       0.856     1.222    design_1_i/smartconnect_1/inst/s01_nodes/s01_r_node/inst/s_sc_xpm_cdc_async_rst_inst/dest_clk
    SLICE_X72Y1          FDCE                                         r  design_1_i/smartconnect_1/inst/s01_nodes/s01_r_node/inst/s_sc_xpm_cdc_async_rst_inst/arststages_ff_reg[0]/C





