

================================================================
== Vitis HLS Report for 'compute_systolic_Pipeline_Store_Cache_Row'
================================================================
* Date:           Mon May 25 15:51:02 2026

* Version:        2022.2 (Build 3670227 on Oct 13 2022)
* Project:        SystolicArray
* Solution:       solution1 (Vivado IP Flow Target)
* Product family: zynq
* Target device:  xc7z020-clg400-1


================================================================
== Performance Estimates
================================================================
+ Timing: 
    * Summary: 
    +--------+----------+----------+------------+
    |  Clock |  Target  | Estimated| Uncertainty|
    +--------+----------+----------+------------+
    |ap_clk  |  10.00 ns|  6.459 ns|     2.70 ns|
    +--------+----------+----------+------------+

+ Latency: 
    * Summary: 
    +---------+---------+----------+----------+-----+-----+---------+
    |  Latency (cycles) |  Latency (absolute) |  Interval | Pipeline|
    |   min   |   max   |    min   |    max   | min | max |   Type  |
    +---------+---------+----------+----------+-----+-----+---------+
    |       66|       66|  0.660 us|  0.660 us|   66|   66|       no|
    +---------+---------+----------+----------+-----+-----+---------+

    + Detail: 
        * Instance: 
        N/A

        * Loop: 
        +-------------------+---------+---------+----------+-----------+-----------+------+----------+
        |                   |  Latency (cycles) | Iteration|  Initiation Interval  | Trip |          |
        |     Loop Name     |   min   |   max   |  Latency |  achieved |   target  | Count| Pipelined|
        +-------------------+---------+---------+----------+-----------+-----------+------+----------+
        |- Store_Cache_Row  |       64|       64|         2|          2|          1|    32|       yes|
        +-------------------+---------+---------+----------+-----------+-----------+------+----------+



================================================================
== Utilization Estimates
================================================================
* Summary: 
+-----------------+---------+-----+--------+-------+-----+
|       Name      | BRAM_18K| DSP |   FF   |  LUT  | URAM|
+-----------------+---------+-----+--------+-------+-----+
|DSP              |        -|    -|       -|      -|    -|
|Expression       |        -|    -|       0|     30|    -|
|FIFO             |        -|    -|       -|      -|    -|
|Instance         |        -|    -|       0|   4544|    -|
|Memory           |        -|    -|       -|      -|    -|
|Multiplexer      |        -|    -|       -|    489|    -|
|Register         |        -|    -|     526|      -|    -|
+-----------------+---------+-----+--------+-------+-----+
|Total            |        0|    0|     526|   5063|    0|
+-----------------+---------+-----+--------+-------+-----+
|Available        |      280|  220|  106400|  53200|    0|
+-----------------+---------+-----+--------+-------+-----+
|Utilization (%)  |        0|    0|      ~0|      9|    0|
+-----------------+---------+-----+--------+-------+-----+

+ Detail: 
    * Instance: 
    +----------------------+----------------+---------+----+---+-----+-----+
    |       Instance       |     Module     | BRAM_18K| DSP| FF| LUT | URAM|
    +----------------------+----------------+---------+----+---+-----+-----+
    |mux_325_32_1_1_U4207  |mux_325_32_1_1  |        0|   0|  0|  142|    0|
    |mux_325_32_1_1_U4208  |mux_325_32_1_1  |        0|   0|  0|  142|    0|
    |mux_325_32_1_1_U4209  |mux_325_32_1_1  |        0|   0|  0|  142|    0|
    |mux_325_32_1_1_U4210  |mux_325_32_1_1  |        0|   0|  0|  142|    0|
    |mux_325_32_1_1_U4211  |mux_325_32_1_1  |        0|   0|  0|  142|    0|
    |mux_325_32_1_1_U4212  |mux_325_32_1_1  |        0|   0|  0|  142|    0|
    |mux_325_32_1_1_U4213  |mux_325_32_1_1  |        0|   0|  0|  142|    0|
    |mux_325_32_1_1_U4214  |mux_325_32_1_1  |        0|   0|  0|  142|    0|
    |mux_325_32_1_1_U4215  |mux_325_32_1_1  |        0|   0|  0|  142|    0|
    |mux_325_32_1_1_U4216  |mux_325_32_1_1  |        0|   0|  0|  142|    0|
    |mux_325_32_1_1_U4217  |mux_325_32_1_1  |        0|   0|  0|  142|    0|
    |mux_325_32_1_1_U4218  |mux_325_32_1_1  |        0|   0|  0|  142|    0|
    |mux_325_32_1_1_U4219  |mux_325_32_1_1  |        0|   0|  0|  142|    0|
    |mux_325_32_1_1_U4220  |mux_325_32_1_1  |        0|   0|  0|  142|    0|
    |mux_325_32_1_1_U4221  |mux_325_32_1_1  |        0|   0|  0|  142|    0|
    |mux_325_32_1_1_U4222  |mux_325_32_1_1  |        0|   0|  0|  142|    0|
    |mux_325_32_1_1_U4223  |mux_325_32_1_1  |        0|   0|  0|  142|    0|
    |mux_325_32_1_1_U4224  |mux_325_32_1_1  |        0|   0|  0|  142|    0|
    |mux_325_32_1_1_U4225  |mux_325_32_1_1  |        0|   0|  0|  142|    0|
    |mux_325_32_1_1_U4226  |mux_325_32_1_1  |        0|   0|  0|  142|    0|
    |mux_325_32_1_1_U4227  |mux_325_32_1_1  |        0|   0|  0|  142|    0|
    |mux_325_32_1_1_U4228  |mux_325_32_1_1  |        0|   0|  0|  142|    0|
    |mux_325_32_1_1_U4229  |mux_325_32_1_1  |        0|   0|  0|  142|    0|
    |mux_325_32_1_1_U4230  |mux_325_32_1_1  |        0|   0|  0|  142|    0|
    |mux_325_32_1_1_U4231  |mux_325_32_1_1  |        0|   0|  0|  142|    0|
    |mux_325_32_1_1_U4232  |mux_325_32_1_1  |        0|   0|  0|  142|    0|
    |mux_325_32_1_1_U4233  |mux_325_32_1_1  |        0|   0|  0|  142|    0|
    |mux_325_32_1_1_U4234  |mux_325_32_1_1  |        0|   0|  0|  142|    0|
    |mux_325_32_1_1_U4235  |mux_325_32_1_1  |        0|   0|  0|  142|    0|
    |mux_325_32_1_1_U4236  |mux_325_32_1_1  |        0|   0|  0|  142|    0|
    |mux_325_32_1_1_U4237  |mux_325_32_1_1  |        0|   0|  0|  142|    0|
    |mux_325_32_1_1_U4238  |mux_325_32_1_1  |        0|   0|  0|  142|    0|
    +----------------------+----------------+---------+----+---+-----+-----+
    |Total                 |                |        0|   0|  0| 4544|    0|
    +----------------------+----------------+---------+----+---+-----+-----+

    * DSP: 
    N/A

    * Memory: 
    N/A

    * FIFO: 
    N/A

    * Expression: 
    +----------------------+----------+----+---+----+------------+------------+
    |     Variable Name    | Operation| DSP| FF| LUT| Bitwidth P0| Bitwidth P1|
    +----------------------+----------+----+---+----+------------+------------+
    |add_ln88_fu_8682_p2   |         +|   0|  0|  14|           6|           1|
    |icmp_ln88_fu_8676_p2  |      icmp|   0|  0|  10|           6|           7|
    |or_ln92_fu_10975_p2   |        or|   0|  0|   6|           6|           1|
    +----------------------+----------+----+---+----+------------+------------+
    |Total                 |          |   0|  0|  30|          18|           9|
    +----------------------+----------+----+---+----+------------+------------+

    * Multiplexer: 
    +------------------------+----+-----------+-----+-----------+
    |          Name          | LUT| Input Size| Bits| Total Bits|
    +------------------------+----+-----------+-----+-----------+
    |ap_NS_fsm               |  14|          3|    1|          3|
    |ap_done_int             |   9|          2|    1|          2|
    |ap_sig_allocacmp_r      |   9|          2|    6|         12|
    |big_tile_C_0_address1   |  14|          3|    6|         18|
    |big_tile_C_0_d1         |  14|          3|   32|         96|
    |big_tile_C_10_address1  |  14|          3|    6|         18|
    |big_tile_C_10_d1        |  14|          3|   32|         96|
    |big_tile_C_11_address1  |  14|          3|    6|         18|
    |big_tile_C_11_d1        |  14|          3|   32|         96|
    |big_tile_C_12_address1  |  14|          3|    6|         18|
    |big_tile_C_12_d1        |  14|          3|   32|         96|
    |big_tile_C_13_address1  |  14|          3|    6|         18|
    |big_tile_C_13_d1        |  14|          3|   32|         96|
    |big_tile_C_14_address1  |  14|          3|    6|         18|
    |big_tile_C_14_d1        |  14|          3|   32|         96|
    |big_tile_C_15_address1  |  14|          3|    6|         18|
    |big_tile_C_15_d1        |  14|          3|   32|         96|
    |big_tile_C_1_address1   |  14|          3|    6|         18|
    |big_tile_C_1_d1         |  14|          3|   32|         96|
    |big_tile_C_2_address1   |  14|          3|    6|         18|
    |big_tile_C_2_d1         |  14|          3|   32|         96|
    |big_tile_C_3_address1   |  14|          3|    6|         18|
    |big_tile_C_3_d1         |  14|          3|   32|         96|
    |big_tile_C_4_address1   |  14|          3|    6|         18|
    |big_tile_C_4_d1         |  14|          3|   32|         96|
    |big_tile_C_5_address1   |  14|          3|    6|         18|
    |big_tile_C_5_d1         |  14|          3|   32|         96|
    |big_tile_C_6_address1   |  14|          3|    6|         18|
    |big_tile_C_6_d1         |  14|          3|   32|         96|
    |big_tile_C_7_address1   |  14|          3|    6|         18|
    |big_tile_C_7_d1         |  14|          3|   32|         96|
    |big_tile_C_8_address1   |  14|          3|    6|         18|
    |big_tile_C_8_d1         |  14|          3|   32|         96|
    |big_tile_C_9_address1   |  14|          3|    6|         18|
    |big_tile_C_9_d1         |  14|          3|   32|         96|
    |r_1_fu_2116             |   9|          2|    6|         12|
    +------------------------+----+-----------+-----+-----------+
    |Total                   | 489|        105|  622|       1853|
    +------------------------+----+-----------+-----+-----------+

    * Register: 
    +--------------------+----+----+-----+-----------+
    |        Name        | FF | LUT| Bits| Const Bits|
    +--------------------+----+----+-----+-----------+
    |ap_CS_fsm           |   2|   0|    2|          0|
    |ap_done_reg         |   1|   0|    1|          0|
    |r_1_fu_2116         |   6|   0|    6|          0|
    |shl_ln92_reg_11010  |   5|   0|    6|          1|
    |tmp_15_reg_11015    |  32|   0|   32|          0|
    |tmp_16_reg_11020    |  32|   0|   32|          0|
    |tmp_17_reg_11025    |  32|   0|   32|          0|
    |tmp_18_reg_11030    |  32|   0|   32|          0|
    |tmp_19_reg_11035    |  32|   0|   32|          0|
    |tmp_20_reg_11040    |  32|   0|   32|          0|
    |tmp_21_reg_11045    |  32|   0|   32|          0|
    |tmp_22_reg_11050    |  32|   0|   32|          0|
    |tmp_23_reg_11055    |  32|   0|   32|          0|
    |tmp_24_reg_11060    |  32|   0|   32|          0|
    |tmp_25_reg_11065    |  32|   0|   32|          0|
    |tmp_26_reg_11070    |  32|   0|   32|          0|
    |tmp_27_reg_11075    |  32|   0|   32|          0|
    |tmp_28_reg_11080    |  32|   0|   32|          0|
    |tmp_29_reg_11085    |  32|   0|   32|          0|
    |tmp_30_reg_11090    |  32|   0|   32|          0|
    +--------------------+----+----+-----+-----------+
    |Total               | 526|   0|  527|          1|
    +--------------------+----+----+-----+-----------+



================================================================
== Interface
================================================================
* Summary: 
+--------------------------+-----+-----+------------+-------------------------------------------+--------------+
|         RTL Ports        | Dir | Bits|  Protocol  |               Source Object               |    C Type    |
+--------------------------+-----+-----+------------+-------------------------------------------+--------------+
|ap_clk                    |   in|    1|  ap_ctrl_hs|  compute_systolic_Pipeline_Store_Cache_Row|  return value|
|ap_rst                    |   in|    1|  ap_ctrl_hs|  compute_systolic_Pipeline_Store_Cache_Row|  return value|
|ap_start                  |   in|    1|  ap_ctrl_hs|  compute_systolic_Pipeline_Store_Cache_Row|  return value|
|ap_done                   |  out|    1|  ap_ctrl_hs|  compute_systolic_Pipeline_Store_Cache_Row|  return value|
|ap_idle                   |  out|    1|  ap_ctrl_hs|  compute_systolic_Pipeline_Store_Cache_Row|  return value|
|ap_ready                  |  out|    1|  ap_ctrl_hs|  compute_systolic_Pipeline_Store_Cache_Row|  return value|
|big_tile_C_0_address1     |  out|    6|   ap_memory|                               big_tile_C_0|         array|
|big_tile_C_0_ce1          |  out|    1|   ap_memory|                               big_tile_C_0|         array|
|big_tile_C_0_we1          |  out|    1|   ap_memory|                               big_tile_C_0|         array|
|big_tile_C_0_d1           |  out|   32|   ap_memory|                               big_tile_C_0|         array|
|big_tile_C_1_address1     |  out|    6|   ap_memory|                               big_tile_C_1|         array|
|big_tile_C_1_ce1          |  out|    1|   ap_memory|                               big_tile_C_1|         array|
|big_tile_C_1_we1          |  out|    1|   ap_memory|                               big_tile_C_1|         array|
|big_tile_C_1_d1           |  out|   32|   ap_memory|                               big_tile_C_1|         array|
|big_tile_C_2_address1     |  out|    6|   ap_memory|                               big_tile_C_2|         array|
|big_tile_C_2_ce1          |  out|    1|   ap_memory|                               big_tile_C_2|         array|
|big_tile_C_2_we1          |  out|    1|   ap_memory|                               big_tile_C_2|         array|
|big_tile_C_2_d1           |  out|   32|   ap_memory|                               big_tile_C_2|         array|
|big_tile_C_3_address1     |  out|    6|   ap_memory|                               big_tile_C_3|         array|
|big_tile_C_3_ce1          |  out|    1|   ap_memory|                               big_tile_C_3|         array|
|big_tile_C_3_we1          |  out|    1|   ap_memory|                               big_tile_C_3|         array|
|big_tile_C_3_d1           |  out|   32|   ap_memory|                               big_tile_C_3|         array|
|big_tile_C_4_address1     |  out|    6|   ap_memory|                               big_tile_C_4|         array|
|big_tile_C_4_ce1          |  out|    1|   ap_memory|                               big_tile_C_4|         array|
|big_tile_C_4_we1          |  out|    1|   ap_memory|                               big_tile_C_4|         array|
|big_tile_C_4_d1           |  out|   32|   ap_memory|                               big_tile_C_4|         array|
|big_tile_C_5_address1     |  out|    6|   ap_memory|                               big_tile_C_5|         array|
|big_tile_C_5_ce1          |  out|    1|   ap_memory|                               big_tile_C_5|         array|
|big_tile_C_5_we1          |  out|    1|   ap_memory|                               big_tile_C_5|         array|
|big_tile_C_5_d1           |  out|   32|   ap_memory|                               big_tile_C_5|         array|
|big_tile_C_6_address1     |  out|    6|   ap_memory|                               big_tile_C_6|         array|
|big_tile_C_6_ce1          |  out|    1|   ap_memory|                               big_tile_C_6|         array|
|big_tile_C_6_we1          |  out|    1|   ap_memory|                               big_tile_C_6|         array|
|big_tile_C_6_d1           |  out|   32|   ap_memory|                               big_tile_C_6|         array|
|big_tile_C_7_address1     |  out|    6|   ap_memory|                               big_tile_C_7|         array|
|big_tile_C_7_ce1          |  out|    1|   ap_memory|                               big_tile_C_7|         array|
|big_tile_C_7_we1          |  out|    1|   ap_memory|                               big_tile_C_7|         array|
|big_tile_C_7_d1           |  out|   32|   ap_memory|                               big_tile_C_7|         array|
|big_tile_C_8_address1     |  out|    6|   ap_memory|                               big_tile_C_8|         array|
|big_tile_C_8_ce1          |  out|    1|   ap_memory|                               big_tile_C_8|         array|
|big_tile_C_8_we1          |  out|    1|   ap_memory|                               big_tile_C_8|         array|
|big_tile_C_8_d1           |  out|   32|   ap_memory|                               big_tile_C_8|         array|
|big_tile_C_9_address1     |  out|    6|   ap_memory|                               big_tile_C_9|         array|
|big_tile_C_9_ce1          |  out|    1|   ap_memory|                               big_tile_C_9|         array|
|big_tile_C_9_we1          |  out|    1|   ap_memory|                               big_tile_C_9|         array|
|big_tile_C_9_d1           |  out|   32|   ap_memory|                               big_tile_C_9|         array|
|big_tile_C_10_address1    |  out|    6|   ap_memory|                              big_tile_C_10|         array|
|big_tile_C_10_ce1         |  out|    1|   ap_memory|                              big_tile_C_10|         array|
|big_tile_C_10_we1         |  out|    1|   ap_memory|                              big_tile_C_10|         array|
|big_tile_C_10_d1          |  out|   32|   ap_memory|                              big_tile_C_10|         array|
|big_tile_C_11_address1    |  out|    6|   ap_memory|                              big_tile_C_11|         array|
|big_tile_C_11_ce1         |  out|    1|   ap_memory|                              big_tile_C_11|         array|
|big_tile_C_11_we1         |  out|    1|   ap_memory|                              big_tile_C_11|         array|
|big_tile_C_11_d1          |  out|   32|   ap_memory|                              big_tile_C_11|         array|
|big_tile_C_12_address1    |  out|    6|   ap_memory|                              big_tile_C_12|         array|
|big_tile_C_12_ce1         |  out|    1|   ap_memory|                              big_tile_C_12|         array|
|big_tile_C_12_we1         |  out|    1|   ap_memory|                              big_tile_C_12|         array|
|big_tile_C_12_d1          |  out|   32|   ap_memory|                              big_tile_C_12|         array|
|big_tile_C_13_address1    |  out|    6|   ap_memory|                              big_tile_C_13|         array|
|big_tile_C_13_ce1         |  out|    1|   ap_memory|                              big_tile_C_13|         array|
|big_tile_C_13_we1         |  out|    1|   ap_memory|                              big_tile_C_13|         array|
|big_tile_C_13_d1          |  out|   32|   ap_memory|                              big_tile_C_13|         array|
|big_tile_C_14_address1    |  out|    6|   ap_memory|                              big_tile_C_14|         array|
|big_tile_C_14_ce1         |  out|    1|   ap_memory|                              big_tile_C_14|         array|
|big_tile_C_14_we1         |  out|    1|   ap_memory|                              big_tile_C_14|         array|
|big_tile_C_14_d1          |  out|   32|   ap_memory|                              big_tile_C_14|         array|
|big_tile_C_15_address1    |  out|    6|   ap_memory|                              big_tile_C_15|         array|
|big_tile_C_15_ce1         |  out|    1|   ap_memory|                              big_tile_C_15|         array|
|big_tile_C_15_we1         |  out|    1|   ap_memory|                              big_tile_C_15|         array|
|big_tile_C_15_d1          |  out|   32|   ap_memory|                              big_tile_C_15|         array|
|local_regs_V_1023_reload  |   in|   32|     ap_none|                   local_regs_V_1023_reload|        scalar|
|local_regs_V_991_reload   |   in|   32|     ap_none|                    local_regs_V_991_reload|        scalar|
|local_regs_V_959_reload   |   in|   32|     ap_none|                    local_regs_V_959_reload|        scalar|
|local_regs_V_927_reload   |   in|   32|     ap_none|                    local_regs_V_927_reload|        scalar|
|local_regs_V_895_reload   |   in|   32|     ap_none|                    local_regs_V_895_reload|        scalar|
|local_regs_V_863_reload   |   in|   32|     ap_none|                    local_regs_V_863_reload|        scalar|
|local_regs_V_831_reload   |   in|   32|     ap_none|                    local_regs_V_831_reload|        scalar|
|local_regs_V_799_reload   |   in|   32|     ap_none|                    local_regs_V_799_reload|        scalar|
|local_regs_V_767_reload   |   in|   32|     ap_none|                    local_regs_V_767_reload|        scalar|
|local_regs_V_735_reload   |   in|   32|     ap_none|                    local_regs_V_735_reload|        scalar|
|local_regs_V_703_reload   |   in|   32|     ap_none|                    local_regs_V_703_reload|        scalar|
|local_regs_V_671_reload   |   in|   32|     ap_none|                    local_regs_V_671_reload|        scalar|
|local_regs_V_639_reload   |   in|   32|     ap_none|                    local_regs_V_639_reload|        scalar|
|local_regs_V_607_reload   |   in|   32|     ap_none|                    local_regs_V_607_reload|        scalar|
|local_regs_V_575_reload   |   in|   32|     ap_none|                    local_regs_V_575_reload|        scalar|
|local_regs_V_543_reload   |   in|   32|     ap_none|                    local_regs_V_543_reload|        scalar|
|local_regs_V_511_reload   |   in|   32|     ap_none|                    local_regs_V_511_reload|        scalar|
|local_regs_V_479_reload   |   in|   32|     ap_none|                    local_regs_V_479_reload|        scalar|
|local_regs_V_447_reload   |   in|   32|     ap_none|                    local_regs_V_447_reload|        scalar|
|local_regs_V_415_reload   |   in|   32|     ap_none|                    local_regs_V_415_reload|        scalar|
|local_regs_V_383_reload   |   in|   32|     ap_none|                    local_regs_V_383_reload|        scalar|
|local_regs_V_351_reload   |   in|   32|     ap_none|                    local_regs_V_351_reload|        scalar|
|local_regs_V_319_reload   |   in|   32|     ap_none|                    local_regs_V_319_reload|        scalar|
|local_regs_V_287_reload   |   in|   32|     ap_none|                    local_regs_V_287_reload|        scalar|
|local_regs_V_255_reload   |   in|   32|     ap_none|                    local_regs_V_255_reload|        scalar|
|local_regs_V_223_reload   |   in|   32|     ap_none|                    local_regs_V_223_reload|        scalar|
|local_regs_V_191_reload   |   in|   32|     ap_none|                    local_regs_V_191_reload|        scalar|
|local_regs_V_159_reload   |   in|   32|     ap_none|                    local_regs_V_159_reload|        scalar|
|local_regs_V_127_reload   |   in|   32|     ap_none|                    local_regs_V_127_reload|        scalar|
|local_regs_V_95_reload    |   in|   32|     ap_none|                     local_regs_V_95_reload|        scalar|
|local_regs_V_63_reload    |   in|   32|     ap_none|                     local_regs_V_63_reload|        scalar|
|local_regs_V_31_reload    |   in|   32|     ap_none|                     local_regs_V_31_reload|        scalar|
|local_regs_V_1022_reload  |   in|   32|     ap_none|                   local_regs_V_1022_reload|        scalar|
|local_regs_V_990_reload   |   in|   32|     ap_none|                    local_regs_V_990_reload|        scalar|
|local_regs_V_958_reload   |   in|   32|     ap_none|                    local_regs_V_958_reload|        scalar|
|local_regs_V_926_reload   |   in|   32|     ap_none|                    local_regs_V_926_reload|        scalar|
|local_regs_V_894_reload   |   in|   32|     ap_none|                    local_regs_V_894_reload|        scalar|
|local_regs_V_862_reload   |   in|   32|     ap_none|                    local_regs_V_862_reload|        scalar|
|local_regs_V_830_reload   |   in|   32|     ap_none|                    local_regs_V_830_reload|        scalar|
|local_regs_V_798_reload   |   in|   32|     ap_none|                    local_regs_V_798_reload|        scalar|
|local_regs_V_766_reload   |   in|   32|     ap_none|                    local_regs_V_766_reload|        scalar|
|local_regs_V_734_reload   |   in|   32|     ap_none|                    local_regs_V_734_reload|        scalar|
|local_regs_V_702_reload   |   in|   32|     ap_none|                    local_regs_V_702_reload|        scalar|
|local_regs_V_670_reload   |   in|   32|     ap_none|                    local_regs_V_670_reload|        scalar|
|local_regs_V_638_reload   |   in|   32|     ap_none|                    local_regs_V_638_reload|        scalar|
|local_regs_V_606_reload   |   in|   32|     ap_none|                    local_regs_V_606_reload|        scalar|
|local_regs_V_574_reload   |   in|   32|     ap_none|                    local_regs_V_574_reload|        scalar|
|local_regs_V_542_reload   |   in|   32|     ap_none|                    local_regs_V_542_reload|        scalar|
|local_regs_V_510_reload   |   in|   32|     ap_none|                    local_regs_V_510_reload|        scalar|
|local_regs_V_478_reload   |   in|   32|     ap_none|                    local_regs_V_478_reload|        scalar|
|local_regs_V_446_reload   |   in|   32|     ap_none|                    local_regs_V_446_reload|        scalar|
|local_regs_V_414_reload   |   in|   32|     ap_none|                    local_regs_V_414_reload|        scalar|
|local_regs_V_382_reload   |   in|   32|     ap_none|                    local_regs_V_382_reload|        scalar|
|local_regs_V_350_reload   |   in|   32|     ap_none|                    local_regs_V_350_reload|        scalar|
|local_regs_V_318_reload   |   in|   32|     ap_none|                    local_regs_V_318_reload|        scalar|
|local_regs_V_286_reload   |   in|   32|     ap_none|                    local_regs_V_286_reload|        scalar|
|local_regs_V_254_reload   |   in|   32|     ap_none|                    local_regs_V_254_reload|        scalar|
|local_regs_V_222_reload   |   in|   32|     ap_none|                    local_regs_V_222_reload|        scalar|
|local_regs_V_190_reload   |   in|   32|     ap_none|                    local_regs_V_190_reload|        scalar|
|local_regs_V_158_reload   |   in|   32|     ap_none|                    local_regs_V_158_reload|        scalar|
|local_regs_V_126_reload   |   in|   32|     ap_none|                    local_regs_V_126_reload|        scalar|
|local_regs_V_94_reload    |   in|   32|     ap_none|                     local_regs_V_94_reload|        scalar|
|local_regs_V_62_reload    |   in|   32|     ap_none|                     local_regs_V_62_reload|        scalar|
|local_regs_V_30_reload    |   in|   32|     ap_none|                     local_regs_V_30_reload|        scalar|
|local_regs_V_1021_reload  |   in|   32|     ap_none|                   local_regs_V_1021_reload|        scalar|
|local_regs_V_989_reload   |   in|   32|     ap_none|                    local_regs_V_989_reload|        scalar|
|local_regs_V_957_reload   |   in|   32|     ap_none|                    local_regs_V_957_reload|        scalar|
|local_regs_V_925_reload   |   in|   32|     ap_none|                    local_regs_V_925_reload|        scalar|
|local_regs_V_893_reload   |   in|   32|     ap_none|                    local_regs_V_893_reload|        scalar|
|local_regs_V_861_reload   |   in|   32|     ap_none|                    local_regs_V_861_reload|        scalar|
|local_regs_V_829_reload   |   in|   32|     ap_none|                    local_regs_V_829_reload|        scalar|
|local_regs_V_797_reload   |   in|   32|     ap_none|                    local_regs_V_797_reload|        scalar|
|local_regs_V_765_reload   |   in|   32|     ap_none|                    local_regs_V_765_reload|        scalar|
|local_regs_V_733_reload   |   in|   32|     ap_none|                    local_regs_V_733_reload|        scalar|
|local_regs_V_701_reload   |   in|   32|     ap_none|                    local_regs_V_701_reload|        scalar|
|local_regs_V_669_reload   |   in|   32|     ap_none|                    local_regs_V_669_reload|        scalar|
|local_regs_V_637_reload   |   in|   32|     ap_none|                    local_regs_V_637_reload|        scalar|
|local_regs_V_605_reload   |   in|   32|     ap_none|                    local_regs_V_605_reload|        scalar|
|local_regs_V_573_reload   |   in|   32|     ap_none|                    local_regs_V_573_reload|        scalar|
|local_regs_V_541_reload   |   in|   32|     ap_none|                    local_regs_V_541_reload|        scalar|
|local_regs_V_509_reload   |   in|   32|     ap_none|                    local_regs_V_509_reload|        scalar|
|local_regs_V_477_reload   |   in|   32|     ap_none|                    local_regs_V_477_reload|        scalar|
|local_regs_V_445_reload   |   in|   32|     ap_none|                    local_regs_V_445_reload|        scalar|
|local_regs_V_413_reload   |   in|   32|     ap_none|                    local_regs_V_413_reload|        scalar|
|local_regs_V_381_reload   |   in|   32|     ap_none|                    local_regs_V_381_reload|        scalar|
|local_regs_V_349_reload   |   in|   32|     ap_none|                    local_regs_V_349_reload|        scalar|
|local_regs_V_317_reload   |   in|   32|     ap_none|                    local_regs_V_317_reload|        scalar|
|local_regs_V_285_reload   |   in|   32|     ap_none|                    local_regs_V_285_reload|        scalar|
|local_regs_V_253_reload   |   in|   32|     ap_none|                    local_regs_V_253_reload|        scalar|
|local_regs_V_221_reload   |   in|   32|     ap_none|                    local_regs_V_221_reload|        scalar|
|local_regs_V_189_reload   |   in|   32|     ap_none|                    local_regs_V_189_reload|        scalar|
|local_regs_V_157_reload   |   in|   32|     ap_none|                    local_regs_V_157_reload|        scalar|
|local_regs_V_125_reload   |   in|   32|     ap_none|                    local_regs_V_125_reload|        scalar|
|local_regs_V_93_reload    |   in|   32|     ap_none|                     local_regs_V_93_reload|        scalar|
|local_regs_V_61_reload    |   in|   32|     ap_none|                     local_regs_V_61_reload|        scalar|
|local_regs_V_29_reload    |   in|   32|     ap_none|                     local_regs_V_29_reload|        scalar|
|local_regs_V_1020_reload  |   in|   32|     ap_none|                   local_regs_V_1020_reload|        scalar|
|local_regs_V_988_reload   |   in|   32|     ap_none|                    local_regs_V_988_reload|        scalar|
|local_regs_V_956_reload   |   in|   32|     ap_none|                    local_regs_V_956_reload|        scalar|
|local_regs_V_924_reload   |   in|   32|     ap_none|                    local_regs_V_924_reload|        scalar|
|local_regs_V_892_reload   |   in|   32|     ap_none|                    local_regs_V_892_reload|        scalar|
|local_regs_V_860_reload   |   in|   32|     ap_none|                    local_regs_V_860_reload|        scalar|
|local_regs_V_828_reload   |   in|   32|     ap_none|                    local_regs_V_828_reload|        scalar|
|local_regs_V_796_reload   |   in|   32|     ap_none|                    local_regs_V_796_reload|        scalar|
|local_regs_V_764_reload   |   in|   32|     ap_none|                    local_regs_V_764_reload|        scalar|
|local_regs_V_732_reload   |   in|   32|     ap_none|                    local_regs_V_732_reload|        scalar|
|local_regs_V_700_reload   |   in|   32|     ap_none|                    local_regs_V_700_reload|        scalar|
|local_regs_V_668_reload   |   in|   32|     ap_none|                    local_regs_V_668_reload|        scalar|
|local_regs_V_636_reload   |   in|   32|     ap_none|                    local_regs_V_636_reload|        scalar|
|local_regs_V_604_reload   |   in|   32|     ap_none|                    local_regs_V_604_reload|        scalar|
|local_regs_V_572_reload   |   in|   32|     ap_none|                    local_regs_V_572_reload|        scalar|
|local_regs_V_540_reload   |   in|   32|     ap_none|                    local_regs_V_540_reload|        scalar|
|local_regs_V_508_reload   |   in|   32|     ap_none|                    local_regs_V_508_reload|        scalar|
|local_regs_V_476_reload   |   in|   32|     ap_none|                    local_regs_V_476_reload|        scalar|
|local_regs_V_444_reload   |   in|   32|     ap_none|                    local_regs_V_444_reload|        scalar|
|local_regs_V_412_reload   |   in|   32|     ap_none|                    local_regs_V_412_reload|        scalar|
|local_regs_V_380_reload   |   in|   32|     ap_none|                    local_regs_V_380_reload|        scalar|
|local_regs_V_348_reload   |   in|   32|     ap_none|                    local_regs_V_348_reload|        scalar|
|local_regs_V_316_reload   |   in|   32|     ap_none|                    local_regs_V_316_reload|        scalar|
|local_regs_V_284_reload   |   in|   32|     ap_none|                    local_regs_V_284_reload|        scalar|
|local_regs_V_252_reload   |   in|   32|     ap_none|                    local_regs_V_252_reload|        scalar|
|local_regs_V_220_reload   |   in|   32|     ap_none|                    local_regs_V_220_reload|        scalar|
|local_regs_V_188_reload   |   in|   32|     ap_none|                    local_regs_V_188_reload|        scalar|
|local_regs_V_156_reload   |   in|   32|     ap_none|                    local_regs_V_156_reload|        scalar|
|local_regs_V_124_reload   |   in|   32|     ap_none|                    local_regs_V_124_reload|        scalar|
|local_regs_V_92_reload    |   in|   32|     ap_none|                     local_regs_V_92_reload|        scalar|
|local_regs_V_60_reload    |   in|   32|     ap_none|                     local_regs_V_60_reload|        scalar|
|local_regs_V_28_reload    |   in|   32|     ap_none|                     local_regs_V_28_reload|        scalar|
|local_regs_V_1019_reload  |   in|   32|     ap_none|                   local_regs_V_1019_reload|        scalar|
|local_regs_V_987_reload   |   in|   32|     ap_none|                    local_regs_V_987_reload|        scalar|
|local_regs_V_955_reload   |   in|   32|     ap_none|                    local_regs_V_955_reload|        scalar|
|local_regs_V_923_reload   |   in|   32|     ap_none|                    local_regs_V_923_reload|        scalar|
|local_regs_V_891_reload   |   in|   32|     ap_none|                    local_regs_V_891_reload|        scalar|
|local_regs_V_859_reload   |   in|   32|     ap_none|                    local_regs_V_859_reload|        scalar|
|local_regs_V_827_reload   |   in|   32|     ap_none|                    local_regs_V_827_reload|        scalar|
|local_regs_V_795_reload   |   in|   32|     ap_none|                    local_regs_V_795_reload|        scalar|
|local_regs_V_763_reload   |   in|   32|     ap_none|                    local_regs_V_763_reload|        scalar|
|local_regs_V_731_reload   |   in|   32|     ap_none|                    local_regs_V_731_reload|        scalar|
|local_regs_V_699_reload   |   in|   32|     ap_none|                    local_regs_V_699_reload|        scalar|
|local_regs_V_667_reload   |   in|   32|     ap_none|                    local_regs_V_667_reload|        scalar|
|local_regs_V_635_reload   |   in|   32|     ap_none|                    local_regs_V_635_reload|        scalar|
|local_regs_V_603_reload   |   in|   32|     ap_none|                    local_regs_V_603_reload|        scalar|
|local_regs_V_571_reload   |   in|   32|     ap_none|                    local_regs_V_571_reload|        scalar|
|local_regs_V_539_reload   |   in|   32|     ap_none|                    local_regs_V_539_reload|        scalar|
|local_regs_V_507_reload   |   in|   32|     ap_none|                    local_regs_V_507_reload|        scalar|
|local_regs_V_475_reload   |   in|   32|     ap_none|                    local_regs_V_475_reload|        scalar|
|local_regs_V_443_reload   |   in|   32|     ap_none|                    local_regs_V_443_reload|        scalar|
|local_regs_V_411_reload   |   in|   32|     ap_none|                    local_regs_V_411_reload|        scalar|
|local_regs_V_379_reload   |   in|   32|     ap_none|                    local_regs_V_379_reload|        scalar|
|local_regs_V_347_reload   |   in|   32|     ap_none|                    local_regs_V_347_reload|        scalar|
|local_regs_V_315_reload   |   in|   32|     ap_none|                    local_regs_V_315_reload|        scalar|
|local_regs_V_283_reload   |   in|   32|     ap_none|                    local_regs_V_283_reload|        scalar|
|local_regs_V_251_reload   |   in|   32|     ap_none|                    local_regs_V_251_reload|        scalar|
|local_regs_V_219_reload   |   in|   32|     ap_none|                    local_regs_V_219_reload|        scalar|
|local_regs_V_187_reload   |   in|   32|     ap_none|                    local_regs_V_187_reload|        scalar|
|local_regs_V_155_reload   |   in|   32|     ap_none|                    local_regs_V_155_reload|        scalar|
|local_regs_V_123_reload   |   in|   32|     ap_none|                    local_regs_V_123_reload|        scalar|
|local_regs_V_91_reload    |   in|   32|     ap_none|                     local_regs_V_91_reload|        scalar|
|local_regs_V_59_reload    |   in|   32|     ap_none|                     local_regs_V_59_reload|        scalar|
|local_regs_V_27_reload    |   in|   32|     ap_none|                     local_regs_V_27_reload|        scalar|
|local_regs_V_1018_reload  |   in|   32|     ap_none|                   local_regs_V_1018_reload|        scalar|
|local_regs_V_986_reload   |   in|   32|     ap_none|                    local_regs_V_986_reload|        scalar|
|local_regs_V_954_reload   |   in|   32|     ap_none|                    local_regs_V_954_reload|        scalar|
|local_regs_V_922_reload   |   in|   32|     ap_none|                    local_regs_V_922_reload|        scalar|
|local_regs_V_890_reload   |   in|   32|     ap_none|                    local_regs_V_890_reload|        scalar|
|local_regs_V_858_reload   |   in|   32|     ap_none|                    local_regs_V_858_reload|        scalar|
|local_regs_V_826_reload   |   in|   32|     ap_none|                    local_regs_V_826_reload|        scalar|
|local_regs_V_794_reload   |   in|   32|     ap_none|                    local_regs_V_794_reload|        scalar|
|local_regs_V_762_reload   |   in|   32|     ap_none|                    local_regs_V_762_reload|        scalar|
|local_regs_V_730_reload   |   in|   32|     ap_none|                    local_regs_V_730_reload|        scalar|
|local_regs_V_698_reload   |   in|   32|     ap_none|                    local_regs_V_698_reload|        scalar|
|local_regs_V_666_reload   |   in|   32|     ap_none|                    local_regs_V_666_reload|        scalar|
|local_regs_V_634_reload   |   in|   32|     ap_none|                    local_regs_V_634_reload|        scalar|
|local_regs_V_602_reload   |   in|   32|     ap_none|                    local_regs_V_602_reload|        scalar|
|local_regs_V_570_reload   |   in|   32|     ap_none|                    local_regs_V_570_reload|        scalar|
|local_regs_V_538_reload   |   in|   32|     ap_none|                    local_regs_V_538_reload|        scalar|
|local_regs_V_506_reload   |   in|   32|     ap_none|                    local_regs_V_506_reload|        scalar|
|local_regs_V_474_reload   |   in|   32|     ap_none|                    local_regs_V_474_reload|        scalar|
|local_regs_V_442_reload   |   in|   32|     ap_none|                    local_regs_V_442_reload|        scalar|
|local_regs_V_410_reload   |   in|   32|     ap_none|                    local_regs_V_410_reload|        scalar|
|local_regs_V_378_reload   |   in|   32|     ap_none|                    local_regs_V_378_reload|        scalar|
|local_regs_V_346_reload   |   in|   32|     ap_none|                    local_regs_V_346_reload|        scalar|
|local_regs_V_314_reload   |   in|   32|     ap_none|                    local_regs_V_314_reload|        scalar|
|local_regs_V_282_reload   |   in|   32|     ap_none|                    local_regs_V_282_reload|        scalar|
|local_regs_V_250_reload   |   in|   32|     ap_none|                    local_regs_V_250_reload|        scalar|
|local_regs_V_218_reload   |   in|   32|     ap_none|                    local_regs_V_218_reload|        scalar|
|local_regs_V_186_reload   |   in|   32|     ap_none|                    local_regs_V_186_reload|        scalar|
|local_regs_V_154_reload   |   in|   32|     ap_none|                    local_regs_V_154_reload|        scalar|
|local_regs_V_122_reload   |   in|   32|     ap_none|                    local_regs_V_122_reload|        scalar|
|local_regs_V_90_reload    |   in|   32|     ap_none|                     local_regs_V_90_reload|        scalar|
|local_regs_V_58_reload    |   in|   32|     ap_none|                     local_regs_V_58_reload|        scalar|
|local_regs_V_26_reload    |   in|   32|     ap_none|                     local_regs_V_26_reload|        scalar|
|local_regs_V_1017_reload  |   in|   32|     ap_none|                   local_regs_V_1017_reload|        scalar|
|local_regs_V_985_reload   |   in|   32|     ap_none|                    local_regs_V_985_reload|        scalar|
|local_regs_V_953_reload   |   in|   32|     ap_none|                    local_regs_V_953_reload|        scalar|
|local_regs_V_921_reload   |   in|   32|     ap_none|                    local_regs_V_921_reload|        scalar|
|local_regs_V_889_reload   |   in|   32|     ap_none|                    local_regs_V_889_reload|        scalar|
|local_regs_V_857_reload   |   in|   32|     ap_none|                    local_regs_V_857_reload|        scalar|
|local_regs_V_825_reload   |   in|   32|     ap_none|                    local_regs_V_825_reload|        scalar|
|local_regs_V_793_reload   |   in|   32|     ap_none|                    local_regs_V_793_reload|        scalar|
|local_regs_V_761_reload   |   in|   32|     ap_none|                    local_regs_V_761_reload|        scalar|
|local_regs_V_729_reload   |   in|   32|     ap_none|                    local_regs_V_729_reload|        scalar|
|local_regs_V_697_reload   |   in|   32|     ap_none|                    local_regs_V_697_reload|        scalar|
|local_regs_V_665_reload   |   in|   32|     ap_none|                    local_regs_V_665_reload|        scalar|
|local_regs_V_633_reload   |   in|   32|     ap_none|                    local_regs_V_633_reload|        scalar|
|local_regs_V_601_reload   |   in|   32|     ap_none|                    local_regs_V_601_reload|        scalar|
|local_regs_V_569_reload   |   in|   32|     ap_none|                    local_regs_V_569_reload|        scalar|
|local_regs_V_537_reload   |   in|   32|     ap_none|                    local_regs_V_537_reload|        scalar|
|local_regs_V_505_reload   |   in|   32|     ap_none|                    local_regs_V_505_reload|        scalar|
|local_regs_V_473_reload   |   in|   32|     ap_none|                    local_regs_V_473_reload|        scalar|
|local_regs_V_441_reload   |   in|   32|     ap_none|                    local_regs_V_441_reload|        scalar|
|local_regs_V_409_reload   |   in|   32|     ap_none|                    local_regs_V_409_reload|        scalar|
|local_regs_V_377_reload   |   in|   32|     ap_none|                    local_regs_V_377_reload|        scalar|
|local_regs_V_345_reload   |   in|   32|     ap_none|                    local_regs_V_345_reload|        scalar|
|local_regs_V_313_reload   |   in|   32|     ap_none|                    local_regs_V_313_reload|        scalar|
|local_regs_V_281_reload   |   in|   32|     ap_none|                    local_regs_V_281_reload|        scalar|
|local_regs_V_249_reload   |   in|   32|     ap_none|                    local_regs_V_249_reload|        scalar|
|local_regs_V_217_reload   |   in|   32|     ap_none|                    local_regs_V_217_reload|        scalar|
|local_regs_V_185_reload   |   in|   32|     ap_none|                    local_regs_V_185_reload|        scalar|
|local_regs_V_153_reload   |   in|   32|     ap_none|                    local_regs_V_153_reload|        scalar|
|local_regs_V_121_reload   |   in|   32|     ap_none|                    local_regs_V_121_reload|        scalar|
|local_regs_V_89_reload    |   in|   32|     ap_none|                     local_regs_V_89_reload|        scalar|
|local_regs_V_57_reload    |   in|   32|     ap_none|                     local_regs_V_57_reload|        scalar|
|local_regs_V_25_reload    |   in|   32|     ap_none|                     local_regs_V_25_reload|        scalar|
|local_regs_V_1016_reload  |   in|   32|     ap_none|                   local_regs_V_1016_reload|        scalar|
|local_regs_V_984_reload   |   in|   32|     ap_none|                    local_regs_V_984_reload|        scalar|
|local_regs_V_952_reload   |   in|   32|     ap_none|                    local_regs_V_952_reload|        scalar|
|local_regs_V_920_reload   |   in|   32|     ap_none|                    local_regs_V_920_reload|        scalar|
|local_regs_V_888_reload   |   in|   32|     ap_none|                    local_regs_V_888_reload|        scalar|
|local_regs_V_856_reload   |   in|   32|     ap_none|                    local_regs_V_856_reload|        scalar|
|local_regs_V_824_reload   |   in|   32|     ap_none|                    local_regs_V_824_reload|        scalar|
|local_regs_V_792_reload   |   in|   32|     ap_none|                    local_regs_V_792_reload|        scalar|
|local_regs_V_760_reload   |   in|   32|     ap_none|                    local_regs_V_760_reload|        scalar|
|local_regs_V_728_reload   |   in|   32|     ap_none|                    local_regs_V_728_reload|        scalar|
|local_regs_V_696_reload   |   in|   32|     ap_none|                    local_regs_V_696_reload|        scalar|
|local_regs_V_664_reload   |   in|   32|     ap_none|                    local_regs_V_664_reload|        scalar|
|local_regs_V_632_reload   |   in|   32|     ap_none|                    local_regs_V_632_reload|        scalar|
|local_regs_V_600_reload   |   in|   32|     ap_none|                    local_regs_V_600_reload|        scalar|
|local_regs_V_568_reload   |   in|   32|     ap_none|                    local_regs_V_568_reload|        scalar|
|local_regs_V_536_reload   |   in|   32|     ap_none|                    local_regs_V_536_reload|        scalar|
|local_regs_V_504_reload   |   in|   32|     ap_none|                    local_regs_V_504_reload|        scalar|
|local_regs_V_472_reload   |   in|   32|     ap_none|                    local_regs_V_472_reload|        scalar|
|local_regs_V_440_reload   |   in|   32|     ap_none|                    local_regs_V_440_reload|        scalar|
|local_regs_V_408_reload   |   in|   32|     ap_none|                    local_regs_V_408_reload|        scalar|
|local_regs_V_376_reload   |   in|   32|     ap_none|                    local_regs_V_376_reload|        scalar|
|local_regs_V_344_reload   |   in|   32|     ap_none|                    local_regs_V_344_reload|        scalar|
|local_regs_V_312_reload   |   in|   32|     ap_none|                    local_regs_V_312_reload|        scalar|
|local_regs_V_280_reload   |   in|   32|     ap_none|                    local_regs_V_280_reload|        scalar|
|local_regs_V_248_reload   |   in|   32|     ap_none|                    local_regs_V_248_reload|        scalar|
|local_regs_V_216_reload   |   in|   32|     ap_none|                    local_regs_V_216_reload|        scalar|
|local_regs_V_184_reload   |   in|   32|     ap_none|                    local_regs_V_184_reload|        scalar|
|local_regs_V_152_reload   |   in|   32|     ap_none|                    local_regs_V_152_reload|        scalar|
|local_regs_V_120_reload   |   in|   32|     ap_none|                    local_regs_V_120_reload|        scalar|
|local_regs_V_88_reload    |   in|   32|     ap_none|                     local_regs_V_88_reload|        scalar|
|local_regs_V_56_reload    |   in|   32|     ap_none|                     local_regs_V_56_reload|        scalar|
|local_regs_V_24_reload    |   in|   32|     ap_none|                     local_regs_V_24_reload|        scalar|
|local_regs_V_1015_reload  |   in|   32|     ap_none|                   local_regs_V_1015_reload|        scalar|
|local_regs_V_983_reload   |   in|   32|     ap_none|                    local_regs_V_983_reload|        scalar|
|local_regs_V_951_reload   |   in|   32|     ap_none|                    local_regs_V_951_reload|        scalar|
|local_regs_V_919_reload   |   in|   32|     ap_none|                    local_regs_V_919_reload|        scalar|
|local_regs_V_887_reload   |   in|   32|     ap_none|                    local_regs_V_887_reload|        scalar|
|local_regs_V_855_reload   |   in|   32|     ap_none|                    local_regs_V_855_reload|        scalar|
|local_regs_V_823_reload   |   in|   32|     ap_none|                    local_regs_V_823_reload|        scalar|
|local_regs_V_791_reload   |   in|   32|     ap_none|                    local_regs_V_791_reload|        scalar|
|local_regs_V_759_reload   |   in|   32|     ap_none|                    local_regs_V_759_reload|        scalar|
|local_regs_V_727_reload   |   in|   32|     ap_none|                    local_regs_V_727_reload|        scalar|
|local_regs_V_695_reload   |   in|   32|     ap_none|                    local_regs_V_695_reload|        scalar|
|local_regs_V_663_reload   |   in|   32|     ap_none|                    local_regs_V_663_reload|        scalar|
|local_regs_V_631_reload   |   in|   32|     ap_none|                    local_regs_V_631_reload|        scalar|
|local_regs_V_599_reload   |   in|   32|     ap_none|                    local_regs_V_599_reload|        scalar|
|local_regs_V_567_reload   |   in|   32|     ap_none|                    local_regs_V_567_reload|        scalar|
|local_regs_V_535_reload   |   in|   32|     ap_none|                    local_regs_V_535_reload|        scalar|
|local_regs_V_503_reload   |   in|   32|     ap_none|                    local_regs_V_503_reload|        scalar|
|local_regs_V_471_reload   |   in|   32|     ap_none|                    local_regs_V_471_reload|        scalar|
|local_regs_V_439_reload   |   in|   32|     ap_none|                    local_regs_V_439_reload|        scalar|
|local_regs_V_407_reload   |   in|   32|     ap_none|                    local_regs_V_407_reload|        scalar|
|local_regs_V_375_reload   |   in|   32|     ap_none|                    local_regs_V_375_reload|        scalar|
|local_regs_V_343_reload   |   in|   32|     ap_none|                    local_regs_V_343_reload|        scalar|
|local_regs_V_311_reload   |   in|   32|     ap_none|                    local_regs_V_311_reload|        scalar|
|local_regs_V_279_reload   |   in|   32|     ap_none|                    local_regs_V_279_reload|        scalar|
|local_regs_V_247_reload   |   in|   32|     ap_none|                    local_regs_V_247_reload|        scalar|
|local_regs_V_215_reload   |   in|   32|     ap_none|                    local_regs_V_215_reload|        scalar|
|local_regs_V_183_reload   |   in|   32|     ap_none|                    local_regs_V_183_reload|        scalar|
|local_regs_V_151_reload   |   in|   32|     ap_none|                    local_regs_V_151_reload|        scalar|
|local_regs_V_119_reload   |   in|   32|     ap_none|                    local_regs_V_119_reload|        scalar|
|local_regs_V_87_reload    |   in|   32|     ap_none|                     local_regs_V_87_reload|        scalar|
|local_regs_V_55_reload    |   in|   32|     ap_none|                     local_regs_V_55_reload|        scalar|
|local_regs_V_23_reload    |   in|   32|     ap_none|                     local_regs_V_23_reload|        scalar|
|local_regs_V_1014_reload  |   in|   32|     ap_none|                   local_regs_V_1014_reload|        scalar|
|local_regs_V_982_reload   |   in|   32|     ap_none|                    local_regs_V_982_reload|        scalar|
|local_regs_V_950_reload   |   in|   32|     ap_none|                    local_regs_V_950_reload|        scalar|
|local_regs_V_918_reload   |   in|   32|     ap_none|                    local_regs_V_918_reload|        scalar|
|local_regs_V_886_reload   |   in|   32|     ap_none|                    local_regs_V_886_reload|        scalar|
|local_regs_V_854_reload   |   in|   32|     ap_none|                    local_regs_V_854_reload|        scalar|
|local_regs_V_822_reload   |   in|   32|     ap_none|                    local_regs_V_822_reload|        scalar|
|local_regs_V_790_reload   |   in|   32|     ap_none|                    local_regs_V_790_reload|        scalar|
|local_regs_V_758_reload   |   in|   32|     ap_none|                    local_regs_V_758_reload|        scalar|
|local_regs_V_726_reload   |   in|   32|     ap_none|                    local_regs_V_726_reload|        scalar|
|local_regs_V_694_reload   |   in|   32|     ap_none|                    local_regs_V_694_reload|        scalar|
|local_regs_V_662_reload   |   in|   32|     ap_none|                    local_regs_V_662_reload|        scalar|
|local_regs_V_630_reload   |   in|   32|     ap_none|                    local_regs_V_630_reload|        scalar|
|local_regs_V_598_reload   |   in|   32|     ap_none|                    local_regs_V_598_reload|        scalar|
|local_regs_V_566_reload   |   in|   32|     ap_none|                    local_regs_V_566_reload|        scalar|
|local_regs_V_534_reload   |   in|   32|     ap_none|                    local_regs_V_534_reload|        scalar|
|local_regs_V_502_reload   |   in|   32|     ap_none|                    local_regs_V_502_reload|        scalar|
|local_regs_V_470_reload   |   in|   32|     ap_none|                    local_regs_V_470_reload|        scalar|
|local_regs_V_438_reload   |   in|   32|     ap_none|                    local_regs_V_438_reload|        scalar|
|local_regs_V_406_reload   |   in|   32|     ap_none|                    local_regs_V_406_reload|        scalar|
|local_regs_V_374_reload   |   in|   32|     ap_none|                    local_regs_V_374_reload|        scalar|
|local_regs_V_342_reload   |   in|   32|     ap_none|                    local_regs_V_342_reload|        scalar|
|local_regs_V_310_reload   |   in|   32|     ap_none|                    local_regs_V_310_reload|        scalar|
|local_regs_V_278_reload   |   in|   32|     ap_none|                    local_regs_V_278_reload|        scalar|
|local_regs_V_246_reload   |   in|   32|     ap_none|                    local_regs_V_246_reload|        scalar|
|local_regs_V_214_reload   |   in|   32|     ap_none|                    local_regs_V_214_reload|        scalar|
|local_regs_V_182_reload   |   in|   32|     ap_none|                    local_regs_V_182_reload|        scalar|
|local_regs_V_150_reload   |   in|   32|     ap_none|                    local_regs_V_150_reload|        scalar|
|local_regs_V_118_reload   |   in|   32|     ap_none|                    local_regs_V_118_reload|        scalar|
|local_regs_V_86_reload    |   in|   32|     ap_none|                     local_regs_V_86_reload|        scalar|
|local_regs_V_54_reload    |   in|   32|     ap_none|                     local_regs_V_54_reload|        scalar|
|local_regs_V_22_reload    |   in|   32|     ap_none|                     local_regs_V_22_reload|        scalar|
|local_regs_V_1013_reload  |   in|   32|     ap_none|                   local_regs_V_1013_reload|        scalar|
|local_regs_V_981_reload   |   in|   32|     ap_none|                    local_regs_V_981_reload|        scalar|
|local_regs_V_949_reload   |   in|   32|     ap_none|                    local_regs_V_949_reload|        scalar|
|local_regs_V_917_reload   |   in|   32|     ap_none|                    local_regs_V_917_reload|        scalar|
|local_regs_V_885_reload   |   in|   32|     ap_none|                    local_regs_V_885_reload|        scalar|
|local_regs_V_853_reload   |   in|   32|     ap_none|                    local_regs_V_853_reload|        scalar|
|local_regs_V_821_reload   |   in|   32|     ap_none|                    local_regs_V_821_reload|        scalar|
|local_regs_V_789_reload   |   in|   32|     ap_none|                    local_regs_V_789_reload|        scalar|
|local_regs_V_757_reload   |   in|   32|     ap_none|                    local_regs_V_757_reload|        scalar|
|local_regs_V_725_reload   |   in|   32|     ap_none|                    local_regs_V_725_reload|        scalar|
|local_regs_V_693_reload   |   in|   32|     ap_none|                    local_regs_V_693_reload|        scalar|
|local_regs_V_661_reload   |   in|   32|     ap_none|                    local_regs_V_661_reload|        scalar|
|local_regs_V_629_reload   |   in|   32|     ap_none|                    local_regs_V_629_reload|        scalar|
|local_regs_V_597_reload   |   in|   32|     ap_none|                    local_regs_V_597_reload|        scalar|
|local_regs_V_565_reload   |   in|   32|     ap_none|                    local_regs_V_565_reload|        scalar|
|local_regs_V_533_reload   |   in|   32|     ap_none|                    local_regs_V_533_reload|        scalar|
|local_regs_V_501_reload   |   in|   32|     ap_none|                    local_regs_V_501_reload|        scalar|
|local_regs_V_469_reload   |   in|   32|     ap_none|                    local_regs_V_469_reload|        scalar|
|local_regs_V_437_reload   |   in|   32|     ap_none|                    local_regs_V_437_reload|        scalar|
|local_regs_V_405_reload   |   in|   32|     ap_none|                    local_regs_V_405_reload|        scalar|
|local_regs_V_373_reload   |   in|   32|     ap_none|                    local_regs_V_373_reload|        scalar|
|local_regs_V_341_reload   |   in|   32|     ap_none|                    local_regs_V_341_reload|        scalar|
|local_regs_V_309_reload   |   in|   32|     ap_none|                    local_regs_V_309_reload|        scalar|
|local_regs_V_277_reload   |   in|   32|     ap_none|                    local_regs_V_277_reload|        scalar|
|local_regs_V_245_reload   |   in|   32|     ap_none|                    local_regs_V_245_reload|        scalar|
|local_regs_V_213_reload   |   in|   32|     ap_none|                    local_regs_V_213_reload|        scalar|
|local_regs_V_181_reload   |   in|   32|     ap_none|                    local_regs_V_181_reload|        scalar|
|local_regs_V_149_reload   |   in|   32|     ap_none|                    local_regs_V_149_reload|        scalar|
|local_regs_V_117_reload   |   in|   32|     ap_none|                    local_regs_V_117_reload|        scalar|
|local_regs_V_85_reload    |   in|   32|     ap_none|                     local_regs_V_85_reload|        scalar|
|local_regs_V_53_reload    |   in|   32|     ap_none|                     local_regs_V_53_reload|        scalar|
|local_regs_V_21_reload    |   in|   32|     ap_none|                     local_regs_V_21_reload|        scalar|
|local_regs_V_1012_reload  |   in|   32|     ap_none|                   local_regs_V_1012_reload|        scalar|
|local_regs_V_980_reload   |   in|   32|     ap_none|                    local_regs_V_980_reload|        scalar|
|local_regs_V_948_reload   |   in|   32|     ap_none|                    local_regs_V_948_reload|        scalar|
|local_regs_V_916_reload   |   in|   32|     ap_none|                    local_regs_V_916_reload|        scalar|
|local_regs_V_884_reload   |   in|   32|     ap_none|                    local_regs_V_884_reload|        scalar|
|local_regs_V_852_reload   |   in|   32|     ap_none|                    local_regs_V_852_reload|        scalar|
|local_regs_V_820_reload   |   in|   32|     ap_none|                    local_regs_V_820_reload|        scalar|
|local_regs_V_788_reload   |   in|   32|     ap_none|                    local_regs_V_788_reload|        scalar|
|local_regs_V_756_reload   |   in|   32|     ap_none|                    local_regs_V_756_reload|        scalar|
|local_regs_V_724_reload   |   in|   32|     ap_none|                    local_regs_V_724_reload|        scalar|
|local_regs_V_692_reload   |   in|   32|     ap_none|                    local_regs_V_692_reload|        scalar|
|local_regs_V_660_reload   |   in|   32|     ap_none|                    local_regs_V_660_reload|        scalar|
|local_regs_V_628_reload   |   in|   32|     ap_none|                    local_regs_V_628_reload|        scalar|
|local_regs_V_596_reload   |   in|   32|     ap_none|                    local_regs_V_596_reload|        scalar|
|local_regs_V_564_reload   |   in|   32|     ap_none|                    local_regs_V_564_reload|        scalar|
|local_regs_V_532_reload   |   in|   32|     ap_none|                    local_regs_V_532_reload|        scalar|
|local_regs_V_500_reload   |   in|   32|     ap_none|                    local_regs_V_500_reload|        scalar|
|local_regs_V_468_reload   |   in|   32|     ap_none|                    local_regs_V_468_reload|        scalar|
|local_regs_V_436_reload   |   in|   32|     ap_none|                    local_regs_V_436_reload|        scalar|
|local_regs_V_404_reload   |   in|   32|     ap_none|                    local_regs_V_404_reload|        scalar|
|local_regs_V_372_reload   |   in|   32|     ap_none|                    local_regs_V_372_reload|        scalar|
|local_regs_V_340_reload   |   in|   32|     ap_none|                    local_regs_V_340_reload|        scalar|
|local_regs_V_308_reload   |   in|   32|     ap_none|                    local_regs_V_308_reload|        scalar|
|local_regs_V_276_reload   |   in|   32|     ap_none|                    local_regs_V_276_reload|        scalar|
|local_regs_V_244_reload   |   in|   32|     ap_none|                    local_regs_V_244_reload|        scalar|
|local_regs_V_212_reload   |   in|   32|     ap_none|                    local_regs_V_212_reload|        scalar|
|local_regs_V_180_reload   |   in|   32|     ap_none|                    local_regs_V_180_reload|        scalar|
|local_regs_V_148_reload   |   in|   32|     ap_none|                    local_regs_V_148_reload|        scalar|
|local_regs_V_116_reload   |   in|   32|     ap_none|                    local_regs_V_116_reload|        scalar|
|local_regs_V_84_reload    |   in|   32|     ap_none|                     local_regs_V_84_reload|        scalar|
|local_regs_V_52_reload    |   in|   32|     ap_none|                     local_regs_V_52_reload|        scalar|
|local_regs_V_20_reload    |   in|   32|     ap_none|                     local_regs_V_20_reload|        scalar|
|local_regs_V_1011_reload  |   in|   32|     ap_none|                   local_regs_V_1011_reload|        scalar|
|local_regs_V_979_reload   |   in|   32|     ap_none|                    local_regs_V_979_reload|        scalar|
|local_regs_V_947_reload   |   in|   32|     ap_none|                    local_regs_V_947_reload|        scalar|
|local_regs_V_915_reload   |   in|   32|     ap_none|                    local_regs_V_915_reload|        scalar|
|local_regs_V_883_reload   |   in|   32|     ap_none|                    local_regs_V_883_reload|        scalar|
|local_regs_V_851_reload   |   in|   32|     ap_none|                    local_regs_V_851_reload|        scalar|
|local_regs_V_819_reload   |   in|   32|     ap_none|                    local_regs_V_819_reload|        scalar|
|local_regs_V_787_reload   |   in|   32|     ap_none|                    local_regs_V_787_reload|        scalar|
|local_regs_V_755_reload   |   in|   32|     ap_none|                    local_regs_V_755_reload|        scalar|
|local_regs_V_723_reload   |   in|   32|     ap_none|                    local_regs_V_723_reload|        scalar|
|local_regs_V_691_reload   |   in|   32|     ap_none|                    local_regs_V_691_reload|        scalar|
|local_regs_V_659_reload   |   in|   32|     ap_none|                    local_regs_V_659_reload|        scalar|
|local_regs_V_627_reload   |   in|   32|     ap_none|                    local_regs_V_627_reload|        scalar|
|local_regs_V_595_reload   |   in|   32|     ap_none|                    local_regs_V_595_reload|        scalar|
|local_regs_V_563_reload   |   in|   32|     ap_none|                    local_regs_V_563_reload|        scalar|
|local_regs_V_531_reload   |   in|   32|     ap_none|                    local_regs_V_531_reload|        scalar|
|local_regs_V_499_reload   |   in|   32|     ap_none|                    local_regs_V_499_reload|        scalar|
|local_regs_V_467_reload   |   in|   32|     ap_none|                    local_regs_V_467_reload|        scalar|
|local_regs_V_435_reload   |   in|   32|     ap_none|                    local_regs_V_435_reload|        scalar|
|local_regs_V_403_reload   |   in|   32|     ap_none|                    local_regs_V_403_reload|        scalar|
|local_regs_V_371_reload   |   in|   32|     ap_none|                    local_regs_V_371_reload|        scalar|
|local_regs_V_339_reload   |   in|   32|     ap_none|                    local_regs_V_339_reload|        scalar|
|local_regs_V_307_reload   |   in|   32|     ap_none|                    local_regs_V_307_reload|        scalar|
|local_regs_V_275_reload   |   in|   32|     ap_none|                    local_regs_V_275_reload|        scalar|
|local_regs_V_243_reload   |   in|   32|     ap_none|                    local_regs_V_243_reload|        scalar|
|local_regs_V_211_reload   |   in|   32|     ap_none|                    local_regs_V_211_reload|        scalar|
|local_regs_V_179_reload   |   in|   32|     ap_none|                    local_regs_V_179_reload|        scalar|
|local_regs_V_147_reload   |   in|   32|     ap_none|                    local_regs_V_147_reload|        scalar|
|local_regs_V_115_reload   |   in|   32|     ap_none|                    local_regs_V_115_reload|        scalar|
|local_regs_V_83_reload    |   in|   32|     ap_none|                     local_regs_V_83_reload|        scalar|
|local_regs_V_51_reload    |   in|   32|     ap_none|                     local_regs_V_51_reload|        scalar|
|local_regs_V_19_reload    |   in|   32|     ap_none|                     local_regs_V_19_reload|        scalar|
|local_regs_V_1010_reload  |   in|   32|     ap_none|                   local_regs_V_1010_reload|        scalar|
|local_regs_V_978_reload   |   in|   32|     ap_none|                    local_regs_V_978_reload|        scalar|
|local_regs_V_946_reload   |   in|   32|     ap_none|                    local_regs_V_946_reload|        scalar|
|local_regs_V_914_reload   |   in|   32|     ap_none|                    local_regs_V_914_reload|        scalar|
|local_regs_V_882_reload   |   in|   32|     ap_none|                    local_regs_V_882_reload|        scalar|
|local_regs_V_850_reload   |   in|   32|     ap_none|                    local_regs_V_850_reload|        scalar|
|local_regs_V_818_reload   |   in|   32|     ap_none|                    local_regs_V_818_reload|        scalar|
|local_regs_V_786_reload   |   in|   32|     ap_none|                    local_regs_V_786_reload|        scalar|
|local_regs_V_754_reload   |   in|   32|     ap_none|                    local_regs_V_754_reload|        scalar|
|local_regs_V_722_reload   |   in|   32|     ap_none|                    local_regs_V_722_reload|        scalar|
|local_regs_V_690_reload   |   in|   32|     ap_none|                    local_regs_V_690_reload|        scalar|
|local_regs_V_658_reload   |   in|   32|     ap_none|                    local_regs_V_658_reload|        scalar|
|local_regs_V_626_reload   |   in|   32|     ap_none|                    local_regs_V_626_reload|        scalar|
|local_regs_V_594_reload   |   in|   32|     ap_none|                    local_regs_V_594_reload|        scalar|
|local_regs_V_562_reload   |   in|   32|     ap_none|                    local_regs_V_562_reload|        scalar|
|local_regs_V_530_reload   |   in|   32|     ap_none|                    local_regs_V_530_reload|        scalar|
|local_regs_V_498_reload   |   in|   32|     ap_none|                    local_regs_V_498_reload|        scalar|
|local_regs_V_466_reload   |   in|   32|     ap_none|                    local_regs_V_466_reload|        scalar|
|local_regs_V_434_reload   |   in|   32|     ap_none|                    local_regs_V_434_reload|        scalar|
|local_regs_V_402_reload   |   in|   32|     ap_none|                    local_regs_V_402_reload|        scalar|
|local_regs_V_370_reload   |   in|   32|     ap_none|                    local_regs_V_370_reload|        scalar|
|local_regs_V_338_reload   |   in|   32|     ap_none|                    local_regs_V_338_reload|        scalar|
|local_regs_V_306_reload   |   in|   32|     ap_none|                    local_regs_V_306_reload|        scalar|
|local_regs_V_274_reload   |   in|   32|     ap_none|                    local_regs_V_274_reload|        scalar|
|local_regs_V_242_reload   |   in|   32|     ap_none|                    local_regs_V_242_reload|        scalar|
|local_regs_V_210_reload   |   in|   32|     ap_none|                    local_regs_V_210_reload|        scalar|
|local_regs_V_178_reload   |   in|   32|     ap_none|                    local_regs_V_178_reload|        scalar|
|local_regs_V_146_reload   |   in|   32|     ap_none|                    local_regs_V_146_reload|        scalar|
|local_regs_V_114_reload   |   in|   32|     ap_none|                    local_regs_V_114_reload|        scalar|
|local_regs_V_82_reload    |   in|   32|     ap_none|                     local_regs_V_82_reload|        scalar|
|local_regs_V_50_reload    |   in|   32|     ap_none|                     local_regs_V_50_reload|        scalar|
|local_regs_V_18_reload    |   in|   32|     ap_none|                     local_regs_V_18_reload|        scalar|
|local_regs_V_1009_reload  |   in|   32|     ap_none|                   local_regs_V_1009_reload|        scalar|
|local_regs_V_977_reload   |   in|   32|     ap_none|                    local_regs_V_977_reload|        scalar|
|local_regs_V_945_reload   |   in|   32|     ap_none|                    local_regs_V_945_reload|        scalar|
|local_regs_V_913_reload   |   in|   32|     ap_none|                    local_regs_V_913_reload|        scalar|
|local_regs_V_881_reload   |   in|   32|     ap_none|                    local_regs_V_881_reload|        scalar|
|local_regs_V_849_reload   |   in|   32|     ap_none|                    local_regs_V_849_reload|        scalar|
|local_regs_V_817_reload   |   in|   32|     ap_none|                    local_regs_V_817_reload|        scalar|
|local_regs_V_785_reload   |   in|   32|     ap_none|                    local_regs_V_785_reload|        scalar|
|local_regs_V_753_reload   |   in|   32|     ap_none|                    local_regs_V_753_reload|        scalar|
|local_regs_V_721_reload   |   in|   32|     ap_none|                    local_regs_V_721_reload|        scalar|
|local_regs_V_689_reload   |   in|   32|     ap_none|                    local_regs_V_689_reload|        scalar|
|local_regs_V_657_reload   |   in|   32|     ap_none|                    local_regs_V_657_reload|        scalar|
|local_regs_V_625_reload   |   in|   32|     ap_none|                    local_regs_V_625_reload|        scalar|
|local_regs_V_593_reload   |   in|   32|     ap_none|                    local_regs_V_593_reload|        scalar|
|local_regs_V_561_reload   |   in|   32|     ap_none|                    local_regs_V_561_reload|        scalar|
|local_regs_V_529_reload   |   in|   32|     ap_none|                    local_regs_V_529_reload|        scalar|
|local_regs_V_497_reload   |   in|   32|     ap_none|                    local_regs_V_497_reload|        scalar|
|local_regs_V_465_reload   |   in|   32|     ap_none|                    local_regs_V_465_reload|        scalar|
|local_regs_V_433_reload   |   in|   32|     ap_none|                    local_regs_V_433_reload|        scalar|
|local_regs_V_401_reload   |   in|   32|     ap_none|                    local_regs_V_401_reload|        scalar|
|local_regs_V_369_reload   |   in|   32|     ap_none|                    local_regs_V_369_reload|        scalar|
|local_regs_V_337_reload   |   in|   32|     ap_none|                    local_regs_V_337_reload|        scalar|
|local_regs_V_305_reload   |   in|   32|     ap_none|                    local_regs_V_305_reload|        scalar|
|local_regs_V_273_reload   |   in|   32|     ap_none|                    local_regs_V_273_reload|        scalar|
|local_regs_V_241_reload   |   in|   32|     ap_none|                    local_regs_V_241_reload|        scalar|
|local_regs_V_209_reload   |   in|   32|     ap_none|                    local_regs_V_209_reload|        scalar|
|local_regs_V_177_reload   |   in|   32|     ap_none|                    local_regs_V_177_reload|        scalar|
|local_regs_V_145_reload   |   in|   32|     ap_none|                    local_regs_V_145_reload|        scalar|
|local_regs_V_113_reload   |   in|   32|     ap_none|                    local_regs_V_113_reload|        scalar|
|local_regs_V_81_reload    |   in|   32|     ap_none|                     local_regs_V_81_reload|        scalar|
|local_regs_V_49_reload    |   in|   32|     ap_none|                     local_regs_V_49_reload|        scalar|
|local_regs_V_17_reload    |   in|   32|     ap_none|                     local_regs_V_17_reload|        scalar|
|local_regs_V_1008_reload  |   in|   32|     ap_none|                   local_regs_V_1008_reload|        scalar|
|local_regs_V_976_reload   |   in|   32|     ap_none|                    local_regs_V_976_reload|        scalar|
|local_regs_V_944_reload   |   in|   32|     ap_none|                    local_regs_V_944_reload|        scalar|
|local_regs_V_912_reload   |   in|   32|     ap_none|                    local_regs_V_912_reload|        scalar|
|local_regs_V_880_reload   |   in|   32|     ap_none|                    local_regs_V_880_reload|        scalar|
|local_regs_V_848_reload   |   in|   32|     ap_none|                    local_regs_V_848_reload|        scalar|
|local_regs_V_816_reload   |   in|   32|     ap_none|                    local_regs_V_816_reload|        scalar|
|local_regs_V_784_reload   |   in|   32|     ap_none|                    local_regs_V_784_reload|        scalar|
|local_regs_V_752_reload   |   in|   32|     ap_none|                    local_regs_V_752_reload|        scalar|
|local_regs_V_720_reload   |   in|   32|     ap_none|                    local_regs_V_720_reload|        scalar|
|local_regs_V_688_reload   |   in|   32|     ap_none|                    local_regs_V_688_reload|        scalar|
|local_regs_V_656_reload   |   in|   32|     ap_none|                    local_regs_V_656_reload|        scalar|
|local_regs_V_624_reload   |   in|   32|     ap_none|                    local_regs_V_624_reload|        scalar|
|local_regs_V_592_reload   |   in|   32|     ap_none|                    local_regs_V_592_reload|        scalar|
|local_regs_V_560_reload   |   in|   32|     ap_none|                    local_regs_V_560_reload|        scalar|
|local_regs_V_528_reload   |   in|   32|     ap_none|                    local_regs_V_528_reload|        scalar|
|local_regs_V_496_reload   |   in|   32|     ap_none|                    local_regs_V_496_reload|        scalar|
|local_regs_V_464_reload   |   in|   32|     ap_none|                    local_regs_V_464_reload|        scalar|
|local_regs_V_432_reload   |   in|   32|     ap_none|                    local_regs_V_432_reload|        scalar|
|local_regs_V_400_reload   |   in|   32|     ap_none|                    local_regs_V_400_reload|        scalar|
|local_regs_V_368_reload   |   in|   32|     ap_none|                    local_regs_V_368_reload|        scalar|
|local_regs_V_336_reload   |   in|   32|     ap_none|                    local_regs_V_336_reload|        scalar|
|local_regs_V_304_reload   |   in|   32|     ap_none|                    local_regs_V_304_reload|        scalar|
|local_regs_V_272_reload   |   in|   32|     ap_none|                    local_regs_V_272_reload|        scalar|
|local_regs_V_240_reload   |   in|   32|     ap_none|                    local_regs_V_240_reload|        scalar|
|local_regs_V_208_reload   |   in|   32|     ap_none|                    local_regs_V_208_reload|        scalar|
|local_regs_V_176_reload   |   in|   32|     ap_none|                    local_regs_V_176_reload|        scalar|
|local_regs_V_144_reload   |   in|   32|     ap_none|                    local_regs_V_144_reload|        scalar|
|local_regs_V_112_reload   |   in|   32|     ap_none|                    local_regs_V_112_reload|        scalar|
|local_regs_V_80_reload    |   in|   32|     ap_none|                     local_regs_V_80_reload|        scalar|
|local_regs_V_48_reload    |   in|   32|     ap_none|                     local_regs_V_48_reload|        scalar|
|local_regs_V_16_reload    |   in|   32|     ap_none|                     local_regs_V_16_reload|        scalar|
|local_regs_V_1007_reload  |   in|   32|     ap_none|                   local_regs_V_1007_reload|        scalar|
|local_regs_V_975_reload   |   in|   32|     ap_none|                    local_regs_V_975_reload|        scalar|
|local_regs_V_943_reload   |   in|   32|     ap_none|                    local_regs_V_943_reload|        scalar|
|local_regs_V_911_reload   |   in|   32|     ap_none|                    local_regs_V_911_reload|        scalar|
|local_regs_V_879_reload   |   in|   32|     ap_none|                    local_regs_V_879_reload|        scalar|
|local_regs_V_847_reload   |   in|   32|     ap_none|                    local_regs_V_847_reload|        scalar|
|local_regs_V_815_reload   |   in|   32|     ap_none|                    local_regs_V_815_reload|        scalar|
|local_regs_V_783_reload   |   in|   32|     ap_none|                    local_regs_V_783_reload|        scalar|
|local_regs_V_751_reload   |   in|   32|     ap_none|                    local_regs_V_751_reload|        scalar|
|local_regs_V_719_reload   |   in|   32|     ap_none|                    local_regs_V_719_reload|        scalar|
|local_regs_V_687_reload   |   in|   32|     ap_none|                    local_regs_V_687_reload|        scalar|
|local_regs_V_655_reload   |   in|   32|     ap_none|                    local_regs_V_655_reload|        scalar|
|local_regs_V_623_reload   |   in|   32|     ap_none|                    local_regs_V_623_reload|        scalar|
|local_regs_V_591_reload   |   in|   32|     ap_none|                    local_regs_V_591_reload|        scalar|
|local_regs_V_559_reload   |   in|   32|     ap_none|                    local_regs_V_559_reload|        scalar|
|local_regs_V_527_reload   |   in|   32|     ap_none|                    local_regs_V_527_reload|        scalar|
|local_regs_V_495_reload   |   in|   32|     ap_none|                    local_regs_V_495_reload|        scalar|
|local_regs_V_463_reload   |   in|   32|     ap_none|                    local_regs_V_463_reload|        scalar|
|local_regs_V_431_reload   |   in|   32|     ap_none|                    local_regs_V_431_reload|        scalar|
|local_regs_V_399_reload   |   in|   32|     ap_none|                    local_regs_V_399_reload|        scalar|
|local_regs_V_367_reload   |   in|   32|     ap_none|                    local_regs_V_367_reload|        scalar|
|local_regs_V_335_reload   |   in|   32|     ap_none|                    local_regs_V_335_reload|        scalar|
|local_regs_V_303_reload   |   in|   32|     ap_none|                    local_regs_V_303_reload|        scalar|
|local_regs_V_271_reload   |   in|   32|     ap_none|                    local_regs_V_271_reload|        scalar|
|local_regs_V_239_reload   |   in|   32|     ap_none|                    local_regs_V_239_reload|        scalar|
|local_regs_V_207_reload   |   in|   32|     ap_none|                    local_regs_V_207_reload|        scalar|
|local_regs_V_175_reload   |   in|   32|     ap_none|                    local_regs_V_175_reload|        scalar|
|local_regs_V_143_reload   |   in|   32|     ap_none|                    local_regs_V_143_reload|        scalar|
|local_regs_V_111_reload   |   in|   32|     ap_none|                    local_regs_V_111_reload|        scalar|
|local_regs_V_79_reload    |   in|   32|     ap_none|                     local_regs_V_79_reload|        scalar|
|local_regs_V_47_reload    |   in|   32|     ap_none|                     local_regs_V_47_reload|        scalar|
|local_regs_V_15_reload    |   in|   32|     ap_none|                     local_regs_V_15_reload|        scalar|
|local_regs_V_1006_reload  |   in|   32|     ap_none|                   local_regs_V_1006_reload|        scalar|
|local_regs_V_974_reload   |   in|   32|     ap_none|                    local_regs_V_974_reload|        scalar|
|local_regs_V_942_reload   |   in|   32|     ap_none|                    local_regs_V_942_reload|        scalar|
|local_regs_V_910_reload   |   in|   32|     ap_none|                    local_regs_V_910_reload|        scalar|
|local_regs_V_878_reload   |   in|   32|     ap_none|                    local_regs_V_878_reload|        scalar|
|local_regs_V_846_reload   |   in|   32|     ap_none|                    local_regs_V_846_reload|        scalar|
|local_regs_V_814_reload   |   in|   32|     ap_none|                    local_regs_V_814_reload|        scalar|
|local_regs_V_782_reload   |   in|   32|     ap_none|                    local_regs_V_782_reload|        scalar|
|local_regs_V_750_reload   |   in|   32|     ap_none|                    local_regs_V_750_reload|        scalar|
|local_regs_V_718_reload   |   in|   32|     ap_none|                    local_regs_V_718_reload|        scalar|
|local_regs_V_686_reload   |   in|   32|     ap_none|                    local_regs_V_686_reload|        scalar|
|local_regs_V_654_reload   |   in|   32|     ap_none|                    local_regs_V_654_reload|        scalar|
|local_regs_V_622_reload   |   in|   32|     ap_none|                    local_regs_V_622_reload|        scalar|
|local_regs_V_590_reload   |   in|   32|     ap_none|                    local_regs_V_590_reload|        scalar|
|local_regs_V_558_reload   |   in|   32|     ap_none|                    local_regs_V_558_reload|        scalar|
|local_regs_V_526_reload   |   in|   32|     ap_none|                    local_regs_V_526_reload|        scalar|
|local_regs_V_494_reload   |   in|   32|     ap_none|                    local_regs_V_494_reload|        scalar|
|local_regs_V_462_reload   |   in|   32|     ap_none|                    local_regs_V_462_reload|        scalar|
|local_regs_V_430_reload   |   in|   32|     ap_none|                    local_regs_V_430_reload|        scalar|
|local_regs_V_398_reload   |   in|   32|     ap_none|                    local_regs_V_398_reload|        scalar|
|local_regs_V_366_reload   |   in|   32|     ap_none|                    local_regs_V_366_reload|        scalar|
|local_regs_V_334_reload   |   in|   32|     ap_none|                    local_regs_V_334_reload|        scalar|
|local_regs_V_302_reload   |   in|   32|     ap_none|                    local_regs_V_302_reload|        scalar|
|local_regs_V_270_reload   |   in|   32|     ap_none|                    local_regs_V_270_reload|        scalar|
|local_regs_V_238_reload   |   in|   32|     ap_none|                    local_regs_V_238_reload|        scalar|
|local_regs_V_206_reload   |   in|   32|     ap_none|                    local_regs_V_206_reload|        scalar|
|local_regs_V_174_reload   |   in|   32|     ap_none|                    local_regs_V_174_reload|        scalar|
|local_regs_V_142_reload   |   in|   32|     ap_none|                    local_regs_V_142_reload|        scalar|
|local_regs_V_110_reload   |   in|   32|     ap_none|                    local_regs_V_110_reload|        scalar|
|local_regs_V_78_reload    |   in|   32|     ap_none|                     local_regs_V_78_reload|        scalar|
|local_regs_V_46_reload    |   in|   32|     ap_none|                     local_regs_V_46_reload|        scalar|
|local_regs_V_14_reload    |   in|   32|     ap_none|                     local_regs_V_14_reload|        scalar|
|local_regs_V_1005_reload  |   in|   32|     ap_none|                   local_regs_V_1005_reload|        scalar|
|local_regs_V_973_reload   |   in|   32|     ap_none|                    local_regs_V_973_reload|        scalar|
|local_regs_V_941_reload   |   in|   32|     ap_none|                    local_regs_V_941_reload|        scalar|
|local_regs_V_909_reload   |   in|   32|     ap_none|                    local_regs_V_909_reload|        scalar|
|local_regs_V_877_reload   |   in|   32|     ap_none|                    local_regs_V_877_reload|        scalar|
|local_regs_V_845_reload   |   in|   32|     ap_none|                    local_regs_V_845_reload|        scalar|
|local_regs_V_813_reload   |   in|   32|     ap_none|                    local_regs_V_813_reload|        scalar|
|local_regs_V_781_reload   |   in|   32|     ap_none|                    local_regs_V_781_reload|        scalar|
|local_regs_V_749_reload   |   in|   32|     ap_none|                    local_regs_V_749_reload|        scalar|
|local_regs_V_717_reload   |   in|   32|     ap_none|                    local_regs_V_717_reload|        scalar|
|local_regs_V_685_reload   |   in|   32|     ap_none|                    local_regs_V_685_reload|        scalar|
|local_regs_V_653_reload   |   in|   32|     ap_none|                    local_regs_V_653_reload|        scalar|
|local_regs_V_621_reload   |   in|   32|     ap_none|                    local_regs_V_621_reload|        scalar|
|local_regs_V_589_reload   |   in|   32|     ap_none|                    local_regs_V_589_reload|        scalar|
|local_regs_V_557_reload   |   in|   32|     ap_none|                    local_regs_V_557_reload|        scalar|
|local_regs_V_525_reload   |   in|   32|     ap_none|                    local_regs_V_525_reload|        scalar|
|local_regs_V_493_reload   |   in|   32|     ap_none|                    local_regs_V_493_reload|        scalar|
|local_regs_V_461_reload   |   in|   32|     ap_none|                    local_regs_V_461_reload|        scalar|
|local_regs_V_429_reload   |   in|   32|     ap_none|                    local_regs_V_429_reload|        scalar|
|local_regs_V_397_reload   |   in|   32|     ap_none|                    local_regs_V_397_reload|        scalar|
|local_regs_V_365_reload   |   in|   32|     ap_none|                    local_regs_V_365_reload|        scalar|
|local_regs_V_333_reload   |   in|   32|     ap_none|                    local_regs_V_333_reload|        scalar|
|local_regs_V_301_reload   |   in|   32|     ap_none|                    local_regs_V_301_reload|        scalar|
|local_regs_V_269_reload   |   in|   32|     ap_none|                    local_regs_V_269_reload|        scalar|
|local_regs_V_237_reload   |   in|   32|     ap_none|                    local_regs_V_237_reload|        scalar|
|local_regs_V_205_reload   |   in|   32|     ap_none|                    local_regs_V_205_reload|        scalar|
|local_regs_V_173_reload   |   in|   32|     ap_none|                    local_regs_V_173_reload|        scalar|
|local_regs_V_141_reload   |   in|   32|     ap_none|                    local_regs_V_141_reload|        scalar|
|local_regs_V_109_reload   |   in|   32|     ap_none|                    local_regs_V_109_reload|        scalar|
|local_regs_V_77_reload    |   in|   32|     ap_none|                     local_regs_V_77_reload|        scalar|
|local_regs_V_45_reload    |   in|   32|     ap_none|                     local_regs_V_45_reload|        scalar|
|local_regs_V_13_reload    |   in|   32|     ap_none|                     local_regs_V_13_reload|        scalar|
|local_regs_V_1004_reload  |   in|   32|     ap_none|                   local_regs_V_1004_reload|        scalar|
|local_regs_V_972_reload   |   in|   32|     ap_none|                    local_regs_V_972_reload|        scalar|
|local_regs_V_940_reload   |   in|   32|     ap_none|                    local_regs_V_940_reload|        scalar|
|local_regs_V_908_reload   |   in|   32|     ap_none|                    local_regs_V_908_reload|        scalar|
|local_regs_V_876_reload   |   in|   32|     ap_none|                    local_regs_V_876_reload|        scalar|
|local_regs_V_844_reload   |   in|   32|     ap_none|                    local_regs_V_844_reload|        scalar|
|local_regs_V_812_reload   |   in|   32|     ap_none|                    local_regs_V_812_reload|        scalar|
|local_regs_V_780_reload   |   in|   32|     ap_none|                    local_regs_V_780_reload|        scalar|
|local_regs_V_748_reload   |   in|   32|     ap_none|                    local_regs_V_748_reload|        scalar|
|local_regs_V_716_reload   |   in|   32|     ap_none|                    local_regs_V_716_reload|        scalar|
|local_regs_V_684_reload   |   in|   32|     ap_none|                    local_regs_V_684_reload|        scalar|
|local_regs_V_652_reload   |   in|   32|     ap_none|                    local_regs_V_652_reload|        scalar|
|local_regs_V_620_reload   |   in|   32|     ap_none|                    local_regs_V_620_reload|        scalar|
|local_regs_V_588_reload   |   in|   32|     ap_none|                    local_regs_V_588_reload|        scalar|
|local_regs_V_556_reload   |   in|   32|     ap_none|                    local_regs_V_556_reload|        scalar|
|local_regs_V_524_reload   |   in|   32|     ap_none|                    local_regs_V_524_reload|        scalar|
|local_regs_V_492_reload   |   in|   32|     ap_none|                    local_regs_V_492_reload|        scalar|
|local_regs_V_460_reload   |   in|   32|     ap_none|                    local_regs_V_460_reload|        scalar|
|local_regs_V_428_reload   |   in|   32|     ap_none|                    local_regs_V_428_reload|        scalar|
|local_regs_V_396_reload   |   in|   32|     ap_none|                    local_regs_V_396_reload|        scalar|
|local_regs_V_364_reload   |   in|   32|     ap_none|                    local_regs_V_364_reload|        scalar|
|local_regs_V_332_reload   |   in|   32|     ap_none|                    local_regs_V_332_reload|        scalar|
|local_regs_V_300_reload   |   in|   32|     ap_none|                    local_regs_V_300_reload|        scalar|
|local_regs_V_268_reload   |   in|   32|     ap_none|                    local_regs_V_268_reload|        scalar|
|local_regs_V_236_reload   |   in|   32|     ap_none|                    local_regs_V_236_reload|        scalar|
|local_regs_V_204_reload   |   in|   32|     ap_none|                    local_regs_V_204_reload|        scalar|
|local_regs_V_172_reload   |   in|   32|     ap_none|                    local_regs_V_172_reload|        scalar|
|local_regs_V_140_reload   |   in|   32|     ap_none|                    local_regs_V_140_reload|        scalar|
|local_regs_V_108_reload   |   in|   32|     ap_none|                    local_regs_V_108_reload|        scalar|
|local_regs_V_76_reload    |   in|   32|     ap_none|                     local_regs_V_76_reload|        scalar|
|local_regs_V_44_reload    |   in|   32|     ap_none|                     local_regs_V_44_reload|        scalar|
|local_regs_V_12_reload    |   in|   32|     ap_none|                     local_regs_V_12_reload|        scalar|
|local_regs_V_1003_reload  |   in|   32|     ap_none|                   local_regs_V_1003_reload|        scalar|
|local_regs_V_971_reload   |   in|   32|     ap_none|                    local_regs_V_971_reload|        scalar|
|local_regs_V_939_reload   |   in|   32|     ap_none|                    local_regs_V_939_reload|        scalar|
|local_regs_V_907_reload   |   in|   32|     ap_none|                    local_regs_V_907_reload|        scalar|
|local_regs_V_875_reload   |   in|   32|     ap_none|                    local_regs_V_875_reload|        scalar|
|local_regs_V_843_reload   |   in|   32|     ap_none|                    local_regs_V_843_reload|        scalar|
|local_regs_V_811_reload   |   in|   32|     ap_none|                    local_regs_V_811_reload|        scalar|
|local_regs_V_779_reload   |   in|   32|     ap_none|                    local_regs_V_779_reload|        scalar|
|local_regs_V_747_reload   |   in|   32|     ap_none|                    local_regs_V_747_reload|        scalar|
|local_regs_V_715_reload   |   in|   32|     ap_none|                    local_regs_V_715_reload|        scalar|
|local_regs_V_683_reload   |   in|   32|     ap_none|                    local_regs_V_683_reload|        scalar|
|local_regs_V_651_reload   |   in|   32|     ap_none|                    local_regs_V_651_reload|        scalar|
|local_regs_V_619_reload   |   in|   32|     ap_none|                    local_regs_V_619_reload|        scalar|
|local_regs_V_587_reload   |   in|   32|     ap_none|                    local_regs_V_587_reload|        scalar|
|local_regs_V_555_reload   |   in|   32|     ap_none|                    local_regs_V_555_reload|        scalar|
|local_regs_V_523_reload   |   in|   32|     ap_none|                    local_regs_V_523_reload|        scalar|
|local_regs_V_491_reload   |   in|   32|     ap_none|                    local_regs_V_491_reload|        scalar|
|local_regs_V_459_reload   |   in|   32|     ap_none|                    local_regs_V_459_reload|        scalar|
|local_regs_V_427_reload   |   in|   32|     ap_none|                    local_regs_V_427_reload|        scalar|
|local_regs_V_395_reload   |   in|   32|     ap_none|                    local_regs_V_395_reload|        scalar|
|local_regs_V_363_reload   |   in|   32|     ap_none|                    local_regs_V_363_reload|        scalar|
|local_regs_V_331_reload   |   in|   32|     ap_none|                    local_regs_V_331_reload|        scalar|
|local_regs_V_299_reload   |   in|   32|     ap_none|                    local_regs_V_299_reload|        scalar|
|local_regs_V_267_reload   |   in|   32|     ap_none|                    local_regs_V_267_reload|        scalar|
|local_regs_V_235_reload   |   in|   32|     ap_none|                    local_regs_V_235_reload|        scalar|
|local_regs_V_203_reload   |   in|   32|     ap_none|                    local_regs_V_203_reload|        scalar|
|local_regs_V_171_reload   |   in|   32|     ap_none|                    local_regs_V_171_reload|        scalar|
|local_regs_V_139_reload   |   in|   32|     ap_none|                    local_regs_V_139_reload|        scalar|
|local_regs_V_107_reload   |   in|   32|     ap_none|                    local_regs_V_107_reload|        scalar|
|local_regs_V_75_reload    |   in|   32|     ap_none|                     local_regs_V_75_reload|        scalar|
|local_regs_V_43_reload    |   in|   32|     ap_none|                     local_regs_V_43_reload|        scalar|
|local_regs_V_11_reload    |   in|   32|     ap_none|                     local_regs_V_11_reload|        scalar|
|local_regs_V_1002_reload  |   in|   32|     ap_none|                   local_regs_V_1002_reload|        scalar|
|local_regs_V_970_reload   |   in|   32|     ap_none|                    local_regs_V_970_reload|        scalar|
|local_regs_V_938_reload   |   in|   32|     ap_none|                    local_regs_V_938_reload|        scalar|
|local_regs_V_906_reload   |   in|   32|     ap_none|                    local_regs_V_906_reload|        scalar|
|local_regs_V_874_reload   |   in|   32|     ap_none|                    local_regs_V_874_reload|        scalar|
|local_regs_V_842_reload   |   in|   32|     ap_none|                    local_regs_V_842_reload|        scalar|
|local_regs_V_810_reload   |   in|   32|     ap_none|                    local_regs_V_810_reload|        scalar|
|local_regs_V_778_reload   |   in|   32|     ap_none|                    local_regs_V_778_reload|        scalar|
|local_regs_V_746_reload   |   in|   32|     ap_none|                    local_regs_V_746_reload|        scalar|
|local_regs_V_714_reload   |   in|   32|     ap_none|                    local_regs_V_714_reload|        scalar|
|local_regs_V_682_reload   |   in|   32|     ap_none|                    local_regs_V_682_reload|        scalar|
|local_regs_V_650_reload   |   in|   32|     ap_none|                    local_regs_V_650_reload|        scalar|
|local_regs_V_618_reload   |   in|   32|     ap_none|                    local_regs_V_618_reload|        scalar|
|local_regs_V_586_reload   |   in|   32|     ap_none|                    local_regs_V_586_reload|        scalar|
|local_regs_V_554_reload   |   in|   32|     ap_none|                    local_regs_V_554_reload|        scalar|
|local_regs_V_522_reload   |   in|   32|     ap_none|                    local_regs_V_522_reload|        scalar|
|local_regs_V_490_reload   |   in|   32|     ap_none|                    local_regs_V_490_reload|        scalar|
|local_regs_V_458_reload   |   in|   32|     ap_none|                    local_regs_V_458_reload|        scalar|
|local_regs_V_426_reload   |   in|   32|     ap_none|                    local_regs_V_426_reload|        scalar|
|local_regs_V_394_reload   |   in|   32|     ap_none|                    local_regs_V_394_reload|        scalar|
|local_regs_V_362_reload   |   in|   32|     ap_none|                    local_regs_V_362_reload|        scalar|
|local_regs_V_330_reload   |   in|   32|     ap_none|                    local_regs_V_330_reload|        scalar|
|local_regs_V_298_reload   |   in|   32|     ap_none|                    local_regs_V_298_reload|        scalar|
|local_regs_V_266_reload   |   in|   32|     ap_none|                    local_regs_V_266_reload|        scalar|
|local_regs_V_234_reload   |   in|   32|     ap_none|                    local_regs_V_234_reload|        scalar|
|local_regs_V_202_reload   |   in|   32|     ap_none|                    local_regs_V_202_reload|        scalar|
|local_regs_V_170_reload   |   in|   32|     ap_none|                    local_regs_V_170_reload|        scalar|
|local_regs_V_138_reload   |   in|   32|     ap_none|                    local_regs_V_138_reload|        scalar|
|local_regs_V_106_reload   |   in|   32|     ap_none|                    local_regs_V_106_reload|        scalar|
|local_regs_V_74_reload    |   in|   32|     ap_none|                     local_regs_V_74_reload|        scalar|
|local_regs_V_42_reload    |   in|   32|     ap_none|                     local_regs_V_42_reload|        scalar|
|local_regs_V_10_reload    |   in|   32|     ap_none|                     local_regs_V_10_reload|        scalar|
|local_regs_V_1001_reload  |   in|   32|     ap_none|                   local_regs_V_1001_reload|        scalar|
|local_regs_V_969_reload   |   in|   32|     ap_none|                    local_regs_V_969_reload|        scalar|
|local_regs_V_937_reload   |   in|   32|     ap_none|                    local_regs_V_937_reload|        scalar|
|local_regs_V_905_reload   |   in|   32|     ap_none|                    local_regs_V_905_reload|        scalar|
|local_regs_V_873_reload   |   in|   32|     ap_none|                    local_regs_V_873_reload|        scalar|
|local_regs_V_841_reload   |   in|   32|     ap_none|                    local_regs_V_841_reload|        scalar|
|local_regs_V_809_reload   |   in|   32|     ap_none|                    local_regs_V_809_reload|        scalar|
|local_regs_V_777_reload   |   in|   32|     ap_none|                    local_regs_V_777_reload|        scalar|
|local_regs_V_745_reload   |   in|   32|     ap_none|                    local_regs_V_745_reload|        scalar|
|local_regs_V_713_reload   |   in|   32|     ap_none|                    local_regs_V_713_reload|        scalar|
|local_regs_V_681_reload   |   in|   32|     ap_none|                    local_regs_V_681_reload|        scalar|
|local_regs_V_649_reload   |   in|   32|     ap_none|                    local_regs_V_649_reload|        scalar|
|local_regs_V_617_reload   |   in|   32|     ap_none|                    local_regs_V_617_reload|        scalar|
|local_regs_V_585_reload   |   in|   32|     ap_none|                    local_regs_V_585_reload|        scalar|
|local_regs_V_553_reload   |   in|   32|     ap_none|                    local_regs_V_553_reload|        scalar|
|local_regs_V_521_reload   |   in|   32|     ap_none|                    local_regs_V_521_reload|        scalar|
|local_regs_V_489_reload   |   in|   32|     ap_none|                    local_regs_V_489_reload|        scalar|
|local_regs_V_457_reload   |   in|   32|     ap_none|                    local_regs_V_457_reload|        scalar|
|local_regs_V_425_reload   |   in|   32|     ap_none|                    local_regs_V_425_reload|        scalar|
|local_regs_V_393_reload   |   in|   32|     ap_none|                    local_regs_V_393_reload|        scalar|
|local_regs_V_361_reload   |   in|   32|     ap_none|                    local_regs_V_361_reload|        scalar|
|local_regs_V_329_reload   |   in|   32|     ap_none|                    local_regs_V_329_reload|        scalar|
|local_regs_V_297_reload   |   in|   32|     ap_none|                    local_regs_V_297_reload|        scalar|
|local_regs_V_265_reload   |   in|   32|     ap_none|                    local_regs_V_265_reload|        scalar|
|local_regs_V_233_reload   |   in|   32|     ap_none|                    local_regs_V_233_reload|        scalar|
|local_regs_V_201_reload   |   in|   32|     ap_none|                    local_regs_V_201_reload|        scalar|
|local_regs_V_169_reload   |   in|   32|     ap_none|                    local_regs_V_169_reload|        scalar|
|local_regs_V_137_reload   |   in|   32|     ap_none|                    local_regs_V_137_reload|        scalar|
|local_regs_V_105_reload   |   in|   32|     ap_none|                    local_regs_V_105_reload|        scalar|
|local_regs_V_73_reload    |   in|   32|     ap_none|                     local_regs_V_73_reload|        scalar|
|local_regs_V_41_reload    |   in|   32|     ap_none|                     local_regs_V_41_reload|        scalar|
|local_regs_V_9_reload     |   in|   32|     ap_none|                      local_regs_V_9_reload|        scalar|
|local_regs_V_1000_reload  |   in|   32|     ap_none|                   local_regs_V_1000_reload|        scalar|
|local_regs_V_968_reload   |   in|   32|     ap_none|                    local_regs_V_968_reload|        scalar|
|local_regs_V_936_reload   |   in|   32|     ap_none|                    local_regs_V_936_reload|        scalar|
|local_regs_V_904_reload   |   in|   32|     ap_none|                    local_regs_V_904_reload|        scalar|
|local_regs_V_872_reload   |   in|   32|     ap_none|                    local_regs_V_872_reload|        scalar|
|local_regs_V_840_reload   |   in|   32|     ap_none|                    local_regs_V_840_reload|        scalar|
|local_regs_V_808_reload   |   in|   32|     ap_none|                    local_regs_V_808_reload|        scalar|
|local_regs_V_776_reload   |   in|   32|     ap_none|                    local_regs_V_776_reload|        scalar|
|local_regs_V_744_reload   |   in|   32|     ap_none|                    local_regs_V_744_reload|        scalar|
|local_regs_V_712_reload   |   in|   32|     ap_none|                    local_regs_V_712_reload|        scalar|
|local_regs_V_680_reload   |   in|   32|     ap_none|                    local_regs_V_680_reload|        scalar|
|local_regs_V_648_reload   |   in|   32|     ap_none|                    local_regs_V_648_reload|        scalar|
|local_regs_V_616_reload   |   in|   32|     ap_none|                    local_regs_V_616_reload|        scalar|
|local_regs_V_584_reload   |   in|   32|     ap_none|                    local_regs_V_584_reload|        scalar|
|local_regs_V_552_reload   |   in|   32|     ap_none|                    local_regs_V_552_reload|        scalar|
|local_regs_V_520_reload   |   in|   32|     ap_none|                    local_regs_V_520_reload|        scalar|
|local_regs_V_488_reload   |   in|   32|     ap_none|                    local_regs_V_488_reload|        scalar|
|local_regs_V_456_reload   |   in|   32|     ap_none|                    local_regs_V_456_reload|        scalar|
|local_regs_V_424_reload   |   in|   32|     ap_none|                    local_regs_V_424_reload|        scalar|
|local_regs_V_392_reload   |   in|   32|     ap_none|                    local_regs_V_392_reload|        scalar|
|local_regs_V_360_reload   |   in|   32|     ap_none|                    local_regs_V_360_reload|        scalar|
|local_regs_V_328_reload   |   in|   32|     ap_none|                    local_regs_V_328_reload|        scalar|
|local_regs_V_296_reload   |   in|   32|     ap_none|                    local_regs_V_296_reload|        scalar|
|local_regs_V_264_reload   |   in|   32|     ap_none|                    local_regs_V_264_reload|        scalar|
|local_regs_V_232_reload   |   in|   32|     ap_none|                    local_regs_V_232_reload|        scalar|
|local_regs_V_200_reload   |   in|   32|     ap_none|                    local_regs_V_200_reload|        scalar|
|local_regs_V_168_reload   |   in|   32|     ap_none|                    local_regs_V_168_reload|        scalar|
|local_regs_V_136_reload   |   in|   32|     ap_none|                    local_regs_V_136_reload|        scalar|
|local_regs_V_104_reload   |   in|   32|     ap_none|                    local_regs_V_104_reload|        scalar|
|local_regs_V_72_reload    |   in|   32|     ap_none|                     local_regs_V_72_reload|        scalar|
|local_regs_V_40_reload    |   in|   32|     ap_none|                     local_regs_V_40_reload|        scalar|
|local_regs_V_8_reload     |   in|   32|     ap_none|                      local_regs_V_8_reload|        scalar|
|local_regs_V_999_reload   |   in|   32|     ap_none|                    local_regs_V_999_reload|        scalar|
|local_regs_V_967_reload   |   in|   32|     ap_none|                    local_regs_V_967_reload|        scalar|
|local_regs_V_935_reload   |   in|   32|     ap_none|                    local_regs_V_935_reload|        scalar|
|local_regs_V_903_reload   |   in|   32|     ap_none|                    local_regs_V_903_reload|        scalar|
|local_regs_V_871_reload   |   in|   32|     ap_none|                    local_regs_V_871_reload|        scalar|
|local_regs_V_839_reload   |   in|   32|     ap_none|                    local_regs_V_839_reload|        scalar|
|local_regs_V_807_reload   |   in|   32|     ap_none|                    local_regs_V_807_reload|        scalar|
|local_regs_V_775_reload   |   in|   32|     ap_none|                    local_regs_V_775_reload|        scalar|
|local_regs_V_743_reload   |   in|   32|     ap_none|                    local_regs_V_743_reload|        scalar|
|local_regs_V_711_reload   |   in|   32|     ap_none|                    local_regs_V_711_reload|        scalar|
|local_regs_V_679_reload   |   in|   32|     ap_none|                    local_regs_V_679_reload|        scalar|
|local_regs_V_647_reload   |   in|   32|     ap_none|                    local_regs_V_647_reload|        scalar|
|local_regs_V_615_reload   |   in|   32|     ap_none|                    local_regs_V_615_reload|        scalar|
|local_regs_V_583_reload   |   in|   32|     ap_none|                    local_regs_V_583_reload|        scalar|
|local_regs_V_551_reload   |   in|   32|     ap_none|                    local_regs_V_551_reload|        scalar|
|local_regs_V_519_reload   |   in|   32|     ap_none|                    local_regs_V_519_reload|        scalar|
|local_regs_V_487_reload   |   in|   32|     ap_none|                    local_regs_V_487_reload|        scalar|
|local_regs_V_455_reload   |   in|   32|     ap_none|                    local_regs_V_455_reload|        scalar|
|local_regs_V_423_reload   |   in|   32|     ap_none|                    local_regs_V_423_reload|        scalar|
|local_regs_V_391_reload   |   in|   32|     ap_none|                    local_regs_V_391_reload|        scalar|
|local_regs_V_359_reload   |   in|   32|     ap_none|                    local_regs_V_359_reload|        scalar|
|local_regs_V_327_reload   |   in|   32|     ap_none|                    local_regs_V_327_reload|        scalar|
|local_regs_V_295_reload   |   in|   32|     ap_none|                    local_regs_V_295_reload|        scalar|
|local_regs_V_263_reload   |   in|   32|     ap_none|                    local_regs_V_263_reload|        scalar|
|local_regs_V_231_reload   |   in|   32|     ap_none|                    local_regs_V_231_reload|        scalar|
|local_regs_V_199_reload   |   in|   32|     ap_none|                    local_regs_V_199_reload|        scalar|
|local_regs_V_167_reload   |   in|   32|     ap_none|                    local_regs_V_167_reload|        scalar|
|local_regs_V_135_reload   |   in|   32|     ap_none|                    local_regs_V_135_reload|        scalar|
|local_regs_V_103_reload   |   in|   32|     ap_none|                    local_regs_V_103_reload|        scalar|
|local_regs_V_71_reload    |   in|   32|     ap_none|                     local_regs_V_71_reload|        scalar|
|local_regs_V_39_reload    |   in|   32|     ap_none|                     local_regs_V_39_reload|        scalar|
|local_regs_V_7_reload     |   in|   32|     ap_none|                      local_regs_V_7_reload|        scalar|
|local_regs_V_998_reload   |   in|   32|     ap_none|                    local_regs_V_998_reload|        scalar|
|local_regs_V_966_reload   |   in|   32|     ap_none|                    local_regs_V_966_reload|        scalar|
|local_regs_V_934_reload   |   in|   32|     ap_none|                    local_regs_V_934_reload|        scalar|
|local_regs_V_902_reload   |   in|   32|     ap_none|                    local_regs_V_902_reload|        scalar|
|local_regs_V_870_reload   |   in|   32|     ap_none|                    local_regs_V_870_reload|        scalar|
|local_regs_V_838_reload   |   in|   32|     ap_none|                    local_regs_V_838_reload|        scalar|
|local_regs_V_806_reload   |   in|   32|     ap_none|                    local_regs_V_806_reload|        scalar|
|local_regs_V_774_reload   |   in|   32|     ap_none|                    local_regs_V_774_reload|        scalar|
|local_regs_V_742_reload   |   in|   32|     ap_none|                    local_regs_V_742_reload|        scalar|
|local_regs_V_710_reload   |   in|   32|     ap_none|                    local_regs_V_710_reload|        scalar|
|local_regs_V_678_reload   |   in|   32|     ap_none|                    local_regs_V_678_reload|        scalar|
|local_regs_V_646_reload   |   in|   32|     ap_none|                    local_regs_V_646_reload|        scalar|
|local_regs_V_614_reload   |   in|   32|     ap_none|                    local_regs_V_614_reload|        scalar|
|local_regs_V_582_reload   |   in|   32|     ap_none|                    local_regs_V_582_reload|        scalar|
|local_regs_V_550_reload   |   in|   32|     ap_none|                    local_regs_V_550_reload|        scalar|
|local_regs_V_518_reload   |   in|   32|     ap_none|                    local_regs_V_518_reload|        scalar|
|local_regs_V_486_reload   |   in|   32|     ap_none|                    local_regs_V_486_reload|        scalar|
|local_regs_V_454_reload   |   in|   32|     ap_none|                    local_regs_V_454_reload|        scalar|
|local_regs_V_422_reload   |   in|   32|     ap_none|                    local_regs_V_422_reload|        scalar|
|local_regs_V_390_reload   |   in|   32|     ap_none|                    local_regs_V_390_reload|        scalar|
|local_regs_V_358_reload   |   in|   32|     ap_none|                    local_regs_V_358_reload|        scalar|
|local_regs_V_326_reload   |   in|   32|     ap_none|                    local_regs_V_326_reload|        scalar|
|local_regs_V_294_reload   |   in|   32|     ap_none|                    local_regs_V_294_reload|        scalar|
|local_regs_V_262_reload   |   in|   32|     ap_none|                    local_regs_V_262_reload|        scalar|
|local_regs_V_230_reload   |   in|   32|     ap_none|                    local_regs_V_230_reload|        scalar|
|local_regs_V_198_reload   |   in|   32|     ap_none|                    local_regs_V_198_reload|        scalar|
|local_regs_V_166_reload   |   in|   32|     ap_none|                    local_regs_V_166_reload|        scalar|
|local_regs_V_134_reload   |   in|   32|     ap_none|                    local_regs_V_134_reload|        scalar|
|local_regs_V_102_reload   |   in|   32|     ap_none|                    local_regs_V_102_reload|        scalar|
|local_regs_V_70_reload    |   in|   32|     ap_none|                     local_regs_V_70_reload|        scalar|
|local_regs_V_38_reload    |   in|   32|     ap_none|                     local_regs_V_38_reload|        scalar|
|local_regs_V_6_reload     |   in|   32|     ap_none|                      local_regs_V_6_reload|        scalar|
|local_regs_V_997_reload   |   in|   32|     ap_none|                    local_regs_V_997_reload|        scalar|
|local_regs_V_965_reload   |   in|   32|     ap_none|                    local_regs_V_965_reload|        scalar|
|local_regs_V_933_reload   |   in|   32|     ap_none|                    local_regs_V_933_reload|        scalar|
|local_regs_V_901_reload   |   in|   32|     ap_none|                    local_regs_V_901_reload|        scalar|
|local_regs_V_869_reload   |   in|   32|     ap_none|                    local_regs_V_869_reload|        scalar|
|local_regs_V_837_reload   |   in|   32|     ap_none|                    local_regs_V_837_reload|        scalar|
|local_regs_V_805_reload   |   in|   32|     ap_none|                    local_regs_V_805_reload|        scalar|
|local_regs_V_773_reload   |   in|   32|     ap_none|                    local_regs_V_773_reload|        scalar|
|local_regs_V_741_reload   |   in|   32|     ap_none|                    local_regs_V_741_reload|        scalar|
|local_regs_V_709_reload   |   in|   32|     ap_none|                    local_regs_V_709_reload|        scalar|
|local_regs_V_677_reload   |   in|   32|     ap_none|                    local_regs_V_677_reload|        scalar|
|local_regs_V_645_reload   |   in|   32|     ap_none|                    local_regs_V_645_reload|        scalar|
|local_regs_V_613_reload   |   in|   32|     ap_none|                    local_regs_V_613_reload|        scalar|
|local_regs_V_581_reload   |   in|   32|     ap_none|                    local_regs_V_581_reload|        scalar|
|local_regs_V_549_reload   |   in|   32|     ap_none|                    local_regs_V_549_reload|        scalar|
|local_regs_V_517_reload   |   in|   32|     ap_none|                    local_regs_V_517_reload|        scalar|
|local_regs_V_485_reload   |   in|   32|     ap_none|                    local_regs_V_485_reload|        scalar|
|local_regs_V_453_reload   |   in|   32|     ap_none|                    local_regs_V_453_reload|        scalar|
|local_regs_V_421_reload   |   in|   32|     ap_none|                    local_regs_V_421_reload|        scalar|
|local_regs_V_389_reload   |   in|   32|     ap_none|                    local_regs_V_389_reload|        scalar|
|local_regs_V_357_reload   |   in|   32|     ap_none|                    local_regs_V_357_reload|        scalar|
|local_regs_V_325_reload   |   in|   32|     ap_none|                    local_regs_V_325_reload|        scalar|
|local_regs_V_293_reload   |   in|   32|     ap_none|                    local_regs_V_293_reload|        scalar|
|local_regs_V_261_reload   |   in|   32|     ap_none|                    local_regs_V_261_reload|        scalar|
|local_regs_V_229_reload   |   in|   32|     ap_none|                    local_regs_V_229_reload|        scalar|
|local_regs_V_197_reload   |   in|   32|     ap_none|                    local_regs_V_197_reload|        scalar|
|local_regs_V_165_reload   |   in|   32|     ap_none|                    local_regs_V_165_reload|        scalar|
|local_regs_V_133_reload   |   in|   32|     ap_none|                    local_regs_V_133_reload|        scalar|
|local_regs_V_101_reload   |   in|   32|     ap_none|                    local_regs_V_101_reload|        scalar|
|local_regs_V_69_reload    |   in|   32|     ap_none|                     local_regs_V_69_reload|        scalar|
|local_regs_V_37_reload    |   in|   32|     ap_none|                     local_regs_V_37_reload|        scalar|
|local_regs_V_5_reload     |   in|   32|     ap_none|                      local_regs_V_5_reload|        scalar|
|local_regs_V_996_reload   |   in|   32|     ap_none|                    local_regs_V_996_reload|        scalar|
|local_regs_V_964_reload   |   in|   32|     ap_none|                    local_regs_V_964_reload|        scalar|
|local_regs_V_932_reload   |   in|   32|     ap_none|                    local_regs_V_932_reload|        scalar|
|local_regs_V_900_reload   |   in|   32|     ap_none|                    local_regs_V_900_reload|        scalar|
|local_regs_V_868_reload   |   in|   32|     ap_none|                    local_regs_V_868_reload|        scalar|
|local_regs_V_836_reload   |   in|   32|     ap_none|                    local_regs_V_836_reload|        scalar|
|local_regs_V_804_reload   |   in|   32|     ap_none|                    local_regs_V_804_reload|        scalar|
|local_regs_V_772_reload   |   in|   32|     ap_none|                    local_regs_V_772_reload|        scalar|
|local_regs_V_740_reload   |   in|   32|     ap_none|                    local_regs_V_740_reload|        scalar|
|local_regs_V_708_reload   |   in|   32|     ap_none|                    local_regs_V_708_reload|        scalar|
|local_regs_V_676_reload   |   in|   32|     ap_none|                    local_regs_V_676_reload|        scalar|
|local_regs_V_644_reload   |   in|   32|     ap_none|                    local_regs_V_644_reload|        scalar|
|local_regs_V_612_reload   |   in|   32|     ap_none|                    local_regs_V_612_reload|        scalar|
|local_regs_V_580_reload   |   in|   32|     ap_none|                    local_regs_V_580_reload|        scalar|
|local_regs_V_548_reload   |   in|   32|     ap_none|                    local_regs_V_548_reload|        scalar|
|local_regs_V_516_reload   |   in|   32|     ap_none|                    local_regs_V_516_reload|        scalar|
|local_regs_V_484_reload   |   in|   32|     ap_none|                    local_regs_V_484_reload|        scalar|
|local_regs_V_452_reload   |   in|   32|     ap_none|                    local_regs_V_452_reload|        scalar|
|local_regs_V_420_reload   |   in|   32|     ap_none|                    local_regs_V_420_reload|        scalar|
|local_regs_V_388_reload   |   in|   32|     ap_none|                    local_regs_V_388_reload|        scalar|
|local_regs_V_356_reload   |   in|   32|     ap_none|                    local_regs_V_356_reload|        scalar|
|local_regs_V_324_reload   |   in|   32|     ap_none|                    local_regs_V_324_reload|        scalar|
|local_regs_V_292_reload   |   in|   32|     ap_none|                    local_regs_V_292_reload|        scalar|
|local_regs_V_260_reload   |   in|   32|     ap_none|                    local_regs_V_260_reload|        scalar|
|local_regs_V_228_reload   |   in|   32|     ap_none|                    local_regs_V_228_reload|        scalar|
|local_regs_V_196_reload   |   in|   32|     ap_none|                    local_regs_V_196_reload|        scalar|
|local_regs_V_164_reload   |   in|   32|     ap_none|                    local_regs_V_164_reload|        scalar|
|local_regs_V_132_reload   |   in|   32|     ap_none|                    local_regs_V_132_reload|        scalar|
|local_regs_V_100_reload   |   in|   32|     ap_none|                    local_regs_V_100_reload|        scalar|
|local_regs_V_68_reload    |   in|   32|     ap_none|                     local_regs_V_68_reload|        scalar|
|local_regs_V_36_reload    |   in|   32|     ap_none|                     local_regs_V_36_reload|        scalar|
|local_regs_V_4_reload     |   in|   32|     ap_none|                      local_regs_V_4_reload|        scalar|
|local_regs_V_995_reload   |   in|   32|     ap_none|                    local_regs_V_995_reload|        scalar|
|local_regs_V_963_reload   |   in|   32|     ap_none|                    local_regs_V_963_reload|        scalar|
|local_regs_V_931_reload   |   in|   32|     ap_none|                    local_regs_V_931_reload|        scalar|
|local_regs_V_899_reload   |   in|   32|     ap_none|                    local_regs_V_899_reload|        scalar|
|local_regs_V_867_reload   |   in|   32|     ap_none|                    local_regs_V_867_reload|        scalar|
|local_regs_V_835_reload   |   in|   32|     ap_none|                    local_regs_V_835_reload|        scalar|
|local_regs_V_803_reload   |   in|   32|     ap_none|                    local_regs_V_803_reload|        scalar|
|local_regs_V_771_reload   |   in|   32|     ap_none|                    local_regs_V_771_reload|        scalar|
|local_regs_V_739_reload   |   in|   32|     ap_none|                    local_regs_V_739_reload|        scalar|
|local_regs_V_707_reload   |   in|   32|     ap_none|                    local_regs_V_707_reload|        scalar|
|local_regs_V_675_reload   |   in|   32|     ap_none|                    local_regs_V_675_reload|        scalar|
|local_regs_V_643_reload   |   in|   32|     ap_none|                    local_regs_V_643_reload|        scalar|
|local_regs_V_611_reload   |   in|   32|     ap_none|                    local_regs_V_611_reload|        scalar|
|local_regs_V_579_reload   |   in|   32|     ap_none|                    local_regs_V_579_reload|        scalar|
|local_regs_V_547_reload   |   in|   32|     ap_none|                    local_regs_V_547_reload|        scalar|
|local_regs_V_515_reload   |   in|   32|     ap_none|                    local_regs_V_515_reload|        scalar|
|local_regs_V_483_reload   |   in|   32|     ap_none|                    local_regs_V_483_reload|        scalar|
|local_regs_V_451_reload   |   in|   32|     ap_none|                    local_regs_V_451_reload|        scalar|
|local_regs_V_419_reload   |   in|   32|     ap_none|                    local_regs_V_419_reload|        scalar|
|local_regs_V_387_reload   |   in|   32|     ap_none|                    local_regs_V_387_reload|        scalar|
|local_regs_V_355_reload   |   in|   32|     ap_none|                    local_regs_V_355_reload|        scalar|
|local_regs_V_323_reload   |   in|   32|     ap_none|                    local_regs_V_323_reload|        scalar|
|local_regs_V_291_reload   |   in|   32|     ap_none|                    local_regs_V_291_reload|        scalar|
|local_regs_V_259_reload   |   in|   32|     ap_none|                    local_regs_V_259_reload|        scalar|
|local_regs_V_227_reload   |   in|   32|     ap_none|                    local_regs_V_227_reload|        scalar|
|local_regs_V_195_reload   |   in|   32|     ap_none|                    local_regs_V_195_reload|        scalar|
|local_regs_V_163_reload   |   in|   32|     ap_none|                    local_regs_V_163_reload|        scalar|
|local_regs_V_131_reload   |   in|   32|     ap_none|                    local_regs_V_131_reload|        scalar|
|local_regs_V_99_reload    |   in|   32|     ap_none|                     local_regs_V_99_reload|        scalar|
|local_regs_V_67_reload    |   in|   32|     ap_none|                     local_regs_V_67_reload|        scalar|
|local_regs_V_35_reload    |   in|   32|     ap_none|                     local_regs_V_35_reload|        scalar|
|local_regs_V_3_reload     |   in|   32|     ap_none|                      local_regs_V_3_reload|        scalar|
|local_regs_V_994_reload   |   in|   32|     ap_none|                    local_regs_V_994_reload|        scalar|
|local_regs_V_962_reload   |   in|   32|     ap_none|                    local_regs_V_962_reload|        scalar|
|local_regs_V_930_reload   |   in|   32|     ap_none|                    local_regs_V_930_reload|        scalar|
|local_regs_V_898_reload   |   in|   32|     ap_none|                    local_regs_V_898_reload|        scalar|
|local_regs_V_866_reload   |   in|   32|     ap_none|                    local_regs_V_866_reload|        scalar|
|local_regs_V_834_reload   |   in|   32|     ap_none|                    local_regs_V_834_reload|        scalar|
|local_regs_V_802_reload   |   in|   32|     ap_none|                    local_regs_V_802_reload|        scalar|
|local_regs_V_770_reload   |   in|   32|     ap_none|                    local_regs_V_770_reload|        scalar|
|local_regs_V_738_reload   |   in|   32|     ap_none|                    local_regs_V_738_reload|        scalar|
|local_regs_V_706_reload   |   in|   32|     ap_none|                    local_regs_V_706_reload|        scalar|
|local_regs_V_674_reload   |   in|   32|     ap_none|                    local_regs_V_674_reload|        scalar|
|local_regs_V_642_reload   |   in|   32|     ap_none|                    local_regs_V_642_reload|        scalar|
|local_regs_V_610_reload   |   in|   32|     ap_none|                    local_regs_V_610_reload|        scalar|
|local_regs_V_578_reload   |   in|   32|     ap_none|                    local_regs_V_578_reload|        scalar|
|local_regs_V_546_reload   |   in|   32|     ap_none|                    local_regs_V_546_reload|        scalar|
|local_regs_V_514_reload   |   in|   32|     ap_none|                    local_regs_V_514_reload|        scalar|
|local_regs_V_482_reload   |   in|   32|     ap_none|                    local_regs_V_482_reload|        scalar|
|local_regs_V_450_reload   |   in|   32|     ap_none|                    local_regs_V_450_reload|        scalar|
|local_regs_V_418_reload   |   in|   32|     ap_none|                    local_regs_V_418_reload|        scalar|
|local_regs_V_386_reload   |   in|   32|     ap_none|                    local_regs_V_386_reload|        scalar|
|local_regs_V_354_reload   |   in|   32|     ap_none|                    local_regs_V_354_reload|        scalar|
|local_regs_V_322_reload   |   in|   32|     ap_none|                    local_regs_V_322_reload|        scalar|
|local_regs_V_290_reload   |   in|   32|     ap_none|                    local_regs_V_290_reload|        scalar|
|local_regs_V_258_reload   |   in|   32|     ap_none|                    local_regs_V_258_reload|        scalar|
|local_regs_V_226_reload   |   in|   32|     ap_none|                    local_regs_V_226_reload|        scalar|
|local_regs_V_194_reload   |   in|   32|     ap_none|                    local_regs_V_194_reload|        scalar|
|local_regs_V_162_reload   |   in|   32|     ap_none|                    local_regs_V_162_reload|        scalar|
|local_regs_V_130_reload   |   in|   32|     ap_none|                    local_regs_V_130_reload|        scalar|
|local_regs_V_98_reload    |   in|   32|     ap_none|                     local_regs_V_98_reload|        scalar|
|local_regs_V_66_reload    |   in|   32|     ap_none|                     local_regs_V_66_reload|        scalar|
|local_regs_V_34_reload    |   in|   32|     ap_none|                     local_regs_V_34_reload|        scalar|
|local_regs_V_2_reload     |   in|   32|     ap_none|                      local_regs_V_2_reload|        scalar|
|local_regs_V_993_reload   |   in|   32|     ap_none|                    local_regs_V_993_reload|        scalar|
|local_regs_V_961_reload   |   in|   32|     ap_none|                    local_regs_V_961_reload|        scalar|
|local_regs_V_929_reload   |   in|   32|     ap_none|                    local_regs_V_929_reload|        scalar|
|local_regs_V_897_reload   |   in|   32|     ap_none|                    local_regs_V_897_reload|        scalar|
|local_regs_V_865_reload   |   in|   32|     ap_none|                    local_regs_V_865_reload|        scalar|
|local_regs_V_833_reload   |   in|   32|     ap_none|                    local_regs_V_833_reload|        scalar|
|local_regs_V_801_reload   |   in|   32|     ap_none|                    local_regs_V_801_reload|        scalar|
|local_regs_V_769_reload   |   in|   32|     ap_none|                    local_regs_V_769_reload|        scalar|
|local_regs_V_737_reload   |   in|   32|     ap_none|                    local_regs_V_737_reload|        scalar|
|local_regs_V_705_reload   |   in|   32|     ap_none|                    local_regs_V_705_reload|        scalar|
|local_regs_V_673_reload   |   in|   32|     ap_none|                    local_regs_V_673_reload|        scalar|
|local_regs_V_641_reload   |   in|   32|     ap_none|                    local_regs_V_641_reload|        scalar|
|local_regs_V_609_reload   |   in|   32|     ap_none|                    local_regs_V_609_reload|        scalar|
|local_regs_V_577_reload   |   in|   32|     ap_none|                    local_regs_V_577_reload|        scalar|
|local_regs_V_545_reload   |   in|   32|     ap_none|                    local_regs_V_545_reload|        scalar|
|local_regs_V_513_reload   |   in|   32|     ap_none|                    local_regs_V_513_reload|        scalar|
|local_regs_V_481_reload   |   in|   32|     ap_none|                    local_regs_V_481_reload|        scalar|
|local_regs_V_449_reload   |   in|   32|     ap_none|                    local_regs_V_449_reload|        scalar|
|local_regs_V_417_reload   |   in|   32|     ap_none|                    local_regs_V_417_reload|        scalar|
|local_regs_V_385_reload   |   in|   32|     ap_none|                    local_regs_V_385_reload|        scalar|
|local_regs_V_353_reload   |   in|   32|     ap_none|                    local_regs_V_353_reload|        scalar|
|local_regs_V_321_reload   |   in|   32|     ap_none|                    local_regs_V_321_reload|        scalar|
|local_regs_V_289_reload   |   in|   32|     ap_none|                    local_regs_V_289_reload|        scalar|
|local_regs_V_257_reload   |   in|   32|     ap_none|                    local_regs_V_257_reload|        scalar|
|local_regs_V_225_reload   |   in|   32|     ap_none|                    local_regs_V_225_reload|        scalar|
|local_regs_V_193_reload   |   in|   32|     ap_none|                    local_regs_V_193_reload|        scalar|
|local_regs_V_161_reload   |   in|   32|     ap_none|                    local_regs_V_161_reload|        scalar|
|local_regs_V_129_reload   |   in|   32|     ap_none|                    local_regs_V_129_reload|        scalar|
|local_regs_V_97_reload    |   in|   32|     ap_none|                     local_regs_V_97_reload|        scalar|
|local_regs_V_65_reload    |   in|   32|     ap_none|                     local_regs_V_65_reload|        scalar|
|local_regs_V_33_reload    |   in|   32|     ap_none|                     local_regs_V_33_reload|        scalar|
|local_regs_V_1_reload     |   in|   32|     ap_none|                      local_regs_V_1_reload|        scalar|
|local_regs_V_992_reload   |   in|   32|     ap_none|                    local_regs_V_992_reload|        scalar|
|local_regs_V_960_reload   |   in|   32|     ap_none|                    local_regs_V_960_reload|        scalar|
|local_regs_V_928_reload   |   in|   32|     ap_none|                    local_regs_V_928_reload|        scalar|
|local_regs_V_896_reload   |   in|   32|     ap_none|                    local_regs_V_896_reload|        scalar|
|local_regs_V_864_reload   |   in|   32|     ap_none|                    local_regs_V_864_reload|        scalar|
|local_regs_V_832_reload   |   in|   32|     ap_none|                    local_regs_V_832_reload|        scalar|
|local_regs_V_800_reload   |   in|   32|     ap_none|                    local_regs_V_800_reload|        scalar|
|local_regs_V_768_reload   |   in|   32|     ap_none|                    local_regs_V_768_reload|        scalar|
|local_regs_V_736_reload   |   in|   32|     ap_none|                    local_regs_V_736_reload|        scalar|
|local_regs_V_704_reload   |   in|   32|     ap_none|                    local_regs_V_704_reload|        scalar|
|local_regs_V_672_reload   |   in|   32|     ap_none|                    local_regs_V_672_reload|        scalar|
|local_regs_V_640_reload   |   in|   32|     ap_none|                    local_regs_V_640_reload|        scalar|
|local_regs_V_608_reload   |   in|   32|     ap_none|                    local_regs_V_608_reload|        scalar|
|local_regs_V_576_reload   |   in|   32|     ap_none|                    local_regs_V_576_reload|        scalar|
|local_regs_V_544_reload   |   in|   32|     ap_none|                    local_regs_V_544_reload|        scalar|
|local_regs_V_512_reload   |   in|   32|     ap_none|                    local_regs_V_512_reload|        scalar|
|local_regs_V_480_reload   |   in|   32|     ap_none|                    local_regs_V_480_reload|        scalar|
|local_regs_V_448_reload   |   in|   32|     ap_none|                    local_regs_V_448_reload|        scalar|
|local_regs_V_416_reload   |   in|   32|     ap_none|                    local_regs_V_416_reload|        scalar|
|local_regs_V_384_reload   |   in|   32|     ap_none|                    local_regs_V_384_reload|        scalar|
|local_regs_V_352_reload   |   in|   32|     ap_none|                    local_regs_V_352_reload|        scalar|
|local_regs_V_320_reload   |   in|   32|     ap_none|                    local_regs_V_320_reload|        scalar|
|local_regs_V_288_reload   |   in|   32|     ap_none|                    local_regs_V_288_reload|        scalar|
|local_regs_V_256_reload   |   in|   32|     ap_none|                    local_regs_V_256_reload|        scalar|
|local_regs_V_224_reload   |   in|   32|     ap_none|                    local_regs_V_224_reload|        scalar|
|local_regs_V_192_reload   |   in|   32|     ap_none|                    local_regs_V_192_reload|        scalar|
|local_regs_V_160_reload   |   in|   32|     ap_none|                    local_regs_V_160_reload|        scalar|
|local_regs_V_128_reload   |   in|   32|     ap_none|                    local_regs_V_128_reload|        scalar|
|local_regs_V_96_reload    |   in|   32|     ap_none|                     local_regs_V_96_reload|        scalar|
|local_regs_V_64_reload    |   in|   32|     ap_none|                     local_regs_V_64_reload|        scalar|
|local_regs_V_32_reload    |   in|   32|     ap_none|                     local_regs_V_32_reload|        scalar|
|local_regs_V_reload       |   in|   32|     ap_none|                        local_regs_V_reload|        scalar|
+--------------------------+-----+-----+------------+-------------------------------------------+--------------+

