

================================================================
== Vitis HLS Report for 'compute_systolic_Pipeline_Pulse'
================================================================
* Date:           Mon May 25 15:50:59 2026

* Version:        2022.2 (Build 3670227 on Oct 13 2022)
* Project:        SystolicArray
* Solution:       solution1 (Vivado IP Flow Target)
* Product family: zynq
* Target device:  xc7z020-clg400-1


================================================================
== Performance Estimates
================================================================
+ Timing: 
    * Summary: 
    +--------+----------+----------+------------+
    |  Clock |  Target  | Estimated| Uncertainty|
    +--------+----------+----------+------------+
    |ap_clk  |  10.00 ns|  4.943 ns|     2.70 ns|
    +--------+----------+----------+------------+

+ Latency: 
    * Summary: 
    +---------+---------+----------+----------+-----+-----+---------+
    |  Latency (cycles) |  Latency (absolute) |  Interval | Pipeline|
    |   min   |   max   |    min   |    max   | min | max |   Type  |
    +---------+---------+----------+----------+-----+-----+---------+
    |       37|       37|  0.370 us|  0.370 us|   37|   37|       no|
    +---------+---------+----------+----------+-----+-----+---------+

    + Detail: 
        * Instance: 
        N/A

        * Loop: 
        +----------+---------+---------+----------+-----------+-----------+------+----------+
        |          |  Latency (cycles) | Iteration|  Initiation Interval  | Trip |          |
        | Loop Name|   min   |   max   |  Latency |  achieved |   target  | Count| Pipelined|
        +----------+---------+---------+----------+-----------+-----------+------+----------+
        |- Pulse   |       35|       35|         5|          1|          1|    32|       yes|
        +----------+---------+---------+----------+-----------+-----------+------+----------+



================================================================
== Utilization Estimates
================================================================
* Summary: 
+-----------------+---------+------+--------+-------+-----+
|       Name      | BRAM_18K|  DSP |   FF   |  LUT  | URAM|
+-----------------+---------+------+--------+-------+-----+
|DSP              |        -|  1024|       -|      -|    -|
|Expression       |        -|     -|       0|  30426|    -|
|FIFO             |        -|     -|       -|      -|    -|
|Instance         |        -|     -|       -|      -|    -|
|Memory           |        -|     -|       -|      -|    -|
|Multiplexer      |        -|     -|       -|  18468|    -|
|Register         |        -|     -|   33104|     32|    -|
+-----------------+---------+------+--------+-------+-----+
|Total            |        0|  1024|   33104|  48926|    0|
+-----------------+---------+------+--------+-------+-----+
|Available        |      280|   220|  106400|  53200|    0|
+-----------------+---------+------+--------+-------+-----+
|Utilization (%)  |        0|   465|      31|     91|    0|
+-----------------+---------+------+--------+-------+-----+

+ Detail: 
    * Instance: 
    N/A

    * DSP: 
    +-----------------------------------+-----------------------------+--------------+
    |              Instance             |            Module           |  Expression  |
    +-----------------------------------+-----------------------------+--------------+
    |mac_muladd_8s_8s_32s_32_4_1_U1101  |mac_muladd_8s_8s_32s_32_4_1  |  i0 * i1 + i2|
    |mac_muladd_8s_8s_32s_32_4_1_U1102  |mac_muladd_8s_8s_32s_32_4_1  |  i0 * i1 + i2|
    |mac_muladd_8s_8s_32s_32_4_1_U1103  |mac_muladd_8s_8s_32s_32_4_1  |  i0 * i1 + i2|
    |mac_muladd_8s_8s_32s_32_4_1_U1104  |mac_muladd_8s_8s_32s_32_4_1  |  i0 * i1 + i2|
    |mac_muladd_8s_8s_32s_32_4_1_U1105  |mac_muladd_8s_8s_32s_32_4_1  |  i0 * i1 + i2|
    |mac_muladd_8s_8s_32s_32_4_1_U1106  |mac_muladd_8s_8s_32s_32_4_1  |  i0 * i1 + i2|
    |mac_muladd_8s_8s_32s_32_4_1_U1107  |mac_muladd_8s_8s_32s_32_4_1  |  i0 * i1 + i2|
    |mac_muladd_8s_8s_32s_32_4_1_U1108  |mac_muladd_8s_8s_32s_32_4_1  |  i0 * i1 + i2|
    |mac_muladd_8s_8s_32s_32_4_1_U1109  |mac_muladd_8s_8s_32s_32_4_1  |  i0 * i1 + i2|
    |mac_muladd_8s_8s_32s_32_4_1_U1110  |mac_muladd_8s_8s_32s_32_4_1  |  i0 * i1 + i2|
    |mac_muladd_8s_8s_32s_32_4_1_U1111  |mac_muladd_8s_8s_32s_32_4_1  |  i0 * i1 + i2|
    |mac_muladd_8s_8s_32s_32_4_1_U1112  |mac_muladd_8s_8s_32s_32_4_1  |  i0 * i1 + i2|
    |mac_muladd_8s_8s_32s_32_4_1_U1113  |mac_muladd_8s_8s_32s_32_4_1  |  i0 * i1 + i2|
    |mac_muladd_8s_8s_32s_32_4_1_U1114  |mac_muladd_8s_8s_32s_32_4_1  |  i0 * i1 + i2|
    |mac_muladd_8s_8s_32s_32_4_1_U1115  |mac_muladd_8s_8s_32s_32_4_1  |  i0 * i1 + i2|
    |mac_muladd_8s_8s_32s_32_4_1_U1116  |mac_muladd_8s_8s_32s_32_4_1  |  i0 * i1 + i2|
    |mac_muladd_8s_8s_32s_32_4_1_U1117  |mac_muladd_8s_8s_32s_32_4_1  |  i0 * i1 + i2|
    |mac_muladd_8s_8s_32s_32_4_1_U1118  |mac_muladd_8s_8s_32s_32_4_1  |  i0 * i1 + i2|
    |mac_muladd_8s_8s_32s_32_4_1_U1119  |mac_muladd_8s_8s_32s_32_4_1  |  i0 * i1 + i2|
    |mac_muladd_8s_8s_32s_32_4_1_U1120  |mac_muladd_8s_8s_32s_32_4_1  |  i0 * i1 + i2|
    |mac_muladd_8s_8s_32s_32_4_1_U1121  |mac_muladd_8s_8s_32s_32_4_1  |  i0 * i1 + i2|
    |mac_muladd_8s_8s_32s_32_4_1_U1122  |mac_muladd_8s_8s_32s_32_4_1  |  i0 * i1 + i2|
    |mac_muladd_8s_8s_32s_32_4_1_U1123  |mac_muladd_8s_8s_32s_32_4_1  |  i0 * i1 + i2|
    |mac_muladd_8s_8s_32s_32_4_1_U1124  |mac_muladd_8s_8s_32s_32_4_1  |  i0 * i1 + i2|
    |mac_muladd_8s_8s_32s_32_4_1_U1125  |mac_muladd_8s_8s_32s_32_4_1  |  i0 * i1 + i2|
    |mac_muladd_8s_8s_32s_32_4_1_U1126  |mac_muladd_8s_8s_32s_32_4_1  |  i0 * i1 + i2|
    |mac_muladd_8s_8s_32s_32_4_1_U1127  |mac_muladd_8s_8s_32s_32_4_1  |  i0 * i1 + i2|
    |mac_muladd_8s_8s_32s_32_4_1_U1128  |mac_muladd_8s_8s_32s_32_4_1  |  i0 * i1 + i2|
    |mac_muladd_8s_8s_32s_32_4_1_U1129  |mac_muladd_8s_8s_32s_32_4_1  |  i0 * i1 + i2|
    |mac_muladd_8s_8s_32s_32_4_1_U1130  |mac_muladd_8s_8s_32s_32_4_1  |  i0 * i1 + i2|
    |mac_muladd_8s_8s_32s_32_4_1_U1131  |mac_muladd_8s_8s_32s_32_4_1  |  i0 * i1 + i2|
    |mac_muladd_8s_8s_32s_32_4_1_U1132  |mac_muladd_8s_8s_32s_32_4_1  |  i0 * i1 + i2|
    |mac_muladd_8s_8s_32s_32_4_1_U1133  |mac_muladd_8s_8s_32s_32_4_1  |  i0 * i1 + i2|
    |mac_muladd_8s_8s_32s_32_4_1_U1134  |mac_muladd_8s_8s_32s_32_4_1  |  i0 * i1 + i2|
    |mac_muladd_8s_8s_32s_32_4_1_U1135  |mac_muladd_8s_8s_32s_32_4_1  |  i0 * i1 + i2|
    |mac_muladd_8s_8s_32s_32_4_1_U1136  |mac_muladd_8s_8s_32s_32_4_1  |  i0 * i1 + i2|
    |mac_muladd_8s_8s_32s_32_4_1_U1137  |mac_muladd_8s_8s_32s_32_4_1  |  i0 * i1 + i2|
    |mac_muladd_8s_8s_32s_32_4_1_U1138  |mac_muladd_8s_8s_32s_32_4_1  |  i0 * i1 + i2|
    |mac_muladd_8s_8s_32s_32_4_1_U1139  |mac_muladd_8s_8s_32s_32_4_1  |  i0 * i1 + i2|
    |mac_muladd_8s_8s_32s_32_4_1_U1140  |mac_muladd_8s_8s_32s_32_4_1  |  i0 * i1 + i2|
    |mac_muladd_8s_8s_32s_32_4_1_U1141  |mac_muladd_8s_8s_32s_32_4_1  |  i0 * i1 + i2|
    |mac_muladd_8s_8s_32s_32_4_1_U1142  |mac_muladd_8s_8s_32s_32_4_1  |  i0 * i1 + i2|
    |mac_muladd_8s_8s_32s_32_4_1_U1143  |mac_muladd_8s_8s_32s_32_4_1  |  i0 * i1 + i2|
    |mac_muladd_8s_8s_32s_32_4_1_U1144  |mac_muladd_8s_8s_32s_32_4_1  |  i0 * i1 + i2|
    |mac_muladd_8s_8s_32s_32_4_1_U1145  |mac_muladd_8s_8s_32s_32_4_1  |  i0 * i1 + i2|
    |mac_muladd_8s_8s_32s_32_4_1_U1146  |mac_muladd_8s_8s_32s_32_4_1  |  i0 * i1 + i2|
    |mac_muladd_8s_8s_32s_32_4_1_U1147  |mac_muladd_8s_8s_32s_32_4_1  |  i0 * i1 + i2|
    |mac_muladd_8s_8s_32s_32_4_1_U1148  |mac_muladd_8s_8s_32s_32_4_1  |  i0 * i1 + i2|
    |mac_muladd_8s_8s_32s_32_4_1_U1149  |mac_muladd_8s_8s_32s_32_4_1  |  i0 * i1 + i2|
    |mac_muladd_8s_8s_32s_32_4_1_U1150  |mac_muladd_8s_8s_32s_32_4_1  |  i0 * i1 + i2|
    |mac_muladd_8s_8s_32s_32_4_1_U1151  |mac_muladd_8s_8s_32s_32_4_1  |  i0 * i1 + i2|
    |mac_muladd_8s_8s_32s_32_4_1_U1152  |mac_muladd_8s_8s_32s_32_4_1  |  i0 * i1 + i2|
    |mac_muladd_8s_8s_32s_32_4_1_U1153  |mac_muladd_8s_8s_32s_32_4_1  |  i0 * i1 + i2|
    |mac_muladd_8s_8s_32s_32_4_1_U1154  |mac_muladd_8s_8s_32s_32_4_1  |  i0 * i1 + i2|
    |mac_muladd_8s_8s_32s_32_4_1_U1155  |mac_muladd_8s_8s_32s_32_4_1  |  i0 * i1 + i2|
    |mac_muladd_8s_8s_32s_32_4_1_U1156  |mac_muladd_8s_8s_32s_32_4_1  |  i0 * i1 + i2|
    |mac_muladd_8s_8s_32s_32_4_1_U1157  |mac_muladd_8s_8s_32s_32_4_1  |  i0 * i1 + i2|
    |mac_muladd_8s_8s_32s_32_4_1_U1158  |mac_muladd_8s_8s_32s_32_4_1  |  i0 * i1 + i2|
    |mac_muladd_8s_8s_32s_32_4_1_U1159  |mac_muladd_8s_8s_32s_32_4_1  |  i0 * i1 + i2|
    |mac_muladd_8s_8s_32s_32_4_1_U1160  |mac_muladd_8s_8s_32s_32_4_1  |  i0 * i1 + i2|
    |mac_muladd_8s_8s_32s_32_4_1_U1161  |mac_muladd_8s_8s_32s_32_4_1  |  i0 * i1 + i2|
    |mac_muladd_8s_8s_32s_32_4_1_U1162  |mac_muladd_8s_8s_32s_32_4_1  |  i0 * i1 + i2|
    |mac_muladd_8s_8s_32s_32_4_1_U1163  |mac_muladd_8s_8s_32s_32_4_1  |  i0 * i1 + i2|
    |mac_muladd_8s_8s_32s_32_4_1_U1164  |mac_muladd_8s_8s_32s_32_4_1  |  i0 * i1 + i2|
    |mac_muladd_8s_8s_32s_32_4_1_U1165  |mac_muladd_8s_8s_32s_32_4_1  |  i0 * i1 + i2|
    |mac_muladd_8s_8s_32s_32_4_1_U1166  |mac_muladd_8s_8s_32s_32_4_1  |  i0 * i1 + i2|
    |mac_muladd_8s_8s_32s_32_4_1_U1167  |mac_muladd_8s_8s_32s_32_4_1  |  i0 * i1 + i2|
    |mac_muladd_8s_8s_32s_32_4_1_U1168  |mac_muladd_8s_8s_32s_32_4_1  |  i0 * i1 + i2|
    |mac_muladd_8s_8s_32s_32_4_1_U1169  |mac_muladd_8s_8s_32s_32_4_1  |  i0 * i1 + i2|
    |mac_muladd_8s_8s_32s_32_4_1_U1170  |mac_muladd_8s_8s_32s_32_4_1  |  i0 * i1 + i2|
    |mac_muladd_8s_8s_32s_32_4_1_U1171  |mac_muladd_8s_8s_32s_32_4_1  |  i0 * i1 + i2|
    |mac_muladd_8s_8s_32s_32_4_1_U1172  |mac_muladd_8s_8s_32s_32_4_1  |  i0 * i1 + i2|
    |mac_muladd_8s_8s_32s_32_4_1_U1173  |mac_muladd_8s_8s_32s_32_4_1  |  i0 * i1 + i2|
    |mac_muladd_8s_8s_32s_32_4_1_U1174  |mac_muladd_8s_8s_32s_32_4_1  |  i0 * i1 + i2|
    |mac_muladd_8s_8s_32s_32_4_1_U1175  |mac_muladd_8s_8s_32s_32_4_1  |  i0 * i1 + i2|
    |mac_muladd_8s_8s_32s_32_4_1_U1176  |mac_muladd_8s_8s_32s_32_4_1  |  i0 * i1 + i2|
    |mac_muladd_8s_8s_32s_32_4_1_U1177  |mac_muladd_8s_8s_32s_32_4_1  |  i0 * i1 + i2|
    |mac_muladd_8s_8s_32s_32_4_1_U1178  |mac_muladd_8s_8s_32s_32_4_1  |  i0 * i1 + i2|
    |mac_muladd_8s_8s_32s_32_4_1_U1179  |mac_muladd_8s_8s_32s_32_4_1  |  i0 * i1 + i2|
    |mac_muladd_8s_8s_32s_32_4_1_U1180  |mac_muladd_8s_8s_32s_32_4_1  |  i0 * i1 + i2|
    |mac_muladd_8s_8s_32s_32_4_1_U1181  |mac_muladd_8s_8s_32s_32_4_1  |  i0 * i1 + i2|
    |mac_muladd_8s_8s_32s_32_4_1_U1182  |mac_muladd_8s_8s_32s_32_4_1  |  i0 * i1 + i2|
    |mac_muladd_8s_8s_32s_32_4_1_U1183  |mac_muladd_8s_8s_32s_32_4_1  |  i0 * i1 + i2|
    |mac_muladd_8s_8s_32s_32_4_1_U1184  |mac_muladd_8s_8s_32s_32_4_1  |  i0 * i1 + i2|
    |mac_muladd_8s_8s_32s_32_4_1_U1185  |mac_muladd_8s_8s_32s_32_4_1  |  i0 * i1 + i2|
    |mac_muladd_8s_8s_32s_32_4_1_U1186  |mac_muladd_8s_8s_32s_32_4_1  |  i0 * i1 + i2|
    |mac_muladd_8s_8s_32s_32_4_1_U1187  |mac_muladd_8s_8s_32s_32_4_1  |  i0 * i1 + i2|
    |mac_muladd_8s_8s_32s_32_4_1_U1188  |mac_muladd_8s_8s_32s_32_4_1  |  i0 * i1 + i2|
    |mac_muladd_8s_8s_32s_32_4_1_U1189  |mac_muladd_8s_8s_32s_32_4_1  |  i0 * i1 + i2|
    |mac_muladd_8s_8s_32s_32_4_1_U1190  |mac_muladd_8s_8s_32s_32_4_1  |  i0 * i1 + i2|
    |mac_muladd_8s_8s_32s_32_4_1_U1191  |mac_muladd_8s_8s_32s_32_4_1  |  i0 * i1 + i2|
    |mac_muladd_8s_8s_32s_32_4_1_U1192  |mac_muladd_8s_8s_32s_32_4_1  |  i0 * i1 + i2|
    |mac_muladd_8s_8s_32s_32_4_1_U1193  |mac_muladd_8s_8s_32s_32_4_1  |  i0 * i1 + i2|
    |mac_muladd_8s_8s_32s_32_4_1_U1194  |mac_muladd_8s_8s_32s_32_4_1  |  i0 * i1 + i2|
    |mac_muladd_8s_8s_32s_32_4_1_U1195  |mac_muladd_8s_8s_32s_32_4_1  |  i0 * i1 + i2|
    |mac_muladd_8s_8s_32s_32_4_1_U1196  |mac_muladd_8s_8s_32s_32_4_1  |  i0 * i1 + i2|
    |mac_muladd_8s_8s_32s_32_4_1_U1197  |mac_muladd_8s_8s_32s_32_4_1  |  i0 * i1 + i2|
    |mac_muladd_8s_8s_32s_32_4_1_U1198  |mac_muladd_8s_8s_32s_32_4_1  |  i0 * i1 + i2|
    |mac_muladd_8s_8s_32s_32_4_1_U1199  |mac_muladd_8s_8s_32s_32_4_1  |  i0 * i1 + i2|
    |mac_muladd_8s_8s_32s_32_4_1_U1200  |mac_muladd_8s_8s_32s_32_4_1  |  i0 * i1 + i2|
    |mac_muladd_8s_8s_32s_32_4_1_U1201  |mac_muladd_8s_8s_32s_32_4_1  |  i0 * i1 + i2|
    |mac_muladd_8s_8s_32s_32_4_1_U1202  |mac_muladd_8s_8s_32s_32_4_1  |  i0 * i1 + i2|
    |mac_muladd_8s_8s_32s_32_4_1_U1203  |mac_muladd_8s_8s_32s_32_4_1  |  i0 * i1 + i2|
    |mac_muladd_8s_8s_32s_32_4_1_U1204  |mac_muladd_8s_8s_32s_32_4_1  |  i0 * i1 + i2|
    |mac_muladd_8s_8s_32s_32_4_1_U1205  |mac_muladd_8s_8s_32s_32_4_1  |  i0 * i1 + i2|
    |mac_muladd_8s_8s_32s_32_4_1_U1206  |mac_muladd_8s_8s_32s_32_4_1  |  i0 * i1 + i2|
    |mac_muladd_8s_8s_32s_32_4_1_U1207  |mac_muladd_8s_8s_32s_32_4_1  |  i0 * i1 + i2|
    |mac_muladd_8s_8s_32s_32_4_1_U1208  |mac_muladd_8s_8s_32s_32_4_1  |  i0 * i1 + i2|
    |mac_muladd_8s_8s_32s_32_4_1_U1209  |mac_muladd_8s_8s_32s_32_4_1  |  i0 * i1 + i2|
    |mac_muladd_8s_8s_32s_32_4_1_U1210  |mac_muladd_8s_8s_32s_32_4_1  |  i0 * i1 + i2|
    |mac_muladd_8s_8s_32s_32_4_1_U1211  |mac_muladd_8s_8s_32s_32_4_1  |  i0 * i1 + i2|
    |mac_muladd_8s_8s_32s_32_4_1_U1212  |mac_muladd_8s_8s_32s_32_4_1  |  i0 * i1 + i2|
    |mac_muladd_8s_8s_32s_32_4_1_U1213  |mac_muladd_8s_8s_32s_32_4_1  |  i0 * i1 + i2|
    |mac_muladd_8s_8s_32s_32_4_1_U1214  |mac_muladd_8s_8s_32s_32_4_1  |  i0 * i1 + i2|
    |mac_muladd_8s_8s_32s_32_4_1_U1215  |mac_muladd_8s_8s_32s_32_4_1  |  i0 * i1 + i2|
    |mac_muladd_8s_8s_32s_32_4_1_U1216  |mac_muladd_8s_8s_32s_32_4_1  |  i0 * i1 + i2|
    |mac_muladd_8s_8s_32s_32_4_1_U1217  |mac_muladd_8s_8s_32s_32_4_1  |  i0 * i1 + i2|
    |mac_muladd_8s_8s_32s_32_4_1_U1218  |mac_muladd_8s_8s_32s_32_4_1  |  i0 * i1 + i2|
    |mac_muladd_8s_8s_32s_32_4_1_U1219  |mac_muladd_8s_8s_32s_32_4_1  |  i0 * i1 + i2|
    |mac_muladd_8s_8s_32s_32_4_1_U1220  |mac_muladd_8s_8s_32s_32_4_1  |  i0 * i1 + i2|
    |mac_muladd_8s_8s_32s_32_4_1_U1221  |mac_muladd_8s_8s_32s_32_4_1  |  i0 * i1 + i2|
    |mac_muladd_8s_8s_32s_32_4_1_U1222  |mac_muladd_8s_8s_32s_32_4_1  |  i0 * i1 + i2|
    |mac_muladd_8s_8s_32s_32_4_1_U1223  |mac_muladd_8s_8s_32s_32_4_1  |  i0 * i1 + i2|
    |mac_muladd_8s_8s_32s_32_4_1_U1224  |mac_muladd_8s_8s_32s_32_4_1  |  i0 * i1 + i2|
    |mac_muladd_8s_8s_32s_32_4_1_U1225  |mac_muladd_8s_8s_32s_32_4_1  |  i0 * i1 + i2|
    |mac_muladd_8s_8s_32s_32_4_1_U1226  |mac_muladd_8s_8s_32s_32_4_1  |  i0 * i1 + i2|
    |mac_muladd_8s_8s_32s_32_4_1_U1227  |mac_muladd_8s_8s_32s_32_4_1  |  i0 * i1 + i2|
    |mac_muladd_8s_8s_32s_32_4_1_U1228  |mac_muladd_8s_8s_32s_32_4_1  |  i0 * i1 + i2|
    |mac_muladd_8s_8s_32s_32_4_1_U1229  |mac_muladd_8s_8s_32s_32_4_1  |  i0 * i1 + i2|
    |mac_muladd_8s_8s_32s_32_4_1_U1230  |mac_muladd_8s_8s_32s_32_4_1  |  i0 * i1 + i2|
    |mac_muladd_8s_8s_32s_32_4_1_U1231  |mac_muladd_8s_8s_32s_32_4_1  |  i0 * i1 + i2|
    |mac_muladd_8s_8s_32s_32_4_1_U1232  |mac_muladd_8s_8s_32s_32_4_1  |  i0 * i1 + i2|
    |mac_muladd_8s_8s_32s_32_4_1_U1233  |mac_muladd_8s_8s_32s_32_4_1  |  i0 * i1 + i2|
    |mac_muladd_8s_8s_32s_32_4_1_U1234  |mac_muladd_8s_8s_32s_32_4_1  |  i0 * i1 + i2|
    |mac_muladd_8s_8s_32s_32_4_1_U1235  |mac_muladd_8s_8s_32s_32_4_1  |  i0 * i1 + i2|
    |mac_muladd_8s_8s_32s_32_4_1_U1236  |mac_muladd_8s_8s_32s_32_4_1  |  i0 * i1 + i2|
    |mac_muladd_8s_8s_32s_32_4_1_U1237  |mac_muladd_8s_8s_32s_32_4_1  |  i0 * i1 + i2|
    |mac_muladd_8s_8s_32s_32_4_1_U1238  |mac_muladd_8s_8s_32s_32_4_1  |  i0 * i1 + i2|
    |mac_muladd_8s_8s_32s_32_4_1_U1239  |mac_muladd_8s_8s_32s_32_4_1  |  i0 * i1 + i2|
    |mac_muladd_8s_8s_32s_32_4_1_U1240  |mac_muladd_8s_8s_32s_32_4_1  |  i0 * i1 + i2|
    |mac_muladd_8s_8s_32s_32_4_1_U1241  |mac_muladd_8s_8s_32s_32_4_1  |  i0 * i1 + i2|
    |mac_muladd_8s_8s_32s_32_4_1_U1242  |mac_muladd_8s_8s_32s_32_4_1  |  i0 * i1 + i2|
    |mac_muladd_8s_8s_32s_32_4_1_U1243  |mac_muladd_8s_8s_32s_32_4_1  |  i0 * i1 + i2|
    |mac_muladd_8s_8s_32s_32_4_1_U1244  |mac_muladd_8s_8s_32s_32_4_1  |  i0 * i1 + i2|
    |mac_muladd_8s_8s_32s_32_4_1_U1245  |mac_muladd_8s_8s_32s_32_4_1  |  i0 * i1 + i2|
    |mac_muladd_8s_8s_32s_32_4_1_U1246  |mac_muladd_8s_8s_32s_32_4_1  |  i0 * i1 + i2|
    |mac_muladd_8s_8s_32s_32_4_1_U1247  |mac_muladd_8s_8s_32s_32_4_1  |  i0 * i1 + i2|
    |mac_muladd_8s_8s_32s_32_4_1_U1248  |mac_muladd_8s_8s_32s_32_4_1  |  i0 * i1 + i2|
    |mac_muladd_8s_8s_32s_32_4_1_U1249  |mac_muladd_8s_8s_32s_32_4_1  |  i0 * i1 + i2|
    |mac_muladd_8s_8s_32s_32_4_1_U1250  |mac_muladd_8s_8s_32s_32_4_1  |  i0 * i1 + i2|
    |mac_muladd_8s_8s_32s_32_4_1_U1251  |mac_muladd_8s_8s_32s_32_4_1  |  i0 * i1 + i2|
    |mac_muladd_8s_8s_32s_32_4_1_U1252  |mac_muladd_8s_8s_32s_32_4_1  |  i0 * i1 + i2|
    |mac_muladd_8s_8s_32s_32_4_1_U1253  |mac_muladd_8s_8s_32s_32_4_1  |  i0 * i1 + i2|
    |mac_muladd_8s_8s_32s_32_4_1_U1254  |mac_muladd_8s_8s_32s_32_4_1  |  i0 * i1 + i2|
    |mac_muladd_8s_8s_32s_32_4_1_U1255  |mac_muladd_8s_8s_32s_32_4_1  |  i0 * i1 + i2|
    |mac_muladd_8s_8s_32s_32_4_1_U1256  |mac_muladd_8s_8s_32s_32_4_1  |  i0 * i1 + i2|
    |mac_muladd_8s_8s_32s_32_4_1_U1257  |mac_muladd_8s_8s_32s_32_4_1  |  i0 * i1 + i2|
    |mac_muladd_8s_8s_32s_32_4_1_U1258  |mac_muladd_8s_8s_32s_32_4_1  |  i0 * i1 + i2|
    |mac_muladd_8s_8s_32s_32_4_1_U1259  |mac_muladd_8s_8s_32s_32_4_1  |  i0 * i1 + i2|
    |mac_muladd_8s_8s_32s_32_4_1_U1260  |mac_muladd_8s_8s_32s_32_4_1  |  i0 * i1 + i2|
    |mac_muladd_8s_8s_32s_32_4_1_U1261  |mac_muladd_8s_8s_32s_32_4_1  |  i0 * i1 + i2|
    |mac_muladd_8s_8s_32s_32_4_1_U1262  |mac_muladd_8s_8s_32s_32_4_1  |  i0 * i1 + i2|
    |mac_muladd_8s_8s_32s_32_4_1_U1263  |mac_muladd_8s_8s_32s_32_4_1  |  i0 * i1 + i2|
    |mac_muladd_8s_8s_32s_32_4_1_U1264  |mac_muladd_8s_8s_32s_32_4_1  |  i0 * i1 + i2|
    |mac_muladd_8s_8s_32s_32_4_1_U1265  |mac_muladd_8s_8s_32s_32_4_1  |  i0 * i1 + i2|
    |mac_muladd_8s_8s_32s_32_4_1_U1266  |mac_muladd_8s_8s_32s_32_4_1  |  i0 * i1 + i2|
    |mac_muladd_8s_8s_32s_32_4_1_U1267  |mac_muladd_8s_8s_32s_32_4_1  |  i0 * i1 + i2|
    |mac_muladd_8s_8s_32s_32_4_1_U1268  |mac_muladd_8s_8s_32s_32_4_1  |  i0 * i1 + i2|
    |mac_muladd_8s_8s_32s_32_4_1_U1269  |mac_muladd_8s_8s_32s_32_4_1  |  i0 * i1 + i2|
    |mac_muladd_8s_8s_32s_32_4_1_U1270  |mac_muladd_8s_8s_32s_32_4_1  |  i0 * i1 + i2|
    |mac_muladd_8s_8s_32s_32_4_1_U1271  |mac_muladd_8s_8s_32s_32_4_1  |  i0 * i1 + i2|
    |mac_muladd_8s_8s_32s_32_4_1_U1272  |mac_muladd_8s_8s_32s_32_4_1  |  i0 * i1 + i2|
    |mac_muladd_8s_8s_32s_32_4_1_U1273  |mac_muladd_8s_8s_32s_32_4_1  |  i0 * i1 + i2|
    |mac_muladd_8s_8s_32s_32_4_1_U1274  |mac_muladd_8s_8s_32s_32_4_1  |  i0 * i1 + i2|
    |mac_muladd_8s_8s_32s_32_4_1_U1275  |mac_muladd_8s_8s_32s_32_4_1  |  i0 * i1 + i2|
    |mac_muladd_8s_8s_32s_32_4_1_U1276  |mac_muladd_8s_8s_32s_32_4_1  |  i0 * i1 + i2|
    |mac_muladd_8s_8s_32s_32_4_1_U1277  |mac_muladd_8s_8s_32s_32_4_1  |  i0 * i1 + i2|
    |mac_muladd_8s_8s_32s_32_4_1_U1278  |mac_muladd_8s_8s_32s_32_4_1  |  i0 * i1 + i2|
    |mac_muladd_8s_8s_32s_32_4_1_U1279  |mac_muladd_8s_8s_32s_32_4_1  |  i0 * i1 + i2|
    |mac_muladd_8s_8s_32s_32_4_1_U1280  |mac_muladd_8s_8s_32s_32_4_1  |  i0 * i1 + i2|
    |mac_muladd_8s_8s_32s_32_4_1_U1281  |mac_muladd_8s_8s_32s_32_4_1  |  i0 * i1 + i2|
    |mac_muladd_8s_8s_32s_32_4_1_U1282  |mac_muladd_8s_8s_32s_32_4_1  |  i0 * i1 + i2|
    |mac_muladd_8s_8s_32s_32_4_1_U1283  |mac_muladd_8s_8s_32s_32_4_1  |  i0 * i1 + i2|
    |mac_muladd_8s_8s_32s_32_4_1_U1284  |mac_muladd_8s_8s_32s_32_4_1  |  i0 * i1 + i2|
    |mac_muladd_8s_8s_32s_32_4_1_U1285  |mac_muladd_8s_8s_32s_32_4_1  |  i0 * i1 + i2|
    |mac_muladd_8s_8s_32s_32_4_1_U1286  |mac_muladd_8s_8s_32s_32_4_1  |  i0 * i1 + i2|
    |mac_muladd_8s_8s_32s_32_4_1_U1287  |mac_muladd_8s_8s_32s_32_4_1  |  i0 * i1 + i2|
    |mac_muladd_8s_8s_32s_32_4_1_U1288  |mac_muladd_8s_8s_32s_32_4_1  |  i0 * i1 + i2|
    |mac_muladd_8s_8s_32s_32_4_1_U1289  |mac_muladd_8s_8s_32s_32_4_1  |  i0 * i1 + i2|
    |mac_muladd_8s_8s_32s_32_4_1_U1290  |mac_muladd_8s_8s_32s_32_4_1  |  i0 * i1 + i2|
    |mac_muladd_8s_8s_32s_32_4_1_U1291  |mac_muladd_8s_8s_32s_32_4_1  |  i0 * i1 + i2|
    |mac_muladd_8s_8s_32s_32_4_1_U1292  |mac_muladd_8s_8s_32s_32_4_1  |  i0 * i1 + i2|
    |mac_muladd_8s_8s_32s_32_4_1_U1293  |mac_muladd_8s_8s_32s_32_4_1  |  i0 * i1 + i2|
    |mac_muladd_8s_8s_32s_32_4_1_U1294  |mac_muladd_8s_8s_32s_32_4_1  |  i0 * i1 + i2|
    |mac_muladd_8s_8s_32s_32_4_1_U1295  |mac_muladd_8s_8s_32s_32_4_1  |  i0 * i1 + i2|
    |mac_muladd_8s_8s_32s_32_4_1_U1296  |mac_muladd_8s_8s_32s_32_4_1  |  i0 * i1 + i2|
    |mac_muladd_8s_8s_32s_32_4_1_U1297  |mac_muladd_8s_8s_32s_32_4_1  |  i0 * i1 + i2|
    |mac_muladd_8s_8s_32s_32_4_1_U1298  |mac_muladd_8s_8s_32s_32_4_1  |  i0 * i1 + i2|
    |mac_muladd_8s_8s_32s_32_4_1_U1299  |mac_muladd_8s_8s_32s_32_4_1  |  i0 * i1 + i2|
    |mac_muladd_8s_8s_32s_32_4_1_U1300  |mac_muladd_8s_8s_32s_32_4_1  |  i0 * i1 + i2|
    |mac_muladd_8s_8s_32s_32_4_1_U1301  |mac_muladd_8s_8s_32s_32_4_1  |  i0 * i1 + i2|
    |mac_muladd_8s_8s_32s_32_4_1_U1302  |mac_muladd_8s_8s_32s_32_4_1  |  i0 * i1 + i2|
    |mac_muladd_8s_8s_32s_32_4_1_U1303  |mac_muladd_8s_8s_32s_32_4_1  |  i0 * i1 + i2|
    |mac_muladd_8s_8s_32s_32_4_1_U1304  |mac_muladd_8s_8s_32s_32_4_1  |  i0 * i1 + i2|
    |mac_muladd_8s_8s_32s_32_4_1_U1305  |mac_muladd_8s_8s_32s_32_4_1  |  i0 * i1 + i2|
    |mac_muladd_8s_8s_32s_32_4_1_U1306  |mac_muladd_8s_8s_32s_32_4_1  |  i0 * i1 + i2|
    |mac_muladd_8s_8s_32s_32_4_1_U1307  |mac_muladd_8s_8s_32s_32_4_1  |  i0 * i1 + i2|
    |mac_muladd_8s_8s_32s_32_4_1_U1308  |mac_muladd_8s_8s_32s_32_4_1  |  i0 * i1 + i2|
    |mac_muladd_8s_8s_32s_32_4_1_U1309  |mac_muladd_8s_8s_32s_32_4_1  |  i0 * i1 + i2|
    |mac_muladd_8s_8s_32s_32_4_1_U1310  |mac_muladd_8s_8s_32s_32_4_1  |  i0 * i1 + i2|
    |mac_muladd_8s_8s_32s_32_4_1_U1311  |mac_muladd_8s_8s_32s_32_4_1  |  i0 * i1 + i2|
    |mac_muladd_8s_8s_32s_32_4_1_U1312  |mac_muladd_8s_8s_32s_32_4_1  |  i0 * i1 + i2|
    |mac_muladd_8s_8s_32s_32_4_1_U1313  |mac_muladd_8s_8s_32s_32_4_1  |  i0 * i1 + i2|
    |mac_muladd_8s_8s_32s_32_4_1_U1314  |mac_muladd_8s_8s_32s_32_4_1  |  i0 * i1 + i2|
    |mac_muladd_8s_8s_32s_32_4_1_U1315  |mac_muladd_8s_8s_32s_32_4_1  |  i0 * i1 + i2|
    |mac_muladd_8s_8s_32s_32_4_1_U1316  |mac_muladd_8s_8s_32s_32_4_1  |  i0 * i1 + i2|
    |mac_muladd_8s_8s_32s_32_4_1_U1317  |mac_muladd_8s_8s_32s_32_4_1  |  i0 * i1 + i2|
    |mac_muladd_8s_8s_32s_32_4_1_U1318  |mac_muladd_8s_8s_32s_32_4_1  |  i0 * i1 + i2|
    |mac_muladd_8s_8s_32s_32_4_1_U1319  |mac_muladd_8s_8s_32s_32_4_1  |  i0 * i1 + i2|
    |mac_muladd_8s_8s_32s_32_4_1_U1320  |mac_muladd_8s_8s_32s_32_4_1  |  i0 * i1 + i2|
    |mac_muladd_8s_8s_32s_32_4_1_U1321  |mac_muladd_8s_8s_32s_32_4_1  |  i0 * i1 + i2|
    |mac_muladd_8s_8s_32s_32_4_1_U1322  |mac_muladd_8s_8s_32s_32_4_1  |  i0 * i1 + i2|
    |mac_muladd_8s_8s_32s_32_4_1_U1323  |mac_muladd_8s_8s_32s_32_4_1  |  i0 * i1 + i2|
    |mac_muladd_8s_8s_32s_32_4_1_U1324  |mac_muladd_8s_8s_32s_32_4_1  |  i0 * i1 + i2|
    |mac_muladd_8s_8s_32s_32_4_1_U1325  |mac_muladd_8s_8s_32s_32_4_1  |  i0 * i1 + i2|
    |mac_muladd_8s_8s_32s_32_4_1_U1326  |mac_muladd_8s_8s_32s_32_4_1  |  i0 * i1 + i2|
    |mac_muladd_8s_8s_32s_32_4_1_U1327  |mac_muladd_8s_8s_32s_32_4_1  |  i0 * i1 + i2|
    |mac_muladd_8s_8s_32s_32_4_1_U1328  |mac_muladd_8s_8s_32s_32_4_1  |  i0 * i1 + i2|
    |mac_muladd_8s_8s_32s_32_4_1_U1329  |mac_muladd_8s_8s_32s_32_4_1  |  i0 * i1 + i2|
    |mac_muladd_8s_8s_32s_32_4_1_U1330  |mac_muladd_8s_8s_32s_32_4_1  |  i0 * i1 + i2|
    |mac_muladd_8s_8s_32s_32_4_1_U1331  |mac_muladd_8s_8s_32s_32_4_1  |  i0 * i1 + i2|
    |mac_muladd_8s_8s_32s_32_4_1_U1332  |mac_muladd_8s_8s_32s_32_4_1  |  i0 * i1 + i2|
    |mac_muladd_8s_8s_32s_32_4_1_U1333  |mac_muladd_8s_8s_32s_32_4_1  |  i0 * i1 + i2|
    |mac_muladd_8s_8s_32s_32_4_1_U1334  |mac_muladd_8s_8s_32s_32_4_1  |  i0 * i1 + i2|
    |mac_muladd_8s_8s_32s_32_4_1_U1335  |mac_muladd_8s_8s_32s_32_4_1  |  i0 * i1 + i2|
    |mac_muladd_8s_8s_32s_32_4_1_U1336  |mac_muladd_8s_8s_32s_32_4_1  |  i0 * i1 + i2|
    |mac_muladd_8s_8s_32s_32_4_1_U1337  |mac_muladd_8s_8s_32s_32_4_1  |  i0 * i1 + i2|
    |mac_muladd_8s_8s_32s_32_4_1_U1338  |mac_muladd_8s_8s_32s_32_4_1  |  i0 * i1 + i2|
    |mac_muladd_8s_8s_32s_32_4_1_U1339  |mac_muladd_8s_8s_32s_32_4_1  |  i0 * i1 + i2|
    |mac_muladd_8s_8s_32s_32_4_1_U1340  |mac_muladd_8s_8s_32s_32_4_1  |  i0 * i1 + i2|
    |mac_muladd_8s_8s_32s_32_4_1_U1341  |mac_muladd_8s_8s_32s_32_4_1  |  i0 * i1 + i2|
    |mac_muladd_8s_8s_32s_32_4_1_U1342  |mac_muladd_8s_8s_32s_32_4_1  |  i0 * i1 + i2|
    |mac_muladd_8s_8s_32s_32_4_1_U1343  |mac_muladd_8s_8s_32s_32_4_1  |  i0 * i1 + i2|
    |mac_muladd_8s_8s_32s_32_4_1_U1344  |mac_muladd_8s_8s_32s_32_4_1  |  i0 * i1 + i2|
    |mac_muladd_8s_8s_32s_32_4_1_U1345  |mac_muladd_8s_8s_32s_32_4_1  |  i0 * i1 + i2|
    |mac_muladd_8s_8s_32s_32_4_1_U1346  |mac_muladd_8s_8s_32s_32_4_1  |  i0 * i1 + i2|
    |mac_muladd_8s_8s_32s_32_4_1_U1347  |mac_muladd_8s_8s_32s_32_4_1  |  i0 * i1 + i2|
    |mac_muladd_8s_8s_32s_32_4_1_U1348  |mac_muladd_8s_8s_32s_32_4_1  |  i0 * i1 + i2|
    |mac_muladd_8s_8s_32s_32_4_1_U1349  |mac_muladd_8s_8s_32s_32_4_1  |  i0 * i1 + i2|
    |mac_muladd_8s_8s_32s_32_4_1_U1350  |mac_muladd_8s_8s_32s_32_4_1  |  i0 * i1 + i2|
    |mac_muladd_8s_8s_32s_32_4_1_U1351  |mac_muladd_8s_8s_32s_32_4_1  |  i0 * i1 + i2|
    |mac_muladd_8s_8s_32s_32_4_1_U1352  |mac_muladd_8s_8s_32s_32_4_1  |  i0 * i1 + i2|
    |mac_muladd_8s_8s_32s_32_4_1_U1353  |mac_muladd_8s_8s_32s_32_4_1  |  i0 * i1 + i2|
    |mac_muladd_8s_8s_32s_32_4_1_U1354  |mac_muladd_8s_8s_32s_32_4_1  |  i0 * i1 + i2|
    |mac_muladd_8s_8s_32s_32_4_1_U1355  |mac_muladd_8s_8s_32s_32_4_1  |  i0 * i1 + i2|
    |mac_muladd_8s_8s_32s_32_4_1_U1356  |mac_muladd_8s_8s_32s_32_4_1  |  i0 * i1 + i2|
    |mac_muladd_8s_8s_32s_32_4_1_U1357  |mac_muladd_8s_8s_32s_32_4_1  |  i0 * i1 + i2|
    |mac_muladd_8s_8s_32s_32_4_1_U1358  |mac_muladd_8s_8s_32s_32_4_1  |  i0 * i1 + i2|
    |mac_muladd_8s_8s_32s_32_4_1_U1359  |mac_muladd_8s_8s_32s_32_4_1  |  i0 * i1 + i2|
    |mac_muladd_8s_8s_32s_32_4_1_U1360  |mac_muladd_8s_8s_32s_32_4_1  |  i0 * i1 + i2|
    |mac_muladd_8s_8s_32s_32_4_1_U1361  |mac_muladd_8s_8s_32s_32_4_1  |  i0 * i1 + i2|
    |mac_muladd_8s_8s_32s_32_4_1_U1362  |mac_muladd_8s_8s_32s_32_4_1  |  i0 * i1 + i2|
    |mac_muladd_8s_8s_32s_32_4_1_U1363  |mac_muladd_8s_8s_32s_32_4_1  |  i0 * i1 + i2|
    |mac_muladd_8s_8s_32s_32_4_1_U1364  |mac_muladd_8s_8s_32s_32_4_1  |  i0 * i1 + i2|
    |mac_muladd_8s_8s_32s_32_4_1_U1365  |mac_muladd_8s_8s_32s_32_4_1  |  i0 * i1 + i2|
    |mac_muladd_8s_8s_32s_32_4_1_U1366  |mac_muladd_8s_8s_32s_32_4_1  |  i0 * i1 + i2|
    |mac_muladd_8s_8s_32s_32_4_1_U1367  |mac_muladd_8s_8s_32s_32_4_1  |  i0 * i1 + i2|
    |mac_muladd_8s_8s_32s_32_4_1_U1368  |mac_muladd_8s_8s_32s_32_4_1  |  i0 * i1 + i2|
    |mac_muladd_8s_8s_32s_32_4_1_U1369  |mac_muladd_8s_8s_32s_32_4_1  |  i0 * i1 + i2|
    |mac_muladd_8s_8s_32s_32_4_1_U1370  |mac_muladd_8s_8s_32s_32_4_1  |  i0 * i1 + i2|
    |mac_muladd_8s_8s_32s_32_4_1_U1371  |mac_muladd_8s_8s_32s_32_4_1  |  i0 * i1 + i2|
    |mac_muladd_8s_8s_32s_32_4_1_U1372  |mac_muladd_8s_8s_32s_32_4_1  |  i0 * i1 + i2|
    |mac_muladd_8s_8s_32s_32_4_1_U1373  |mac_muladd_8s_8s_32s_32_4_1  |  i0 * i1 + i2|
    |mac_muladd_8s_8s_32s_32_4_1_U1374  |mac_muladd_8s_8s_32s_32_4_1  |  i0 * i1 + i2|
    |mac_muladd_8s_8s_32s_32_4_1_U1375  |mac_muladd_8s_8s_32s_32_4_1  |  i0 * i1 + i2|
    |mac_muladd_8s_8s_32s_32_4_1_U1376  |mac_muladd_8s_8s_32s_32_4_1  |  i0 * i1 + i2|
    |mac_muladd_8s_8s_32s_32_4_1_U1377  |mac_muladd_8s_8s_32s_32_4_1  |  i0 * i1 + i2|
    |mac_muladd_8s_8s_32s_32_4_1_U1378  |mac_muladd_8s_8s_32s_32_4_1  |  i0 * i1 + i2|
    |mac_muladd_8s_8s_32s_32_4_1_U1379  |mac_muladd_8s_8s_32s_32_4_1  |  i0 * i1 + i2|
    |mac_muladd_8s_8s_32s_32_4_1_U1380  |mac_muladd_8s_8s_32s_32_4_1  |  i0 * i1 + i2|
    |mac_muladd_8s_8s_32s_32_4_1_U1381  |mac_muladd_8s_8s_32s_32_4_1  |  i0 * i1 + i2|
    |mac_muladd_8s_8s_32s_32_4_1_U1382  |mac_muladd_8s_8s_32s_32_4_1  |  i0 * i1 + i2|
    |mac_muladd_8s_8s_32s_32_4_1_U1383  |mac_muladd_8s_8s_32s_32_4_1  |  i0 * i1 + i2|
    |mac_muladd_8s_8s_32s_32_4_1_U1384  |mac_muladd_8s_8s_32s_32_4_1  |  i0 * i1 + i2|
    |mac_muladd_8s_8s_32s_32_4_1_U1385  |mac_muladd_8s_8s_32s_32_4_1  |  i0 * i1 + i2|
    |mac_muladd_8s_8s_32s_32_4_1_U1386  |mac_muladd_8s_8s_32s_32_4_1  |  i0 * i1 + i2|
    |mac_muladd_8s_8s_32s_32_4_1_U1387  |mac_muladd_8s_8s_32s_32_4_1  |  i0 * i1 + i2|
    |mac_muladd_8s_8s_32s_32_4_1_U1388  |mac_muladd_8s_8s_32s_32_4_1  |  i0 * i1 + i2|
    |mac_muladd_8s_8s_32s_32_4_1_U1389  |mac_muladd_8s_8s_32s_32_4_1  |  i0 * i1 + i2|
    |mac_muladd_8s_8s_32s_32_4_1_U1390  |mac_muladd_8s_8s_32s_32_4_1  |  i0 * i1 + i2|
    |mac_muladd_8s_8s_32s_32_4_1_U1391  |mac_muladd_8s_8s_32s_32_4_1  |  i0 * i1 + i2|
    |mac_muladd_8s_8s_32s_32_4_1_U1392  |mac_muladd_8s_8s_32s_32_4_1  |  i0 * i1 + i2|
    |mac_muladd_8s_8s_32s_32_4_1_U1393  |mac_muladd_8s_8s_32s_32_4_1  |  i0 * i1 + i2|
    |mac_muladd_8s_8s_32s_32_4_1_U1394  |mac_muladd_8s_8s_32s_32_4_1  |  i0 * i1 + i2|
    |mac_muladd_8s_8s_32s_32_4_1_U1395  |mac_muladd_8s_8s_32s_32_4_1  |  i0 * i1 + i2|
    |mac_muladd_8s_8s_32s_32_4_1_U1396  |mac_muladd_8s_8s_32s_32_4_1  |  i0 * i1 + i2|
    |mac_muladd_8s_8s_32s_32_4_1_U1397  |mac_muladd_8s_8s_32s_32_4_1  |  i0 * i1 + i2|
    |mac_muladd_8s_8s_32s_32_4_1_U1398  |mac_muladd_8s_8s_32s_32_4_1  |  i0 * i1 + i2|
    |mac_muladd_8s_8s_32s_32_4_1_U1399  |mac_muladd_8s_8s_32s_32_4_1  |  i0 * i1 + i2|
    |mac_muladd_8s_8s_32s_32_4_1_U1400  |mac_muladd_8s_8s_32s_32_4_1  |  i0 * i1 + i2|
    |mac_muladd_8s_8s_32s_32_4_1_U1401  |mac_muladd_8s_8s_32s_32_4_1  |  i0 * i1 + i2|
    |mac_muladd_8s_8s_32s_32_4_1_U1402  |mac_muladd_8s_8s_32s_32_4_1  |  i0 * i1 + i2|
    |mac_muladd_8s_8s_32s_32_4_1_U1403  |mac_muladd_8s_8s_32s_32_4_1  |  i0 * i1 + i2|
    |mac_muladd_8s_8s_32s_32_4_1_U1404  |mac_muladd_8s_8s_32s_32_4_1  |  i0 * i1 + i2|
    |mac_muladd_8s_8s_32s_32_4_1_U1405  |mac_muladd_8s_8s_32s_32_4_1  |  i0 * i1 + i2|
    |mac_muladd_8s_8s_32s_32_4_1_U1406  |mac_muladd_8s_8s_32s_32_4_1  |  i0 * i1 + i2|
    |mac_muladd_8s_8s_32s_32_4_1_U1407  |mac_muladd_8s_8s_32s_32_4_1  |  i0 * i1 + i2|
    |mac_muladd_8s_8s_32s_32_4_1_U1408  |mac_muladd_8s_8s_32s_32_4_1  |  i0 * i1 + i2|
    |mac_muladd_8s_8s_32s_32_4_1_U1409  |mac_muladd_8s_8s_32s_32_4_1  |  i0 * i1 + i2|
    |mac_muladd_8s_8s_32s_32_4_1_U1410  |mac_muladd_8s_8s_32s_32_4_1  |  i0 * i1 + i2|
    |mac_muladd_8s_8s_32s_32_4_1_U1411  |mac_muladd_8s_8s_32s_32_4_1  |  i0 * i1 + i2|
    |mac_muladd_8s_8s_32s_32_4_1_U1412  |mac_muladd_8s_8s_32s_32_4_1  |  i0 * i1 + i2|
    |mac_muladd_8s_8s_32s_32_4_1_U1413  |mac_muladd_8s_8s_32s_32_4_1  |  i0 * i1 + i2|
    |mac_muladd_8s_8s_32s_32_4_1_U1414  |mac_muladd_8s_8s_32s_32_4_1  |  i0 * i1 + i2|
    |mac_muladd_8s_8s_32s_32_4_1_U1415  |mac_muladd_8s_8s_32s_32_4_1  |  i0 * i1 + i2|
    |mac_muladd_8s_8s_32s_32_4_1_U1416  |mac_muladd_8s_8s_32s_32_4_1  |  i0 * i1 + i2|
    |mac_muladd_8s_8s_32s_32_4_1_U1417  |mac_muladd_8s_8s_32s_32_4_1  |  i0 * i1 + i2|
    |mac_muladd_8s_8s_32s_32_4_1_U1418  |mac_muladd_8s_8s_32s_32_4_1  |  i0 * i1 + i2|
    |mac_muladd_8s_8s_32s_32_4_1_U1419  |mac_muladd_8s_8s_32s_32_4_1  |  i0 * i1 + i2|
    |mac_muladd_8s_8s_32s_32_4_1_U1420  |mac_muladd_8s_8s_32s_32_4_1  |  i0 * i1 + i2|
    |mac_muladd_8s_8s_32s_32_4_1_U1421  |mac_muladd_8s_8s_32s_32_4_1  |  i0 * i1 + i2|
    |mac_muladd_8s_8s_32s_32_4_1_U1422  |mac_muladd_8s_8s_32s_32_4_1  |  i0 * i1 + i2|
    |mac_muladd_8s_8s_32s_32_4_1_U1423  |mac_muladd_8s_8s_32s_32_4_1  |  i0 * i1 + i2|
    |mac_muladd_8s_8s_32s_32_4_1_U1424  |mac_muladd_8s_8s_32s_32_4_1  |  i0 * i1 + i2|
    |mac_muladd_8s_8s_32s_32_4_1_U1425  |mac_muladd_8s_8s_32s_32_4_1  |  i0 * i1 + i2|
    |mac_muladd_8s_8s_32s_32_4_1_U1426  |mac_muladd_8s_8s_32s_32_4_1  |  i0 * i1 + i2|
    |mac_muladd_8s_8s_32s_32_4_1_U1427  |mac_muladd_8s_8s_32s_32_4_1  |  i0 * i1 + i2|
    |mac_muladd_8s_8s_32s_32_4_1_U1428  |mac_muladd_8s_8s_32s_32_4_1  |  i0 * i1 + i2|
    |mac_muladd_8s_8s_32s_32_4_1_U1429  |mac_muladd_8s_8s_32s_32_4_1  |  i0 * i1 + i2|
    |mac_muladd_8s_8s_32s_32_4_1_U1430  |mac_muladd_8s_8s_32s_32_4_1  |  i0 * i1 + i2|
    |mac_muladd_8s_8s_32s_32_4_1_U1431  |mac_muladd_8s_8s_32s_32_4_1  |  i0 * i1 + i2|
    |mac_muladd_8s_8s_32s_32_4_1_U1432  |mac_muladd_8s_8s_32s_32_4_1  |  i0 * i1 + i2|
    |mac_muladd_8s_8s_32s_32_4_1_U1433  |mac_muladd_8s_8s_32s_32_4_1  |  i0 * i1 + i2|
    |mac_muladd_8s_8s_32s_32_4_1_U1434  |mac_muladd_8s_8s_32s_32_4_1  |  i0 * i1 + i2|
    |mac_muladd_8s_8s_32s_32_4_1_U1435  |mac_muladd_8s_8s_32s_32_4_1  |  i0 * i1 + i2|
    |mac_muladd_8s_8s_32s_32_4_1_U1436  |mac_muladd_8s_8s_32s_32_4_1  |  i0 * i1 + i2|
    |mac_muladd_8s_8s_32s_32_4_1_U1437  |mac_muladd_8s_8s_32s_32_4_1  |  i0 * i1 + i2|
    |mac_muladd_8s_8s_32s_32_4_1_U1438  |mac_muladd_8s_8s_32s_32_4_1  |  i0 * i1 + i2|
    |mac_muladd_8s_8s_32s_32_4_1_U1439  |mac_muladd_8s_8s_32s_32_4_1  |  i0 * i1 + i2|
    |mac_muladd_8s_8s_32s_32_4_1_U1440  |mac_muladd_8s_8s_32s_32_4_1  |  i0 * i1 + i2|
    |mac_muladd_8s_8s_32s_32_4_1_U1441  |mac_muladd_8s_8s_32s_32_4_1  |  i0 * i1 + i2|
    |mac_muladd_8s_8s_32s_32_4_1_U1442  |mac_muladd_8s_8s_32s_32_4_1  |  i0 * i1 + i2|
    |mac_muladd_8s_8s_32s_32_4_1_U1443  |mac_muladd_8s_8s_32s_32_4_1  |  i0 * i1 + i2|
    |mac_muladd_8s_8s_32s_32_4_1_U1444  |mac_muladd_8s_8s_32s_32_4_1  |  i0 * i1 + i2|
    |mac_muladd_8s_8s_32s_32_4_1_U1445  |mac_muladd_8s_8s_32s_32_4_1  |  i0 * i1 + i2|
    |mac_muladd_8s_8s_32s_32_4_1_U1446  |mac_muladd_8s_8s_32s_32_4_1  |  i0 * i1 + i2|
    |mac_muladd_8s_8s_32s_32_4_1_U1447  |mac_muladd_8s_8s_32s_32_4_1  |  i0 * i1 + i2|
    |mac_muladd_8s_8s_32s_32_4_1_U1448  |mac_muladd_8s_8s_32s_32_4_1  |  i0 * i1 + i2|
    |mac_muladd_8s_8s_32s_32_4_1_U1449  |mac_muladd_8s_8s_32s_32_4_1  |  i0 * i1 + i2|
    |mac_muladd_8s_8s_32s_32_4_1_U1450  |mac_muladd_8s_8s_32s_32_4_1  |  i0 * i1 + i2|
    |mac_muladd_8s_8s_32s_32_4_1_U1451  |mac_muladd_8s_8s_32s_32_4_1  |  i0 * i1 + i2|
    |mac_muladd_8s_8s_32s_32_4_1_U1452  |mac_muladd_8s_8s_32s_32_4_1  |  i0 * i1 + i2|
    |mac_muladd_8s_8s_32s_32_4_1_U1453  |mac_muladd_8s_8s_32s_32_4_1  |  i0 * i1 + i2|
    |mac_muladd_8s_8s_32s_32_4_1_U1454  |mac_muladd_8s_8s_32s_32_4_1  |  i0 * i1 + i2|
    |mac_muladd_8s_8s_32s_32_4_1_U1455  |mac_muladd_8s_8s_32s_32_4_1  |  i0 * i1 + i2|
    |mac_muladd_8s_8s_32s_32_4_1_U1456  |mac_muladd_8s_8s_32s_32_4_1  |  i0 * i1 + i2|
    |mac_muladd_8s_8s_32s_32_4_1_U1457  |mac_muladd_8s_8s_32s_32_4_1  |  i0 * i1 + i2|
    |mac_muladd_8s_8s_32s_32_4_1_U1458  |mac_muladd_8s_8s_32s_32_4_1  |  i0 * i1 + i2|
    |mac_muladd_8s_8s_32s_32_4_1_U1459  |mac_muladd_8s_8s_32s_32_4_1  |  i0 * i1 + i2|
    |mac_muladd_8s_8s_32s_32_4_1_U1460  |mac_muladd_8s_8s_32s_32_4_1  |  i0 * i1 + i2|
    |mac_muladd_8s_8s_32s_32_4_1_U1461  |mac_muladd_8s_8s_32s_32_4_1  |  i0 * i1 + i2|
    |mac_muladd_8s_8s_32s_32_4_1_U1462  |mac_muladd_8s_8s_32s_32_4_1  |  i0 * i1 + i2|
    |mac_muladd_8s_8s_32s_32_4_1_U1463  |mac_muladd_8s_8s_32s_32_4_1  |  i0 * i1 + i2|
    |mac_muladd_8s_8s_32s_32_4_1_U1464  |mac_muladd_8s_8s_32s_32_4_1  |  i0 * i1 + i2|
    |mac_muladd_8s_8s_32s_32_4_1_U1465  |mac_muladd_8s_8s_32s_32_4_1  |  i0 * i1 + i2|
    |mac_muladd_8s_8s_32s_32_4_1_U1466  |mac_muladd_8s_8s_32s_32_4_1  |  i0 * i1 + i2|
    |mac_muladd_8s_8s_32s_32_4_1_U1467  |mac_muladd_8s_8s_32s_32_4_1  |  i0 * i1 + i2|
    |mac_muladd_8s_8s_32s_32_4_1_U1468  |mac_muladd_8s_8s_32s_32_4_1  |  i0 * i1 + i2|
    |mac_muladd_8s_8s_32s_32_4_1_U1469  |mac_muladd_8s_8s_32s_32_4_1  |  i0 * i1 + i2|
    |mac_muladd_8s_8s_32s_32_4_1_U1470  |mac_muladd_8s_8s_32s_32_4_1  |  i0 * i1 + i2|
    |mac_muladd_8s_8s_32s_32_4_1_U1471  |mac_muladd_8s_8s_32s_32_4_1  |  i0 * i1 + i2|
    |mac_muladd_8s_8s_32s_32_4_1_U1472  |mac_muladd_8s_8s_32s_32_4_1  |  i0 * i1 + i2|
    |mac_muladd_8s_8s_32s_32_4_1_U1473  |mac_muladd_8s_8s_32s_32_4_1  |  i0 * i1 + i2|
    |mac_muladd_8s_8s_32s_32_4_1_U1474  |mac_muladd_8s_8s_32s_32_4_1  |  i0 * i1 + i2|
    |mac_muladd_8s_8s_32s_32_4_1_U1475  |mac_muladd_8s_8s_32s_32_4_1  |  i0 * i1 + i2|
    |mac_muladd_8s_8s_32s_32_4_1_U1476  |mac_muladd_8s_8s_32s_32_4_1  |  i0 * i1 + i2|
    |mac_muladd_8s_8s_32s_32_4_1_U1477  |mac_muladd_8s_8s_32s_32_4_1  |  i0 * i1 + i2|
    |mac_muladd_8s_8s_32s_32_4_1_U1478  |mac_muladd_8s_8s_32s_32_4_1  |  i0 * i1 + i2|
    |mac_muladd_8s_8s_32s_32_4_1_U1479  |mac_muladd_8s_8s_32s_32_4_1  |  i0 * i1 + i2|
    |mac_muladd_8s_8s_32s_32_4_1_U1480  |mac_muladd_8s_8s_32s_32_4_1  |  i0 * i1 + i2|
    |mac_muladd_8s_8s_32s_32_4_1_U1481  |mac_muladd_8s_8s_32s_32_4_1  |  i0 * i1 + i2|
    |mac_muladd_8s_8s_32s_32_4_1_U1482  |mac_muladd_8s_8s_32s_32_4_1  |  i0 * i1 + i2|
    |mac_muladd_8s_8s_32s_32_4_1_U1483  |mac_muladd_8s_8s_32s_32_4_1  |  i0 * i1 + i2|
    |mac_muladd_8s_8s_32s_32_4_1_U1484  |mac_muladd_8s_8s_32s_32_4_1  |  i0 * i1 + i2|
    |mac_muladd_8s_8s_32s_32_4_1_U1485  |mac_muladd_8s_8s_32s_32_4_1  |  i0 * i1 + i2|
    |mac_muladd_8s_8s_32s_32_4_1_U1486  |mac_muladd_8s_8s_32s_32_4_1  |  i0 * i1 + i2|
    |mac_muladd_8s_8s_32s_32_4_1_U1487  |mac_muladd_8s_8s_32s_32_4_1  |  i0 * i1 + i2|
    |mac_muladd_8s_8s_32s_32_4_1_U1488  |mac_muladd_8s_8s_32s_32_4_1  |  i0 * i1 + i2|
    |mac_muladd_8s_8s_32s_32_4_1_U1489  |mac_muladd_8s_8s_32s_32_4_1  |  i0 * i1 + i2|
    |mac_muladd_8s_8s_32s_32_4_1_U1490  |mac_muladd_8s_8s_32s_32_4_1  |  i0 * i1 + i2|
    |mac_muladd_8s_8s_32s_32_4_1_U1491  |mac_muladd_8s_8s_32s_32_4_1  |  i0 * i1 + i2|
    |mac_muladd_8s_8s_32s_32_4_1_U1492  |mac_muladd_8s_8s_32s_32_4_1  |  i0 * i1 + i2|
    |mac_muladd_8s_8s_32s_32_4_1_U1493  |mac_muladd_8s_8s_32s_32_4_1  |  i0 * i1 + i2|
    |mac_muladd_8s_8s_32s_32_4_1_U1494  |mac_muladd_8s_8s_32s_32_4_1  |  i0 * i1 + i2|
    |mac_muladd_8s_8s_32s_32_4_1_U1495  |mac_muladd_8s_8s_32s_32_4_1  |  i0 * i1 + i2|
    |mac_muladd_8s_8s_32s_32_4_1_U1496  |mac_muladd_8s_8s_32s_32_4_1  |  i0 * i1 + i2|
    |mac_muladd_8s_8s_32s_32_4_1_U1497  |mac_muladd_8s_8s_32s_32_4_1  |  i0 * i1 + i2|
    |mac_muladd_8s_8s_32s_32_4_1_U1498  |mac_muladd_8s_8s_32s_32_4_1  |  i0 * i1 + i2|
    |mac_muladd_8s_8s_32s_32_4_1_U1499  |mac_muladd_8s_8s_32s_32_4_1  |  i0 * i1 + i2|
    |mac_muladd_8s_8s_32s_32_4_1_U1500  |mac_muladd_8s_8s_32s_32_4_1  |  i0 * i1 + i2|
    |mac_muladd_8s_8s_32s_32_4_1_U1501  |mac_muladd_8s_8s_32s_32_4_1  |  i0 * i1 + i2|
    |mac_muladd_8s_8s_32s_32_4_1_U1502  |mac_muladd_8s_8s_32s_32_4_1  |  i0 * i1 + i2|
    |mac_muladd_8s_8s_32s_32_4_1_U1503  |mac_muladd_8s_8s_32s_32_4_1  |  i0 * i1 + i2|
    |mac_muladd_8s_8s_32s_32_4_1_U1504  |mac_muladd_8s_8s_32s_32_4_1  |  i0 * i1 + i2|
    |mac_muladd_8s_8s_32s_32_4_1_U1505  |mac_muladd_8s_8s_32s_32_4_1  |  i0 * i1 + i2|
    |mac_muladd_8s_8s_32s_32_4_1_U1506  |mac_muladd_8s_8s_32s_32_4_1  |  i0 * i1 + i2|
    |mac_muladd_8s_8s_32s_32_4_1_U1507  |mac_muladd_8s_8s_32s_32_4_1  |  i0 * i1 + i2|
    |mac_muladd_8s_8s_32s_32_4_1_U1508  |mac_muladd_8s_8s_32s_32_4_1  |  i0 * i1 + i2|
    |mac_muladd_8s_8s_32s_32_4_1_U1509  |mac_muladd_8s_8s_32s_32_4_1  |  i0 * i1 + i2|
    |mac_muladd_8s_8s_32s_32_4_1_U1510  |mac_muladd_8s_8s_32s_32_4_1  |  i0 * i1 + i2|
    |mac_muladd_8s_8s_32s_32_4_1_U1511  |mac_muladd_8s_8s_32s_32_4_1  |  i0 * i1 + i2|
    |mac_muladd_8s_8s_32s_32_4_1_U1512  |mac_muladd_8s_8s_32s_32_4_1  |  i0 * i1 + i2|
    |mac_muladd_8s_8s_32s_32_4_1_U1513  |mac_muladd_8s_8s_32s_32_4_1  |  i0 * i1 + i2|
    |mac_muladd_8s_8s_32s_32_4_1_U1514  |mac_muladd_8s_8s_32s_32_4_1  |  i0 * i1 + i2|
    |mac_muladd_8s_8s_32s_32_4_1_U1515  |mac_muladd_8s_8s_32s_32_4_1  |  i0 * i1 + i2|
    |mac_muladd_8s_8s_32s_32_4_1_U1516  |mac_muladd_8s_8s_32s_32_4_1  |  i0 * i1 + i2|
    |mac_muladd_8s_8s_32s_32_4_1_U1517  |mac_muladd_8s_8s_32s_32_4_1  |  i0 * i1 + i2|
    |mac_muladd_8s_8s_32s_32_4_1_U1518  |mac_muladd_8s_8s_32s_32_4_1  |  i0 * i1 + i2|
    |mac_muladd_8s_8s_32s_32_4_1_U1519  |mac_muladd_8s_8s_32s_32_4_1  |  i0 * i1 + i2|
    |mac_muladd_8s_8s_32s_32_4_1_U1520  |mac_muladd_8s_8s_32s_32_4_1  |  i0 * i1 + i2|
    |mac_muladd_8s_8s_32s_32_4_1_U1521  |mac_muladd_8s_8s_32s_32_4_1  |  i0 * i1 + i2|
    |mac_muladd_8s_8s_32s_32_4_1_U1522  |mac_muladd_8s_8s_32s_32_4_1  |  i0 * i1 + i2|
    |mac_muladd_8s_8s_32s_32_4_1_U1523  |mac_muladd_8s_8s_32s_32_4_1  |  i0 * i1 + i2|
    |mac_muladd_8s_8s_32s_32_4_1_U1524  |mac_muladd_8s_8s_32s_32_4_1  |  i0 * i1 + i2|
    |mac_muladd_8s_8s_32s_32_4_1_U1525  |mac_muladd_8s_8s_32s_32_4_1  |  i0 * i1 + i2|
    |mac_muladd_8s_8s_32s_32_4_1_U1526  |mac_muladd_8s_8s_32s_32_4_1  |  i0 * i1 + i2|
    |mac_muladd_8s_8s_32s_32_4_1_U1527  |mac_muladd_8s_8s_32s_32_4_1  |  i0 * i1 + i2|
    |mac_muladd_8s_8s_32s_32_4_1_U1528  |mac_muladd_8s_8s_32s_32_4_1  |  i0 * i1 + i2|
    |mac_muladd_8s_8s_32s_32_4_1_U1529  |mac_muladd_8s_8s_32s_32_4_1  |  i0 * i1 + i2|
    |mac_muladd_8s_8s_32s_32_4_1_U1530  |mac_muladd_8s_8s_32s_32_4_1  |  i0 * i1 + i2|
    |mac_muladd_8s_8s_32s_32_4_1_U1531  |mac_muladd_8s_8s_32s_32_4_1  |  i0 * i1 + i2|
    |mac_muladd_8s_8s_32s_32_4_1_U1532  |mac_muladd_8s_8s_32s_32_4_1  |  i0 * i1 + i2|
    |mac_muladd_8s_8s_32s_32_4_1_U1533  |mac_muladd_8s_8s_32s_32_4_1  |  i0 * i1 + i2|
    |mac_muladd_8s_8s_32s_32_4_1_U1534  |mac_muladd_8s_8s_32s_32_4_1  |  i0 * i1 + i2|
    |mac_muladd_8s_8s_32s_32_4_1_U1535  |mac_muladd_8s_8s_32s_32_4_1  |  i0 * i1 + i2|
    |mac_muladd_8s_8s_32s_32_4_1_U1536  |mac_muladd_8s_8s_32s_32_4_1  |  i0 * i1 + i2|
    |mac_muladd_8s_8s_32s_32_4_1_U1537  |mac_muladd_8s_8s_32s_32_4_1  |  i0 * i1 + i2|
    |mac_muladd_8s_8s_32s_32_4_1_U1538  |mac_muladd_8s_8s_32s_32_4_1  |  i0 * i1 + i2|
    |mac_muladd_8s_8s_32s_32_4_1_U1539  |mac_muladd_8s_8s_32s_32_4_1  |  i0 * i1 + i2|
    |mac_muladd_8s_8s_32s_32_4_1_U1540  |mac_muladd_8s_8s_32s_32_4_1  |  i0 * i1 + i2|
    |mac_muladd_8s_8s_32s_32_4_1_U1541  |mac_muladd_8s_8s_32s_32_4_1  |  i0 * i1 + i2|
    |mac_muladd_8s_8s_32s_32_4_1_U1542  |mac_muladd_8s_8s_32s_32_4_1  |  i0 * i1 + i2|
    |mac_muladd_8s_8s_32s_32_4_1_U1543  |mac_muladd_8s_8s_32s_32_4_1  |  i0 * i1 + i2|
    |mac_muladd_8s_8s_32s_32_4_1_U1544  |mac_muladd_8s_8s_32s_32_4_1  |  i0 * i1 + i2|
    |mac_muladd_8s_8s_32s_32_4_1_U1545  |mac_muladd_8s_8s_32s_32_4_1  |  i0 * i1 + i2|
    |mac_muladd_8s_8s_32s_32_4_1_U1546  |mac_muladd_8s_8s_32s_32_4_1  |  i0 * i1 + i2|
    |mac_muladd_8s_8s_32s_32_4_1_U1547  |mac_muladd_8s_8s_32s_32_4_1  |  i0 * i1 + i2|
    |mac_muladd_8s_8s_32s_32_4_1_U1548  |mac_muladd_8s_8s_32s_32_4_1  |  i0 * i1 + i2|
    |mac_muladd_8s_8s_32s_32_4_1_U1549  |mac_muladd_8s_8s_32s_32_4_1  |  i0 * i1 + i2|
    |mac_muladd_8s_8s_32s_32_4_1_U1550  |mac_muladd_8s_8s_32s_32_4_1  |  i0 * i1 + i2|
    |mac_muladd_8s_8s_32s_32_4_1_U1551  |mac_muladd_8s_8s_32s_32_4_1  |  i0 * i1 + i2|
    |mac_muladd_8s_8s_32s_32_4_1_U1552  |mac_muladd_8s_8s_32s_32_4_1  |  i0 * i1 + i2|
    |mac_muladd_8s_8s_32s_32_4_1_U1553  |mac_muladd_8s_8s_32s_32_4_1  |  i0 * i1 + i2|
    |mac_muladd_8s_8s_32s_32_4_1_U1554  |mac_muladd_8s_8s_32s_32_4_1  |  i0 * i1 + i2|
    |mac_muladd_8s_8s_32s_32_4_1_U1555  |mac_muladd_8s_8s_32s_32_4_1  |  i0 * i1 + i2|
    |mac_muladd_8s_8s_32s_32_4_1_U1556  |mac_muladd_8s_8s_32s_32_4_1  |  i0 * i1 + i2|
    |mac_muladd_8s_8s_32s_32_4_1_U1557  |mac_muladd_8s_8s_32s_32_4_1  |  i0 * i1 + i2|
    |mac_muladd_8s_8s_32s_32_4_1_U1558  |mac_muladd_8s_8s_32s_32_4_1  |  i0 * i1 + i2|
    |mac_muladd_8s_8s_32s_32_4_1_U1559  |mac_muladd_8s_8s_32s_32_4_1  |  i0 * i1 + i2|
    |mac_muladd_8s_8s_32s_32_4_1_U1560  |mac_muladd_8s_8s_32s_32_4_1  |  i0 * i1 + i2|
    |mac_muladd_8s_8s_32s_32_4_1_U1561  |mac_muladd_8s_8s_32s_32_4_1  |  i0 * i1 + i2|
    |mac_muladd_8s_8s_32s_32_4_1_U1562  |mac_muladd_8s_8s_32s_32_4_1  |  i0 * i1 + i2|
    |mac_muladd_8s_8s_32s_32_4_1_U1563  |mac_muladd_8s_8s_32s_32_4_1  |  i0 * i1 + i2|
    |mac_muladd_8s_8s_32s_32_4_1_U1564  |mac_muladd_8s_8s_32s_32_4_1  |  i0 * i1 + i2|
    |mac_muladd_8s_8s_32s_32_4_1_U1565  |mac_muladd_8s_8s_32s_32_4_1  |  i0 * i1 + i2|
    |mac_muladd_8s_8s_32s_32_4_1_U1566  |mac_muladd_8s_8s_32s_32_4_1  |  i0 * i1 + i2|
    |mac_muladd_8s_8s_32s_32_4_1_U1567  |mac_muladd_8s_8s_32s_32_4_1  |  i0 * i1 + i2|
    |mac_muladd_8s_8s_32s_32_4_1_U1568  |mac_muladd_8s_8s_32s_32_4_1  |  i0 * i1 + i2|
    |mac_muladd_8s_8s_32s_32_4_1_U1569  |mac_muladd_8s_8s_32s_32_4_1  |  i0 * i1 + i2|
    |mac_muladd_8s_8s_32s_32_4_1_U1570  |mac_muladd_8s_8s_32s_32_4_1  |  i0 * i1 + i2|
    |mac_muladd_8s_8s_32s_32_4_1_U1571  |mac_muladd_8s_8s_32s_32_4_1  |  i0 * i1 + i2|
    |mac_muladd_8s_8s_32s_32_4_1_U1572  |mac_muladd_8s_8s_32s_32_4_1  |  i0 * i1 + i2|
    |mac_muladd_8s_8s_32s_32_4_1_U1573  |mac_muladd_8s_8s_32s_32_4_1  |  i0 * i1 + i2|
    |mac_muladd_8s_8s_32s_32_4_1_U1574  |mac_muladd_8s_8s_32s_32_4_1  |  i0 * i1 + i2|
    |mac_muladd_8s_8s_32s_32_4_1_U1575  |mac_muladd_8s_8s_32s_32_4_1  |  i0 * i1 + i2|
    |mac_muladd_8s_8s_32s_32_4_1_U1576  |mac_muladd_8s_8s_32s_32_4_1  |  i0 * i1 + i2|
    |mac_muladd_8s_8s_32s_32_4_1_U1577  |mac_muladd_8s_8s_32s_32_4_1  |  i0 * i1 + i2|
    |mac_muladd_8s_8s_32s_32_4_1_U1578  |mac_muladd_8s_8s_32s_32_4_1  |  i0 * i1 + i2|
    |mac_muladd_8s_8s_32s_32_4_1_U1579  |mac_muladd_8s_8s_32s_32_4_1  |  i0 * i1 + i2|
    |mac_muladd_8s_8s_32s_32_4_1_U1580  |mac_muladd_8s_8s_32s_32_4_1  |  i0 * i1 + i2|
    |mac_muladd_8s_8s_32s_32_4_1_U1581  |mac_muladd_8s_8s_32s_32_4_1  |  i0 * i1 + i2|
    |mac_muladd_8s_8s_32s_32_4_1_U1582  |mac_muladd_8s_8s_32s_32_4_1  |  i0 * i1 + i2|
    |mac_muladd_8s_8s_32s_32_4_1_U1583  |mac_muladd_8s_8s_32s_32_4_1  |  i0 * i1 + i2|
    |mac_muladd_8s_8s_32s_32_4_1_U1584  |mac_muladd_8s_8s_32s_32_4_1  |  i0 * i1 + i2|
    |mac_muladd_8s_8s_32s_32_4_1_U1585  |mac_muladd_8s_8s_32s_32_4_1  |  i0 * i1 + i2|
    |mac_muladd_8s_8s_32s_32_4_1_U1586  |mac_muladd_8s_8s_32s_32_4_1  |  i0 * i1 + i2|
    |mac_muladd_8s_8s_32s_32_4_1_U1587  |mac_muladd_8s_8s_32s_32_4_1  |  i0 * i1 + i2|
    |mac_muladd_8s_8s_32s_32_4_1_U1588  |mac_muladd_8s_8s_32s_32_4_1  |  i0 * i1 + i2|
    |mac_muladd_8s_8s_32s_32_4_1_U1589  |mac_muladd_8s_8s_32s_32_4_1  |  i0 * i1 + i2|
    |mac_muladd_8s_8s_32s_32_4_1_U1590  |mac_muladd_8s_8s_32s_32_4_1  |  i0 * i1 + i2|
    |mac_muladd_8s_8s_32s_32_4_1_U1591  |mac_muladd_8s_8s_32s_32_4_1  |  i0 * i1 + i2|
    |mac_muladd_8s_8s_32s_32_4_1_U1592  |mac_muladd_8s_8s_32s_32_4_1  |  i0 * i1 + i2|
    |mac_muladd_8s_8s_32s_32_4_1_U1593  |mac_muladd_8s_8s_32s_32_4_1  |  i0 * i1 + i2|
    |mac_muladd_8s_8s_32s_32_4_1_U1594  |mac_muladd_8s_8s_32s_32_4_1  |  i0 * i1 + i2|
    |mac_muladd_8s_8s_32s_32_4_1_U1595  |mac_muladd_8s_8s_32s_32_4_1  |  i0 * i1 + i2|
    |mac_muladd_8s_8s_32s_32_4_1_U1596  |mac_muladd_8s_8s_32s_32_4_1  |  i0 * i1 + i2|
    |mac_muladd_8s_8s_32s_32_4_1_U1597  |mac_muladd_8s_8s_32s_32_4_1  |  i0 * i1 + i2|
    |mac_muladd_8s_8s_32s_32_4_1_U1598  |mac_muladd_8s_8s_32s_32_4_1  |  i0 * i1 + i2|
    |mac_muladd_8s_8s_32s_32_4_1_U1599  |mac_muladd_8s_8s_32s_32_4_1  |  i0 * i1 + i2|
    |mac_muladd_8s_8s_32s_32_4_1_U1600  |mac_muladd_8s_8s_32s_32_4_1  |  i0 * i1 + i2|
    |mac_muladd_8s_8s_32s_32_4_1_U1601  |mac_muladd_8s_8s_32s_32_4_1  |  i0 * i1 + i2|
    |mac_muladd_8s_8s_32s_32_4_1_U1602  |mac_muladd_8s_8s_32s_32_4_1  |  i0 * i1 + i2|
    |mac_muladd_8s_8s_32s_32_4_1_U1603  |mac_muladd_8s_8s_32s_32_4_1  |  i0 * i1 + i2|
    |mac_muladd_8s_8s_32s_32_4_1_U1604  |mac_muladd_8s_8s_32s_32_4_1  |  i0 * i1 + i2|
    |mac_muladd_8s_8s_32s_32_4_1_U1605  |mac_muladd_8s_8s_32s_32_4_1  |  i0 * i1 + i2|
    |mac_muladd_8s_8s_32s_32_4_1_U1606  |mac_muladd_8s_8s_32s_32_4_1  |  i0 * i1 + i2|
    |mac_muladd_8s_8s_32s_32_4_1_U1607  |mac_muladd_8s_8s_32s_32_4_1  |  i0 * i1 + i2|
    |mac_muladd_8s_8s_32s_32_4_1_U1608  |mac_muladd_8s_8s_32s_32_4_1  |  i0 * i1 + i2|
    |mac_muladd_8s_8s_32s_32_4_1_U1609  |mac_muladd_8s_8s_32s_32_4_1  |  i0 * i1 + i2|
    |mac_muladd_8s_8s_32s_32_4_1_U1610  |mac_muladd_8s_8s_32s_32_4_1  |  i0 * i1 + i2|
    |mac_muladd_8s_8s_32s_32_4_1_U1611  |mac_muladd_8s_8s_32s_32_4_1  |  i0 * i1 + i2|
    |mac_muladd_8s_8s_32s_32_4_1_U1612  |mac_muladd_8s_8s_32s_32_4_1  |  i0 * i1 + i2|
    |mac_muladd_8s_8s_32s_32_4_1_U1613  |mac_muladd_8s_8s_32s_32_4_1  |  i0 * i1 + i2|
    |mac_muladd_8s_8s_32s_32_4_1_U1614  |mac_muladd_8s_8s_32s_32_4_1  |  i0 * i1 + i2|
    |mac_muladd_8s_8s_32s_32_4_1_U1615  |mac_muladd_8s_8s_32s_32_4_1  |  i0 * i1 + i2|
    |mac_muladd_8s_8s_32s_32_4_1_U1616  |mac_muladd_8s_8s_32s_32_4_1  |  i0 * i1 + i2|
    |mac_muladd_8s_8s_32s_32_4_1_U1617  |mac_muladd_8s_8s_32s_32_4_1  |  i0 * i1 + i2|
    |mac_muladd_8s_8s_32s_32_4_1_U1618  |mac_muladd_8s_8s_32s_32_4_1  |  i0 * i1 + i2|
    |mac_muladd_8s_8s_32s_32_4_1_U1619  |mac_muladd_8s_8s_32s_32_4_1  |  i0 * i1 + i2|
    |mac_muladd_8s_8s_32s_32_4_1_U1620  |mac_muladd_8s_8s_32s_32_4_1  |  i0 * i1 + i2|
    |mac_muladd_8s_8s_32s_32_4_1_U1621  |mac_muladd_8s_8s_32s_32_4_1  |  i0 * i1 + i2|
    |mac_muladd_8s_8s_32s_32_4_1_U1622  |mac_muladd_8s_8s_32s_32_4_1  |  i0 * i1 + i2|
    |mac_muladd_8s_8s_32s_32_4_1_U1623  |mac_muladd_8s_8s_32s_32_4_1  |  i0 * i1 + i2|
    |mac_muladd_8s_8s_32s_32_4_1_U1624  |mac_muladd_8s_8s_32s_32_4_1  |  i0 * i1 + i2|
    |mac_muladd_8s_8s_32s_32_4_1_U1625  |mac_muladd_8s_8s_32s_32_4_1  |  i0 * i1 + i2|
    |mac_muladd_8s_8s_32s_32_4_1_U1626  |mac_muladd_8s_8s_32s_32_4_1  |  i0 * i1 + i2|
    |mac_muladd_8s_8s_32s_32_4_1_U1627  |mac_muladd_8s_8s_32s_32_4_1  |  i0 * i1 + i2|
    |mac_muladd_8s_8s_32s_32_4_1_U1628  |mac_muladd_8s_8s_32s_32_4_1  |  i0 * i1 + i2|
    |mac_muladd_8s_8s_32s_32_4_1_U1629  |mac_muladd_8s_8s_32s_32_4_1  |  i0 * i1 + i2|
    |mac_muladd_8s_8s_32s_32_4_1_U1630  |mac_muladd_8s_8s_32s_32_4_1  |  i0 * i1 + i2|
    |mac_muladd_8s_8s_32s_32_4_1_U1631  |mac_muladd_8s_8s_32s_32_4_1  |  i0 * i1 + i2|
    |mac_muladd_8s_8s_32s_32_4_1_U1632  |mac_muladd_8s_8s_32s_32_4_1  |  i0 * i1 + i2|
    |mac_muladd_8s_8s_32s_32_4_1_U1633  |mac_muladd_8s_8s_32s_32_4_1  |  i0 * i1 + i2|
    |mac_muladd_8s_8s_32s_32_4_1_U1634  |mac_muladd_8s_8s_32s_32_4_1  |  i0 * i1 + i2|
    |mac_muladd_8s_8s_32s_32_4_1_U1635  |mac_muladd_8s_8s_32s_32_4_1  |  i0 * i1 + i2|
    |mac_muladd_8s_8s_32s_32_4_1_U1636  |mac_muladd_8s_8s_32s_32_4_1  |  i0 * i1 + i2|
    |mac_muladd_8s_8s_32s_32_4_1_U1637  |mac_muladd_8s_8s_32s_32_4_1  |  i0 * i1 + i2|
    |mac_muladd_8s_8s_32s_32_4_1_U1638  |mac_muladd_8s_8s_32s_32_4_1  |  i0 * i1 + i2|
    |mac_muladd_8s_8s_32s_32_4_1_U1639  |mac_muladd_8s_8s_32s_32_4_1  |  i0 * i1 + i2|
    |mac_muladd_8s_8s_32s_32_4_1_U1640  |mac_muladd_8s_8s_32s_32_4_1  |  i0 * i1 + i2|
    |mac_muladd_8s_8s_32s_32_4_1_U1641  |mac_muladd_8s_8s_32s_32_4_1  |  i0 * i1 + i2|
    |mac_muladd_8s_8s_32s_32_4_1_U1642  |mac_muladd_8s_8s_32s_32_4_1  |  i0 * i1 + i2|
    |mac_muladd_8s_8s_32s_32_4_1_U1643  |mac_muladd_8s_8s_32s_32_4_1  |  i0 * i1 + i2|
    |mac_muladd_8s_8s_32s_32_4_1_U1644  |mac_muladd_8s_8s_32s_32_4_1  |  i0 * i1 + i2|
    |mac_muladd_8s_8s_32s_32_4_1_U1645  |mac_muladd_8s_8s_32s_32_4_1  |  i0 * i1 + i2|
    |mac_muladd_8s_8s_32s_32_4_1_U1646  |mac_muladd_8s_8s_32s_32_4_1  |  i0 * i1 + i2|
    |mac_muladd_8s_8s_32s_32_4_1_U1647  |mac_muladd_8s_8s_32s_32_4_1  |  i0 * i1 + i2|
    |mac_muladd_8s_8s_32s_32_4_1_U1648  |mac_muladd_8s_8s_32s_32_4_1  |  i0 * i1 + i2|
    |mac_muladd_8s_8s_32s_32_4_1_U1649  |mac_muladd_8s_8s_32s_32_4_1  |  i0 * i1 + i2|
    |mac_muladd_8s_8s_32s_32_4_1_U1650  |mac_muladd_8s_8s_32s_32_4_1  |  i0 * i1 + i2|
    |mac_muladd_8s_8s_32s_32_4_1_U1651  |mac_muladd_8s_8s_32s_32_4_1  |  i0 * i1 + i2|
    |mac_muladd_8s_8s_32s_32_4_1_U1652  |mac_muladd_8s_8s_32s_32_4_1  |  i0 * i1 + i2|
    |mac_muladd_8s_8s_32s_32_4_1_U1653  |mac_muladd_8s_8s_32s_32_4_1  |  i0 * i1 + i2|
    |mac_muladd_8s_8s_32s_32_4_1_U1654  |mac_muladd_8s_8s_32s_32_4_1  |  i0 * i1 + i2|
    |mac_muladd_8s_8s_32s_32_4_1_U1655  |mac_muladd_8s_8s_32s_32_4_1  |  i0 * i1 + i2|
    |mac_muladd_8s_8s_32s_32_4_1_U1656  |mac_muladd_8s_8s_32s_32_4_1  |  i0 * i1 + i2|
    |mac_muladd_8s_8s_32s_32_4_1_U1657  |mac_muladd_8s_8s_32s_32_4_1  |  i0 * i1 + i2|
    |mac_muladd_8s_8s_32s_32_4_1_U1658  |mac_muladd_8s_8s_32s_32_4_1  |  i0 * i1 + i2|
    |mac_muladd_8s_8s_32s_32_4_1_U1659  |mac_muladd_8s_8s_32s_32_4_1  |  i0 * i1 + i2|
    |mac_muladd_8s_8s_32s_32_4_1_U1660  |mac_muladd_8s_8s_32s_32_4_1  |  i0 * i1 + i2|
    |mac_muladd_8s_8s_32s_32_4_1_U1661  |mac_muladd_8s_8s_32s_32_4_1  |  i0 * i1 + i2|
    |mac_muladd_8s_8s_32s_32_4_1_U1662  |mac_muladd_8s_8s_32s_32_4_1  |  i0 * i1 + i2|
    |mac_muladd_8s_8s_32s_32_4_1_U1663  |mac_muladd_8s_8s_32s_32_4_1  |  i0 * i1 + i2|
    |mac_muladd_8s_8s_32s_32_4_1_U1664  |mac_muladd_8s_8s_32s_32_4_1  |  i0 * i1 + i2|
    |mac_muladd_8s_8s_32s_32_4_1_U1665  |mac_muladd_8s_8s_32s_32_4_1  |  i0 * i1 + i2|
    |mac_muladd_8s_8s_32s_32_4_1_U1666  |mac_muladd_8s_8s_32s_32_4_1  |  i0 * i1 + i2|
    |mac_muladd_8s_8s_32s_32_4_1_U1667  |mac_muladd_8s_8s_32s_32_4_1  |  i0 * i1 + i2|
    |mac_muladd_8s_8s_32s_32_4_1_U1668  |mac_muladd_8s_8s_32s_32_4_1  |  i0 * i1 + i2|
    |mac_muladd_8s_8s_32s_32_4_1_U1669  |mac_muladd_8s_8s_32s_32_4_1  |  i0 * i1 + i2|
    |mac_muladd_8s_8s_32s_32_4_1_U1670  |mac_muladd_8s_8s_32s_32_4_1  |  i0 * i1 + i2|
    |mac_muladd_8s_8s_32s_32_4_1_U1671  |mac_muladd_8s_8s_32s_32_4_1  |  i0 * i1 + i2|
    |mac_muladd_8s_8s_32s_32_4_1_U1672  |mac_muladd_8s_8s_32s_32_4_1  |  i0 * i1 + i2|
    |mac_muladd_8s_8s_32s_32_4_1_U1673  |mac_muladd_8s_8s_32s_32_4_1  |  i0 * i1 + i2|
    |mac_muladd_8s_8s_32s_32_4_1_U1674  |mac_muladd_8s_8s_32s_32_4_1  |  i0 * i1 + i2|
    |mac_muladd_8s_8s_32s_32_4_1_U1675  |mac_muladd_8s_8s_32s_32_4_1  |  i0 * i1 + i2|
    |mac_muladd_8s_8s_32s_32_4_1_U1676  |mac_muladd_8s_8s_32s_32_4_1  |  i0 * i1 + i2|
    |mac_muladd_8s_8s_32s_32_4_1_U1677  |mac_muladd_8s_8s_32s_32_4_1  |  i0 * i1 + i2|
    |mac_muladd_8s_8s_32s_32_4_1_U1678  |mac_muladd_8s_8s_32s_32_4_1  |  i0 * i1 + i2|
    |mac_muladd_8s_8s_32s_32_4_1_U1679  |mac_muladd_8s_8s_32s_32_4_1  |  i0 * i1 + i2|
    |mac_muladd_8s_8s_32s_32_4_1_U1680  |mac_muladd_8s_8s_32s_32_4_1  |  i0 * i1 + i2|
    |mac_muladd_8s_8s_32s_32_4_1_U1681  |mac_muladd_8s_8s_32s_32_4_1  |  i0 * i1 + i2|
    |mac_muladd_8s_8s_32s_32_4_1_U1682  |mac_muladd_8s_8s_32s_32_4_1  |  i0 * i1 + i2|
    |mac_muladd_8s_8s_32s_32_4_1_U1683  |mac_muladd_8s_8s_32s_32_4_1  |  i0 * i1 + i2|
    |mac_muladd_8s_8s_32s_32_4_1_U1684  |mac_muladd_8s_8s_32s_32_4_1  |  i0 * i1 + i2|
    |mac_muladd_8s_8s_32s_32_4_1_U1685  |mac_muladd_8s_8s_32s_32_4_1  |  i0 * i1 + i2|
    |mac_muladd_8s_8s_32s_32_4_1_U1686  |mac_muladd_8s_8s_32s_32_4_1  |  i0 * i1 + i2|
    |mac_muladd_8s_8s_32s_32_4_1_U1687  |mac_muladd_8s_8s_32s_32_4_1  |  i0 * i1 + i2|
    |mac_muladd_8s_8s_32s_32_4_1_U1688  |mac_muladd_8s_8s_32s_32_4_1  |  i0 * i1 + i2|
    |mac_muladd_8s_8s_32s_32_4_1_U1689  |mac_muladd_8s_8s_32s_32_4_1  |  i0 * i1 + i2|
    |mac_muladd_8s_8s_32s_32_4_1_U1690  |mac_muladd_8s_8s_32s_32_4_1  |  i0 * i1 + i2|
    |mac_muladd_8s_8s_32s_32_4_1_U1691  |mac_muladd_8s_8s_32s_32_4_1  |  i0 * i1 + i2|
    |mac_muladd_8s_8s_32s_32_4_1_U1692  |mac_muladd_8s_8s_32s_32_4_1  |  i0 * i1 + i2|
    |mac_muladd_8s_8s_32s_32_4_1_U1693  |mac_muladd_8s_8s_32s_32_4_1  |  i0 * i1 + i2|
    |mac_muladd_8s_8s_32s_32_4_1_U1694  |mac_muladd_8s_8s_32s_32_4_1  |  i0 * i1 + i2|
    |mac_muladd_8s_8s_32s_32_4_1_U1695  |mac_muladd_8s_8s_32s_32_4_1  |  i0 * i1 + i2|
    |mac_muladd_8s_8s_32s_32_4_1_U1696  |mac_muladd_8s_8s_32s_32_4_1  |  i0 * i1 + i2|
    |mac_muladd_8s_8s_32s_32_4_1_U1697  |mac_muladd_8s_8s_32s_32_4_1  |  i0 * i1 + i2|
    |mac_muladd_8s_8s_32s_32_4_1_U1698  |mac_muladd_8s_8s_32s_32_4_1  |  i0 * i1 + i2|
    |mac_muladd_8s_8s_32s_32_4_1_U1699  |mac_muladd_8s_8s_32s_32_4_1  |  i0 * i1 + i2|
    |mac_muladd_8s_8s_32s_32_4_1_U1700  |mac_muladd_8s_8s_32s_32_4_1  |  i0 * i1 + i2|
    |mac_muladd_8s_8s_32s_32_4_1_U1701  |mac_muladd_8s_8s_32s_32_4_1  |  i0 * i1 + i2|
    |mac_muladd_8s_8s_32s_32_4_1_U1702  |mac_muladd_8s_8s_32s_32_4_1  |  i0 * i1 + i2|
    |mac_muladd_8s_8s_32s_32_4_1_U1703  |mac_muladd_8s_8s_32s_32_4_1  |  i0 * i1 + i2|
    |mac_muladd_8s_8s_32s_32_4_1_U1704  |mac_muladd_8s_8s_32s_32_4_1  |  i0 * i1 + i2|
    |mac_muladd_8s_8s_32s_32_4_1_U1705  |mac_muladd_8s_8s_32s_32_4_1  |  i0 * i1 + i2|
    |mac_muladd_8s_8s_32s_32_4_1_U1706  |mac_muladd_8s_8s_32s_32_4_1  |  i0 * i1 + i2|
    |mac_muladd_8s_8s_32s_32_4_1_U1707  |mac_muladd_8s_8s_32s_32_4_1  |  i0 * i1 + i2|
    |mac_muladd_8s_8s_32s_32_4_1_U1708  |mac_muladd_8s_8s_32s_32_4_1  |  i0 * i1 + i2|
    |mac_muladd_8s_8s_32s_32_4_1_U1709  |mac_muladd_8s_8s_32s_32_4_1  |  i0 * i1 + i2|
    |mac_muladd_8s_8s_32s_32_4_1_U1710  |mac_muladd_8s_8s_32s_32_4_1  |  i0 * i1 + i2|
    |mac_muladd_8s_8s_32s_32_4_1_U1711  |mac_muladd_8s_8s_32s_32_4_1  |  i0 * i1 + i2|
    |mac_muladd_8s_8s_32s_32_4_1_U1712  |mac_muladd_8s_8s_32s_32_4_1  |  i0 * i1 + i2|
    |mac_muladd_8s_8s_32s_32_4_1_U1713  |mac_muladd_8s_8s_32s_32_4_1  |  i0 * i1 + i2|
    |mac_muladd_8s_8s_32s_32_4_1_U1714  |mac_muladd_8s_8s_32s_32_4_1  |  i0 * i1 + i2|
    |mac_muladd_8s_8s_32s_32_4_1_U1715  |mac_muladd_8s_8s_32s_32_4_1  |  i0 * i1 + i2|
    |mac_muladd_8s_8s_32s_32_4_1_U1716  |mac_muladd_8s_8s_32s_32_4_1  |  i0 * i1 + i2|
    |mac_muladd_8s_8s_32s_32_4_1_U1717  |mac_muladd_8s_8s_32s_32_4_1  |  i0 * i1 + i2|
    |mac_muladd_8s_8s_32s_32_4_1_U1718  |mac_muladd_8s_8s_32s_32_4_1  |  i0 * i1 + i2|
    |mac_muladd_8s_8s_32s_32_4_1_U1719  |mac_muladd_8s_8s_32s_32_4_1  |  i0 * i1 + i2|
    |mac_muladd_8s_8s_32s_32_4_1_U1720  |mac_muladd_8s_8s_32s_32_4_1  |  i0 * i1 + i2|
    |mac_muladd_8s_8s_32s_32_4_1_U1721  |mac_muladd_8s_8s_32s_32_4_1  |  i0 * i1 + i2|
    |mac_muladd_8s_8s_32s_32_4_1_U1722  |mac_muladd_8s_8s_32s_32_4_1  |  i0 * i1 + i2|
    |mac_muladd_8s_8s_32s_32_4_1_U1723  |mac_muladd_8s_8s_32s_32_4_1  |  i0 * i1 + i2|
    |mac_muladd_8s_8s_32s_32_4_1_U1724  |mac_muladd_8s_8s_32s_32_4_1  |  i0 * i1 + i2|
    |mac_muladd_8s_8s_32s_32_4_1_U1725  |mac_muladd_8s_8s_32s_32_4_1  |  i0 * i1 + i2|
    |mac_muladd_8s_8s_32s_32_4_1_U1726  |mac_muladd_8s_8s_32s_32_4_1  |  i0 * i1 + i2|
    |mac_muladd_8s_8s_32s_32_4_1_U1727  |mac_muladd_8s_8s_32s_32_4_1  |  i0 * i1 + i2|
    |mac_muladd_8s_8s_32s_32_4_1_U1728  |mac_muladd_8s_8s_32s_32_4_1  |  i0 * i1 + i2|
    |mac_muladd_8s_8s_32s_32_4_1_U1729  |mac_muladd_8s_8s_32s_32_4_1  |  i0 * i1 + i2|
    |mac_muladd_8s_8s_32s_32_4_1_U1730  |mac_muladd_8s_8s_32s_32_4_1  |  i0 * i1 + i2|
    |mac_muladd_8s_8s_32s_32_4_1_U1731  |mac_muladd_8s_8s_32s_32_4_1  |  i0 * i1 + i2|
    |mac_muladd_8s_8s_32s_32_4_1_U1732  |mac_muladd_8s_8s_32s_32_4_1  |  i0 * i1 + i2|
    |mac_muladd_8s_8s_32s_32_4_1_U1733  |mac_muladd_8s_8s_32s_32_4_1  |  i0 * i1 + i2|
    |mac_muladd_8s_8s_32s_32_4_1_U1734  |mac_muladd_8s_8s_32s_32_4_1  |  i0 * i1 + i2|
    |mac_muladd_8s_8s_32s_32_4_1_U1735  |mac_muladd_8s_8s_32s_32_4_1  |  i0 * i1 + i2|
    |mac_muladd_8s_8s_32s_32_4_1_U1736  |mac_muladd_8s_8s_32s_32_4_1  |  i0 * i1 + i2|
    |mac_muladd_8s_8s_32s_32_4_1_U1737  |mac_muladd_8s_8s_32s_32_4_1  |  i0 * i1 + i2|
    |mac_muladd_8s_8s_32s_32_4_1_U1738  |mac_muladd_8s_8s_32s_32_4_1  |  i0 * i1 + i2|
    |mac_muladd_8s_8s_32s_32_4_1_U1739  |mac_muladd_8s_8s_32s_32_4_1  |  i0 * i1 + i2|
    |mac_muladd_8s_8s_32s_32_4_1_U1740  |mac_muladd_8s_8s_32s_32_4_1  |  i0 * i1 + i2|
    |mac_muladd_8s_8s_32s_32_4_1_U1741  |mac_muladd_8s_8s_32s_32_4_1  |  i0 * i1 + i2|
    |mac_muladd_8s_8s_32s_32_4_1_U1742  |mac_muladd_8s_8s_32s_32_4_1  |  i0 * i1 + i2|
    |mac_muladd_8s_8s_32s_32_4_1_U1743  |mac_muladd_8s_8s_32s_32_4_1  |  i0 * i1 + i2|
    |mac_muladd_8s_8s_32s_32_4_1_U1744  |mac_muladd_8s_8s_32s_32_4_1  |  i0 * i1 + i2|
    |mac_muladd_8s_8s_32s_32_4_1_U1745  |mac_muladd_8s_8s_32s_32_4_1  |  i0 * i1 + i2|
    |mac_muladd_8s_8s_32s_32_4_1_U1746  |mac_muladd_8s_8s_32s_32_4_1  |  i0 * i1 + i2|
    |mac_muladd_8s_8s_32s_32_4_1_U1747  |mac_muladd_8s_8s_32s_32_4_1  |  i0 * i1 + i2|
    |mac_muladd_8s_8s_32s_32_4_1_U1748  |mac_muladd_8s_8s_32s_32_4_1  |  i0 * i1 + i2|
    |mac_muladd_8s_8s_32s_32_4_1_U1749  |mac_muladd_8s_8s_32s_32_4_1  |  i0 * i1 + i2|
    |mac_muladd_8s_8s_32s_32_4_1_U1750  |mac_muladd_8s_8s_32s_32_4_1  |  i0 * i1 + i2|
    |mac_muladd_8s_8s_32s_32_4_1_U1751  |mac_muladd_8s_8s_32s_32_4_1  |  i0 * i1 + i2|
    |mac_muladd_8s_8s_32s_32_4_1_U1752  |mac_muladd_8s_8s_32s_32_4_1  |  i0 * i1 + i2|
    |mac_muladd_8s_8s_32s_32_4_1_U1753  |mac_muladd_8s_8s_32s_32_4_1  |  i0 * i1 + i2|
    |mac_muladd_8s_8s_32s_32_4_1_U1754  |mac_muladd_8s_8s_32s_32_4_1  |  i0 * i1 + i2|
    |mac_muladd_8s_8s_32s_32_4_1_U1755  |mac_muladd_8s_8s_32s_32_4_1  |  i0 * i1 + i2|
    |mac_muladd_8s_8s_32s_32_4_1_U1756  |mac_muladd_8s_8s_32s_32_4_1  |  i0 * i1 + i2|
    |mac_muladd_8s_8s_32s_32_4_1_U1757  |mac_muladd_8s_8s_32s_32_4_1  |  i0 * i1 + i2|
    |mac_muladd_8s_8s_32s_32_4_1_U1758  |mac_muladd_8s_8s_32s_32_4_1  |  i0 * i1 + i2|
    |mac_muladd_8s_8s_32s_32_4_1_U1759  |mac_muladd_8s_8s_32s_32_4_1  |  i0 * i1 + i2|
    |mac_muladd_8s_8s_32s_32_4_1_U1760  |mac_muladd_8s_8s_32s_32_4_1  |  i0 * i1 + i2|
    |mac_muladd_8s_8s_32s_32_4_1_U1761  |mac_muladd_8s_8s_32s_32_4_1  |  i0 * i1 + i2|
    |mac_muladd_8s_8s_32s_32_4_1_U1762  |mac_muladd_8s_8s_32s_32_4_1  |  i0 * i1 + i2|
    |mac_muladd_8s_8s_32s_32_4_1_U1763  |mac_muladd_8s_8s_32s_32_4_1  |  i0 * i1 + i2|
    |mac_muladd_8s_8s_32s_32_4_1_U1764  |mac_muladd_8s_8s_32s_32_4_1  |  i0 * i1 + i2|
    |mac_muladd_8s_8s_32s_32_4_1_U1765  |mac_muladd_8s_8s_32s_32_4_1  |  i0 * i1 + i2|
    |mac_muladd_8s_8s_32s_32_4_1_U1766  |mac_muladd_8s_8s_32s_32_4_1  |  i0 * i1 + i2|
    |mac_muladd_8s_8s_32s_32_4_1_U1767  |mac_muladd_8s_8s_32s_32_4_1  |  i0 * i1 + i2|
    |mac_muladd_8s_8s_32s_32_4_1_U1768  |mac_muladd_8s_8s_32s_32_4_1  |  i0 * i1 + i2|
    |mac_muladd_8s_8s_32s_32_4_1_U1769  |mac_muladd_8s_8s_32s_32_4_1  |  i0 * i1 + i2|
    |mac_muladd_8s_8s_32s_32_4_1_U1770  |mac_muladd_8s_8s_32s_32_4_1  |  i0 * i1 + i2|
    |mac_muladd_8s_8s_32s_32_4_1_U1771  |mac_muladd_8s_8s_32s_32_4_1  |  i0 * i1 + i2|
    |mac_muladd_8s_8s_32s_32_4_1_U1772  |mac_muladd_8s_8s_32s_32_4_1  |  i0 * i1 + i2|
    |mac_muladd_8s_8s_32s_32_4_1_U1773  |mac_muladd_8s_8s_32s_32_4_1  |  i0 * i1 + i2|
    |mac_muladd_8s_8s_32s_32_4_1_U1774  |mac_muladd_8s_8s_32s_32_4_1  |  i0 * i1 + i2|
    |mac_muladd_8s_8s_32s_32_4_1_U1775  |mac_muladd_8s_8s_32s_32_4_1  |  i0 * i1 + i2|
    |mac_muladd_8s_8s_32s_32_4_1_U1776  |mac_muladd_8s_8s_32s_32_4_1  |  i0 * i1 + i2|
    |mac_muladd_8s_8s_32s_32_4_1_U1777  |mac_muladd_8s_8s_32s_32_4_1  |  i0 * i1 + i2|
    |mac_muladd_8s_8s_32s_32_4_1_U1778  |mac_muladd_8s_8s_32s_32_4_1  |  i0 * i1 + i2|
    |mac_muladd_8s_8s_32s_32_4_1_U1779  |mac_muladd_8s_8s_32s_32_4_1  |  i0 * i1 + i2|
    |mac_muladd_8s_8s_32s_32_4_1_U1780  |mac_muladd_8s_8s_32s_32_4_1  |  i0 * i1 + i2|
    |mac_muladd_8s_8s_32s_32_4_1_U1781  |mac_muladd_8s_8s_32s_32_4_1  |  i0 * i1 + i2|
    |mac_muladd_8s_8s_32s_32_4_1_U1782  |mac_muladd_8s_8s_32s_32_4_1  |  i0 * i1 + i2|
    |mac_muladd_8s_8s_32s_32_4_1_U1783  |mac_muladd_8s_8s_32s_32_4_1  |  i0 * i1 + i2|
    |mac_muladd_8s_8s_32s_32_4_1_U1784  |mac_muladd_8s_8s_32s_32_4_1  |  i0 * i1 + i2|
    |mac_muladd_8s_8s_32s_32_4_1_U1785  |mac_muladd_8s_8s_32s_32_4_1  |  i0 * i1 + i2|
    |mac_muladd_8s_8s_32s_32_4_1_U1786  |mac_muladd_8s_8s_32s_32_4_1  |  i0 * i1 + i2|
    |mac_muladd_8s_8s_32s_32_4_1_U1787  |mac_muladd_8s_8s_32s_32_4_1  |  i0 * i1 + i2|
    |mac_muladd_8s_8s_32s_32_4_1_U1788  |mac_muladd_8s_8s_32s_32_4_1  |  i0 * i1 + i2|
    |mac_muladd_8s_8s_32s_32_4_1_U1789  |mac_muladd_8s_8s_32s_32_4_1  |  i0 * i1 + i2|
    |mac_muladd_8s_8s_32s_32_4_1_U1790  |mac_muladd_8s_8s_32s_32_4_1  |  i0 * i1 + i2|
    |mac_muladd_8s_8s_32s_32_4_1_U1791  |mac_muladd_8s_8s_32s_32_4_1  |  i0 * i1 + i2|
    |mac_muladd_8s_8s_32s_32_4_1_U1792  |mac_muladd_8s_8s_32s_32_4_1  |  i0 * i1 + i2|
    |mac_muladd_8s_8s_32s_32_4_1_U1793  |mac_muladd_8s_8s_32s_32_4_1  |  i0 * i1 + i2|
    |mac_muladd_8s_8s_32s_32_4_1_U1794  |mac_muladd_8s_8s_32s_32_4_1  |  i0 * i1 + i2|
    |mac_muladd_8s_8s_32s_32_4_1_U1795  |mac_muladd_8s_8s_32s_32_4_1  |  i0 * i1 + i2|
    |mac_muladd_8s_8s_32s_32_4_1_U1796  |mac_muladd_8s_8s_32s_32_4_1  |  i0 * i1 + i2|
    |mac_muladd_8s_8s_32s_32_4_1_U1797  |mac_muladd_8s_8s_32s_32_4_1  |  i0 * i1 + i2|
    |mac_muladd_8s_8s_32s_32_4_1_U1798  |mac_muladd_8s_8s_32s_32_4_1  |  i0 * i1 + i2|
    |mac_muladd_8s_8s_32s_32_4_1_U1799  |mac_muladd_8s_8s_32s_32_4_1  |  i0 * i1 + i2|
    |mac_muladd_8s_8s_32s_32_4_1_U1800  |mac_muladd_8s_8s_32s_32_4_1  |  i0 * i1 + i2|
    |mac_muladd_8s_8s_32s_32_4_1_U1801  |mac_muladd_8s_8s_32s_32_4_1  |  i0 * i1 + i2|
    |mac_muladd_8s_8s_32s_32_4_1_U1802  |mac_muladd_8s_8s_32s_32_4_1  |  i0 * i1 + i2|
    |mac_muladd_8s_8s_32s_32_4_1_U1803  |mac_muladd_8s_8s_32s_32_4_1  |  i0 * i1 + i2|
    |mac_muladd_8s_8s_32s_32_4_1_U1804  |mac_muladd_8s_8s_32s_32_4_1  |  i0 * i1 + i2|
    |mac_muladd_8s_8s_32s_32_4_1_U1805  |mac_muladd_8s_8s_32s_32_4_1  |  i0 * i1 + i2|
    |mac_muladd_8s_8s_32s_32_4_1_U1806  |mac_muladd_8s_8s_32s_32_4_1  |  i0 * i1 + i2|
    |mac_muladd_8s_8s_32s_32_4_1_U1807  |mac_muladd_8s_8s_32s_32_4_1  |  i0 * i1 + i2|
    |mac_muladd_8s_8s_32s_32_4_1_U1808  |mac_muladd_8s_8s_32s_32_4_1  |  i0 * i1 + i2|
    |mac_muladd_8s_8s_32s_32_4_1_U1809  |mac_muladd_8s_8s_32s_32_4_1  |  i0 * i1 + i2|
    |mac_muladd_8s_8s_32s_32_4_1_U1810  |mac_muladd_8s_8s_32s_32_4_1  |  i0 * i1 + i2|
    |mac_muladd_8s_8s_32s_32_4_1_U1811  |mac_muladd_8s_8s_32s_32_4_1  |  i0 * i1 + i2|
    |mac_muladd_8s_8s_32s_32_4_1_U1812  |mac_muladd_8s_8s_32s_32_4_1  |  i0 * i1 + i2|
    |mac_muladd_8s_8s_32s_32_4_1_U1813  |mac_muladd_8s_8s_32s_32_4_1  |  i0 * i1 + i2|
    |mac_muladd_8s_8s_32s_32_4_1_U1814  |mac_muladd_8s_8s_32s_32_4_1  |  i0 * i1 + i2|
    |mac_muladd_8s_8s_32s_32_4_1_U1815  |mac_muladd_8s_8s_32s_32_4_1  |  i0 * i1 + i2|
    |mac_muladd_8s_8s_32s_32_4_1_U1816  |mac_muladd_8s_8s_32s_32_4_1  |  i0 * i1 + i2|
    |mac_muladd_8s_8s_32s_32_4_1_U1817  |mac_muladd_8s_8s_32s_32_4_1  |  i0 * i1 + i2|
    |mac_muladd_8s_8s_32s_32_4_1_U1818  |mac_muladd_8s_8s_32s_32_4_1  |  i0 * i1 + i2|
    |mac_muladd_8s_8s_32s_32_4_1_U1819  |mac_muladd_8s_8s_32s_32_4_1  |  i0 * i1 + i2|
    |mac_muladd_8s_8s_32s_32_4_1_U1820  |mac_muladd_8s_8s_32s_32_4_1  |  i0 * i1 + i2|
    |mac_muladd_8s_8s_32s_32_4_1_U1821  |mac_muladd_8s_8s_32s_32_4_1  |  i0 * i1 + i2|
    |mac_muladd_8s_8s_32s_32_4_1_U1822  |mac_muladd_8s_8s_32s_32_4_1  |  i0 * i1 + i2|
    |mac_muladd_8s_8s_32s_32_4_1_U1823  |mac_muladd_8s_8s_32s_32_4_1  |  i0 * i1 + i2|
    |mac_muladd_8s_8s_32s_32_4_1_U1824  |mac_muladd_8s_8s_32s_32_4_1  |  i0 * i1 + i2|
    |mac_muladd_8s_8s_32s_32_4_1_U1825  |mac_muladd_8s_8s_32s_32_4_1  |  i0 * i1 + i2|
    |mac_muladd_8s_8s_32s_32_4_1_U1826  |mac_muladd_8s_8s_32s_32_4_1  |  i0 * i1 + i2|
    |mac_muladd_8s_8s_32s_32_4_1_U1827  |mac_muladd_8s_8s_32s_32_4_1  |  i0 * i1 + i2|
    |mac_muladd_8s_8s_32s_32_4_1_U1828  |mac_muladd_8s_8s_32s_32_4_1  |  i0 * i1 + i2|
    |mac_muladd_8s_8s_32s_32_4_1_U1829  |mac_muladd_8s_8s_32s_32_4_1  |  i0 * i1 + i2|
    |mac_muladd_8s_8s_32s_32_4_1_U1830  |mac_muladd_8s_8s_32s_32_4_1  |  i0 * i1 + i2|
    |mac_muladd_8s_8s_32s_32_4_1_U1831  |mac_muladd_8s_8s_32s_32_4_1  |  i0 * i1 + i2|
    |mac_muladd_8s_8s_32s_32_4_1_U1832  |mac_muladd_8s_8s_32s_32_4_1  |  i0 * i1 + i2|
    |mac_muladd_8s_8s_32s_32_4_1_U1833  |mac_muladd_8s_8s_32s_32_4_1  |  i0 * i1 + i2|
    |mac_muladd_8s_8s_32s_32_4_1_U1834  |mac_muladd_8s_8s_32s_32_4_1  |  i0 * i1 + i2|
    |mac_muladd_8s_8s_32s_32_4_1_U1835  |mac_muladd_8s_8s_32s_32_4_1  |  i0 * i1 + i2|
    |mac_muladd_8s_8s_32s_32_4_1_U1836  |mac_muladd_8s_8s_32s_32_4_1  |  i0 * i1 + i2|
    |mac_muladd_8s_8s_32s_32_4_1_U1837  |mac_muladd_8s_8s_32s_32_4_1  |  i0 * i1 + i2|
    |mac_muladd_8s_8s_32s_32_4_1_U1838  |mac_muladd_8s_8s_32s_32_4_1  |  i0 * i1 + i2|
    |mac_muladd_8s_8s_32s_32_4_1_U1839  |mac_muladd_8s_8s_32s_32_4_1  |  i0 * i1 + i2|
    |mac_muladd_8s_8s_32s_32_4_1_U1840  |mac_muladd_8s_8s_32s_32_4_1  |  i0 * i1 + i2|
    |mac_muladd_8s_8s_32s_32_4_1_U1841  |mac_muladd_8s_8s_32s_32_4_1  |  i0 * i1 + i2|
    |mac_muladd_8s_8s_32s_32_4_1_U1842  |mac_muladd_8s_8s_32s_32_4_1  |  i0 * i1 + i2|
    |mac_muladd_8s_8s_32s_32_4_1_U1843  |mac_muladd_8s_8s_32s_32_4_1  |  i0 * i1 + i2|
    |mac_muladd_8s_8s_32s_32_4_1_U1844  |mac_muladd_8s_8s_32s_32_4_1  |  i0 * i1 + i2|
    |mac_muladd_8s_8s_32s_32_4_1_U1845  |mac_muladd_8s_8s_32s_32_4_1  |  i0 * i1 + i2|
    |mac_muladd_8s_8s_32s_32_4_1_U1846  |mac_muladd_8s_8s_32s_32_4_1  |  i0 * i1 + i2|
    |mac_muladd_8s_8s_32s_32_4_1_U1847  |mac_muladd_8s_8s_32s_32_4_1  |  i0 * i1 + i2|
    |mac_muladd_8s_8s_32s_32_4_1_U1848  |mac_muladd_8s_8s_32s_32_4_1  |  i0 * i1 + i2|
    |mac_muladd_8s_8s_32s_32_4_1_U1849  |mac_muladd_8s_8s_32s_32_4_1  |  i0 * i1 + i2|
    |mac_muladd_8s_8s_32s_32_4_1_U1850  |mac_muladd_8s_8s_32s_32_4_1  |  i0 * i1 + i2|
    |mac_muladd_8s_8s_32s_32_4_1_U1851  |mac_muladd_8s_8s_32s_32_4_1  |  i0 * i1 + i2|
    |mac_muladd_8s_8s_32s_32_4_1_U1852  |mac_muladd_8s_8s_32s_32_4_1  |  i0 * i1 + i2|
    |mac_muladd_8s_8s_32s_32_4_1_U1853  |mac_muladd_8s_8s_32s_32_4_1  |  i0 * i1 + i2|
    |mac_muladd_8s_8s_32s_32_4_1_U1854  |mac_muladd_8s_8s_32s_32_4_1  |  i0 * i1 + i2|
    |mac_muladd_8s_8s_32s_32_4_1_U1855  |mac_muladd_8s_8s_32s_32_4_1  |  i0 * i1 + i2|
    |mac_muladd_8s_8s_32s_32_4_1_U1856  |mac_muladd_8s_8s_32s_32_4_1  |  i0 * i1 + i2|
    |mac_muladd_8s_8s_32s_32_4_1_U1857  |mac_muladd_8s_8s_32s_32_4_1  |  i0 * i1 + i2|
    |mac_muladd_8s_8s_32s_32_4_1_U1858  |mac_muladd_8s_8s_32s_32_4_1  |  i0 * i1 + i2|
    |mac_muladd_8s_8s_32s_32_4_1_U1859  |mac_muladd_8s_8s_32s_32_4_1  |  i0 * i1 + i2|
    |mac_muladd_8s_8s_32s_32_4_1_U1860  |mac_muladd_8s_8s_32s_32_4_1  |  i0 * i1 + i2|
    |mac_muladd_8s_8s_32s_32_4_1_U1861  |mac_muladd_8s_8s_32s_32_4_1  |  i0 * i1 + i2|
    |mac_muladd_8s_8s_32s_32_4_1_U1862  |mac_muladd_8s_8s_32s_32_4_1  |  i0 * i1 + i2|
    |mac_muladd_8s_8s_32s_32_4_1_U1863  |mac_muladd_8s_8s_32s_32_4_1  |  i0 * i1 + i2|
    |mac_muladd_8s_8s_32s_32_4_1_U1864  |mac_muladd_8s_8s_32s_32_4_1  |  i0 * i1 + i2|
    |mac_muladd_8s_8s_32s_32_4_1_U1865  |mac_muladd_8s_8s_32s_32_4_1  |  i0 * i1 + i2|
    |mac_muladd_8s_8s_32s_32_4_1_U1866  |mac_muladd_8s_8s_32s_32_4_1  |  i0 * i1 + i2|
    |mac_muladd_8s_8s_32s_32_4_1_U1867  |mac_muladd_8s_8s_32s_32_4_1  |  i0 * i1 + i2|
    |mac_muladd_8s_8s_32s_32_4_1_U1868  |mac_muladd_8s_8s_32s_32_4_1  |  i0 * i1 + i2|
    |mac_muladd_8s_8s_32s_32_4_1_U1869  |mac_muladd_8s_8s_32s_32_4_1  |  i0 * i1 + i2|
    |mac_muladd_8s_8s_32s_32_4_1_U1870  |mac_muladd_8s_8s_32s_32_4_1  |  i0 * i1 + i2|
    |mac_muladd_8s_8s_32s_32_4_1_U1871  |mac_muladd_8s_8s_32s_32_4_1  |  i0 * i1 + i2|
    |mac_muladd_8s_8s_32s_32_4_1_U1872  |mac_muladd_8s_8s_32s_32_4_1  |  i0 * i1 + i2|
    |mac_muladd_8s_8s_32s_32_4_1_U1873  |mac_muladd_8s_8s_32s_32_4_1  |  i0 * i1 + i2|
    |mac_muladd_8s_8s_32s_32_4_1_U1874  |mac_muladd_8s_8s_32s_32_4_1  |  i0 * i1 + i2|
    |mac_muladd_8s_8s_32s_32_4_1_U1875  |mac_muladd_8s_8s_32s_32_4_1  |  i0 * i1 + i2|
    |mac_muladd_8s_8s_32s_32_4_1_U1876  |mac_muladd_8s_8s_32s_32_4_1  |  i0 * i1 + i2|
    |mac_muladd_8s_8s_32s_32_4_1_U1877  |mac_muladd_8s_8s_32s_32_4_1  |  i0 * i1 + i2|
    |mac_muladd_8s_8s_32s_32_4_1_U1878  |mac_muladd_8s_8s_32s_32_4_1  |  i0 * i1 + i2|
    |mac_muladd_8s_8s_32s_32_4_1_U1879  |mac_muladd_8s_8s_32s_32_4_1  |  i0 * i1 + i2|
    |mac_muladd_8s_8s_32s_32_4_1_U1880  |mac_muladd_8s_8s_32s_32_4_1  |  i0 * i1 + i2|
    |mac_muladd_8s_8s_32s_32_4_1_U1881  |mac_muladd_8s_8s_32s_32_4_1  |  i0 * i1 + i2|
    |mac_muladd_8s_8s_32s_32_4_1_U1882  |mac_muladd_8s_8s_32s_32_4_1  |  i0 * i1 + i2|
    |mac_muladd_8s_8s_32s_32_4_1_U1883  |mac_muladd_8s_8s_32s_32_4_1  |  i0 * i1 + i2|
    |mac_muladd_8s_8s_32s_32_4_1_U1884  |mac_muladd_8s_8s_32s_32_4_1  |  i0 * i1 + i2|
    |mac_muladd_8s_8s_32s_32_4_1_U1885  |mac_muladd_8s_8s_32s_32_4_1  |  i0 * i1 + i2|
    |mac_muladd_8s_8s_32s_32_4_1_U1886  |mac_muladd_8s_8s_32s_32_4_1  |  i0 * i1 + i2|
    |mac_muladd_8s_8s_32s_32_4_1_U1887  |mac_muladd_8s_8s_32s_32_4_1  |  i0 * i1 + i2|
    |mac_muladd_8s_8s_32s_32_4_1_U1888  |mac_muladd_8s_8s_32s_32_4_1  |  i0 * i1 + i2|
    |mac_muladd_8s_8s_32s_32_4_1_U1889  |mac_muladd_8s_8s_32s_32_4_1  |  i0 * i1 + i2|
    |mac_muladd_8s_8s_32s_32_4_1_U1890  |mac_muladd_8s_8s_32s_32_4_1  |  i0 * i1 + i2|
    |mac_muladd_8s_8s_32s_32_4_1_U1891  |mac_muladd_8s_8s_32s_32_4_1  |  i0 * i1 + i2|
    |mac_muladd_8s_8s_32s_32_4_1_U1892  |mac_muladd_8s_8s_32s_32_4_1  |  i0 * i1 + i2|
    |mac_muladd_8s_8s_32s_32_4_1_U1893  |mac_muladd_8s_8s_32s_32_4_1  |  i0 * i1 + i2|
    |mac_muladd_8s_8s_32s_32_4_1_U1894  |mac_muladd_8s_8s_32s_32_4_1  |  i0 * i1 + i2|
    |mac_muladd_8s_8s_32s_32_4_1_U1895  |mac_muladd_8s_8s_32s_32_4_1  |  i0 * i1 + i2|
    |mac_muladd_8s_8s_32s_32_4_1_U1896  |mac_muladd_8s_8s_32s_32_4_1  |  i0 * i1 + i2|
    |mac_muladd_8s_8s_32s_32_4_1_U1897  |mac_muladd_8s_8s_32s_32_4_1  |  i0 * i1 + i2|
    |mac_muladd_8s_8s_32s_32_4_1_U1898  |mac_muladd_8s_8s_32s_32_4_1  |  i0 * i1 + i2|
    |mac_muladd_8s_8s_32s_32_4_1_U1899  |mac_muladd_8s_8s_32s_32_4_1  |  i0 * i1 + i2|
    |mac_muladd_8s_8s_32s_32_4_1_U1900  |mac_muladd_8s_8s_32s_32_4_1  |  i0 * i1 + i2|
    |mac_muladd_8s_8s_32s_32_4_1_U1901  |mac_muladd_8s_8s_32s_32_4_1  |  i0 * i1 + i2|
    |mac_muladd_8s_8s_32s_32_4_1_U1902  |mac_muladd_8s_8s_32s_32_4_1  |  i0 * i1 + i2|
    |mac_muladd_8s_8s_32s_32_4_1_U1903  |mac_muladd_8s_8s_32s_32_4_1  |  i0 * i1 + i2|
    |mac_muladd_8s_8s_32s_32_4_1_U1904  |mac_muladd_8s_8s_32s_32_4_1  |  i0 * i1 + i2|
    |mac_muladd_8s_8s_32s_32_4_1_U1905  |mac_muladd_8s_8s_32s_32_4_1  |  i0 * i1 + i2|
    |mac_muladd_8s_8s_32s_32_4_1_U1906  |mac_muladd_8s_8s_32s_32_4_1  |  i0 * i1 + i2|
    |mac_muladd_8s_8s_32s_32_4_1_U1907  |mac_muladd_8s_8s_32s_32_4_1  |  i0 * i1 + i2|
    |mac_muladd_8s_8s_32s_32_4_1_U1908  |mac_muladd_8s_8s_32s_32_4_1  |  i0 * i1 + i2|
    |mac_muladd_8s_8s_32s_32_4_1_U1909  |mac_muladd_8s_8s_32s_32_4_1  |  i0 * i1 + i2|
    |mac_muladd_8s_8s_32s_32_4_1_U1910  |mac_muladd_8s_8s_32s_32_4_1  |  i0 * i1 + i2|
    |mac_muladd_8s_8s_32s_32_4_1_U1911  |mac_muladd_8s_8s_32s_32_4_1  |  i0 * i1 + i2|
    |mac_muladd_8s_8s_32s_32_4_1_U1912  |mac_muladd_8s_8s_32s_32_4_1  |  i0 * i1 + i2|
    |mac_muladd_8s_8s_32s_32_4_1_U1913  |mac_muladd_8s_8s_32s_32_4_1  |  i0 * i1 + i2|
    |mac_muladd_8s_8s_32s_32_4_1_U1914  |mac_muladd_8s_8s_32s_32_4_1  |  i0 * i1 + i2|
    |mac_muladd_8s_8s_32s_32_4_1_U1915  |mac_muladd_8s_8s_32s_32_4_1  |  i0 * i1 + i2|
    |mac_muladd_8s_8s_32s_32_4_1_U1916  |mac_muladd_8s_8s_32s_32_4_1  |  i0 * i1 + i2|
    |mac_muladd_8s_8s_32s_32_4_1_U1917  |mac_muladd_8s_8s_32s_32_4_1  |  i0 * i1 + i2|
    |mac_muladd_8s_8s_32s_32_4_1_U1918  |mac_muladd_8s_8s_32s_32_4_1  |  i0 * i1 + i2|
    |mac_muladd_8s_8s_32s_32_4_1_U1919  |mac_muladd_8s_8s_32s_32_4_1  |  i0 * i1 + i2|
    |mac_muladd_8s_8s_32s_32_4_1_U1920  |mac_muladd_8s_8s_32s_32_4_1  |  i0 * i1 + i2|
    |mac_muladd_8s_8s_32s_32_4_1_U1921  |mac_muladd_8s_8s_32s_32_4_1  |  i0 * i1 + i2|
    |mac_muladd_8s_8s_32s_32_4_1_U1922  |mac_muladd_8s_8s_32s_32_4_1  |  i0 * i1 + i2|
    |mac_muladd_8s_8s_32s_32_4_1_U1923  |mac_muladd_8s_8s_32s_32_4_1  |  i0 * i1 + i2|
    |mac_muladd_8s_8s_32s_32_4_1_U1924  |mac_muladd_8s_8s_32s_32_4_1  |  i0 * i1 + i2|
    |mac_muladd_8s_8s_32s_32_4_1_U1925  |mac_muladd_8s_8s_32s_32_4_1  |  i0 * i1 + i2|
    |mac_muladd_8s_8s_32s_32_4_1_U1926  |mac_muladd_8s_8s_32s_32_4_1  |  i0 * i1 + i2|
    |mac_muladd_8s_8s_32s_32_4_1_U1927  |mac_muladd_8s_8s_32s_32_4_1  |  i0 * i1 + i2|
    |mac_muladd_8s_8s_32s_32_4_1_U1928  |mac_muladd_8s_8s_32s_32_4_1  |  i0 * i1 + i2|
    |mac_muladd_8s_8s_32s_32_4_1_U1929  |mac_muladd_8s_8s_32s_32_4_1  |  i0 * i1 + i2|
    |mac_muladd_8s_8s_32s_32_4_1_U1930  |mac_muladd_8s_8s_32s_32_4_1  |  i0 * i1 + i2|
    |mac_muladd_8s_8s_32s_32_4_1_U1931  |mac_muladd_8s_8s_32s_32_4_1  |  i0 * i1 + i2|
    |mac_muladd_8s_8s_32s_32_4_1_U1932  |mac_muladd_8s_8s_32s_32_4_1  |  i0 * i1 + i2|
    |mac_muladd_8s_8s_32s_32_4_1_U1933  |mac_muladd_8s_8s_32s_32_4_1  |  i0 * i1 + i2|
    |mac_muladd_8s_8s_32s_32_4_1_U1934  |mac_muladd_8s_8s_32s_32_4_1  |  i0 * i1 + i2|
    |mac_muladd_8s_8s_32s_32_4_1_U1935  |mac_muladd_8s_8s_32s_32_4_1  |  i0 * i1 + i2|
    |mac_muladd_8s_8s_32s_32_4_1_U1936  |mac_muladd_8s_8s_32s_32_4_1  |  i0 * i1 + i2|
    |mac_muladd_8s_8s_32s_32_4_1_U1937  |mac_muladd_8s_8s_32s_32_4_1  |  i0 * i1 + i2|
    |mac_muladd_8s_8s_32s_32_4_1_U1938  |mac_muladd_8s_8s_32s_32_4_1  |  i0 * i1 + i2|
    |mac_muladd_8s_8s_32s_32_4_1_U1939  |mac_muladd_8s_8s_32s_32_4_1  |  i0 * i1 + i2|
    |mac_muladd_8s_8s_32s_32_4_1_U1940  |mac_muladd_8s_8s_32s_32_4_1  |  i0 * i1 + i2|
    |mac_muladd_8s_8s_32s_32_4_1_U1941  |mac_muladd_8s_8s_32s_32_4_1  |  i0 * i1 + i2|
    |mac_muladd_8s_8s_32s_32_4_1_U1942  |mac_muladd_8s_8s_32s_32_4_1  |  i0 * i1 + i2|
    |mac_muladd_8s_8s_32s_32_4_1_U1943  |mac_muladd_8s_8s_32s_32_4_1  |  i0 * i1 + i2|
    |mac_muladd_8s_8s_32s_32_4_1_U1944  |mac_muladd_8s_8s_32s_32_4_1  |  i0 * i1 + i2|
    |mac_muladd_8s_8s_32s_32_4_1_U1945  |mac_muladd_8s_8s_32s_32_4_1  |  i0 * i1 + i2|
    |mac_muladd_8s_8s_32s_32_4_1_U1946  |mac_muladd_8s_8s_32s_32_4_1  |  i0 * i1 + i2|
    |mac_muladd_8s_8s_32s_32_4_1_U1947  |mac_muladd_8s_8s_32s_32_4_1  |  i0 * i1 + i2|
    |mac_muladd_8s_8s_32s_32_4_1_U1948  |mac_muladd_8s_8s_32s_32_4_1  |  i0 * i1 + i2|
    |mac_muladd_8s_8s_32s_32_4_1_U1949  |mac_muladd_8s_8s_32s_32_4_1  |  i0 * i1 + i2|
    |mac_muladd_8s_8s_32s_32_4_1_U1950  |mac_muladd_8s_8s_32s_32_4_1  |  i0 * i1 + i2|
    |mac_muladd_8s_8s_32s_32_4_1_U1951  |mac_muladd_8s_8s_32s_32_4_1  |  i0 * i1 + i2|
    |mac_muladd_8s_8s_32s_32_4_1_U1952  |mac_muladd_8s_8s_32s_32_4_1  |  i0 * i1 + i2|
    |mac_muladd_8s_8s_32s_32_4_1_U1953  |mac_muladd_8s_8s_32s_32_4_1  |  i0 * i1 + i2|
    |mac_muladd_8s_8s_32s_32_4_1_U1954  |mac_muladd_8s_8s_32s_32_4_1  |  i0 * i1 + i2|
    |mac_muladd_8s_8s_32s_32_4_1_U1955  |mac_muladd_8s_8s_32s_32_4_1  |  i0 * i1 + i2|
    |mac_muladd_8s_8s_32s_32_4_1_U1956  |mac_muladd_8s_8s_32s_32_4_1  |  i0 * i1 + i2|
    |mac_muladd_8s_8s_32s_32_4_1_U1957  |mac_muladd_8s_8s_32s_32_4_1  |  i0 * i1 + i2|
    |mac_muladd_8s_8s_32s_32_4_1_U1958  |mac_muladd_8s_8s_32s_32_4_1  |  i0 * i1 + i2|
    |mac_muladd_8s_8s_32s_32_4_1_U1959  |mac_muladd_8s_8s_32s_32_4_1  |  i0 * i1 + i2|
    |mac_muladd_8s_8s_32s_32_4_1_U1960  |mac_muladd_8s_8s_32s_32_4_1  |  i0 * i1 + i2|
    |mac_muladd_8s_8s_32s_32_4_1_U1961  |mac_muladd_8s_8s_32s_32_4_1  |  i0 * i1 + i2|
    |mac_muladd_8s_8s_32s_32_4_1_U1962  |mac_muladd_8s_8s_32s_32_4_1  |  i0 * i1 + i2|
    |mac_muladd_8s_8s_32s_32_4_1_U1963  |mac_muladd_8s_8s_32s_32_4_1  |  i0 * i1 + i2|
    |mac_muladd_8s_8s_32s_32_4_1_U1964  |mac_muladd_8s_8s_32s_32_4_1  |  i0 * i1 + i2|
    |mac_muladd_8s_8s_32s_32_4_1_U1965  |mac_muladd_8s_8s_32s_32_4_1  |  i0 * i1 + i2|
    |mac_muladd_8s_8s_32s_32_4_1_U1966  |mac_muladd_8s_8s_32s_32_4_1  |  i0 * i1 + i2|
    |mac_muladd_8s_8s_32s_32_4_1_U1967  |mac_muladd_8s_8s_32s_32_4_1  |  i0 * i1 + i2|
    |mac_muladd_8s_8s_32s_32_4_1_U1968  |mac_muladd_8s_8s_32s_32_4_1  |  i0 * i1 + i2|
    |mac_muladd_8s_8s_32s_32_4_1_U1969  |mac_muladd_8s_8s_32s_32_4_1  |  i0 * i1 + i2|
    |mac_muladd_8s_8s_32s_32_4_1_U1970  |mac_muladd_8s_8s_32s_32_4_1  |  i0 * i1 + i2|
    |mac_muladd_8s_8s_32s_32_4_1_U1971  |mac_muladd_8s_8s_32s_32_4_1  |  i0 * i1 + i2|
    |mac_muladd_8s_8s_32s_32_4_1_U1972  |mac_muladd_8s_8s_32s_32_4_1  |  i0 * i1 + i2|
    |mac_muladd_8s_8s_32s_32_4_1_U1973  |mac_muladd_8s_8s_32s_32_4_1  |  i0 * i1 + i2|
    |mac_muladd_8s_8s_32s_32_4_1_U1974  |mac_muladd_8s_8s_32s_32_4_1  |  i0 * i1 + i2|
    |mac_muladd_8s_8s_32s_32_4_1_U1975  |mac_muladd_8s_8s_32s_32_4_1  |  i0 * i1 + i2|
    |mac_muladd_8s_8s_32s_32_4_1_U1976  |mac_muladd_8s_8s_32s_32_4_1  |  i0 * i1 + i2|
    |mac_muladd_8s_8s_32s_32_4_1_U1977  |mac_muladd_8s_8s_32s_32_4_1  |  i0 * i1 + i2|
    |mac_muladd_8s_8s_32s_32_4_1_U1978  |mac_muladd_8s_8s_32s_32_4_1  |  i0 * i1 + i2|
    |mac_muladd_8s_8s_32s_32_4_1_U1979  |mac_muladd_8s_8s_32s_32_4_1  |  i0 * i1 + i2|
    |mac_muladd_8s_8s_32s_32_4_1_U1980  |mac_muladd_8s_8s_32s_32_4_1  |  i0 * i1 + i2|
    |mac_muladd_8s_8s_32s_32_4_1_U1981  |mac_muladd_8s_8s_32s_32_4_1  |  i0 * i1 + i2|
    |mac_muladd_8s_8s_32s_32_4_1_U1982  |mac_muladd_8s_8s_32s_32_4_1  |  i0 * i1 + i2|
    |mac_muladd_8s_8s_32s_32_4_1_U1983  |mac_muladd_8s_8s_32s_32_4_1  |  i0 * i1 + i2|
    |mac_muladd_8s_8s_32s_32_4_1_U1984  |mac_muladd_8s_8s_32s_32_4_1  |  i0 * i1 + i2|
    |mac_muladd_8s_8s_32s_32_4_1_U1985  |mac_muladd_8s_8s_32s_32_4_1  |  i0 * i1 + i2|
    |mac_muladd_8s_8s_32s_32_4_1_U1986  |mac_muladd_8s_8s_32s_32_4_1  |  i0 * i1 + i2|
    |mac_muladd_8s_8s_32s_32_4_1_U1987  |mac_muladd_8s_8s_32s_32_4_1  |  i0 * i1 + i2|
    |mac_muladd_8s_8s_32s_32_4_1_U1988  |mac_muladd_8s_8s_32s_32_4_1  |  i0 * i1 + i2|
    |mac_muladd_8s_8s_32s_32_4_1_U1989  |mac_muladd_8s_8s_32s_32_4_1  |  i0 * i1 + i2|
    |mac_muladd_8s_8s_32s_32_4_1_U1990  |mac_muladd_8s_8s_32s_32_4_1  |  i0 * i1 + i2|
    |mac_muladd_8s_8s_32s_32_4_1_U1991  |mac_muladd_8s_8s_32s_32_4_1  |  i0 * i1 + i2|
    |mac_muladd_8s_8s_32s_32_4_1_U1992  |mac_muladd_8s_8s_32s_32_4_1  |  i0 * i1 + i2|
    |mac_muladd_8s_8s_32s_32_4_1_U1993  |mac_muladd_8s_8s_32s_32_4_1  |  i0 * i1 + i2|
    |mac_muladd_8s_8s_32s_32_4_1_U1994  |mac_muladd_8s_8s_32s_32_4_1  |  i0 * i1 + i2|
    |mac_muladd_8s_8s_32s_32_4_1_U1995  |mac_muladd_8s_8s_32s_32_4_1  |  i0 * i1 + i2|
    |mac_muladd_8s_8s_32s_32_4_1_U1996  |mac_muladd_8s_8s_32s_32_4_1  |  i0 * i1 + i2|
    |mac_muladd_8s_8s_32s_32_4_1_U1997  |mac_muladd_8s_8s_32s_32_4_1  |  i0 * i1 + i2|
    |mac_muladd_8s_8s_32s_32_4_1_U1998  |mac_muladd_8s_8s_32s_32_4_1  |  i0 * i1 + i2|
    |mac_muladd_8s_8s_32s_32_4_1_U1999  |mac_muladd_8s_8s_32s_32_4_1  |  i0 * i1 + i2|
    |mac_muladd_8s_8s_32s_32_4_1_U2000  |mac_muladd_8s_8s_32s_32_4_1  |  i0 * i1 + i2|
    |mac_muladd_8s_8s_32s_32_4_1_U2001  |mac_muladd_8s_8s_32s_32_4_1  |  i0 * i1 + i2|
    |mac_muladd_8s_8s_32s_32_4_1_U2002  |mac_muladd_8s_8s_32s_32_4_1  |  i0 * i1 + i2|
    |mac_muladd_8s_8s_32s_32_4_1_U2003  |mac_muladd_8s_8s_32s_32_4_1  |  i0 * i1 + i2|
    |mac_muladd_8s_8s_32s_32_4_1_U2004  |mac_muladd_8s_8s_32s_32_4_1  |  i0 * i1 + i2|
    |mac_muladd_8s_8s_32s_32_4_1_U2005  |mac_muladd_8s_8s_32s_32_4_1  |  i0 * i1 + i2|
    |mac_muladd_8s_8s_32s_32_4_1_U2006  |mac_muladd_8s_8s_32s_32_4_1  |  i0 * i1 + i2|
    |mac_muladd_8s_8s_32s_32_4_1_U2007  |mac_muladd_8s_8s_32s_32_4_1  |  i0 * i1 + i2|
    |mac_muladd_8s_8s_32s_32_4_1_U2008  |mac_muladd_8s_8s_32s_32_4_1  |  i0 * i1 + i2|
    |mac_muladd_8s_8s_32s_32_4_1_U2009  |mac_muladd_8s_8s_32s_32_4_1  |  i0 * i1 + i2|
    |mac_muladd_8s_8s_32s_32_4_1_U2010  |mac_muladd_8s_8s_32s_32_4_1  |  i0 * i1 + i2|
    |mac_muladd_8s_8s_32s_32_4_1_U2011  |mac_muladd_8s_8s_32s_32_4_1  |  i0 * i1 + i2|
    |mac_muladd_8s_8s_32s_32_4_1_U2012  |mac_muladd_8s_8s_32s_32_4_1  |  i0 * i1 + i2|
    |mac_muladd_8s_8s_32s_32_4_1_U2013  |mac_muladd_8s_8s_32s_32_4_1  |  i0 * i1 + i2|
    |mac_muladd_8s_8s_32s_32_4_1_U2014  |mac_muladd_8s_8s_32s_32_4_1  |  i0 * i1 + i2|
    |mac_muladd_8s_8s_32s_32_4_1_U2015  |mac_muladd_8s_8s_32s_32_4_1  |  i0 * i1 + i2|
    |mac_muladd_8s_8s_32s_32_4_1_U2016  |mac_muladd_8s_8s_32s_32_4_1  |  i0 * i1 + i2|
    |mac_muladd_8s_8s_32s_32_4_1_U2017  |mac_muladd_8s_8s_32s_32_4_1  |  i0 * i1 + i2|
    |mac_muladd_8s_8s_32s_32_4_1_U2018  |mac_muladd_8s_8s_32s_32_4_1  |  i0 * i1 + i2|
    |mac_muladd_8s_8s_32s_32_4_1_U2019  |mac_muladd_8s_8s_32s_32_4_1  |  i0 * i1 + i2|
    |mac_muladd_8s_8s_32s_32_4_1_U2020  |mac_muladd_8s_8s_32s_32_4_1  |  i0 * i1 + i2|
    |mac_muladd_8s_8s_32s_32_4_1_U2021  |mac_muladd_8s_8s_32s_32_4_1  |  i0 * i1 + i2|
    |mac_muladd_8s_8s_32s_32_4_1_U2022  |mac_muladd_8s_8s_32s_32_4_1  |  i0 * i1 + i2|
    |mac_muladd_8s_8s_32s_32_4_1_U2023  |mac_muladd_8s_8s_32s_32_4_1  |  i0 * i1 + i2|
    |mac_muladd_8s_8s_32s_32_4_1_U2024  |mac_muladd_8s_8s_32s_32_4_1  |  i0 * i1 + i2|
    |mac_muladd_8s_8s_32s_32_4_1_U2025  |mac_muladd_8s_8s_32s_32_4_1  |  i0 * i1 + i2|
    |mac_muladd_8s_8s_32s_32_4_1_U2026  |mac_muladd_8s_8s_32s_32_4_1  |  i0 * i1 + i2|
    |mac_muladd_8s_8s_32s_32_4_1_U2027  |mac_muladd_8s_8s_32s_32_4_1  |  i0 * i1 + i2|
    |mac_muladd_8s_8s_32s_32_4_1_U2028  |mac_muladd_8s_8s_32s_32_4_1  |  i0 * i1 + i2|
    |mac_muladd_8s_8s_32s_32_4_1_U2029  |mac_muladd_8s_8s_32s_32_4_1  |  i0 * i1 + i2|
    |mac_muladd_8s_8s_32s_32_4_1_U2030  |mac_muladd_8s_8s_32s_32_4_1  |  i0 * i1 + i2|
    |mac_muladd_8s_8s_32s_32_4_1_U2031  |mac_muladd_8s_8s_32s_32_4_1  |  i0 * i1 + i2|
    |mac_muladd_8s_8s_32s_32_4_1_U2032  |mac_muladd_8s_8s_32s_32_4_1  |  i0 * i1 + i2|
    |mac_muladd_8s_8s_32s_32_4_1_U2033  |mac_muladd_8s_8s_32s_32_4_1  |  i0 * i1 + i2|
    |mac_muladd_8s_8s_32s_32_4_1_U2034  |mac_muladd_8s_8s_32s_32_4_1  |  i0 * i1 + i2|
    |mac_muladd_8s_8s_32s_32_4_1_U2035  |mac_muladd_8s_8s_32s_32_4_1  |  i0 * i1 + i2|
    |mac_muladd_8s_8s_32s_32_4_1_U2036  |mac_muladd_8s_8s_32s_32_4_1  |  i0 * i1 + i2|
    |mac_muladd_8s_8s_32s_32_4_1_U2037  |mac_muladd_8s_8s_32s_32_4_1  |  i0 * i1 + i2|
    |mac_muladd_8s_8s_32s_32_4_1_U2038  |mac_muladd_8s_8s_32s_32_4_1  |  i0 * i1 + i2|
    |mac_muladd_8s_8s_32s_32_4_1_U2039  |mac_muladd_8s_8s_32s_32_4_1  |  i0 * i1 + i2|
    |mac_muladd_8s_8s_32s_32_4_1_U2040  |mac_muladd_8s_8s_32s_32_4_1  |  i0 * i1 + i2|
    |mac_muladd_8s_8s_32s_32_4_1_U2041  |mac_muladd_8s_8s_32s_32_4_1  |  i0 * i1 + i2|
    |mac_muladd_8s_8s_32s_32_4_1_U2042  |mac_muladd_8s_8s_32s_32_4_1  |  i0 * i1 + i2|
    |mac_muladd_8s_8s_32s_32_4_1_U2043  |mac_muladd_8s_8s_32s_32_4_1  |  i0 * i1 + i2|
    |mac_muladd_8s_8s_32s_32_4_1_U2044  |mac_muladd_8s_8s_32s_32_4_1  |  i0 * i1 + i2|
    |mac_muladd_8s_8s_32s_32_4_1_U2045  |mac_muladd_8s_8s_32s_32_4_1  |  i0 * i1 + i2|
    |mac_muladd_8s_8s_32s_32_4_1_U2046  |mac_muladd_8s_8s_32s_32_4_1  |  i0 * i1 + i2|
    |mac_muladd_8s_8s_32s_32_4_1_U2047  |mac_muladd_8s_8s_32s_32_4_1  |  i0 * i1 + i2|
    |mac_muladd_8s_8s_32s_32_4_1_U2048  |mac_muladd_8s_8s_32s_32_4_1  |  i0 * i1 + i2|
    |mac_muladd_8s_8s_32s_32_4_1_U2049  |mac_muladd_8s_8s_32s_32_4_1  |  i0 * i1 + i2|
    |mac_muladd_8s_8s_32s_32_4_1_U2050  |mac_muladd_8s_8s_32s_32_4_1  |  i0 * i1 + i2|
    |mac_muladd_8s_8s_32s_32_4_1_U2051  |mac_muladd_8s_8s_32s_32_4_1  |  i0 * i1 + i2|
    |mac_muladd_8s_8s_32s_32_4_1_U2052  |mac_muladd_8s_8s_32s_32_4_1  |  i0 * i1 + i2|
    |mac_muladd_8s_8s_32s_32_4_1_U2053  |mac_muladd_8s_8s_32s_32_4_1  |  i0 * i1 + i2|
    |mac_muladd_8s_8s_32s_32_4_1_U2054  |mac_muladd_8s_8s_32s_32_4_1  |  i0 * i1 + i2|
    |mac_muladd_8s_8s_32s_32_4_1_U2055  |mac_muladd_8s_8s_32s_32_4_1  |  i0 * i1 + i2|
    |mac_muladd_8s_8s_32s_32_4_1_U2056  |mac_muladd_8s_8s_32s_32_4_1  |  i0 * i1 + i2|
    |mac_muladd_8s_8s_32s_32_4_1_U2057  |mac_muladd_8s_8s_32s_32_4_1  |  i0 * i1 + i2|
    |mac_muladd_8s_8s_32s_32_4_1_U2058  |mac_muladd_8s_8s_32s_32_4_1  |  i0 * i1 + i2|
    |mac_muladd_8s_8s_32s_32_4_1_U2059  |mac_muladd_8s_8s_32s_32_4_1  |  i0 * i1 + i2|
    |mac_muladd_8s_8s_32s_32_4_1_U2060  |mac_muladd_8s_8s_32s_32_4_1  |  i0 * i1 + i2|
    |mac_muladd_8s_8s_32s_32_4_1_U2061  |mac_muladd_8s_8s_32s_32_4_1  |  i0 * i1 + i2|
    |mac_muladd_8s_8s_32s_32_4_1_U2062  |mac_muladd_8s_8s_32s_32_4_1  |  i0 * i1 + i2|
    |mac_muladd_8s_8s_32s_32_4_1_U2063  |mac_muladd_8s_8s_32s_32_4_1  |  i0 * i1 + i2|
    |mac_muladd_8s_8s_32s_32_4_1_U2064  |mac_muladd_8s_8s_32s_32_4_1  |  i0 * i1 + i2|
    |mac_muladd_8s_8s_32s_32_4_1_U2065  |mac_muladd_8s_8s_32s_32_4_1  |  i0 * i1 + i2|
    |mac_muladd_8s_8s_32s_32_4_1_U2066  |mac_muladd_8s_8s_32s_32_4_1  |  i0 * i1 + i2|
    |mac_muladd_8s_8s_32s_32_4_1_U2067  |mac_muladd_8s_8s_32s_32_4_1  |  i0 * i1 + i2|
    |mac_muladd_8s_8s_32s_32_4_1_U2068  |mac_muladd_8s_8s_32s_32_4_1  |  i0 * i1 + i2|
    |mac_muladd_8s_8s_32s_32_4_1_U2069  |mac_muladd_8s_8s_32s_32_4_1  |  i0 * i1 + i2|
    |mac_muladd_8s_8s_32s_32_4_1_U2070  |mac_muladd_8s_8s_32s_32_4_1  |  i0 * i1 + i2|
    |mac_muladd_8s_8s_32s_32_4_1_U2071  |mac_muladd_8s_8s_32s_32_4_1  |  i0 * i1 + i2|
    |mac_muladd_8s_8s_32s_32_4_1_U2072  |mac_muladd_8s_8s_32s_32_4_1  |  i0 * i1 + i2|
    |mac_muladd_8s_8s_32s_32_4_1_U2073  |mac_muladd_8s_8s_32s_32_4_1  |  i0 * i1 + i2|
    |mac_muladd_8s_8s_32s_32_4_1_U2074  |mac_muladd_8s_8s_32s_32_4_1  |  i0 * i1 + i2|
    |mac_muladd_8s_8s_32s_32_4_1_U2075  |mac_muladd_8s_8s_32s_32_4_1  |  i0 * i1 + i2|
    |mac_muladd_8s_8s_32s_32_4_1_U2076  |mac_muladd_8s_8s_32s_32_4_1  |  i0 * i1 + i2|
    |mac_muladd_8s_8s_32s_32_4_1_U2077  |mac_muladd_8s_8s_32s_32_4_1  |  i0 * i1 + i2|
    |mac_muladd_8s_8s_32s_32_4_1_U2078  |mac_muladd_8s_8s_32s_32_4_1  |  i0 * i1 + i2|
    |mac_muladd_8s_8s_32s_32_4_1_U2079  |mac_muladd_8s_8s_32s_32_4_1  |  i0 * i1 + i2|
    |mac_muladd_8s_8s_32s_32_4_1_U2080  |mac_muladd_8s_8s_32s_32_4_1  |  i0 * i1 + i2|
    |mac_muladd_8s_8s_32s_32_4_1_U2081  |mac_muladd_8s_8s_32s_32_4_1  |  i0 * i1 + i2|
    |mac_muladd_8s_8s_32s_32_4_1_U2082  |mac_muladd_8s_8s_32s_32_4_1  |  i0 * i1 + i2|
    |mac_muladd_8s_8s_32s_32_4_1_U2083  |mac_muladd_8s_8s_32s_32_4_1  |  i0 * i1 + i2|
    |mac_muladd_8s_8s_32s_32_4_1_U2084  |mac_muladd_8s_8s_32s_32_4_1  |  i0 * i1 + i2|
    |mac_muladd_8s_8s_32s_32_4_1_U2085  |mac_muladd_8s_8s_32s_32_4_1  |  i0 * i1 + i2|
    |mac_muladd_8s_8s_32s_32_4_1_U2086  |mac_muladd_8s_8s_32s_32_4_1  |  i0 * i1 + i2|
    |mac_muladd_8s_8s_32s_32_4_1_U2087  |mac_muladd_8s_8s_32s_32_4_1  |  i0 * i1 + i2|
    |mac_muladd_8s_8s_32s_32_4_1_U2088  |mac_muladd_8s_8s_32s_32_4_1  |  i0 * i1 + i2|
    |mac_muladd_8s_8s_32s_32_4_1_U2089  |mac_muladd_8s_8s_32s_32_4_1  |  i0 * i1 + i2|
    |mac_muladd_8s_8s_32s_32_4_1_U2090  |mac_muladd_8s_8s_32s_32_4_1  |  i0 * i1 + i2|
    |mac_muladd_8s_8s_32s_32_4_1_U2091  |mac_muladd_8s_8s_32s_32_4_1  |  i0 * i1 + i2|
    |mac_muladd_8s_8s_32s_32_4_1_U2092  |mac_muladd_8s_8s_32s_32_4_1  |  i0 * i1 + i2|
    |mac_muladd_8s_8s_32s_32_4_1_U2093  |mac_muladd_8s_8s_32s_32_4_1  |  i0 * i1 + i2|
    |mac_muladd_8s_8s_32s_32_4_1_U2094  |mac_muladd_8s_8s_32s_32_4_1  |  i0 * i1 + i2|
    |mac_muladd_8s_8s_32s_32_4_1_U2095  |mac_muladd_8s_8s_32s_32_4_1  |  i0 * i1 + i2|
    |mac_muladd_8s_8s_32s_32_4_1_U2096  |mac_muladd_8s_8s_32s_32_4_1  |  i0 * i1 + i2|
    |mac_muladd_8s_8s_32s_32_4_1_U2097  |mac_muladd_8s_8s_32s_32_4_1  |  i0 * i1 + i2|
    |mac_muladd_8s_8s_32s_32_4_1_U2098  |mac_muladd_8s_8s_32s_32_4_1  |  i0 * i1 + i2|
    |mac_muladd_8s_8s_32s_32_4_1_U2099  |mac_muladd_8s_8s_32s_32_4_1  |  i0 * i1 + i2|
    |mac_muladd_8s_8s_32s_32_4_1_U2100  |mac_muladd_8s_8s_32s_32_4_1  |  i0 * i1 + i2|
    |mac_muladd_8s_8s_32s_32_4_1_U2101  |mac_muladd_8s_8s_32s_32_4_1  |  i0 * i1 + i2|
    |mac_muladd_8s_8s_32s_32_4_1_U2102  |mac_muladd_8s_8s_32s_32_4_1  |  i0 * i1 + i2|
    |mac_muladd_8s_8s_32s_32_4_1_U2103  |mac_muladd_8s_8s_32s_32_4_1  |  i0 * i1 + i2|
    |mac_muladd_8s_8s_32s_32_4_1_U2104  |mac_muladd_8s_8s_32s_32_4_1  |  i0 * i1 + i2|
    |mac_muladd_8s_8s_32s_32_4_1_U2105  |mac_muladd_8s_8s_32s_32_4_1  |  i0 * i1 + i2|
    |mac_muladd_8s_8s_32s_32_4_1_U2106  |mac_muladd_8s_8s_32s_32_4_1  |  i0 * i1 + i2|
    |mac_muladd_8s_8s_32s_32_4_1_U2107  |mac_muladd_8s_8s_32s_32_4_1  |  i0 * i1 + i2|
    |mac_muladd_8s_8s_32s_32_4_1_U2108  |mac_muladd_8s_8s_32s_32_4_1  |  i0 * i1 + i2|
    |mac_muladd_8s_8s_32s_32_4_1_U2109  |mac_muladd_8s_8s_32s_32_4_1  |  i0 * i1 + i2|
    |mac_muladd_8s_8s_32s_32_4_1_U2110  |mac_muladd_8s_8s_32s_32_4_1  |  i0 * i1 + i2|
    |mac_muladd_8s_8s_32s_32_4_1_U2111  |mac_muladd_8s_8s_32s_32_4_1  |  i0 * i1 + i2|
    |mac_muladd_8s_8s_32s_32_4_1_U2112  |mac_muladd_8s_8s_32s_32_4_1  |  i0 * i1 + i2|
    |mac_muladd_8s_8s_32s_32_4_1_U2113  |mac_muladd_8s_8s_32s_32_4_1  |  i0 * i1 + i2|
    |mac_muladd_8s_8s_32s_32_4_1_U2114  |mac_muladd_8s_8s_32s_32_4_1  |  i0 * i1 + i2|
    |mac_muladd_8s_8s_32s_32_4_1_U2115  |mac_muladd_8s_8s_32s_32_4_1  |  i0 * i1 + i2|
    |mac_muladd_8s_8s_32s_32_4_1_U2116  |mac_muladd_8s_8s_32s_32_4_1  |  i0 * i1 + i2|
    |mac_muladd_8s_8s_32s_32_4_1_U2117  |mac_muladd_8s_8s_32s_32_4_1  |  i0 * i1 + i2|
    |mac_muladd_8s_8s_32s_32_4_1_U2118  |mac_muladd_8s_8s_32s_32_4_1  |  i0 * i1 + i2|
    |mac_muladd_8s_8s_32s_32_4_1_U2119  |mac_muladd_8s_8s_32s_32_4_1  |  i0 * i1 + i2|
    |mac_muladd_8s_8s_32s_32_4_1_U2120  |mac_muladd_8s_8s_32s_32_4_1  |  i0 * i1 + i2|
    |mac_muladd_8s_8s_32s_32_4_1_U2121  |mac_muladd_8s_8s_32s_32_4_1  |  i0 * i1 + i2|
    |mac_muladd_8s_8s_32s_32_4_1_U2122  |mac_muladd_8s_8s_32s_32_4_1  |  i0 * i1 + i2|
    |mac_muladd_8s_8s_32s_32_4_1_U2123  |mac_muladd_8s_8s_32s_32_4_1  |  i0 * i1 + i2|
    |mac_muladd_8s_8s_32s_32_4_1_U2124  |mac_muladd_8s_8s_32s_32_4_1  |  i0 * i1 + i2|
    +-----------------------------------+-----------------------------+--------------+

    * Memory: 
    N/A

    * FIFO: 
    N/A

    * Expression: 
    +--------------------------+----------+----+---+-----+------------+------------+
    |       Variable Name      | Operation| DSP| FF| LUT | Bitwidth P0| Bitwidth P1|
    +--------------------------+----------+----+---+-----+------------+------------+
    |add_ln65_fu_29139_p2      |         +|   0|  0|   14|           6|           1|
    |icmp_ln65_fu_29133_p2     |      icmp|   0|  0|   10|           6|           7|
    |lshr_ln68_10_fu_29306_p2  |      lshr|   0|  0|  950|         256|         256|
    |lshr_ln68_11_fu_29320_p2  |      lshr|   0|  0|  950|         256|         256|
    |lshr_ln68_12_fu_29334_p2  |      lshr|   0|  0|  950|         256|         256|
    |lshr_ln68_13_fu_29348_p2  |      lshr|   0|  0|  950|         256|         256|
    |lshr_ln68_14_fu_29362_p2  |      lshr|   0|  0|  950|         256|         256|
    |lshr_ln68_15_fu_29376_p2  |      lshr|   0|  0|  950|         256|         256|
    |lshr_ln68_16_fu_29390_p2  |      lshr|   0|  0|  950|         256|         256|
    |lshr_ln68_17_fu_29404_p2  |      lshr|   0|  0|  950|         256|         256|
    |lshr_ln68_18_fu_29418_p2  |      lshr|   0|  0|  950|         256|         256|
    |lshr_ln68_19_fu_29432_p2  |      lshr|   0|  0|  950|         256|         256|
    |lshr_ln68_1_fu_29180_p2   |      lshr|   0|  0|  950|         256|         256|
    |lshr_ln68_20_fu_29446_p2  |      lshr|   0|  0|  950|         256|         256|
    |lshr_ln68_21_fu_29460_p2  |      lshr|   0|  0|  950|         256|         256|
    |lshr_ln68_22_fu_29474_p2  |      lshr|   0|  0|  950|         256|         256|
    |lshr_ln68_23_fu_29488_p2  |      lshr|   0|  0|  950|         256|         256|
    |lshr_ln68_24_fu_29502_p2  |      lshr|   0|  0|  950|         256|         256|
    |lshr_ln68_25_fu_29516_p2  |      lshr|   0|  0|  950|         256|         256|
    |lshr_ln68_26_fu_29530_p2  |      lshr|   0|  0|  950|         256|         256|
    |lshr_ln68_27_fu_29544_p2  |      lshr|   0|  0|  950|         256|         256|
    |lshr_ln68_28_fu_29558_p2  |      lshr|   0|  0|  950|         256|         256|
    |lshr_ln68_29_fu_29572_p2  |      lshr|   0|  0|  950|         256|         256|
    |lshr_ln68_2_fu_29194_p2   |      lshr|   0|  0|  950|         256|         256|
    |lshr_ln68_30_fu_29586_p2  |      lshr|   0|  0|  950|         256|         256|
    |lshr_ln68_31_fu_29600_p2  |      lshr|   0|  0|  950|         256|         256|
    |lshr_ln68_3_fu_29208_p2   |      lshr|   0|  0|  950|         256|         256|
    |lshr_ln68_4_fu_29222_p2   |      lshr|   0|  0|  950|         256|         256|
    |lshr_ln68_5_fu_29236_p2   |      lshr|   0|  0|  950|         256|         256|
    |lshr_ln68_6_fu_29250_p2   |      lshr|   0|  0|  950|         256|         256|
    |lshr_ln68_7_fu_29264_p2   |      lshr|   0|  0|  950|         256|         256|
    |lshr_ln68_8_fu_29278_p2   |      lshr|   0|  0|  950|         256|         256|
    |lshr_ln68_9_fu_29292_p2   |      lshr|   0|  0|  950|         256|         256|
    |lshr_ln68_fu_29166_p2     |      lshr|   0|  0|  950|         256|         256|
    |ap_enable_pp0             |       xor|   0|  0|    2|           1|           2|
    +--------------------------+----------+----+---+-----+------------+------------+
    |Total                     |          |   0|  0|30426|        8205|        8202|
    +--------------------------+----------+----+---+-----+------------+------------+

    * Multiplexer: 
    +-----------------------------------------+-----+-----------+-----+-----------+
    |                   Name                  | LUT | Input Size| Bits| Total Bits|
    +-----------------------------------------+-----+-----------+-----+-----------+
    |ap_done_int                              |    9|          2|    1|          2|
    |ap_enable_reg_pp0_iter1                  |    9|          2|    1|          2|
    |ap_sig_allocacmp_k_2                     |    9|          2|    6|         12|
    |ap_sig_allocacmp_local_regs_V_1000_load  |    9|          2|   32|         64|
    |ap_sig_allocacmp_local_regs_V_1001_load  |    9|          2|   32|         64|
    |ap_sig_allocacmp_local_regs_V_1002_load  |    9|          2|   32|         64|
    |ap_sig_allocacmp_local_regs_V_1003_load  |    9|          2|   32|         64|
    |ap_sig_allocacmp_local_regs_V_1004_load  |    9|          2|   32|         64|
    |ap_sig_allocacmp_local_regs_V_1005_load  |    9|          2|   32|         64|
    |ap_sig_allocacmp_local_regs_V_1006_load  |    9|          2|   32|         64|
    |ap_sig_allocacmp_local_regs_V_1007_load  |    9|          2|   32|         64|
    |ap_sig_allocacmp_local_regs_V_1008_load  |    9|          2|   32|         64|
    |ap_sig_allocacmp_local_regs_V_1009_load  |    9|          2|   32|         64|
    |ap_sig_allocacmp_local_regs_V_100_load   |    9|          2|   32|         64|
    |ap_sig_allocacmp_local_regs_V_1010_load  |    9|          2|   32|         64|
    |ap_sig_allocacmp_local_regs_V_1011_load  |    9|          2|   32|         64|
    |ap_sig_allocacmp_local_regs_V_1012_load  |    9|          2|   32|         64|
    |ap_sig_allocacmp_local_regs_V_1013_load  |    9|          2|   32|         64|
    |ap_sig_allocacmp_local_regs_V_1014_load  |    9|          2|   32|         64|
    |ap_sig_allocacmp_local_regs_V_1015_load  |    9|          2|   32|         64|
    |ap_sig_allocacmp_local_regs_V_1016_load  |    9|          2|   32|         64|
    |ap_sig_allocacmp_local_regs_V_1017_load  |    9|          2|   32|         64|
    |ap_sig_allocacmp_local_regs_V_1018_load  |    9|          2|   32|         64|
    |ap_sig_allocacmp_local_regs_V_1019_load  |    9|          2|   32|         64|
    |ap_sig_allocacmp_local_regs_V_101_load   |    9|          2|   32|         64|
    |ap_sig_allocacmp_local_regs_V_1020_load  |    9|          2|   32|         64|
    |ap_sig_allocacmp_local_regs_V_1021_load  |    9|          2|   32|         64|
    |ap_sig_allocacmp_local_regs_V_1022_load  |    9|          2|   32|         64|
    |ap_sig_allocacmp_local_regs_V_1023_load  |    9|          2|   32|         64|
    |ap_sig_allocacmp_local_regs_V_102_load   |    9|          2|   32|         64|
    |ap_sig_allocacmp_local_regs_V_103_load   |    9|          2|   32|         64|
    |ap_sig_allocacmp_local_regs_V_104_load   |    9|          2|   32|         64|
    |ap_sig_allocacmp_local_regs_V_105_load   |    9|          2|   32|         64|
    |ap_sig_allocacmp_local_regs_V_106_load   |    9|          2|   32|         64|
    |ap_sig_allocacmp_local_regs_V_107_load   |    9|          2|   32|         64|
    |ap_sig_allocacmp_local_regs_V_108_load   |    9|          2|   32|         64|
    |ap_sig_allocacmp_local_regs_V_109_load   |    9|          2|   32|         64|
    |ap_sig_allocacmp_local_regs_V_10_load    |    9|          2|   32|         64|
    |ap_sig_allocacmp_local_regs_V_110_load   |    9|          2|   32|         64|
    |ap_sig_allocacmp_local_regs_V_111_load   |    9|          2|   32|         64|
    |ap_sig_allocacmp_local_regs_V_112_load   |    9|          2|   32|         64|
    |ap_sig_allocacmp_local_regs_V_113_load   |    9|          2|   32|         64|
    |ap_sig_allocacmp_local_regs_V_114_load   |    9|          2|   32|         64|
    |ap_sig_allocacmp_local_regs_V_115_load   |    9|          2|   32|         64|
    |ap_sig_allocacmp_local_regs_V_116_load   |    9|          2|   32|         64|
    |ap_sig_allocacmp_local_regs_V_117_load   |    9|          2|   32|         64|
    |ap_sig_allocacmp_local_regs_V_118_load   |    9|          2|   32|         64|
    |ap_sig_allocacmp_local_regs_V_119_load   |    9|          2|   32|         64|
    |ap_sig_allocacmp_local_regs_V_11_load    |    9|          2|   32|         64|
    |ap_sig_allocacmp_local_regs_V_120_load   |    9|          2|   32|         64|
    |ap_sig_allocacmp_local_regs_V_121_load   |    9|          2|   32|         64|
    |ap_sig_allocacmp_local_regs_V_122_load   |    9|          2|   32|         64|
    |ap_sig_allocacmp_local_regs_V_123_load   |    9|          2|   32|         64|
    |ap_sig_allocacmp_local_regs_V_124_load   |    9|          2|   32|         64|
    |ap_sig_allocacmp_local_regs_V_125_load   |    9|          2|   32|         64|
    |ap_sig_allocacmp_local_regs_V_126_load   |    9|          2|   32|         64|
    |ap_sig_allocacmp_local_regs_V_127_load   |    9|          2|   32|         64|
    |ap_sig_allocacmp_local_regs_V_128_load   |    9|          2|   32|         64|
    |ap_sig_allocacmp_local_regs_V_129_load   |    9|          2|   32|         64|
    |ap_sig_allocacmp_local_regs_V_12_load    |    9|          2|   32|         64|
    |ap_sig_allocacmp_local_regs_V_130_load   |    9|          2|   32|         64|
    |ap_sig_allocacmp_local_regs_V_131_load   |    9|          2|   32|         64|
    |ap_sig_allocacmp_local_regs_V_132_load   |    9|          2|   32|         64|
    |ap_sig_allocacmp_local_regs_V_133_load   |    9|          2|   32|         64|
    |ap_sig_allocacmp_local_regs_V_134_load   |    9|          2|   32|         64|
    |ap_sig_allocacmp_local_regs_V_135_load   |    9|          2|   32|         64|
    |ap_sig_allocacmp_local_regs_V_136_load   |    9|          2|   32|         64|
    |ap_sig_allocacmp_local_regs_V_137_load   |    9|          2|   32|         64|
    |ap_sig_allocacmp_local_regs_V_138_load   |    9|          2|   32|         64|
    |ap_sig_allocacmp_local_regs_V_139_load   |    9|          2|   32|         64|
    |ap_sig_allocacmp_local_regs_V_13_load    |    9|          2|   32|         64|
    |ap_sig_allocacmp_local_regs_V_140_load   |    9|          2|   32|         64|
    |ap_sig_allocacmp_local_regs_V_141_load   |    9|          2|   32|         64|
    |ap_sig_allocacmp_local_regs_V_142_load   |    9|          2|   32|         64|
    |ap_sig_allocacmp_local_regs_V_143_load   |    9|          2|   32|         64|
    |ap_sig_allocacmp_local_regs_V_144_load   |    9|          2|   32|         64|
    |ap_sig_allocacmp_local_regs_V_145_load   |    9|          2|   32|         64|
    |ap_sig_allocacmp_local_regs_V_146_load   |    9|          2|   32|         64|
    |ap_sig_allocacmp_local_regs_V_147_load   |    9|          2|   32|         64|
    |ap_sig_allocacmp_local_regs_V_148_load   |    9|          2|   32|         64|
    |ap_sig_allocacmp_local_regs_V_149_load   |    9|          2|   32|         64|
    |ap_sig_allocacmp_local_regs_V_14_load    |    9|          2|   32|         64|
    |ap_sig_allocacmp_local_regs_V_150_load   |    9|          2|   32|         64|
    |ap_sig_allocacmp_local_regs_V_151_load   |    9|          2|   32|         64|
    |ap_sig_allocacmp_local_regs_V_152_load   |    9|          2|   32|         64|
    |ap_sig_allocacmp_local_regs_V_153_load   |    9|          2|   32|         64|
    |ap_sig_allocacmp_local_regs_V_154_load   |    9|          2|   32|         64|
    |ap_sig_allocacmp_local_regs_V_155_load   |    9|          2|   32|         64|
    |ap_sig_allocacmp_local_regs_V_156_load   |    9|          2|   32|         64|
    |ap_sig_allocacmp_local_regs_V_157_load   |    9|          2|   32|         64|
    |ap_sig_allocacmp_local_regs_V_158_load   |    9|          2|   32|         64|
    |ap_sig_allocacmp_local_regs_V_159_load   |    9|          2|   32|         64|
    |ap_sig_allocacmp_local_regs_V_15_load    |    9|          2|   32|         64|
    |ap_sig_allocacmp_local_regs_V_160_load   |    9|          2|   32|         64|
    |ap_sig_allocacmp_local_regs_V_161_load   |    9|          2|   32|         64|
    |ap_sig_allocacmp_local_regs_V_162_load   |    9|          2|   32|         64|
    |ap_sig_allocacmp_local_regs_V_163_load   |    9|          2|   32|         64|
    |ap_sig_allocacmp_local_regs_V_164_load   |    9|          2|   32|         64|
    |ap_sig_allocacmp_local_regs_V_165_load   |    9|          2|   32|         64|
    |ap_sig_allocacmp_local_regs_V_166_load   |    9|          2|   32|         64|
    |ap_sig_allocacmp_local_regs_V_167_load   |    9|          2|   32|         64|
    |ap_sig_allocacmp_local_regs_V_168_load   |    9|          2|   32|         64|
    |ap_sig_allocacmp_local_regs_V_169_load   |    9|          2|   32|         64|
    |ap_sig_allocacmp_local_regs_V_16_load    |    9|          2|   32|         64|
    |ap_sig_allocacmp_local_regs_V_170_load   |    9|          2|   32|         64|
    |ap_sig_allocacmp_local_regs_V_171_load   |    9|          2|   32|         64|
    |ap_sig_allocacmp_local_regs_V_172_load   |    9|          2|   32|         64|
    |ap_sig_allocacmp_local_regs_V_173_load   |    9|          2|   32|         64|
    |ap_sig_allocacmp_local_regs_V_174_load   |    9|          2|   32|         64|
    |ap_sig_allocacmp_local_regs_V_175_load   |    9|          2|   32|         64|
    |ap_sig_allocacmp_local_regs_V_176_load   |    9|          2|   32|         64|
    |ap_sig_allocacmp_local_regs_V_177_load   |    9|          2|   32|         64|
    |ap_sig_allocacmp_local_regs_V_178_load   |    9|          2|   32|         64|
    |ap_sig_allocacmp_local_regs_V_179_load   |    9|          2|   32|         64|
    |ap_sig_allocacmp_local_regs_V_17_load    |    9|          2|   32|         64|
    |ap_sig_allocacmp_local_regs_V_180_load   |    9|          2|   32|         64|
    |ap_sig_allocacmp_local_regs_V_181_load   |    9|          2|   32|         64|
    |ap_sig_allocacmp_local_regs_V_182_load   |    9|          2|   32|         64|
    |ap_sig_allocacmp_local_regs_V_183_load   |    9|          2|   32|         64|
    |ap_sig_allocacmp_local_regs_V_184_load   |    9|          2|   32|         64|
    |ap_sig_allocacmp_local_regs_V_185_load   |    9|          2|   32|         64|
    |ap_sig_allocacmp_local_regs_V_186_load   |    9|          2|   32|         64|
    |ap_sig_allocacmp_local_regs_V_187_load   |    9|          2|   32|         64|
    |ap_sig_allocacmp_local_regs_V_188_load   |    9|          2|   32|         64|
    |ap_sig_allocacmp_local_regs_V_189_load   |    9|          2|   32|         64|
    |ap_sig_allocacmp_local_regs_V_18_load    |    9|          2|   32|         64|
    |ap_sig_allocacmp_local_regs_V_190_load   |    9|          2|   32|         64|
    |ap_sig_allocacmp_local_regs_V_191_load   |    9|          2|   32|         64|
    |ap_sig_allocacmp_local_regs_V_192_load   |    9|          2|   32|         64|
    |ap_sig_allocacmp_local_regs_V_193_load   |    9|          2|   32|         64|
    |ap_sig_allocacmp_local_regs_V_194_load   |    9|          2|   32|         64|
    |ap_sig_allocacmp_local_regs_V_195_load   |    9|          2|   32|         64|
    |ap_sig_allocacmp_local_regs_V_196_load   |    9|          2|   32|         64|
    |ap_sig_allocacmp_local_regs_V_197_load   |    9|          2|   32|         64|
    |ap_sig_allocacmp_local_regs_V_198_load   |    9|          2|   32|         64|
    |ap_sig_allocacmp_local_regs_V_199_load   |    9|          2|   32|         64|
    |ap_sig_allocacmp_local_regs_V_19_load    |    9|          2|   32|         64|
    |ap_sig_allocacmp_local_regs_V_1_load     |    9|          2|   32|         64|
    |ap_sig_allocacmp_local_regs_V_200_load   |    9|          2|   32|         64|
    |ap_sig_allocacmp_local_regs_V_201_load   |    9|          2|   32|         64|
    |ap_sig_allocacmp_local_regs_V_202_load   |    9|          2|   32|         64|
    |ap_sig_allocacmp_local_regs_V_203_load   |    9|          2|   32|         64|
    |ap_sig_allocacmp_local_regs_V_204_load   |    9|          2|   32|         64|
    |ap_sig_allocacmp_local_regs_V_205_load   |    9|          2|   32|         64|
    |ap_sig_allocacmp_local_regs_V_206_load   |    9|          2|   32|         64|
    |ap_sig_allocacmp_local_regs_V_207_load   |    9|          2|   32|         64|
    |ap_sig_allocacmp_local_regs_V_208_load   |    9|          2|   32|         64|
    |ap_sig_allocacmp_local_regs_V_209_load   |    9|          2|   32|         64|
    |ap_sig_allocacmp_local_regs_V_20_load    |    9|          2|   32|         64|
    |ap_sig_allocacmp_local_regs_V_210_load   |    9|          2|   32|         64|
    |ap_sig_allocacmp_local_regs_V_211_load   |    9|          2|   32|         64|
    |ap_sig_allocacmp_local_regs_V_212_load   |    9|          2|   32|         64|
    |ap_sig_allocacmp_local_regs_V_213_load   |    9|          2|   32|         64|
    |ap_sig_allocacmp_local_regs_V_214_load   |    9|          2|   32|         64|
    |ap_sig_allocacmp_local_regs_V_215_load   |    9|          2|   32|         64|
    |ap_sig_allocacmp_local_regs_V_216_load   |    9|          2|   32|         64|
    |ap_sig_allocacmp_local_regs_V_217_load   |    9|          2|   32|         64|
    |ap_sig_allocacmp_local_regs_V_218_load   |    9|          2|   32|         64|
    |ap_sig_allocacmp_local_regs_V_219_load   |    9|          2|   32|         64|
    |ap_sig_allocacmp_local_regs_V_21_load    |    9|          2|   32|         64|
    |ap_sig_allocacmp_local_regs_V_220_load   |    9|          2|   32|         64|
    |ap_sig_allocacmp_local_regs_V_221_load   |    9|          2|   32|         64|
    |ap_sig_allocacmp_local_regs_V_222_load   |    9|          2|   32|         64|
    |ap_sig_allocacmp_local_regs_V_223_load   |    9|          2|   32|         64|
    |ap_sig_allocacmp_local_regs_V_224_load   |    9|          2|   32|         64|
    |ap_sig_allocacmp_local_regs_V_225_load   |    9|          2|   32|         64|
    |ap_sig_allocacmp_local_regs_V_226_load   |    9|          2|   32|         64|
    |ap_sig_allocacmp_local_regs_V_227_load   |    9|          2|   32|         64|
    |ap_sig_allocacmp_local_regs_V_228_load   |    9|          2|   32|         64|
    |ap_sig_allocacmp_local_regs_V_229_load   |    9|          2|   32|         64|
    |ap_sig_allocacmp_local_regs_V_22_load    |    9|          2|   32|         64|
    |ap_sig_allocacmp_local_regs_V_230_load   |    9|          2|   32|         64|
    |ap_sig_allocacmp_local_regs_V_231_load   |    9|          2|   32|         64|
    |ap_sig_allocacmp_local_regs_V_232_load   |    9|          2|   32|         64|
    |ap_sig_allocacmp_local_regs_V_233_load   |    9|          2|   32|         64|
    |ap_sig_allocacmp_local_regs_V_234_load   |    9|          2|   32|         64|
    |ap_sig_allocacmp_local_regs_V_235_load   |    9|          2|   32|         64|
    |ap_sig_allocacmp_local_regs_V_236_load   |    9|          2|   32|         64|
    |ap_sig_allocacmp_local_regs_V_237_load   |    9|          2|   32|         64|
    |ap_sig_allocacmp_local_regs_V_238_load   |    9|          2|   32|         64|
    |ap_sig_allocacmp_local_regs_V_239_load   |    9|          2|   32|         64|
    |ap_sig_allocacmp_local_regs_V_23_load    |    9|          2|   32|         64|
    |ap_sig_allocacmp_local_regs_V_240_load   |    9|          2|   32|         64|
    |ap_sig_allocacmp_local_regs_V_241_load   |    9|          2|   32|         64|
    |ap_sig_allocacmp_local_regs_V_242_load   |    9|          2|   32|         64|
    |ap_sig_allocacmp_local_regs_V_243_load   |    9|          2|   32|         64|
    |ap_sig_allocacmp_local_regs_V_244_load   |    9|          2|   32|         64|
    |ap_sig_allocacmp_local_regs_V_245_load   |    9|          2|   32|         64|
    |ap_sig_allocacmp_local_regs_V_246_load   |    9|          2|   32|         64|
    |ap_sig_allocacmp_local_regs_V_247_load   |    9|          2|   32|         64|
    |ap_sig_allocacmp_local_regs_V_248_load   |    9|          2|   32|         64|
    |ap_sig_allocacmp_local_regs_V_249_load   |    9|          2|   32|         64|
    |ap_sig_allocacmp_local_regs_V_24_load    |    9|          2|   32|         64|
    |ap_sig_allocacmp_local_regs_V_250_load   |    9|          2|   32|         64|
    |ap_sig_allocacmp_local_regs_V_251_load   |    9|          2|   32|         64|
    |ap_sig_allocacmp_local_regs_V_252_load   |    9|          2|   32|         64|
    |ap_sig_allocacmp_local_regs_V_253_load   |    9|          2|   32|         64|
    |ap_sig_allocacmp_local_regs_V_254_load   |    9|          2|   32|         64|
    |ap_sig_allocacmp_local_regs_V_255_load   |    9|          2|   32|         64|
    |ap_sig_allocacmp_local_regs_V_256_load   |    9|          2|   32|         64|
    |ap_sig_allocacmp_local_regs_V_257_load   |    9|          2|   32|         64|
    |ap_sig_allocacmp_local_regs_V_258_load   |    9|          2|   32|         64|
    |ap_sig_allocacmp_local_regs_V_259_load   |    9|          2|   32|         64|
    |ap_sig_allocacmp_local_regs_V_25_load    |    9|          2|   32|         64|
    |ap_sig_allocacmp_local_regs_V_260_load   |    9|          2|   32|         64|
    |ap_sig_allocacmp_local_regs_V_261_load   |    9|          2|   32|         64|
    |ap_sig_allocacmp_local_regs_V_262_load   |    9|          2|   32|         64|
    |ap_sig_allocacmp_local_regs_V_263_load   |    9|          2|   32|         64|
    |ap_sig_allocacmp_local_regs_V_264_load   |    9|          2|   32|         64|
    |ap_sig_allocacmp_local_regs_V_265_load   |    9|          2|   32|         64|
    |ap_sig_allocacmp_local_regs_V_266_load   |    9|          2|   32|         64|
    |ap_sig_allocacmp_local_regs_V_267_load   |    9|          2|   32|         64|
    |ap_sig_allocacmp_local_regs_V_268_load   |    9|          2|   32|         64|
    |ap_sig_allocacmp_local_regs_V_269_load   |    9|          2|   32|         64|
    |ap_sig_allocacmp_local_regs_V_26_load    |    9|          2|   32|         64|
    |ap_sig_allocacmp_local_regs_V_270_load   |    9|          2|   32|         64|
    |ap_sig_allocacmp_local_regs_V_271_load   |    9|          2|   32|         64|
    |ap_sig_allocacmp_local_regs_V_272_load   |    9|          2|   32|         64|
    |ap_sig_allocacmp_local_regs_V_273_load   |    9|          2|   32|         64|
    |ap_sig_allocacmp_local_regs_V_274_load   |    9|          2|   32|         64|
    |ap_sig_allocacmp_local_regs_V_275_load   |    9|          2|   32|         64|
    |ap_sig_allocacmp_local_regs_V_276_load   |    9|          2|   32|         64|
    |ap_sig_allocacmp_local_regs_V_277_load   |    9|          2|   32|         64|
    |ap_sig_allocacmp_local_regs_V_278_load   |    9|          2|   32|         64|
    |ap_sig_allocacmp_local_regs_V_279_load   |    9|          2|   32|         64|
    |ap_sig_allocacmp_local_regs_V_27_load    |    9|          2|   32|         64|
    |ap_sig_allocacmp_local_regs_V_280_load   |    9|          2|   32|         64|
    |ap_sig_allocacmp_local_regs_V_281_load   |    9|          2|   32|         64|
    |ap_sig_allocacmp_local_regs_V_282_load   |    9|          2|   32|         64|
    |ap_sig_allocacmp_local_regs_V_283_load   |    9|          2|   32|         64|
    |ap_sig_allocacmp_local_regs_V_284_load   |    9|          2|   32|         64|
    |ap_sig_allocacmp_local_regs_V_285_load   |    9|          2|   32|         64|
    |ap_sig_allocacmp_local_regs_V_286_load   |    9|          2|   32|         64|
    |ap_sig_allocacmp_local_regs_V_287_load   |    9|          2|   32|         64|
    |ap_sig_allocacmp_local_regs_V_288_load   |    9|          2|   32|         64|
    |ap_sig_allocacmp_local_regs_V_289_load   |    9|          2|   32|         64|
    |ap_sig_allocacmp_local_regs_V_28_load    |    9|          2|   32|         64|
    |ap_sig_allocacmp_local_regs_V_290_load   |    9|          2|   32|         64|
    |ap_sig_allocacmp_local_regs_V_291_load   |    9|          2|   32|         64|
    |ap_sig_allocacmp_local_regs_V_292_load   |    9|          2|   32|         64|
    |ap_sig_allocacmp_local_regs_V_293_load   |    9|          2|   32|         64|
    |ap_sig_allocacmp_local_regs_V_294_load   |    9|          2|   32|         64|
    |ap_sig_allocacmp_local_regs_V_295_load   |    9|          2|   32|         64|
    |ap_sig_allocacmp_local_regs_V_296_load   |    9|          2|   32|         64|
    |ap_sig_allocacmp_local_regs_V_297_load   |    9|          2|   32|         64|
    |ap_sig_allocacmp_local_regs_V_298_load   |    9|          2|   32|         64|
    |ap_sig_allocacmp_local_regs_V_299_load   |    9|          2|   32|         64|
    |ap_sig_allocacmp_local_regs_V_29_load    |    9|          2|   32|         64|
    |ap_sig_allocacmp_local_regs_V_2_load     |    9|          2|   32|         64|
    |ap_sig_allocacmp_local_regs_V_300_load   |    9|          2|   32|         64|
    |ap_sig_allocacmp_local_regs_V_301_load   |    9|          2|   32|         64|
    |ap_sig_allocacmp_local_regs_V_302_load   |    9|          2|   32|         64|
    |ap_sig_allocacmp_local_regs_V_303_load   |    9|          2|   32|         64|
    |ap_sig_allocacmp_local_regs_V_304_load   |    9|          2|   32|         64|
    |ap_sig_allocacmp_local_regs_V_305_load   |    9|          2|   32|         64|
    |ap_sig_allocacmp_local_regs_V_306_load   |    9|          2|   32|         64|
    |ap_sig_allocacmp_local_regs_V_307_load   |    9|          2|   32|         64|
    |ap_sig_allocacmp_local_regs_V_308_load   |    9|          2|   32|         64|
    |ap_sig_allocacmp_local_regs_V_309_load   |    9|          2|   32|         64|
    |ap_sig_allocacmp_local_regs_V_30_load    |    9|          2|   32|         64|
    |ap_sig_allocacmp_local_regs_V_310_load   |    9|          2|   32|         64|
    |ap_sig_allocacmp_local_regs_V_311_load   |    9|          2|   32|         64|
    |ap_sig_allocacmp_local_regs_V_312_load   |    9|          2|   32|         64|
    |ap_sig_allocacmp_local_regs_V_313_load   |    9|          2|   32|         64|
    |ap_sig_allocacmp_local_regs_V_314_load   |    9|          2|   32|         64|
    |ap_sig_allocacmp_local_regs_V_315_load   |    9|          2|   32|         64|
    |ap_sig_allocacmp_local_regs_V_316_load   |    9|          2|   32|         64|
    |ap_sig_allocacmp_local_regs_V_317_load   |    9|          2|   32|         64|
    |ap_sig_allocacmp_local_regs_V_318_load   |    9|          2|   32|         64|
    |ap_sig_allocacmp_local_regs_V_319_load   |    9|          2|   32|         64|
    |ap_sig_allocacmp_local_regs_V_31_load    |    9|          2|   32|         64|
    |ap_sig_allocacmp_local_regs_V_320_load   |    9|          2|   32|         64|
    |ap_sig_allocacmp_local_regs_V_321_load   |    9|          2|   32|         64|
    |ap_sig_allocacmp_local_regs_V_322_load   |    9|          2|   32|         64|
    |ap_sig_allocacmp_local_regs_V_323_load   |    9|          2|   32|         64|
    |ap_sig_allocacmp_local_regs_V_324_load   |    9|          2|   32|         64|
    |ap_sig_allocacmp_local_regs_V_325_load   |    9|          2|   32|         64|
    |ap_sig_allocacmp_local_regs_V_326_load   |    9|          2|   32|         64|
    |ap_sig_allocacmp_local_regs_V_327_load   |    9|          2|   32|         64|
    |ap_sig_allocacmp_local_regs_V_328_load   |    9|          2|   32|         64|
    |ap_sig_allocacmp_local_regs_V_329_load   |    9|          2|   32|         64|
    |ap_sig_allocacmp_local_regs_V_32_load    |    9|          2|   32|         64|
    |ap_sig_allocacmp_local_regs_V_330_load   |    9|          2|   32|         64|
    |ap_sig_allocacmp_local_regs_V_331_load   |    9|          2|   32|         64|
    |ap_sig_allocacmp_local_regs_V_332_load   |    9|          2|   32|         64|
    |ap_sig_allocacmp_local_regs_V_333_load   |    9|          2|   32|         64|
    |ap_sig_allocacmp_local_regs_V_334_load   |    9|          2|   32|         64|
    |ap_sig_allocacmp_local_regs_V_335_load   |    9|          2|   32|         64|
    |ap_sig_allocacmp_local_regs_V_336_load   |    9|          2|   32|         64|
    |ap_sig_allocacmp_local_regs_V_337_load   |    9|          2|   32|         64|
    |ap_sig_allocacmp_local_regs_V_338_load   |    9|          2|   32|         64|
    |ap_sig_allocacmp_local_regs_V_339_load   |    9|          2|   32|         64|
    |ap_sig_allocacmp_local_regs_V_33_load    |    9|          2|   32|         64|
    |ap_sig_allocacmp_local_regs_V_340_load   |    9|          2|   32|         64|
    |ap_sig_allocacmp_local_regs_V_341_load   |    9|          2|   32|         64|
    |ap_sig_allocacmp_local_regs_V_342_load   |    9|          2|   32|         64|
    |ap_sig_allocacmp_local_regs_V_343_load   |    9|          2|   32|         64|
    |ap_sig_allocacmp_local_regs_V_344_load   |    9|          2|   32|         64|
    |ap_sig_allocacmp_local_regs_V_345_load   |    9|          2|   32|         64|
    |ap_sig_allocacmp_local_regs_V_346_load   |    9|          2|   32|         64|
    |ap_sig_allocacmp_local_regs_V_347_load   |    9|          2|   32|         64|
    |ap_sig_allocacmp_local_regs_V_348_load   |    9|          2|   32|         64|
    |ap_sig_allocacmp_local_regs_V_349_load   |    9|          2|   32|         64|
    |ap_sig_allocacmp_local_regs_V_34_load    |    9|          2|   32|         64|
    |ap_sig_allocacmp_local_regs_V_350_load   |    9|          2|   32|         64|
    |ap_sig_allocacmp_local_regs_V_351_load   |    9|          2|   32|         64|
    |ap_sig_allocacmp_local_regs_V_352_load   |    9|          2|   32|         64|
    |ap_sig_allocacmp_local_regs_V_353_load   |    9|          2|   32|         64|
    |ap_sig_allocacmp_local_regs_V_354_load   |    9|          2|   32|         64|
    |ap_sig_allocacmp_local_regs_V_355_load   |    9|          2|   32|         64|
    |ap_sig_allocacmp_local_regs_V_356_load   |    9|          2|   32|         64|
    |ap_sig_allocacmp_local_regs_V_357_load   |    9|          2|   32|         64|
    |ap_sig_allocacmp_local_regs_V_358_load   |    9|          2|   32|         64|
    |ap_sig_allocacmp_local_regs_V_359_load   |    9|          2|   32|         64|
    |ap_sig_allocacmp_local_regs_V_35_load    |    9|          2|   32|         64|
    |ap_sig_allocacmp_local_regs_V_360_load   |    9|          2|   32|         64|
    |ap_sig_allocacmp_local_regs_V_361_load   |    9|          2|   32|         64|
    |ap_sig_allocacmp_local_regs_V_362_load   |    9|          2|   32|         64|
    |ap_sig_allocacmp_local_regs_V_363_load   |    9|          2|   32|         64|
    |ap_sig_allocacmp_local_regs_V_364_load   |    9|          2|   32|         64|
    |ap_sig_allocacmp_local_regs_V_365_load   |    9|          2|   32|         64|
    |ap_sig_allocacmp_local_regs_V_366_load   |    9|          2|   32|         64|
    |ap_sig_allocacmp_local_regs_V_367_load   |    9|          2|   32|         64|
    |ap_sig_allocacmp_local_regs_V_368_load   |    9|          2|   32|         64|
    |ap_sig_allocacmp_local_regs_V_369_load   |    9|          2|   32|         64|
    |ap_sig_allocacmp_local_regs_V_36_load    |    9|          2|   32|         64|
    |ap_sig_allocacmp_local_regs_V_370_load   |    9|          2|   32|         64|
    |ap_sig_allocacmp_local_regs_V_371_load   |    9|          2|   32|         64|
    |ap_sig_allocacmp_local_regs_V_372_load   |    9|          2|   32|         64|
    |ap_sig_allocacmp_local_regs_V_373_load   |    9|          2|   32|         64|
    |ap_sig_allocacmp_local_regs_V_374_load   |    9|          2|   32|         64|
    |ap_sig_allocacmp_local_regs_V_375_load   |    9|          2|   32|         64|
    |ap_sig_allocacmp_local_regs_V_376_load   |    9|          2|   32|         64|
    |ap_sig_allocacmp_local_regs_V_377_load   |    9|          2|   32|         64|
    |ap_sig_allocacmp_local_regs_V_378_load   |    9|          2|   32|         64|
    |ap_sig_allocacmp_local_regs_V_379_load   |    9|          2|   32|         64|
    |ap_sig_allocacmp_local_regs_V_37_load    |    9|          2|   32|         64|
    |ap_sig_allocacmp_local_regs_V_380_load   |    9|          2|   32|         64|
    |ap_sig_allocacmp_local_regs_V_381_load   |    9|          2|   32|         64|
    |ap_sig_allocacmp_local_regs_V_382_load   |    9|          2|   32|         64|
    |ap_sig_allocacmp_local_regs_V_383_load   |    9|          2|   32|         64|
    |ap_sig_allocacmp_local_regs_V_384_load   |    9|          2|   32|         64|
    |ap_sig_allocacmp_local_regs_V_385_load   |    9|          2|   32|         64|
    |ap_sig_allocacmp_local_regs_V_386_load   |    9|          2|   32|         64|
    |ap_sig_allocacmp_local_regs_V_387_load   |    9|          2|   32|         64|
    |ap_sig_allocacmp_local_regs_V_388_load   |    9|          2|   32|         64|
    |ap_sig_allocacmp_local_regs_V_389_load   |    9|          2|   32|         64|
    |ap_sig_allocacmp_local_regs_V_38_load    |    9|          2|   32|         64|
    |ap_sig_allocacmp_local_regs_V_390_load   |    9|          2|   32|         64|
    |ap_sig_allocacmp_local_regs_V_391_load   |    9|          2|   32|         64|
    |ap_sig_allocacmp_local_regs_V_392_load   |    9|          2|   32|         64|
    |ap_sig_allocacmp_local_regs_V_393_load   |    9|          2|   32|         64|
    |ap_sig_allocacmp_local_regs_V_394_load   |    9|          2|   32|         64|
    |ap_sig_allocacmp_local_regs_V_395_load   |    9|          2|   32|         64|
    |ap_sig_allocacmp_local_regs_V_396_load   |    9|          2|   32|         64|
    |ap_sig_allocacmp_local_regs_V_397_load   |    9|          2|   32|         64|
    |ap_sig_allocacmp_local_regs_V_398_load   |    9|          2|   32|         64|
    |ap_sig_allocacmp_local_regs_V_399_load   |    9|          2|   32|         64|
    |ap_sig_allocacmp_local_regs_V_39_load    |    9|          2|   32|         64|
    |ap_sig_allocacmp_local_regs_V_3_load     |    9|          2|   32|         64|
    |ap_sig_allocacmp_local_regs_V_400_load   |    9|          2|   32|         64|
    |ap_sig_allocacmp_local_regs_V_401_load   |    9|          2|   32|         64|
    |ap_sig_allocacmp_local_regs_V_402_load   |    9|          2|   32|         64|
    |ap_sig_allocacmp_local_regs_V_403_load   |    9|          2|   32|         64|
    |ap_sig_allocacmp_local_regs_V_404_load   |    9|          2|   32|         64|
    |ap_sig_allocacmp_local_regs_V_405_load   |    9|          2|   32|         64|
    |ap_sig_allocacmp_local_regs_V_406_load   |    9|          2|   32|         64|
    |ap_sig_allocacmp_local_regs_V_407_load   |    9|          2|   32|         64|
    |ap_sig_allocacmp_local_regs_V_408_load   |    9|          2|   32|         64|
    |ap_sig_allocacmp_local_regs_V_409_load   |    9|          2|   32|         64|
    |ap_sig_allocacmp_local_regs_V_40_load    |    9|          2|   32|         64|
    |ap_sig_allocacmp_local_regs_V_410_load   |    9|          2|   32|         64|
    |ap_sig_allocacmp_local_regs_V_411_load   |    9|          2|   32|         64|
    |ap_sig_allocacmp_local_regs_V_412_load   |    9|          2|   32|         64|
    |ap_sig_allocacmp_local_regs_V_413_load   |    9|          2|   32|         64|
    |ap_sig_allocacmp_local_regs_V_414_load   |    9|          2|   32|         64|
    |ap_sig_allocacmp_local_regs_V_415_load   |    9|          2|   32|         64|
    |ap_sig_allocacmp_local_regs_V_416_load   |    9|          2|   32|         64|
    |ap_sig_allocacmp_local_regs_V_417_load   |    9|          2|   32|         64|
    |ap_sig_allocacmp_local_regs_V_418_load   |    9|          2|   32|         64|
    |ap_sig_allocacmp_local_regs_V_419_load   |    9|          2|   32|         64|
    |ap_sig_allocacmp_local_regs_V_41_load    |    9|          2|   32|         64|
    |ap_sig_allocacmp_local_regs_V_420_load   |    9|          2|   32|         64|
    |ap_sig_allocacmp_local_regs_V_421_load   |    9|          2|   32|         64|
    |ap_sig_allocacmp_local_regs_V_422_load   |    9|          2|   32|         64|
    |ap_sig_allocacmp_local_regs_V_423_load   |    9|          2|   32|         64|
    |ap_sig_allocacmp_local_regs_V_424_load   |    9|          2|   32|         64|
    |ap_sig_allocacmp_local_regs_V_425_load   |    9|          2|   32|         64|
    |ap_sig_allocacmp_local_regs_V_426_load   |    9|          2|   32|         64|
    |ap_sig_allocacmp_local_regs_V_427_load   |    9|          2|   32|         64|
    |ap_sig_allocacmp_local_regs_V_428_load   |    9|          2|   32|         64|
    |ap_sig_allocacmp_local_regs_V_429_load   |    9|          2|   32|         64|
    |ap_sig_allocacmp_local_regs_V_42_load    |    9|          2|   32|         64|
    |ap_sig_allocacmp_local_regs_V_430_load   |    9|          2|   32|         64|
    |ap_sig_allocacmp_local_regs_V_431_load   |    9|          2|   32|         64|
    |ap_sig_allocacmp_local_regs_V_432_load   |    9|          2|   32|         64|
    |ap_sig_allocacmp_local_regs_V_433_load   |    9|          2|   32|         64|
    |ap_sig_allocacmp_local_regs_V_434_load   |    9|          2|   32|         64|
    |ap_sig_allocacmp_local_regs_V_435_load   |    9|          2|   32|         64|
    |ap_sig_allocacmp_local_regs_V_436_load   |    9|          2|   32|         64|
    |ap_sig_allocacmp_local_regs_V_437_load   |    9|          2|   32|         64|
    |ap_sig_allocacmp_local_regs_V_438_load   |    9|          2|   32|         64|
    |ap_sig_allocacmp_local_regs_V_439_load   |    9|          2|   32|         64|
    |ap_sig_allocacmp_local_regs_V_43_load    |    9|          2|   32|         64|
    |ap_sig_allocacmp_local_regs_V_440_load   |    9|          2|   32|         64|
    |ap_sig_allocacmp_local_regs_V_441_load   |    9|          2|   32|         64|
    |ap_sig_allocacmp_local_regs_V_442_load   |    9|          2|   32|         64|
    |ap_sig_allocacmp_local_regs_V_443_load   |    9|          2|   32|         64|
    |ap_sig_allocacmp_local_regs_V_444_load   |    9|          2|   32|         64|
    |ap_sig_allocacmp_local_regs_V_445_load   |    9|          2|   32|         64|
    |ap_sig_allocacmp_local_regs_V_446_load   |    9|          2|   32|         64|
    |ap_sig_allocacmp_local_regs_V_447_load   |    9|          2|   32|         64|
    |ap_sig_allocacmp_local_regs_V_448_load   |    9|          2|   32|         64|
    |ap_sig_allocacmp_local_regs_V_449_load   |    9|          2|   32|         64|
    |ap_sig_allocacmp_local_regs_V_44_load    |    9|          2|   32|         64|
    |ap_sig_allocacmp_local_regs_V_450_load   |    9|          2|   32|         64|
    |ap_sig_allocacmp_local_regs_V_451_load   |    9|          2|   32|         64|
    |ap_sig_allocacmp_local_regs_V_452_load   |    9|          2|   32|         64|
    |ap_sig_allocacmp_local_regs_V_453_load   |    9|          2|   32|         64|
    |ap_sig_allocacmp_local_regs_V_454_load   |    9|          2|   32|         64|
    |ap_sig_allocacmp_local_regs_V_455_load   |    9|          2|   32|         64|
    |ap_sig_allocacmp_local_regs_V_456_load   |    9|          2|   32|         64|
    |ap_sig_allocacmp_local_regs_V_457_load   |    9|          2|   32|         64|
    |ap_sig_allocacmp_local_regs_V_458_load   |    9|          2|   32|         64|
    |ap_sig_allocacmp_local_regs_V_459_load   |    9|          2|   32|         64|
    |ap_sig_allocacmp_local_regs_V_45_load    |    9|          2|   32|         64|
    |ap_sig_allocacmp_local_regs_V_460_load   |    9|          2|   32|         64|
    |ap_sig_allocacmp_local_regs_V_461_load   |    9|          2|   32|         64|
    |ap_sig_allocacmp_local_regs_V_462_load   |    9|          2|   32|         64|
    |ap_sig_allocacmp_local_regs_V_463_load   |    9|          2|   32|         64|
    |ap_sig_allocacmp_local_regs_V_464_load   |    9|          2|   32|         64|
    |ap_sig_allocacmp_local_regs_V_465_load   |    9|          2|   32|         64|
    |ap_sig_allocacmp_local_regs_V_466_load   |    9|          2|   32|         64|
    |ap_sig_allocacmp_local_regs_V_467_load   |    9|          2|   32|         64|
    |ap_sig_allocacmp_local_regs_V_468_load   |    9|          2|   32|         64|
    |ap_sig_allocacmp_local_regs_V_469_load   |    9|          2|   32|         64|
    |ap_sig_allocacmp_local_regs_V_46_load    |    9|          2|   32|         64|
    |ap_sig_allocacmp_local_regs_V_470_load   |    9|          2|   32|         64|
    |ap_sig_allocacmp_local_regs_V_471_load   |    9|          2|   32|         64|
    |ap_sig_allocacmp_local_regs_V_472_load   |    9|          2|   32|         64|
    |ap_sig_allocacmp_local_regs_V_473_load   |    9|          2|   32|         64|
    |ap_sig_allocacmp_local_regs_V_474_load   |    9|          2|   32|         64|
    |ap_sig_allocacmp_local_regs_V_475_load   |    9|          2|   32|         64|
    |ap_sig_allocacmp_local_regs_V_476_load   |    9|          2|   32|         64|
    |ap_sig_allocacmp_local_regs_V_477_load   |    9|          2|   32|         64|
    |ap_sig_allocacmp_local_regs_V_478_load   |    9|          2|   32|         64|
    |ap_sig_allocacmp_local_regs_V_479_load   |    9|          2|   32|         64|
    |ap_sig_allocacmp_local_regs_V_47_load    |    9|          2|   32|         64|
    |ap_sig_allocacmp_local_regs_V_480_load   |    9|          2|   32|         64|
    |ap_sig_allocacmp_local_regs_V_481_load   |    9|          2|   32|         64|
    |ap_sig_allocacmp_local_regs_V_482_load   |    9|          2|   32|         64|
    |ap_sig_allocacmp_local_regs_V_483_load   |    9|          2|   32|         64|
    |ap_sig_allocacmp_local_regs_V_484_load   |    9|          2|   32|         64|
    |ap_sig_allocacmp_local_regs_V_485_load   |    9|          2|   32|         64|
    |ap_sig_allocacmp_local_regs_V_486_load   |    9|          2|   32|         64|
    |ap_sig_allocacmp_local_regs_V_487_load   |    9|          2|   32|         64|
    |ap_sig_allocacmp_local_regs_V_488_load   |    9|          2|   32|         64|
    |ap_sig_allocacmp_local_regs_V_489_load   |    9|          2|   32|         64|
    |ap_sig_allocacmp_local_regs_V_48_load    |    9|          2|   32|         64|
    |ap_sig_allocacmp_local_regs_V_490_load   |    9|          2|   32|         64|
    |ap_sig_allocacmp_local_regs_V_491_load   |    9|          2|   32|         64|
    |ap_sig_allocacmp_local_regs_V_492_load   |    9|          2|   32|         64|
    |ap_sig_allocacmp_local_regs_V_493_load   |    9|          2|   32|         64|
    |ap_sig_allocacmp_local_regs_V_494_load   |    9|          2|   32|         64|
    |ap_sig_allocacmp_local_regs_V_495_load   |    9|          2|   32|         64|
    |ap_sig_allocacmp_local_regs_V_496_load   |    9|          2|   32|         64|
    |ap_sig_allocacmp_local_regs_V_497_load   |    9|          2|   32|         64|
    |ap_sig_allocacmp_local_regs_V_498_load   |    9|          2|   32|         64|
    |ap_sig_allocacmp_local_regs_V_499_load   |    9|          2|   32|         64|
    |ap_sig_allocacmp_local_regs_V_49_load    |    9|          2|   32|         64|
    |ap_sig_allocacmp_local_regs_V_4_load     |    9|          2|   32|         64|
    |ap_sig_allocacmp_local_regs_V_500_load   |    9|          2|   32|         64|
    |ap_sig_allocacmp_local_regs_V_501_load   |    9|          2|   32|         64|
    |ap_sig_allocacmp_local_regs_V_502_load   |    9|          2|   32|         64|
    |ap_sig_allocacmp_local_regs_V_503_load   |    9|          2|   32|         64|
    |ap_sig_allocacmp_local_regs_V_504_load   |    9|          2|   32|         64|
    |ap_sig_allocacmp_local_regs_V_505_load   |    9|          2|   32|         64|
    |ap_sig_allocacmp_local_regs_V_506_load   |    9|          2|   32|         64|
    |ap_sig_allocacmp_local_regs_V_507_load   |    9|          2|   32|         64|
    |ap_sig_allocacmp_local_regs_V_508_load   |    9|          2|   32|         64|
    |ap_sig_allocacmp_local_regs_V_509_load   |    9|          2|   32|         64|
    |ap_sig_allocacmp_local_regs_V_50_load    |    9|          2|   32|         64|
    |ap_sig_allocacmp_local_regs_V_510_load   |    9|          2|   32|         64|
    |ap_sig_allocacmp_local_regs_V_511_load   |    9|          2|   32|         64|
    |ap_sig_allocacmp_local_regs_V_512_load   |    9|          2|   32|         64|
    |ap_sig_allocacmp_local_regs_V_513_load   |    9|          2|   32|         64|
    |ap_sig_allocacmp_local_regs_V_514_load   |    9|          2|   32|         64|
    |ap_sig_allocacmp_local_regs_V_515_load   |    9|          2|   32|         64|
    |ap_sig_allocacmp_local_regs_V_516_load   |    9|          2|   32|         64|
    |ap_sig_allocacmp_local_regs_V_517_load   |    9|          2|   32|         64|
    |ap_sig_allocacmp_local_regs_V_518_load   |    9|          2|   32|         64|
    |ap_sig_allocacmp_local_regs_V_519_load   |    9|          2|   32|         64|
    |ap_sig_allocacmp_local_regs_V_51_load    |    9|          2|   32|         64|
    |ap_sig_allocacmp_local_regs_V_520_load   |    9|          2|   32|         64|
    |ap_sig_allocacmp_local_regs_V_521_load   |    9|          2|   32|         64|
    |ap_sig_allocacmp_local_regs_V_522_load   |    9|          2|   32|         64|
    |ap_sig_allocacmp_local_regs_V_523_load   |    9|          2|   32|         64|
    |ap_sig_allocacmp_local_regs_V_524_load   |    9|          2|   32|         64|
    |ap_sig_allocacmp_local_regs_V_525_load   |    9|          2|   32|         64|
    |ap_sig_allocacmp_local_regs_V_526_load   |    9|          2|   32|         64|
    |ap_sig_allocacmp_local_regs_V_527_load   |    9|          2|   32|         64|
    |ap_sig_allocacmp_local_regs_V_528_load   |    9|          2|   32|         64|
    |ap_sig_allocacmp_local_regs_V_529_load   |    9|          2|   32|         64|
    |ap_sig_allocacmp_local_regs_V_52_load    |    9|          2|   32|         64|
    |ap_sig_allocacmp_local_regs_V_530_load   |    9|          2|   32|         64|
    |ap_sig_allocacmp_local_regs_V_531_load   |    9|          2|   32|         64|
    |ap_sig_allocacmp_local_regs_V_532_load   |    9|          2|   32|         64|
    |ap_sig_allocacmp_local_regs_V_533_load   |    9|          2|   32|         64|
    |ap_sig_allocacmp_local_regs_V_534_load   |    9|          2|   32|         64|
    |ap_sig_allocacmp_local_regs_V_535_load   |    9|          2|   32|         64|
    |ap_sig_allocacmp_local_regs_V_536_load   |    9|          2|   32|         64|
    |ap_sig_allocacmp_local_regs_V_537_load   |    9|          2|   32|         64|
    |ap_sig_allocacmp_local_regs_V_538_load   |    9|          2|   32|         64|
    |ap_sig_allocacmp_local_regs_V_539_load   |    9|          2|   32|         64|
    |ap_sig_allocacmp_local_regs_V_53_load    |    9|          2|   32|         64|
    |ap_sig_allocacmp_local_regs_V_540_load   |    9|          2|   32|         64|
    |ap_sig_allocacmp_local_regs_V_541_load   |    9|          2|   32|         64|
    |ap_sig_allocacmp_local_regs_V_542_load   |    9|          2|   32|         64|
    |ap_sig_allocacmp_local_regs_V_543_load   |    9|          2|   32|         64|
    |ap_sig_allocacmp_local_regs_V_544_load   |    9|          2|   32|         64|
    |ap_sig_allocacmp_local_regs_V_545_load   |    9|          2|   32|         64|
    |ap_sig_allocacmp_local_regs_V_546_load   |    9|          2|   32|         64|
    |ap_sig_allocacmp_local_regs_V_547_load   |    9|          2|   32|         64|
    |ap_sig_allocacmp_local_regs_V_548_load   |    9|          2|   32|         64|
    |ap_sig_allocacmp_local_regs_V_549_load   |    9|          2|   32|         64|
    |ap_sig_allocacmp_local_regs_V_54_load    |    9|          2|   32|         64|
    |ap_sig_allocacmp_local_regs_V_550_load   |    9|          2|   32|         64|
    |ap_sig_allocacmp_local_regs_V_551_load   |    9|          2|   32|         64|
    |ap_sig_allocacmp_local_regs_V_552_load   |    9|          2|   32|         64|
    |ap_sig_allocacmp_local_regs_V_553_load   |    9|          2|   32|         64|
    |ap_sig_allocacmp_local_regs_V_554_load   |    9|          2|   32|         64|
    |ap_sig_allocacmp_local_regs_V_555_load   |    9|          2|   32|         64|
    |ap_sig_allocacmp_local_regs_V_556_load   |    9|          2|   32|         64|
    |ap_sig_allocacmp_local_regs_V_557_load   |    9|          2|   32|         64|
    |ap_sig_allocacmp_local_regs_V_558_load   |    9|          2|   32|         64|
    |ap_sig_allocacmp_local_regs_V_559_load   |    9|          2|   32|         64|
    |ap_sig_allocacmp_local_regs_V_55_load    |    9|          2|   32|         64|
    |ap_sig_allocacmp_local_regs_V_560_load   |    9|          2|   32|         64|
    |ap_sig_allocacmp_local_regs_V_561_load   |    9|          2|   32|         64|
    |ap_sig_allocacmp_local_regs_V_562_load   |    9|          2|   32|         64|
    |ap_sig_allocacmp_local_regs_V_563_load   |    9|          2|   32|         64|
    |ap_sig_allocacmp_local_regs_V_564_load   |    9|          2|   32|         64|
    |ap_sig_allocacmp_local_regs_V_565_load   |    9|          2|   32|         64|
    |ap_sig_allocacmp_local_regs_V_566_load   |    9|          2|   32|         64|
    |ap_sig_allocacmp_local_regs_V_567_load   |    9|          2|   32|         64|
    |ap_sig_allocacmp_local_regs_V_568_load   |    9|          2|   32|         64|
    |ap_sig_allocacmp_local_regs_V_569_load   |    9|          2|   32|         64|
    |ap_sig_allocacmp_local_regs_V_56_load    |    9|          2|   32|         64|
    |ap_sig_allocacmp_local_regs_V_570_load   |    9|          2|   32|         64|
    |ap_sig_allocacmp_local_regs_V_571_load   |    9|          2|   32|         64|
    |ap_sig_allocacmp_local_regs_V_572_load   |    9|          2|   32|         64|
    |ap_sig_allocacmp_local_regs_V_573_load   |    9|          2|   32|         64|
    |ap_sig_allocacmp_local_regs_V_574_load   |    9|          2|   32|         64|
    |ap_sig_allocacmp_local_regs_V_575_load   |    9|          2|   32|         64|
    |ap_sig_allocacmp_local_regs_V_576_load   |    9|          2|   32|         64|
    |ap_sig_allocacmp_local_regs_V_577_load   |    9|          2|   32|         64|
    |ap_sig_allocacmp_local_regs_V_578_load   |    9|          2|   32|         64|
    |ap_sig_allocacmp_local_regs_V_579_load   |    9|          2|   32|         64|
    |ap_sig_allocacmp_local_regs_V_57_load    |    9|          2|   32|         64|
    |ap_sig_allocacmp_local_regs_V_580_load   |    9|          2|   32|         64|
    |ap_sig_allocacmp_local_regs_V_581_load   |    9|          2|   32|         64|
    |ap_sig_allocacmp_local_regs_V_582_load   |    9|          2|   32|         64|
    |ap_sig_allocacmp_local_regs_V_583_load   |    9|          2|   32|         64|
    |ap_sig_allocacmp_local_regs_V_584_load   |    9|          2|   32|         64|
    |ap_sig_allocacmp_local_regs_V_585_load   |    9|          2|   32|         64|
    |ap_sig_allocacmp_local_regs_V_586_load   |    9|          2|   32|         64|
    |ap_sig_allocacmp_local_regs_V_587_load   |    9|          2|   32|         64|
    |ap_sig_allocacmp_local_regs_V_588_load   |    9|          2|   32|         64|
    |ap_sig_allocacmp_local_regs_V_589_load   |    9|          2|   32|         64|
    |ap_sig_allocacmp_local_regs_V_58_load    |    9|          2|   32|         64|
    |ap_sig_allocacmp_local_regs_V_590_load   |    9|          2|   32|         64|
    |ap_sig_allocacmp_local_regs_V_591_load   |    9|          2|   32|         64|
    |ap_sig_allocacmp_local_regs_V_592_load   |    9|          2|   32|         64|
    |ap_sig_allocacmp_local_regs_V_593_load   |    9|          2|   32|         64|
    |ap_sig_allocacmp_local_regs_V_594_load   |    9|          2|   32|         64|
    |ap_sig_allocacmp_local_regs_V_595_load   |    9|          2|   32|         64|
    |ap_sig_allocacmp_local_regs_V_596_load   |    9|          2|   32|         64|
    |ap_sig_allocacmp_local_regs_V_597_load   |    9|          2|   32|         64|
    |ap_sig_allocacmp_local_regs_V_598_load   |    9|          2|   32|         64|
    |ap_sig_allocacmp_local_regs_V_599_load   |    9|          2|   32|         64|
    |ap_sig_allocacmp_local_regs_V_59_load    |    9|          2|   32|         64|
    |ap_sig_allocacmp_local_regs_V_5_load     |    9|          2|   32|         64|
    |ap_sig_allocacmp_local_regs_V_600_load   |    9|          2|   32|         64|
    |ap_sig_allocacmp_local_regs_V_601_load   |    9|          2|   32|         64|
    |ap_sig_allocacmp_local_regs_V_602_load   |    9|          2|   32|         64|
    |ap_sig_allocacmp_local_regs_V_603_load   |    9|          2|   32|         64|
    |ap_sig_allocacmp_local_regs_V_604_load   |    9|          2|   32|         64|
    |ap_sig_allocacmp_local_regs_V_605_load   |    9|          2|   32|         64|
    |ap_sig_allocacmp_local_regs_V_606_load   |    9|          2|   32|         64|
    |ap_sig_allocacmp_local_regs_V_607_load   |    9|          2|   32|         64|
    |ap_sig_allocacmp_local_regs_V_608_load   |    9|          2|   32|         64|
    |ap_sig_allocacmp_local_regs_V_609_load   |    9|          2|   32|         64|
    |ap_sig_allocacmp_local_regs_V_60_load    |    9|          2|   32|         64|
    |ap_sig_allocacmp_local_regs_V_610_load   |    9|          2|   32|         64|
    |ap_sig_allocacmp_local_regs_V_611_load   |    9|          2|   32|         64|
    |ap_sig_allocacmp_local_regs_V_612_load   |    9|          2|   32|         64|
    |ap_sig_allocacmp_local_regs_V_613_load   |    9|          2|   32|         64|
    |ap_sig_allocacmp_local_regs_V_614_load   |    9|          2|   32|         64|
    |ap_sig_allocacmp_local_regs_V_615_load   |    9|          2|   32|         64|
    |ap_sig_allocacmp_local_regs_V_616_load   |    9|          2|   32|         64|
    |ap_sig_allocacmp_local_regs_V_617_load   |    9|          2|   32|         64|
    |ap_sig_allocacmp_local_regs_V_618_load   |    9|          2|   32|         64|
    |ap_sig_allocacmp_local_regs_V_619_load   |    9|          2|   32|         64|
    |ap_sig_allocacmp_local_regs_V_61_load    |    9|          2|   32|         64|
    |ap_sig_allocacmp_local_regs_V_620_load   |    9|          2|   32|         64|
    |ap_sig_allocacmp_local_regs_V_621_load   |    9|          2|   32|         64|
    |ap_sig_allocacmp_local_regs_V_622_load   |    9|          2|   32|         64|
    |ap_sig_allocacmp_local_regs_V_623_load   |    9|          2|   32|         64|
    |ap_sig_allocacmp_local_regs_V_624_load   |    9|          2|   32|         64|
    |ap_sig_allocacmp_local_regs_V_625_load   |    9|          2|   32|         64|
    |ap_sig_allocacmp_local_regs_V_626_load   |    9|          2|   32|         64|
    |ap_sig_allocacmp_local_regs_V_627_load   |    9|          2|   32|         64|
    |ap_sig_allocacmp_local_regs_V_628_load   |    9|          2|   32|         64|
    |ap_sig_allocacmp_local_regs_V_629_load   |    9|          2|   32|         64|
    |ap_sig_allocacmp_local_regs_V_62_load    |    9|          2|   32|         64|
    |ap_sig_allocacmp_local_regs_V_630_load   |    9|          2|   32|         64|
    |ap_sig_allocacmp_local_regs_V_631_load   |    9|          2|   32|         64|
    |ap_sig_allocacmp_local_regs_V_632_load   |    9|          2|   32|         64|
    |ap_sig_allocacmp_local_regs_V_633_load   |    9|          2|   32|         64|
    |ap_sig_allocacmp_local_regs_V_634_load   |    9|          2|   32|         64|
    |ap_sig_allocacmp_local_regs_V_635_load   |    9|          2|   32|         64|
    |ap_sig_allocacmp_local_regs_V_636_load   |    9|          2|   32|         64|
    |ap_sig_allocacmp_local_regs_V_637_load   |    9|          2|   32|         64|
    |ap_sig_allocacmp_local_regs_V_638_load   |    9|          2|   32|         64|
    |ap_sig_allocacmp_local_regs_V_639_load   |    9|          2|   32|         64|
    |ap_sig_allocacmp_local_regs_V_63_load    |    9|          2|   32|         64|
    |ap_sig_allocacmp_local_regs_V_640_load   |    9|          2|   32|         64|
    |ap_sig_allocacmp_local_regs_V_641_load   |    9|          2|   32|         64|
    |ap_sig_allocacmp_local_regs_V_642_load   |    9|          2|   32|         64|
    |ap_sig_allocacmp_local_regs_V_643_load   |    9|          2|   32|         64|
    |ap_sig_allocacmp_local_regs_V_644_load   |    9|          2|   32|         64|
    |ap_sig_allocacmp_local_regs_V_645_load   |    9|          2|   32|         64|
    |ap_sig_allocacmp_local_regs_V_646_load   |    9|          2|   32|         64|
    |ap_sig_allocacmp_local_regs_V_647_load   |    9|          2|   32|         64|
    |ap_sig_allocacmp_local_regs_V_648_load   |    9|          2|   32|         64|
    |ap_sig_allocacmp_local_regs_V_649_load   |    9|          2|   32|         64|
    |ap_sig_allocacmp_local_regs_V_64_load    |    9|          2|   32|         64|
    |ap_sig_allocacmp_local_regs_V_650_load   |    9|          2|   32|         64|
    |ap_sig_allocacmp_local_regs_V_651_load   |    9|          2|   32|         64|
    |ap_sig_allocacmp_local_regs_V_652_load   |    9|          2|   32|         64|
    |ap_sig_allocacmp_local_regs_V_653_load   |    9|          2|   32|         64|
    |ap_sig_allocacmp_local_regs_V_654_load   |    9|          2|   32|         64|
    |ap_sig_allocacmp_local_regs_V_655_load   |    9|          2|   32|         64|
    |ap_sig_allocacmp_local_regs_V_656_load   |    9|          2|   32|         64|
    |ap_sig_allocacmp_local_regs_V_657_load   |    9|          2|   32|         64|
    |ap_sig_allocacmp_local_regs_V_658_load   |    9|          2|   32|         64|
    |ap_sig_allocacmp_local_regs_V_659_load   |    9|          2|   32|         64|
    |ap_sig_allocacmp_local_regs_V_65_load    |    9|          2|   32|         64|
    |ap_sig_allocacmp_local_regs_V_660_load   |    9|          2|   32|         64|
    |ap_sig_allocacmp_local_regs_V_661_load   |    9|          2|   32|         64|
    |ap_sig_allocacmp_local_regs_V_662_load   |    9|          2|   32|         64|
    |ap_sig_allocacmp_local_regs_V_663_load   |    9|          2|   32|         64|
    |ap_sig_allocacmp_local_regs_V_664_load   |    9|          2|   32|         64|
    |ap_sig_allocacmp_local_regs_V_665_load   |    9|          2|   32|         64|
    |ap_sig_allocacmp_local_regs_V_666_load   |    9|          2|   32|         64|
    |ap_sig_allocacmp_local_regs_V_667_load   |    9|          2|   32|         64|
    |ap_sig_allocacmp_local_regs_V_668_load   |    9|          2|   32|         64|
    |ap_sig_allocacmp_local_regs_V_669_load   |    9|          2|   32|         64|
    |ap_sig_allocacmp_local_regs_V_66_load    |    9|          2|   32|         64|
    |ap_sig_allocacmp_local_regs_V_670_load   |    9|          2|   32|         64|
    |ap_sig_allocacmp_local_regs_V_671_load   |    9|          2|   32|         64|
    |ap_sig_allocacmp_local_regs_V_672_load   |    9|          2|   32|         64|
    |ap_sig_allocacmp_local_regs_V_673_load   |    9|          2|   32|         64|
    |ap_sig_allocacmp_local_regs_V_674_load   |    9|          2|   32|         64|
    |ap_sig_allocacmp_local_regs_V_675_load   |    9|          2|   32|         64|
    |ap_sig_allocacmp_local_regs_V_676_load   |    9|          2|   32|         64|
    |ap_sig_allocacmp_local_regs_V_677_load   |    9|          2|   32|         64|
    |ap_sig_allocacmp_local_regs_V_678_load   |    9|          2|   32|         64|
    |ap_sig_allocacmp_local_regs_V_679_load   |    9|          2|   32|         64|
    |ap_sig_allocacmp_local_regs_V_67_load    |    9|          2|   32|         64|
    |ap_sig_allocacmp_local_regs_V_680_load   |    9|          2|   32|         64|
    |ap_sig_allocacmp_local_regs_V_681_load   |    9|          2|   32|         64|
    |ap_sig_allocacmp_local_regs_V_682_load   |    9|          2|   32|         64|
    |ap_sig_allocacmp_local_regs_V_683_load   |    9|          2|   32|         64|
    |ap_sig_allocacmp_local_regs_V_684_load   |    9|          2|   32|         64|
    |ap_sig_allocacmp_local_regs_V_685_load   |    9|          2|   32|         64|
    |ap_sig_allocacmp_local_regs_V_686_load   |    9|          2|   32|         64|
    |ap_sig_allocacmp_local_regs_V_687_load   |    9|          2|   32|         64|
    |ap_sig_allocacmp_local_regs_V_688_load   |    9|          2|   32|         64|
    |ap_sig_allocacmp_local_regs_V_689_load   |    9|          2|   32|         64|
    |ap_sig_allocacmp_local_regs_V_68_load    |    9|          2|   32|         64|
    |ap_sig_allocacmp_local_regs_V_690_load   |    9|          2|   32|         64|
    |ap_sig_allocacmp_local_regs_V_691_load   |    9|          2|   32|         64|
    |ap_sig_allocacmp_local_regs_V_692_load   |    9|          2|   32|         64|
    |ap_sig_allocacmp_local_regs_V_693_load   |    9|          2|   32|         64|
    |ap_sig_allocacmp_local_regs_V_694_load   |    9|          2|   32|         64|
    |ap_sig_allocacmp_local_regs_V_695_load   |    9|          2|   32|         64|
    |ap_sig_allocacmp_local_regs_V_696_load   |    9|          2|   32|         64|
    |ap_sig_allocacmp_local_regs_V_697_load   |    9|          2|   32|         64|
    |ap_sig_allocacmp_local_regs_V_698_load   |    9|          2|   32|         64|
    |ap_sig_allocacmp_local_regs_V_699_load   |    9|          2|   32|         64|
    |ap_sig_allocacmp_local_regs_V_69_load    |    9|          2|   32|         64|
    |ap_sig_allocacmp_local_regs_V_6_load     |    9|          2|   32|         64|
    |ap_sig_allocacmp_local_regs_V_700_load   |    9|          2|   32|         64|
    |ap_sig_allocacmp_local_regs_V_701_load   |    9|          2|   32|         64|
    |ap_sig_allocacmp_local_regs_V_702_load   |    9|          2|   32|         64|
    |ap_sig_allocacmp_local_regs_V_703_load   |    9|          2|   32|         64|
    |ap_sig_allocacmp_local_regs_V_704_load   |    9|          2|   32|         64|
    |ap_sig_allocacmp_local_regs_V_705_load   |    9|          2|   32|         64|
    |ap_sig_allocacmp_local_regs_V_706_load   |    9|          2|   32|         64|
    |ap_sig_allocacmp_local_regs_V_707_load   |    9|          2|   32|         64|
    |ap_sig_allocacmp_local_regs_V_708_load   |    9|          2|   32|         64|
    |ap_sig_allocacmp_local_regs_V_709_load   |    9|          2|   32|         64|
    |ap_sig_allocacmp_local_regs_V_70_load    |    9|          2|   32|         64|
    |ap_sig_allocacmp_local_regs_V_710_load   |    9|          2|   32|         64|
    |ap_sig_allocacmp_local_regs_V_711_load   |    9|          2|   32|         64|
    |ap_sig_allocacmp_local_regs_V_712_load   |    9|          2|   32|         64|
    |ap_sig_allocacmp_local_regs_V_713_load   |    9|          2|   32|         64|
    |ap_sig_allocacmp_local_regs_V_714_load   |    9|          2|   32|         64|
    |ap_sig_allocacmp_local_regs_V_715_load   |    9|          2|   32|         64|
    |ap_sig_allocacmp_local_regs_V_716_load   |    9|          2|   32|         64|
    |ap_sig_allocacmp_local_regs_V_717_load   |    9|          2|   32|         64|
    |ap_sig_allocacmp_local_regs_V_718_load   |    9|          2|   32|         64|
    |ap_sig_allocacmp_local_regs_V_719_load   |    9|          2|   32|         64|
    |ap_sig_allocacmp_local_regs_V_71_load    |    9|          2|   32|         64|
    |ap_sig_allocacmp_local_regs_V_720_load   |    9|          2|   32|         64|
    |ap_sig_allocacmp_local_regs_V_721_load   |    9|          2|   32|         64|
    |ap_sig_allocacmp_local_regs_V_722_load   |    9|          2|   32|         64|
    |ap_sig_allocacmp_local_regs_V_723_load   |    9|          2|   32|         64|
    |ap_sig_allocacmp_local_regs_V_724_load   |    9|          2|   32|         64|
    |ap_sig_allocacmp_local_regs_V_725_load   |    9|          2|   32|         64|
    |ap_sig_allocacmp_local_regs_V_726_load   |    9|          2|   32|         64|
    |ap_sig_allocacmp_local_regs_V_727_load   |    9|          2|   32|         64|
    |ap_sig_allocacmp_local_regs_V_728_load   |    9|          2|   32|         64|
    |ap_sig_allocacmp_local_regs_V_729_load   |    9|          2|   32|         64|
    |ap_sig_allocacmp_local_regs_V_72_load    |    9|          2|   32|         64|
    |ap_sig_allocacmp_local_regs_V_730_load   |    9|          2|   32|         64|
    |ap_sig_allocacmp_local_regs_V_731_load   |    9|          2|   32|         64|
    |ap_sig_allocacmp_local_regs_V_732_load   |    9|          2|   32|         64|
    |ap_sig_allocacmp_local_regs_V_733_load   |    9|          2|   32|         64|
    |ap_sig_allocacmp_local_regs_V_734_load   |    9|          2|   32|         64|
    |ap_sig_allocacmp_local_regs_V_735_load   |    9|          2|   32|         64|
    |ap_sig_allocacmp_local_regs_V_736_load   |    9|          2|   32|         64|
    |ap_sig_allocacmp_local_regs_V_737_load   |    9|          2|   32|         64|
    |ap_sig_allocacmp_local_regs_V_738_load   |    9|          2|   32|         64|
    |ap_sig_allocacmp_local_regs_V_739_load   |    9|          2|   32|         64|
    |ap_sig_allocacmp_local_regs_V_73_load    |    9|          2|   32|         64|
    |ap_sig_allocacmp_local_regs_V_740_load   |    9|          2|   32|         64|
    |ap_sig_allocacmp_local_regs_V_741_load   |    9|          2|   32|         64|
    |ap_sig_allocacmp_local_regs_V_742_load   |    9|          2|   32|         64|
    |ap_sig_allocacmp_local_regs_V_743_load   |    9|          2|   32|         64|
    |ap_sig_allocacmp_local_regs_V_744_load   |    9|          2|   32|         64|
    |ap_sig_allocacmp_local_regs_V_745_load   |    9|          2|   32|         64|
    |ap_sig_allocacmp_local_regs_V_746_load   |    9|          2|   32|         64|
    |ap_sig_allocacmp_local_regs_V_747_load   |    9|          2|   32|         64|
    |ap_sig_allocacmp_local_regs_V_748_load   |    9|          2|   32|         64|
    |ap_sig_allocacmp_local_regs_V_749_load   |    9|          2|   32|         64|
    |ap_sig_allocacmp_local_regs_V_74_load    |    9|          2|   32|         64|
    |ap_sig_allocacmp_local_regs_V_750_load   |    9|          2|   32|         64|
    |ap_sig_allocacmp_local_regs_V_751_load   |    9|          2|   32|         64|
    |ap_sig_allocacmp_local_regs_V_752_load   |    9|          2|   32|         64|
    |ap_sig_allocacmp_local_regs_V_753_load   |    9|          2|   32|         64|
    |ap_sig_allocacmp_local_regs_V_754_load   |    9|          2|   32|         64|
    |ap_sig_allocacmp_local_regs_V_755_load   |    9|          2|   32|         64|
    |ap_sig_allocacmp_local_regs_V_756_load   |    9|          2|   32|         64|
    |ap_sig_allocacmp_local_regs_V_757_load   |    9|          2|   32|         64|
    |ap_sig_allocacmp_local_regs_V_758_load   |    9|          2|   32|         64|
    |ap_sig_allocacmp_local_regs_V_759_load   |    9|          2|   32|         64|
    |ap_sig_allocacmp_local_regs_V_75_load    |    9|          2|   32|         64|
    |ap_sig_allocacmp_local_regs_V_760_load   |    9|          2|   32|         64|
    |ap_sig_allocacmp_local_regs_V_761_load   |    9|          2|   32|         64|
    |ap_sig_allocacmp_local_regs_V_762_load   |    9|          2|   32|         64|
    |ap_sig_allocacmp_local_regs_V_763_load   |    9|          2|   32|         64|
    |ap_sig_allocacmp_local_regs_V_764_load   |    9|          2|   32|         64|
    |ap_sig_allocacmp_local_regs_V_765_load   |    9|          2|   32|         64|
    |ap_sig_allocacmp_local_regs_V_766_load   |    9|          2|   32|         64|
    |ap_sig_allocacmp_local_regs_V_767_load   |    9|          2|   32|         64|
    |ap_sig_allocacmp_local_regs_V_768_load   |    9|          2|   32|         64|
    |ap_sig_allocacmp_local_regs_V_769_load   |    9|          2|   32|         64|
    |ap_sig_allocacmp_local_regs_V_76_load    |    9|          2|   32|         64|
    |ap_sig_allocacmp_local_regs_V_770_load   |    9|          2|   32|         64|
    |ap_sig_allocacmp_local_regs_V_771_load   |    9|          2|   32|         64|
    |ap_sig_allocacmp_local_regs_V_772_load   |    9|          2|   32|         64|
    |ap_sig_allocacmp_local_regs_V_773_load   |    9|          2|   32|         64|
    |ap_sig_allocacmp_local_regs_V_774_load   |    9|          2|   32|         64|
    |ap_sig_allocacmp_local_regs_V_775_load   |    9|          2|   32|         64|
    |ap_sig_allocacmp_local_regs_V_776_load   |    9|          2|   32|         64|
    |ap_sig_allocacmp_local_regs_V_777_load   |    9|          2|   32|         64|
    |ap_sig_allocacmp_local_regs_V_778_load   |    9|          2|   32|         64|
    |ap_sig_allocacmp_local_regs_V_779_load   |    9|          2|   32|         64|
    |ap_sig_allocacmp_local_regs_V_77_load    |    9|          2|   32|         64|
    |ap_sig_allocacmp_local_regs_V_780_load   |    9|          2|   32|         64|
    |ap_sig_allocacmp_local_regs_V_781_load   |    9|          2|   32|         64|
    |ap_sig_allocacmp_local_regs_V_782_load   |    9|          2|   32|         64|
    |ap_sig_allocacmp_local_regs_V_783_load   |    9|          2|   32|         64|
    |ap_sig_allocacmp_local_regs_V_784_load   |    9|          2|   32|         64|
    |ap_sig_allocacmp_local_regs_V_785_load   |    9|          2|   32|         64|
    |ap_sig_allocacmp_local_regs_V_786_load   |    9|          2|   32|         64|
    |ap_sig_allocacmp_local_regs_V_787_load   |    9|          2|   32|         64|
    |ap_sig_allocacmp_local_regs_V_788_load   |    9|          2|   32|         64|
    |ap_sig_allocacmp_local_regs_V_789_load   |    9|          2|   32|         64|
    |ap_sig_allocacmp_local_regs_V_78_load    |    9|          2|   32|         64|
    |ap_sig_allocacmp_local_regs_V_790_load   |    9|          2|   32|         64|
    |ap_sig_allocacmp_local_regs_V_791_load   |    9|          2|   32|         64|
    |ap_sig_allocacmp_local_regs_V_792_load   |    9|          2|   32|         64|
    |ap_sig_allocacmp_local_regs_V_793_load   |    9|          2|   32|         64|
    |ap_sig_allocacmp_local_regs_V_794_load   |    9|          2|   32|         64|
    |ap_sig_allocacmp_local_regs_V_795_load   |    9|          2|   32|         64|
    |ap_sig_allocacmp_local_regs_V_796_load   |    9|          2|   32|         64|
    |ap_sig_allocacmp_local_regs_V_797_load   |    9|          2|   32|         64|
    |ap_sig_allocacmp_local_regs_V_798_load   |    9|          2|   32|         64|
    |ap_sig_allocacmp_local_regs_V_799_load   |    9|          2|   32|         64|
    |ap_sig_allocacmp_local_regs_V_79_load    |    9|          2|   32|         64|
    |ap_sig_allocacmp_local_regs_V_7_load     |    9|          2|   32|         64|
    |ap_sig_allocacmp_local_regs_V_800_load   |    9|          2|   32|         64|
    |ap_sig_allocacmp_local_regs_V_801_load   |    9|          2|   32|         64|
    |ap_sig_allocacmp_local_regs_V_802_load   |    9|          2|   32|         64|
    |ap_sig_allocacmp_local_regs_V_803_load   |    9|          2|   32|         64|
    |ap_sig_allocacmp_local_regs_V_804_load   |    9|          2|   32|         64|
    |ap_sig_allocacmp_local_regs_V_805_load   |    9|          2|   32|         64|
    |ap_sig_allocacmp_local_regs_V_806_load   |    9|          2|   32|         64|
    |ap_sig_allocacmp_local_regs_V_807_load   |    9|          2|   32|         64|
    |ap_sig_allocacmp_local_regs_V_808_load   |    9|          2|   32|         64|
    |ap_sig_allocacmp_local_regs_V_809_load   |    9|          2|   32|         64|
    |ap_sig_allocacmp_local_regs_V_80_load    |    9|          2|   32|         64|
    |ap_sig_allocacmp_local_regs_V_810_load   |    9|          2|   32|         64|
    |ap_sig_allocacmp_local_regs_V_811_load   |    9|          2|   32|         64|
    |ap_sig_allocacmp_local_regs_V_812_load   |    9|          2|   32|         64|
    |ap_sig_allocacmp_local_regs_V_813_load   |    9|          2|   32|         64|
    |ap_sig_allocacmp_local_regs_V_814_load   |    9|          2|   32|         64|
    |ap_sig_allocacmp_local_regs_V_815_load   |    9|          2|   32|         64|
    |ap_sig_allocacmp_local_regs_V_816_load   |    9|          2|   32|         64|
    |ap_sig_allocacmp_local_regs_V_817_load   |    9|          2|   32|         64|
    |ap_sig_allocacmp_local_regs_V_818_load   |    9|          2|   32|         64|
    |ap_sig_allocacmp_local_regs_V_819_load   |    9|          2|   32|         64|
    |ap_sig_allocacmp_local_regs_V_81_load    |    9|          2|   32|         64|
    |ap_sig_allocacmp_local_regs_V_820_load   |    9|          2|   32|         64|
    |ap_sig_allocacmp_local_regs_V_821_load   |    9|          2|   32|         64|
    |ap_sig_allocacmp_local_regs_V_822_load   |    9|          2|   32|         64|
    |ap_sig_allocacmp_local_regs_V_823_load   |    9|          2|   32|         64|
    |ap_sig_allocacmp_local_regs_V_824_load   |    9|          2|   32|         64|
    |ap_sig_allocacmp_local_regs_V_825_load   |    9|          2|   32|         64|
    |ap_sig_allocacmp_local_regs_V_826_load   |    9|          2|   32|         64|
    |ap_sig_allocacmp_local_regs_V_827_load   |    9|          2|   32|         64|
    |ap_sig_allocacmp_local_regs_V_828_load   |    9|          2|   32|         64|
    |ap_sig_allocacmp_local_regs_V_829_load   |    9|          2|   32|         64|
    |ap_sig_allocacmp_local_regs_V_82_load    |    9|          2|   32|         64|
    |ap_sig_allocacmp_local_regs_V_830_load   |    9|          2|   32|         64|
    |ap_sig_allocacmp_local_regs_V_831_load   |    9|          2|   32|         64|
    |ap_sig_allocacmp_local_regs_V_832_load   |    9|          2|   32|         64|
    |ap_sig_allocacmp_local_regs_V_833_load   |    9|          2|   32|         64|
    |ap_sig_allocacmp_local_regs_V_834_load   |    9|          2|   32|         64|
    |ap_sig_allocacmp_local_regs_V_835_load   |    9|          2|   32|         64|
    |ap_sig_allocacmp_local_regs_V_836_load   |    9|          2|   32|         64|
    |ap_sig_allocacmp_local_regs_V_837_load   |    9|          2|   32|         64|
    |ap_sig_allocacmp_local_regs_V_838_load   |    9|          2|   32|         64|
    |ap_sig_allocacmp_local_regs_V_839_load   |    9|          2|   32|         64|
    |ap_sig_allocacmp_local_regs_V_83_load    |    9|          2|   32|         64|
    |ap_sig_allocacmp_local_regs_V_840_load   |    9|          2|   32|         64|
    |ap_sig_allocacmp_local_regs_V_841_load   |    9|          2|   32|         64|
    |ap_sig_allocacmp_local_regs_V_842_load   |    9|          2|   32|         64|
    |ap_sig_allocacmp_local_regs_V_843_load   |    9|          2|   32|         64|
    |ap_sig_allocacmp_local_regs_V_844_load   |    9|          2|   32|         64|
    |ap_sig_allocacmp_local_regs_V_845_load   |    9|          2|   32|         64|
    |ap_sig_allocacmp_local_regs_V_846_load   |    9|          2|   32|         64|
    |ap_sig_allocacmp_local_regs_V_847_load   |    9|          2|   32|         64|
    |ap_sig_allocacmp_local_regs_V_848_load   |    9|          2|   32|         64|
    |ap_sig_allocacmp_local_regs_V_849_load   |    9|          2|   32|         64|
    |ap_sig_allocacmp_local_regs_V_84_load    |    9|          2|   32|         64|
    |ap_sig_allocacmp_local_regs_V_850_load   |    9|          2|   32|         64|
    |ap_sig_allocacmp_local_regs_V_851_load   |    9|          2|   32|         64|
    |ap_sig_allocacmp_local_regs_V_852_load   |    9|          2|   32|         64|
    |ap_sig_allocacmp_local_regs_V_853_load   |    9|          2|   32|         64|
    |ap_sig_allocacmp_local_regs_V_854_load   |    9|          2|   32|         64|
    |ap_sig_allocacmp_local_regs_V_855_load   |    9|          2|   32|         64|
    |ap_sig_allocacmp_local_regs_V_856_load   |    9|          2|   32|         64|
    |ap_sig_allocacmp_local_regs_V_857_load   |    9|          2|   32|         64|
    |ap_sig_allocacmp_local_regs_V_858_load   |    9|          2|   32|         64|
    |ap_sig_allocacmp_local_regs_V_859_load   |    9|          2|   32|         64|
    |ap_sig_allocacmp_local_regs_V_85_load    |    9|          2|   32|         64|
    |ap_sig_allocacmp_local_regs_V_860_load   |    9|          2|   32|         64|
    |ap_sig_allocacmp_local_regs_V_861_load   |    9|          2|   32|         64|
    |ap_sig_allocacmp_local_regs_V_862_load   |    9|          2|   32|         64|
    |ap_sig_allocacmp_local_regs_V_863_load   |    9|          2|   32|         64|
    |ap_sig_allocacmp_local_regs_V_864_load   |    9|          2|   32|         64|
    |ap_sig_allocacmp_local_regs_V_865_load   |    9|          2|   32|         64|
    |ap_sig_allocacmp_local_regs_V_866_load   |    9|          2|   32|         64|
    |ap_sig_allocacmp_local_regs_V_867_load   |    9|          2|   32|         64|
    |ap_sig_allocacmp_local_regs_V_868_load   |    9|          2|   32|         64|
    |ap_sig_allocacmp_local_regs_V_869_load   |    9|          2|   32|         64|
    |ap_sig_allocacmp_local_regs_V_86_load    |    9|          2|   32|         64|
    |ap_sig_allocacmp_local_regs_V_870_load   |    9|          2|   32|         64|
    |ap_sig_allocacmp_local_regs_V_871_load   |    9|          2|   32|         64|
    |ap_sig_allocacmp_local_regs_V_872_load   |    9|          2|   32|         64|
    |ap_sig_allocacmp_local_regs_V_873_load   |    9|          2|   32|         64|
    |ap_sig_allocacmp_local_regs_V_874_load   |    9|          2|   32|         64|
    |ap_sig_allocacmp_local_regs_V_875_load   |    9|          2|   32|         64|
    |ap_sig_allocacmp_local_regs_V_876_load   |    9|          2|   32|         64|
    |ap_sig_allocacmp_local_regs_V_877_load   |    9|          2|   32|         64|
    |ap_sig_allocacmp_local_regs_V_878_load   |    9|          2|   32|         64|
    |ap_sig_allocacmp_local_regs_V_879_load   |    9|          2|   32|         64|
    |ap_sig_allocacmp_local_regs_V_87_load    |    9|          2|   32|         64|
    |ap_sig_allocacmp_local_regs_V_880_load   |    9|          2|   32|         64|
    |ap_sig_allocacmp_local_regs_V_881_load   |    9|          2|   32|         64|
    |ap_sig_allocacmp_local_regs_V_882_load   |    9|          2|   32|         64|
    |ap_sig_allocacmp_local_regs_V_883_load   |    9|          2|   32|         64|
    |ap_sig_allocacmp_local_regs_V_884_load   |    9|          2|   32|         64|
    |ap_sig_allocacmp_local_regs_V_885_load   |    9|          2|   32|         64|
    |ap_sig_allocacmp_local_regs_V_886_load   |    9|          2|   32|         64|
    |ap_sig_allocacmp_local_regs_V_887_load   |    9|          2|   32|         64|
    |ap_sig_allocacmp_local_regs_V_888_load   |    9|          2|   32|         64|
    |ap_sig_allocacmp_local_regs_V_889_load   |    9|          2|   32|         64|
    |ap_sig_allocacmp_local_regs_V_88_load    |    9|          2|   32|         64|
    |ap_sig_allocacmp_local_regs_V_890_load   |    9|          2|   32|         64|
    |ap_sig_allocacmp_local_regs_V_891_load   |    9|          2|   32|         64|
    |ap_sig_allocacmp_local_regs_V_892_load   |    9|          2|   32|         64|
    |ap_sig_allocacmp_local_regs_V_893_load   |    9|          2|   32|         64|
    |ap_sig_allocacmp_local_regs_V_894_load   |    9|          2|   32|         64|
    |ap_sig_allocacmp_local_regs_V_895_load   |    9|          2|   32|         64|
    |ap_sig_allocacmp_local_regs_V_896_load   |    9|          2|   32|         64|
    |ap_sig_allocacmp_local_regs_V_897_load   |    9|          2|   32|         64|
    |ap_sig_allocacmp_local_regs_V_898_load   |    9|          2|   32|         64|
    |ap_sig_allocacmp_local_regs_V_899_load   |    9|          2|   32|         64|
    |ap_sig_allocacmp_local_regs_V_89_load    |    9|          2|   32|         64|
    |ap_sig_allocacmp_local_regs_V_8_load     |    9|          2|   32|         64|
    |ap_sig_allocacmp_local_regs_V_900_load   |    9|          2|   32|         64|
    |ap_sig_allocacmp_local_regs_V_901_load   |    9|          2|   32|         64|
    |ap_sig_allocacmp_local_regs_V_902_load   |    9|          2|   32|         64|
    |ap_sig_allocacmp_local_regs_V_903_load   |    9|          2|   32|         64|
    |ap_sig_allocacmp_local_regs_V_904_load   |    9|          2|   32|         64|
    |ap_sig_allocacmp_local_regs_V_905_load   |    9|          2|   32|         64|
    |ap_sig_allocacmp_local_regs_V_906_load   |    9|          2|   32|         64|
    |ap_sig_allocacmp_local_regs_V_907_load   |    9|          2|   32|         64|
    |ap_sig_allocacmp_local_regs_V_908_load   |    9|          2|   32|         64|
    |ap_sig_allocacmp_local_regs_V_909_load   |    9|          2|   32|         64|
    |ap_sig_allocacmp_local_regs_V_90_load    |    9|          2|   32|         64|
    |ap_sig_allocacmp_local_regs_V_910_load   |    9|          2|   32|         64|
    |ap_sig_allocacmp_local_regs_V_911_load   |    9|          2|   32|         64|
    |ap_sig_allocacmp_local_regs_V_912_load   |    9|          2|   32|         64|
    |ap_sig_allocacmp_local_regs_V_913_load   |    9|          2|   32|         64|
    |ap_sig_allocacmp_local_regs_V_914_load   |    9|          2|   32|         64|
    |ap_sig_allocacmp_local_regs_V_915_load   |    9|          2|   32|         64|
    |ap_sig_allocacmp_local_regs_V_916_load   |    9|          2|   32|         64|
    |ap_sig_allocacmp_local_regs_V_917_load   |    9|          2|   32|         64|
    |ap_sig_allocacmp_local_regs_V_918_load   |    9|          2|   32|         64|
    |ap_sig_allocacmp_local_regs_V_919_load   |    9|          2|   32|         64|
    |ap_sig_allocacmp_local_regs_V_91_load    |    9|          2|   32|         64|
    |ap_sig_allocacmp_local_regs_V_920_load   |    9|          2|   32|         64|
    |ap_sig_allocacmp_local_regs_V_921_load   |    9|          2|   32|         64|
    |ap_sig_allocacmp_local_regs_V_922_load   |    9|          2|   32|         64|
    |ap_sig_allocacmp_local_regs_V_923_load   |    9|          2|   32|         64|
    |ap_sig_allocacmp_local_regs_V_924_load   |    9|          2|   32|         64|
    |ap_sig_allocacmp_local_regs_V_925_load   |    9|          2|   32|         64|
    |ap_sig_allocacmp_local_regs_V_926_load   |    9|          2|   32|         64|
    |ap_sig_allocacmp_local_regs_V_927_load   |    9|          2|   32|         64|
    |ap_sig_allocacmp_local_regs_V_928_load   |    9|          2|   32|         64|
    |ap_sig_allocacmp_local_regs_V_929_load   |    9|          2|   32|         64|
    |ap_sig_allocacmp_local_regs_V_92_load    |    9|          2|   32|         64|
    |ap_sig_allocacmp_local_regs_V_930_load   |    9|          2|   32|         64|
    |ap_sig_allocacmp_local_regs_V_931_load   |    9|          2|   32|         64|
    |ap_sig_allocacmp_local_regs_V_932_load   |    9|          2|   32|         64|
    |ap_sig_allocacmp_local_regs_V_933_load   |    9|          2|   32|         64|
    |ap_sig_allocacmp_local_regs_V_934_load   |    9|          2|   32|         64|
    |ap_sig_allocacmp_local_regs_V_935_load   |    9|          2|   32|         64|
    |ap_sig_allocacmp_local_regs_V_936_load   |    9|          2|   32|         64|
    |ap_sig_allocacmp_local_regs_V_937_load   |    9|          2|   32|         64|
    |ap_sig_allocacmp_local_regs_V_938_load   |    9|          2|   32|         64|
    |ap_sig_allocacmp_local_regs_V_939_load   |    9|          2|   32|         64|
    |ap_sig_allocacmp_local_regs_V_93_load    |    9|          2|   32|         64|
    |ap_sig_allocacmp_local_regs_V_940_load   |    9|          2|   32|         64|
    |ap_sig_allocacmp_local_regs_V_941_load   |    9|          2|   32|         64|
    |ap_sig_allocacmp_local_regs_V_942_load   |    9|          2|   32|         64|
    |ap_sig_allocacmp_local_regs_V_943_load   |    9|          2|   32|         64|
    |ap_sig_allocacmp_local_regs_V_944_load   |    9|          2|   32|         64|
    |ap_sig_allocacmp_local_regs_V_945_load   |    9|          2|   32|         64|
    |ap_sig_allocacmp_local_regs_V_946_load   |    9|          2|   32|         64|
    |ap_sig_allocacmp_local_regs_V_947_load   |    9|          2|   32|         64|
    |ap_sig_allocacmp_local_regs_V_948_load   |    9|          2|   32|         64|
    |ap_sig_allocacmp_local_regs_V_949_load   |    9|          2|   32|         64|
    |ap_sig_allocacmp_local_regs_V_94_load    |    9|          2|   32|         64|
    |ap_sig_allocacmp_local_regs_V_950_load   |    9|          2|   32|         64|
    |ap_sig_allocacmp_local_regs_V_951_load   |    9|          2|   32|         64|
    |ap_sig_allocacmp_local_regs_V_952_load   |    9|          2|   32|         64|
    |ap_sig_allocacmp_local_regs_V_953_load   |    9|          2|   32|         64|
    |ap_sig_allocacmp_local_regs_V_954_load   |    9|          2|   32|         64|
    |ap_sig_allocacmp_local_regs_V_955_load   |    9|          2|   32|         64|
    |ap_sig_allocacmp_local_regs_V_956_load   |    9|          2|   32|         64|
    |ap_sig_allocacmp_local_regs_V_957_load   |    9|          2|   32|         64|
    |ap_sig_allocacmp_local_regs_V_958_load   |    9|          2|   32|         64|
    |ap_sig_allocacmp_local_regs_V_959_load   |    9|          2|   32|         64|
    |ap_sig_allocacmp_local_regs_V_95_load    |    9|          2|   32|         64|
    |ap_sig_allocacmp_local_regs_V_960_load   |    9|          2|   32|         64|
    |ap_sig_allocacmp_local_regs_V_961_load   |    9|          2|   32|         64|
    |ap_sig_allocacmp_local_regs_V_962_load   |    9|          2|   32|         64|
    |ap_sig_allocacmp_local_regs_V_963_load   |    9|          2|   32|         64|
    |ap_sig_allocacmp_local_regs_V_964_load   |    9|          2|   32|         64|
    |ap_sig_allocacmp_local_regs_V_965_load   |    9|          2|   32|         64|
    |ap_sig_allocacmp_local_regs_V_966_load   |    9|          2|   32|         64|
    |ap_sig_allocacmp_local_regs_V_967_load   |    9|          2|   32|         64|
    |ap_sig_allocacmp_local_regs_V_968_load   |    9|          2|   32|         64|
    |ap_sig_allocacmp_local_regs_V_969_load   |    9|          2|   32|         64|
    |ap_sig_allocacmp_local_regs_V_96_load    |    9|          2|   32|         64|
    |ap_sig_allocacmp_local_regs_V_970_load   |    9|          2|   32|         64|
    |ap_sig_allocacmp_local_regs_V_971_load   |    9|          2|   32|         64|
    |ap_sig_allocacmp_local_regs_V_972_load   |    9|          2|   32|         64|
    |ap_sig_allocacmp_local_regs_V_973_load   |    9|          2|   32|         64|
    |ap_sig_allocacmp_local_regs_V_974_load   |    9|          2|   32|         64|
    |ap_sig_allocacmp_local_regs_V_975_load   |    9|          2|   32|         64|
    |ap_sig_allocacmp_local_regs_V_976_load   |    9|          2|   32|         64|
    |ap_sig_allocacmp_local_regs_V_977_load   |    9|          2|   32|         64|
    |ap_sig_allocacmp_local_regs_V_978_load   |    9|          2|   32|         64|
    |ap_sig_allocacmp_local_regs_V_979_load   |    9|          2|   32|         64|
    |ap_sig_allocacmp_local_regs_V_97_load    |    9|          2|   32|         64|
    |ap_sig_allocacmp_local_regs_V_980_load   |    9|          2|   32|         64|
    |ap_sig_allocacmp_local_regs_V_981_load   |    9|          2|   32|         64|
    |ap_sig_allocacmp_local_regs_V_982_load   |    9|          2|   32|         64|
    |ap_sig_allocacmp_local_regs_V_983_load   |    9|          2|   32|         64|
    |ap_sig_allocacmp_local_regs_V_984_load   |    9|          2|   32|         64|
    |ap_sig_allocacmp_local_regs_V_985_load   |    9|          2|   32|         64|
    |ap_sig_allocacmp_local_regs_V_986_load   |    9|          2|   32|         64|
    |ap_sig_allocacmp_local_regs_V_987_load   |    9|          2|   32|         64|
    |ap_sig_allocacmp_local_regs_V_988_load   |    9|          2|   32|         64|
    |ap_sig_allocacmp_local_regs_V_989_load   |    9|          2|   32|         64|
    |ap_sig_allocacmp_local_regs_V_98_load    |    9|          2|   32|         64|
    |ap_sig_allocacmp_local_regs_V_990_load   |    9|          2|   32|         64|
    |ap_sig_allocacmp_local_regs_V_991_load   |    9|          2|   32|         64|
    |ap_sig_allocacmp_local_regs_V_992_load   |    9|          2|   32|         64|
    |ap_sig_allocacmp_local_regs_V_993_load   |    9|          2|   32|         64|
    |ap_sig_allocacmp_local_regs_V_994_load   |    9|          2|   32|         64|
    |ap_sig_allocacmp_local_regs_V_995_load   |    9|          2|   32|         64|
    |ap_sig_allocacmp_local_regs_V_996_load   |    9|          2|   32|         64|
    |ap_sig_allocacmp_local_regs_V_997_load   |    9|          2|   32|         64|
    |ap_sig_allocacmp_local_regs_V_998_load   |    9|          2|   32|         64|
    |ap_sig_allocacmp_local_regs_V_999_load   |    9|          2|   32|         64|
    |ap_sig_allocacmp_local_regs_V_99_load    |    9|          2|   32|         64|
    |ap_sig_allocacmp_local_regs_V_9_load     |    9|          2|   32|         64|
    |ap_sig_allocacmp_local_regs_V_load       |    9|          2|   32|         64|
    |k_fu_6388                                |    9|          2|    6|         12|
    |local_regs_V_1000_fu_6484                |    9|          2|   32|         64|
    |local_regs_V_1001_fu_6480                |    9|          2|   32|         64|
    |local_regs_V_1002_fu_6476                |    9|          2|   32|         64|
    |local_regs_V_1003_fu_6472                |    9|          2|   32|         64|
    |local_regs_V_1004_fu_6468                |    9|          2|   32|         64|
    |local_regs_V_1005_fu_6464                |    9|          2|   32|         64|
    |local_regs_V_1006_fu_6460                |    9|          2|   32|         64|
    |local_regs_V_1007_fu_6456                |    9|          2|   32|         64|
    |local_regs_V_1008_fu_6452                |    9|          2|   32|         64|
    |local_regs_V_1009_fu_6448                |    9|          2|   32|         64|
    |local_regs_V_100_fu_10084                |    9|          2|   32|         64|
    |local_regs_V_1010_fu_6444                |    9|          2|   32|         64|
    |local_regs_V_1011_fu_6440                |    9|          2|   32|         64|
    |local_regs_V_1012_fu_6436                |    9|          2|   32|         64|
    |local_regs_V_1013_fu_6432                |    9|          2|   32|         64|
    |local_regs_V_1014_fu_6428                |    9|          2|   32|         64|
    |local_regs_V_1015_fu_6424                |    9|          2|   32|         64|
    |local_regs_V_1016_fu_6420                |    9|          2|   32|         64|
    |local_regs_V_1017_fu_6416                |    9|          2|   32|         64|
    |local_regs_V_1018_fu_6412                |    9|          2|   32|         64|
    |local_regs_V_1019_fu_6408                |    9|          2|   32|         64|
    |local_regs_V_101_fu_10080                |    9|          2|   32|         64|
    |local_regs_V_1020_fu_6404                |    9|          2|   32|         64|
    |local_regs_V_1021_fu_6400                |    9|          2|   32|         64|
    |local_regs_V_1022_fu_6396                |    9|          2|   32|         64|
    |local_regs_V_1023_fu_6392                |    9|          2|   32|         64|
    |local_regs_V_102_fu_10076                |    9|          2|   32|         64|
    |local_regs_V_103_fu_10072                |    9|          2|   32|         64|
    |local_regs_V_104_fu_10068                |    9|          2|   32|         64|
    |local_regs_V_105_fu_10064                |    9|          2|   32|         64|
    |local_regs_V_106_fu_10060                |    9|          2|   32|         64|
    |local_regs_V_107_fu_10056                |    9|          2|   32|         64|
    |local_regs_V_108_fu_10052                |    9|          2|   32|         64|
    |local_regs_V_109_fu_10048                |    9|          2|   32|         64|
    |local_regs_V_10_fu_10444                 |    9|          2|   32|         64|
    |local_regs_V_110_fu_10044                |    9|          2|   32|         64|
    |local_regs_V_111_fu_10040                |    9|          2|   32|         64|
    |local_regs_V_112_fu_10036                |    9|          2|   32|         64|
    |local_regs_V_113_fu_10032                |    9|          2|   32|         64|
    |local_regs_V_114_fu_10028                |    9|          2|   32|         64|
    |local_regs_V_115_fu_10024                |    9|          2|   32|         64|
    |local_regs_V_116_fu_10020                |    9|          2|   32|         64|
    |local_regs_V_117_fu_10016                |    9|          2|   32|         64|
    |local_regs_V_118_fu_10012                |    9|          2|   32|         64|
    |local_regs_V_119_fu_10008                |    9|          2|   32|         64|
    |local_regs_V_11_fu_10440                 |    9|          2|   32|         64|
    |local_regs_V_120_fu_10004                |    9|          2|   32|         64|
    |local_regs_V_121_fu_10000                |    9|          2|   32|         64|
    |local_regs_V_122_fu_9996                 |    9|          2|   32|         64|
    |local_regs_V_123_fu_9992                 |    9|          2|   32|         64|
    |local_regs_V_124_fu_9988                 |    9|          2|   32|         64|
    |local_regs_V_125_fu_9984                 |    9|          2|   32|         64|
    |local_regs_V_126_fu_9980                 |    9|          2|   32|         64|
    |local_regs_V_127_fu_9976                 |    9|          2|   32|         64|
    |local_regs_V_128_fu_9972                 |    9|          2|   32|         64|
    |local_regs_V_129_fu_9968                 |    9|          2|   32|         64|
    |local_regs_V_12_fu_10436                 |    9|          2|   32|         64|
    |local_regs_V_130_fu_9964                 |    9|          2|   32|         64|
    |local_regs_V_131_fu_9960                 |    9|          2|   32|         64|
    |local_regs_V_132_fu_9956                 |    9|          2|   32|         64|
    |local_regs_V_133_fu_9952                 |    9|          2|   32|         64|
    |local_regs_V_134_fu_9948                 |    9|          2|   32|         64|
    |local_regs_V_135_fu_9944                 |    9|          2|   32|         64|
    |local_regs_V_136_fu_9940                 |    9|          2|   32|         64|
    |local_regs_V_137_fu_9936                 |    9|          2|   32|         64|
    |local_regs_V_138_fu_9932                 |    9|          2|   32|         64|
    |local_regs_V_139_fu_9928                 |    9|          2|   32|         64|
    |local_regs_V_13_fu_10432                 |    9|          2|   32|         64|
    |local_regs_V_140_fu_9924                 |    9|          2|   32|         64|
    |local_regs_V_141_fu_9920                 |    9|          2|   32|         64|
    |local_regs_V_142_fu_9916                 |    9|          2|   32|         64|
    |local_regs_V_143_fu_9912                 |    9|          2|   32|         64|
    |local_regs_V_144_fu_9908                 |    9|          2|   32|         64|
    |local_regs_V_145_fu_9904                 |    9|          2|   32|         64|
    |local_regs_V_146_fu_9900                 |    9|          2|   32|         64|
    |local_regs_V_147_fu_9896                 |    9|          2|   32|         64|
    |local_regs_V_148_fu_9892                 |    9|          2|   32|         64|
    |local_regs_V_149_fu_9888                 |    9|          2|   32|         64|
    |local_regs_V_14_fu_10428                 |    9|          2|   32|         64|
    |local_regs_V_150_fu_9884                 |    9|          2|   32|         64|
    |local_regs_V_151_fu_9880                 |    9|          2|   32|         64|
    |local_regs_V_152_fu_9876                 |    9|          2|   32|         64|
    |local_regs_V_153_fu_9872                 |    9|          2|   32|         64|
    |local_regs_V_154_fu_9868                 |    9|          2|   32|         64|
    |local_regs_V_155_fu_9864                 |    9|          2|   32|         64|
    |local_regs_V_156_fu_9860                 |    9|          2|   32|         64|
    |local_regs_V_157_fu_9856                 |    9|          2|   32|         64|
    |local_regs_V_158_fu_9852                 |    9|          2|   32|         64|
    |local_regs_V_159_fu_9848                 |    9|          2|   32|         64|
    |local_regs_V_15_fu_10424                 |    9|          2|   32|         64|
    |local_regs_V_160_fu_9844                 |    9|          2|   32|         64|
    |local_regs_V_161_fu_9840                 |    9|          2|   32|         64|
    |local_regs_V_162_fu_9836                 |    9|          2|   32|         64|
    |local_regs_V_163_fu_9832                 |    9|          2|   32|         64|
    |local_regs_V_164_fu_9828                 |    9|          2|   32|         64|
    |local_regs_V_165_fu_9824                 |    9|          2|   32|         64|
    |local_regs_V_166_fu_9820                 |    9|          2|   32|         64|
    |local_regs_V_167_fu_9816                 |    9|          2|   32|         64|
    |local_regs_V_168_fu_9812                 |    9|          2|   32|         64|
    |local_regs_V_169_fu_9808                 |    9|          2|   32|         64|
    |local_regs_V_16_fu_10420                 |    9|          2|   32|         64|
    |local_regs_V_170_fu_9804                 |    9|          2|   32|         64|
    |local_regs_V_171_fu_9800                 |    9|          2|   32|         64|
    |local_regs_V_172_fu_9796                 |    9|          2|   32|         64|
    |local_regs_V_173_fu_9792                 |    9|          2|   32|         64|
    |local_regs_V_174_fu_9788                 |    9|          2|   32|         64|
    |local_regs_V_175_fu_9784                 |    9|          2|   32|         64|
    |local_regs_V_176_fu_9780                 |    9|          2|   32|         64|
    |local_regs_V_177_fu_9776                 |    9|          2|   32|         64|
    |local_regs_V_178_fu_9772                 |    9|          2|   32|         64|
    |local_regs_V_179_fu_9768                 |    9|          2|   32|         64|
    |local_regs_V_17_fu_10416                 |    9|          2|   32|         64|
    |local_regs_V_180_fu_9764                 |    9|          2|   32|         64|
    |local_regs_V_181_fu_9760                 |    9|          2|   32|         64|
    |local_regs_V_182_fu_9756                 |    9|          2|   32|         64|
    |local_regs_V_183_fu_9752                 |    9|          2|   32|         64|
    |local_regs_V_184_fu_9748                 |    9|          2|   32|         64|
    |local_regs_V_185_fu_9744                 |    9|          2|   32|         64|
    |local_regs_V_186_fu_9740                 |    9|          2|   32|         64|
    |local_regs_V_187_fu_9736                 |    9|          2|   32|         64|
    |local_regs_V_188_fu_9732                 |    9|          2|   32|         64|
    |local_regs_V_189_fu_9728                 |    9|          2|   32|         64|
    |local_regs_V_18_fu_10412                 |    9|          2|   32|         64|
    |local_regs_V_190_fu_9724                 |    9|          2|   32|         64|
    |local_regs_V_191_fu_9720                 |    9|          2|   32|         64|
    |local_regs_V_192_fu_9716                 |    9|          2|   32|         64|
    |local_regs_V_193_fu_9712                 |    9|          2|   32|         64|
    |local_regs_V_194_fu_9708                 |    9|          2|   32|         64|
    |local_regs_V_195_fu_9704                 |    9|          2|   32|         64|
    |local_regs_V_196_fu_9700                 |    9|          2|   32|         64|
    |local_regs_V_197_fu_9696                 |    9|          2|   32|         64|
    |local_regs_V_198_fu_9692                 |    9|          2|   32|         64|
    |local_regs_V_199_fu_9688                 |    9|          2|   32|         64|
    |local_regs_V_19_fu_10408                 |    9|          2|   32|         64|
    |local_regs_V_1_fu_10480                  |    9|          2|   32|         64|
    |local_regs_V_200_fu_9684                 |    9|          2|   32|         64|
    |local_regs_V_201_fu_9680                 |    9|          2|   32|         64|
    |local_regs_V_202_fu_9676                 |    9|          2|   32|         64|
    |local_regs_V_203_fu_9672                 |    9|          2|   32|         64|
    |local_regs_V_204_fu_9668                 |    9|          2|   32|         64|
    |local_regs_V_205_fu_9664                 |    9|          2|   32|         64|
    |local_regs_V_206_fu_9660                 |    9|          2|   32|         64|
    |local_regs_V_207_fu_9656                 |    9|          2|   32|         64|
    |local_regs_V_208_fu_9652                 |    9|          2|   32|         64|
    |local_regs_V_209_fu_9648                 |    9|          2|   32|         64|
    |local_regs_V_20_fu_10404                 |    9|          2|   32|         64|
    |local_regs_V_210_fu_9644                 |    9|          2|   32|         64|
    |local_regs_V_211_fu_9640                 |    9|          2|   32|         64|
    |local_regs_V_212_fu_9636                 |    9|          2|   32|         64|
    |local_regs_V_213_fu_9632                 |    9|          2|   32|         64|
    |local_regs_V_214_fu_9628                 |    9|          2|   32|         64|
    |local_regs_V_215_fu_9624                 |    9|          2|   32|         64|
    |local_regs_V_216_fu_9620                 |    9|          2|   32|         64|
    |local_regs_V_217_fu_9616                 |    9|          2|   32|         64|
    |local_regs_V_218_fu_9612                 |    9|          2|   32|         64|
    |local_regs_V_219_fu_9608                 |    9|          2|   32|         64|
    |local_regs_V_21_fu_10400                 |    9|          2|   32|         64|
    |local_regs_V_220_fu_9604                 |    9|          2|   32|         64|
    |local_regs_V_221_fu_9600                 |    9|          2|   32|         64|
    |local_regs_V_222_fu_9596                 |    9|          2|   32|         64|
    |local_regs_V_223_fu_9592                 |    9|          2|   32|         64|
    |local_regs_V_224_fu_9588                 |    9|          2|   32|         64|
    |local_regs_V_225_fu_9584                 |    9|          2|   32|         64|
    |local_regs_V_226_fu_9580                 |    9|          2|   32|         64|
    |local_regs_V_227_fu_9576                 |    9|          2|   32|         64|
    |local_regs_V_228_fu_9572                 |    9|          2|   32|         64|
    |local_regs_V_229_fu_9568                 |    9|          2|   32|         64|
    |local_regs_V_22_fu_10396                 |    9|          2|   32|         64|
    |local_regs_V_230_fu_9564                 |    9|          2|   32|         64|
    |local_regs_V_231_fu_9560                 |    9|          2|   32|         64|
    |local_regs_V_232_fu_9556                 |    9|          2|   32|         64|
    |local_regs_V_233_fu_9552                 |    9|          2|   32|         64|
    |local_regs_V_234_fu_9548                 |    9|          2|   32|         64|
    |local_regs_V_235_fu_9544                 |    9|          2|   32|         64|
    |local_regs_V_236_fu_9540                 |    9|          2|   32|         64|
    |local_regs_V_237_fu_9536                 |    9|          2|   32|         64|
    |local_regs_V_238_fu_9532                 |    9|          2|   32|         64|
    |local_regs_V_239_fu_9528                 |    9|          2|   32|         64|
    |local_regs_V_23_fu_10392                 |    9|          2|   32|         64|
    |local_regs_V_240_fu_9524                 |    9|          2|   32|         64|
    |local_regs_V_241_fu_9520                 |    9|          2|   32|         64|
    |local_regs_V_242_fu_9516                 |    9|          2|   32|         64|
    |local_regs_V_243_fu_9512                 |    9|          2|   32|         64|
    |local_regs_V_244_fu_9508                 |    9|          2|   32|         64|
    |local_regs_V_245_fu_9504                 |    9|          2|   32|         64|
    |local_regs_V_246_fu_9500                 |    9|          2|   32|         64|
    |local_regs_V_247_fu_9496                 |    9|          2|   32|         64|
    |local_regs_V_248_fu_9492                 |    9|          2|   32|         64|
    |local_regs_V_249_fu_9488                 |    9|          2|   32|         64|
    |local_regs_V_24_fu_10388                 |    9|          2|   32|         64|
    |local_regs_V_250_fu_9484                 |    9|          2|   32|         64|
    |local_regs_V_251_fu_9480                 |    9|          2|   32|         64|
    |local_regs_V_252_fu_9476                 |    9|          2|   32|         64|
    |local_regs_V_253_fu_9472                 |    9|          2|   32|         64|
    |local_regs_V_254_fu_9468                 |    9|          2|   32|         64|
    |local_regs_V_255_fu_9464                 |    9|          2|   32|         64|
    |local_regs_V_256_fu_9460                 |    9|          2|   32|         64|
    |local_regs_V_257_fu_9456                 |    9|          2|   32|         64|
    |local_regs_V_258_fu_9452                 |    9|          2|   32|         64|
    |local_regs_V_259_fu_9448                 |    9|          2|   32|         64|
    |local_regs_V_25_fu_10384                 |    9|          2|   32|         64|
    |local_regs_V_260_fu_9444                 |    9|          2|   32|         64|
    |local_regs_V_261_fu_9440                 |    9|          2|   32|         64|
    |local_regs_V_262_fu_9436                 |    9|          2|   32|         64|
    |local_regs_V_263_fu_9432                 |    9|          2|   32|         64|
    |local_regs_V_264_fu_9428                 |    9|          2|   32|         64|
    |local_regs_V_265_fu_9424                 |    9|          2|   32|         64|
    |local_regs_V_266_fu_9420                 |    9|          2|   32|         64|
    |local_regs_V_267_fu_9416                 |    9|          2|   32|         64|
    |local_regs_V_268_fu_9412                 |    9|          2|   32|         64|
    |local_regs_V_269_fu_9408                 |    9|          2|   32|         64|
    |local_regs_V_26_fu_10380                 |    9|          2|   32|         64|
    |local_regs_V_270_fu_9404                 |    9|          2|   32|         64|
    |local_regs_V_271_fu_9400                 |    9|          2|   32|         64|
    |local_regs_V_272_fu_9396                 |    9|          2|   32|         64|
    |local_regs_V_273_fu_9392                 |    9|          2|   32|         64|
    |local_regs_V_274_fu_9388                 |    9|          2|   32|         64|
    |local_regs_V_275_fu_9384                 |    9|          2|   32|         64|
    |local_regs_V_276_fu_9380                 |    9|          2|   32|         64|
    |local_regs_V_277_fu_9376                 |    9|          2|   32|         64|
    |local_regs_V_278_fu_9372                 |    9|          2|   32|         64|
    |local_regs_V_279_fu_9368                 |    9|          2|   32|         64|
    |local_regs_V_27_fu_10376                 |    9|          2|   32|         64|
    |local_regs_V_280_fu_9364                 |    9|          2|   32|         64|
    |local_regs_V_281_fu_9360                 |    9|          2|   32|         64|
    |local_regs_V_282_fu_9356                 |    9|          2|   32|         64|
    |local_regs_V_283_fu_9352                 |    9|          2|   32|         64|
    |local_regs_V_284_fu_9348                 |    9|          2|   32|         64|
    |local_regs_V_285_fu_9344                 |    9|          2|   32|         64|
    |local_regs_V_286_fu_9340                 |    9|          2|   32|         64|
    |local_regs_V_287_fu_9336                 |    9|          2|   32|         64|
    |local_regs_V_288_fu_9332                 |    9|          2|   32|         64|
    |local_regs_V_289_fu_9328                 |    9|          2|   32|         64|
    |local_regs_V_28_fu_10372                 |    9|          2|   32|         64|
    |local_regs_V_290_fu_9324                 |    9|          2|   32|         64|
    |local_regs_V_291_fu_9320                 |    9|          2|   32|         64|
    |local_regs_V_292_fu_9316                 |    9|          2|   32|         64|
    |local_regs_V_293_fu_9312                 |    9|          2|   32|         64|
    |local_regs_V_294_fu_9308                 |    9|          2|   32|         64|
    |local_regs_V_295_fu_9304                 |    9|          2|   32|         64|
    |local_regs_V_296_fu_9300                 |    9|          2|   32|         64|
    |local_regs_V_297_fu_9296                 |    9|          2|   32|         64|
    |local_regs_V_298_fu_9292                 |    9|          2|   32|         64|
    |local_regs_V_299_fu_9288                 |    9|          2|   32|         64|
    |local_regs_V_29_fu_10368                 |    9|          2|   32|         64|
    |local_regs_V_2_fu_10476                  |    9|          2|   32|         64|
    |local_regs_V_300_fu_9284                 |    9|          2|   32|         64|
    |local_regs_V_301_fu_9280                 |    9|          2|   32|         64|
    |local_regs_V_302_fu_9276                 |    9|          2|   32|         64|
    |local_regs_V_303_fu_9272                 |    9|          2|   32|         64|
    |local_regs_V_304_fu_9268                 |    9|          2|   32|         64|
    |local_regs_V_305_fu_9264                 |    9|          2|   32|         64|
    |local_regs_V_306_fu_9260                 |    9|          2|   32|         64|
    |local_regs_V_307_fu_9256                 |    9|          2|   32|         64|
    |local_regs_V_308_fu_9252                 |    9|          2|   32|         64|
    |local_regs_V_309_fu_9248                 |    9|          2|   32|         64|
    |local_regs_V_30_fu_10364                 |    9|          2|   32|         64|
    |local_regs_V_310_fu_9244                 |    9|          2|   32|         64|
    |local_regs_V_311_fu_9240                 |    9|          2|   32|         64|
    |local_regs_V_312_fu_9236                 |    9|          2|   32|         64|
    |local_regs_V_313_fu_9232                 |    9|          2|   32|         64|
    |local_regs_V_314_fu_9228                 |    9|          2|   32|         64|
    |local_regs_V_315_fu_9224                 |    9|          2|   32|         64|
    |local_regs_V_316_fu_9220                 |    9|          2|   32|         64|
    |local_regs_V_317_fu_9216                 |    9|          2|   32|         64|
    |local_regs_V_318_fu_9212                 |    9|          2|   32|         64|
    |local_regs_V_319_fu_9208                 |    9|          2|   32|         64|
    |local_regs_V_31_fu_10360                 |    9|          2|   32|         64|
    |local_regs_V_320_fu_9204                 |    9|          2|   32|         64|
    |local_regs_V_321_fu_9200                 |    9|          2|   32|         64|
    |local_regs_V_322_fu_9196                 |    9|          2|   32|         64|
    |local_regs_V_323_fu_9192                 |    9|          2|   32|         64|
    |local_regs_V_324_fu_9188                 |    9|          2|   32|         64|
    |local_regs_V_325_fu_9184                 |    9|          2|   32|         64|
    |local_regs_V_326_fu_9180                 |    9|          2|   32|         64|
    |local_regs_V_327_fu_9176                 |    9|          2|   32|         64|
    |local_regs_V_328_fu_9172                 |    9|          2|   32|         64|
    |local_regs_V_329_fu_9168                 |    9|          2|   32|         64|
    |local_regs_V_32_fu_10356                 |    9|          2|   32|         64|
    |local_regs_V_330_fu_9164                 |    9|          2|   32|         64|
    |local_regs_V_331_fu_9160                 |    9|          2|   32|         64|
    |local_regs_V_332_fu_9156                 |    9|          2|   32|         64|
    |local_regs_V_333_fu_9152                 |    9|          2|   32|         64|
    |local_regs_V_334_fu_9148                 |    9|          2|   32|         64|
    |local_regs_V_335_fu_9144                 |    9|          2|   32|         64|
    |local_regs_V_336_fu_9140                 |    9|          2|   32|         64|
    |local_regs_V_337_fu_9136                 |    9|          2|   32|         64|
    |local_regs_V_338_fu_9132                 |    9|          2|   32|         64|
    |local_regs_V_339_fu_9128                 |    9|          2|   32|         64|
    |local_regs_V_33_fu_10352                 |    9|          2|   32|         64|
    |local_regs_V_340_fu_9124                 |    9|          2|   32|         64|
    |local_regs_V_341_fu_9120                 |    9|          2|   32|         64|
    |local_regs_V_342_fu_9116                 |    9|          2|   32|         64|
    |local_regs_V_343_fu_9112                 |    9|          2|   32|         64|
    |local_regs_V_344_fu_9108                 |    9|          2|   32|         64|
    |local_regs_V_345_fu_9104                 |    9|          2|   32|         64|
    |local_regs_V_346_fu_9100                 |    9|          2|   32|         64|
    |local_regs_V_347_fu_9096                 |    9|          2|   32|         64|
    |local_regs_V_348_fu_9092                 |    9|          2|   32|         64|
    |local_regs_V_349_fu_9088                 |    9|          2|   32|         64|
    |local_regs_V_34_fu_10348                 |    9|          2|   32|         64|
    |local_regs_V_350_fu_9084                 |    9|          2|   32|         64|
    |local_regs_V_351_fu_9080                 |    9|          2|   32|         64|
    |local_regs_V_352_fu_9076                 |    9|          2|   32|         64|
    |local_regs_V_353_fu_9072                 |    9|          2|   32|         64|
    |local_regs_V_354_fu_9068                 |    9|          2|   32|         64|
    |local_regs_V_355_fu_9064                 |    9|          2|   32|         64|
    |local_regs_V_356_fu_9060                 |    9|          2|   32|         64|
    |local_regs_V_357_fu_9056                 |    9|          2|   32|         64|
    |local_regs_V_358_fu_9052                 |    9|          2|   32|         64|
    |local_regs_V_359_fu_9048                 |    9|          2|   32|         64|
    |local_regs_V_35_fu_10344                 |    9|          2|   32|         64|
    |local_regs_V_360_fu_9044                 |    9|          2|   32|         64|
    |local_regs_V_361_fu_9040                 |    9|          2|   32|         64|
    |local_regs_V_362_fu_9036                 |    9|          2|   32|         64|
    |local_regs_V_363_fu_9032                 |    9|          2|   32|         64|
    |local_regs_V_364_fu_9028                 |    9|          2|   32|         64|
    |local_regs_V_365_fu_9024                 |    9|          2|   32|         64|
    |local_regs_V_366_fu_9020                 |    9|          2|   32|         64|
    |local_regs_V_367_fu_9016                 |    9|          2|   32|         64|
    |local_regs_V_368_fu_9012                 |    9|          2|   32|         64|
    |local_regs_V_369_fu_9008                 |    9|          2|   32|         64|
    |local_regs_V_36_fu_10340                 |    9|          2|   32|         64|
    |local_regs_V_370_fu_9004                 |    9|          2|   32|         64|
    |local_regs_V_371_fu_9000                 |    9|          2|   32|         64|
    |local_regs_V_372_fu_8996                 |    9|          2|   32|         64|
    |local_regs_V_373_fu_8992                 |    9|          2|   32|         64|
    |local_regs_V_374_fu_8988                 |    9|          2|   32|         64|
    |local_regs_V_375_fu_8984                 |    9|          2|   32|         64|
    |local_regs_V_376_fu_8980                 |    9|          2|   32|         64|
    |local_regs_V_377_fu_8976                 |    9|          2|   32|         64|
    |local_regs_V_378_fu_8972                 |    9|          2|   32|         64|
    |local_regs_V_379_fu_8968                 |    9|          2|   32|         64|
    |local_regs_V_37_fu_10336                 |    9|          2|   32|         64|
    |local_regs_V_380_fu_8964                 |    9|          2|   32|         64|
    |local_regs_V_381_fu_8960                 |    9|          2|   32|         64|
    |local_regs_V_382_fu_8956                 |    9|          2|   32|         64|
    |local_regs_V_383_fu_8952                 |    9|          2|   32|         64|
    |local_regs_V_384_fu_8948                 |    9|          2|   32|         64|
    |local_regs_V_385_fu_8944                 |    9|          2|   32|         64|
    |local_regs_V_386_fu_8940                 |    9|          2|   32|         64|
    |local_regs_V_387_fu_8936                 |    9|          2|   32|         64|
    |local_regs_V_388_fu_8932                 |    9|          2|   32|         64|
    |local_regs_V_389_fu_8928                 |    9|          2|   32|         64|
    |local_regs_V_38_fu_10332                 |    9|          2|   32|         64|
    |local_regs_V_390_fu_8924                 |    9|          2|   32|         64|
    |local_regs_V_391_fu_8920                 |    9|          2|   32|         64|
    |local_regs_V_392_fu_8916                 |    9|          2|   32|         64|
    |local_regs_V_393_fu_8912                 |    9|          2|   32|         64|
    |local_regs_V_394_fu_8908                 |    9|          2|   32|         64|
    |local_regs_V_395_fu_8904                 |    9|          2|   32|         64|
    |local_regs_V_396_fu_8900                 |    9|          2|   32|         64|
    |local_regs_V_397_fu_8896                 |    9|          2|   32|         64|
    |local_regs_V_398_fu_8892                 |    9|          2|   32|         64|
    |local_regs_V_399_fu_8888                 |    9|          2|   32|         64|
    |local_regs_V_39_fu_10328                 |    9|          2|   32|         64|
    |local_regs_V_3_fu_10472                  |    9|          2|   32|         64|
    |local_regs_V_400_fu_8884                 |    9|          2|   32|         64|
    |local_regs_V_401_fu_8880                 |    9|          2|   32|         64|
    |local_regs_V_402_fu_8876                 |    9|          2|   32|         64|
    |local_regs_V_403_fu_8872                 |    9|          2|   32|         64|
    |local_regs_V_404_fu_8868                 |    9|          2|   32|         64|
    |local_regs_V_405_fu_8864                 |    9|          2|   32|         64|
    |local_regs_V_406_fu_8860                 |    9|          2|   32|         64|
    |local_regs_V_407_fu_8856                 |    9|          2|   32|         64|
    |local_regs_V_408_fu_8852                 |    9|          2|   32|         64|
    |local_regs_V_409_fu_8848                 |    9|          2|   32|         64|
    |local_regs_V_40_fu_10324                 |    9|          2|   32|         64|
    |local_regs_V_410_fu_8844                 |    9|          2|   32|         64|
    |local_regs_V_411_fu_8840                 |    9|          2|   32|         64|
    |local_regs_V_412_fu_8836                 |    9|          2|   32|         64|
    |local_regs_V_413_fu_8832                 |    9|          2|   32|         64|
    |local_regs_V_414_fu_8828                 |    9|          2|   32|         64|
    |local_regs_V_415_fu_8824                 |    9|          2|   32|         64|
    |local_regs_V_416_fu_8820                 |    9|          2|   32|         64|
    |local_regs_V_417_fu_8816                 |    9|          2|   32|         64|
    |local_regs_V_418_fu_8812                 |    9|          2|   32|         64|
    |local_regs_V_419_fu_8808                 |    9|          2|   32|         64|
    |local_regs_V_41_fu_10320                 |    9|          2|   32|         64|
    |local_regs_V_420_fu_8804                 |    9|          2|   32|         64|
    |local_regs_V_421_fu_8800                 |    9|          2|   32|         64|
    |local_regs_V_422_fu_8796                 |    9|          2|   32|         64|
    |local_regs_V_423_fu_8792                 |    9|          2|   32|         64|
    |local_regs_V_424_fu_8788                 |    9|          2|   32|         64|
    |local_regs_V_425_fu_8784                 |    9|          2|   32|         64|
    |local_regs_V_426_fu_8780                 |    9|          2|   32|         64|
    |local_regs_V_427_fu_8776                 |    9|          2|   32|         64|
    |local_regs_V_428_fu_8772                 |    9|          2|   32|         64|
    |local_regs_V_429_fu_8768                 |    9|          2|   32|         64|
    |local_regs_V_42_fu_10316                 |    9|          2|   32|         64|
    |local_regs_V_430_fu_8764                 |    9|          2|   32|         64|
    |local_regs_V_431_fu_8760                 |    9|          2|   32|         64|
    |local_regs_V_432_fu_8756                 |    9|          2|   32|         64|
    |local_regs_V_433_fu_8752                 |    9|          2|   32|         64|
    |local_regs_V_434_fu_8748                 |    9|          2|   32|         64|
    |local_regs_V_435_fu_8744                 |    9|          2|   32|         64|
    |local_regs_V_436_fu_8740                 |    9|          2|   32|         64|
    |local_regs_V_437_fu_8736                 |    9|          2|   32|         64|
    |local_regs_V_438_fu_8732                 |    9|          2|   32|         64|
    |local_regs_V_439_fu_8728                 |    9|          2|   32|         64|
    |local_regs_V_43_fu_10312                 |    9|          2|   32|         64|
    |local_regs_V_440_fu_8724                 |    9|          2|   32|         64|
    |local_regs_V_441_fu_8720                 |    9|          2|   32|         64|
    |local_regs_V_442_fu_8716                 |    9|          2|   32|         64|
    |local_regs_V_443_fu_8712                 |    9|          2|   32|         64|
    |local_regs_V_444_fu_8708                 |    9|          2|   32|         64|
    |local_regs_V_445_fu_8704                 |    9|          2|   32|         64|
    |local_regs_V_446_fu_8700                 |    9|          2|   32|         64|
    |local_regs_V_447_fu_8696                 |    9|          2|   32|         64|
    |local_regs_V_448_fu_8692                 |    9|          2|   32|         64|
    |local_regs_V_449_fu_8688                 |    9|          2|   32|         64|
    |local_regs_V_44_fu_10308                 |    9|          2|   32|         64|
    |local_regs_V_450_fu_8684                 |    9|          2|   32|         64|
    |local_regs_V_451_fu_8680                 |    9|          2|   32|         64|
    |local_regs_V_452_fu_8676                 |    9|          2|   32|         64|
    |local_regs_V_453_fu_8672                 |    9|          2|   32|         64|
    |local_regs_V_454_fu_8668                 |    9|          2|   32|         64|
    |local_regs_V_455_fu_8664                 |    9|          2|   32|         64|
    |local_regs_V_456_fu_8660                 |    9|          2|   32|         64|
    |local_regs_V_457_fu_8656                 |    9|          2|   32|         64|
    |local_regs_V_458_fu_8652                 |    9|          2|   32|         64|
    |local_regs_V_459_fu_8648                 |    9|          2|   32|         64|
    |local_regs_V_45_fu_10304                 |    9|          2|   32|         64|
    |local_regs_V_460_fu_8644                 |    9|          2|   32|         64|
    |local_regs_V_461_fu_8640                 |    9|          2|   32|         64|
    |local_regs_V_462_fu_8636                 |    9|          2|   32|         64|
    |local_regs_V_463_fu_8632                 |    9|          2|   32|         64|
    |local_regs_V_464_fu_8628                 |    9|          2|   32|         64|
    |local_regs_V_465_fu_8624                 |    9|          2|   32|         64|
    |local_regs_V_466_fu_8620                 |    9|          2|   32|         64|
    |local_regs_V_467_fu_8616                 |    9|          2|   32|         64|
    |local_regs_V_468_fu_8612                 |    9|          2|   32|         64|
    |local_regs_V_469_fu_8608                 |    9|          2|   32|         64|
    |local_regs_V_46_fu_10300                 |    9|          2|   32|         64|
    |local_regs_V_470_fu_8604                 |    9|          2|   32|         64|
    |local_regs_V_471_fu_8600                 |    9|          2|   32|         64|
    |local_regs_V_472_fu_8596                 |    9|          2|   32|         64|
    |local_regs_V_473_fu_8592                 |    9|          2|   32|         64|
    |local_regs_V_474_fu_8588                 |    9|          2|   32|         64|
    |local_regs_V_475_fu_8584                 |    9|          2|   32|         64|
    |local_regs_V_476_fu_8580                 |    9|          2|   32|         64|
    |local_regs_V_477_fu_8576                 |    9|          2|   32|         64|
    |local_regs_V_478_fu_8572                 |    9|          2|   32|         64|
    |local_regs_V_479_fu_8568                 |    9|          2|   32|         64|
    |local_regs_V_47_fu_10296                 |    9|          2|   32|         64|
    |local_regs_V_480_fu_8564                 |    9|          2|   32|         64|
    |local_regs_V_481_fu_8560                 |    9|          2|   32|         64|
    |local_regs_V_482_fu_8556                 |    9|          2|   32|         64|
    |local_regs_V_483_fu_8552                 |    9|          2|   32|         64|
    |local_regs_V_484_fu_8548                 |    9|          2|   32|         64|
    |local_regs_V_485_fu_8544                 |    9|          2|   32|         64|
    |local_regs_V_486_fu_8540                 |    9|          2|   32|         64|
    |local_regs_V_487_fu_8536                 |    9|          2|   32|         64|
    |local_regs_V_488_fu_8532                 |    9|          2|   32|         64|
    |local_regs_V_489_fu_8528                 |    9|          2|   32|         64|
    |local_regs_V_48_fu_10292                 |    9|          2|   32|         64|
    |local_regs_V_490_fu_8524                 |    9|          2|   32|         64|
    |local_regs_V_491_fu_8520                 |    9|          2|   32|         64|
    |local_regs_V_492_fu_8516                 |    9|          2|   32|         64|
    |local_regs_V_493_fu_8512                 |    9|          2|   32|         64|
    |local_regs_V_494_fu_8508                 |    9|          2|   32|         64|
    |local_regs_V_495_fu_8504                 |    9|          2|   32|         64|
    |local_regs_V_496_fu_8500                 |    9|          2|   32|         64|
    |local_regs_V_497_fu_8496                 |    9|          2|   32|         64|
    |local_regs_V_498_fu_8492                 |    9|          2|   32|         64|
    |local_regs_V_499_fu_8488                 |    9|          2|   32|         64|
    |local_regs_V_49_fu_10288                 |    9|          2|   32|         64|
    |local_regs_V_4_fu_10468                  |    9|          2|   32|         64|
    |local_regs_V_500_fu_8484                 |    9|          2|   32|         64|
    |local_regs_V_501_fu_8480                 |    9|          2|   32|         64|
    |local_regs_V_502_fu_8476                 |    9|          2|   32|         64|
    |local_regs_V_503_fu_8472                 |    9|          2|   32|         64|
    |local_regs_V_504_fu_8468                 |    9|          2|   32|         64|
    |local_regs_V_505_fu_8464                 |    9|          2|   32|         64|
    |local_regs_V_506_fu_8460                 |    9|          2|   32|         64|
    |local_regs_V_507_fu_8456                 |    9|          2|   32|         64|
    |local_regs_V_508_fu_8452                 |    9|          2|   32|         64|
    |local_regs_V_509_fu_8448                 |    9|          2|   32|         64|
    |local_regs_V_50_fu_10284                 |    9|          2|   32|         64|
    |local_regs_V_510_fu_8444                 |    9|          2|   32|         64|
    |local_regs_V_511_fu_8440                 |    9|          2|   32|         64|
    |local_regs_V_512_fu_8436                 |    9|          2|   32|         64|
    |local_regs_V_513_fu_8432                 |    9|          2|   32|         64|
    |local_regs_V_514_fu_8428                 |    9|          2|   32|         64|
    |local_regs_V_515_fu_8424                 |    9|          2|   32|         64|
    |local_regs_V_516_fu_8420                 |    9|          2|   32|         64|
    |local_regs_V_517_fu_8416                 |    9|          2|   32|         64|
    |local_regs_V_518_fu_8412                 |    9|          2|   32|         64|
    |local_regs_V_519_fu_8408                 |    9|          2|   32|         64|
    |local_regs_V_51_fu_10280                 |    9|          2|   32|         64|
    |local_regs_V_520_fu_8404                 |    9|          2|   32|         64|
    |local_regs_V_521_fu_8400                 |    9|          2|   32|         64|
    |local_regs_V_522_fu_8396                 |    9|          2|   32|         64|
    |local_regs_V_523_fu_8392                 |    9|          2|   32|         64|
    |local_regs_V_524_fu_8388                 |    9|          2|   32|         64|
    |local_regs_V_525_fu_8384                 |    9|          2|   32|         64|
    |local_regs_V_526_fu_8380                 |    9|          2|   32|         64|
    |local_regs_V_527_fu_8376                 |    9|          2|   32|         64|
    |local_regs_V_528_fu_8372                 |    9|          2|   32|         64|
    |local_regs_V_529_fu_8368                 |    9|          2|   32|         64|
    |local_regs_V_52_fu_10276                 |    9|          2|   32|         64|
    |local_regs_V_530_fu_8364                 |    9|          2|   32|         64|
    |local_regs_V_531_fu_8360                 |    9|          2|   32|         64|
    |local_regs_V_532_fu_8356                 |    9|          2|   32|         64|
    |local_regs_V_533_fu_8352                 |    9|          2|   32|         64|
    |local_regs_V_534_fu_8348                 |    9|          2|   32|         64|
    |local_regs_V_535_fu_8344                 |    9|          2|   32|         64|
    |local_regs_V_536_fu_8340                 |    9|          2|   32|         64|
    |local_regs_V_537_fu_8336                 |    9|          2|   32|         64|
    |local_regs_V_538_fu_8332                 |    9|          2|   32|         64|
    |local_regs_V_539_fu_8328                 |    9|          2|   32|         64|
    |local_regs_V_53_fu_10272                 |    9|          2|   32|         64|
    |local_regs_V_540_fu_8324                 |    9|          2|   32|         64|
    |local_regs_V_541_fu_8320                 |    9|          2|   32|         64|
    |local_regs_V_542_fu_8316                 |    9|          2|   32|         64|
    |local_regs_V_543_fu_8312                 |    9|          2|   32|         64|
    |local_regs_V_544_fu_8308                 |    9|          2|   32|         64|
    |local_regs_V_545_fu_8304                 |    9|          2|   32|         64|
    |local_regs_V_546_fu_8300                 |    9|          2|   32|         64|
    |local_regs_V_547_fu_8296                 |    9|          2|   32|         64|
    |local_regs_V_548_fu_8292                 |    9|          2|   32|         64|
    |local_regs_V_549_fu_8288                 |    9|          2|   32|         64|
    |local_regs_V_54_fu_10268                 |    9|          2|   32|         64|
    |local_regs_V_550_fu_8284                 |    9|          2|   32|         64|
    |local_regs_V_551_fu_8280                 |    9|          2|   32|         64|
    |local_regs_V_552_fu_8276                 |    9|          2|   32|         64|
    |local_regs_V_553_fu_8272                 |    9|          2|   32|         64|
    |local_regs_V_554_fu_8268                 |    9|          2|   32|         64|
    |local_regs_V_555_fu_8264                 |    9|          2|   32|         64|
    |local_regs_V_556_fu_8260                 |    9|          2|   32|         64|
    |local_regs_V_557_fu_8256                 |    9|          2|   32|         64|
    |local_regs_V_558_fu_8252                 |    9|          2|   32|         64|
    |local_regs_V_559_fu_8248                 |    9|          2|   32|         64|
    |local_regs_V_55_fu_10264                 |    9|          2|   32|         64|
    |local_regs_V_560_fu_8244                 |    9|          2|   32|         64|
    |local_regs_V_561_fu_8240                 |    9|          2|   32|         64|
    |local_regs_V_562_fu_8236                 |    9|          2|   32|         64|
    |local_regs_V_563_fu_8232                 |    9|          2|   32|         64|
    |local_regs_V_564_fu_8228                 |    9|          2|   32|         64|
    |local_regs_V_565_fu_8224                 |    9|          2|   32|         64|
    |local_regs_V_566_fu_8220                 |    9|          2|   32|         64|
    |local_regs_V_567_fu_8216                 |    9|          2|   32|         64|
    |local_regs_V_568_fu_8212                 |    9|          2|   32|         64|
    |local_regs_V_569_fu_8208                 |    9|          2|   32|         64|
    |local_regs_V_56_fu_10260                 |    9|          2|   32|         64|
    |local_regs_V_570_fu_8204                 |    9|          2|   32|         64|
    |local_regs_V_571_fu_8200                 |    9|          2|   32|         64|
    |local_regs_V_572_fu_8196                 |    9|          2|   32|         64|
    |local_regs_V_573_fu_8192                 |    9|          2|   32|         64|
    |local_regs_V_574_fu_8188                 |    9|          2|   32|         64|
    |local_regs_V_575_fu_8184                 |    9|          2|   32|         64|
    |local_regs_V_576_fu_8180                 |    9|          2|   32|         64|
    |local_regs_V_577_fu_8176                 |    9|          2|   32|         64|
    |local_regs_V_578_fu_8172                 |    9|          2|   32|         64|
    |local_regs_V_579_fu_8168                 |    9|          2|   32|         64|
    |local_regs_V_57_fu_10256                 |    9|          2|   32|         64|
    |local_regs_V_580_fu_8164                 |    9|          2|   32|         64|
    |local_regs_V_581_fu_8160                 |    9|          2|   32|         64|
    |local_regs_V_582_fu_8156                 |    9|          2|   32|         64|
    |local_regs_V_583_fu_8152                 |    9|          2|   32|         64|
    |local_regs_V_584_fu_8148                 |    9|          2|   32|         64|
    |local_regs_V_585_fu_8144                 |    9|          2|   32|         64|
    |local_regs_V_586_fu_8140                 |    9|          2|   32|         64|
    |local_regs_V_587_fu_8136                 |    9|          2|   32|         64|
    |local_regs_V_588_fu_8132                 |    9|          2|   32|         64|
    |local_regs_V_589_fu_8128                 |    9|          2|   32|         64|
    |local_regs_V_58_fu_10252                 |    9|          2|   32|         64|
    |local_regs_V_590_fu_8124                 |    9|          2|   32|         64|
    |local_regs_V_591_fu_8120                 |    9|          2|   32|         64|
    |local_regs_V_592_fu_8116                 |    9|          2|   32|         64|
    |local_regs_V_593_fu_8112                 |    9|          2|   32|         64|
    |local_regs_V_594_fu_8108                 |    9|          2|   32|         64|
    |local_regs_V_595_fu_8104                 |    9|          2|   32|         64|
    |local_regs_V_596_fu_8100                 |    9|          2|   32|         64|
    |local_regs_V_597_fu_8096                 |    9|          2|   32|         64|
    |local_regs_V_598_fu_8092                 |    9|          2|   32|         64|
    |local_regs_V_599_fu_8088                 |    9|          2|   32|         64|
    |local_regs_V_59_fu_10248                 |    9|          2|   32|         64|
    |local_regs_V_5_fu_10464                  |    9|          2|   32|         64|
    |local_regs_V_600_fu_8084                 |    9|          2|   32|         64|
    |local_regs_V_601_fu_8080                 |    9|          2|   32|         64|
    |local_regs_V_602_fu_8076                 |    9|          2|   32|         64|
    |local_regs_V_603_fu_8072                 |    9|          2|   32|         64|
    |local_regs_V_604_fu_8068                 |    9|          2|   32|         64|
    |local_regs_V_605_fu_8064                 |    9|          2|   32|         64|
    |local_regs_V_606_fu_8060                 |    9|          2|   32|         64|
    |local_regs_V_607_fu_8056                 |    9|          2|   32|         64|
    |local_regs_V_608_fu_8052                 |    9|          2|   32|         64|
    |local_regs_V_609_fu_8048                 |    9|          2|   32|         64|
    |local_regs_V_60_fu_10244                 |    9|          2|   32|         64|
    |local_regs_V_610_fu_8044                 |    9|          2|   32|         64|
    |local_regs_V_611_fu_8040                 |    9|          2|   32|         64|
    |local_regs_V_612_fu_8036                 |    9|          2|   32|         64|
    |local_regs_V_613_fu_8032                 |    9|          2|   32|         64|
    |local_regs_V_614_fu_8028                 |    9|          2|   32|         64|
    |local_regs_V_615_fu_8024                 |    9|          2|   32|         64|
    |local_regs_V_616_fu_8020                 |    9|          2|   32|         64|
    |local_regs_V_617_fu_8016                 |    9|          2|   32|         64|
    |local_regs_V_618_fu_8012                 |    9|          2|   32|         64|
    |local_regs_V_619_fu_8008                 |    9|          2|   32|         64|
    |local_regs_V_61_fu_10240                 |    9|          2|   32|         64|
    |local_regs_V_620_fu_8004                 |    9|          2|   32|         64|
    |local_regs_V_621_fu_8000                 |    9|          2|   32|         64|
    |local_regs_V_622_fu_7996                 |    9|          2|   32|         64|
    |local_regs_V_623_fu_7992                 |    9|          2|   32|         64|
    |local_regs_V_624_fu_7988                 |    9|          2|   32|         64|
    |local_regs_V_625_fu_7984                 |    9|          2|   32|         64|
    |local_regs_V_626_fu_7980                 |    9|          2|   32|         64|
    |local_regs_V_627_fu_7976                 |    9|          2|   32|         64|
    |local_regs_V_628_fu_7972                 |    9|          2|   32|         64|
    |local_regs_V_629_fu_7968                 |    9|          2|   32|         64|
    |local_regs_V_62_fu_10236                 |    9|          2|   32|         64|
    |local_regs_V_630_fu_7964                 |    9|          2|   32|         64|
    |local_regs_V_631_fu_7960                 |    9|          2|   32|         64|
    |local_regs_V_632_fu_7956                 |    9|          2|   32|         64|
    |local_regs_V_633_fu_7952                 |    9|          2|   32|         64|
    |local_regs_V_634_fu_7948                 |    9|          2|   32|         64|
    |local_regs_V_635_fu_7944                 |    9|          2|   32|         64|
    |local_regs_V_636_fu_7940                 |    9|          2|   32|         64|
    |local_regs_V_637_fu_7936                 |    9|          2|   32|         64|
    |local_regs_V_638_fu_7932                 |    9|          2|   32|         64|
    |local_regs_V_639_fu_7928                 |    9|          2|   32|         64|
    |local_regs_V_63_fu_10232                 |    9|          2|   32|         64|
    |local_regs_V_640_fu_7924                 |    9|          2|   32|         64|
    |local_regs_V_641_fu_7920                 |    9|          2|   32|         64|
    |local_regs_V_642_fu_7916                 |    9|          2|   32|         64|
    |local_regs_V_643_fu_7912                 |    9|          2|   32|         64|
    |local_regs_V_644_fu_7908                 |    9|          2|   32|         64|
    |local_regs_V_645_fu_7904                 |    9|          2|   32|         64|
    |local_regs_V_646_fu_7900                 |    9|          2|   32|         64|
    |local_regs_V_647_fu_7896                 |    9|          2|   32|         64|
    |local_regs_V_648_fu_7892                 |    9|          2|   32|         64|
    |local_regs_V_649_fu_7888                 |    9|          2|   32|         64|
    |local_regs_V_64_fu_10228                 |    9|          2|   32|         64|
    |local_regs_V_650_fu_7884                 |    9|          2|   32|         64|
    |local_regs_V_651_fu_7880                 |    9|          2|   32|         64|
    |local_regs_V_652_fu_7876                 |    9|          2|   32|         64|
    |local_regs_V_653_fu_7872                 |    9|          2|   32|         64|
    |local_regs_V_654_fu_7868                 |    9|          2|   32|         64|
    |local_regs_V_655_fu_7864                 |    9|          2|   32|         64|
    |local_regs_V_656_fu_7860                 |    9|          2|   32|         64|
    |local_regs_V_657_fu_7856                 |    9|          2|   32|         64|
    |local_regs_V_658_fu_7852                 |    9|          2|   32|         64|
    |local_regs_V_659_fu_7848                 |    9|          2|   32|         64|
    |local_regs_V_65_fu_10224                 |    9|          2|   32|         64|
    |local_regs_V_660_fu_7844                 |    9|          2|   32|         64|
    |local_regs_V_661_fu_7840                 |    9|          2|   32|         64|
    |local_regs_V_662_fu_7836                 |    9|          2|   32|         64|
    |local_regs_V_663_fu_7832                 |    9|          2|   32|         64|
    |local_regs_V_664_fu_7828                 |    9|          2|   32|         64|
    |local_regs_V_665_fu_7824                 |    9|          2|   32|         64|
    |local_regs_V_666_fu_7820                 |    9|          2|   32|         64|
    |local_regs_V_667_fu_7816                 |    9|          2|   32|         64|
    |local_regs_V_668_fu_7812                 |    9|          2|   32|         64|
    |local_regs_V_669_fu_7808                 |    9|          2|   32|         64|
    |local_regs_V_66_fu_10220                 |    9|          2|   32|         64|
    |local_regs_V_670_fu_7804                 |    9|          2|   32|         64|
    |local_regs_V_671_fu_7800                 |    9|          2|   32|         64|
    |local_regs_V_672_fu_7796                 |    9|          2|   32|         64|
    |local_regs_V_673_fu_7792                 |    9|          2|   32|         64|
    |local_regs_V_674_fu_7788                 |    9|          2|   32|         64|
    |local_regs_V_675_fu_7784                 |    9|          2|   32|         64|
    |local_regs_V_676_fu_7780                 |    9|          2|   32|         64|
    |local_regs_V_677_fu_7776                 |    9|          2|   32|         64|
    |local_regs_V_678_fu_7772                 |    9|          2|   32|         64|
    |local_regs_V_679_fu_7768                 |    9|          2|   32|         64|
    |local_regs_V_67_fu_10216                 |    9|          2|   32|         64|
    |local_regs_V_680_fu_7764                 |    9|          2|   32|         64|
    |local_regs_V_681_fu_7760                 |    9|          2|   32|         64|
    |local_regs_V_682_fu_7756                 |    9|          2|   32|         64|
    |local_regs_V_683_fu_7752                 |    9|          2|   32|         64|
    |local_regs_V_684_fu_7748                 |    9|          2|   32|         64|
    |local_regs_V_685_fu_7744                 |    9|          2|   32|         64|
    |local_regs_V_686_fu_7740                 |    9|          2|   32|         64|
    |local_regs_V_687_fu_7736                 |    9|          2|   32|         64|
    |local_regs_V_688_fu_7732                 |    9|          2|   32|         64|
    |local_regs_V_689_fu_7728                 |    9|          2|   32|         64|
    |local_regs_V_68_fu_10212                 |    9|          2|   32|         64|
    |local_regs_V_690_fu_7724                 |    9|          2|   32|         64|
    |local_regs_V_691_fu_7720                 |    9|          2|   32|         64|
    |local_regs_V_692_fu_7716                 |    9|          2|   32|         64|
    |local_regs_V_693_fu_7712                 |    9|          2|   32|         64|
    |local_regs_V_694_fu_7708                 |    9|          2|   32|         64|
    |local_regs_V_695_fu_7704                 |    9|          2|   32|         64|
    |local_regs_V_696_fu_7700                 |    9|          2|   32|         64|
    |local_regs_V_697_fu_7696                 |    9|          2|   32|         64|
    |local_regs_V_698_fu_7692                 |    9|          2|   32|         64|
    |local_regs_V_699_fu_7688                 |    9|          2|   32|         64|
    |local_regs_V_69_fu_10208                 |    9|          2|   32|         64|
    |local_regs_V_6_fu_10460                  |    9|          2|   32|         64|
    |local_regs_V_700_fu_7684                 |    9|          2|   32|         64|
    |local_regs_V_701_fu_7680                 |    9|          2|   32|         64|
    |local_regs_V_702_fu_7676                 |    9|          2|   32|         64|
    |local_regs_V_703_fu_7672                 |    9|          2|   32|         64|
    |local_regs_V_704_fu_7668                 |    9|          2|   32|         64|
    |local_regs_V_705_fu_7664                 |    9|          2|   32|         64|
    |local_regs_V_706_fu_7660                 |    9|          2|   32|         64|
    |local_regs_V_707_fu_7656                 |    9|          2|   32|         64|
    |local_regs_V_708_fu_7652                 |    9|          2|   32|         64|
    |local_regs_V_709_fu_7648                 |    9|          2|   32|         64|
    |local_regs_V_70_fu_10204                 |    9|          2|   32|         64|
    |local_regs_V_710_fu_7644                 |    9|          2|   32|         64|
    |local_regs_V_711_fu_7640                 |    9|          2|   32|         64|
    |local_regs_V_712_fu_7636                 |    9|          2|   32|         64|
    |local_regs_V_713_fu_7632                 |    9|          2|   32|         64|
    |local_regs_V_714_fu_7628                 |    9|          2|   32|         64|
    |local_regs_V_715_fu_7624                 |    9|          2|   32|         64|
    |local_regs_V_716_fu_7620                 |    9|          2|   32|         64|
    |local_regs_V_717_fu_7616                 |    9|          2|   32|         64|
    |local_regs_V_718_fu_7612                 |    9|          2|   32|         64|
    |local_regs_V_719_fu_7608                 |    9|          2|   32|         64|
    |local_regs_V_71_fu_10200                 |    9|          2|   32|         64|
    |local_regs_V_720_fu_7604                 |    9|          2|   32|         64|
    |local_regs_V_721_fu_7600                 |    9|          2|   32|         64|
    |local_regs_V_722_fu_7596                 |    9|          2|   32|         64|
    |local_regs_V_723_fu_7592                 |    9|          2|   32|         64|
    |local_regs_V_724_fu_7588                 |    9|          2|   32|         64|
    |local_regs_V_725_fu_7584                 |    9|          2|   32|         64|
    |local_regs_V_726_fu_7580                 |    9|          2|   32|         64|
    |local_regs_V_727_fu_7576                 |    9|          2|   32|         64|
    |local_regs_V_728_fu_7572                 |    9|          2|   32|         64|
    |local_regs_V_729_fu_7568                 |    9|          2|   32|         64|
    |local_regs_V_72_fu_10196                 |    9|          2|   32|         64|
    |local_regs_V_730_fu_7564                 |    9|          2|   32|         64|
    |local_regs_V_731_fu_7560                 |    9|          2|   32|         64|
    |local_regs_V_732_fu_7556                 |    9|          2|   32|         64|
    |local_regs_V_733_fu_7552                 |    9|          2|   32|         64|
    |local_regs_V_734_fu_7548                 |    9|          2|   32|         64|
    |local_regs_V_735_fu_7544                 |    9|          2|   32|         64|
    |local_regs_V_736_fu_7540                 |    9|          2|   32|         64|
    |local_regs_V_737_fu_7536                 |    9|          2|   32|         64|
    |local_regs_V_738_fu_7532                 |    9|          2|   32|         64|
    |local_regs_V_739_fu_7528                 |    9|          2|   32|         64|
    |local_regs_V_73_fu_10192                 |    9|          2|   32|         64|
    |local_regs_V_740_fu_7524                 |    9|          2|   32|         64|
    |local_regs_V_741_fu_7520                 |    9|          2|   32|         64|
    |local_regs_V_742_fu_7516                 |    9|          2|   32|         64|
    |local_regs_V_743_fu_7512                 |    9|          2|   32|         64|
    |local_regs_V_744_fu_7508                 |    9|          2|   32|         64|
    |local_regs_V_745_fu_7504                 |    9|          2|   32|         64|
    |local_regs_V_746_fu_7500                 |    9|          2|   32|         64|
    |local_regs_V_747_fu_7496                 |    9|          2|   32|         64|
    |local_regs_V_748_fu_7492                 |    9|          2|   32|         64|
    |local_regs_V_749_fu_7488                 |    9|          2|   32|         64|
    |local_regs_V_74_fu_10188                 |    9|          2|   32|         64|
    |local_regs_V_750_fu_7484                 |    9|          2|   32|         64|
    |local_regs_V_751_fu_7480                 |    9|          2|   32|         64|
    |local_regs_V_752_fu_7476                 |    9|          2|   32|         64|
    |local_regs_V_753_fu_7472                 |    9|          2|   32|         64|
    |local_regs_V_754_fu_7468                 |    9|          2|   32|         64|
    |local_regs_V_755_fu_7464                 |    9|          2|   32|         64|
    |local_regs_V_756_fu_7460                 |    9|          2|   32|         64|
    |local_regs_V_757_fu_7456                 |    9|          2|   32|         64|
    |local_regs_V_758_fu_7452                 |    9|          2|   32|         64|
    |local_regs_V_759_fu_7448                 |    9|          2|   32|         64|
    |local_regs_V_75_fu_10184                 |    9|          2|   32|         64|
    |local_regs_V_760_fu_7444                 |    9|          2|   32|         64|
    |local_regs_V_761_fu_7440                 |    9|          2|   32|         64|
    |local_regs_V_762_fu_7436                 |    9|          2|   32|         64|
    |local_regs_V_763_fu_7432                 |    9|          2|   32|         64|
    |local_regs_V_764_fu_7428                 |    9|          2|   32|         64|
    |local_regs_V_765_fu_7424                 |    9|          2|   32|         64|
    |local_regs_V_766_fu_7420                 |    9|          2|   32|         64|
    |local_regs_V_767_fu_7416                 |    9|          2|   32|         64|
    |local_regs_V_768_fu_7412                 |    9|          2|   32|         64|
    |local_regs_V_769_fu_7408                 |    9|          2|   32|         64|
    |local_regs_V_76_fu_10180                 |    9|          2|   32|         64|
    |local_regs_V_770_fu_7404                 |    9|          2|   32|         64|
    |local_regs_V_771_fu_7400                 |    9|          2|   32|         64|
    |local_regs_V_772_fu_7396                 |    9|          2|   32|         64|
    |local_regs_V_773_fu_7392                 |    9|          2|   32|         64|
    |local_regs_V_774_fu_7388                 |    9|          2|   32|         64|
    |local_regs_V_775_fu_7384                 |    9|          2|   32|         64|
    |local_regs_V_776_fu_7380                 |    9|          2|   32|         64|
    |local_regs_V_777_fu_7376                 |    9|          2|   32|         64|
    |local_regs_V_778_fu_7372                 |    9|          2|   32|         64|
    |local_regs_V_779_fu_7368                 |    9|          2|   32|         64|
    |local_regs_V_77_fu_10176                 |    9|          2|   32|         64|
    |local_regs_V_780_fu_7364                 |    9|          2|   32|         64|
    |local_regs_V_781_fu_7360                 |    9|          2|   32|         64|
    |local_regs_V_782_fu_7356                 |    9|          2|   32|         64|
    |local_regs_V_783_fu_7352                 |    9|          2|   32|         64|
    |local_regs_V_784_fu_7348                 |    9|          2|   32|         64|
    |local_regs_V_785_fu_7344                 |    9|          2|   32|         64|
    |local_regs_V_786_fu_7340                 |    9|          2|   32|         64|
    |local_regs_V_787_fu_7336                 |    9|          2|   32|         64|
    |local_regs_V_788_fu_7332                 |    9|          2|   32|         64|
    |local_regs_V_789_fu_7328                 |    9|          2|   32|         64|
    |local_regs_V_78_fu_10172                 |    9|          2|   32|         64|
    |local_regs_V_790_fu_7324                 |    9|          2|   32|         64|
    |local_regs_V_791_fu_7320                 |    9|          2|   32|         64|
    |local_regs_V_792_fu_7316                 |    9|          2|   32|         64|
    |local_regs_V_793_fu_7312                 |    9|          2|   32|         64|
    |local_regs_V_794_fu_7308                 |    9|          2|   32|         64|
    |local_regs_V_795_fu_7304                 |    9|          2|   32|         64|
    |local_regs_V_796_fu_7300                 |    9|          2|   32|         64|
    |local_regs_V_797_fu_7296                 |    9|          2|   32|         64|
    |local_regs_V_798_fu_7292                 |    9|          2|   32|         64|
    |local_regs_V_799_fu_7288                 |    9|          2|   32|         64|
    |local_regs_V_79_fu_10168                 |    9|          2|   32|         64|
    |local_regs_V_7_fu_10456                  |    9|          2|   32|         64|
    |local_regs_V_800_fu_7284                 |    9|          2|   32|         64|
    |local_regs_V_801_fu_7280                 |    9|          2|   32|         64|
    |local_regs_V_802_fu_7276                 |    9|          2|   32|         64|
    |local_regs_V_803_fu_7272                 |    9|          2|   32|         64|
    |local_regs_V_804_fu_7268                 |    9|          2|   32|         64|
    |local_regs_V_805_fu_7264                 |    9|          2|   32|         64|
    |local_regs_V_806_fu_7260                 |    9|          2|   32|         64|
    |local_regs_V_807_fu_7256                 |    9|          2|   32|         64|
    |local_regs_V_808_fu_7252                 |    9|          2|   32|         64|
    |local_regs_V_809_fu_7248                 |    9|          2|   32|         64|
    |local_regs_V_80_fu_10164                 |    9|          2|   32|         64|
    |local_regs_V_810_fu_7244                 |    9|          2|   32|         64|
    |local_regs_V_811_fu_7240                 |    9|          2|   32|         64|
    |local_regs_V_812_fu_7236                 |    9|          2|   32|         64|
    |local_regs_V_813_fu_7232                 |    9|          2|   32|         64|
    |local_regs_V_814_fu_7228                 |    9|          2|   32|         64|
    |local_regs_V_815_fu_7224                 |    9|          2|   32|         64|
    |local_regs_V_816_fu_7220                 |    9|          2|   32|         64|
    |local_regs_V_817_fu_7216                 |    9|          2|   32|         64|
    |local_regs_V_818_fu_7212                 |    9|          2|   32|         64|
    |local_regs_V_819_fu_7208                 |    9|          2|   32|         64|
    |local_regs_V_81_fu_10160                 |    9|          2|   32|         64|
    |local_regs_V_820_fu_7204                 |    9|          2|   32|         64|
    |local_regs_V_821_fu_7200                 |    9|          2|   32|         64|
    |local_regs_V_822_fu_7196                 |    9|          2|   32|         64|
    |local_regs_V_823_fu_7192                 |    9|          2|   32|         64|
    |local_regs_V_824_fu_7188                 |    9|          2|   32|         64|
    |local_regs_V_825_fu_7184                 |    9|          2|   32|         64|
    |local_regs_V_826_fu_7180                 |    9|          2|   32|         64|
    |local_regs_V_827_fu_7176                 |    9|          2|   32|         64|
    |local_regs_V_828_fu_7172                 |    9|          2|   32|         64|
    |local_regs_V_829_fu_7168                 |    9|          2|   32|         64|
    |local_regs_V_82_fu_10156                 |    9|          2|   32|         64|
    |local_regs_V_830_fu_7164                 |    9|          2|   32|         64|
    |local_regs_V_831_fu_7160                 |    9|          2|   32|         64|
    |local_regs_V_832_fu_7156                 |    9|          2|   32|         64|
    |local_regs_V_833_fu_7152                 |    9|          2|   32|         64|
    |local_regs_V_834_fu_7148                 |    9|          2|   32|         64|
    |local_regs_V_835_fu_7144                 |    9|          2|   32|         64|
    |local_regs_V_836_fu_7140                 |    9|          2|   32|         64|
    |local_regs_V_837_fu_7136                 |    9|          2|   32|         64|
    |local_regs_V_838_fu_7132                 |    9|          2|   32|         64|
    |local_regs_V_839_fu_7128                 |    9|          2|   32|         64|
    |local_regs_V_83_fu_10152                 |    9|          2|   32|         64|
    |local_regs_V_840_fu_7124                 |    9|          2|   32|         64|
    |local_regs_V_841_fu_7120                 |    9|          2|   32|         64|
    |local_regs_V_842_fu_7116                 |    9|          2|   32|         64|
    |local_regs_V_843_fu_7112                 |    9|          2|   32|         64|
    |local_regs_V_844_fu_7108                 |    9|          2|   32|         64|
    |local_regs_V_845_fu_7104                 |    9|          2|   32|         64|
    |local_regs_V_846_fu_7100                 |    9|          2|   32|         64|
    |local_regs_V_847_fu_7096                 |    9|          2|   32|         64|
    |local_regs_V_848_fu_7092                 |    9|          2|   32|         64|
    |local_regs_V_849_fu_7088                 |    9|          2|   32|         64|
    |local_regs_V_84_fu_10148                 |    9|          2|   32|         64|
    |local_regs_V_850_fu_7084                 |    9|          2|   32|         64|
    |local_regs_V_851_fu_7080                 |    9|          2|   32|         64|
    |local_regs_V_852_fu_7076                 |    9|          2|   32|         64|
    |local_regs_V_853_fu_7072                 |    9|          2|   32|         64|
    |local_regs_V_854_fu_7068                 |    9|          2|   32|         64|
    |local_regs_V_855_fu_7064                 |    9|          2|   32|         64|
    |local_regs_V_856_fu_7060                 |    9|          2|   32|         64|
    |local_regs_V_857_fu_7056                 |    9|          2|   32|         64|
    |local_regs_V_858_fu_7052                 |    9|          2|   32|         64|
    |local_regs_V_859_fu_7048                 |    9|          2|   32|         64|
    |local_regs_V_85_fu_10144                 |    9|          2|   32|         64|
    |local_regs_V_860_fu_7044                 |    9|          2|   32|         64|
    |local_regs_V_861_fu_7040                 |    9|          2|   32|         64|
    |local_regs_V_862_fu_7036                 |    9|          2|   32|         64|
    |local_regs_V_863_fu_7032                 |    9|          2|   32|         64|
    |local_regs_V_864_fu_7028                 |    9|          2|   32|         64|
    |local_regs_V_865_fu_7024                 |    9|          2|   32|         64|
    |local_regs_V_866_fu_7020                 |    9|          2|   32|         64|
    |local_regs_V_867_fu_7016                 |    9|          2|   32|         64|
    |local_regs_V_868_fu_7012                 |    9|          2|   32|         64|
    |local_regs_V_869_fu_7008                 |    9|          2|   32|         64|
    |local_regs_V_86_fu_10140                 |    9|          2|   32|         64|
    |local_regs_V_870_fu_7004                 |    9|          2|   32|         64|
    |local_regs_V_871_fu_7000                 |    9|          2|   32|         64|
    |local_regs_V_872_fu_6996                 |    9|          2|   32|         64|
    |local_regs_V_873_fu_6992                 |    9|          2|   32|         64|
    |local_regs_V_874_fu_6988                 |    9|          2|   32|         64|
    |local_regs_V_875_fu_6984                 |    9|          2|   32|         64|
    |local_regs_V_876_fu_6980                 |    9|          2|   32|         64|
    |local_regs_V_877_fu_6976                 |    9|          2|   32|         64|
    |local_regs_V_878_fu_6972                 |    9|          2|   32|         64|
    |local_regs_V_879_fu_6968                 |    9|          2|   32|         64|
    |local_regs_V_87_fu_10136                 |    9|          2|   32|         64|
    |local_regs_V_880_fu_6964                 |    9|          2|   32|         64|
    |local_regs_V_881_fu_6960                 |    9|          2|   32|         64|
    |local_regs_V_882_fu_6956                 |    9|          2|   32|         64|
    |local_regs_V_883_fu_6952                 |    9|          2|   32|         64|
    |local_regs_V_884_fu_6948                 |    9|          2|   32|         64|
    |local_regs_V_885_fu_6944                 |    9|          2|   32|         64|
    |local_regs_V_886_fu_6940                 |    9|          2|   32|         64|
    |local_regs_V_887_fu_6936                 |    9|          2|   32|         64|
    |local_regs_V_888_fu_6932                 |    9|          2|   32|         64|
    |local_regs_V_889_fu_6928                 |    9|          2|   32|         64|
    |local_regs_V_88_fu_10132                 |    9|          2|   32|         64|
    |local_regs_V_890_fu_6924                 |    9|          2|   32|         64|
    |local_regs_V_891_fu_6920                 |    9|          2|   32|         64|
    |local_regs_V_892_fu_6916                 |    9|          2|   32|         64|
    |local_regs_V_893_fu_6912                 |    9|          2|   32|         64|
    |local_regs_V_894_fu_6908                 |    9|          2|   32|         64|
    |local_regs_V_895_fu_6904                 |    9|          2|   32|         64|
    |local_regs_V_896_fu_6900                 |    9|          2|   32|         64|
    |local_regs_V_897_fu_6896                 |    9|          2|   32|         64|
    |local_regs_V_898_fu_6892                 |    9|          2|   32|         64|
    |local_regs_V_899_fu_6888                 |    9|          2|   32|         64|
    |local_regs_V_89_fu_10128                 |    9|          2|   32|         64|
    |local_regs_V_8_fu_10452                  |    9|          2|   32|         64|
    |local_regs_V_900_fu_6884                 |    9|          2|   32|         64|
    |local_regs_V_901_fu_6880                 |    9|          2|   32|         64|
    |local_regs_V_902_fu_6876                 |    9|          2|   32|         64|
    |local_regs_V_903_fu_6872                 |    9|          2|   32|         64|
    |local_regs_V_904_fu_6868                 |    9|          2|   32|         64|
    |local_regs_V_905_fu_6864                 |    9|          2|   32|         64|
    |local_regs_V_906_fu_6860                 |    9|          2|   32|         64|
    |local_regs_V_907_fu_6856                 |    9|          2|   32|         64|
    |local_regs_V_908_fu_6852                 |    9|          2|   32|         64|
    |local_regs_V_909_fu_6848                 |    9|          2|   32|         64|
    |local_regs_V_90_fu_10124                 |    9|          2|   32|         64|
    |local_regs_V_910_fu_6844                 |    9|          2|   32|         64|
    |local_regs_V_911_fu_6840                 |    9|          2|   32|         64|
    |local_regs_V_912_fu_6836                 |    9|          2|   32|         64|
    |local_regs_V_913_fu_6832                 |    9|          2|   32|         64|
    |local_regs_V_914_fu_6828                 |    9|          2|   32|         64|
    |local_regs_V_915_fu_6824                 |    9|          2|   32|         64|
    |local_regs_V_916_fu_6820                 |    9|          2|   32|         64|
    |local_regs_V_917_fu_6816                 |    9|          2|   32|         64|
    |local_regs_V_918_fu_6812                 |    9|          2|   32|         64|
    |local_regs_V_919_fu_6808                 |    9|          2|   32|         64|
    |local_regs_V_91_fu_10120                 |    9|          2|   32|         64|
    |local_regs_V_920_fu_6804                 |    9|          2|   32|         64|
    |local_regs_V_921_fu_6800                 |    9|          2|   32|         64|
    |local_regs_V_922_fu_6796                 |    9|          2|   32|         64|
    |local_regs_V_923_fu_6792                 |    9|          2|   32|         64|
    |local_regs_V_924_fu_6788                 |    9|          2|   32|         64|
    |local_regs_V_925_fu_6784                 |    9|          2|   32|         64|
    |local_regs_V_926_fu_6780                 |    9|          2|   32|         64|
    |local_regs_V_927_fu_6776                 |    9|          2|   32|         64|
    |local_regs_V_928_fu_6772                 |    9|          2|   32|         64|
    |local_regs_V_929_fu_6768                 |    9|          2|   32|         64|
    |local_regs_V_92_fu_10116                 |    9|          2|   32|         64|
    |local_regs_V_930_fu_6764                 |    9|          2|   32|         64|
    |local_regs_V_931_fu_6760                 |    9|          2|   32|         64|
    |local_regs_V_932_fu_6756                 |    9|          2|   32|         64|
    |local_regs_V_933_fu_6752                 |    9|          2|   32|         64|
    |local_regs_V_934_fu_6748                 |    9|          2|   32|         64|
    |local_regs_V_935_fu_6744                 |    9|          2|   32|         64|
    |local_regs_V_936_fu_6740                 |    9|          2|   32|         64|
    |local_regs_V_937_fu_6736                 |    9|          2|   32|         64|
    |local_regs_V_938_fu_6732                 |    9|          2|   32|         64|
    |local_regs_V_939_fu_6728                 |    9|          2|   32|         64|
    |local_regs_V_93_fu_10112                 |    9|          2|   32|         64|
    |local_regs_V_940_fu_6724                 |    9|          2|   32|         64|
    |local_regs_V_941_fu_6720                 |    9|          2|   32|         64|
    |local_regs_V_942_fu_6716                 |    9|          2|   32|         64|
    |local_regs_V_943_fu_6712                 |    9|          2|   32|         64|
    |local_regs_V_944_fu_6708                 |    9|          2|   32|         64|
    |local_regs_V_945_fu_6704                 |    9|          2|   32|         64|
    |local_regs_V_946_fu_6700                 |    9|          2|   32|         64|
    |local_regs_V_947_fu_6696                 |    9|          2|   32|         64|
    |local_regs_V_948_fu_6692                 |    9|          2|   32|         64|
    |local_regs_V_949_fu_6688                 |    9|          2|   32|         64|
    |local_regs_V_94_fu_10108                 |    9|          2|   32|         64|
    |local_regs_V_950_fu_6684                 |    9|          2|   32|         64|
    |local_regs_V_951_fu_6680                 |    9|          2|   32|         64|
    |local_regs_V_952_fu_6676                 |    9|          2|   32|         64|
    |local_regs_V_953_fu_6672                 |    9|          2|   32|         64|
    |local_regs_V_954_fu_6668                 |    9|          2|   32|         64|
    |local_regs_V_955_fu_6664                 |    9|          2|   32|         64|
    |local_regs_V_956_fu_6660                 |    9|          2|   32|         64|
    |local_regs_V_957_fu_6656                 |    9|          2|   32|         64|
    |local_regs_V_958_fu_6652                 |    9|          2|   32|         64|
    |local_regs_V_959_fu_6648                 |    9|          2|   32|         64|
    |local_regs_V_95_fu_10104                 |    9|          2|   32|         64|
    |local_regs_V_960_fu_6644                 |    9|          2|   32|         64|
    |local_regs_V_961_fu_6640                 |    9|          2|   32|         64|
    |local_regs_V_962_fu_6636                 |    9|          2|   32|         64|
    |local_regs_V_963_fu_6632                 |    9|          2|   32|         64|
    |local_regs_V_964_fu_6628                 |    9|          2|   32|         64|
    |local_regs_V_965_fu_6624                 |    9|          2|   32|         64|
    |local_regs_V_966_fu_6620                 |    9|          2|   32|         64|
    |local_regs_V_967_fu_6616                 |    9|          2|   32|         64|
    |local_regs_V_968_fu_6612                 |    9|          2|   32|         64|
    |local_regs_V_969_fu_6608                 |    9|          2|   32|         64|
    |local_regs_V_96_fu_10100                 |    9|          2|   32|         64|
    |local_regs_V_970_fu_6604                 |    9|          2|   32|         64|
    |local_regs_V_971_fu_6600                 |    9|          2|   32|         64|
    |local_regs_V_972_fu_6596                 |    9|          2|   32|         64|
    |local_regs_V_973_fu_6592                 |    9|          2|   32|         64|
    |local_regs_V_974_fu_6588                 |    9|          2|   32|         64|
    |local_regs_V_975_fu_6584                 |    9|          2|   32|         64|
    |local_regs_V_976_fu_6580                 |    9|          2|   32|         64|
    |local_regs_V_977_fu_6576                 |    9|          2|   32|         64|
    |local_regs_V_978_fu_6572                 |    9|          2|   32|         64|
    |local_regs_V_979_fu_6568                 |    9|          2|   32|         64|
    |local_regs_V_97_fu_10096                 |    9|          2|   32|         64|
    |local_regs_V_980_fu_6564                 |    9|          2|   32|         64|
    |local_regs_V_981_fu_6560                 |    9|          2|   32|         64|
    |local_regs_V_982_fu_6556                 |    9|          2|   32|         64|
    |local_regs_V_983_fu_6552                 |    9|          2|   32|         64|
    |local_regs_V_984_fu_6548                 |    9|          2|   32|         64|
    |local_regs_V_985_fu_6544                 |    9|          2|   32|         64|
    |local_regs_V_986_fu_6540                 |    9|          2|   32|         64|
    |local_regs_V_987_fu_6536                 |    9|          2|   32|         64|
    |local_regs_V_988_fu_6532                 |    9|          2|   32|         64|
    |local_regs_V_989_fu_6528                 |    9|          2|   32|         64|
    |local_regs_V_98_fu_10092                 |    9|          2|   32|         64|
    |local_regs_V_990_fu_6524                 |    9|          2|   32|         64|
    |local_regs_V_991_fu_6520                 |    9|          2|   32|         64|
    |local_regs_V_992_fu_6516                 |    9|          2|   32|         64|
    |local_regs_V_993_fu_6512                 |    9|          2|   32|         64|
    |local_regs_V_994_fu_6508                 |    9|          2|   32|         64|
    |local_regs_V_995_fu_6504                 |    9|          2|   32|         64|
    |local_regs_V_996_fu_6500                 |    9|          2|   32|         64|
    |local_regs_V_997_fu_6496                 |    9|          2|   32|         64|
    |local_regs_V_998_fu_6492                 |    9|          2|   32|         64|
    |local_regs_V_999_fu_6488                 |    9|          2|   32|         64|
    |local_regs_V_99_fu_10088                 |    9|          2|   32|         64|
    |local_regs_V_9_fu_10448                  |    9|          2|   32|         64|
    |local_regs_V_fu_10484                    |    9|          2|   32|         64|
    +-----------------------------------------+-----+-----------+-----+-----------+
    |Total                                    |18468|       4104|65550|     131100|
    +-----------------------------------------+-----+-----------+-----+-----------+

    * Register: 
    +----------------------------------+-----+----+-----+-----------+
    |               Name               |  FF | LUT| Bits| Const Bits|
    +----------------------------------+-----+----+-----+-----------+
    |ap_CS_fsm                         |    1|   0|    1|          0|
    |ap_done_reg                       |    1|   0|    1|          0|
    |ap_enable_reg_pp0_iter1           |    1|   0|    1|          0|
    |ap_enable_reg_pp0_iter2           |    1|   0|    1|          0|
    |ap_enable_reg_pp0_iter3           |    1|   0|    1|          0|
    |ap_enable_reg_pp0_iter4           |    1|   0|    1|          0|
    |ap_loop_exit_ready_pp0_iter1_reg  |    1|   0|    1|          0|
    |ap_loop_exit_ready_pp0_iter2_reg  |    1|   0|    1|          0|
    |ap_loop_exit_ready_pp0_iter3_reg  |    1|   0|    1|          0|
    |h_wires_V_10_reg_58886            |    8|   0|    8|          0|
    |h_wires_V_11_reg_58891            |    8|   0|    8|          0|
    |h_wires_V_12_reg_58896            |    8|   0|    8|          0|
    |h_wires_V_13_reg_58901            |    8|   0|    8|          0|
    |h_wires_V_14_reg_58906            |    8|   0|    8|          0|
    |h_wires_V_15_reg_58911            |    8|   0|    8|          0|
    |h_wires_V_16_reg_58916            |    8|   0|    8|          0|
    |h_wires_V_17_reg_58921            |    8|   0|    8|          0|
    |h_wires_V_18_reg_58926            |    8|   0|    8|          0|
    |h_wires_V_19_reg_58931            |    8|   0|    8|          0|
    |h_wires_V_1_reg_58841             |    8|   0|    8|          0|
    |h_wires_V_20_reg_58936            |    8|   0|    8|          0|
    |h_wires_V_21_reg_58941            |    8|   0|    8|          0|
    |h_wires_V_22_reg_58946            |    8|   0|    8|          0|
    |h_wires_V_23_reg_58951            |    8|   0|    8|          0|
    |h_wires_V_24_reg_58956            |    8|   0|    8|          0|
    |h_wires_V_25_reg_58961            |    8|   0|    8|          0|
    |h_wires_V_26_reg_58966            |    8|   0|    8|          0|
    |h_wires_V_27_reg_58971            |    8|   0|    8|          0|
    |h_wires_V_28_reg_58976            |    8|   0|    8|          0|
    |h_wires_V_29_reg_58981            |    8|   0|    8|          0|
    |h_wires_V_2_reg_58846             |    8|   0|    8|          0|
    |h_wires_V_30_reg_58986            |    8|   0|    8|          0|
    |h_wires_V_31_reg_58991            |    8|   0|    8|          0|
    |h_wires_V_3_reg_58851             |    8|   0|    8|          0|
    |h_wires_V_4_reg_58856             |    8|   0|    8|          0|
    |h_wires_V_5_reg_58861             |    8|   0|    8|          0|
    |h_wires_V_6_reg_58866             |    8|   0|    8|          0|
    |h_wires_V_7_reg_58871             |    8|   0|    8|          0|
    |h_wires_V_8_reg_58876             |    8|   0|    8|          0|
    |h_wires_V_9_reg_58881             |    8|   0|    8|          0|
    |h_wires_V_reg_58836               |    8|   0|    8|          0|
    |icmp_ln65_reg_58832               |    1|   0|    1|          0|
    |k_fu_6388                         |    6|   0|    6|          0|
    |local_regs_V_1000_fu_6484         |   32|   0|   32|          0|
    |local_regs_V_1001_fu_6480         |   32|   0|   32|          0|
    |local_regs_V_1002_fu_6476         |   32|   0|   32|          0|
    |local_regs_V_1003_fu_6472         |   32|   0|   32|          0|
    |local_regs_V_1004_fu_6468         |   32|   0|   32|          0|
    |local_regs_V_1005_fu_6464         |   32|   0|   32|          0|
    |local_regs_V_1006_fu_6460         |   32|   0|   32|          0|
    |local_regs_V_1007_fu_6456         |   32|   0|   32|          0|
    |local_regs_V_1008_fu_6452         |   32|   0|   32|          0|
    |local_regs_V_1009_fu_6448         |   32|   0|   32|          0|
    |local_regs_V_100_fu_10084         |   32|   0|   32|          0|
    |local_regs_V_1010_fu_6444         |   32|   0|   32|          0|
    |local_regs_V_1011_fu_6440         |   32|   0|   32|          0|
    |local_regs_V_1012_fu_6436         |   32|   0|   32|          0|
    |local_regs_V_1013_fu_6432         |   32|   0|   32|          0|
    |local_regs_V_1014_fu_6428         |   32|   0|   32|          0|
    |local_regs_V_1015_fu_6424         |   32|   0|   32|          0|
    |local_regs_V_1016_fu_6420         |   32|   0|   32|          0|
    |local_regs_V_1017_fu_6416         |   32|   0|   32|          0|
    |local_regs_V_1018_fu_6412         |   32|   0|   32|          0|
    |local_regs_V_1019_fu_6408         |   32|   0|   32|          0|
    |local_regs_V_101_fu_10080         |   32|   0|   32|          0|
    |local_regs_V_1020_fu_6404         |   32|   0|   32|          0|
    |local_regs_V_1021_fu_6400         |   32|   0|   32|          0|
    |local_regs_V_1022_fu_6396         |   32|   0|   32|          0|
    |local_regs_V_1023_fu_6392         |   32|   0|   32|          0|
    |local_regs_V_102_fu_10076         |   32|   0|   32|          0|
    |local_regs_V_103_fu_10072         |   32|   0|   32|          0|
    |local_regs_V_104_fu_10068         |   32|   0|   32|          0|
    |local_regs_V_105_fu_10064         |   32|   0|   32|          0|
    |local_regs_V_106_fu_10060         |   32|   0|   32|          0|
    |local_regs_V_107_fu_10056         |   32|   0|   32|          0|
    |local_regs_V_108_fu_10052         |   32|   0|   32|          0|
    |local_regs_V_109_fu_10048         |   32|   0|   32|          0|
    |local_regs_V_10_fu_10444          |   32|   0|   32|          0|
    |local_regs_V_110_fu_10044         |   32|   0|   32|          0|
    |local_regs_V_111_fu_10040         |   32|   0|   32|          0|
    |local_regs_V_112_fu_10036         |   32|   0|   32|          0|
    |local_regs_V_113_fu_10032         |   32|   0|   32|          0|
    |local_regs_V_114_fu_10028         |   32|   0|   32|          0|
    |local_regs_V_115_fu_10024         |   32|   0|   32|          0|
    |local_regs_V_116_fu_10020         |   32|   0|   32|          0|
    |local_regs_V_117_fu_10016         |   32|   0|   32|          0|
    |local_regs_V_118_fu_10012         |   32|   0|   32|          0|
    |local_regs_V_119_fu_10008         |   32|   0|   32|          0|
    |local_regs_V_11_fu_10440          |   32|   0|   32|          0|
    |local_regs_V_120_fu_10004         |   32|   0|   32|          0|
    |local_regs_V_121_fu_10000         |   32|   0|   32|          0|
    |local_regs_V_122_fu_9996          |   32|   0|   32|          0|
    |local_regs_V_123_fu_9992          |   32|   0|   32|          0|
    |local_regs_V_124_fu_9988          |   32|   0|   32|          0|
    |local_regs_V_125_fu_9984          |   32|   0|   32|          0|
    |local_regs_V_126_fu_9980          |   32|   0|   32|          0|
    |local_regs_V_127_fu_9976          |   32|   0|   32|          0|
    |local_regs_V_128_fu_9972          |   32|   0|   32|          0|
    |local_regs_V_129_fu_9968          |   32|   0|   32|          0|
    |local_regs_V_12_fu_10436          |   32|   0|   32|          0|
    |local_regs_V_130_fu_9964          |   32|   0|   32|          0|
    |local_regs_V_131_fu_9960          |   32|   0|   32|          0|
    |local_regs_V_132_fu_9956          |   32|   0|   32|          0|
    |local_regs_V_133_fu_9952          |   32|   0|   32|          0|
    |local_regs_V_134_fu_9948          |   32|   0|   32|          0|
    |local_regs_V_135_fu_9944          |   32|   0|   32|          0|
    |local_regs_V_136_fu_9940          |   32|   0|   32|          0|
    |local_regs_V_137_fu_9936          |   32|   0|   32|          0|
    |local_regs_V_138_fu_9932          |   32|   0|   32|          0|
    |local_regs_V_139_fu_9928          |   32|   0|   32|          0|
    |local_regs_V_13_fu_10432          |   32|   0|   32|          0|
    |local_regs_V_140_fu_9924          |   32|   0|   32|          0|
    |local_regs_V_141_fu_9920          |   32|   0|   32|          0|
    |local_regs_V_142_fu_9916          |   32|   0|   32|          0|
    |local_regs_V_143_fu_9912          |   32|   0|   32|          0|
    |local_regs_V_144_fu_9908          |   32|   0|   32|          0|
    |local_regs_V_145_fu_9904          |   32|   0|   32|          0|
    |local_regs_V_146_fu_9900          |   32|   0|   32|          0|
    |local_regs_V_147_fu_9896          |   32|   0|   32|          0|
    |local_regs_V_148_fu_9892          |   32|   0|   32|          0|
    |local_regs_V_149_fu_9888          |   32|   0|   32|          0|
    |local_regs_V_14_fu_10428          |   32|   0|   32|          0|
    |local_regs_V_150_fu_9884          |   32|   0|   32|          0|
    |local_regs_V_151_fu_9880          |   32|   0|   32|          0|
    |local_regs_V_152_fu_9876          |   32|   0|   32|          0|
    |local_regs_V_153_fu_9872          |   32|   0|   32|          0|
    |local_regs_V_154_fu_9868          |   32|   0|   32|          0|
    |local_regs_V_155_fu_9864          |   32|   0|   32|          0|
    |local_regs_V_156_fu_9860          |   32|   0|   32|          0|
    |local_regs_V_157_fu_9856          |   32|   0|   32|          0|
    |local_regs_V_158_fu_9852          |   32|   0|   32|          0|
    |local_regs_V_159_fu_9848          |   32|   0|   32|          0|
    |local_regs_V_15_fu_10424          |   32|   0|   32|          0|
    |local_regs_V_160_fu_9844          |   32|   0|   32|          0|
    |local_regs_V_161_fu_9840          |   32|   0|   32|          0|
    |local_regs_V_162_fu_9836          |   32|   0|   32|          0|
    |local_regs_V_163_fu_9832          |   32|   0|   32|          0|
    |local_regs_V_164_fu_9828          |   32|   0|   32|          0|
    |local_regs_V_165_fu_9824          |   32|   0|   32|          0|
    |local_regs_V_166_fu_9820          |   32|   0|   32|          0|
    |local_regs_V_167_fu_9816          |   32|   0|   32|          0|
    |local_regs_V_168_fu_9812          |   32|   0|   32|          0|
    |local_regs_V_169_fu_9808          |   32|   0|   32|          0|
    |local_regs_V_16_fu_10420          |   32|   0|   32|          0|
    |local_regs_V_170_fu_9804          |   32|   0|   32|          0|
    |local_regs_V_171_fu_9800          |   32|   0|   32|          0|
    |local_regs_V_172_fu_9796          |   32|   0|   32|          0|
    |local_regs_V_173_fu_9792          |   32|   0|   32|          0|
    |local_regs_V_174_fu_9788          |   32|   0|   32|          0|
    |local_regs_V_175_fu_9784          |   32|   0|   32|          0|
    |local_regs_V_176_fu_9780          |   32|   0|   32|          0|
    |local_regs_V_177_fu_9776          |   32|   0|   32|          0|
    |local_regs_V_178_fu_9772          |   32|   0|   32|          0|
    |local_regs_V_179_fu_9768          |   32|   0|   32|          0|
    |local_regs_V_17_fu_10416          |   32|   0|   32|          0|
    |local_regs_V_180_fu_9764          |   32|   0|   32|          0|
    |local_regs_V_181_fu_9760          |   32|   0|   32|          0|
    |local_regs_V_182_fu_9756          |   32|   0|   32|          0|
    |local_regs_V_183_fu_9752          |   32|   0|   32|          0|
    |local_regs_V_184_fu_9748          |   32|   0|   32|          0|
    |local_regs_V_185_fu_9744          |   32|   0|   32|          0|
    |local_regs_V_186_fu_9740          |   32|   0|   32|          0|
    |local_regs_V_187_fu_9736          |   32|   0|   32|          0|
    |local_regs_V_188_fu_9732          |   32|   0|   32|          0|
    |local_regs_V_189_fu_9728          |   32|   0|   32|          0|
    |local_regs_V_18_fu_10412          |   32|   0|   32|          0|
    |local_regs_V_190_fu_9724          |   32|   0|   32|          0|
    |local_regs_V_191_fu_9720          |   32|   0|   32|          0|
    |local_regs_V_192_fu_9716          |   32|   0|   32|          0|
    |local_regs_V_193_fu_9712          |   32|   0|   32|          0|
    |local_regs_V_194_fu_9708          |   32|   0|   32|          0|
    |local_regs_V_195_fu_9704          |   32|   0|   32|          0|
    |local_regs_V_196_fu_9700          |   32|   0|   32|          0|
    |local_regs_V_197_fu_9696          |   32|   0|   32|          0|
    |local_regs_V_198_fu_9692          |   32|   0|   32|          0|
    |local_regs_V_199_fu_9688          |   32|   0|   32|          0|
    |local_regs_V_19_fu_10408          |   32|   0|   32|          0|
    |local_regs_V_1_fu_10480           |   32|   0|   32|          0|
    |local_regs_V_200_fu_9684          |   32|   0|   32|          0|
    |local_regs_V_201_fu_9680          |   32|   0|   32|          0|
    |local_regs_V_202_fu_9676          |   32|   0|   32|          0|
    |local_regs_V_203_fu_9672          |   32|   0|   32|          0|
    |local_regs_V_204_fu_9668          |   32|   0|   32|          0|
    |local_regs_V_205_fu_9664          |   32|   0|   32|          0|
    |local_regs_V_206_fu_9660          |   32|   0|   32|          0|
    |local_regs_V_207_fu_9656          |   32|   0|   32|          0|
    |local_regs_V_208_fu_9652          |   32|   0|   32|          0|
    |local_regs_V_209_fu_9648          |   32|   0|   32|          0|
    |local_regs_V_20_fu_10404          |   32|   0|   32|          0|
    |local_regs_V_210_fu_9644          |   32|   0|   32|          0|
    |local_regs_V_211_fu_9640          |   32|   0|   32|          0|
    |local_regs_V_212_fu_9636          |   32|   0|   32|          0|
    |local_regs_V_213_fu_9632          |   32|   0|   32|          0|
    |local_regs_V_214_fu_9628          |   32|   0|   32|          0|
    |local_regs_V_215_fu_9624          |   32|   0|   32|          0|
    |local_regs_V_216_fu_9620          |   32|   0|   32|          0|
    |local_regs_V_217_fu_9616          |   32|   0|   32|          0|
    |local_regs_V_218_fu_9612          |   32|   0|   32|          0|
    |local_regs_V_219_fu_9608          |   32|   0|   32|          0|
    |local_regs_V_21_fu_10400          |   32|   0|   32|          0|
    |local_regs_V_220_fu_9604          |   32|   0|   32|          0|
    |local_regs_V_221_fu_9600          |   32|   0|   32|          0|
    |local_regs_V_222_fu_9596          |   32|   0|   32|          0|
    |local_regs_V_223_fu_9592          |   32|   0|   32|          0|
    |local_regs_V_224_fu_9588          |   32|   0|   32|          0|
    |local_regs_V_225_fu_9584          |   32|   0|   32|          0|
    |local_regs_V_226_fu_9580          |   32|   0|   32|          0|
    |local_regs_V_227_fu_9576          |   32|   0|   32|          0|
    |local_regs_V_228_fu_9572          |   32|   0|   32|          0|
    |local_regs_V_229_fu_9568          |   32|   0|   32|          0|
    |local_regs_V_22_fu_10396          |   32|   0|   32|          0|
    |local_regs_V_230_fu_9564          |   32|   0|   32|          0|
    |local_regs_V_231_fu_9560          |   32|   0|   32|          0|
    |local_regs_V_232_fu_9556          |   32|   0|   32|          0|
    |local_regs_V_233_fu_9552          |   32|   0|   32|          0|
    |local_regs_V_234_fu_9548          |   32|   0|   32|          0|
    |local_regs_V_235_fu_9544          |   32|   0|   32|          0|
    |local_regs_V_236_fu_9540          |   32|   0|   32|          0|
    |local_regs_V_237_fu_9536          |   32|   0|   32|          0|
    |local_regs_V_238_fu_9532          |   32|   0|   32|          0|
    |local_regs_V_239_fu_9528          |   32|   0|   32|          0|
    |local_regs_V_23_fu_10392          |   32|   0|   32|          0|
    |local_regs_V_240_fu_9524          |   32|   0|   32|          0|
    |local_regs_V_241_fu_9520          |   32|   0|   32|          0|
    |local_regs_V_242_fu_9516          |   32|   0|   32|          0|
    |local_regs_V_243_fu_9512          |   32|   0|   32|          0|
    |local_regs_V_244_fu_9508          |   32|   0|   32|          0|
    |local_regs_V_245_fu_9504          |   32|   0|   32|          0|
    |local_regs_V_246_fu_9500          |   32|   0|   32|          0|
    |local_regs_V_247_fu_9496          |   32|   0|   32|          0|
    |local_regs_V_248_fu_9492          |   32|   0|   32|          0|
    |local_regs_V_249_fu_9488          |   32|   0|   32|          0|
    |local_regs_V_24_fu_10388          |   32|   0|   32|          0|
    |local_regs_V_250_fu_9484          |   32|   0|   32|          0|
    |local_regs_V_251_fu_9480          |   32|   0|   32|          0|
    |local_regs_V_252_fu_9476          |   32|   0|   32|          0|
    |local_regs_V_253_fu_9472          |   32|   0|   32|          0|
    |local_regs_V_254_fu_9468          |   32|   0|   32|          0|
    |local_regs_V_255_fu_9464          |   32|   0|   32|          0|
    |local_regs_V_256_fu_9460          |   32|   0|   32|          0|
    |local_regs_V_257_fu_9456          |   32|   0|   32|          0|
    |local_regs_V_258_fu_9452          |   32|   0|   32|          0|
    |local_regs_V_259_fu_9448          |   32|   0|   32|          0|
    |local_regs_V_25_fu_10384          |   32|   0|   32|          0|
    |local_regs_V_260_fu_9444          |   32|   0|   32|          0|
    |local_regs_V_261_fu_9440          |   32|   0|   32|          0|
    |local_regs_V_262_fu_9436          |   32|   0|   32|          0|
    |local_regs_V_263_fu_9432          |   32|   0|   32|          0|
    |local_regs_V_264_fu_9428          |   32|   0|   32|          0|
    |local_regs_V_265_fu_9424          |   32|   0|   32|          0|
    |local_regs_V_266_fu_9420          |   32|   0|   32|          0|
    |local_regs_V_267_fu_9416          |   32|   0|   32|          0|
    |local_regs_V_268_fu_9412          |   32|   0|   32|          0|
    |local_regs_V_269_fu_9408          |   32|   0|   32|          0|
    |local_regs_V_26_fu_10380          |   32|   0|   32|          0|
    |local_regs_V_270_fu_9404          |   32|   0|   32|          0|
    |local_regs_V_271_fu_9400          |   32|   0|   32|          0|
    |local_regs_V_272_fu_9396          |   32|   0|   32|          0|
    |local_regs_V_273_fu_9392          |   32|   0|   32|          0|
    |local_regs_V_274_fu_9388          |   32|   0|   32|          0|
    |local_regs_V_275_fu_9384          |   32|   0|   32|          0|
    |local_regs_V_276_fu_9380          |   32|   0|   32|          0|
    |local_regs_V_277_fu_9376          |   32|   0|   32|          0|
    |local_regs_V_278_fu_9372          |   32|   0|   32|          0|
    |local_regs_V_279_fu_9368          |   32|   0|   32|          0|
    |local_regs_V_27_fu_10376          |   32|   0|   32|          0|
    |local_regs_V_280_fu_9364          |   32|   0|   32|          0|
    |local_regs_V_281_fu_9360          |   32|   0|   32|          0|
    |local_regs_V_282_fu_9356          |   32|   0|   32|          0|
    |local_regs_V_283_fu_9352          |   32|   0|   32|          0|
    |local_regs_V_284_fu_9348          |   32|   0|   32|          0|
    |local_regs_V_285_fu_9344          |   32|   0|   32|          0|
    |local_regs_V_286_fu_9340          |   32|   0|   32|          0|
    |local_regs_V_287_fu_9336          |   32|   0|   32|          0|
    |local_regs_V_288_fu_9332          |   32|   0|   32|          0|
    |local_regs_V_289_fu_9328          |   32|   0|   32|          0|
    |local_regs_V_28_fu_10372          |   32|   0|   32|          0|
    |local_regs_V_290_fu_9324          |   32|   0|   32|          0|
    |local_regs_V_291_fu_9320          |   32|   0|   32|          0|
    |local_regs_V_292_fu_9316          |   32|   0|   32|          0|
    |local_regs_V_293_fu_9312          |   32|   0|   32|          0|
    |local_regs_V_294_fu_9308          |   32|   0|   32|          0|
    |local_regs_V_295_fu_9304          |   32|   0|   32|          0|
    |local_regs_V_296_fu_9300          |   32|   0|   32|          0|
    |local_regs_V_297_fu_9296          |   32|   0|   32|          0|
    |local_regs_V_298_fu_9292          |   32|   0|   32|          0|
    |local_regs_V_299_fu_9288          |   32|   0|   32|          0|
    |local_regs_V_29_fu_10368          |   32|   0|   32|          0|
    |local_regs_V_2_fu_10476           |   32|   0|   32|          0|
    |local_regs_V_300_fu_9284          |   32|   0|   32|          0|
    |local_regs_V_301_fu_9280          |   32|   0|   32|          0|
    |local_regs_V_302_fu_9276          |   32|   0|   32|          0|
    |local_regs_V_303_fu_9272          |   32|   0|   32|          0|
    |local_regs_V_304_fu_9268          |   32|   0|   32|          0|
    |local_regs_V_305_fu_9264          |   32|   0|   32|          0|
    |local_regs_V_306_fu_9260          |   32|   0|   32|          0|
    |local_regs_V_307_fu_9256          |   32|   0|   32|          0|
    |local_regs_V_308_fu_9252          |   32|   0|   32|          0|
    |local_regs_V_309_fu_9248          |   32|   0|   32|          0|
    |local_regs_V_30_fu_10364          |   32|   0|   32|          0|
    |local_regs_V_310_fu_9244          |   32|   0|   32|          0|
    |local_regs_V_311_fu_9240          |   32|   0|   32|          0|
    |local_regs_V_312_fu_9236          |   32|   0|   32|          0|
    |local_regs_V_313_fu_9232          |   32|   0|   32|          0|
    |local_regs_V_314_fu_9228          |   32|   0|   32|          0|
    |local_regs_V_315_fu_9224          |   32|   0|   32|          0|
    |local_regs_V_316_fu_9220          |   32|   0|   32|          0|
    |local_regs_V_317_fu_9216          |   32|   0|   32|          0|
    |local_regs_V_318_fu_9212          |   32|   0|   32|          0|
    |local_regs_V_319_fu_9208          |   32|   0|   32|          0|
    |local_regs_V_31_fu_10360          |   32|   0|   32|          0|
    |local_regs_V_320_fu_9204          |   32|   0|   32|          0|
    |local_regs_V_321_fu_9200          |   32|   0|   32|          0|
    |local_regs_V_322_fu_9196          |   32|   0|   32|          0|
    |local_regs_V_323_fu_9192          |   32|   0|   32|          0|
    |local_regs_V_324_fu_9188          |   32|   0|   32|          0|
    |local_regs_V_325_fu_9184          |   32|   0|   32|          0|
    |local_regs_V_326_fu_9180          |   32|   0|   32|          0|
    |local_regs_V_327_fu_9176          |   32|   0|   32|          0|
    |local_regs_V_328_fu_9172          |   32|   0|   32|          0|
    |local_regs_V_329_fu_9168          |   32|   0|   32|          0|
    |local_regs_V_32_fu_10356          |   32|   0|   32|          0|
    |local_regs_V_330_fu_9164          |   32|   0|   32|          0|
    |local_regs_V_331_fu_9160          |   32|   0|   32|          0|
    |local_regs_V_332_fu_9156          |   32|   0|   32|          0|
    |local_regs_V_333_fu_9152          |   32|   0|   32|          0|
    |local_regs_V_334_fu_9148          |   32|   0|   32|          0|
    |local_regs_V_335_fu_9144          |   32|   0|   32|          0|
    |local_regs_V_336_fu_9140          |   32|   0|   32|          0|
    |local_regs_V_337_fu_9136          |   32|   0|   32|          0|
    |local_regs_V_338_fu_9132          |   32|   0|   32|          0|
    |local_regs_V_339_fu_9128          |   32|   0|   32|          0|
    |local_regs_V_33_fu_10352          |   32|   0|   32|          0|
    |local_regs_V_340_fu_9124          |   32|   0|   32|          0|
    |local_regs_V_341_fu_9120          |   32|   0|   32|          0|
    |local_regs_V_342_fu_9116          |   32|   0|   32|          0|
    |local_regs_V_343_fu_9112          |   32|   0|   32|          0|
    |local_regs_V_344_fu_9108          |   32|   0|   32|          0|
    |local_regs_V_345_fu_9104          |   32|   0|   32|          0|
    |local_regs_V_346_fu_9100          |   32|   0|   32|          0|
    |local_regs_V_347_fu_9096          |   32|   0|   32|          0|
    |local_regs_V_348_fu_9092          |   32|   0|   32|          0|
    |local_regs_V_349_fu_9088          |   32|   0|   32|          0|
    |local_regs_V_34_fu_10348          |   32|   0|   32|          0|
    |local_regs_V_350_fu_9084          |   32|   0|   32|          0|
    |local_regs_V_351_fu_9080          |   32|   0|   32|          0|
    |local_regs_V_352_fu_9076          |   32|   0|   32|          0|
    |local_regs_V_353_fu_9072          |   32|   0|   32|          0|
    |local_regs_V_354_fu_9068          |   32|   0|   32|          0|
    |local_regs_V_355_fu_9064          |   32|   0|   32|          0|
    |local_regs_V_356_fu_9060          |   32|   0|   32|          0|
    |local_regs_V_357_fu_9056          |   32|   0|   32|          0|
    |local_regs_V_358_fu_9052          |   32|   0|   32|          0|
    |local_regs_V_359_fu_9048          |   32|   0|   32|          0|
    |local_regs_V_35_fu_10344          |   32|   0|   32|          0|
    |local_regs_V_360_fu_9044          |   32|   0|   32|          0|
    |local_regs_V_361_fu_9040          |   32|   0|   32|          0|
    |local_regs_V_362_fu_9036          |   32|   0|   32|          0|
    |local_regs_V_363_fu_9032          |   32|   0|   32|          0|
    |local_regs_V_364_fu_9028          |   32|   0|   32|          0|
    |local_regs_V_365_fu_9024          |   32|   0|   32|          0|
    |local_regs_V_366_fu_9020          |   32|   0|   32|          0|
    |local_regs_V_367_fu_9016          |   32|   0|   32|          0|
    |local_regs_V_368_fu_9012          |   32|   0|   32|          0|
    |local_regs_V_369_fu_9008          |   32|   0|   32|          0|
    |local_regs_V_36_fu_10340          |   32|   0|   32|          0|
    |local_regs_V_370_fu_9004          |   32|   0|   32|          0|
    |local_regs_V_371_fu_9000          |   32|   0|   32|          0|
    |local_regs_V_372_fu_8996          |   32|   0|   32|          0|
    |local_regs_V_373_fu_8992          |   32|   0|   32|          0|
    |local_regs_V_374_fu_8988          |   32|   0|   32|          0|
    |local_regs_V_375_fu_8984          |   32|   0|   32|          0|
    |local_regs_V_376_fu_8980          |   32|   0|   32|          0|
    |local_regs_V_377_fu_8976          |   32|   0|   32|          0|
    |local_regs_V_378_fu_8972          |   32|   0|   32|          0|
    |local_regs_V_379_fu_8968          |   32|   0|   32|          0|
    |local_regs_V_37_fu_10336          |   32|   0|   32|          0|
    |local_regs_V_380_fu_8964          |   32|   0|   32|          0|
    |local_regs_V_381_fu_8960          |   32|   0|   32|          0|
    |local_regs_V_382_fu_8956          |   32|   0|   32|          0|
    |local_regs_V_383_fu_8952          |   32|   0|   32|          0|
    |local_regs_V_384_fu_8948          |   32|   0|   32|          0|
    |local_regs_V_385_fu_8944          |   32|   0|   32|          0|
    |local_regs_V_386_fu_8940          |   32|   0|   32|          0|
    |local_regs_V_387_fu_8936          |   32|   0|   32|          0|
    |local_regs_V_388_fu_8932          |   32|   0|   32|          0|
    |local_regs_V_389_fu_8928          |   32|   0|   32|          0|
    |local_regs_V_38_fu_10332          |   32|   0|   32|          0|
    |local_regs_V_390_fu_8924          |   32|   0|   32|          0|
    |local_regs_V_391_fu_8920          |   32|   0|   32|          0|
    |local_regs_V_392_fu_8916          |   32|   0|   32|          0|
    |local_regs_V_393_fu_8912          |   32|   0|   32|          0|
    |local_regs_V_394_fu_8908          |   32|   0|   32|          0|
    |local_regs_V_395_fu_8904          |   32|   0|   32|          0|
    |local_regs_V_396_fu_8900          |   32|   0|   32|          0|
    |local_regs_V_397_fu_8896          |   32|   0|   32|          0|
    |local_regs_V_398_fu_8892          |   32|   0|   32|          0|
    |local_regs_V_399_fu_8888          |   32|   0|   32|          0|
    |local_regs_V_39_fu_10328          |   32|   0|   32|          0|
    |local_regs_V_3_fu_10472           |   32|   0|   32|          0|
    |local_regs_V_400_fu_8884          |   32|   0|   32|          0|
    |local_regs_V_401_fu_8880          |   32|   0|   32|          0|
    |local_regs_V_402_fu_8876          |   32|   0|   32|          0|
    |local_regs_V_403_fu_8872          |   32|   0|   32|          0|
    |local_regs_V_404_fu_8868          |   32|   0|   32|          0|
    |local_regs_V_405_fu_8864          |   32|   0|   32|          0|
    |local_regs_V_406_fu_8860          |   32|   0|   32|          0|
    |local_regs_V_407_fu_8856          |   32|   0|   32|          0|
    |local_regs_V_408_fu_8852          |   32|   0|   32|          0|
    |local_regs_V_409_fu_8848          |   32|   0|   32|          0|
    |local_regs_V_40_fu_10324          |   32|   0|   32|          0|
    |local_regs_V_410_fu_8844          |   32|   0|   32|          0|
    |local_regs_V_411_fu_8840          |   32|   0|   32|          0|
    |local_regs_V_412_fu_8836          |   32|   0|   32|          0|
    |local_regs_V_413_fu_8832          |   32|   0|   32|          0|
    |local_regs_V_414_fu_8828          |   32|   0|   32|          0|
    |local_regs_V_415_fu_8824          |   32|   0|   32|          0|
    |local_regs_V_416_fu_8820          |   32|   0|   32|          0|
    |local_regs_V_417_fu_8816          |   32|   0|   32|          0|
    |local_regs_V_418_fu_8812          |   32|   0|   32|          0|
    |local_regs_V_419_fu_8808          |   32|   0|   32|          0|
    |local_regs_V_41_fu_10320          |   32|   0|   32|          0|
    |local_regs_V_420_fu_8804          |   32|   0|   32|          0|
    |local_regs_V_421_fu_8800          |   32|   0|   32|          0|
    |local_regs_V_422_fu_8796          |   32|   0|   32|          0|
    |local_regs_V_423_fu_8792          |   32|   0|   32|          0|
    |local_regs_V_424_fu_8788          |   32|   0|   32|          0|
    |local_regs_V_425_fu_8784          |   32|   0|   32|          0|
    |local_regs_V_426_fu_8780          |   32|   0|   32|          0|
    |local_regs_V_427_fu_8776          |   32|   0|   32|          0|
    |local_regs_V_428_fu_8772          |   32|   0|   32|          0|
    |local_regs_V_429_fu_8768          |   32|   0|   32|          0|
    |local_regs_V_42_fu_10316          |   32|   0|   32|          0|
    |local_regs_V_430_fu_8764          |   32|   0|   32|          0|
    |local_regs_V_431_fu_8760          |   32|   0|   32|          0|
    |local_regs_V_432_fu_8756          |   32|   0|   32|          0|
    |local_regs_V_433_fu_8752          |   32|   0|   32|          0|
    |local_regs_V_434_fu_8748          |   32|   0|   32|          0|
    |local_regs_V_435_fu_8744          |   32|   0|   32|          0|
    |local_regs_V_436_fu_8740          |   32|   0|   32|          0|
    |local_regs_V_437_fu_8736          |   32|   0|   32|          0|
    |local_regs_V_438_fu_8732          |   32|   0|   32|          0|
    |local_regs_V_439_fu_8728          |   32|   0|   32|          0|
    |local_regs_V_43_fu_10312          |   32|   0|   32|          0|
    |local_regs_V_440_fu_8724          |   32|   0|   32|          0|
    |local_regs_V_441_fu_8720          |   32|   0|   32|          0|
    |local_regs_V_442_fu_8716          |   32|   0|   32|          0|
    |local_regs_V_443_fu_8712          |   32|   0|   32|          0|
    |local_regs_V_444_fu_8708          |   32|   0|   32|          0|
    |local_regs_V_445_fu_8704          |   32|   0|   32|          0|
    |local_regs_V_446_fu_8700          |   32|   0|   32|          0|
    |local_regs_V_447_fu_8696          |   32|   0|   32|          0|
    |local_regs_V_448_fu_8692          |   32|   0|   32|          0|
    |local_regs_V_449_fu_8688          |   32|   0|   32|          0|
    |local_regs_V_44_fu_10308          |   32|   0|   32|          0|
    |local_regs_V_450_fu_8684          |   32|   0|   32|          0|
    |local_regs_V_451_fu_8680          |   32|   0|   32|          0|
    |local_regs_V_452_fu_8676          |   32|   0|   32|          0|
    |local_regs_V_453_fu_8672          |   32|   0|   32|          0|
    |local_regs_V_454_fu_8668          |   32|   0|   32|          0|
    |local_regs_V_455_fu_8664          |   32|   0|   32|          0|
    |local_regs_V_456_fu_8660          |   32|   0|   32|          0|
    |local_regs_V_457_fu_8656          |   32|   0|   32|          0|
    |local_regs_V_458_fu_8652          |   32|   0|   32|          0|
    |local_regs_V_459_fu_8648          |   32|   0|   32|          0|
    |local_regs_V_45_fu_10304          |   32|   0|   32|          0|
    |local_regs_V_460_fu_8644          |   32|   0|   32|          0|
    |local_regs_V_461_fu_8640          |   32|   0|   32|          0|
    |local_regs_V_462_fu_8636          |   32|   0|   32|          0|
    |local_regs_V_463_fu_8632          |   32|   0|   32|          0|
    |local_regs_V_464_fu_8628          |   32|   0|   32|          0|
    |local_regs_V_465_fu_8624          |   32|   0|   32|          0|
    |local_regs_V_466_fu_8620          |   32|   0|   32|          0|
    |local_regs_V_467_fu_8616          |   32|   0|   32|          0|
    |local_regs_V_468_fu_8612          |   32|   0|   32|          0|
    |local_regs_V_469_fu_8608          |   32|   0|   32|          0|
    |local_regs_V_46_fu_10300          |   32|   0|   32|          0|
    |local_regs_V_470_fu_8604          |   32|   0|   32|          0|
    |local_regs_V_471_fu_8600          |   32|   0|   32|          0|
    |local_regs_V_472_fu_8596          |   32|   0|   32|          0|
    |local_regs_V_473_fu_8592          |   32|   0|   32|          0|
    |local_regs_V_474_fu_8588          |   32|   0|   32|          0|
    |local_regs_V_475_fu_8584          |   32|   0|   32|          0|
    |local_regs_V_476_fu_8580          |   32|   0|   32|          0|
    |local_regs_V_477_fu_8576          |   32|   0|   32|          0|
    |local_regs_V_478_fu_8572          |   32|   0|   32|          0|
    |local_regs_V_479_fu_8568          |   32|   0|   32|          0|
    |local_regs_V_47_fu_10296          |   32|   0|   32|          0|
    |local_regs_V_480_fu_8564          |   32|   0|   32|          0|
    |local_regs_V_481_fu_8560          |   32|   0|   32|          0|
    |local_regs_V_482_fu_8556          |   32|   0|   32|          0|
    |local_regs_V_483_fu_8552          |   32|   0|   32|          0|
    |local_regs_V_484_fu_8548          |   32|   0|   32|          0|
    |local_regs_V_485_fu_8544          |   32|   0|   32|          0|
    |local_regs_V_486_fu_8540          |   32|   0|   32|          0|
    |local_regs_V_487_fu_8536          |   32|   0|   32|          0|
    |local_regs_V_488_fu_8532          |   32|   0|   32|          0|
    |local_regs_V_489_fu_8528          |   32|   0|   32|          0|
    |local_regs_V_48_fu_10292          |   32|   0|   32|          0|
    |local_regs_V_490_fu_8524          |   32|   0|   32|          0|
    |local_regs_V_491_fu_8520          |   32|   0|   32|          0|
    |local_regs_V_492_fu_8516          |   32|   0|   32|          0|
    |local_regs_V_493_fu_8512          |   32|   0|   32|          0|
    |local_regs_V_494_fu_8508          |   32|   0|   32|          0|
    |local_regs_V_495_fu_8504          |   32|   0|   32|          0|
    |local_regs_V_496_fu_8500          |   32|   0|   32|          0|
    |local_regs_V_497_fu_8496          |   32|   0|   32|          0|
    |local_regs_V_498_fu_8492          |   32|   0|   32|          0|
    |local_regs_V_499_fu_8488          |   32|   0|   32|          0|
    |local_regs_V_49_fu_10288          |   32|   0|   32|          0|
    |local_regs_V_4_fu_10468           |   32|   0|   32|          0|
    |local_regs_V_500_fu_8484          |   32|   0|   32|          0|
    |local_regs_V_501_fu_8480          |   32|   0|   32|          0|
    |local_regs_V_502_fu_8476          |   32|   0|   32|          0|
    |local_regs_V_503_fu_8472          |   32|   0|   32|          0|
    |local_regs_V_504_fu_8468          |   32|   0|   32|          0|
    |local_regs_V_505_fu_8464          |   32|   0|   32|          0|
    |local_regs_V_506_fu_8460          |   32|   0|   32|          0|
    |local_regs_V_507_fu_8456          |   32|   0|   32|          0|
    |local_regs_V_508_fu_8452          |   32|   0|   32|          0|
    |local_regs_V_509_fu_8448          |   32|   0|   32|          0|
    |local_regs_V_50_fu_10284          |   32|   0|   32|          0|
    |local_regs_V_510_fu_8444          |   32|   0|   32|          0|
    |local_regs_V_511_fu_8440          |   32|   0|   32|          0|
    |local_regs_V_512_fu_8436          |   32|   0|   32|          0|
    |local_regs_V_513_fu_8432          |   32|   0|   32|          0|
    |local_regs_V_514_fu_8428          |   32|   0|   32|          0|
    |local_regs_V_515_fu_8424          |   32|   0|   32|          0|
    |local_regs_V_516_fu_8420          |   32|   0|   32|          0|
    |local_regs_V_517_fu_8416          |   32|   0|   32|          0|
    |local_regs_V_518_fu_8412          |   32|   0|   32|          0|
    |local_regs_V_519_fu_8408          |   32|   0|   32|          0|
    |local_regs_V_51_fu_10280          |   32|   0|   32|          0|
    |local_regs_V_520_fu_8404          |   32|   0|   32|          0|
    |local_regs_V_521_fu_8400          |   32|   0|   32|          0|
    |local_regs_V_522_fu_8396          |   32|   0|   32|          0|
    |local_regs_V_523_fu_8392          |   32|   0|   32|          0|
    |local_regs_V_524_fu_8388          |   32|   0|   32|          0|
    |local_regs_V_525_fu_8384          |   32|   0|   32|          0|
    |local_regs_V_526_fu_8380          |   32|   0|   32|          0|
    |local_regs_V_527_fu_8376          |   32|   0|   32|          0|
    |local_regs_V_528_fu_8372          |   32|   0|   32|          0|
    |local_regs_V_529_fu_8368          |   32|   0|   32|          0|
    |local_regs_V_52_fu_10276          |   32|   0|   32|          0|
    |local_regs_V_530_fu_8364          |   32|   0|   32|          0|
    |local_regs_V_531_fu_8360          |   32|   0|   32|          0|
    |local_regs_V_532_fu_8356          |   32|   0|   32|          0|
    |local_regs_V_533_fu_8352          |   32|   0|   32|          0|
    |local_regs_V_534_fu_8348          |   32|   0|   32|          0|
    |local_regs_V_535_fu_8344          |   32|   0|   32|          0|
    |local_regs_V_536_fu_8340          |   32|   0|   32|          0|
    |local_regs_V_537_fu_8336          |   32|   0|   32|          0|
    |local_regs_V_538_fu_8332          |   32|   0|   32|          0|
    |local_regs_V_539_fu_8328          |   32|   0|   32|          0|
    |local_regs_V_53_fu_10272          |   32|   0|   32|          0|
    |local_regs_V_540_fu_8324          |   32|   0|   32|          0|
    |local_regs_V_541_fu_8320          |   32|   0|   32|          0|
    |local_regs_V_542_fu_8316          |   32|   0|   32|          0|
    |local_regs_V_543_fu_8312          |   32|   0|   32|          0|
    |local_regs_V_544_fu_8308          |   32|   0|   32|          0|
    |local_regs_V_545_fu_8304          |   32|   0|   32|          0|
    |local_regs_V_546_fu_8300          |   32|   0|   32|          0|
    |local_regs_V_547_fu_8296          |   32|   0|   32|          0|
    |local_regs_V_548_fu_8292          |   32|   0|   32|          0|
    |local_regs_V_549_fu_8288          |   32|   0|   32|          0|
    |local_regs_V_54_fu_10268          |   32|   0|   32|          0|
    |local_regs_V_550_fu_8284          |   32|   0|   32|          0|
    |local_regs_V_551_fu_8280          |   32|   0|   32|          0|
    |local_regs_V_552_fu_8276          |   32|   0|   32|          0|
    |local_regs_V_553_fu_8272          |   32|   0|   32|          0|
    |local_regs_V_554_fu_8268          |   32|   0|   32|          0|
    |local_regs_V_555_fu_8264          |   32|   0|   32|          0|
    |local_regs_V_556_fu_8260          |   32|   0|   32|          0|
    |local_regs_V_557_fu_8256          |   32|   0|   32|          0|
    |local_regs_V_558_fu_8252          |   32|   0|   32|          0|
    |local_regs_V_559_fu_8248          |   32|   0|   32|          0|
    |local_regs_V_55_fu_10264          |   32|   0|   32|          0|
    |local_regs_V_560_fu_8244          |   32|   0|   32|          0|
    |local_regs_V_561_fu_8240          |   32|   0|   32|          0|
    |local_regs_V_562_fu_8236          |   32|   0|   32|          0|
    |local_regs_V_563_fu_8232          |   32|   0|   32|          0|
    |local_regs_V_564_fu_8228          |   32|   0|   32|          0|
    |local_regs_V_565_fu_8224          |   32|   0|   32|          0|
    |local_regs_V_566_fu_8220          |   32|   0|   32|          0|
    |local_regs_V_567_fu_8216          |   32|   0|   32|          0|
    |local_regs_V_568_fu_8212          |   32|   0|   32|          0|
    |local_regs_V_569_fu_8208          |   32|   0|   32|          0|
    |local_regs_V_56_fu_10260          |   32|   0|   32|          0|
    |local_regs_V_570_fu_8204          |   32|   0|   32|          0|
    |local_regs_V_571_fu_8200          |   32|   0|   32|          0|
    |local_regs_V_572_fu_8196          |   32|   0|   32|          0|
    |local_regs_V_573_fu_8192          |   32|   0|   32|          0|
    |local_regs_V_574_fu_8188          |   32|   0|   32|          0|
    |local_regs_V_575_fu_8184          |   32|   0|   32|          0|
    |local_regs_V_576_fu_8180          |   32|   0|   32|          0|
    |local_regs_V_577_fu_8176          |   32|   0|   32|          0|
    |local_regs_V_578_fu_8172          |   32|   0|   32|          0|
    |local_regs_V_579_fu_8168          |   32|   0|   32|          0|
    |local_regs_V_57_fu_10256          |   32|   0|   32|          0|
    |local_regs_V_580_fu_8164          |   32|   0|   32|          0|
    |local_regs_V_581_fu_8160          |   32|   0|   32|          0|
    |local_regs_V_582_fu_8156          |   32|   0|   32|          0|
    |local_regs_V_583_fu_8152          |   32|   0|   32|          0|
    |local_regs_V_584_fu_8148          |   32|   0|   32|          0|
    |local_regs_V_585_fu_8144          |   32|   0|   32|          0|
    |local_regs_V_586_fu_8140          |   32|   0|   32|          0|
    |local_regs_V_587_fu_8136          |   32|   0|   32|          0|
    |local_regs_V_588_fu_8132          |   32|   0|   32|          0|
    |local_regs_V_589_fu_8128          |   32|   0|   32|          0|
    |local_regs_V_58_fu_10252          |   32|   0|   32|          0|
    |local_regs_V_590_fu_8124          |   32|   0|   32|          0|
    |local_regs_V_591_fu_8120          |   32|   0|   32|          0|
    |local_regs_V_592_fu_8116          |   32|   0|   32|          0|
    |local_regs_V_593_fu_8112          |   32|   0|   32|          0|
    |local_regs_V_594_fu_8108          |   32|   0|   32|          0|
    |local_regs_V_595_fu_8104          |   32|   0|   32|          0|
    |local_regs_V_596_fu_8100          |   32|   0|   32|          0|
    |local_regs_V_597_fu_8096          |   32|   0|   32|          0|
    |local_regs_V_598_fu_8092          |   32|   0|   32|          0|
    |local_regs_V_599_fu_8088          |   32|   0|   32|          0|
    |local_regs_V_59_fu_10248          |   32|   0|   32|          0|
    |local_regs_V_5_fu_10464           |   32|   0|   32|          0|
    |local_regs_V_600_fu_8084          |   32|   0|   32|          0|
    |local_regs_V_601_fu_8080          |   32|   0|   32|          0|
    |local_regs_V_602_fu_8076          |   32|   0|   32|          0|
    |local_regs_V_603_fu_8072          |   32|   0|   32|          0|
    |local_regs_V_604_fu_8068          |   32|   0|   32|          0|
    |local_regs_V_605_fu_8064          |   32|   0|   32|          0|
    |local_regs_V_606_fu_8060          |   32|   0|   32|          0|
    |local_regs_V_607_fu_8056          |   32|   0|   32|          0|
    |local_regs_V_608_fu_8052          |   32|   0|   32|          0|
    |local_regs_V_609_fu_8048          |   32|   0|   32|          0|
    |local_regs_V_60_fu_10244          |   32|   0|   32|          0|
    |local_regs_V_610_fu_8044          |   32|   0|   32|          0|
    |local_regs_V_611_fu_8040          |   32|   0|   32|          0|
    |local_regs_V_612_fu_8036          |   32|   0|   32|          0|
    |local_regs_V_613_fu_8032          |   32|   0|   32|          0|
    |local_regs_V_614_fu_8028          |   32|   0|   32|          0|
    |local_regs_V_615_fu_8024          |   32|   0|   32|          0|
    |local_regs_V_616_fu_8020          |   32|   0|   32|          0|
    |local_regs_V_617_fu_8016          |   32|   0|   32|          0|
    |local_regs_V_618_fu_8012          |   32|   0|   32|          0|
    |local_regs_V_619_fu_8008          |   32|   0|   32|          0|
    |local_regs_V_61_fu_10240          |   32|   0|   32|          0|
    |local_regs_V_620_fu_8004          |   32|   0|   32|          0|
    |local_regs_V_621_fu_8000          |   32|   0|   32|          0|
    |local_regs_V_622_fu_7996          |   32|   0|   32|          0|
    |local_regs_V_623_fu_7992          |   32|   0|   32|          0|
    |local_regs_V_624_fu_7988          |   32|   0|   32|          0|
    |local_regs_V_625_fu_7984          |   32|   0|   32|          0|
    |local_regs_V_626_fu_7980          |   32|   0|   32|          0|
    |local_regs_V_627_fu_7976          |   32|   0|   32|          0|
    |local_regs_V_628_fu_7972          |   32|   0|   32|          0|
    |local_regs_V_629_fu_7968          |   32|   0|   32|          0|
    |local_regs_V_62_fu_10236          |   32|   0|   32|          0|
    |local_regs_V_630_fu_7964          |   32|   0|   32|          0|
    |local_regs_V_631_fu_7960          |   32|   0|   32|          0|
    |local_regs_V_632_fu_7956          |   32|   0|   32|          0|
    |local_regs_V_633_fu_7952          |   32|   0|   32|          0|
    |local_regs_V_634_fu_7948          |   32|   0|   32|          0|
    |local_regs_V_635_fu_7944          |   32|   0|   32|          0|
    |local_regs_V_636_fu_7940          |   32|   0|   32|          0|
    |local_regs_V_637_fu_7936          |   32|   0|   32|          0|
    |local_regs_V_638_fu_7932          |   32|   0|   32|          0|
    |local_regs_V_639_fu_7928          |   32|   0|   32|          0|
    |local_regs_V_63_fu_10232          |   32|   0|   32|          0|
    |local_regs_V_640_fu_7924          |   32|   0|   32|          0|
    |local_regs_V_641_fu_7920          |   32|   0|   32|          0|
    |local_regs_V_642_fu_7916          |   32|   0|   32|          0|
    |local_regs_V_643_fu_7912          |   32|   0|   32|          0|
    |local_regs_V_644_fu_7908          |   32|   0|   32|          0|
    |local_regs_V_645_fu_7904          |   32|   0|   32|          0|
    |local_regs_V_646_fu_7900          |   32|   0|   32|          0|
    |local_regs_V_647_fu_7896          |   32|   0|   32|          0|
    |local_regs_V_648_fu_7892          |   32|   0|   32|          0|
    |local_regs_V_649_fu_7888          |   32|   0|   32|          0|
    |local_regs_V_64_fu_10228          |   32|   0|   32|          0|
    |local_regs_V_650_fu_7884          |   32|   0|   32|          0|
    |local_regs_V_651_fu_7880          |   32|   0|   32|          0|
    |local_regs_V_652_fu_7876          |   32|   0|   32|          0|
    |local_regs_V_653_fu_7872          |   32|   0|   32|          0|
    |local_regs_V_654_fu_7868          |   32|   0|   32|          0|
    |local_regs_V_655_fu_7864          |   32|   0|   32|          0|
    |local_regs_V_656_fu_7860          |   32|   0|   32|          0|
    |local_regs_V_657_fu_7856          |   32|   0|   32|          0|
    |local_regs_V_658_fu_7852          |   32|   0|   32|          0|
    |local_regs_V_659_fu_7848          |   32|   0|   32|          0|
    |local_regs_V_65_fu_10224          |   32|   0|   32|          0|
    |local_regs_V_660_fu_7844          |   32|   0|   32|          0|
    |local_regs_V_661_fu_7840          |   32|   0|   32|          0|
    |local_regs_V_662_fu_7836          |   32|   0|   32|          0|
    |local_regs_V_663_fu_7832          |   32|   0|   32|          0|
    |local_regs_V_664_fu_7828          |   32|   0|   32|          0|
    |local_regs_V_665_fu_7824          |   32|   0|   32|          0|
    |local_regs_V_666_fu_7820          |   32|   0|   32|          0|
    |local_regs_V_667_fu_7816          |   32|   0|   32|          0|
    |local_regs_V_668_fu_7812          |   32|   0|   32|          0|
    |local_regs_V_669_fu_7808          |   32|   0|   32|          0|
    |local_regs_V_66_fu_10220          |   32|   0|   32|          0|
    |local_regs_V_670_fu_7804          |   32|   0|   32|          0|
    |local_regs_V_671_fu_7800          |   32|   0|   32|          0|
    |local_regs_V_672_fu_7796          |   32|   0|   32|          0|
    |local_regs_V_673_fu_7792          |   32|   0|   32|          0|
    |local_regs_V_674_fu_7788          |   32|   0|   32|          0|
    |local_regs_V_675_fu_7784          |   32|   0|   32|          0|
    |local_regs_V_676_fu_7780          |   32|   0|   32|          0|
    |local_regs_V_677_fu_7776          |   32|   0|   32|          0|
    |local_regs_V_678_fu_7772          |   32|   0|   32|          0|
    |local_regs_V_679_fu_7768          |   32|   0|   32|          0|
    |local_regs_V_67_fu_10216          |   32|   0|   32|          0|
    |local_regs_V_680_fu_7764          |   32|   0|   32|          0|
    |local_regs_V_681_fu_7760          |   32|   0|   32|          0|
    |local_regs_V_682_fu_7756          |   32|   0|   32|          0|
    |local_regs_V_683_fu_7752          |   32|   0|   32|          0|
    |local_regs_V_684_fu_7748          |   32|   0|   32|          0|
    |local_regs_V_685_fu_7744          |   32|   0|   32|          0|
    |local_regs_V_686_fu_7740          |   32|   0|   32|          0|
    |local_regs_V_687_fu_7736          |   32|   0|   32|          0|
    |local_regs_V_688_fu_7732          |   32|   0|   32|          0|
    |local_regs_V_689_fu_7728          |   32|   0|   32|          0|
    |local_regs_V_68_fu_10212          |   32|   0|   32|          0|
    |local_regs_V_690_fu_7724          |   32|   0|   32|          0|
    |local_regs_V_691_fu_7720          |   32|   0|   32|          0|
    |local_regs_V_692_fu_7716          |   32|   0|   32|          0|
    |local_regs_V_693_fu_7712          |   32|   0|   32|          0|
    |local_regs_V_694_fu_7708          |   32|   0|   32|          0|
    |local_regs_V_695_fu_7704          |   32|   0|   32|          0|
    |local_regs_V_696_fu_7700          |   32|   0|   32|          0|
    |local_regs_V_697_fu_7696          |   32|   0|   32|          0|
    |local_regs_V_698_fu_7692          |   32|   0|   32|          0|
    |local_regs_V_699_fu_7688          |   32|   0|   32|          0|
    |local_regs_V_69_fu_10208          |   32|   0|   32|          0|
    |local_regs_V_6_fu_10460           |   32|   0|   32|          0|
    |local_regs_V_700_fu_7684          |   32|   0|   32|          0|
    |local_regs_V_701_fu_7680          |   32|   0|   32|          0|
    |local_regs_V_702_fu_7676          |   32|   0|   32|          0|
    |local_regs_V_703_fu_7672          |   32|   0|   32|          0|
    |local_regs_V_704_fu_7668          |   32|   0|   32|          0|
    |local_regs_V_705_fu_7664          |   32|   0|   32|          0|
    |local_regs_V_706_fu_7660          |   32|   0|   32|          0|
    |local_regs_V_707_fu_7656          |   32|   0|   32|          0|
    |local_regs_V_708_fu_7652          |   32|   0|   32|          0|
    |local_regs_V_709_fu_7648          |   32|   0|   32|          0|
    |local_regs_V_70_fu_10204          |   32|   0|   32|          0|
    |local_regs_V_710_fu_7644          |   32|   0|   32|          0|
    |local_regs_V_711_fu_7640          |   32|   0|   32|          0|
    |local_regs_V_712_fu_7636          |   32|   0|   32|          0|
    |local_regs_V_713_fu_7632          |   32|   0|   32|          0|
    |local_regs_V_714_fu_7628          |   32|   0|   32|          0|
    |local_regs_V_715_fu_7624          |   32|   0|   32|          0|
    |local_regs_V_716_fu_7620          |   32|   0|   32|          0|
    |local_regs_V_717_fu_7616          |   32|   0|   32|          0|
    |local_regs_V_718_fu_7612          |   32|   0|   32|          0|
    |local_regs_V_719_fu_7608          |   32|   0|   32|          0|
    |local_regs_V_71_fu_10200          |   32|   0|   32|          0|
    |local_regs_V_720_fu_7604          |   32|   0|   32|          0|
    |local_regs_V_721_fu_7600          |   32|   0|   32|          0|
    |local_regs_V_722_fu_7596          |   32|   0|   32|          0|
    |local_regs_V_723_fu_7592          |   32|   0|   32|          0|
    |local_regs_V_724_fu_7588          |   32|   0|   32|          0|
    |local_regs_V_725_fu_7584          |   32|   0|   32|          0|
    |local_regs_V_726_fu_7580          |   32|   0|   32|          0|
    |local_regs_V_727_fu_7576          |   32|   0|   32|          0|
    |local_regs_V_728_fu_7572          |   32|   0|   32|          0|
    |local_regs_V_729_fu_7568          |   32|   0|   32|          0|
    |local_regs_V_72_fu_10196          |   32|   0|   32|          0|
    |local_regs_V_730_fu_7564          |   32|   0|   32|          0|
    |local_regs_V_731_fu_7560          |   32|   0|   32|          0|
    |local_regs_V_732_fu_7556          |   32|   0|   32|          0|
    |local_regs_V_733_fu_7552          |   32|   0|   32|          0|
    |local_regs_V_734_fu_7548          |   32|   0|   32|          0|
    |local_regs_V_735_fu_7544          |   32|   0|   32|          0|
    |local_regs_V_736_fu_7540          |   32|   0|   32|          0|
    |local_regs_V_737_fu_7536          |   32|   0|   32|          0|
    |local_regs_V_738_fu_7532          |   32|   0|   32|          0|
    |local_regs_V_739_fu_7528          |   32|   0|   32|          0|
    |local_regs_V_73_fu_10192          |   32|   0|   32|          0|
    |local_regs_V_740_fu_7524          |   32|   0|   32|          0|
    |local_regs_V_741_fu_7520          |   32|   0|   32|          0|
    |local_regs_V_742_fu_7516          |   32|   0|   32|          0|
    |local_regs_V_743_fu_7512          |   32|   0|   32|          0|
    |local_regs_V_744_fu_7508          |   32|   0|   32|          0|
    |local_regs_V_745_fu_7504          |   32|   0|   32|          0|
    |local_regs_V_746_fu_7500          |   32|   0|   32|          0|
    |local_regs_V_747_fu_7496          |   32|   0|   32|          0|
    |local_regs_V_748_fu_7492          |   32|   0|   32|          0|
    |local_regs_V_749_fu_7488          |   32|   0|   32|          0|
    |local_regs_V_74_fu_10188          |   32|   0|   32|          0|
    |local_regs_V_750_fu_7484          |   32|   0|   32|          0|
    |local_regs_V_751_fu_7480          |   32|   0|   32|          0|
    |local_regs_V_752_fu_7476          |   32|   0|   32|          0|
    |local_regs_V_753_fu_7472          |   32|   0|   32|          0|
    |local_regs_V_754_fu_7468          |   32|   0|   32|          0|
    |local_regs_V_755_fu_7464          |   32|   0|   32|          0|
    |local_regs_V_756_fu_7460          |   32|   0|   32|          0|
    |local_regs_V_757_fu_7456          |   32|   0|   32|          0|
    |local_regs_V_758_fu_7452          |   32|   0|   32|          0|
    |local_regs_V_759_fu_7448          |   32|   0|   32|          0|
    |local_regs_V_75_fu_10184          |   32|   0|   32|          0|
    |local_regs_V_760_fu_7444          |   32|   0|   32|          0|
    |local_regs_V_761_fu_7440          |   32|   0|   32|          0|
    |local_regs_V_762_fu_7436          |   32|   0|   32|          0|
    |local_regs_V_763_fu_7432          |   32|   0|   32|          0|
    |local_regs_V_764_fu_7428          |   32|   0|   32|          0|
    |local_regs_V_765_fu_7424          |   32|   0|   32|          0|
    |local_regs_V_766_fu_7420          |   32|   0|   32|          0|
    |local_regs_V_767_fu_7416          |   32|   0|   32|          0|
    |local_regs_V_768_fu_7412          |   32|   0|   32|          0|
    |local_regs_V_769_fu_7408          |   32|   0|   32|          0|
    |local_regs_V_76_fu_10180          |   32|   0|   32|          0|
    |local_regs_V_770_fu_7404          |   32|   0|   32|          0|
    |local_regs_V_771_fu_7400          |   32|   0|   32|          0|
    |local_regs_V_772_fu_7396          |   32|   0|   32|          0|
    |local_regs_V_773_fu_7392          |   32|   0|   32|          0|
    |local_regs_V_774_fu_7388          |   32|   0|   32|          0|
    |local_regs_V_775_fu_7384          |   32|   0|   32|          0|
    |local_regs_V_776_fu_7380          |   32|   0|   32|          0|
    |local_regs_V_777_fu_7376          |   32|   0|   32|          0|
    |local_regs_V_778_fu_7372          |   32|   0|   32|          0|
    |local_regs_V_779_fu_7368          |   32|   0|   32|          0|
    |local_regs_V_77_fu_10176          |   32|   0|   32|          0|
    |local_regs_V_780_fu_7364          |   32|   0|   32|          0|
    |local_regs_V_781_fu_7360          |   32|   0|   32|          0|
    |local_regs_V_782_fu_7356          |   32|   0|   32|          0|
    |local_regs_V_783_fu_7352          |   32|   0|   32|          0|
    |local_regs_V_784_fu_7348          |   32|   0|   32|          0|
    |local_regs_V_785_fu_7344          |   32|   0|   32|          0|
    |local_regs_V_786_fu_7340          |   32|   0|   32|          0|
    |local_regs_V_787_fu_7336          |   32|   0|   32|          0|
    |local_regs_V_788_fu_7332          |   32|   0|   32|          0|
    |local_regs_V_789_fu_7328          |   32|   0|   32|          0|
    |local_regs_V_78_fu_10172          |   32|   0|   32|          0|
    |local_regs_V_790_fu_7324          |   32|   0|   32|          0|
    |local_regs_V_791_fu_7320          |   32|   0|   32|          0|
    |local_regs_V_792_fu_7316          |   32|   0|   32|          0|
    |local_regs_V_793_fu_7312          |   32|   0|   32|          0|
    |local_regs_V_794_fu_7308          |   32|   0|   32|          0|
    |local_regs_V_795_fu_7304          |   32|   0|   32|          0|
    |local_regs_V_796_fu_7300          |   32|   0|   32|          0|
    |local_regs_V_797_fu_7296          |   32|   0|   32|          0|
    |local_regs_V_798_fu_7292          |   32|   0|   32|          0|
    |local_regs_V_799_fu_7288          |   32|   0|   32|          0|
    |local_regs_V_79_fu_10168          |   32|   0|   32|          0|
    |local_regs_V_7_fu_10456           |   32|   0|   32|          0|
    |local_regs_V_800_fu_7284          |   32|   0|   32|          0|
    |local_regs_V_801_fu_7280          |   32|   0|   32|          0|
    |local_regs_V_802_fu_7276          |   32|   0|   32|          0|
    |local_regs_V_803_fu_7272          |   32|   0|   32|          0|
    |local_regs_V_804_fu_7268          |   32|   0|   32|          0|
    |local_regs_V_805_fu_7264          |   32|   0|   32|          0|
    |local_regs_V_806_fu_7260          |   32|   0|   32|          0|
    |local_regs_V_807_fu_7256          |   32|   0|   32|          0|
    |local_regs_V_808_fu_7252          |   32|   0|   32|          0|
    |local_regs_V_809_fu_7248          |   32|   0|   32|          0|
    |local_regs_V_80_fu_10164          |   32|   0|   32|          0|
    |local_regs_V_810_fu_7244          |   32|   0|   32|          0|
    |local_regs_V_811_fu_7240          |   32|   0|   32|          0|
    |local_regs_V_812_fu_7236          |   32|   0|   32|          0|
    |local_regs_V_813_fu_7232          |   32|   0|   32|          0|
    |local_regs_V_814_fu_7228          |   32|   0|   32|          0|
    |local_regs_V_815_fu_7224          |   32|   0|   32|          0|
    |local_regs_V_816_fu_7220          |   32|   0|   32|          0|
    |local_regs_V_817_fu_7216          |   32|   0|   32|          0|
    |local_regs_V_818_fu_7212          |   32|   0|   32|          0|
    |local_regs_V_819_fu_7208          |   32|   0|   32|          0|
    |local_regs_V_81_fu_10160          |   32|   0|   32|          0|
    |local_regs_V_820_fu_7204          |   32|   0|   32|          0|
    |local_regs_V_821_fu_7200          |   32|   0|   32|          0|
    |local_regs_V_822_fu_7196          |   32|   0|   32|          0|
    |local_regs_V_823_fu_7192          |   32|   0|   32|          0|
    |local_regs_V_824_fu_7188          |   32|   0|   32|          0|
    |local_regs_V_825_fu_7184          |   32|   0|   32|          0|
    |local_regs_V_826_fu_7180          |   32|   0|   32|          0|
    |local_regs_V_827_fu_7176          |   32|   0|   32|          0|
    |local_regs_V_828_fu_7172          |   32|   0|   32|          0|
    |local_regs_V_829_fu_7168          |   32|   0|   32|          0|
    |local_regs_V_82_fu_10156          |   32|   0|   32|          0|
    |local_regs_V_830_fu_7164          |   32|   0|   32|          0|
    |local_regs_V_831_fu_7160          |   32|   0|   32|          0|
    |local_regs_V_832_fu_7156          |   32|   0|   32|          0|
    |local_regs_V_833_fu_7152          |   32|   0|   32|          0|
    |local_regs_V_834_fu_7148          |   32|   0|   32|          0|
    |local_regs_V_835_fu_7144          |   32|   0|   32|          0|
    |local_regs_V_836_fu_7140          |   32|   0|   32|          0|
    |local_regs_V_837_fu_7136          |   32|   0|   32|          0|
    |local_regs_V_838_fu_7132          |   32|   0|   32|          0|
    |local_regs_V_839_fu_7128          |   32|   0|   32|          0|
    |local_regs_V_83_fu_10152          |   32|   0|   32|          0|
    |local_regs_V_840_fu_7124          |   32|   0|   32|          0|
    |local_regs_V_841_fu_7120          |   32|   0|   32|          0|
    |local_regs_V_842_fu_7116          |   32|   0|   32|          0|
    |local_regs_V_843_fu_7112          |   32|   0|   32|          0|
    |local_regs_V_844_fu_7108          |   32|   0|   32|          0|
    |local_regs_V_845_fu_7104          |   32|   0|   32|          0|
    |local_regs_V_846_fu_7100          |   32|   0|   32|          0|
    |local_regs_V_847_fu_7096          |   32|   0|   32|          0|
    |local_regs_V_848_fu_7092          |   32|   0|   32|          0|
    |local_regs_V_849_fu_7088          |   32|   0|   32|          0|
    |local_regs_V_84_fu_10148          |   32|   0|   32|          0|
    |local_regs_V_850_fu_7084          |   32|   0|   32|          0|
    |local_regs_V_851_fu_7080          |   32|   0|   32|          0|
    |local_regs_V_852_fu_7076          |   32|   0|   32|          0|
    |local_regs_V_853_fu_7072          |   32|   0|   32|          0|
    |local_regs_V_854_fu_7068          |   32|   0|   32|          0|
    |local_regs_V_855_fu_7064          |   32|   0|   32|          0|
    |local_regs_V_856_fu_7060          |   32|   0|   32|          0|
    |local_regs_V_857_fu_7056          |   32|   0|   32|          0|
    |local_regs_V_858_fu_7052          |   32|   0|   32|          0|
    |local_regs_V_859_fu_7048          |   32|   0|   32|          0|
    |local_regs_V_85_fu_10144          |   32|   0|   32|          0|
    |local_regs_V_860_fu_7044          |   32|   0|   32|          0|
    |local_regs_V_861_fu_7040          |   32|   0|   32|          0|
    |local_regs_V_862_fu_7036          |   32|   0|   32|          0|
    |local_regs_V_863_fu_7032          |   32|   0|   32|          0|
    |local_regs_V_864_fu_7028          |   32|   0|   32|          0|
    |local_regs_V_865_fu_7024          |   32|   0|   32|          0|
    |local_regs_V_866_fu_7020          |   32|   0|   32|          0|
    |local_regs_V_867_fu_7016          |   32|   0|   32|          0|
    |local_regs_V_868_fu_7012          |   32|   0|   32|          0|
    |local_regs_V_869_fu_7008          |   32|   0|   32|          0|
    |local_regs_V_86_fu_10140          |   32|   0|   32|          0|
    |local_regs_V_870_fu_7004          |   32|   0|   32|          0|
    |local_regs_V_871_fu_7000          |   32|   0|   32|          0|
    |local_regs_V_872_fu_6996          |   32|   0|   32|          0|
    |local_regs_V_873_fu_6992          |   32|   0|   32|          0|
    |local_regs_V_874_fu_6988          |   32|   0|   32|          0|
    |local_regs_V_875_fu_6984          |   32|   0|   32|          0|
    |local_regs_V_876_fu_6980          |   32|   0|   32|          0|
    |local_regs_V_877_fu_6976          |   32|   0|   32|          0|
    |local_regs_V_878_fu_6972          |   32|   0|   32|          0|
    |local_regs_V_879_fu_6968          |   32|   0|   32|          0|
    |local_regs_V_87_fu_10136          |   32|   0|   32|          0|
    |local_regs_V_880_fu_6964          |   32|   0|   32|          0|
    |local_regs_V_881_fu_6960          |   32|   0|   32|          0|
    |local_regs_V_882_fu_6956          |   32|   0|   32|          0|
    |local_regs_V_883_fu_6952          |   32|   0|   32|          0|
    |local_regs_V_884_fu_6948          |   32|   0|   32|          0|
    |local_regs_V_885_fu_6944          |   32|   0|   32|          0|
    |local_regs_V_886_fu_6940          |   32|   0|   32|          0|
    |local_regs_V_887_fu_6936          |   32|   0|   32|          0|
    |local_regs_V_888_fu_6932          |   32|   0|   32|          0|
    |local_regs_V_889_fu_6928          |   32|   0|   32|          0|
    |local_regs_V_88_fu_10132          |   32|   0|   32|          0|
    |local_regs_V_890_fu_6924          |   32|   0|   32|          0|
    |local_regs_V_891_fu_6920          |   32|   0|   32|          0|
    |local_regs_V_892_fu_6916          |   32|   0|   32|          0|
    |local_regs_V_893_fu_6912          |   32|   0|   32|          0|
    |local_regs_V_894_fu_6908          |   32|   0|   32|          0|
    |local_regs_V_895_fu_6904          |   32|   0|   32|          0|
    |local_regs_V_896_fu_6900          |   32|   0|   32|          0|
    |local_regs_V_897_fu_6896          |   32|   0|   32|          0|
    |local_regs_V_898_fu_6892          |   32|   0|   32|          0|
    |local_regs_V_899_fu_6888          |   32|   0|   32|          0|
    |local_regs_V_89_fu_10128          |   32|   0|   32|          0|
    |local_regs_V_8_fu_10452           |   32|   0|   32|          0|
    |local_regs_V_900_fu_6884          |   32|   0|   32|          0|
    |local_regs_V_901_fu_6880          |   32|   0|   32|          0|
    |local_regs_V_902_fu_6876          |   32|   0|   32|          0|
    |local_regs_V_903_fu_6872          |   32|   0|   32|          0|
    |local_regs_V_904_fu_6868          |   32|   0|   32|          0|
    |local_regs_V_905_fu_6864          |   32|   0|   32|          0|
    |local_regs_V_906_fu_6860          |   32|   0|   32|          0|
    |local_regs_V_907_fu_6856          |   32|   0|   32|          0|
    |local_regs_V_908_fu_6852          |   32|   0|   32|          0|
    |local_regs_V_909_fu_6848          |   32|   0|   32|          0|
    |local_regs_V_90_fu_10124          |   32|   0|   32|          0|
    |local_regs_V_910_fu_6844          |   32|   0|   32|          0|
    |local_regs_V_911_fu_6840          |   32|   0|   32|          0|
    |local_regs_V_912_fu_6836          |   32|   0|   32|          0|
    |local_regs_V_913_fu_6832          |   32|   0|   32|          0|
    |local_regs_V_914_fu_6828          |   32|   0|   32|          0|
    |local_regs_V_915_fu_6824          |   32|   0|   32|          0|
    |local_regs_V_916_fu_6820          |   32|   0|   32|          0|
    |local_regs_V_917_fu_6816          |   32|   0|   32|          0|
    |local_regs_V_918_fu_6812          |   32|   0|   32|          0|
    |local_regs_V_919_fu_6808          |   32|   0|   32|          0|
    |local_regs_V_91_fu_10120          |   32|   0|   32|          0|
    |local_regs_V_920_fu_6804          |   32|   0|   32|          0|
    |local_regs_V_921_fu_6800          |   32|   0|   32|          0|
    |local_regs_V_922_fu_6796          |   32|   0|   32|          0|
    |local_regs_V_923_fu_6792          |   32|   0|   32|          0|
    |local_regs_V_924_fu_6788          |   32|   0|   32|          0|
    |local_regs_V_925_fu_6784          |   32|   0|   32|          0|
    |local_regs_V_926_fu_6780          |   32|   0|   32|          0|
    |local_regs_V_927_fu_6776          |   32|   0|   32|          0|
    |local_regs_V_928_fu_6772          |   32|   0|   32|          0|
    |local_regs_V_929_fu_6768          |   32|   0|   32|          0|
    |local_regs_V_92_fu_10116          |   32|   0|   32|          0|
    |local_regs_V_930_fu_6764          |   32|   0|   32|          0|
    |local_regs_V_931_fu_6760          |   32|   0|   32|          0|
    |local_regs_V_932_fu_6756          |   32|   0|   32|          0|
    |local_regs_V_933_fu_6752          |   32|   0|   32|          0|
    |local_regs_V_934_fu_6748          |   32|   0|   32|          0|
    |local_regs_V_935_fu_6744          |   32|   0|   32|          0|
    |local_regs_V_936_fu_6740          |   32|   0|   32|          0|
    |local_regs_V_937_fu_6736          |   32|   0|   32|          0|
    |local_regs_V_938_fu_6732          |   32|   0|   32|          0|
    |local_regs_V_939_fu_6728          |   32|   0|   32|          0|
    |local_regs_V_93_fu_10112          |   32|   0|   32|          0|
    |local_regs_V_940_fu_6724          |   32|   0|   32|          0|
    |local_regs_V_941_fu_6720          |   32|   0|   32|          0|
    |local_regs_V_942_fu_6716          |   32|   0|   32|          0|
    |local_regs_V_943_fu_6712          |   32|   0|   32|          0|
    |local_regs_V_944_fu_6708          |   32|   0|   32|          0|
    |local_regs_V_945_fu_6704          |   32|   0|   32|          0|
    |local_regs_V_946_fu_6700          |   32|   0|   32|          0|
    |local_regs_V_947_fu_6696          |   32|   0|   32|          0|
    |local_regs_V_948_fu_6692          |   32|   0|   32|          0|
    |local_regs_V_949_fu_6688          |   32|   0|   32|          0|
    |local_regs_V_94_fu_10108          |   32|   0|   32|          0|
    |local_regs_V_950_fu_6684          |   32|   0|   32|          0|
    |local_regs_V_951_fu_6680          |   32|   0|   32|          0|
    |local_regs_V_952_fu_6676          |   32|   0|   32|          0|
    |local_regs_V_953_fu_6672          |   32|   0|   32|          0|
    |local_regs_V_954_fu_6668          |   32|   0|   32|          0|
    |local_regs_V_955_fu_6664          |   32|   0|   32|          0|
    |local_regs_V_956_fu_6660          |   32|   0|   32|          0|
    |local_regs_V_957_fu_6656          |   32|   0|   32|          0|
    |local_regs_V_958_fu_6652          |   32|   0|   32|          0|
    |local_regs_V_959_fu_6648          |   32|   0|   32|          0|
    |local_regs_V_95_fu_10104          |   32|   0|   32|          0|
    |local_regs_V_960_fu_6644          |   32|   0|   32|          0|
    |local_regs_V_961_fu_6640          |   32|   0|   32|          0|
    |local_regs_V_962_fu_6636          |   32|   0|   32|          0|
    |local_regs_V_963_fu_6632          |   32|   0|   32|          0|
    |local_regs_V_964_fu_6628          |   32|   0|   32|          0|
    |local_regs_V_965_fu_6624          |   32|   0|   32|          0|
    |local_regs_V_966_fu_6620          |   32|   0|   32|          0|
    |local_regs_V_967_fu_6616          |   32|   0|   32|          0|
    |local_regs_V_968_fu_6612          |   32|   0|   32|          0|
    |local_regs_V_969_fu_6608          |   32|   0|   32|          0|
    |local_regs_V_96_fu_10100          |   32|   0|   32|          0|
    |local_regs_V_970_fu_6604          |   32|   0|   32|          0|
    |local_regs_V_971_fu_6600          |   32|   0|   32|          0|
    |local_regs_V_972_fu_6596          |   32|   0|   32|          0|
    |local_regs_V_973_fu_6592          |   32|   0|   32|          0|
    |local_regs_V_974_fu_6588          |   32|   0|   32|          0|
    |local_regs_V_975_fu_6584          |   32|   0|   32|          0|
    |local_regs_V_976_fu_6580          |   32|   0|   32|          0|
    |local_regs_V_977_fu_6576          |   32|   0|   32|          0|
    |local_regs_V_978_fu_6572          |   32|   0|   32|          0|
    |local_regs_V_979_fu_6568          |   32|   0|   32|          0|
    |local_regs_V_97_fu_10096          |   32|   0|   32|          0|
    |local_regs_V_980_fu_6564          |   32|   0|   32|          0|
    |local_regs_V_981_fu_6560          |   32|   0|   32|          0|
    |local_regs_V_982_fu_6556          |   32|   0|   32|          0|
    |local_regs_V_983_fu_6552          |   32|   0|   32|          0|
    |local_regs_V_984_fu_6548          |   32|   0|   32|          0|
    |local_regs_V_985_fu_6544          |   32|   0|   32|          0|
    |local_regs_V_986_fu_6540          |   32|   0|   32|          0|
    |local_regs_V_987_fu_6536          |   32|   0|   32|          0|
    |local_regs_V_988_fu_6532          |   32|   0|   32|          0|
    |local_regs_V_989_fu_6528          |   32|   0|   32|          0|
    |local_regs_V_98_fu_10092          |   32|   0|   32|          0|
    |local_regs_V_990_fu_6524          |   32|   0|   32|          0|
    |local_regs_V_991_fu_6520          |   32|   0|   32|          0|
    |local_regs_V_992_fu_6516          |   32|   0|   32|          0|
    |local_regs_V_993_fu_6512          |   32|   0|   32|          0|
    |local_regs_V_994_fu_6508          |   32|   0|   32|          0|
    |local_regs_V_995_fu_6504          |   32|   0|   32|          0|
    |local_regs_V_996_fu_6500          |   32|   0|   32|          0|
    |local_regs_V_997_fu_6496          |   32|   0|   32|          0|
    |local_regs_V_998_fu_6492          |   32|   0|   32|          0|
    |local_regs_V_999_fu_6488          |   32|   0|   32|          0|
    |local_regs_V_99_fu_10088          |   32|   0|   32|          0|
    |local_regs_V_9_fu_10448           |   32|   0|   32|          0|
    |local_regs_V_fu_10484             |   32|   0|   32|          0|
    |icmp_ln65_reg_58832               |   64|  32|    1|          0|
    +----------------------------------+-----+----+-----+-----------+
    |Total                             |33104|  32|33041|          0|
    +----------------------------------+-----+----+-----+-----------+



================================================================
== Interface
================================================================
* Summary: 
+----------------------------------+-----+-----+------------+----------------------------------+--------------+
|             RTL Ports            | Dir | Bits|  Protocol  |           Source Object          |    C Type    |
+----------------------------------+-----+-----+------------+----------------------------------+--------------+
|ap_clk                            |   in|    1|  ap_ctrl_hs|   compute_systolic_Pipeline_Pulse|  return value|
|ap_rst                            |   in|    1|  ap_ctrl_hs|   compute_systolic_Pipeline_Pulse|  return value|
|ap_start                          |   in|    1|  ap_ctrl_hs|   compute_systolic_Pipeline_Pulse|  return value|
|ap_done                           |  out|    1|  ap_ctrl_hs|   compute_systolic_Pipeline_Pulse|  return value|
|ap_idle                           |  out|    1|  ap_ctrl_hs|   compute_systolic_Pipeline_Pulse|  return value|
|ap_ready                          |  out|    1|  ap_ctrl_hs|   compute_systolic_Pipeline_Pulse|  return value|
|local_regs_V_1023_0_reload        |   in|   32|     ap_none|        local_regs_V_1023_0_reload|        scalar|
|local_regs_31_30_promoted_reload  |   in|   32|     ap_none|  local_regs_31_30_promoted_reload|        scalar|
|local_regs_31_29_promoted_reload  |   in|   32|     ap_none|  local_regs_31_29_promoted_reload|        scalar|
|local_regs_31_28_promoted_reload  |   in|   32|     ap_none|  local_regs_31_28_promoted_reload|        scalar|
|local_regs_31_27_promoted_reload  |   in|   32|     ap_none|  local_regs_31_27_promoted_reload|        scalar|
|local_regs_31_26_promoted_reload  |   in|   32|     ap_none|  local_regs_31_26_promoted_reload|        scalar|
|local_regs_31_25_promoted_reload  |   in|   32|     ap_none|  local_regs_31_25_promoted_reload|        scalar|
|local_regs_31_24_promoted_reload  |   in|   32|     ap_none|  local_regs_31_24_promoted_reload|        scalar|
|local_regs_31_23_promoted_reload  |   in|   32|     ap_none|  local_regs_31_23_promoted_reload|        scalar|
|local_regs_31_22_promoted_reload  |   in|   32|     ap_none|  local_regs_31_22_promoted_reload|        scalar|
|local_regs_31_21_promoted_reload  |   in|   32|     ap_none|  local_regs_31_21_promoted_reload|        scalar|
|local_regs_31_20_promoted_reload  |   in|   32|     ap_none|  local_regs_31_20_promoted_reload|        scalar|
|local_regs_31_19_promoted_reload  |   in|   32|     ap_none|  local_regs_31_19_promoted_reload|        scalar|
|local_regs_31_18_promoted_reload  |   in|   32|     ap_none|  local_regs_31_18_promoted_reload|        scalar|
|local_regs_31_17_promoted_reload  |   in|   32|     ap_none|  local_regs_31_17_promoted_reload|        scalar|
|local_regs_31_16_promoted_reload  |   in|   32|     ap_none|  local_regs_31_16_promoted_reload|        scalar|
|local_regs_31_15_promoted_reload  |   in|   32|     ap_none|  local_regs_31_15_promoted_reload|        scalar|
|local_regs_31_14_promoted_reload  |   in|   32|     ap_none|  local_regs_31_14_promoted_reload|        scalar|
|local_regs_31_13_promoted_reload  |   in|   32|     ap_none|  local_regs_31_13_promoted_reload|        scalar|
|local_regs_31_12_promoted_reload  |   in|   32|     ap_none|  local_regs_31_12_promoted_reload|        scalar|
|local_regs_31_11_promoted_reload  |   in|   32|     ap_none|  local_regs_31_11_promoted_reload|        scalar|
|local_regs_31_10_promoted_reload  |   in|   32|     ap_none|  local_regs_31_10_promoted_reload|        scalar|
|local_regs_31_9_promoted_reload   |   in|   32|     ap_none|   local_regs_31_9_promoted_reload|        scalar|
|local_regs_31_8_promoted_reload   |   in|   32|     ap_none|   local_regs_31_8_promoted_reload|        scalar|
|local_regs_31_7_promoted_reload   |   in|   32|     ap_none|   local_regs_31_7_promoted_reload|        scalar|
|local_regs_31_6_promoted_reload   |   in|   32|     ap_none|   local_regs_31_6_promoted_reload|        scalar|
|local_regs_31_5_promoted_reload   |   in|   32|     ap_none|   local_regs_31_5_promoted_reload|        scalar|
|local_regs_31_4_promoted_reload   |   in|   32|     ap_none|   local_regs_31_4_promoted_reload|        scalar|
|local_regs_31_3_promoted_reload   |   in|   32|     ap_none|   local_regs_31_3_promoted_reload|        scalar|
|local_regs_31_2_promoted_reload   |   in|   32|     ap_none|   local_regs_31_2_promoted_reload|        scalar|
|local_regs_31_1_promoted_reload   |   in|   32|     ap_none|   local_regs_31_1_promoted_reload|        scalar|
|local_regs_31_0_promoted_reload   |   in|   32|     ap_none|   local_regs_31_0_promoted_reload|        scalar|
|local_regs_30_31_promoted_reload  |   in|   32|     ap_none|  local_regs_30_31_promoted_reload|        scalar|
|local_regs_30_30_promoted_reload  |   in|   32|     ap_none|  local_regs_30_30_promoted_reload|        scalar|
|local_regs_30_29_promoted_reload  |   in|   32|     ap_none|  local_regs_30_29_promoted_reload|        scalar|
|local_regs_30_28_promoted_reload  |   in|   32|     ap_none|  local_regs_30_28_promoted_reload|        scalar|
|local_regs_30_27_promoted_reload  |   in|   32|     ap_none|  local_regs_30_27_promoted_reload|        scalar|
|local_regs_30_26_promoted_reload  |   in|   32|     ap_none|  local_regs_30_26_promoted_reload|        scalar|
|local_regs_30_25_promoted_reload  |   in|   32|     ap_none|  local_regs_30_25_promoted_reload|        scalar|
|local_regs_30_24_promoted_reload  |   in|   32|     ap_none|  local_regs_30_24_promoted_reload|        scalar|
|local_regs_30_23_promoted_reload  |   in|   32|     ap_none|  local_regs_30_23_promoted_reload|        scalar|
|local_regs_30_22_promoted_reload  |   in|   32|     ap_none|  local_regs_30_22_promoted_reload|        scalar|
|local_regs_30_21_promoted_reload  |   in|   32|     ap_none|  local_regs_30_21_promoted_reload|        scalar|
|local_regs_30_20_promoted_reload  |   in|   32|     ap_none|  local_regs_30_20_promoted_reload|        scalar|
|local_regs_30_19_promoted_reload  |   in|   32|     ap_none|  local_regs_30_19_promoted_reload|        scalar|
|local_regs_30_18_promoted_reload  |   in|   32|     ap_none|  local_regs_30_18_promoted_reload|        scalar|
|local_regs_30_17_promoted_reload  |   in|   32|     ap_none|  local_regs_30_17_promoted_reload|        scalar|
|local_regs_30_16_promoted_reload  |   in|   32|     ap_none|  local_regs_30_16_promoted_reload|        scalar|
|local_regs_30_15_promoted_reload  |   in|   32|     ap_none|  local_regs_30_15_promoted_reload|        scalar|
|local_regs_30_14_promoted_reload  |   in|   32|     ap_none|  local_regs_30_14_promoted_reload|        scalar|
|local_regs_30_13_promoted_reload  |   in|   32|     ap_none|  local_regs_30_13_promoted_reload|        scalar|
|local_regs_30_12_promoted_reload  |   in|   32|     ap_none|  local_regs_30_12_promoted_reload|        scalar|
|local_regs_30_11_promoted_reload  |   in|   32|     ap_none|  local_regs_30_11_promoted_reload|        scalar|
|local_regs_30_10_promoted_reload  |   in|   32|     ap_none|  local_regs_30_10_promoted_reload|        scalar|
|local_regs_30_9_promoted_reload   |   in|   32|     ap_none|   local_regs_30_9_promoted_reload|        scalar|
|local_regs_30_8_promoted_reload   |   in|   32|     ap_none|   local_regs_30_8_promoted_reload|        scalar|
|local_regs_30_7_promoted_reload   |   in|   32|     ap_none|   local_regs_30_7_promoted_reload|        scalar|
|local_regs_30_6_promoted_reload   |   in|   32|     ap_none|   local_regs_30_6_promoted_reload|        scalar|
|local_regs_30_5_promoted_reload   |   in|   32|     ap_none|   local_regs_30_5_promoted_reload|        scalar|
|local_regs_30_4_promoted_reload   |   in|   32|     ap_none|   local_regs_30_4_promoted_reload|        scalar|
|local_regs_30_3_promoted_reload   |   in|   32|     ap_none|   local_regs_30_3_promoted_reload|        scalar|
|local_regs_30_2_promoted_reload   |   in|   32|     ap_none|   local_regs_30_2_promoted_reload|        scalar|
|local_regs_30_1_promoted_reload   |   in|   32|     ap_none|   local_regs_30_1_promoted_reload|        scalar|
|local_regs_30_0_promoted_reload   |   in|   32|     ap_none|   local_regs_30_0_promoted_reload|        scalar|
|local_regs_29_31_promoted_reload  |   in|   32|     ap_none|  local_regs_29_31_promoted_reload|        scalar|
|local_regs_29_30_promoted_reload  |   in|   32|     ap_none|  local_regs_29_30_promoted_reload|        scalar|
|local_regs_29_29_promoted_reload  |   in|   32|     ap_none|  local_regs_29_29_promoted_reload|        scalar|
|local_regs_29_28_promoted_reload  |   in|   32|     ap_none|  local_regs_29_28_promoted_reload|        scalar|
|local_regs_29_27_promoted_reload  |   in|   32|     ap_none|  local_regs_29_27_promoted_reload|        scalar|
|local_regs_29_26_promoted_reload  |   in|   32|     ap_none|  local_regs_29_26_promoted_reload|        scalar|
|local_regs_29_25_promoted_reload  |   in|   32|     ap_none|  local_regs_29_25_promoted_reload|        scalar|
|local_regs_29_24_promoted_reload  |   in|   32|     ap_none|  local_regs_29_24_promoted_reload|        scalar|
|local_regs_29_23_promoted_reload  |   in|   32|     ap_none|  local_regs_29_23_promoted_reload|        scalar|
|local_regs_29_22_promoted_reload  |   in|   32|     ap_none|  local_regs_29_22_promoted_reload|        scalar|
|local_regs_29_21_promoted_reload  |   in|   32|     ap_none|  local_regs_29_21_promoted_reload|        scalar|
|local_regs_29_20_promoted_reload  |   in|   32|     ap_none|  local_regs_29_20_promoted_reload|        scalar|
|local_regs_29_19_promoted_reload  |   in|   32|     ap_none|  local_regs_29_19_promoted_reload|        scalar|
|local_regs_29_18_promoted_reload  |   in|   32|     ap_none|  local_regs_29_18_promoted_reload|        scalar|
|local_regs_29_17_promoted_reload  |   in|   32|     ap_none|  local_regs_29_17_promoted_reload|        scalar|
|local_regs_29_16_promoted_reload  |   in|   32|     ap_none|  local_regs_29_16_promoted_reload|        scalar|
|local_regs_29_15_promoted_reload  |   in|   32|     ap_none|  local_regs_29_15_promoted_reload|        scalar|
|local_regs_29_14_promoted_reload  |   in|   32|     ap_none|  local_regs_29_14_promoted_reload|        scalar|
|local_regs_29_13_promoted_reload  |   in|   32|     ap_none|  local_regs_29_13_promoted_reload|        scalar|
|local_regs_29_12_promoted_reload  |   in|   32|     ap_none|  local_regs_29_12_promoted_reload|        scalar|
|local_regs_29_11_promoted_reload  |   in|   32|     ap_none|  local_regs_29_11_promoted_reload|        scalar|
|local_regs_29_10_promoted_reload  |   in|   32|     ap_none|  local_regs_29_10_promoted_reload|        scalar|
|local_regs_29_9_promoted_reload   |   in|   32|     ap_none|   local_regs_29_9_promoted_reload|        scalar|
|local_regs_29_8_promoted_reload   |   in|   32|     ap_none|   local_regs_29_8_promoted_reload|        scalar|
|local_regs_29_7_promoted_reload   |   in|   32|     ap_none|   local_regs_29_7_promoted_reload|        scalar|
|local_regs_29_6_promoted_reload   |   in|   32|     ap_none|   local_regs_29_6_promoted_reload|        scalar|
|local_regs_29_5_promoted_reload   |   in|   32|     ap_none|   local_regs_29_5_promoted_reload|        scalar|
|local_regs_29_4_promoted_reload   |   in|   32|     ap_none|   local_regs_29_4_promoted_reload|        scalar|
|local_regs_29_3_promoted_reload   |   in|   32|     ap_none|   local_regs_29_3_promoted_reload|        scalar|
|local_regs_29_2_promoted_reload   |   in|   32|     ap_none|   local_regs_29_2_promoted_reload|        scalar|
|local_regs_29_1_promoted_reload   |   in|   32|     ap_none|   local_regs_29_1_promoted_reload|        scalar|
|local_regs_29_0_promoted_reload   |   in|   32|     ap_none|   local_regs_29_0_promoted_reload|        scalar|
|local_regs_28_31_promoted_reload  |   in|   32|     ap_none|  local_regs_28_31_promoted_reload|        scalar|
|local_regs_28_30_promoted_reload  |   in|   32|     ap_none|  local_regs_28_30_promoted_reload|        scalar|
|local_regs_28_29_promoted_reload  |   in|   32|     ap_none|  local_regs_28_29_promoted_reload|        scalar|
|local_regs_28_28_promoted_reload  |   in|   32|     ap_none|  local_regs_28_28_promoted_reload|        scalar|
|local_regs_28_27_promoted_reload  |   in|   32|     ap_none|  local_regs_28_27_promoted_reload|        scalar|
|local_regs_28_26_promoted_reload  |   in|   32|     ap_none|  local_regs_28_26_promoted_reload|        scalar|
|local_regs_28_25_promoted_reload  |   in|   32|     ap_none|  local_regs_28_25_promoted_reload|        scalar|
|local_regs_28_24_promoted_reload  |   in|   32|     ap_none|  local_regs_28_24_promoted_reload|        scalar|
|local_regs_28_23_promoted_reload  |   in|   32|     ap_none|  local_regs_28_23_promoted_reload|        scalar|
|local_regs_28_22_promoted_reload  |   in|   32|     ap_none|  local_regs_28_22_promoted_reload|        scalar|
|local_regs_28_21_promoted_reload  |   in|   32|     ap_none|  local_regs_28_21_promoted_reload|        scalar|
|local_regs_28_20_promoted_reload  |   in|   32|     ap_none|  local_regs_28_20_promoted_reload|        scalar|
|local_regs_28_19_promoted_reload  |   in|   32|     ap_none|  local_regs_28_19_promoted_reload|        scalar|
|local_regs_28_18_promoted_reload  |   in|   32|     ap_none|  local_regs_28_18_promoted_reload|        scalar|
|local_regs_28_17_promoted_reload  |   in|   32|     ap_none|  local_regs_28_17_promoted_reload|        scalar|
|local_regs_28_16_promoted_reload  |   in|   32|     ap_none|  local_regs_28_16_promoted_reload|        scalar|
|local_regs_28_15_promoted_reload  |   in|   32|     ap_none|  local_regs_28_15_promoted_reload|        scalar|
|local_regs_28_14_promoted_reload  |   in|   32|     ap_none|  local_regs_28_14_promoted_reload|        scalar|
|local_regs_28_13_promoted_reload  |   in|   32|     ap_none|  local_regs_28_13_promoted_reload|        scalar|
|local_regs_28_12_promoted_reload  |   in|   32|     ap_none|  local_regs_28_12_promoted_reload|        scalar|
|local_regs_28_11_promoted_reload  |   in|   32|     ap_none|  local_regs_28_11_promoted_reload|        scalar|
|local_regs_28_10_promoted_reload  |   in|   32|     ap_none|  local_regs_28_10_promoted_reload|        scalar|
|local_regs_28_9_promoted_reload   |   in|   32|     ap_none|   local_regs_28_9_promoted_reload|        scalar|
|local_regs_28_8_promoted_reload   |   in|   32|     ap_none|   local_regs_28_8_promoted_reload|        scalar|
|local_regs_28_7_promoted_reload   |   in|   32|     ap_none|   local_regs_28_7_promoted_reload|        scalar|
|local_regs_28_6_promoted_reload   |   in|   32|     ap_none|   local_regs_28_6_promoted_reload|        scalar|
|local_regs_28_5_promoted_reload   |   in|   32|     ap_none|   local_regs_28_5_promoted_reload|        scalar|
|local_regs_28_4_promoted_reload   |   in|   32|     ap_none|   local_regs_28_4_promoted_reload|        scalar|
|local_regs_28_3_promoted_reload   |   in|   32|     ap_none|   local_regs_28_3_promoted_reload|        scalar|
|local_regs_28_2_promoted_reload   |   in|   32|     ap_none|   local_regs_28_2_promoted_reload|        scalar|
|local_regs_28_1_promoted_reload   |   in|   32|     ap_none|   local_regs_28_1_promoted_reload|        scalar|
|local_regs_28_0_promoted_reload   |   in|   32|     ap_none|   local_regs_28_0_promoted_reload|        scalar|
|local_regs_27_31_promoted_reload  |   in|   32|     ap_none|  local_regs_27_31_promoted_reload|        scalar|
|local_regs_27_30_promoted_reload  |   in|   32|     ap_none|  local_regs_27_30_promoted_reload|        scalar|
|local_regs_27_29_promoted_reload  |   in|   32|     ap_none|  local_regs_27_29_promoted_reload|        scalar|
|local_regs_27_28_promoted_reload  |   in|   32|     ap_none|  local_regs_27_28_promoted_reload|        scalar|
|local_regs_27_27_promoted_reload  |   in|   32|     ap_none|  local_regs_27_27_promoted_reload|        scalar|
|local_regs_27_26_promoted_reload  |   in|   32|     ap_none|  local_regs_27_26_promoted_reload|        scalar|
|local_regs_27_25_promoted_reload  |   in|   32|     ap_none|  local_regs_27_25_promoted_reload|        scalar|
|local_regs_27_24_promoted_reload  |   in|   32|     ap_none|  local_regs_27_24_promoted_reload|        scalar|
|local_regs_27_23_promoted_reload  |   in|   32|     ap_none|  local_regs_27_23_promoted_reload|        scalar|
|local_regs_27_22_promoted_reload  |   in|   32|     ap_none|  local_regs_27_22_promoted_reload|        scalar|
|local_regs_27_21_promoted_reload  |   in|   32|     ap_none|  local_regs_27_21_promoted_reload|        scalar|
|local_regs_27_20_promoted_reload  |   in|   32|     ap_none|  local_regs_27_20_promoted_reload|        scalar|
|local_regs_27_19_promoted_reload  |   in|   32|     ap_none|  local_regs_27_19_promoted_reload|        scalar|
|local_regs_27_18_promoted_reload  |   in|   32|     ap_none|  local_regs_27_18_promoted_reload|        scalar|
|local_regs_27_17_promoted_reload  |   in|   32|     ap_none|  local_regs_27_17_promoted_reload|        scalar|
|local_regs_27_16_promoted_reload  |   in|   32|     ap_none|  local_regs_27_16_promoted_reload|        scalar|
|local_regs_27_15_promoted_reload  |   in|   32|     ap_none|  local_regs_27_15_promoted_reload|        scalar|
|local_regs_27_14_promoted_reload  |   in|   32|     ap_none|  local_regs_27_14_promoted_reload|        scalar|
|local_regs_27_13_promoted_reload  |   in|   32|     ap_none|  local_regs_27_13_promoted_reload|        scalar|
|local_regs_27_12_promoted_reload  |   in|   32|     ap_none|  local_regs_27_12_promoted_reload|        scalar|
|local_regs_27_11_promoted_reload  |   in|   32|     ap_none|  local_regs_27_11_promoted_reload|        scalar|
|local_regs_27_10_promoted_reload  |   in|   32|     ap_none|  local_regs_27_10_promoted_reload|        scalar|
|local_regs_27_9_promoted_reload   |   in|   32|     ap_none|   local_regs_27_9_promoted_reload|        scalar|
|local_regs_27_8_promoted_reload   |   in|   32|     ap_none|   local_regs_27_8_promoted_reload|        scalar|
|local_regs_27_7_promoted_reload   |   in|   32|     ap_none|   local_regs_27_7_promoted_reload|        scalar|
|local_regs_27_6_promoted_reload   |   in|   32|     ap_none|   local_regs_27_6_promoted_reload|        scalar|
|local_regs_27_5_promoted_reload   |   in|   32|     ap_none|   local_regs_27_5_promoted_reload|        scalar|
|local_regs_27_4_promoted_reload   |   in|   32|     ap_none|   local_regs_27_4_promoted_reload|        scalar|
|local_regs_27_3_promoted_reload   |   in|   32|     ap_none|   local_regs_27_3_promoted_reload|        scalar|
|local_regs_27_2_promoted_reload   |   in|   32|     ap_none|   local_regs_27_2_promoted_reload|        scalar|
|local_regs_27_1_promoted_reload   |   in|   32|     ap_none|   local_regs_27_1_promoted_reload|        scalar|
|local_regs_27_0_promoted_reload   |   in|   32|     ap_none|   local_regs_27_0_promoted_reload|        scalar|
|local_regs_26_31_promoted_reload  |   in|   32|     ap_none|  local_regs_26_31_promoted_reload|        scalar|
|local_regs_26_30_promoted_reload  |   in|   32|     ap_none|  local_regs_26_30_promoted_reload|        scalar|
|local_regs_26_29_promoted_reload  |   in|   32|     ap_none|  local_regs_26_29_promoted_reload|        scalar|
|local_regs_26_28_promoted_reload  |   in|   32|     ap_none|  local_regs_26_28_promoted_reload|        scalar|
|local_regs_26_27_promoted_reload  |   in|   32|     ap_none|  local_regs_26_27_promoted_reload|        scalar|
|local_regs_26_26_promoted_reload  |   in|   32|     ap_none|  local_regs_26_26_promoted_reload|        scalar|
|local_regs_26_25_promoted_reload  |   in|   32|     ap_none|  local_regs_26_25_promoted_reload|        scalar|
|local_regs_26_24_promoted_reload  |   in|   32|     ap_none|  local_regs_26_24_promoted_reload|        scalar|
|local_regs_26_23_promoted_reload  |   in|   32|     ap_none|  local_regs_26_23_promoted_reload|        scalar|
|local_regs_26_22_promoted_reload  |   in|   32|     ap_none|  local_regs_26_22_promoted_reload|        scalar|
|local_regs_26_21_promoted_reload  |   in|   32|     ap_none|  local_regs_26_21_promoted_reload|        scalar|
|local_regs_26_20_promoted_reload  |   in|   32|     ap_none|  local_regs_26_20_promoted_reload|        scalar|
|local_regs_26_19_promoted_reload  |   in|   32|     ap_none|  local_regs_26_19_promoted_reload|        scalar|
|local_regs_26_18_promoted_reload  |   in|   32|     ap_none|  local_regs_26_18_promoted_reload|        scalar|
|local_regs_26_17_promoted_reload  |   in|   32|     ap_none|  local_regs_26_17_promoted_reload|        scalar|
|local_regs_26_16_promoted_reload  |   in|   32|     ap_none|  local_regs_26_16_promoted_reload|        scalar|
|local_regs_26_15_promoted_reload  |   in|   32|     ap_none|  local_regs_26_15_promoted_reload|        scalar|
|local_regs_26_14_promoted_reload  |   in|   32|     ap_none|  local_regs_26_14_promoted_reload|        scalar|
|local_regs_26_13_promoted_reload  |   in|   32|     ap_none|  local_regs_26_13_promoted_reload|        scalar|
|local_regs_26_12_promoted_reload  |   in|   32|     ap_none|  local_regs_26_12_promoted_reload|        scalar|
|local_regs_26_11_promoted_reload  |   in|   32|     ap_none|  local_regs_26_11_promoted_reload|        scalar|
|local_regs_26_10_promoted_reload  |   in|   32|     ap_none|  local_regs_26_10_promoted_reload|        scalar|
|local_regs_26_9_promoted_reload   |   in|   32|     ap_none|   local_regs_26_9_promoted_reload|        scalar|
|local_regs_26_8_promoted_reload   |   in|   32|     ap_none|   local_regs_26_8_promoted_reload|        scalar|
|local_regs_26_7_promoted_reload   |   in|   32|     ap_none|   local_regs_26_7_promoted_reload|        scalar|
|local_regs_26_6_promoted_reload   |   in|   32|     ap_none|   local_regs_26_6_promoted_reload|        scalar|
|local_regs_26_5_promoted_reload   |   in|   32|     ap_none|   local_regs_26_5_promoted_reload|        scalar|
|local_regs_26_4_promoted_reload   |   in|   32|     ap_none|   local_regs_26_4_promoted_reload|        scalar|
|local_regs_26_3_promoted_reload   |   in|   32|     ap_none|   local_regs_26_3_promoted_reload|        scalar|
|local_regs_26_2_promoted_reload   |   in|   32|     ap_none|   local_regs_26_2_promoted_reload|        scalar|
|local_regs_26_1_promoted_reload   |   in|   32|     ap_none|   local_regs_26_1_promoted_reload|        scalar|
|local_regs_26_0_promoted_reload   |   in|   32|     ap_none|   local_regs_26_0_promoted_reload|        scalar|
|local_regs_25_31_promoted_reload  |   in|   32|     ap_none|  local_regs_25_31_promoted_reload|        scalar|
|local_regs_25_30_promoted_reload  |   in|   32|     ap_none|  local_regs_25_30_promoted_reload|        scalar|
|local_regs_25_29_promoted_reload  |   in|   32|     ap_none|  local_regs_25_29_promoted_reload|        scalar|
|local_regs_25_28_promoted_reload  |   in|   32|     ap_none|  local_regs_25_28_promoted_reload|        scalar|
|local_regs_25_27_promoted_reload  |   in|   32|     ap_none|  local_regs_25_27_promoted_reload|        scalar|
|local_regs_25_26_promoted_reload  |   in|   32|     ap_none|  local_regs_25_26_promoted_reload|        scalar|
|local_regs_25_25_promoted_reload  |   in|   32|     ap_none|  local_regs_25_25_promoted_reload|        scalar|
|local_regs_25_24_promoted_reload  |   in|   32|     ap_none|  local_regs_25_24_promoted_reload|        scalar|
|local_regs_25_23_promoted_reload  |   in|   32|     ap_none|  local_regs_25_23_promoted_reload|        scalar|
|local_regs_25_22_promoted_reload  |   in|   32|     ap_none|  local_regs_25_22_promoted_reload|        scalar|
|local_regs_25_21_promoted_reload  |   in|   32|     ap_none|  local_regs_25_21_promoted_reload|        scalar|
|local_regs_25_20_promoted_reload  |   in|   32|     ap_none|  local_regs_25_20_promoted_reload|        scalar|
|local_regs_25_19_promoted_reload  |   in|   32|     ap_none|  local_regs_25_19_promoted_reload|        scalar|
|local_regs_25_18_promoted_reload  |   in|   32|     ap_none|  local_regs_25_18_promoted_reload|        scalar|
|local_regs_25_17_promoted_reload  |   in|   32|     ap_none|  local_regs_25_17_promoted_reload|        scalar|
|local_regs_25_16_promoted_reload  |   in|   32|     ap_none|  local_regs_25_16_promoted_reload|        scalar|
|local_regs_25_15_promoted_reload  |   in|   32|     ap_none|  local_regs_25_15_promoted_reload|        scalar|
|local_regs_25_14_promoted_reload  |   in|   32|     ap_none|  local_regs_25_14_promoted_reload|        scalar|
|local_regs_25_13_promoted_reload  |   in|   32|     ap_none|  local_regs_25_13_promoted_reload|        scalar|
|local_regs_25_12_promoted_reload  |   in|   32|     ap_none|  local_regs_25_12_promoted_reload|        scalar|
|local_regs_25_11_promoted_reload  |   in|   32|     ap_none|  local_regs_25_11_promoted_reload|        scalar|
|local_regs_25_10_promoted_reload  |   in|   32|     ap_none|  local_regs_25_10_promoted_reload|        scalar|
|local_regs_25_9_promoted_reload   |   in|   32|     ap_none|   local_regs_25_9_promoted_reload|        scalar|
|local_regs_25_8_promoted_reload   |   in|   32|     ap_none|   local_regs_25_8_promoted_reload|        scalar|
|local_regs_25_7_promoted_reload   |   in|   32|     ap_none|   local_regs_25_7_promoted_reload|        scalar|
|local_regs_25_6_promoted_reload   |   in|   32|     ap_none|   local_regs_25_6_promoted_reload|        scalar|
|local_regs_25_5_promoted_reload   |   in|   32|     ap_none|   local_regs_25_5_promoted_reload|        scalar|
|local_regs_25_4_promoted_reload   |   in|   32|     ap_none|   local_regs_25_4_promoted_reload|        scalar|
|local_regs_25_3_promoted_reload   |   in|   32|     ap_none|   local_regs_25_3_promoted_reload|        scalar|
|local_regs_25_2_promoted_reload   |   in|   32|     ap_none|   local_regs_25_2_promoted_reload|        scalar|
|local_regs_25_1_promoted_reload   |   in|   32|     ap_none|   local_regs_25_1_promoted_reload|        scalar|
|local_regs_25_0_promoted_reload   |   in|   32|     ap_none|   local_regs_25_0_promoted_reload|        scalar|
|local_regs_24_31_promoted_reload  |   in|   32|     ap_none|  local_regs_24_31_promoted_reload|        scalar|
|local_regs_24_30_promoted_reload  |   in|   32|     ap_none|  local_regs_24_30_promoted_reload|        scalar|
|local_regs_24_29_promoted_reload  |   in|   32|     ap_none|  local_regs_24_29_promoted_reload|        scalar|
|local_regs_24_28_promoted_reload  |   in|   32|     ap_none|  local_regs_24_28_promoted_reload|        scalar|
|local_regs_24_27_promoted_reload  |   in|   32|     ap_none|  local_regs_24_27_promoted_reload|        scalar|
|local_regs_24_26_promoted_reload  |   in|   32|     ap_none|  local_regs_24_26_promoted_reload|        scalar|
|local_regs_24_25_promoted_reload  |   in|   32|     ap_none|  local_regs_24_25_promoted_reload|        scalar|
|local_regs_24_24_promoted_reload  |   in|   32|     ap_none|  local_regs_24_24_promoted_reload|        scalar|
|local_regs_24_23_promoted_reload  |   in|   32|     ap_none|  local_regs_24_23_promoted_reload|        scalar|
|local_regs_24_22_promoted_reload  |   in|   32|     ap_none|  local_regs_24_22_promoted_reload|        scalar|
|local_regs_24_21_promoted_reload  |   in|   32|     ap_none|  local_regs_24_21_promoted_reload|        scalar|
|local_regs_24_20_promoted_reload  |   in|   32|     ap_none|  local_regs_24_20_promoted_reload|        scalar|
|local_regs_24_19_promoted_reload  |   in|   32|     ap_none|  local_regs_24_19_promoted_reload|        scalar|
|local_regs_24_18_promoted_reload  |   in|   32|     ap_none|  local_regs_24_18_promoted_reload|        scalar|
|local_regs_24_17_promoted_reload  |   in|   32|     ap_none|  local_regs_24_17_promoted_reload|        scalar|
|local_regs_24_16_promoted_reload  |   in|   32|     ap_none|  local_regs_24_16_promoted_reload|        scalar|
|local_regs_24_15_promoted_reload  |   in|   32|     ap_none|  local_regs_24_15_promoted_reload|        scalar|
|local_regs_24_14_promoted_reload  |   in|   32|     ap_none|  local_regs_24_14_promoted_reload|        scalar|
|local_regs_24_13_promoted_reload  |   in|   32|     ap_none|  local_regs_24_13_promoted_reload|        scalar|
|local_regs_24_12_promoted_reload  |   in|   32|     ap_none|  local_regs_24_12_promoted_reload|        scalar|
|local_regs_24_11_promoted_reload  |   in|   32|     ap_none|  local_regs_24_11_promoted_reload|        scalar|
|local_regs_24_10_promoted_reload  |   in|   32|     ap_none|  local_regs_24_10_promoted_reload|        scalar|
|local_regs_24_9_promoted_reload   |   in|   32|     ap_none|   local_regs_24_9_promoted_reload|        scalar|
|local_regs_24_8_promoted_reload   |   in|   32|     ap_none|   local_regs_24_8_promoted_reload|        scalar|
|local_regs_24_7_promoted_reload   |   in|   32|     ap_none|   local_regs_24_7_promoted_reload|        scalar|
|local_regs_24_6_promoted_reload   |   in|   32|     ap_none|   local_regs_24_6_promoted_reload|        scalar|
|local_regs_24_5_promoted_reload   |   in|   32|     ap_none|   local_regs_24_5_promoted_reload|        scalar|
|local_regs_24_4_promoted_reload   |   in|   32|     ap_none|   local_regs_24_4_promoted_reload|        scalar|
|local_regs_24_3_promoted_reload   |   in|   32|     ap_none|   local_regs_24_3_promoted_reload|        scalar|
|local_regs_24_2_promoted_reload   |   in|   32|     ap_none|   local_regs_24_2_promoted_reload|        scalar|
|local_regs_24_1_promoted_reload   |   in|   32|     ap_none|   local_regs_24_1_promoted_reload|        scalar|
|local_regs_24_0_promoted_reload   |   in|   32|     ap_none|   local_regs_24_0_promoted_reload|        scalar|
|local_regs_23_31_promoted_reload  |   in|   32|     ap_none|  local_regs_23_31_promoted_reload|        scalar|
|local_regs_23_30_promoted_reload  |   in|   32|     ap_none|  local_regs_23_30_promoted_reload|        scalar|
|local_regs_23_29_promoted_reload  |   in|   32|     ap_none|  local_regs_23_29_promoted_reload|        scalar|
|local_regs_23_28_promoted_reload  |   in|   32|     ap_none|  local_regs_23_28_promoted_reload|        scalar|
|local_regs_23_27_promoted_reload  |   in|   32|     ap_none|  local_regs_23_27_promoted_reload|        scalar|
|local_regs_23_26_promoted_reload  |   in|   32|     ap_none|  local_regs_23_26_promoted_reload|        scalar|
|local_regs_23_25_promoted_reload  |   in|   32|     ap_none|  local_regs_23_25_promoted_reload|        scalar|
|local_regs_23_24_promoted_reload  |   in|   32|     ap_none|  local_regs_23_24_promoted_reload|        scalar|
|local_regs_23_23_promoted_reload  |   in|   32|     ap_none|  local_regs_23_23_promoted_reload|        scalar|
|local_regs_23_22_promoted_reload  |   in|   32|     ap_none|  local_regs_23_22_promoted_reload|        scalar|
|local_regs_23_21_promoted_reload  |   in|   32|     ap_none|  local_regs_23_21_promoted_reload|        scalar|
|local_regs_23_20_promoted_reload  |   in|   32|     ap_none|  local_regs_23_20_promoted_reload|        scalar|
|local_regs_23_19_promoted_reload  |   in|   32|     ap_none|  local_regs_23_19_promoted_reload|        scalar|
|local_regs_23_18_promoted_reload  |   in|   32|     ap_none|  local_regs_23_18_promoted_reload|        scalar|
|local_regs_23_17_promoted_reload  |   in|   32|     ap_none|  local_regs_23_17_promoted_reload|        scalar|
|local_regs_23_16_promoted_reload  |   in|   32|     ap_none|  local_regs_23_16_promoted_reload|        scalar|
|local_regs_23_15_promoted_reload  |   in|   32|     ap_none|  local_regs_23_15_promoted_reload|        scalar|
|local_regs_23_14_promoted_reload  |   in|   32|     ap_none|  local_regs_23_14_promoted_reload|        scalar|
|local_regs_23_13_promoted_reload  |   in|   32|     ap_none|  local_regs_23_13_promoted_reload|        scalar|
|local_regs_23_12_promoted_reload  |   in|   32|     ap_none|  local_regs_23_12_promoted_reload|        scalar|
|local_regs_23_11_promoted_reload  |   in|   32|     ap_none|  local_regs_23_11_promoted_reload|        scalar|
|local_regs_23_10_promoted_reload  |   in|   32|     ap_none|  local_regs_23_10_promoted_reload|        scalar|
|local_regs_23_9_promoted_reload   |   in|   32|     ap_none|   local_regs_23_9_promoted_reload|        scalar|
|local_regs_23_8_promoted_reload   |   in|   32|     ap_none|   local_regs_23_8_promoted_reload|        scalar|
|local_regs_23_7_promoted_reload   |   in|   32|     ap_none|   local_regs_23_7_promoted_reload|        scalar|
|local_regs_23_6_promoted_reload   |   in|   32|     ap_none|   local_regs_23_6_promoted_reload|        scalar|
|local_regs_23_5_promoted_reload   |   in|   32|     ap_none|   local_regs_23_5_promoted_reload|        scalar|
|local_regs_23_4_promoted_reload   |   in|   32|     ap_none|   local_regs_23_4_promoted_reload|        scalar|
|local_regs_23_3_promoted_reload   |   in|   32|     ap_none|   local_regs_23_3_promoted_reload|        scalar|
|local_regs_23_2_promoted_reload   |   in|   32|     ap_none|   local_regs_23_2_promoted_reload|        scalar|
|local_regs_23_1_promoted_reload   |   in|   32|     ap_none|   local_regs_23_1_promoted_reload|        scalar|
|local_regs_23_0_promoted_reload   |   in|   32|     ap_none|   local_regs_23_0_promoted_reload|        scalar|
|local_regs_22_31_promoted_reload  |   in|   32|     ap_none|  local_regs_22_31_promoted_reload|        scalar|
|local_regs_22_30_promoted_reload  |   in|   32|     ap_none|  local_regs_22_30_promoted_reload|        scalar|
|local_regs_22_29_promoted_reload  |   in|   32|     ap_none|  local_regs_22_29_promoted_reload|        scalar|
|local_regs_22_28_promoted_reload  |   in|   32|     ap_none|  local_regs_22_28_promoted_reload|        scalar|
|local_regs_22_27_promoted_reload  |   in|   32|     ap_none|  local_regs_22_27_promoted_reload|        scalar|
|local_regs_22_26_promoted_reload  |   in|   32|     ap_none|  local_regs_22_26_promoted_reload|        scalar|
|local_regs_22_25_promoted_reload  |   in|   32|     ap_none|  local_regs_22_25_promoted_reload|        scalar|
|local_regs_22_24_promoted_reload  |   in|   32|     ap_none|  local_regs_22_24_promoted_reload|        scalar|
|local_regs_22_23_promoted_reload  |   in|   32|     ap_none|  local_regs_22_23_promoted_reload|        scalar|
|local_regs_22_22_promoted_reload  |   in|   32|     ap_none|  local_regs_22_22_promoted_reload|        scalar|
|local_regs_22_21_promoted_reload  |   in|   32|     ap_none|  local_regs_22_21_promoted_reload|        scalar|
|local_regs_22_20_promoted_reload  |   in|   32|     ap_none|  local_regs_22_20_promoted_reload|        scalar|
|local_regs_22_19_promoted_reload  |   in|   32|     ap_none|  local_regs_22_19_promoted_reload|        scalar|
|local_regs_22_18_promoted_reload  |   in|   32|     ap_none|  local_regs_22_18_promoted_reload|        scalar|
|local_regs_22_17_promoted_reload  |   in|   32|     ap_none|  local_regs_22_17_promoted_reload|        scalar|
|local_regs_22_16_promoted_reload  |   in|   32|     ap_none|  local_regs_22_16_promoted_reload|        scalar|
|local_regs_22_15_promoted_reload  |   in|   32|     ap_none|  local_regs_22_15_promoted_reload|        scalar|
|local_regs_22_14_promoted_reload  |   in|   32|     ap_none|  local_regs_22_14_promoted_reload|        scalar|
|local_regs_22_13_promoted_reload  |   in|   32|     ap_none|  local_regs_22_13_promoted_reload|        scalar|
|local_regs_22_12_promoted_reload  |   in|   32|     ap_none|  local_regs_22_12_promoted_reload|        scalar|
|local_regs_22_11_promoted_reload  |   in|   32|     ap_none|  local_regs_22_11_promoted_reload|        scalar|
|local_regs_22_10_promoted_reload  |   in|   32|     ap_none|  local_regs_22_10_promoted_reload|        scalar|
|local_regs_22_9_promoted_reload   |   in|   32|     ap_none|   local_regs_22_9_promoted_reload|        scalar|
|local_regs_22_8_promoted_reload   |   in|   32|     ap_none|   local_regs_22_8_promoted_reload|        scalar|
|local_regs_22_7_promoted_reload   |   in|   32|     ap_none|   local_regs_22_7_promoted_reload|        scalar|
|local_regs_22_6_promoted_reload   |   in|   32|     ap_none|   local_regs_22_6_promoted_reload|        scalar|
|local_regs_22_5_promoted_reload   |   in|   32|     ap_none|   local_regs_22_5_promoted_reload|        scalar|
|local_regs_22_4_promoted_reload   |   in|   32|     ap_none|   local_regs_22_4_promoted_reload|        scalar|
|local_regs_22_3_promoted_reload   |   in|   32|     ap_none|   local_regs_22_3_promoted_reload|        scalar|
|local_regs_22_2_promoted_reload   |   in|   32|     ap_none|   local_regs_22_2_promoted_reload|        scalar|
|local_regs_22_1_promoted_reload   |   in|   32|     ap_none|   local_regs_22_1_promoted_reload|        scalar|
|local_regs_22_0_promoted_reload   |   in|   32|     ap_none|   local_regs_22_0_promoted_reload|        scalar|
|local_regs_21_31_promoted_reload  |   in|   32|     ap_none|  local_regs_21_31_promoted_reload|        scalar|
|local_regs_21_30_promoted_reload  |   in|   32|     ap_none|  local_regs_21_30_promoted_reload|        scalar|
|local_regs_21_29_promoted_reload  |   in|   32|     ap_none|  local_regs_21_29_promoted_reload|        scalar|
|local_regs_21_28_promoted_reload  |   in|   32|     ap_none|  local_regs_21_28_promoted_reload|        scalar|
|local_regs_21_27_promoted_reload  |   in|   32|     ap_none|  local_regs_21_27_promoted_reload|        scalar|
|local_regs_21_26_promoted_reload  |   in|   32|     ap_none|  local_regs_21_26_promoted_reload|        scalar|
|local_regs_21_25_promoted_reload  |   in|   32|     ap_none|  local_regs_21_25_promoted_reload|        scalar|
|local_regs_21_24_promoted_reload  |   in|   32|     ap_none|  local_regs_21_24_promoted_reload|        scalar|
|local_regs_21_23_promoted_reload  |   in|   32|     ap_none|  local_regs_21_23_promoted_reload|        scalar|
|local_regs_21_22_promoted_reload  |   in|   32|     ap_none|  local_regs_21_22_promoted_reload|        scalar|
|local_regs_21_21_promoted_reload  |   in|   32|     ap_none|  local_regs_21_21_promoted_reload|        scalar|
|local_regs_21_20_promoted_reload  |   in|   32|     ap_none|  local_regs_21_20_promoted_reload|        scalar|
|local_regs_21_19_promoted_reload  |   in|   32|     ap_none|  local_regs_21_19_promoted_reload|        scalar|
|local_regs_21_18_promoted_reload  |   in|   32|     ap_none|  local_regs_21_18_promoted_reload|        scalar|
|local_regs_21_17_promoted_reload  |   in|   32|     ap_none|  local_regs_21_17_promoted_reload|        scalar|
|local_regs_21_16_promoted_reload  |   in|   32|     ap_none|  local_regs_21_16_promoted_reload|        scalar|
|local_regs_21_15_promoted_reload  |   in|   32|     ap_none|  local_regs_21_15_promoted_reload|        scalar|
|local_regs_21_14_promoted_reload  |   in|   32|     ap_none|  local_regs_21_14_promoted_reload|        scalar|
|local_regs_21_13_promoted_reload  |   in|   32|     ap_none|  local_regs_21_13_promoted_reload|        scalar|
|local_regs_21_12_promoted_reload  |   in|   32|     ap_none|  local_regs_21_12_promoted_reload|        scalar|
|local_regs_21_11_promoted_reload  |   in|   32|     ap_none|  local_regs_21_11_promoted_reload|        scalar|
|local_regs_21_10_promoted_reload  |   in|   32|     ap_none|  local_regs_21_10_promoted_reload|        scalar|
|local_regs_21_9_promoted_reload   |   in|   32|     ap_none|   local_regs_21_9_promoted_reload|        scalar|
|local_regs_21_8_promoted_reload   |   in|   32|     ap_none|   local_regs_21_8_promoted_reload|        scalar|
|local_regs_21_7_promoted_reload   |   in|   32|     ap_none|   local_regs_21_7_promoted_reload|        scalar|
|local_regs_21_6_promoted_reload   |   in|   32|     ap_none|   local_regs_21_6_promoted_reload|        scalar|
|local_regs_21_5_promoted_reload   |   in|   32|     ap_none|   local_regs_21_5_promoted_reload|        scalar|
|local_regs_21_4_promoted_reload   |   in|   32|     ap_none|   local_regs_21_4_promoted_reload|        scalar|
|local_regs_21_3_promoted_reload   |   in|   32|     ap_none|   local_regs_21_3_promoted_reload|        scalar|
|local_regs_21_2_promoted_reload   |   in|   32|     ap_none|   local_regs_21_2_promoted_reload|        scalar|
|local_regs_21_1_promoted_reload   |   in|   32|     ap_none|   local_regs_21_1_promoted_reload|        scalar|
|local_regs_21_0_promoted_reload   |   in|   32|     ap_none|   local_regs_21_0_promoted_reload|        scalar|
|local_regs_20_31_promoted_reload  |   in|   32|     ap_none|  local_regs_20_31_promoted_reload|        scalar|
|local_regs_20_30_promoted_reload  |   in|   32|     ap_none|  local_regs_20_30_promoted_reload|        scalar|
|local_regs_20_29_promoted_reload  |   in|   32|     ap_none|  local_regs_20_29_promoted_reload|        scalar|
|local_regs_20_28_promoted_reload  |   in|   32|     ap_none|  local_regs_20_28_promoted_reload|        scalar|
|local_regs_20_27_promoted_reload  |   in|   32|     ap_none|  local_regs_20_27_promoted_reload|        scalar|
|local_regs_20_26_promoted_reload  |   in|   32|     ap_none|  local_regs_20_26_promoted_reload|        scalar|
|local_regs_20_25_promoted_reload  |   in|   32|     ap_none|  local_regs_20_25_promoted_reload|        scalar|
|local_regs_20_24_promoted_reload  |   in|   32|     ap_none|  local_regs_20_24_promoted_reload|        scalar|
|local_regs_20_23_promoted_reload  |   in|   32|     ap_none|  local_regs_20_23_promoted_reload|        scalar|
|local_regs_20_22_promoted_reload  |   in|   32|     ap_none|  local_regs_20_22_promoted_reload|        scalar|
|local_regs_20_21_promoted_reload  |   in|   32|     ap_none|  local_regs_20_21_promoted_reload|        scalar|
|local_regs_20_20_promoted_reload  |   in|   32|     ap_none|  local_regs_20_20_promoted_reload|        scalar|
|local_regs_20_19_promoted_reload  |   in|   32|     ap_none|  local_regs_20_19_promoted_reload|        scalar|
|local_regs_20_18_promoted_reload  |   in|   32|     ap_none|  local_regs_20_18_promoted_reload|        scalar|
|local_regs_20_17_promoted_reload  |   in|   32|     ap_none|  local_regs_20_17_promoted_reload|        scalar|
|local_regs_20_16_promoted_reload  |   in|   32|     ap_none|  local_regs_20_16_promoted_reload|        scalar|
|local_regs_20_15_promoted_reload  |   in|   32|     ap_none|  local_regs_20_15_promoted_reload|        scalar|
|local_regs_20_14_promoted_reload  |   in|   32|     ap_none|  local_regs_20_14_promoted_reload|        scalar|
|local_regs_20_13_promoted_reload  |   in|   32|     ap_none|  local_regs_20_13_promoted_reload|        scalar|
|local_regs_20_12_promoted_reload  |   in|   32|     ap_none|  local_regs_20_12_promoted_reload|        scalar|
|local_regs_20_11_promoted_reload  |   in|   32|     ap_none|  local_regs_20_11_promoted_reload|        scalar|
|local_regs_20_10_promoted_reload  |   in|   32|     ap_none|  local_regs_20_10_promoted_reload|        scalar|
|local_regs_20_9_promoted_reload   |   in|   32|     ap_none|   local_regs_20_9_promoted_reload|        scalar|
|local_regs_20_8_promoted_reload   |   in|   32|     ap_none|   local_regs_20_8_promoted_reload|        scalar|
|local_regs_20_7_promoted_reload   |   in|   32|     ap_none|   local_regs_20_7_promoted_reload|        scalar|
|local_regs_20_6_promoted_reload   |   in|   32|     ap_none|   local_regs_20_6_promoted_reload|        scalar|
|local_regs_20_5_promoted_reload   |   in|   32|     ap_none|   local_regs_20_5_promoted_reload|        scalar|
|local_regs_20_4_promoted_reload   |   in|   32|     ap_none|   local_regs_20_4_promoted_reload|        scalar|
|local_regs_20_3_promoted_reload   |   in|   32|     ap_none|   local_regs_20_3_promoted_reload|        scalar|
|local_regs_20_2_promoted_reload   |   in|   32|     ap_none|   local_regs_20_2_promoted_reload|        scalar|
|local_regs_20_1_promoted_reload   |   in|   32|     ap_none|   local_regs_20_1_promoted_reload|        scalar|
|local_regs_20_0_promoted_reload   |   in|   32|     ap_none|   local_regs_20_0_promoted_reload|        scalar|
|local_regs_19_31_promoted_reload  |   in|   32|     ap_none|  local_regs_19_31_promoted_reload|        scalar|
|local_regs_19_30_promoted_reload  |   in|   32|     ap_none|  local_regs_19_30_promoted_reload|        scalar|
|local_regs_19_29_promoted_reload  |   in|   32|     ap_none|  local_regs_19_29_promoted_reload|        scalar|
|local_regs_19_28_promoted_reload  |   in|   32|     ap_none|  local_regs_19_28_promoted_reload|        scalar|
|local_regs_19_27_promoted_reload  |   in|   32|     ap_none|  local_regs_19_27_promoted_reload|        scalar|
|local_regs_19_26_promoted_reload  |   in|   32|     ap_none|  local_regs_19_26_promoted_reload|        scalar|
|local_regs_19_25_promoted_reload  |   in|   32|     ap_none|  local_regs_19_25_promoted_reload|        scalar|
|local_regs_19_24_promoted_reload  |   in|   32|     ap_none|  local_regs_19_24_promoted_reload|        scalar|
|local_regs_19_23_promoted_reload  |   in|   32|     ap_none|  local_regs_19_23_promoted_reload|        scalar|
|local_regs_19_22_promoted_reload  |   in|   32|     ap_none|  local_regs_19_22_promoted_reload|        scalar|
|local_regs_19_21_promoted_reload  |   in|   32|     ap_none|  local_regs_19_21_promoted_reload|        scalar|
|local_regs_19_20_promoted_reload  |   in|   32|     ap_none|  local_regs_19_20_promoted_reload|        scalar|
|local_regs_19_19_promoted_reload  |   in|   32|     ap_none|  local_regs_19_19_promoted_reload|        scalar|
|local_regs_19_18_promoted_reload  |   in|   32|     ap_none|  local_regs_19_18_promoted_reload|        scalar|
|local_regs_19_17_promoted_reload  |   in|   32|     ap_none|  local_regs_19_17_promoted_reload|        scalar|
|local_regs_19_16_promoted_reload  |   in|   32|     ap_none|  local_regs_19_16_promoted_reload|        scalar|
|local_regs_19_15_promoted_reload  |   in|   32|     ap_none|  local_regs_19_15_promoted_reload|        scalar|
|local_regs_19_14_promoted_reload  |   in|   32|     ap_none|  local_regs_19_14_promoted_reload|        scalar|
|local_regs_19_13_promoted_reload  |   in|   32|     ap_none|  local_regs_19_13_promoted_reload|        scalar|
|local_regs_19_12_promoted_reload  |   in|   32|     ap_none|  local_regs_19_12_promoted_reload|        scalar|
|local_regs_19_11_promoted_reload  |   in|   32|     ap_none|  local_regs_19_11_promoted_reload|        scalar|
|local_regs_19_10_promoted_reload  |   in|   32|     ap_none|  local_regs_19_10_promoted_reload|        scalar|
|local_regs_19_9_promoted_reload   |   in|   32|     ap_none|   local_regs_19_9_promoted_reload|        scalar|
|local_regs_19_8_promoted_reload   |   in|   32|     ap_none|   local_regs_19_8_promoted_reload|        scalar|
|local_regs_19_7_promoted_reload   |   in|   32|     ap_none|   local_regs_19_7_promoted_reload|        scalar|
|local_regs_19_6_promoted_reload   |   in|   32|     ap_none|   local_regs_19_6_promoted_reload|        scalar|
|local_regs_19_5_promoted_reload   |   in|   32|     ap_none|   local_regs_19_5_promoted_reload|        scalar|
|local_regs_19_4_promoted_reload   |   in|   32|     ap_none|   local_regs_19_4_promoted_reload|        scalar|
|local_regs_19_3_promoted_reload   |   in|   32|     ap_none|   local_regs_19_3_promoted_reload|        scalar|
|local_regs_19_2_promoted_reload   |   in|   32|     ap_none|   local_regs_19_2_promoted_reload|        scalar|
|local_regs_19_1_promoted_reload   |   in|   32|     ap_none|   local_regs_19_1_promoted_reload|        scalar|
|local_regs_19_0_promoted_reload   |   in|   32|     ap_none|   local_regs_19_0_promoted_reload|        scalar|
|local_regs_18_31_promoted_reload  |   in|   32|     ap_none|  local_regs_18_31_promoted_reload|        scalar|
|local_regs_18_30_promoted_reload  |   in|   32|     ap_none|  local_regs_18_30_promoted_reload|        scalar|
|local_regs_18_29_promoted_reload  |   in|   32|     ap_none|  local_regs_18_29_promoted_reload|        scalar|
|local_regs_18_28_promoted_reload  |   in|   32|     ap_none|  local_regs_18_28_promoted_reload|        scalar|
|local_regs_18_27_promoted_reload  |   in|   32|     ap_none|  local_regs_18_27_promoted_reload|        scalar|
|local_regs_18_26_promoted_reload  |   in|   32|     ap_none|  local_regs_18_26_promoted_reload|        scalar|
|local_regs_18_25_promoted_reload  |   in|   32|     ap_none|  local_regs_18_25_promoted_reload|        scalar|
|local_regs_18_24_promoted_reload  |   in|   32|     ap_none|  local_regs_18_24_promoted_reload|        scalar|
|local_regs_18_23_promoted_reload  |   in|   32|     ap_none|  local_regs_18_23_promoted_reload|        scalar|
|local_regs_18_22_promoted_reload  |   in|   32|     ap_none|  local_regs_18_22_promoted_reload|        scalar|
|local_regs_18_21_promoted_reload  |   in|   32|     ap_none|  local_regs_18_21_promoted_reload|        scalar|
|local_regs_18_20_promoted_reload  |   in|   32|     ap_none|  local_regs_18_20_promoted_reload|        scalar|
|local_regs_18_19_promoted_reload  |   in|   32|     ap_none|  local_regs_18_19_promoted_reload|        scalar|
|local_regs_18_18_promoted_reload  |   in|   32|     ap_none|  local_regs_18_18_promoted_reload|        scalar|
|local_regs_18_17_promoted_reload  |   in|   32|     ap_none|  local_regs_18_17_promoted_reload|        scalar|
|local_regs_18_16_promoted_reload  |   in|   32|     ap_none|  local_regs_18_16_promoted_reload|        scalar|
|local_regs_18_15_promoted_reload  |   in|   32|     ap_none|  local_regs_18_15_promoted_reload|        scalar|
|local_regs_18_14_promoted_reload  |   in|   32|     ap_none|  local_regs_18_14_promoted_reload|        scalar|
|local_regs_18_13_promoted_reload  |   in|   32|     ap_none|  local_regs_18_13_promoted_reload|        scalar|
|local_regs_18_12_promoted_reload  |   in|   32|     ap_none|  local_regs_18_12_promoted_reload|        scalar|
|local_regs_18_11_promoted_reload  |   in|   32|     ap_none|  local_regs_18_11_promoted_reload|        scalar|
|local_regs_18_10_promoted_reload  |   in|   32|     ap_none|  local_regs_18_10_promoted_reload|        scalar|
|local_regs_18_9_promoted_reload   |   in|   32|     ap_none|   local_regs_18_9_promoted_reload|        scalar|
|local_regs_18_8_promoted_reload   |   in|   32|     ap_none|   local_regs_18_8_promoted_reload|        scalar|
|local_regs_18_7_promoted_reload   |   in|   32|     ap_none|   local_regs_18_7_promoted_reload|        scalar|
|local_regs_18_6_promoted_reload   |   in|   32|     ap_none|   local_regs_18_6_promoted_reload|        scalar|
|local_regs_18_5_promoted_reload   |   in|   32|     ap_none|   local_regs_18_5_promoted_reload|        scalar|
|local_regs_18_4_promoted_reload   |   in|   32|     ap_none|   local_regs_18_4_promoted_reload|        scalar|
|local_regs_18_3_promoted_reload   |   in|   32|     ap_none|   local_regs_18_3_promoted_reload|        scalar|
|local_regs_18_2_promoted_reload   |   in|   32|     ap_none|   local_regs_18_2_promoted_reload|        scalar|
|local_regs_18_1_promoted_reload   |   in|   32|     ap_none|   local_regs_18_1_promoted_reload|        scalar|
|local_regs_18_0_promoted_reload   |   in|   32|     ap_none|   local_regs_18_0_promoted_reload|        scalar|
|local_regs_17_31_promoted_reload  |   in|   32|     ap_none|  local_regs_17_31_promoted_reload|        scalar|
|local_regs_17_30_promoted_reload  |   in|   32|     ap_none|  local_regs_17_30_promoted_reload|        scalar|
|local_regs_17_29_promoted_reload  |   in|   32|     ap_none|  local_regs_17_29_promoted_reload|        scalar|
|local_regs_17_28_promoted_reload  |   in|   32|     ap_none|  local_regs_17_28_promoted_reload|        scalar|
|local_regs_17_27_promoted_reload  |   in|   32|     ap_none|  local_regs_17_27_promoted_reload|        scalar|
|local_regs_17_26_promoted_reload  |   in|   32|     ap_none|  local_regs_17_26_promoted_reload|        scalar|
|local_regs_17_25_promoted_reload  |   in|   32|     ap_none|  local_regs_17_25_promoted_reload|        scalar|
|local_regs_17_24_promoted_reload  |   in|   32|     ap_none|  local_regs_17_24_promoted_reload|        scalar|
|local_regs_17_23_promoted_reload  |   in|   32|     ap_none|  local_regs_17_23_promoted_reload|        scalar|
|local_regs_17_22_promoted_reload  |   in|   32|     ap_none|  local_regs_17_22_promoted_reload|        scalar|
|local_regs_17_21_promoted_reload  |   in|   32|     ap_none|  local_regs_17_21_promoted_reload|        scalar|
|local_regs_17_20_promoted_reload  |   in|   32|     ap_none|  local_regs_17_20_promoted_reload|        scalar|
|local_regs_17_19_promoted_reload  |   in|   32|     ap_none|  local_regs_17_19_promoted_reload|        scalar|
|local_regs_17_18_promoted_reload  |   in|   32|     ap_none|  local_regs_17_18_promoted_reload|        scalar|
|local_regs_17_17_promoted_reload  |   in|   32|     ap_none|  local_regs_17_17_promoted_reload|        scalar|
|local_regs_17_16_promoted_reload  |   in|   32|     ap_none|  local_regs_17_16_promoted_reload|        scalar|
|local_regs_17_15_promoted_reload  |   in|   32|     ap_none|  local_regs_17_15_promoted_reload|        scalar|
|local_regs_17_14_promoted_reload  |   in|   32|     ap_none|  local_regs_17_14_promoted_reload|        scalar|
|local_regs_17_13_promoted_reload  |   in|   32|     ap_none|  local_regs_17_13_promoted_reload|        scalar|
|local_regs_17_12_promoted_reload  |   in|   32|     ap_none|  local_regs_17_12_promoted_reload|        scalar|
|local_regs_17_11_promoted_reload  |   in|   32|     ap_none|  local_regs_17_11_promoted_reload|        scalar|
|local_regs_17_10_promoted_reload  |   in|   32|     ap_none|  local_regs_17_10_promoted_reload|        scalar|
|local_regs_17_9_promoted_reload   |   in|   32|     ap_none|   local_regs_17_9_promoted_reload|        scalar|
|local_regs_17_8_promoted_reload   |   in|   32|     ap_none|   local_regs_17_8_promoted_reload|        scalar|
|local_regs_17_7_promoted_reload   |   in|   32|     ap_none|   local_regs_17_7_promoted_reload|        scalar|
|local_regs_17_6_promoted_reload   |   in|   32|     ap_none|   local_regs_17_6_promoted_reload|        scalar|
|local_regs_17_5_promoted_reload   |   in|   32|     ap_none|   local_regs_17_5_promoted_reload|        scalar|
|local_regs_17_4_promoted_reload   |   in|   32|     ap_none|   local_regs_17_4_promoted_reload|        scalar|
|local_regs_17_3_promoted_reload   |   in|   32|     ap_none|   local_regs_17_3_promoted_reload|        scalar|
|local_regs_17_2_promoted_reload   |   in|   32|     ap_none|   local_regs_17_2_promoted_reload|        scalar|
|local_regs_17_1_promoted_reload   |   in|   32|     ap_none|   local_regs_17_1_promoted_reload|        scalar|
|local_regs_17_0_promoted_reload   |   in|   32|     ap_none|   local_regs_17_0_promoted_reload|        scalar|
|local_regs_16_31_promoted_reload  |   in|   32|     ap_none|  local_regs_16_31_promoted_reload|        scalar|
|local_regs_16_30_promoted_reload  |   in|   32|     ap_none|  local_regs_16_30_promoted_reload|        scalar|
|local_regs_16_29_promoted_reload  |   in|   32|     ap_none|  local_regs_16_29_promoted_reload|        scalar|
|local_regs_16_28_promoted_reload  |   in|   32|     ap_none|  local_regs_16_28_promoted_reload|        scalar|
|local_regs_16_27_promoted_reload  |   in|   32|     ap_none|  local_regs_16_27_promoted_reload|        scalar|
|local_regs_16_26_promoted_reload  |   in|   32|     ap_none|  local_regs_16_26_promoted_reload|        scalar|
|local_regs_16_25_promoted_reload  |   in|   32|     ap_none|  local_regs_16_25_promoted_reload|        scalar|
|local_regs_16_24_promoted_reload  |   in|   32|     ap_none|  local_regs_16_24_promoted_reload|        scalar|
|local_regs_16_23_promoted_reload  |   in|   32|     ap_none|  local_regs_16_23_promoted_reload|        scalar|
|local_regs_16_22_promoted_reload  |   in|   32|     ap_none|  local_regs_16_22_promoted_reload|        scalar|
|local_regs_16_21_promoted_reload  |   in|   32|     ap_none|  local_regs_16_21_promoted_reload|        scalar|
|local_regs_16_20_promoted_reload  |   in|   32|     ap_none|  local_regs_16_20_promoted_reload|        scalar|
|local_regs_16_19_promoted_reload  |   in|   32|     ap_none|  local_regs_16_19_promoted_reload|        scalar|
|local_regs_16_18_promoted_reload  |   in|   32|     ap_none|  local_regs_16_18_promoted_reload|        scalar|
|local_regs_16_17_promoted_reload  |   in|   32|     ap_none|  local_regs_16_17_promoted_reload|        scalar|
|local_regs_16_16_promoted_reload  |   in|   32|     ap_none|  local_regs_16_16_promoted_reload|        scalar|
|local_regs_16_15_promoted_reload  |   in|   32|     ap_none|  local_regs_16_15_promoted_reload|        scalar|
|local_regs_16_14_promoted_reload  |   in|   32|     ap_none|  local_regs_16_14_promoted_reload|        scalar|
|local_regs_16_13_promoted_reload  |   in|   32|     ap_none|  local_regs_16_13_promoted_reload|        scalar|
|local_regs_16_12_promoted_reload  |   in|   32|     ap_none|  local_regs_16_12_promoted_reload|        scalar|
|local_regs_16_11_promoted_reload  |   in|   32|     ap_none|  local_regs_16_11_promoted_reload|        scalar|
|local_regs_16_10_promoted_reload  |   in|   32|     ap_none|  local_regs_16_10_promoted_reload|        scalar|
|local_regs_16_9_promoted_reload   |   in|   32|     ap_none|   local_regs_16_9_promoted_reload|        scalar|
|local_regs_16_8_promoted_reload   |   in|   32|     ap_none|   local_regs_16_8_promoted_reload|        scalar|
|local_regs_16_7_promoted_reload   |   in|   32|     ap_none|   local_regs_16_7_promoted_reload|        scalar|
|local_regs_16_6_promoted_reload   |   in|   32|     ap_none|   local_regs_16_6_promoted_reload|        scalar|
|local_regs_16_5_promoted_reload   |   in|   32|     ap_none|   local_regs_16_5_promoted_reload|        scalar|
|local_regs_16_4_promoted_reload   |   in|   32|     ap_none|   local_regs_16_4_promoted_reload|        scalar|
|local_regs_16_3_promoted_reload   |   in|   32|     ap_none|   local_regs_16_3_promoted_reload|        scalar|
|local_regs_16_2_promoted_reload   |   in|   32|     ap_none|   local_regs_16_2_promoted_reload|        scalar|
|local_regs_16_1_promoted_reload   |   in|   32|     ap_none|   local_regs_16_1_promoted_reload|        scalar|
|local_regs_16_0_promoted_reload   |   in|   32|     ap_none|   local_regs_16_0_promoted_reload|        scalar|
|local_regs_15_31_promoted_reload  |   in|   32|     ap_none|  local_regs_15_31_promoted_reload|        scalar|
|local_regs_15_30_promoted_reload  |   in|   32|     ap_none|  local_regs_15_30_promoted_reload|        scalar|
|local_regs_15_29_promoted_reload  |   in|   32|     ap_none|  local_regs_15_29_promoted_reload|        scalar|
|local_regs_15_28_promoted_reload  |   in|   32|     ap_none|  local_regs_15_28_promoted_reload|        scalar|
|local_regs_15_27_promoted_reload  |   in|   32|     ap_none|  local_regs_15_27_promoted_reload|        scalar|
|local_regs_15_26_promoted_reload  |   in|   32|     ap_none|  local_regs_15_26_promoted_reload|        scalar|
|local_regs_15_25_promoted_reload  |   in|   32|     ap_none|  local_regs_15_25_promoted_reload|        scalar|
|local_regs_15_24_promoted_reload  |   in|   32|     ap_none|  local_regs_15_24_promoted_reload|        scalar|
|local_regs_15_23_promoted_reload  |   in|   32|     ap_none|  local_regs_15_23_promoted_reload|        scalar|
|local_regs_15_22_promoted_reload  |   in|   32|     ap_none|  local_regs_15_22_promoted_reload|        scalar|
|local_regs_15_21_promoted_reload  |   in|   32|     ap_none|  local_regs_15_21_promoted_reload|        scalar|
|local_regs_15_20_promoted_reload  |   in|   32|     ap_none|  local_regs_15_20_promoted_reload|        scalar|
|local_regs_15_19_promoted_reload  |   in|   32|     ap_none|  local_regs_15_19_promoted_reload|        scalar|
|local_regs_15_18_promoted_reload  |   in|   32|     ap_none|  local_regs_15_18_promoted_reload|        scalar|
|local_regs_15_17_promoted_reload  |   in|   32|     ap_none|  local_regs_15_17_promoted_reload|        scalar|
|local_regs_15_16_promoted_reload  |   in|   32|     ap_none|  local_regs_15_16_promoted_reload|        scalar|
|local_regs_15_15_promoted_reload  |   in|   32|     ap_none|  local_regs_15_15_promoted_reload|        scalar|
|local_regs_15_14_promoted_reload  |   in|   32|     ap_none|  local_regs_15_14_promoted_reload|        scalar|
|local_regs_15_13_promoted_reload  |   in|   32|     ap_none|  local_regs_15_13_promoted_reload|        scalar|
|local_regs_15_12_promoted_reload  |   in|   32|     ap_none|  local_regs_15_12_promoted_reload|        scalar|
|local_regs_15_11_promoted_reload  |   in|   32|     ap_none|  local_regs_15_11_promoted_reload|        scalar|
|local_regs_15_10_promoted_reload  |   in|   32|     ap_none|  local_regs_15_10_promoted_reload|        scalar|
|local_regs_15_9_promoted_reload   |   in|   32|     ap_none|   local_regs_15_9_promoted_reload|        scalar|
|local_regs_15_8_promoted_reload   |   in|   32|     ap_none|   local_regs_15_8_promoted_reload|        scalar|
|local_regs_15_7_promoted_reload   |   in|   32|     ap_none|   local_regs_15_7_promoted_reload|        scalar|
|local_regs_15_6_promoted_reload   |   in|   32|     ap_none|   local_regs_15_6_promoted_reload|        scalar|
|local_regs_15_5_promoted_reload   |   in|   32|     ap_none|   local_regs_15_5_promoted_reload|        scalar|
|local_regs_15_4_promoted_reload   |   in|   32|     ap_none|   local_regs_15_4_promoted_reload|        scalar|
|local_regs_15_3_promoted_reload   |   in|   32|     ap_none|   local_regs_15_3_promoted_reload|        scalar|
|local_regs_15_2_promoted_reload   |   in|   32|     ap_none|   local_regs_15_2_promoted_reload|        scalar|
|local_regs_15_1_promoted_reload   |   in|   32|     ap_none|   local_regs_15_1_promoted_reload|        scalar|
|local_regs_15_0_promoted_reload   |   in|   32|     ap_none|   local_regs_15_0_promoted_reload|        scalar|
|local_regs_14_31_promoted_reload  |   in|   32|     ap_none|  local_regs_14_31_promoted_reload|        scalar|
|local_regs_14_30_promoted_reload  |   in|   32|     ap_none|  local_regs_14_30_promoted_reload|        scalar|
|local_regs_14_29_promoted_reload  |   in|   32|     ap_none|  local_regs_14_29_promoted_reload|        scalar|
|local_regs_14_28_promoted_reload  |   in|   32|     ap_none|  local_regs_14_28_promoted_reload|        scalar|
|local_regs_14_27_promoted_reload  |   in|   32|     ap_none|  local_regs_14_27_promoted_reload|        scalar|
|local_regs_14_26_promoted_reload  |   in|   32|     ap_none|  local_regs_14_26_promoted_reload|        scalar|
|local_regs_14_25_promoted_reload  |   in|   32|     ap_none|  local_regs_14_25_promoted_reload|        scalar|
|local_regs_14_24_promoted_reload  |   in|   32|     ap_none|  local_regs_14_24_promoted_reload|        scalar|
|local_regs_14_23_promoted_reload  |   in|   32|     ap_none|  local_regs_14_23_promoted_reload|        scalar|
|local_regs_14_22_promoted_reload  |   in|   32|     ap_none|  local_regs_14_22_promoted_reload|        scalar|
|local_regs_14_21_promoted_reload  |   in|   32|     ap_none|  local_regs_14_21_promoted_reload|        scalar|
|local_regs_14_20_promoted_reload  |   in|   32|     ap_none|  local_regs_14_20_promoted_reload|        scalar|
|local_regs_14_19_promoted_reload  |   in|   32|     ap_none|  local_regs_14_19_promoted_reload|        scalar|
|local_regs_14_18_promoted_reload  |   in|   32|     ap_none|  local_regs_14_18_promoted_reload|        scalar|
|local_regs_14_17_promoted_reload  |   in|   32|     ap_none|  local_regs_14_17_promoted_reload|        scalar|
|local_regs_14_16_promoted_reload  |   in|   32|     ap_none|  local_regs_14_16_promoted_reload|        scalar|
|local_regs_14_15_promoted_reload  |   in|   32|     ap_none|  local_regs_14_15_promoted_reload|        scalar|
|local_regs_14_14_promoted_reload  |   in|   32|     ap_none|  local_regs_14_14_promoted_reload|        scalar|
|local_regs_14_13_promoted_reload  |   in|   32|     ap_none|  local_regs_14_13_promoted_reload|        scalar|
|local_regs_14_12_promoted_reload  |   in|   32|     ap_none|  local_regs_14_12_promoted_reload|        scalar|
|local_regs_14_11_promoted_reload  |   in|   32|     ap_none|  local_regs_14_11_promoted_reload|        scalar|
|local_regs_14_10_promoted_reload  |   in|   32|     ap_none|  local_regs_14_10_promoted_reload|        scalar|
|local_regs_14_9_promoted_reload   |   in|   32|     ap_none|   local_regs_14_9_promoted_reload|        scalar|
|local_regs_14_8_promoted_reload   |   in|   32|     ap_none|   local_regs_14_8_promoted_reload|        scalar|
|local_regs_14_7_promoted_reload   |   in|   32|     ap_none|   local_regs_14_7_promoted_reload|        scalar|
|local_regs_14_6_promoted_reload   |   in|   32|     ap_none|   local_regs_14_6_promoted_reload|        scalar|
|local_regs_14_5_promoted_reload   |   in|   32|     ap_none|   local_regs_14_5_promoted_reload|        scalar|
|local_regs_14_4_promoted_reload   |   in|   32|     ap_none|   local_regs_14_4_promoted_reload|        scalar|
|local_regs_14_3_promoted_reload   |   in|   32|     ap_none|   local_regs_14_3_promoted_reload|        scalar|
|local_regs_14_2_promoted_reload   |   in|   32|     ap_none|   local_regs_14_2_promoted_reload|        scalar|
|local_regs_14_1_promoted_reload   |   in|   32|     ap_none|   local_regs_14_1_promoted_reload|        scalar|
|local_regs_14_0_promoted_reload   |   in|   32|     ap_none|   local_regs_14_0_promoted_reload|        scalar|
|local_regs_13_31_promoted_reload  |   in|   32|     ap_none|  local_regs_13_31_promoted_reload|        scalar|
|local_regs_13_30_promoted_reload  |   in|   32|     ap_none|  local_regs_13_30_promoted_reload|        scalar|
|local_regs_13_29_promoted_reload  |   in|   32|     ap_none|  local_regs_13_29_promoted_reload|        scalar|
|local_regs_13_28_promoted_reload  |   in|   32|     ap_none|  local_regs_13_28_promoted_reload|        scalar|
|local_regs_13_27_promoted_reload  |   in|   32|     ap_none|  local_regs_13_27_promoted_reload|        scalar|
|local_regs_13_26_promoted_reload  |   in|   32|     ap_none|  local_regs_13_26_promoted_reload|        scalar|
|local_regs_13_25_promoted_reload  |   in|   32|     ap_none|  local_regs_13_25_promoted_reload|        scalar|
|local_regs_13_24_promoted_reload  |   in|   32|     ap_none|  local_regs_13_24_promoted_reload|        scalar|
|local_regs_13_23_promoted_reload  |   in|   32|     ap_none|  local_regs_13_23_promoted_reload|        scalar|
|local_regs_13_22_promoted_reload  |   in|   32|     ap_none|  local_regs_13_22_promoted_reload|        scalar|
|local_regs_13_21_promoted_reload  |   in|   32|     ap_none|  local_regs_13_21_promoted_reload|        scalar|
|local_regs_13_20_promoted_reload  |   in|   32|     ap_none|  local_regs_13_20_promoted_reload|        scalar|
|local_regs_13_19_promoted_reload  |   in|   32|     ap_none|  local_regs_13_19_promoted_reload|        scalar|
|local_regs_13_18_promoted_reload  |   in|   32|     ap_none|  local_regs_13_18_promoted_reload|        scalar|
|local_regs_13_17_promoted_reload  |   in|   32|     ap_none|  local_regs_13_17_promoted_reload|        scalar|
|local_regs_13_16_promoted_reload  |   in|   32|     ap_none|  local_regs_13_16_promoted_reload|        scalar|
|local_regs_13_15_promoted_reload  |   in|   32|     ap_none|  local_regs_13_15_promoted_reload|        scalar|
|local_regs_13_14_promoted_reload  |   in|   32|     ap_none|  local_regs_13_14_promoted_reload|        scalar|
|local_regs_13_13_promoted_reload  |   in|   32|     ap_none|  local_regs_13_13_promoted_reload|        scalar|
|local_regs_13_12_promoted_reload  |   in|   32|     ap_none|  local_regs_13_12_promoted_reload|        scalar|
|local_regs_13_11_promoted_reload  |   in|   32|     ap_none|  local_regs_13_11_promoted_reload|        scalar|
|local_regs_13_10_promoted_reload  |   in|   32|     ap_none|  local_regs_13_10_promoted_reload|        scalar|
|local_regs_13_9_promoted_reload   |   in|   32|     ap_none|   local_regs_13_9_promoted_reload|        scalar|
|local_regs_13_8_promoted_reload   |   in|   32|     ap_none|   local_regs_13_8_promoted_reload|        scalar|
|local_regs_13_7_promoted_reload   |   in|   32|     ap_none|   local_regs_13_7_promoted_reload|        scalar|
|local_regs_13_6_promoted_reload   |   in|   32|     ap_none|   local_regs_13_6_promoted_reload|        scalar|
|local_regs_13_5_promoted_reload   |   in|   32|     ap_none|   local_regs_13_5_promoted_reload|        scalar|
|local_regs_13_4_promoted_reload   |   in|   32|     ap_none|   local_regs_13_4_promoted_reload|        scalar|
|local_regs_13_3_promoted_reload   |   in|   32|     ap_none|   local_regs_13_3_promoted_reload|        scalar|
|local_regs_13_2_promoted_reload   |   in|   32|     ap_none|   local_regs_13_2_promoted_reload|        scalar|
|local_regs_13_1_promoted_reload   |   in|   32|     ap_none|   local_regs_13_1_promoted_reload|        scalar|
|local_regs_13_0_promoted_reload   |   in|   32|     ap_none|   local_regs_13_0_promoted_reload|        scalar|
|local_regs_12_31_promoted_reload  |   in|   32|     ap_none|  local_regs_12_31_promoted_reload|        scalar|
|local_regs_12_30_promoted_reload  |   in|   32|     ap_none|  local_regs_12_30_promoted_reload|        scalar|
|local_regs_12_29_promoted_reload  |   in|   32|     ap_none|  local_regs_12_29_promoted_reload|        scalar|
|local_regs_12_28_promoted_reload  |   in|   32|     ap_none|  local_regs_12_28_promoted_reload|        scalar|
|local_regs_12_27_promoted_reload  |   in|   32|     ap_none|  local_regs_12_27_promoted_reload|        scalar|
|local_regs_12_26_promoted_reload  |   in|   32|     ap_none|  local_regs_12_26_promoted_reload|        scalar|
|local_regs_12_25_promoted_reload  |   in|   32|     ap_none|  local_regs_12_25_promoted_reload|        scalar|
|local_regs_12_24_promoted_reload  |   in|   32|     ap_none|  local_regs_12_24_promoted_reload|        scalar|
|local_regs_12_23_promoted_reload  |   in|   32|     ap_none|  local_regs_12_23_promoted_reload|        scalar|
|local_regs_12_22_promoted_reload  |   in|   32|     ap_none|  local_regs_12_22_promoted_reload|        scalar|
|local_regs_12_21_promoted_reload  |   in|   32|     ap_none|  local_regs_12_21_promoted_reload|        scalar|
|local_regs_12_20_promoted_reload  |   in|   32|     ap_none|  local_regs_12_20_promoted_reload|        scalar|
|local_regs_12_19_promoted_reload  |   in|   32|     ap_none|  local_regs_12_19_promoted_reload|        scalar|
|local_regs_12_18_promoted_reload  |   in|   32|     ap_none|  local_regs_12_18_promoted_reload|        scalar|
|local_regs_12_17_promoted_reload  |   in|   32|     ap_none|  local_regs_12_17_promoted_reload|        scalar|
|local_regs_12_16_promoted_reload  |   in|   32|     ap_none|  local_regs_12_16_promoted_reload|        scalar|
|local_regs_12_15_promoted_reload  |   in|   32|     ap_none|  local_regs_12_15_promoted_reload|        scalar|
|local_regs_12_14_promoted_reload  |   in|   32|     ap_none|  local_regs_12_14_promoted_reload|        scalar|
|local_regs_12_13_promoted_reload  |   in|   32|     ap_none|  local_regs_12_13_promoted_reload|        scalar|
|local_regs_12_12_promoted_reload  |   in|   32|     ap_none|  local_regs_12_12_promoted_reload|        scalar|
|local_regs_12_11_promoted_reload  |   in|   32|     ap_none|  local_regs_12_11_promoted_reload|        scalar|
|local_regs_12_10_promoted_reload  |   in|   32|     ap_none|  local_regs_12_10_promoted_reload|        scalar|
|local_regs_12_9_promoted_reload   |   in|   32|     ap_none|   local_regs_12_9_promoted_reload|        scalar|
|local_regs_12_8_promoted_reload   |   in|   32|     ap_none|   local_regs_12_8_promoted_reload|        scalar|
|local_regs_12_7_promoted_reload   |   in|   32|     ap_none|   local_regs_12_7_promoted_reload|        scalar|
|local_regs_12_6_promoted_reload   |   in|   32|     ap_none|   local_regs_12_6_promoted_reload|        scalar|
|local_regs_12_5_promoted_reload   |   in|   32|     ap_none|   local_regs_12_5_promoted_reload|        scalar|
|local_regs_12_4_promoted_reload   |   in|   32|     ap_none|   local_regs_12_4_promoted_reload|        scalar|
|local_regs_12_3_promoted_reload   |   in|   32|     ap_none|   local_regs_12_3_promoted_reload|        scalar|
|local_regs_12_2_promoted_reload   |   in|   32|     ap_none|   local_regs_12_2_promoted_reload|        scalar|
|local_regs_12_1_promoted_reload   |   in|   32|     ap_none|   local_regs_12_1_promoted_reload|        scalar|
|local_regs_12_0_promoted_reload   |   in|   32|     ap_none|   local_regs_12_0_promoted_reload|        scalar|
|local_regs_11_31_promoted_reload  |   in|   32|     ap_none|  local_regs_11_31_promoted_reload|        scalar|
|local_regs_11_30_promoted_reload  |   in|   32|     ap_none|  local_regs_11_30_promoted_reload|        scalar|
|local_regs_11_29_promoted_reload  |   in|   32|     ap_none|  local_regs_11_29_promoted_reload|        scalar|
|local_regs_11_28_promoted_reload  |   in|   32|     ap_none|  local_regs_11_28_promoted_reload|        scalar|
|local_regs_11_27_promoted_reload  |   in|   32|     ap_none|  local_regs_11_27_promoted_reload|        scalar|
|local_regs_11_26_promoted_reload  |   in|   32|     ap_none|  local_regs_11_26_promoted_reload|        scalar|
|local_regs_11_25_promoted_reload  |   in|   32|     ap_none|  local_regs_11_25_promoted_reload|        scalar|
|local_regs_11_24_promoted_reload  |   in|   32|     ap_none|  local_regs_11_24_promoted_reload|        scalar|
|local_regs_11_23_promoted_reload  |   in|   32|     ap_none|  local_regs_11_23_promoted_reload|        scalar|
|local_regs_11_22_promoted_reload  |   in|   32|     ap_none|  local_regs_11_22_promoted_reload|        scalar|
|local_regs_11_21_promoted_reload  |   in|   32|     ap_none|  local_regs_11_21_promoted_reload|        scalar|
|local_regs_11_20_promoted_reload  |   in|   32|     ap_none|  local_regs_11_20_promoted_reload|        scalar|
|local_regs_11_19_promoted_reload  |   in|   32|     ap_none|  local_regs_11_19_promoted_reload|        scalar|
|local_regs_11_18_promoted_reload  |   in|   32|     ap_none|  local_regs_11_18_promoted_reload|        scalar|
|local_regs_11_17_promoted_reload  |   in|   32|     ap_none|  local_regs_11_17_promoted_reload|        scalar|
|local_regs_11_16_promoted_reload  |   in|   32|     ap_none|  local_regs_11_16_promoted_reload|        scalar|
|local_regs_11_15_promoted_reload  |   in|   32|     ap_none|  local_regs_11_15_promoted_reload|        scalar|
|local_regs_11_14_promoted_reload  |   in|   32|     ap_none|  local_regs_11_14_promoted_reload|        scalar|
|local_regs_11_13_promoted_reload  |   in|   32|     ap_none|  local_regs_11_13_promoted_reload|        scalar|
|local_regs_11_12_promoted_reload  |   in|   32|     ap_none|  local_regs_11_12_promoted_reload|        scalar|
|local_regs_11_11_promoted_reload  |   in|   32|     ap_none|  local_regs_11_11_promoted_reload|        scalar|
|local_regs_11_10_promoted_reload  |   in|   32|     ap_none|  local_regs_11_10_promoted_reload|        scalar|
|local_regs_11_9_promoted_reload   |   in|   32|     ap_none|   local_regs_11_9_promoted_reload|        scalar|
|local_regs_11_8_promoted_reload   |   in|   32|     ap_none|   local_regs_11_8_promoted_reload|        scalar|
|local_regs_11_7_promoted_reload   |   in|   32|     ap_none|   local_regs_11_7_promoted_reload|        scalar|
|local_regs_11_6_promoted_reload   |   in|   32|     ap_none|   local_regs_11_6_promoted_reload|        scalar|
|local_regs_11_5_promoted_reload   |   in|   32|     ap_none|   local_regs_11_5_promoted_reload|        scalar|
|local_regs_11_4_promoted_reload   |   in|   32|     ap_none|   local_regs_11_4_promoted_reload|        scalar|
|local_regs_11_3_promoted_reload   |   in|   32|     ap_none|   local_regs_11_3_promoted_reload|        scalar|
|local_regs_11_2_promoted_reload   |   in|   32|     ap_none|   local_regs_11_2_promoted_reload|        scalar|
|local_regs_11_1_promoted_reload   |   in|   32|     ap_none|   local_regs_11_1_promoted_reload|        scalar|
|local_regs_11_0_promoted_reload   |   in|   32|     ap_none|   local_regs_11_0_promoted_reload|        scalar|
|local_regs_10_31_promoted_reload  |   in|   32|     ap_none|  local_regs_10_31_promoted_reload|        scalar|
|local_regs_10_30_promoted_reload  |   in|   32|     ap_none|  local_regs_10_30_promoted_reload|        scalar|
|local_regs_10_29_promoted_reload  |   in|   32|     ap_none|  local_regs_10_29_promoted_reload|        scalar|
|local_regs_10_28_promoted_reload  |   in|   32|     ap_none|  local_regs_10_28_promoted_reload|        scalar|
|local_regs_10_27_promoted_reload  |   in|   32|     ap_none|  local_regs_10_27_promoted_reload|        scalar|
|local_regs_10_26_promoted_reload  |   in|   32|     ap_none|  local_regs_10_26_promoted_reload|        scalar|
|local_regs_10_25_promoted_reload  |   in|   32|     ap_none|  local_regs_10_25_promoted_reload|        scalar|
|local_regs_10_24_promoted_reload  |   in|   32|     ap_none|  local_regs_10_24_promoted_reload|        scalar|
|local_regs_10_23_promoted_reload  |   in|   32|     ap_none|  local_regs_10_23_promoted_reload|        scalar|
|local_regs_10_22_promoted_reload  |   in|   32|     ap_none|  local_regs_10_22_promoted_reload|        scalar|
|local_regs_10_21_promoted_reload  |   in|   32|     ap_none|  local_regs_10_21_promoted_reload|        scalar|
|local_regs_10_20_promoted_reload  |   in|   32|     ap_none|  local_regs_10_20_promoted_reload|        scalar|
|local_regs_10_19_promoted_reload  |   in|   32|     ap_none|  local_regs_10_19_promoted_reload|        scalar|
|local_regs_10_18_promoted_reload  |   in|   32|     ap_none|  local_regs_10_18_promoted_reload|        scalar|
|local_regs_10_17_promoted_reload  |   in|   32|     ap_none|  local_regs_10_17_promoted_reload|        scalar|
|local_regs_10_16_promoted_reload  |   in|   32|     ap_none|  local_regs_10_16_promoted_reload|        scalar|
|local_regs_10_15_promoted_reload  |   in|   32|     ap_none|  local_regs_10_15_promoted_reload|        scalar|
|local_regs_10_14_promoted_reload  |   in|   32|     ap_none|  local_regs_10_14_promoted_reload|        scalar|
|local_regs_10_13_promoted_reload  |   in|   32|     ap_none|  local_regs_10_13_promoted_reload|        scalar|
|local_regs_10_12_promoted_reload  |   in|   32|     ap_none|  local_regs_10_12_promoted_reload|        scalar|
|local_regs_10_11_promoted_reload  |   in|   32|     ap_none|  local_regs_10_11_promoted_reload|        scalar|
|local_regs_10_10_promoted_reload  |   in|   32|     ap_none|  local_regs_10_10_promoted_reload|        scalar|
|local_regs_10_9_promoted_reload   |   in|   32|     ap_none|   local_regs_10_9_promoted_reload|        scalar|
|local_regs_10_8_promoted_reload   |   in|   32|     ap_none|   local_regs_10_8_promoted_reload|        scalar|
|local_regs_10_7_promoted_reload   |   in|   32|     ap_none|   local_regs_10_7_promoted_reload|        scalar|
|local_regs_10_6_promoted_reload   |   in|   32|     ap_none|   local_regs_10_6_promoted_reload|        scalar|
|local_regs_10_5_promoted_reload   |   in|   32|     ap_none|   local_regs_10_5_promoted_reload|        scalar|
|local_regs_10_4_promoted_reload   |   in|   32|     ap_none|   local_regs_10_4_promoted_reload|        scalar|
|local_regs_10_3_promoted_reload   |   in|   32|     ap_none|   local_regs_10_3_promoted_reload|        scalar|
|local_regs_10_2_promoted_reload   |   in|   32|     ap_none|   local_regs_10_2_promoted_reload|        scalar|
|local_regs_10_1_promoted_reload   |   in|   32|     ap_none|   local_regs_10_1_promoted_reload|        scalar|
|local_regs_10_0_promoted_reload   |   in|   32|     ap_none|   local_regs_10_0_promoted_reload|        scalar|
|local_regs_9_31_promoted_reload   |   in|   32|     ap_none|   local_regs_9_31_promoted_reload|        scalar|
|local_regs_9_30_promoted_reload   |   in|   32|     ap_none|   local_regs_9_30_promoted_reload|        scalar|
|local_regs_9_29_promoted_reload   |   in|   32|     ap_none|   local_regs_9_29_promoted_reload|        scalar|
|local_regs_9_28_promoted_reload   |   in|   32|     ap_none|   local_regs_9_28_promoted_reload|        scalar|
|local_regs_9_27_promoted_reload   |   in|   32|     ap_none|   local_regs_9_27_promoted_reload|        scalar|
|local_regs_9_26_promoted_reload   |   in|   32|     ap_none|   local_regs_9_26_promoted_reload|        scalar|
|local_regs_9_25_promoted_reload   |   in|   32|     ap_none|   local_regs_9_25_promoted_reload|        scalar|
|local_regs_9_24_promoted_reload   |   in|   32|     ap_none|   local_regs_9_24_promoted_reload|        scalar|
|local_regs_9_23_promoted_reload   |   in|   32|     ap_none|   local_regs_9_23_promoted_reload|        scalar|
|local_regs_9_22_promoted_reload   |   in|   32|     ap_none|   local_regs_9_22_promoted_reload|        scalar|
|local_regs_9_21_promoted_reload   |   in|   32|     ap_none|   local_regs_9_21_promoted_reload|        scalar|
|local_regs_9_20_promoted_reload   |   in|   32|     ap_none|   local_regs_9_20_promoted_reload|        scalar|
|local_regs_9_19_promoted_reload   |   in|   32|     ap_none|   local_regs_9_19_promoted_reload|        scalar|
|local_regs_9_18_promoted_reload   |   in|   32|     ap_none|   local_regs_9_18_promoted_reload|        scalar|
|local_regs_9_17_promoted_reload   |   in|   32|     ap_none|   local_regs_9_17_promoted_reload|        scalar|
|local_regs_9_16_promoted_reload   |   in|   32|     ap_none|   local_regs_9_16_promoted_reload|        scalar|
|local_regs_9_15_promoted_reload   |   in|   32|     ap_none|   local_regs_9_15_promoted_reload|        scalar|
|local_regs_9_14_promoted_reload   |   in|   32|     ap_none|   local_regs_9_14_promoted_reload|        scalar|
|local_regs_9_13_promoted_reload   |   in|   32|     ap_none|   local_regs_9_13_promoted_reload|        scalar|
|local_regs_9_12_promoted_reload   |   in|   32|     ap_none|   local_regs_9_12_promoted_reload|        scalar|
|local_regs_9_11_promoted_reload   |   in|   32|     ap_none|   local_regs_9_11_promoted_reload|        scalar|
|local_regs_9_10_promoted_reload   |   in|   32|     ap_none|   local_regs_9_10_promoted_reload|        scalar|
|local_regs_9_9_promoted_reload    |   in|   32|     ap_none|    local_regs_9_9_promoted_reload|        scalar|
|local_regs_9_8_promoted_reload    |   in|   32|     ap_none|    local_regs_9_8_promoted_reload|        scalar|
|local_regs_9_7_promoted_reload    |   in|   32|     ap_none|    local_regs_9_7_promoted_reload|        scalar|
|local_regs_9_6_promoted_reload    |   in|   32|     ap_none|    local_regs_9_6_promoted_reload|        scalar|
|local_regs_9_5_promoted_reload    |   in|   32|     ap_none|    local_regs_9_5_promoted_reload|        scalar|
|local_regs_9_4_promoted_reload    |   in|   32|     ap_none|    local_regs_9_4_promoted_reload|        scalar|
|local_regs_9_3_promoted_reload    |   in|   32|     ap_none|    local_regs_9_3_promoted_reload|        scalar|
|local_regs_9_2_promoted_reload    |   in|   32|     ap_none|    local_regs_9_2_promoted_reload|        scalar|
|local_regs_9_1_promoted_reload    |   in|   32|     ap_none|    local_regs_9_1_promoted_reload|        scalar|
|local_regs_9_0_promoted_reload    |   in|   32|     ap_none|    local_regs_9_0_promoted_reload|        scalar|
|local_regs_8_31_promoted_reload   |   in|   32|     ap_none|   local_regs_8_31_promoted_reload|        scalar|
|local_regs_8_30_promoted_reload   |   in|   32|     ap_none|   local_regs_8_30_promoted_reload|        scalar|
|local_regs_8_29_promoted_reload   |   in|   32|     ap_none|   local_regs_8_29_promoted_reload|        scalar|
|local_regs_8_28_promoted_reload   |   in|   32|     ap_none|   local_regs_8_28_promoted_reload|        scalar|
|local_regs_8_27_promoted_reload   |   in|   32|     ap_none|   local_regs_8_27_promoted_reload|        scalar|
|local_regs_8_26_promoted_reload   |   in|   32|     ap_none|   local_regs_8_26_promoted_reload|        scalar|
|local_regs_8_25_promoted_reload   |   in|   32|     ap_none|   local_regs_8_25_promoted_reload|        scalar|
|local_regs_8_24_promoted_reload   |   in|   32|     ap_none|   local_regs_8_24_promoted_reload|        scalar|
|local_regs_8_23_promoted_reload   |   in|   32|     ap_none|   local_regs_8_23_promoted_reload|        scalar|
|local_regs_8_22_promoted_reload   |   in|   32|     ap_none|   local_regs_8_22_promoted_reload|        scalar|
|local_regs_8_21_promoted_reload   |   in|   32|     ap_none|   local_regs_8_21_promoted_reload|        scalar|
|local_regs_8_20_promoted_reload   |   in|   32|     ap_none|   local_regs_8_20_promoted_reload|        scalar|
|local_regs_8_19_promoted_reload   |   in|   32|     ap_none|   local_regs_8_19_promoted_reload|        scalar|
|local_regs_8_18_promoted_reload   |   in|   32|     ap_none|   local_regs_8_18_promoted_reload|        scalar|
|local_regs_8_17_promoted_reload   |   in|   32|     ap_none|   local_regs_8_17_promoted_reload|        scalar|
|local_regs_8_16_promoted_reload   |   in|   32|     ap_none|   local_regs_8_16_promoted_reload|        scalar|
|local_regs_8_15_promoted_reload   |   in|   32|     ap_none|   local_regs_8_15_promoted_reload|        scalar|
|local_regs_8_14_promoted_reload   |   in|   32|     ap_none|   local_regs_8_14_promoted_reload|        scalar|
|local_regs_8_13_promoted_reload   |   in|   32|     ap_none|   local_regs_8_13_promoted_reload|        scalar|
|local_regs_8_12_promoted_reload   |   in|   32|     ap_none|   local_regs_8_12_promoted_reload|        scalar|
|local_regs_8_11_promoted_reload   |   in|   32|     ap_none|   local_regs_8_11_promoted_reload|        scalar|
|local_regs_8_10_promoted_reload   |   in|   32|     ap_none|   local_regs_8_10_promoted_reload|        scalar|
|local_regs_8_9_promoted_reload    |   in|   32|     ap_none|    local_regs_8_9_promoted_reload|        scalar|
|local_regs_8_8_promoted_reload    |   in|   32|     ap_none|    local_regs_8_8_promoted_reload|        scalar|
|local_regs_8_7_promoted_reload    |   in|   32|     ap_none|    local_regs_8_7_promoted_reload|        scalar|
|local_regs_8_6_promoted_reload    |   in|   32|     ap_none|    local_regs_8_6_promoted_reload|        scalar|
|local_regs_8_5_promoted_reload    |   in|   32|     ap_none|    local_regs_8_5_promoted_reload|        scalar|
|local_regs_8_4_promoted_reload    |   in|   32|     ap_none|    local_regs_8_4_promoted_reload|        scalar|
|local_regs_8_3_promoted_reload    |   in|   32|     ap_none|    local_regs_8_3_promoted_reload|        scalar|
|local_regs_8_2_promoted_reload    |   in|   32|     ap_none|    local_regs_8_2_promoted_reload|        scalar|
|local_regs_8_1_promoted_reload    |   in|   32|     ap_none|    local_regs_8_1_promoted_reload|        scalar|
|local_regs_8_0_promoted_reload    |   in|   32|     ap_none|    local_regs_8_0_promoted_reload|        scalar|
|local_regs_7_31_promoted_reload   |   in|   32|     ap_none|   local_regs_7_31_promoted_reload|        scalar|
|local_regs_7_30_promoted_reload   |   in|   32|     ap_none|   local_regs_7_30_promoted_reload|        scalar|
|local_regs_7_29_promoted_reload   |   in|   32|     ap_none|   local_regs_7_29_promoted_reload|        scalar|
|local_regs_7_28_promoted_reload   |   in|   32|     ap_none|   local_regs_7_28_promoted_reload|        scalar|
|local_regs_7_27_promoted_reload   |   in|   32|     ap_none|   local_regs_7_27_promoted_reload|        scalar|
|local_regs_7_26_promoted_reload   |   in|   32|     ap_none|   local_regs_7_26_promoted_reload|        scalar|
|local_regs_7_25_promoted_reload   |   in|   32|     ap_none|   local_regs_7_25_promoted_reload|        scalar|
|local_regs_7_24_promoted_reload   |   in|   32|     ap_none|   local_regs_7_24_promoted_reload|        scalar|
|local_regs_7_23_promoted_reload   |   in|   32|     ap_none|   local_regs_7_23_promoted_reload|        scalar|
|local_regs_7_22_promoted_reload   |   in|   32|     ap_none|   local_regs_7_22_promoted_reload|        scalar|
|local_regs_7_21_promoted_reload   |   in|   32|     ap_none|   local_regs_7_21_promoted_reload|        scalar|
|local_regs_7_20_promoted_reload   |   in|   32|     ap_none|   local_regs_7_20_promoted_reload|        scalar|
|local_regs_7_19_promoted_reload   |   in|   32|     ap_none|   local_regs_7_19_promoted_reload|        scalar|
|local_regs_7_18_promoted_reload   |   in|   32|     ap_none|   local_regs_7_18_promoted_reload|        scalar|
|local_regs_7_17_promoted_reload   |   in|   32|     ap_none|   local_regs_7_17_promoted_reload|        scalar|
|local_regs_7_16_promoted_reload   |   in|   32|     ap_none|   local_regs_7_16_promoted_reload|        scalar|
|local_regs_7_15_promoted_reload   |   in|   32|     ap_none|   local_regs_7_15_promoted_reload|        scalar|
|local_regs_7_14_promoted_reload   |   in|   32|     ap_none|   local_regs_7_14_promoted_reload|        scalar|
|local_regs_7_13_promoted_reload   |   in|   32|     ap_none|   local_regs_7_13_promoted_reload|        scalar|
|local_regs_7_12_promoted_reload   |   in|   32|     ap_none|   local_regs_7_12_promoted_reload|        scalar|
|local_regs_7_11_promoted_reload   |   in|   32|     ap_none|   local_regs_7_11_promoted_reload|        scalar|
|local_regs_7_10_promoted_reload   |   in|   32|     ap_none|   local_regs_7_10_promoted_reload|        scalar|
|local_regs_7_9_promoted_reload    |   in|   32|     ap_none|    local_regs_7_9_promoted_reload|        scalar|
|local_regs_7_8_promoted_reload    |   in|   32|     ap_none|    local_regs_7_8_promoted_reload|        scalar|
|local_regs_7_7_promoted_reload    |   in|   32|     ap_none|    local_regs_7_7_promoted_reload|        scalar|
|local_regs_7_6_promoted_reload    |   in|   32|     ap_none|    local_regs_7_6_promoted_reload|        scalar|
|local_regs_7_5_promoted_reload    |   in|   32|     ap_none|    local_regs_7_5_promoted_reload|        scalar|
|local_regs_7_4_promoted_reload    |   in|   32|     ap_none|    local_regs_7_4_promoted_reload|        scalar|
|local_regs_7_3_promoted_reload    |   in|   32|     ap_none|    local_regs_7_3_promoted_reload|        scalar|
|local_regs_7_2_promoted_reload    |   in|   32|     ap_none|    local_regs_7_2_promoted_reload|        scalar|
|local_regs_7_1_promoted_reload    |   in|   32|     ap_none|    local_regs_7_1_promoted_reload|        scalar|
|local_regs_7_0_promoted_reload    |   in|   32|     ap_none|    local_regs_7_0_promoted_reload|        scalar|
|local_regs_6_31_promoted_reload   |   in|   32|     ap_none|   local_regs_6_31_promoted_reload|        scalar|
|local_regs_6_30_promoted_reload   |   in|   32|     ap_none|   local_regs_6_30_promoted_reload|        scalar|
|local_regs_6_29_promoted_reload   |   in|   32|     ap_none|   local_regs_6_29_promoted_reload|        scalar|
|local_regs_6_28_promoted_reload   |   in|   32|     ap_none|   local_regs_6_28_promoted_reload|        scalar|
|local_regs_6_27_promoted_reload   |   in|   32|     ap_none|   local_regs_6_27_promoted_reload|        scalar|
|local_regs_6_26_promoted_reload   |   in|   32|     ap_none|   local_regs_6_26_promoted_reload|        scalar|
|local_regs_6_25_promoted_reload   |   in|   32|     ap_none|   local_regs_6_25_promoted_reload|        scalar|
|local_regs_6_24_promoted_reload   |   in|   32|     ap_none|   local_regs_6_24_promoted_reload|        scalar|
|local_regs_6_23_promoted_reload   |   in|   32|     ap_none|   local_regs_6_23_promoted_reload|        scalar|
|local_regs_6_22_promoted_reload   |   in|   32|     ap_none|   local_regs_6_22_promoted_reload|        scalar|
|local_regs_6_21_promoted_reload   |   in|   32|     ap_none|   local_regs_6_21_promoted_reload|        scalar|
|local_regs_6_20_promoted_reload   |   in|   32|     ap_none|   local_regs_6_20_promoted_reload|        scalar|
|local_regs_6_19_promoted_reload   |   in|   32|     ap_none|   local_regs_6_19_promoted_reload|        scalar|
|local_regs_6_18_promoted_reload   |   in|   32|     ap_none|   local_regs_6_18_promoted_reload|        scalar|
|local_regs_6_17_promoted_reload   |   in|   32|     ap_none|   local_regs_6_17_promoted_reload|        scalar|
|local_regs_6_16_promoted_reload   |   in|   32|     ap_none|   local_regs_6_16_promoted_reload|        scalar|
|local_regs_6_15_promoted_reload   |   in|   32|     ap_none|   local_regs_6_15_promoted_reload|        scalar|
|local_regs_6_14_promoted_reload   |   in|   32|     ap_none|   local_regs_6_14_promoted_reload|        scalar|
|local_regs_6_13_promoted_reload   |   in|   32|     ap_none|   local_regs_6_13_promoted_reload|        scalar|
|local_regs_6_12_promoted_reload   |   in|   32|     ap_none|   local_regs_6_12_promoted_reload|        scalar|
|local_regs_6_11_promoted_reload   |   in|   32|     ap_none|   local_regs_6_11_promoted_reload|        scalar|
|local_regs_6_10_promoted_reload   |   in|   32|     ap_none|   local_regs_6_10_promoted_reload|        scalar|
|local_regs_6_9_promoted_reload    |   in|   32|     ap_none|    local_regs_6_9_promoted_reload|        scalar|
|local_regs_6_8_promoted_reload    |   in|   32|     ap_none|    local_regs_6_8_promoted_reload|        scalar|
|local_regs_6_7_promoted_reload    |   in|   32|     ap_none|    local_regs_6_7_promoted_reload|        scalar|
|local_regs_6_6_promoted_reload    |   in|   32|     ap_none|    local_regs_6_6_promoted_reload|        scalar|
|local_regs_6_5_promoted_reload    |   in|   32|     ap_none|    local_regs_6_5_promoted_reload|        scalar|
|local_regs_6_4_promoted_reload    |   in|   32|     ap_none|    local_regs_6_4_promoted_reload|        scalar|
|local_regs_6_3_promoted_reload    |   in|   32|     ap_none|    local_regs_6_3_promoted_reload|        scalar|
|local_regs_6_2_promoted_reload    |   in|   32|     ap_none|    local_regs_6_2_promoted_reload|        scalar|
|local_regs_6_1_promoted_reload    |   in|   32|     ap_none|    local_regs_6_1_promoted_reload|        scalar|
|local_regs_6_0_promoted_reload    |   in|   32|     ap_none|    local_regs_6_0_promoted_reload|        scalar|
|local_regs_5_31_promoted_reload   |   in|   32|     ap_none|   local_regs_5_31_promoted_reload|        scalar|
|local_regs_5_30_promoted_reload   |   in|   32|     ap_none|   local_regs_5_30_promoted_reload|        scalar|
|local_regs_5_29_promoted_reload   |   in|   32|     ap_none|   local_regs_5_29_promoted_reload|        scalar|
|local_regs_5_28_promoted_reload   |   in|   32|     ap_none|   local_regs_5_28_promoted_reload|        scalar|
|local_regs_5_27_promoted_reload   |   in|   32|     ap_none|   local_regs_5_27_promoted_reload|        scalar|
|local_regs_5_26_promoted_reload   |   in|   32|     ap_none|   local_regs_5_26_promoted_reload|        scalar|
|local_regs_5_25_promoted_reload   |   in|   32|     ap_none|   local_regs_5_25_promoted_reload|        scalar|
|local_regs_5_24_promoted_reload   |   in|   32|     ap_none|   local_regs_5_24_promoted_reload|        scalar|
|local_regs_5_23_promoted_reload   |   in|   32|     ap_none|   local_regs_5_23_promoted_reload|        scalar|
|local_regs_5_22_promoted_reload   |   in|   32|     ap_none|   local_regs_5_22_promoted_reload|        scalar|
|local_regs_5_21_promoted_reload   |   in|   32|     ap_none|   local_regs_5_21_promoted_reload|        scalar|
|local_regs_5_20_promoted_reload   |   in|   32|     ap_none|   local_regs_5_20_promoted_reload|        scalar|
|local_regs_5_19_promoted_reload   |   in|   32|     ap_none|   local_regs_5_19_promoted_reload|        scalar|
|local_regs_5_18_promoted_reload   |   in|   32|     ap_none|   local_regs_5_18_promoted_reload|        scalar|
|local_regs_5_17_promoted_reload   |   in|   32|     ap_none|   local_regs_5_17_promoted_reload|        scalar|
|local_regs_5_16_promoted_reload   |   in|   32|     ap_none|   local_regs_5_16_promoted_reload|        scalar|
|local_regs_5_15_promoted_reload   |   in|   32|     ap_none|   local_regs_5_15_promoted_reload|        scalar|
|local_regs_5_14_promoted_reload   |   in|   32|     ap_none|   local_regs_5_14_promoted_reload|        scalar|
|local_regs_5_13_promoted_reload   |   in|   32|     ap_none|   local_regs_5_13_promoted_reload|        scalar|
|local_regs_5_12_promoted_reload   |   in|   32|     ap_none|   local_regs_5_12_promoted_reload|        scalar|
|local_regs_5_11_promoted_reload   |   in|   32|     ap_none|   local_regs_5_11_promoted_reload|        scalar|
|local_regs_5_10_promoted_reload   |   in|   32|     ap_none|   local_regs_5_10_promoted_reload|        scalar|
|local_regs_5_9_promoted_reload    |   in|   32|     ap_none|    local_regs_5_9_promoted_reload|        scalar|
|local_regs_5_8_promoted_reload    |   in|   32|     ap_none|    local_regs_5_8_promoted_reload|        scalar|
|local_regs_5_7_promoted_reload    |   in|   32|     ap_none|    local_regs_5_7_promoted_reload|        scalar|
|local_regs_5_6_promoted_reload    |   in|   32|     ap_none|    local_regs_5_6_promoted_reload|        scalar|
|local_regs_5_5_promoted_reload    |   in|   32|     ap_none|    local_regs_5_5_promoted_reload|        scalar|
|local_regs_5_4_promoted_reload    |   in|   32|     ap_none|    local_regs_5_4_promoted_reload|        scalar|
|local_regs_5_3_promoted_reload    |   in|   32|     ap_none|    local_regs_5_3_promoted_reload|        scalar|
|local_regs_5_2_promoted_reload    |   in|   32|     ap_none|    local_regs_5_2_promoted_reload|        scalar|
|local_regs_5_1_promoted_reload    |   in|   32|     ap_none|    local_regs_5_1_promoted_reload|        scalar|
|local_regs_5_0_promoted_reload    |   in|   32|     ap_none|    local_regs_5_0_promoted_reload|        scalar|
|local_regs_4_31_promoted_reload   |   in|   32|     ap_none|   local_regs_4_31_promoted_reload|        scalar|
|local_regs_4_30_promoted_reload   |   in|   32|     ap_none|   local_regs_4_30_promoted_reload|        scalar|
|local_regs_4_29_promoted_reload   |   in|   32|     ap_none|   local_regs_4_29_promoted_reload|        scalar|
|local_regs_4_28_promoted_reload   |   in|   32|     ap_none|   local_regs_4_28_promoted_reload|        scalar|
|local_regs_4_27_promoted_reload   |   in|   32|     ap_none|   local_regs_4_27_promoted_reload|        scalar|
|local_regs_4_26_promoted_reload   |   in|   32|     ap_none|   local_regs_4_26_promoted_reload|        scalar|
|local_regs_4_25_promoted_reload   |   in|   32|     ap_none|   local_regs_4_25_promoted_reload|        scalar|
|local_regs_4_24_promoted_reload   |   in|   32|     ap_none|   local_regs_4_24_promoted_reload|        scalar|
|local_regs_4_23_promoted_reload   |   in|   32|     ap_none|   local_regs_4_23_promoted_reload|        scalar|
|local_regs_4_22_promoted_reload   |   in|   32|     ap_none|   local_regs_4_22_promoted_reload|        scalar|
|local_regs_4_21_promoted_reload   |   in|   32|     ap_none|   local_regs_4_21_promoted_reload|        scalar|
|local_regs_4_20_promoted_reload   |   in|   32|     ap_none|   local_regs_4_20_promoted_reload|        scalar|
|local_regs_4_19_promoted_reload   |   in|   32|     ap_none|   local_regs_4_19_promoted_reload|        scalar|
|local_regs_4_18_promoted_reload   |   in|   32|     ap_none|   local_regs_4_18_promoted_reload|        scalar|
|local_regs_4_17_promoted_reload   |   in|   32|     ap_none|   local_regs_4_17_promoted_reload|        scalar|
|local_regs_4_16_promoted_reload   |   in|   32|     ap_none|   local_regs_4_16_promoted_reload|        scalar|
|local_regs_4_15_promoted_reload   |   in|   32|     ap_none|   local_regs_4_15_promoted_reload|        scalar|
|local_regs_4_14_promoted_reload   |   in|   32|     ap_none|   local_regs_4_14_promoted_reload|        scalar|
|local_regs_4_13_promoted_reload   |   in|   32|     ap_none|   local_regs_4_13_promoted_reload|        scalar|
|local_regs_4_12_promoted_reload   |   in|   32|     ap_none|   local_regs_4_12_promoted_reload|        scalar|
|local_regs_4_11_promoted_reload   |   in|   32|     ap_none|   local_regs_4_11_promoted_reload|        scalar|
|local_regs_4_10_promoted_reload   |   in|   32|     ap_none|   local_regs_4_10_promoted_reload|        scalar|
|local_regs_4_9_promoted_reload    |   in|   32|     ap_none|    local_regs_4_9_promoted_reload|        scalar|
|local_regs_4_8_promoted_reload    |   in|   32|     ap_none|    local_regs_4_8_promoted_reload|        scalar|
|local_regs_4_7_promoted_reload    |   in|   32|     ap_none|    local_regs_4_7_promoted_reload|        scalar|
|local_regs_4_6_promoted_reload    |   in|   32|     ap_none|    local_regs_4_6_promoted_reload|        scalar|
|local_regs_4_5_promoted_reload    |   in|   32|     ap_none|    local_regs_4_5_promoted_reload|        scalar|
|local_regs_4_4_promoted_reload    |   in|   32|     ap_none|    local_regs_4_4_promoted_reload|        scalar|
|local_regs_4_3_promoted_reload    |   in|   32|     ap_none|    local_regs_4_3_promoted_reload|        scalar|
|local_regs_4_2_promoted_reload    |   in|   32|     ap_none|    local_regs_4_2_promoted_reload|        scalar|
|local_regs_4_1_promoted_reload    |   in|   32|     ap_none|    local_regs_4_1_promoted_reload|        scalar|
|local_regs_4_0_promoted_reload    |   in|   32|     ap_none|    local_regs_4_0_promoted_reload|        scalar|
|local_regs_3_31_promoted_reload   |   in|   32|     ap_none|   local_regs_3_31_promoted_reload|        scalar|
|local_regs_3_30_promoted_reload   |   in|   32|     ap_none|   local_regs_3_30_promoted_reload|        scalar|
|local_regs_3_29_promoted_reload   |   in|   32|     ap_none|   local_regs_3_29_promoted_reload|        scalar|
|local_regs_3_28_promoted_reload   |   in|   32|     ap_none|   local_regs_3_28_promoted_reload|        scalar|
|local_regs_3_27_promoted_reload   |   in|   32|     ap_none|   local_regs_3_27_promoted_reload|        scalar|
|local_regs_3_26_promoted_reload   |   in|   32|     ap_none|   local_regs_3_26_promoted_reload|        scalar|
|local_regs_3_25_promoted_reload   |   in|   32|     ap_none|   local_regs_3_25_promoted_reload|        scalar|
|local_regs_3_24_promoted_reload   |   in|   32|     ap_none|   local_regs_3_24_promoted_reload|        scalar|
|local_regs_3_23_promoted_reload   |   in|   32|     ap_none|   local_regs_3_23_promoted_reload|        scalar|
|local_regs_3_22_promoted_reload   |   in|   32|     ap_none|   local_regs_3_22_promoted_reload|        scalar|
|local_regs_3_21_promoted_reload   |   in|   32|     ap_none|   local_regs_3_21_promoted_reload|        scalar|
|local_regs_3_20_promoted_reload   |   in|   32|     ap_none|   local_regs_3_20_promoted_reload|        scalar|
|local_regs_3_19_promoted_reload   |   in|   32|     ap_none|   local_regs_3_19_promoted_reload|        scalar|
|local_regs_3_18_promoted_reload   |   in|   32|     ap_none|   local_regs_3_18_promoted_reload|        scalar|
|local_regs_3_17_promoted_reload   |   in|   32|     ap_none|   local_regs_3_17_promoted_reload|        scalar|
|local_regs_3_16_promoted_reload   |   in|   32|     ap_none|   local_regs_3_16_promoted_reload|        scalar|
|local_regs_3_15_promoted_reload   |   in|   32|     ap_none|   local_regs_3_15_promoted_reload|        scalar|
|local_regs_3_14_promoted_reload   |   in|   32|     ap_none|   local_regs_3_14_promoted_reload|        scalar|
|local_regs_3_13_promoted_reload   |   in|   32|     ap_none|   local_regs_3_13_promoted_reload|        scalar|
|local_regs_3_12_promoted_reload   |   in|   32|     ap_none|   local_regs_3_12_promoted_reload|        scalar|
|local_regs_3_11_promoted_reload   |   in|   32|     ap_none|   local_regs_3_11_promoted_reload|        scalar|
|local_regs_3_10_promoted_reload   |   in|   32|     ap_none|   local_regs_3_10_promoted_reload|        scalar|
|local_regs_3_9_promoted_reload    |   in|   32|     ap_none|    local_regs_3_9_promoted_reload|        scalar|
|local_regs_3_8_promoted_reload    |   in|   32|     ap_none|    local_regs_3_8_promoted_reload|        scalar|
|local_regs_3_7_promoted_reload    |   in|   32|     ap_none|    local_regs_3_7_promoted_reload|        scalar|
|local_regs_3_6_promoted_reload    |   in|   32|     ap_none|    local_regs_3_6_promoted_reload|        scalar|
|local_regs_3_5_promoted_reload    |   in|   32|     ap_none|    local_regs_3_5_promoted_reload|        scalar|
|local_regs_3_4_promoted_reload    |   in|   32|     ap_none|    local_regs_3_4_promoted_reload|        scalar|
|local_regs_3_3_promoted_reload    |   in|   32|     ap_none|    local_regs_3_3_promoted_reload|        scalar|
|local_regs_3_2_promoted_reload    |   in|   32|     ap_none|    local_regs_3_2_promoted_reload|        scalar|
|local_regs_3_1_promoted_reload    |   in|   32|     ap_none|    local_regs_3_1_promoted_reload|        scalar|
|local_regs_3_0_promoted_reload    |   in|   32|     ap_none|    local_regs_3_0_promoted_reload|        scalar|
|local_regs_2_31_promoted_reload   |   in|   32|     ap_none|   local_regs_2_31_promoted_reload|        scalar|
|local_regs_2_30_promoted_reload   |   in|   32|     ap_none|   local_regs_2_30_promoted_reload|        scalar|
|local_regs_2_29_promoted_reload   |   in|   32|     ap_none|   local_regs_2_29_promoted_reload|        scalar|
|local_regs_2_28_promoted_reload   |   in|   32|     ap_none|   local_regs_2_28_promoted_reload|        scalar|
|local_regs_2_27_promoted_reload   |   in|   32|     ap_none|   local_regs_2_27_promoted_reload|        scalar|
|local_regs_2_26_promoted_reload   |   in|   32|     ap_none|   local_regs_2_26_promoted_reload|        scalar|
|local_regs_2_25_promoted_reload   |   in|   32|     ap_none|   local_regs_2_25_promoted_reload|        scalar|
|local_regs_2_24_promoted_reload   |   in|   32|     ap_none|   local_regs_2_24_promoted_reload|        scalar|
|local_regs_2_23_promoted_reload   |   in|   32|     ap_none|   local_regs_2_23_promoted_reload|        scalar|
|local_regs_2_22_promoted_reload   |   in|   32|     ap_none|   local_regs_2_22_promoted_reload|        scalar|
|local_regs_2_21_promoted_reload   |   in|   32|     ap_none|   local_regs_2_21_promoted_reload|        scalar|
|local_regs_2_20_promoted_reload   |   in|   32|     ap_none|   local_regs_2_20_promoted_reload|        scalar|
|local_regs_2_19_promoted_reload   |   in|   32|     ap_none|   local_regs_2_19_promoted_reload|        scalar|
|local_regs_2_18_promoted_reload   |   in|   32|     ap_none|   local_regs_2_18_promoted_reload|        scalar|
|local_regs_2_17_promoted_reload   |   in|   32|     ap_none|   local_regs_2_17_promoted_reload|        scalar|
|local_regs_2_16_promoted_reload   |   in|   32|     ap_none|   local_regs_2_16_promoted_reload|        scalar|
|local_regs_2_15_promoted_reload   |   in|   32|     ap_none|   local_regs_2_15_promoted_reload|        scalar|
|local_regs_2_14_promoted_reload   |   in|   32|     ap_none|   local_regs_2_14_promoted_reload|        scalar|
|local_regs_2_13_promoted_reload   |   in|   32|     ap_none|   local_regs_2_13_promoted_reload|        scalar|
|local_regs_2_12_promoted_reload   |   in|   32|     ap_none|   local_regs_2_12_promoted_reload|        scalar|
|local_regs_2_11_promoted_reload   |   in|   32|     ap_none|   local_regs_2_11_promoted_reload|        scalar|
|local_regs_2_10_promoted_reload   |   in|   32|     ap_none|   local_regs_2_10_promoted_reload|        scalar|
|local_regs_2_9_promoted_reload    |   in|   32|     ap_none|    local_regs_2_9_promoted_reload|        scalar|
|local_regs_2_8_promoted_reload    |   in|   32|     ap_none|    local_regs_2_8_promoted_reload|        scalar|
|local_regs_2_7_promoted_reload    |   in|   32|     ap_none|    local_regs_2_7_promoted_reload|        scalar|
|local_regs_2_6_promoted_reload    |   in|   32|     ap_none|    local_regs_2_6_promoted_reload|        scalar|
|local_regs_2_5_promoted_reload    |   in|   32|     ap_none|    local_regs_2_5_promoted_reload|        scalar|
|local_regs_2_4_promoted_reload    |   in|   32|     ap_none|    local_regs_2_4_promoted_reload|        scalar|
|local_regs_2_3_promoted_reload    |   in|   32|     ap_none|    local_regs_2_3_promoted_reload|        scalar|
|local_regs_2_2_promoted_reload    |   in|   32|     ap_none|    local_regs_2_2_promoted_reload|        scalar|
|local_regs_2_1_promoted_reload    |   in|   32|     ap_none|    local_regs_2_1_promoted_reload|        scalar|
|local_regs_2_0_promoted_reload    |   in|   32|     ap_none|    local_regs_2_0_promoted_reload|        scalar|
|local_regs_1_31_promoted_reload   |   in|   32|     ap_none|   local_regs_1_31_promoted_reload|        scalar|
|local_regs_1_30_promoted_reload   |   in|   32|     ap_none|   local_regs_1_30_promoted_reload|        scalar|
|local_regs_1_29_promoted_reload   |   in|   32|     ap_none|   local_regs_1_29_promoted_reload|        scalar|
|local_regs_1_28_promoted_reload   |   in|   32|     ap_none|   local_regs_1_28_promoted_reload|        scalar|
|local_regs_1_27_promoted_reload   |   in|   32|     ap_none|   local_regs_1_27_promoted_reload|        scalar|
|local_regs_1_26_promoted_reload   |   in|   32|     ap_none|   local_regs_1_26_promoted_reload|        scalar|
|local_regs_1_25_promoted_reload   |   in|   32|     ap_none|   local_regs_1_25_promoted_reload|        scalar|
|local_regs_1_24_promoted_reload   |   in|   32|     ap_none|   local_regs_1_24_promoted_reload|        scalar|
|local_regs_1_23_promoted_reload   |   in|   32|     ap_none|   local_regs_1_23_promoted_reload|        scalar|
|local_regs_1_22_promoted_reload   |   in|   32|     ap_none|   local_regs_1_22_promoted_reload|        scalar|
|local_regs_1_21_promoted_reload   |   in|   32|     ap_none|   local_regs_1_21_promoted_reload|        scalar|
|local_regs_1_20_promoted_reload   |   in|   32|     ap_none|   local_regs_1_20_promoted_reload|        scalar|
|local_regs_1_19_promoted_reload   |   in|   32|     ap_none|   local_regs_1_19_promoted_reload|        scalar|
|local_regs_1_18_promoted_reload   |   in|   32|     ap_none|   local_regs_1_18_promoted_reload|        scalar|
|local_regs_1_17_promoted_reload   |   in|   32|     ap_none|   local_regs_1_17_promoted_reload|        scalar|
|local_regs_1_16_promoted_reload   |   in|   32|     ap_none|   local_regs_1_16_promoted_reload|        scalar|
|local_regs_1_15_promoted_reload   |   in|   32|     ap_none|   local_regs_1_15_promoted_reload|        scalar|
|local_regs_1_14_promoted_reload   |   in|   32|     ap_none|   local_regs_1_14_promoted_reload|        scalar|
|local_regs_1_13_promoted_reload   |   in|   32|     ap_none|   local_regs_1_13_promoted_reload|        scalar|
|local_regs_1_12_promoted_reload   |   in|   32|     ap_none|   local_regs_1_12_promoted_reload|        scalar|
|local_regs_1_11_promoted_reload   |   in|   32|     ap_none|   local_regs_1_11_promoted_reload|        scalar|
|local_regs_1_10_promoted_reload   |   in|   32|     ap_none|   local_regs_1_10_promoted_reload|        scalar|
|local_regs_1_9_promoted_reload    |   in|   32|     ap_none|    local_regs_1_9_promoted_reload|        scalar|
|local_regs_1_8_promoted_reload    |   in|   32|     ap_none|    local_regs_1_8_promoted_reload|        scalar|
|local_regs_1_7_promoted_reload    |   in|   32|     ap_none|    local_regs_1_7_promoted_reload|        scalar|
|local_regs_1_6_promoted_reload    |   in|   32|     ap_none|    local_regs_1_6_promoted_reload|        scalar|
|local_regs_1_5_promoted_reload    |   in|   32|     ap_none|    local_regs_1_5_promoted_reload|        scalar|
|local_regs_1_4_promoted_reload    |   in|   32|     ap_none|    local_regs_1_4_promoted_reload|        scalar|
|local_regs_1_3_promoted_reload    |   in|   32|     ap_none|    local_regs_1_3_promoted_reload|        scalar|
|local_regs_1_2_promoted_reload    |   in|   32|     ap_none|    local_regs_1_2_promoted_reload|        scalar|
|local_regs_1_1_promoted_reload    |   in|   32|     ap_none|    local_regs_1_1_promoted_reload|        scalar|
|local_regs_1_0_promoted_reload    |   in|   32|     ap_none|    local_regs_1_0_promoted_reload|        scalar|
|local_regs_0_31_promoted_reload   |   in|   32|     ap_none|   local_regs_0_31_promoted_reload|        scalar|
|local_regs_0_30_promoted_reload   |   in|   32|     ap_none|   local_regs_0_30_promoted_reload|        scalar|
|local_regs_0_29_promoted_reload   |   in|   32|     ap_none|   local_regs_0_29_promoted_reload|        scalar|
|local_regs_0_28_promoted_reload   |   in|   32|     ap_none|   local_regs_0_28_promoted_reload|        scalar|
|local_regs_0_27_promoted_reload   |   in|   32|     ap_none|   local_regs_0_27_promoted_reload|        scalar|
|local_regs_0_26_promoted_reload   |   in|   32|     ap_none|   local_regs_0_26_promoted_reload|        scalar|
|local_regs_V_25_0_reload          |   in|   32|     ap_none|          local_regs_V_25_0_reload|        scalar|
|local_regs_V_24_0_reload          |   in|   32|     ap_none|          local_regs_V_24_0_reload|        scalar|
|local_regs_V_23_0_reload          |   in|   32|     ap_none|          local_regs_V_23_0_reload|        scalar|
|local_regs_V_22_0_reload          |   in|   32|     ap_none|          local_regs_V_22_0_reload|        scalar|
|local_regs_V_21_0_reload          |   in|   32|     ap_none|          local_regs_V_21_0_reload|        scalar|
|local_regs_V_20_0_reload          |   in|   32|     ap_none|          local_regs_V_20_0_reload|        scalar|
|local_regs_V_19_0_reload          |   in|   32|     ap_none|          local_regs_V_19_0_reload|        scalar|
|local_regs_V_18_0_reload          |   in|   32|     ap_none|          local_regs_V_18_0_reload|        scalar|
|local_regs_V_17_0_reload          |   in|   32|     ap_none|          local_regs_V_17_0_reload|        scalar|
|local_regs_V_16_0_reload          |   in|   32|     ap_none|          local_regs_V_16_0_reload|        scalar|
|local_regs_V_15_0_reload          |   in|   32|     ap_none|          local_regs_V_15_0_reload|        scalar|
|local_regs_V_14_0_reload          |   in|   32|     ap_none|          local_regs_V_14_0_reload|        scalar|
|local_regs_V_13_0_reload          |   in|   32|     ap_none|          local_regs_V_13_0_reload|        scalar|
|local_regs_V_12_0_reload          |   in|   32|     ap_none|          local_regs_V_12_0_reload|        scalar|
|local_regs_V_11_0_reload          |   in|   32|     ap_none|          local_regs_V_11_0_reload|        scalar|
|local_regs_V_10_0_reload          |   in|   32|     ap_none|          local_regs_V_10_0_reload|        scalar|
|local_regs_V_9_0_reload           |   in|   32|     ap_none|           local_regs_V_9_0_reload|        scalar|
|local_regs_V_8_0_reload           |   in|   32|     ap_none|           local_regs_V_8_0_reload|        scalar|
|local_regs_V_7_0_reload           |   in|   32|     ap_none|           local_regs_V_7_0_reload|        scalar|
|local_regs_V_6_0_reload           |   in|   32|     ap_none|           local_regs_V_6_0_reload|        scalar|
|local_regs_V_5_0_reload           |   in|   32|     ap_none|           local_regs_V_5_0_reload|        scalar|
|local_regs_V_4_0_reload           |   in|   32|     ap_none|           local_regs_V_4_0_reload|        scalar|
|local_regs_V_3_0_reload           |   in|   32|     ap_none|           local_regs_V_3_0_reload|        scalar|
|local_regs_V_2_0_reload           |   in|   32|     ap_none|           local_regs_V_2_0_reload|        scalar|
|local_regs_V_1_0_reload           |   in|   32|     ap_none|           local_regs_V_1_0_reload|        scalar|
|local_regs_V_0_reload             |   in|   32|     ap_none|             local_regs_V_0_reload|        scalar|
|big_tile_A_0_load                 |   in|  256|     ap_none|                 big_tile_A_0_load|        scalar|
|big_tile_A_1_load                 |   in|  256|     ap_none|                 big_tile_A_1_load|        scalar|
|big_tile_A_2_load                 |   in|  256|     ap_none|                 big_tile_A_2_load|        scalar|
|big_tile_A_3_load                 |   in|  256|     ap_none|                 big_tile_A_3_load|        scalar|
|big_tile_A_4_load                 |   in|  256|     ap_none|                 big_tile_A_4_load|        scalar|
|big_tile_A_5_load                 |   in|  256|     ap_none|                 big_tile_A_5_load|        scalar|
|big_tile_A_6_load                 |   in|  256|     ap_none|                 big_tile_A_6_load|        scalar|
|big_tile_A_7_load                 |   in|  256|     ap_none|                 big_tile_A_7_load|        scalar|
|big_tile_A_8_load                 |   in|  256|     ap_none|                 big_tile_A_8_load|        scalar|
|big_tile_A_9_load                 |   in|  256|     ap_none|                 big_tile_A_9_load|        scalar|
|big_tile_A_10_load                |   in|  256|     ap_none|                big_tile_A_10_load|        scalar|
|big_tile_A_11_load                |   in|  256|     ap_none|                big_tile_A_11_load|        scalar|
|big_tile_A_12_load                |   in|  256|     ap_none|                big_tile_A_12_load|        scalar|
|big_tile_A_13_load                |   in|  256|     ap_none|                big_tile_A_13_load|        scalar|
|big_tile_A_14_load                |   in|  256|     ap_none|                big_tile_A_14_load|        scalar|
|big_tile_A_15_load                |   in|  256|     ap_none|                big_tile_A_15_load|        scalar|
|big_tile_A_0_load_1               |   in|  256|     ap_none|               big_tile_A_0_load_1|        scalar|
|big_tile_A_1_load_1               |   in|  256|     ap_none|               big_tile_A_1_load_1|        scalar|
|big_tile_A_2_load_1               |   in|  256|     ap_none|               big_tile_A_2_load_1|        scalar|
|big_tile_A_3_load_1               |   in|  256|     ap_none|               big_tile_A_3_load_1|        scalar|
|big_tile_A_4_load_1               |   in|  256|     ap_none|               big_tile_A_4_load_1|        scalar|
|big_tile_A_5_load_1               |   in|  256|     ap_none|               big_tile_A_5_load_1|        scalar|
|big_tile_A_6_load_1               |   in|  256|     ap_none|               big_tile_A_6_load_1|        scalar|
|big_tile_A_7_load_1               |   in|  256|     ap_none|               big_tile_A_7_load_1|        scalar|
|big_tile_A_8_load_1               |   in|  256|     ap_none|               big_tile_A_8_load_1|        scalar|
|big_tile_A_9_load_1               |   in|  256|     ap_none|               big_tile_A_9_load_1|        scalar|
|big_tile_A_10_load_1              |   in|  256|     ap_none|              big_tile_A_10_load_1|        scalar|
|big_tile_A_11_load_1              |   in|  256|     ap_none|              big_tile_A_11_load_1|        scalar|
|big_tile_A_12_load_1              |   in|  256|     ap_none|              big_tile_A_12_load_1|        scalar|
|big_tile_A_13_load_1              |   in|  256|     ap_none|              big_tile_A_13_load_1|        scalar|
|big_tile_A_14_load_1              |   in|  256|     ap_none|              big_tile_A_14_load_1|        scalar|
|big_tile_A_15_load_1              |   in|  256|     ap_none|              big_tile_A_15_load_1|        scalar|
|big_tile_B_address0               |  out|    5|   ap_memory|                        big_tile_B|         array|
|big_tile_B_ce0                    |  out|    1|   ap_memory|                        big_tile_B|         array|
|big_tile_B_q0                     |   in|  256|   ap_memory|                        big_tile_B|         array|
|local_regs_V_out                  |  out|   32|      ap_vld|                  local_regs_V_out|       pointer|
|local_regs_V_out_ap_vld           |  out|    1|      ap_vld|                  local_regs_V_out|       pointer|
|local_regs_V_1_out                |  out|   32|      ap_vld|                local_regs_V_1_out|       pointer|
|local_regs_V_1_out_ap_vld         |  out|    1|      ap_vld|                local_regs_V_1_out|       pointer|
|local_regs_V_2_out                |  out|   32|      ap_vld|                local_regs_V_2_out|       pointer|
|local_regs_V_2_out_ap_vld         |  out|    1|      ap_vld|                local_regs_V_2_out|       pointer|
|local_regs_V_3_out                |  out|   32|      ap_vld|                local_regs_V_3_out|       pointer|
|local_regs_V_3_out_ap_vld         |  out|    1|      ap_vld|                local_regs_V_3_out|       pointer|
|local_regs_V_4_out                |  out|   32|      ap_vld|                local_regs_V_4_out|       pointer|
|local_regs_V_4_out_ap_vld         |  out|    1|      ap_vld|                local_regs_V_4_out|       pointer|
|local_regs_V_5_out                |  out|   32|      ap_vld|                local_regs_V_5_out|       pointer|
|local_regs_V_5_out_ap_vld         |  out|    1|      ap_vld|                local_regs_V_5_out|       pointer|
|local_regs_V_6_out                |  out|   32|      ap_vld|                local_regs_V_6_out|       pointer|
|local_regs_V_6_out_ap_vld         |  out|    1|      ap_vld|                local_regs_V_6_out|       pointer|
|local_regs_V_7_out                |  out|   32|      ap_vld|                local_regs_V_7_out|       pointer|
|local_regs_V_7_out_ap_vld         |  out|    1|      ap_vld|                local_regs_V_7_out|       pointer|
|local_regs_V_8_out                |  out|   32|      ap_vld|                local_regs_V_8_out|       pointer|
|local_regs_V_8_out_ap_vld         |  out|    1|      ap_vld|                local_regs_V_8_out|       pointer|
|local_regs_V_9_out                |  out|   32|      ap_vld|                local_regs_V_9_out|       pointer|
|local_regs_V_9_out_ap_vld         |  out|    1|      ap_vld|                local_regs_V_9_out|       pointer|
|local_regs_V_10_out               |  out|   32|      ap_vld|               local_regs_V_10_out|       pointer|
|local_regs_V_10_out_ap_vld        |  out|    1|      ap_vld|               local_regs_V_10_out|       pointer|
|local_regs_V_11_out               |  out|   32|      ap_vld|               local_regs_V_11_out|       pointer|
|local_regs_V_11_out_ap_vld        |  out|    1|      ap_vld|               local_regs_V_11_out|       pointer|
|local_regs_V_12_out               |  out|   32|      ap_vld|               local_regs_V_12_out|       pointer|
|local_regs_V_12_out_ap_vld        |  out|    1|      ap_vld|               local_regs_V_12_out|       pointer|
|local_regs_V_13_out               |  out|   32|      ap_vld|               local_regs_V_13_out|       pointer|
|local_regs_V_13_out_ap_vld        |  out|    1|      ap_vld|               local_regs_V_13_out|       pointer|
|local_regs_V_14_out               |  out|   32|      ap_vld|               local_regs_V_14_out|       pointer|
|local_regs_V_14_out_ap_vld        |  out|    1|      ap_vld|               local_regs_V_14_out|       pointer|
|local_regs_V_15_out               |  out|   32|      ap_vld|               local_regs_V_15_out|       pointer|
|local_regs_V_15_out_ap_vld        |  out|    1|      ap_vld|               local_regs_V_15_out|       pointer|
|local_regs_V_16_out               |  out|   32|      ap_vld|               local_regs_V_16_out|       pointer|
|local_regs_V_16_out_ap_vld        |  out|    1|      ap_vld|               local_regs_V_16_out|       pointer|
|local_regs_V_17_out               |  out|   32|      ap_vld|               local_regs_V_17_out|       pointer|
|local_regs_V_17_out_ap_vld        |  out|    1|      ap_vld|               local_regs_V_17_out|       pointer|
|local_regs_V_18_out               |  out|   32|      ap_vld|               local_regs_V_18_out|       pointer|
|local_regs_V_18_out_ap_vld        |  out|    1|      ap_vld|               local_regs_V_18_out|       pointer|
|local_regs_V_19_out               |  out|   32|      ap_vld|               local_regs_V_19_out|       pointer|
|local_regs_V_19_out_ap_vld        |  out|    1|      ap_vld|               local_regs_V_19_out|       pointer|
|local_regs_V_20_out               |  out|   32|      ap_vld|               local_regs_V_20_out|       pointer|
|local_regs_V_20_out_ap_vld        |  out|    1|      ap_vld|               local_regs_V_20_out|       pointer|
|local_regs_V_21_out               |  out|   32|      ap_vld|               local_regs_V_21_out|       pointer|
|local_regs_V_21_out_ap_vld        |  out|    1|      ap_vld|               local_regs_V_21_out|       pointer|
|local_regs_V_22_out               |  out|   32|      ap_vld|               local_regs_V_22_out|       pointer|
|local_regs_V_22_out_ap_vld        |  out|    1|      ap_vld|               local_regs_V_22_out|       pointer|
|local_regs_V_23_out               |  out|   32|      ap_vld|               local_regs_V_23_out|       pointer|
|local_regs_V_23_out_ap_vld        |  out|    1|      ap_vld|               local_regs_V_23_out|       pointer|
|local_regs_V_24_out               |  out|   32|      ap_vld|               local_regs_V_24_out|       pointer|
|local_regs_V_24_out_ap_vld        |  out|    1|      ap_vld|               local_regs_V_24_out|       pointer|
|local_regs_V_25_out               |  out|   32|      ap_vld|               local_regs_V_25_out|       pointer|
|local_regs_V_25_out_ap_vld        |  out|    1|      ap_vld|               local_regs_V_25_out|       pointer|
|local_regs_V_26_out               |  out|   32|      ap_vld|               local_regs_V_26_out|       pointer|
|local_regs_V_26_out_ap_vld        |  out|    1|      ap_vld|               local_regs_V_26_out|       pointer|
|local_regs_V_27_out               |  out|   32|      ap_vld|               local_regs_V_27_out|       pointer|
|local_regs_V_27_out_ap_vld        |  out|    1|      ap_vld|               local_regs_V_27_out|       pointer|
|local_regs_V_28_out               |  out|   32|      ap_vld|               local_regs_V_28_out|       pointer|
|local_regs_V_28_out_ap_vld        |  out|    1|      ap_vld|               local_regs_V_28_out|       pointer|
|local_regs_V_29_out               |  out|   32|      ap_vld|               local_regs_V_29_out|       pointer|
|local_regs_V_29_out_ap_vld        |  out|    1|      ap_vld|               local_regs_V_29_out|       pointer|
|local_regs_V_30_out               |  out|   32|      ap_vld|               local_regs_V_30_out|       pointer|
|local_regs_V_30_out_ap_vld        |  out|    1|      ap_vld|               local_regs_V_30_out|       pointer|
|local_regs_V_31_out               |  out|   32|      ap_vld|               local_regs_V_31_out|       pointer|
|local_regs_V_31_out_ap_vld        |  out|    1|      ap_vld|               local_regs_V_31_out|       pointer|
|local_regs_V_32_out               |  out|   32|      ap_vld|               local_regs_V_32_out|       pointer|
|local_regs_V_32_out_ap_vld        |  out|    1|      ap_vld|               local_regs_V_32_out|       pointer|
|local_regs_V_33_out               |  out|   32|      ap_vld|               local_regs_V_33_out|       pointer|
|local_regs_V_33_out_ap_vld        |  out|    1|      ap_vld|               local_regs_V_33_out|       pointer|
|local_regs_V_34_out               |  out|   32|      ap_vld|               local_regs_V_34_out|       pointer|
|local_regs_V_34_out_ap_vld        |  out|    1|      ap_vld|               local_regs_V_34_out|       pointer|
|local_regs_V_35_out               |  out|   32|      ap_vld|               local_regs_V_35_out|       pointer|
|local_regs_V_35_out_ap_vld        |  out|    1|      ap_vld|               local_regs_V_35_out|       pointer|
|local_regs_V_36_out               |  out|   32|      ap_vld|               local_regs_V_36_out|       pointer|
|local_regs_V_36_out_ap_vld        |  out|    1|      ap_vld|               local_regs_V_36_out|       pointer|
|local_regs_V_37_out               |  out|   32|      ap_vld|               local_regs_V_37_out|       pointer|
|local_regs_V_37_out_ap_vld        |  out|    1|      ap_vld|               local_regs_V_37_out|       pointer|
|local_regs_V_38_out               |  out|   32|      ap_vld|               local_regs_V_38_out|       pointer|
|local_regs_V_38_out_ap_vld        |  out|    1|      ap_vld|               local_regs_V_38_out|       pointer|
|local_regs_V_39_out               |  out|   32|      ap_vld|               local_regs_V_39_out|       pointer|
|local_regs_V_39_out_ap_vld        |  out|    1|      ap_vld|               local_regs_V_39_out|       pointer|
|local_regs_V_40_out               |  out|   32|      ap_vld|               local_regs_V_40_out|       pointer|
|local_regs_V_40_out_ap_vld        |  out|    1|      ap_vld|               local_regs_V_40_out|       pointer|
|local_regs_V_41_out               |  out|   32|      ap_vld|               local_regs_V_41_out|       pointer|
|local_regs_V_41_out_ap_vld        |  out|    1|      ap_vld|               local_regs_V_41_out|       pointer|
|local_regs_V_42_out               |  out|   32|      ap_vld|               local_regs_V_42_out|       pointer|
|local_regs_V_42_out_ap_vld        |  out|    1|      ap_vld|               local_regs_V_42_out|       pointer|
|local_regs_V_43_out               |  out|   32|      ap_vld|               local_regs_V_43_out|       pointer|
|local_regs_V_43_out_ap_vld        |  out|    1|      ap_vld|               local_regs_V_43_out|       pointer|
|local_regs_V_44_out               |  out|   32|      ap_vld|               local_regs_V_44_out|       pointer|
|local_regs_V_44_out_ap_vld        |  out|    1|      ap_vld|               local_regs_V_44_out|       pointer|
|local_regs_V_45_out               |  out|   32|      ap_vld|               local_regs_V_45_out|       pointer|
|local_regs_V_45_out_ap_vld        |  out|    1|      ap_vld|               local_regs_V_45_out|       pointer|
|local_regs_V_46_out               |  out|   32|      ap_vld|               local_regs_V_46_out|       pointer|
|local_regs_V_46_out_ap_vld        |  out|    1|      ap_vld|               local_regs_V_46_out|       pointer|
|local_regs_V_47_out               |  out|   32|      ap_vld|               local_regs_V_47_out|       pointer|
|local_regs_V_47_out_ap_vld        |  out|    1|      ap_vld|               local_regs_V_47_out|       pointer|
|local_regs_V_48_out               |  out|   32|      ap_vld|               local_regs_V_48_out|       pointer|
|local_regs_V_48_out_ap_vld        |  out|    1|      ap_vld|               local_regs_V_48_out|       pointer|
|local_regs_V_49_out               |  out|   32|      ap_vld|               local_regs_V_49_out|       pointer|
|local_regs_V_49_out_ap_vld        |  out|    1|      ap_vld|               local_regs_V_49_out|       pointer|
|local_regs_V_50_out               |  out|   32|      ap_vld|               local_regs_V_50_out|       pointer|
|local_regs_V_50_out_ap_vld        |  out|    1|      ap_vld|               local_regs_V_50_out|       pointer|
|local_regs_V_51_out               |  out|   32|      ap_vld|               local_regs_V_51_out|       pointer|
|local_regs_V_51_out_ap_vld        |  out|    1|      ap_vld|               local_regs_V_51_out|       pointer|
|local_regs_V_52_out               |  out|   32|      ap_vld|               local_regs_V_52_out|       pointer|
|local_regs_V_52_out_ap_vld        |  out|    1|      ap_vld|               local_regs_V_52_out|       pointer|
|local_regs_V_53_out               |  out|   32|      ap_vld|               local_regs_V_53_out|       pointer|
|local_regs_V_53_out_ap_vld        |  out|    1|      ap_vld|               local_regs_V_53_out|       pointer|
|local_regs_V_54_out               |  out|   32|      ap_vld|               local_regs_V_54_out|       pointer|
|local_regs_V_54_out_ap_vld        |  out|    1|      ap_vld|               local_regs_V_54_out|       pointer|
|local_regs_V_55_out               |  out|   32|      ap_vld|               local_regs_V_55_out|       pointer|
|local_regs_V_55_out_ap_vld        |  out|    1|      ap_vld|               local_regs_V_55_out|       pointer|
|local_regs_V_56_out               |  out|   32|      ap_vld|               local_regs_V_56_out|       pointer|
|local_regs_V_56_out_ap_vld        |  out|    1|      ap_vld|               local_regs_V_56_out|       pointer|
|local_regs_V_57_out               |  out|   32|      ap_vld|               local_regs_V_57_out|       pointer|
|local_regs_V_57_out_ap_vld        |  out|    1|      ap_vld|               local_regs_V_57_out|       pointer|
|local_regs_V_58_out               |  out|   32|      ap_vld|               local_regs_V_58_out|       pointer|
|local_regs_V_58_out_ap_vld        |  out|    1|      ap_vld|               local_regs_V_58_out|       pointer|
|local_regs_V_59_out               |  out|   32|      ap_vld|               local_regs_V_59_out|       pointer|
|local_regs_V_59_out_ap_vld        |  out|    1|      ap_vld|               local_regs_V_59_out|       pointer|
|local_regs_V_60_out               |  out|   32|      ap_vld|               local_regs_V_60_out|       pointer|
|local_regs_V_60_out_ap_vld        |  out|    1|      ap_vld|               local_regs_V_60_out|       pointer|
|local_regs_V_61_out               |  out|   32|      ap_vld|               local_regs_V_61_out|       pointer|
|local_regs_V_61_out_ap_vld        |  out|    1|      ap_vld|               local_regs_V_61_out|       pointer|
|local_regs_V_62_out               |  out|   32|      ap_vld|               local_regs_V_62_out|       pointer|
|local_regs_V_62_out_ap_vld        |  out|    1|      ap_vld|               local_regs_V_62_out|       pointer|
|local_regs_V_63_out               |  out|   32|      ap_vld|               local_regs_V_63_out|       pointer|
|local_regs_V_63_out_ap_vld        |  out|    1|      ap_vld|               local_regs_V_63_out|       pointer|
|local_regs_V_64_out               |  out|   32|      ap_vld|               local_regs_V_64_out|       pointer|
|local_regs_V_64_out_ap_vld        |  out|    1|      ap_vld|               local_regs_V_64_out|       pointer|
|local_regs_V_65_out               |  out|   32|      ap_vld|               local_regs_V_65_out|       pointer|
|local_regs_V_65_out_ap_vld        |  out|    1|      ap_vld|               local_regs_V_65_out|       pointer|
|local_regs_V_66_out               |  out|   32|      ap_vld|               local_regs_V_66_out|       pointer|
|local_regs_V_66_out_ap_vld        |  out|    1|      ap_vld|               local_regs_V_66_out|       pointer|
|local_regs_V_67_out               |  out|   32|      ap_vld|               local_regs_V_67_out|       pointer|
|local_regs_V_67_out_ap_vld        |  out|    1|      ap_vld|               local_regs_V_67_out|       pointer|
|local_regs_V_68_out               |  out|   32|      ap_vld|               local_regs_V_68_out|       pointer|
|local_regs_V_68_out_ap_vld        |  out|    1|      ap_vld|               local_regs_V_68_out|       pointer|
|local_regs_V_69_out               |  out|   32|      ap_vld|               local_regs_V_69_out|       pointer|
|local_regs_V_69_out_ap_vld        |  out|    1|      ap_vld|               local_regs_V_69_out|       pointer|
|local_regs_V_70_out               |  out|   32|      ap_vld|               local_regs_V_70_out|       pointer|
|local_regs_V_70_out_ap_vld        |  out|    1|      ap_vld|               local_regs_V_70_out|       pointer|
|local_regs_V_71_out               |  out|   32|      ap_vld|               local_regs_V_71_out|       pointer|
|local_regs_V_71_out_ap_vld        |  out|    1|      ap_vld|               local_regs_V_71_out|       pointer|
|local_regs_V_72_out               |  out|   32|      ap_vld|               local_regs_V_72_out|       pointer|
|local_regs_V_72_out_ap_vld        |  out|    1|      ap_vld|               local_regs_V_72_out|       pointer|
|local_regs_V_73_out               |  out|   32|      ap_vld|               local_regs_V_73_out|       pointer|
|local_regs_V_73_out_ap_vld        |  out|    1|      ap_vld|               local_regs_V_73_out|       pointer|
|local_regs_V_74_out               |  out|   32|      ap_vld|               local_regs_V_74_out|       pointer|
|local_regs_V_74_out_ap_vld        |  out|    1|      ap_vld|               local_regs_V_74_out|       pointer|
|local_regs_V_75_out               |  out|   32|      ap_vld|               local_regs_V_75_out|       pointer|
|local_regs_V_75_out_ap_vld        |  out|    1|      ap_vld|               local_regs_V_75_out|       pointer|
|local_regs_V_76_out               |  out|   32|      ap_vld|               local_regs_V_76_out|       pointer|
|local_regs_V_76_out_ap_vld        |  out|    1|      ap_vld|               local_regs_V_76_out|       pointer|
|local_regs_V_77_out               |  out|   32|      ap_vld|               local_regs_V_77_out|       pointer|
|local_regs_V_77_out_ap_vld        |  out|    1|      ap_vld|               local_regs_V_77_out|       pointer|
|local_regs_V_78_out               |  out|   32|      ap_vld|               local_regs_V_78_out|       pointer|
|local_regs_V_78_out_ap_vld        |  out|    1|      ap_vld|               local_regs_V_78_out|       pointer|
|local_regs_V_79_out               |  out|   32|      ap_vld|               local_regs_V_79_out|       pointer|
|local_regs_V_79_out_ap_vld        |  out|    1|      ap_vld|               local_regs_V_79_out|       pointer|
|local_regs_V_80_out               |  out|   32|      ap_vld|               local_regs_V_80_out|       pointer|
|local_regs_V_80_out_ap_vld        |  out|    1|      ap_vld|               local_regs_V_80_out|       pointer|
|local_regs_V_81_out               |  out|   32|      ap_vld|               local_regs_V_81_out|       pointer|
|local_regs_V_81_out_ap_vld        |  out|    1|      ap_vld|               local_regs_V_81_out|       pointer|
|local_regs_V_82_out               |  out|   32|      ap_vld|               local_regs_V_82_out|       pointer|
|local_regs_V_82_out_ap_vld        |  out|    1|      ap_vld|               local_regs_V_82_out|       pointer|
|local_regs_V_83_out               |  out|   32|      ap_vld|               local_regs_V_83_out|       pointer|
|local_regs_V_83_out_ap_vld        |  out|    1|      ap_vld|               local_regs_V_83_out|       pointer|
|local_regs_V_84_out               |  out|   32|      ap_vld|               local_regs_V_84_out|       pointer|
|local_regs_V_84_out_ap_vld        |  out|    1|      ap_vld|               local_regs_V_84_out|       pointer|
|local_regs_V_85_out               |  out|   32|      ap_vld|               local_regs_V_85_out|       pointer|
|local_regs_V_85_out_ap_vld        |  out|    1|      ap_vld|               local_regs_V_85_out|       pointer|
|local_regs_V_86_out               |  out|   32|      ap_vld|               local_regs_V_86_out|       pointer|
|local_regs_V_86_out_ap_vld        |  out|    1|      ap_vld|               local_regs_V_86_out|       pointer|
|local_regs_V_87_out               |  out|   32|      ap_vld|               local_regs_V_87_out|       pointer|
|local_regs_V_87_out_ap_vld        |  out|    1|      ap_vld|               local_regs_V_87_out|       pointer|
|local_regs_V_88_out               |  out|   32|      ap_vld|               local_regs_V_88_out|       pointer|
|local_regs_V_88_out_ap_vld        |  out|    1|      ap_vld|               local_regs_V_88_out|       pointer|
|local_regs_V_89_out               |  out|   32|      ap_vld|               local_regs_V_89_out|       pointer|
|local_regs_V_89_out_ap_vld        |  out|    1|      ap_vld|               local_regs_V_89_out|       pointer|
|local_regs_V_90_out               |  out|   32|      ap_vld|               local_regs_V_90_out|       pointer|
|local_regs_V_90_out_ap_vld        |  out|    1|      ap_vld|               local_regs_V_90_out|       pointer|
|local_regs_V_91_out               |  out|   32|      ap_vld|               local_regs_V_91_out|       pointer|
|local_regs_V_91_out_ap_vld        |  out|    1|      ap_vld|               local_regs_V_91_out|       pointer|
|local_regs_V_92_out               |  out|   32|      ap_vld|               local_regs_V_92_out|       pointer|
|local_regs_V_92_out_ap_vld        |  out|    1|      ap_vld|               local_regs_V_92_out|       pointer|
|local_regs_V_93_out               |  out|   32|      ap_vld|               local_regs_V_93_out|       pointer|
|local_regs_V_93_out_ap_vld        |  out|    1|      ap_vld|               local_regs_V_93_out|       pointer|
|local_regs_V_94_out               |  out|   32|      ap_vld|               local_regs_V_94_out|       pointer|
|local_regs_V_94_out_ap_vld        |  out|    1|      ap_vld|               local_regs_V_94_out|       pointer|
|local_regs_V_95_out               |  out|   32|      ap_vld|               local_regs_V_95_out|       pointer|
|local_regs_V_95_out_ap_vld        |  out|    1|      ap_vld|               local_regs_V_95_out|       pointer|
|local_regs_V_96_out               |  out|   32|      ap_vld|               local_regs_V_96_out|       pointer|
|local_regs_V_96_out_ap_vld        |  out|    1|      ap_vld|               local_regs_V_96_out|       pointer|
|local_regs_V_97_out               |  out|   32|      ap_vld|               local_regs_V_97_out|       pointer|
|local_regs_V_97_out_ap_vld        |  out|    1|      ap_vld|               local_regs_V_97_out|       pointer|
|local_regs_V_98_out               |  out|   32|      ap_vld|               local_regs_V_98_out|       pointer|
|local_regs_V_98_out_ap_vld        |  out|    1|      ap_vld|               local_regs_V_98_out|       pointer|
|local_regs_V_99_out               |  out|   32|      ap_vld|               local_regs_V_99_out|       pointer|
|local_regs_V_99_out_ap_vld        |  out|    1|      ap_vld|               local_regs_V_99_out|       pointer|
|local_regs_V_100_out              |  out|   32|      ap_vld|              local_regs_V_100_out|       pointer|
|local_regs_V_100_out_ap_vld       |  out|    1|      ap_vld|              local_regs_V_100_out|       pointer|
|local_regs_V_101_out              |  out|   32|      ap_vld|              local_regs_V_101_out|       pointer|
|local_regs_V_101_out_ap_vld       |  out|    1|      ap_vld|              local_regs_V_101_out|       pointer|
|local_regs_V_102_out              |  out|   32|      ap_vld|              local_regs_V_102_out|       pointer|
|local_regs_V_102_out_ap_vld       |  out|    1|      ap_vld|              local_regs_V_102_out|       pointer|
|local_regs_V_103_out              |  out|   32|      ap_vld|              local_regs_V_103_out|       pointer|
|local_regs_V_103_out_ap_vld       |  out|    1|      ap_vld|              local_regs_V_103_out|       pointer|
|local_regs_V_104_out              |  out|   32|      ap_vld|              local_regs_V_104_out|       pointer|
|local_regs_V_104_out_ap_vld       |  out|    1|      ap_vld|              local_regs_V_104_out|       pointer|
|local_regs_V_105_out              |  out|   32|      ap_vld|              local_regs_V_105_out|       pointer|
|local_regs_V_105_out_ap_vld       |  out|    1|      ap_vld|              local_regs_V_105_out|       pointer|
|local_regs_V_106_out              |  out|   32|      ap_vld|              local_regs_V_106_out|       pointer|
|local_regs_V_106_out_ap_vld       |  out|    1|      ap_vld|              local_regs_V_106_out|       pointer|
|local_regs_V_107_out              |  out|   32|      ap_vld|              local_regs_V_107_out|       pointer|
|local_regs_V_107_out_ap_vld       |  out|    1|      ap_vld|              local_regs_V_107_out|       pointer|
|local_regs_V_108_out              |  out|   32|      ap_vld|              local_regs_V_108_out|       pointer|
|local_regs_V_108_out_ap_vld       |  out|    1|      ap_vld|              local_regs_V_108_out|       pointer|
|local_regs_V_109_out              |  out|   32|      ap_vld|              local_regs_V_109_out|       pointer|
|local_regs_V_109_out_ap_vld       |  out|    1|      ap_vld|              local_regs_V_109_out|       pointer|
|local_regs_V_110_out              |  out|   32|      ap_vld|              local_regs_V_110_out|       pointer|
|local_regs_V_110_out_ap_vld       |  out|    1|      ap_vld|              local_regs_V_110_out|       pointer|
|local_regs_V_111_out              |  out|   32|      ap_vld|              local_regs_V_111_out|       pointer|
|local_regs_V_111_out_ap_vld       |  out|    1|      ap_vld|              local_regs_V_111_out|       pointer|
|local_regs_V_112_out              |  out|   32|      ap_vld|              local_regs_V_112_out|       pointer|
|local_regs_V_112_out_ap_vld       |  out|    1|      ap_vld|              local_regs_V_112_out|       pointer|
|local_regs_V_113_out              |  out|   32|      ap_vld|              local_regs_V_113_out|       pointer|
|local_regs_V_113_out_ap_vld       |  out|    1|      ap_vld|              local_regs_V_113_out|       pointer|
|local_regs_V_114_out              |  out|   32|      ap_vld|              local_regs_V_114_out|       pointer|
|local_regs_V_114_out_ap_vld       |  out|    1|      ap_vld|              local_regs_V_114_out|       pointer|
|local_regs_V_115_out              |  out|   32|      ap_vld|              local_regs_V_115_out|       pointer|
|local_regs_V_115_out_ap_vld       |  out|    1|      ap_vld|              local_regs_V_115_out|       pointer|
|local_regs_V_116_out              |  out|   32|      ap_vld|              local_regs_V_116_out|       pointer|
|local_regs_V_116_out_ap_vld       |  out|    1|      ap_vld|              local_regs_V_116_out|       pointer|
|local_regs_V_117_out              |  out|   32|      ap_vld|              local_regs_V_117_out|       pointer|
|local_regs_V_117_out_ap_vld       |  out|    1|      ap_vld|              local_regs_V_117_out|       pointer|
|local_regs_V_118_out              |  out|   32|      ap_vld|              local_regs_V_118_out|       pointer|
|local_regs_V_118_out_ap_vld       |  out|    1|      ap_vld|              local_regs_V_118_out|       pointer|
|local_regs_V_119_out              |  out|   32|      ap_vld|              local_regs_V_119_out|       pointer|
|local_regs_V_119_out_ap_vld       |  out|    1|      ap_vld|              local_regs_V_119_out|       pointer|
|local_regs_V_120_out              |  out|   32|      ap_vld|              local_regs_V_120_out|       pointer|
|local_regs_V_120_out_ap_vld       |  out|    1|      ap_vld|              local_regs_V_120_out|       pointer|
|local_regs_V_121_out              |  out|   32|      ap_vld|              local_regs_V_121_out|       pointer|
|local_regs_V_121_out_ap_vld       |  out|    1|      ap_vld|              local_regs_V_121_out|       pointer|
|local_regs_V_122_out              |  out|   32|      ap_vld|              local_regs_V_122_out|       pointer|
|local_regs_V_122_out_ap_vld       |  out|    1|      ap_vld|              local_regs_V_122_out|       pointer|
|local_regs_V_123_out              |  out|   32|      ap_vld|              local_regs_V_123_out|       pointer|
|local_regs_V_123_out_ap_vld       |  out|    1|      ap_vld|              local_regs_V_123_out|       pointer|
|local_regs_V_124_out              |  out|   32|      ap_vld|              local_regs_V_124_out|       pointer|
|local_regs_V_124_out_ap_vld       |  out|    1|      ap_vld|              local_regs_V_124_out|       pointer|
|local_regs_V_125_out              |  out|   32|      ap_vld|              local_regs_V_125_out|       pointer|
|local_regs_V_125_out_ap_vld       |  out|    1|      ap_vld|              local_regs_V_125_out|       pointer|
|local_regs_V_126_out              |  out|   32|      ap_vld|              local_regs_V_126_out|       pointer|
|local_regs_V_126_out_ap_vld       |  out|    1|      ap_vld|              local_regs_V_126_out|       pointer|
|local_regs_V_127_out              |  out|   32|      ap_vld|              local_regs_V_127_out|       pointer|
|local_regs_V_127_out_ap_vld       |  out|    1|      ap_vld|              local_regs_V_127_out|       pointer|
|local_regs_V_128_out              |  out|   32|      ap_vld|              local_regs_V_128_out|       pointer|
|local_regs_V_128_out_ap_vld       |  out|    1|      ap_vld|              local_regs_V_128_out|       pointer|
|local_regs_V_129_out              |  out|   32|      ap_vld|              local_regs_V_129_out|       pointer|
|local_regs_V_129_out_ap_vld       |  out|    1|      ap_vld|              local_regs_V_129_out|       pointer|
|local_regs_V_130_out              |  out|   32|      ap_vld|              local_regs_V_130_out|       pointer|
|local_regs_V_130_out_ap_vld       |  out|    1|      ap_vld|              local_regs_V_130_out|       pointer|
|local_regs_V_131_out              |  out|   32|      ap_vld|              local_regs_V_131_out|       pointer|
|local_regs_V_131_out_ap_vld       |  out|    1|      ap_vld|              local_regs_V_131_out|       pointer|
|local_regs_V_132_out              |  out|   32|      ap_vld|              local_regs_V_132_out|       pointer|
|local_regs_V_132_out_ap_vld       |  out|    1|      ap_vld|              local_regs_V_132_out|       pointer|
|local_regs_V_133_out              |  out|   32|      ap_vld|              local_regs_V_133_out|       pointer|
|local_regs_V_133_out_ap_vld       |  out|    1|      ap_vld|              local_regs_V_133_out|       pointer|
|local_regs_V_134_out              |  out|   32|      ap_vld|              local_regs_V_134_out|       pointer|
|local_regs_V_134_out_ap_vld       |  out|    1|      ap_vld|              local_regs_V_134_out|       pointer|
|local_regs_V_135_out              |  out|   32|      ap_vld|              local_regs_V_135_out|       pointer|
|local_regs_V_135_out_ap_vld       |  out|    1|      ap_vld|              local_regs_V_135_out|       pointer|
|local_regs_V_136_out              |  out|   32|      ap_vld|              local_regs_V_136_out|       pointer|
|local_regs_V_136_out_ap_vld       |  out|    1|      ap_vld|              local_regs_V_136_out|       pointer|
|local_regs_V_137_out              |  out|   32|      ap_vld|              local_regs_V_137_out|       pointer|
|local_regs_V_137_out_ap_vld       |  out|    1|      ap_vld|              local_regs_V_137_out|       pointer|
|local_regs_V_138_out              |  out|   32|      ap_vld|              local_regs_V_138_out|       pointer|
|local_regs_V_138_out_ap_vld       |  out|    1|      ap_vld|              local_regs_V_138_out|       pointer|
|local_regs_V_139_out              |  out|   32|      ap_vld|              local_regs_V_139_out|       pointer|
|local_regs_V_139_out_ap_vld       |  out|    1|      ap_vld|              local_regs_V_139_out|       pointer|
|local_regs_V_140_out              |  out|   32|      ap_vld|              local_regs_V_140_out|       pointer|
|local_regs_V_140_out_ap_vld       |  out|    1|      ap_vld|              local_regs_V_140_out|       pointer|
|local_regs_V_141_out              |  out|   32|      ap_vld|              local_regs_V_141_out|       pointer|
|local_regs_V_141_out_ap_vld       |  out|    1|      ap_vld|              local_regs_V_141_out|       pointer|
|local_regs_V_142_out              |  out|   32|      ap_vld|              local_regs_V_142_out|       pointer|
|local_regs_V_142_out_ap_vld       |  out|    1|      ap_vld|              local_regs_V_142_out|       pointer|
|local_regs_V_143_out              |  out|   32|      ap_vld|              local_regs_V_143_out|       pointer|
|local_regs_V_143_out_ap_vld       |  out|    1|      ap_vld|              local_regs_V_143_out|       pointer|
|local_regs_V_144_out              |  out|   32|      ap_vld|              local_regs_V_144_out|       pointer|
|local_regs_V_144_out_ap_vld       |  out|    1|      ap_vld|              local_regs_V_144_out|       pointer|
|local_regs_V_145_out              |  out|   32|      ap_vld|              local_regs_V_145_out|       pointer|
|local_regs_V_145_out_ap_vld       |  out|    1|      ap_vld|              local_regs_V_145_out|       pointer|
|local_regs_V_146_out              |  out|   32|      ap_vld|              local_regs_V_146_out|       pointer|
|local_regs_V_146_out_ap_vld       |  out|    1|      ap_vld|              local_regs_V_146_out|       pointer|
|local_regs_V_147_out              |  out|   32|      ap_vld|              local_regs_V_147_out|       pointer|
|local_regs_V_147_out_ap_vld       |  out|    1|      ap_vld|              local_regs_V_147_out|       pointer|
|local_regs_V_148_out              |  out|   32|      ap_vld|              local_regs_V_148_out|       pointer|
|local_regs_V_148_out_ap_vld       |  out|    1|      ap_vld|              local_regs_V_148_out|       pointer|
|local_regs_V_149_out              |  out|   32|      ap_vld|              local_regs_V_149_out|       pointer|
|local_regs_V_149_out_ap_vld       |  out|    1|      ap_vld|              local_regs_V_149_out|       pointer|
|local_regs_V_150_out              |  out|   32|      ap_vld|              local_regs_V_150_out|       pointer|
|local_regs_V_150_out_ap_vld       |  out|    1|      ap_vld|              local_regs_V_150_out|       pointer|
|local_regs_V_151_out              |  out|   32|      ap_vld|              local_regs_V_151_out|       pointer|
|local_regs_V_151_out_ap_vld       |  out|    1|      ap_vld|              local_regs_V_151_out|       pointer|
|local_regs_V_152_out              |  out|   32|      ap_vld|              local_regs_V_152_out|       pointer|
|local_regs_V_152_out_ap_vld       |  out|    1|      ap_vld|              local_regs_V_152_out|       pointer|
|local_regs_V_153_out              |  out|   32|      ap_vld|              local_regs_V_153_out|       pointer|
|local_regs_V_153_out_ap_vld       |  out|    1|      ap_vld|              local_regs_V_153_out|       pointer|
|local_regs_V_154_out              |  out|   32|      ap_vld|              local_regs_V_154_out|       pointer|
|local_regs_V_154_out_ap_vld       |  out|    1|      ap_vld|              local_regs_V_154_out|       pointer|
|local_regs_V_155_out              |  out|   32|      ap_vld|              local_regs_V_155_out|       pointer|
|local_regs_V_155_out_ap_vld       |  out|    1|      ap_vld|              local_regs_V_155_out|       pointer|
|local_regs_V_156_out              |  out|   32|      ap_vld|              local_regs_V_156_out|       pointer|
|local_regs_V_156_out_ap_vld       |  out|    1|      ap_vld|              local_regs_V_156_out|       pointer|
|local_regs_V_157_out              |  out|   32|      ap_vld|              local_regs_V_157_out|       pointer|
|local_regs_V_157_out_ap_vld       |  out|    1|      ap_vld|              local_regs_V_157_out|       pointer|
|local_regs_V_158_out              |  out|   32|      ap_vld|              local_regs_V_158_out|       pointer|
|local_regs_V_158_out_ap_vld       |  out|    1|      ap_vld|              local_regs_V_158_out|       pointer|
|local_regs_V_159_out              |  out|   32|      ap_vld|              local_regs_V_159_out|       pointer|
|local_regs_V_159_out_ap_vld       |  out|    1|      ap_vld|              local_regs_V_159_out|       pointer|
|local_regs_V_160_out              |  out|   32|      ap_vld|              local_regs_V_160_out|       pointer|
|local_regs_V_160_out_ap_vld       |  out|    1|      ap_vld|              local_regs_V_160_out|       pointer|
|local_regs_V_161_out              |  out|   32|      ap_vld|              local_regs_V_161_out|       pointer|
|local_regs_V_161_out_ap_vld       |  out|    1|      ap_vld|              local_regs_V_161_out|       pointer|
|local_regs_V_162_out              |  out|   32|      ap_vld|              local_regs_V_162_out|       pointer|
|local_regs_V_162_out_ap_vld       |  out|    1|      ap_vld|              local_regs_V_162_out|       pointer|
|local_regs_V_163_out              |  out|   32|      ap_vld|              local_regs_V_163_out|       pointer|
|local_regs_V_163_out_ap_vld       |  out|    1|      ap_vld|              local_regs_V_163_out|       pointer|
|local_regs_V_164_out              |  out|   32|      ap_vld|              local_regs_V_164_out|       pointer|
|local_regs_V_164_out_ap_vld       |  out|    1|      ap_vld|              local_regs_V_164_out|       pointer|
|local_regs_V_165_out              |  out|   32|      ap_vld|              local_regs_V_165_out|       pointer|
|local_regs_V_165_out_ap_vld       |  out|    1|      ap_vld|              local_regs_V_165_out|       pointer|
|local_regs_V_166_out              |  out|   32|      ap_vld|              local_regs_V_166_out|       pointer|
|local_regs_V_166_out_ap_vld       |  out|    1|      ap_vld|              local_regs_V_166_out|       pointer|
|local_regs_V_167_out              |  out|   32|      ap_vld|              local_regs_V_167_out|       pointer|
|local_regs_V_167_out_ap_vld       |  out|    1|      ap_vld|              local_regs_V_167_out|       pointer|
|local_regs_V_168_out              |  out|   32|      ap_vld|              local_regs_V_168_out|       pointer|
|local_regs_V_168_out_ap_vld       |  out|    1|      ap_vld|              local_regs_V_168_out|       pointer|
|local_regs_V_169_out              |  out|   32|      ap_vld|              local_regs_V_169_out|       pointer|
|local_regs_V_169_out_ap_vld       |  out|    1|      ap_vld|              local_regs_V_169_out|       pointer|
|local_regs_V_170_out              |  out|   32|      ap_vld|              local_regs_V_170_out|       pointer|
|local_regs_V_170_out_ap_vld       |  out|    1|      ap_vld|              local_regs_V_170_out|       pointer|
|local_regs_V_171_out              |  out|   32|      ap_vld|              local_regs_V_171_out|       pointer|
|local_regs_V_171_out_ap_vld       |  out|    1|      ap_vld|              local_regs_V_171_out|       pointer|
|local_regs_V_172_out              |  out|   32|      ap_vld|              local_regs_V_172_out|       pointer|
|local_regs_V_172_out_ap_vld       |  out|    1|      ap_vld|              local_regs_V_172_out|       pointer|
|local_regs_V_173_out              |  out|   32|      ap_vld|              local_regs_V_173_out|       pointer|
|local_regs_V_173_out_ap_vld       |  out|    1|      ap_vld|              local_regs_V_173_out|       pointer|
|local_regs_V_174_out              |  out|   32|      ap_vld|              local_regs_V_174_out|       pointer|
|local_regs_V_174_out_ap_vld       |  out|    1|      ap_vld|              local_regs_V_174_out|       pointer|
|local_regs_V_175_out              |  out|   32|      ap_vld|              local_regs_V_175_out|       pointer|
|local_regs_V_175_out_ap_vld       |  out|    1|      ap_vld|              local_regs_V_175_out|       pointer|
|local_regs_V_176_out              |  out|   32|      ap_vld|              local_regs_V_176_out|       pointer|
|local_regs_V_176_out_ap_vld       |  out|    1|      ap_vld|              local_regs_V_176_out|       pointer|
|local_regs_V_177_out              |  out|   32|      ap_vld|              local_regs_V_177_out|       pointer|
|local_regs_V_177_out_ap_vld       |  out|    1|      ap_vld|              local_regs_V_177_out|       pointer|
|local_regs_V_178_out              |  out|   32|      ap_vld|              local_regs_V_178_out|       pointer|
|local_regs_V_178_out_ap_vld       |  out|    1|      ap_vld|              local_regs_V_178_out|       pointer|
|local_regs_V_179_out              |  out|   32|      ap_vld|              local_regs_V_179_out|       pointer|
|local_regs_V_179_out_ap_vld       |  out|    1|      ap_vld|              local_regs_V_179_out|       pointer|
|local_regs_V_180_out              |  out|   32|      ap_vld|              local_regs_V_180_out|       pointer|
|local_regs_V_180_out_ap_vld       |  out|    1|      ap_vld|              local_regs_V_180_out|       pointer|
|local_regs_V_181_out              |  out|   32|      ap_vld|              local_regs_V_181_out|       pointer|
|local_regs_V_181_out_ap_vld       |  out|    1|      ap_vld|              local_regs_V_181_out|       pointer|
|local_regs_V_182_out              |  out|   32|      ap_vld|              local_regs_V_182_out|       pointer|
|local_regs_V_182_out_ap_vld       |  out|    1|      ap_vld|              local_regs_V_182_out|       pointer|
|local_regs_V_183_out              |  out|   32|      ap_vld|              local_regs_V_183_out|       pointer|
|local_regs_V_183_out_ap_vld       |  out|    1|      ap_vld|              local_regs_V_183_out|       pointer|
|local_regs_V_184_out              |  out|   32|      ap_vld|              local_regs_V_184_out|       pointer|
|local_regs_V_184_out_ap_vld       |  out|    1|      ap_vld|              local_regs_V_184_out|       pointer|
|local_regs_V_185_out              |  out|   32|      ap_vld|              local_regs_V_185_out|       pointer|
|local_regs_V_185_out_ap_vld       |  out|    1|      ap_vld|              local_regs_V_185_out|       pointer|
|local_regs_V_186_out              |  out|   32|      ap_vld|              local_regs_V_186_out|       pointer|
|local_regs_V_186_out_ap_vld       |  out|    1|      ap_vld|              local_regs_V_186_out|       pointer|
|local_regs_V_187_out              |  out|   32|      ap_vld|              local_regs_V_187_out|       pointer|
|local_regs_V_187_out_ap_vld       |  out|    1|      ap_vld|              local_regs_V_187_out|       pointer|
|local_regs_V_188_out              |  out|   32|      ap_vld|              local_regs_V_188_out|       pointer|
|local_regs_V_188_out_ap_vld       |  out|    1|      ap_vld|              local_regs_V_188_out|       pointer|
|local_regs_V_189_out              |  out|   32|      ap_vld|              local_regs_V_189_out|       pointer|
|local_regs_V_189_out_ap_vld       |  out|    1|      ap_vld|              local_regs_V_189_out|       pointer|
|local_regs_V_190_out              |  out|   32|      ap_vld|              local_regs_V_190_out|       pointer|
|local_regs_V_190_out_ap_vld       |  out|    1|      ap_vld|              local_regs_V_190_out|       pointer|
|local_regs_V_191_out              |  out|   32|      ap_vld|              local_regs_V_191_out|       pointer|
|local_regs_V_191_out_ap_vld       |  out|    1|      ap_vld|              local_regs_V_191_out|       pointer|
|local_regs_V_192_out              |  out|   32|      ap_vld|              local_regs_V_192_out|       pointer|
|local_regs_V_192_out_ap_vld       |  out|    1|      ap_vld|              local_regs_V_192_out|       pointer|
|local_regs_V_193_out              |  out|   32|      ap_vld|              local_regs_V_193_out|       pointer|
|local_regs_V_193_out_ap_vld       |  out|    1|      ap_vld|              local_regs_V_193_out|       pointer|
|local_regs_V_194_out              |  out|   32|      ap_vld|              local_regs_V_194_out|       pointer|
|local_regs_V_194_out_ap_vld       |  out|    1|      ap_vld|              local_regs_V_194_out|       pointer|
|local_regs_V_195_out              |  out|   32|      ap_vld|              local_regs_V_195_out|       pointer|
|local_regs_V_195_out_ap_vld       |  out|    1|      ap_vld|              local_regs_V_195_out|       pointer|
|local_regs_V_196_out              |  out|   32|      ap_vld|              local_regs_V_196_out|       pointer|
|local_regs_V_196_out_ap_vld       |  out|    1|      ap_vld|              local_regs_V_196_out|       pointer|
|local_regs_V_197_out              |  out|   32|      ap_vld|              local_regs_V_197_out|       pointer|
|local_regs_V_197_out_ap_vld       |  out|    1|      ap_vld|              local_regs_V_197_out|       pointer|
|local_regs_V_198_out              |  out|   32|      ap_vld|              local_regs_V_198_out|       pointer|
|local_regs_V_198_out_ap_vld       |  out|    1|      ap_vld|              local_regs_V_198_out|       pointer|
|local_regs_V_199_out              |  out|   32|      ap_vld|              local_regs_V_199_out|       pointer|
|local_regs_V_199_out_ap_vld       |  out|    1|      ap_vld|              local_regs_V_199_out|       pointer|
|local_regs_V_200_out              |  out|   32|      ap_vld|              local_regs_V_200_out|       pointer|
|local_regs_V_200_out_ap_vld       |  out|    1|      ap_vld|              local_regs_V_200_out|       pointer|
|local_regs_V_201_out              |  out|   32|      ap_vld|              local_regs_V_201_out|       pointer|
|local_regs_V_201_out_ap_vld       |  out|    1|      ap_vld|              local_regs_V_201_out|       pointer|
|local_regs_V_202_out              |  out|   32|      ap_vld|              local_regs_V_202_out|       pointer|
|local_regs_V_202_out_ap_vld       |  out|    1|      ap_vld|              local_regs_V_202_out|       pointer|
|local_regs_V_203_out              |  out|   32|      ap_vld|              local_regs_V_203_out|       pointer|
|local_regs_V_203_out_ap_vld       |  out|    1|      ap_vld|              local_regs_V_203_out|       pointer|
|local_regs_V_204_out              |  out|   32|      ap_vld|              local_regs_V_204_out|       pointer|
|local_regs_V_204_out_ap_vld       |  out|    1|      ap_vld|              local_regs_V_204_out|       pointer|
|local_regs_V_205_out              |  out|   32|      ap_vld|              local_regs_V_205_out|       pointer|
|local_regs_V_205_out_ap_vld       |  out|    1|      ap_vld|              local_regs_V_205_out|       pointer|
|local_regs_V_206_out              |  out|   32|      ap_vld|              local_regs_V_206_out|       pointer|
|local_regs_V_206_out_ap_vld       |  out|    1|      ap_vld|              local_regs_V_206_out|       pointer|
|local_regs_V_207_out              |  out|   32|      ap_vld|              local_regs_V_207_out|       pointer|
|local_regs_V_207_out_ap_vld       |  out|    1|      ap_vld|              local_regs_V_207_out|       pointer|
|local_regs_V_208_out              |  out|   32|      ap_vld|              local_regs_V_208_out|       pointer|
|local_regs_V_208_out_ap_vld       |  out|    1|      ap_vld|              local_regs_V_208_out|       pointer|
|local_regs_V_209_out              |  out|   32|      ap_vld|              local_regs_V_209_out|       pointer|
|local_regs_V_209_out_ap_vld       |  out|    1|      ap_vld|              local_regs_V_209_out|       pointer|
|local_regs_V_210_out              |  out|   32|      ap_vld|              local_regs_V_210_out|       pointer|
|local_regs_V_210_out_ap_vld       |  out|    1|      ap_vld|              local_regs_V_210_out|       pointer|
|local_regs_V_211_out              |  out|   32|      ap_vld|              local_regs_V_211_out|       pointer|
|local_regs_V_211_out_ap_vld       |  out|    1|      ap_vld|              local_regs_V_211_out|       pointer|
|local_regs_V_212_out              |  out|   32|      ap_vld|              local_regs_V_212_out|       pointer|
|local_regs_V_212_out_ap_vld       |  out|    1|      ap_vld|              local_regs_V_212_out|       pointer|
|local_regs_V_213_out              |  out|   32|      ap_vld|              local_regs_V_213_out|       pointer|
|local_regs_V_213_out_ap_vld       |  out|    1|      ap_vld|              local_regs_V_213_out|       pointer|
|local_regs_V_214_out              |  out|   32|      ap_vld|              local_regs_V_214_out|       pointer|
|local_regs_V_214_out_ap_vld       |  out|    1|      ap_vld|              local_regs_V_214_out|       pointer|
|local_regs_V_215_out              |  out|   32|      ap_vld|              local_regs_V_215_out|       pointer|
|local_regs_V_215_out_ap_vld       |  out|    1|      ap_vld|              local_regs_V_215_out|       pointer|
|local_regs_V_216_out              |  out|   32|      ap_vld|              local_regs_V_216_out|       pointer|
|local_regs_V_216_out_ap_vld       |  out|    1|      ap_vld|              local_regs_V_216_out|       pointer|
|local_regs_V_217_out              |  out|   32|      ap_vld|              local_regs_V_217_out|       pointer|
|local_regs_V_217_out_ap_vld       |  out|    1|      ap_vld|              local_regs_V_217_out|       pointer|
|local_regs_V_218_out              |  out|   32|      ap_vld|              local_regs_V_218_out|       pointer|
|local_regs_V_218_out_ap_vld       |  out|    1|      ap_vld|              local_regs_V_218_out|       pointer|
|local_regs_V_219_out              |  out|   32|      ap_vld|              local_regs_V_219_out|       pointer|
|local_regs_V_219_out_ap_vld       |  out|    1|      ap_vld|              local_regs_V_219_out|       pointer|
|local_regs_V_220_out              |  out|   32|      ap_vld|              local_regs_V_220_out|       pointer|
|local_regs_V_220_out_ap_vld       |  out|    1|      ap_vld|              local_regs_V_220_out|       pointer|
|local_regs_V_221_out              |  out|   32|      ap_vld|              local_regs_V_221_out|       pointer|
|local_regs_V_221_out_ap_vld       |  out|    1|      ap_vld|              local_regs_V_221_out|       pointer|
|local_regs_V_222_out              |  out|   32|      ap_vld|              local_regs_V_222_out|       pointer|
|local_regs_V_222_out_ap_vld       |  out|    1|      ap_vld|              local_regs_V_222_out|       pointer|
|local_regs_V_223_out              |  out|   32|      ap_vld|              local_regs_V_223_out|       pointer|
|local_regs_V_223_out_ap_vld       |  out|    1|      ap_vld|              local_regs_V_223_out|       pointer|
|local_regs_V_224_out              |  out|   32|      ap_vld|              local_regs_V_224_out|       pointer|
|local_regs_V_224_out_ap_vld       |  out|    1|      ap_vld|              local_regs_V_224_out|       pointer|
|local_regs_V_225_out              |  out|   32|      ap_vld|              local_regs_V_225_out|       pointer|
|local_regs_V_225_out_ap_vld       |  out|    1|      ap_vld|              local_regs_V_225_out|       pointer|
|local_regs_V_226_out              |  out|   32|      ap_vld|              local_regs_V_226_out|       pointer|
|local_regs_V_226_out_ap_vld       |  out|    1|      ap_vld|              local_regs_V_226_out|       pointer|
|local_regs_V_227_out              |  out|   32|      ap_vld|              local_regs_V_227_out|       pointer|
|local_regs_V_227_out_ap_vld       |  out|    1|      ap_vld|              local_regs_V_227_out|       pointer|
|local_regs_V_228_out              |  out|   32|      ap_vld|              local_regs_V_228_out|       pointer|
|local_regs_V_228_out_ap_vld       |  out|    1|      ap_vld|              local_regs_V_228_out|       pointer|
|local_regs_V_229_out              |  out|   32|      ap_vld|              local_regs_V_229_out|       pointer|
|local_regs_V_229_out_ap_vld       |  out|    1|      ap_vld|              local_regs_V_229_out|       pointer|
|local_regs_V_230_out              |  out|   32|      ap_vld|              local_regs_V_230_out|       pointer|
|local_regs_V_230_out_ap_vld       |  out|    1|      ap_vld|              local_regs_V_230_out|       pointer|
|local_regs_V_231_out              |  out|   32|      ap_vld|              local_regs_V_231_out|       pointer|
|local_regs_V_231_out_ap_vld       |  out|    1|      ap_vld|              local_regs_V_231_out|       pointer|
|local_regs_V_232_out              |  out|   32|      ap_vld|              local_regs_V_232_out|       pointer|
|local_regs_V_232_out_ap_vld       |  out|    1|      ap_vld|              local_regs_V_232_out|       pointer|
|local_regs_V_233_out              |  out|   32|      ap_vld|              local_regs_V_233_out|       pointer|
|local_regs_V_233_out_ap_vld       |  out|    1|      ap_vld|              local_regs_V_233_out|       pointer|
|local_regs_V_234_out              |  out|   32|      ap_vld|              local_regs_V_234_out|       pointer|
|local_regs_V_234_out_ap_vld       |  out|    1|      ap_vld|              local_regs_V_234_out|       pointer|
|local_regs_V_235_out              |  out|   32|      ap_vld|              local_regs_V_235_out|       pointer|
|local_regs_V_235_out_ap_vld       |  out|    1|      ap_vld|              local_regs_V_235_out|       pointer|
|local_regs_V_236_out              |  out|   32|      ap_vld|              local_regs_V_236_out|       pointer|
|local_regs_V_236_out_ap_vld       |  out|    1|      ap_vld|              local_regs_V_236_out|       pointer|
|local_regs_V_237_out              |  out|   32|      ap_vld|              local_regs_V_237_out|       pointer|
|local_regs_V_237_out_ap_vld       |  out|    1|      ap_vld|              local_regs_V_237_out|       pointer|
|local_regs_V_238_out              |  out|   32|      ap_vld|              local_regs_V_238_out|       pointer|
|local_regs_V_238_out_ap_vld       |  out|    1|      ap_vld|              local_regs_V_238_out|       pointer|
|local_regs_V_239_out              |  out|   32|      ap_vld|              local_regs_V_239_out|       pointer|
|local_regs_V_239_out_ap_vld       |  out|    1|      ap_vld|              local_regs_V_239_out|       pointer|
|local_regs_V_240_out              |  out|   32|      ap_vld|              local_regs_V_240_out|       pointer|
|local_regs_V_240_out_ap_vld       |  out|    1|      ap_vld|              local_regs_V_240_out|       pointer|
|local_regs_V_241_out              |  out|   32|      ap_vld|              local_regs_V_241_out|       pointer|
|local_regs_V_241_out_ap_vld       |  out|    1|      ap_vld|              local_regs_V_241_out|       pointer|
|local_regs_V_242_out              |  out|   32|      ap_vld|              local_regs_V_242_out|       pointer|
|local_regs_V_242_out_ap_vld       |  out|    1|      ap_vld|              local_regs_V_242_out|       pointer|
|local_regs_V_243_out              |  out|   32|      ap_vld|              local_regs_V_243_out|       pointer|
|local_regs_V_243_out_ap_vld       |  out|    1|      ap_vld|              local_regs_V_243_out|       pointer|
|local_regs_V_244_out              |  out|   32|      ap_vld|              local_regs_V_244_out|       pointer|
|local_regs_V_244_out_ap_vld       |  out|    1|      ap_vld|              local_regs_V_244_out|       pointer|
|local_regs_V_245_out              |  out|   32|      ap_vld|              local_regs_V_245_out|       pointer|
|local_regs_V_245_out_ap_vld       |  out|    1|      ap_vld|              local_regs_V_245_out|       pointer|
|local_regs_V_246_out              |  out|   32|      ap_vld|              local_regs_V_246_out|       pointer|
|local_regs_V_246_out_ap_vld       |  out|    1|      ap_vld|              local_regs_V_246_out|       pointer|
|local_regs_V_247_out              |  out|   32|      ap_vld|              local_regs_V_247_out|       pointer|
|local_regs_V_247_out_ap_vld       |  out|    1|      ap_vld|              local_regs_V_247_out|       pointer|
|local_regs_V_248_out              |  out|   32|      ap_vld|              local_regs_V_248_out|       pointer|
|local_regs_V_248_out_ap_vld       |  out|    1|      ap_vld|              local_regs_V_248_out|       pointer|
|local_regs_V_249_out              |  out|   32|      ap_vld|              local_regs_V_249_out|       pointer|
|local_regs_V_249_out_ap_vld       |  out|    1|      ap_vld|              local_regs_V_249_out|       pointer|
|local_regs_V_250_out              |  out|   32|      ap_vld|              local_regs_V_250_out|       pointer|
|local_regs_V_250_out_ap_vld       |  out|    1|      ap_vld|              local_regs_V_250_out|       pointer|
|local_regs_V_251_out              |  out|   32|      ap_vld|              local_regs_V_251_out|       pointer|
|local_regs_V_251_out_ap_vld       |  out|    1|      ap_vld|              local_regs_V_251_out|       pointer|
|local_regs_V_252_out              |  out|   32|      ap_vld|              local_regs_V_252_out|       pointer|
|local_regs_V_252_out_ap_vld       |  out|    1|      ap_vld|              local_regs_V_252_out|       pointer|
|local_regs_V_253_out              |  out|   32|      ap_vld|              local_regs_V_253_out|       pointer|
|local_regs_V_253_out_ap_vld       |  out|    1|      ap_vld|              local_regs_V_253_out|       pointer|
|local_regs_V_254_out              |  out|   32|      ap_vld|              local_regs_V_254_out|       pointer|
|local_regs_V_254_out_ap_vld       |  out|    1|      ap_vld|              local_regs_V_254_out|       pointer|
|local_regs_V_255_out              |  out|   32|      ap_vld|              local_regs_V_255_out|       pointer|
|local_regs_V_255_out_ap_vld       |  out|    1|      ap_vld|              local_regs_V_255_out|       pointer|
|local_regs_V_256_out              |  out|   32|      ap_vld|              local_regs_V_256_out|       pointer|
|local_regs_V_256_out_ap_vld       |  out|    1|      ap_vld|              local_regs_V_256_out|       pointer|
|local_regs_V_257_out              |  out|   32|      ap_vld|              local_regs_V_257_out|       pointer|
|local_regs_V_257_out_ap_vld       |  out|    1|      ap_vld|              local_regs_V_257_out|       pointer|
|local_regs_V_258_out              |  out|   32|      ap_vld|              local_regs_V_258_out|       pointer|
|local_regs_V_258_out_ap_vld       |  out|    1|      ap_vld|              local_regs_V_258_out|       pointer|
|local_regs_V_259_out              |  out|   32|      ap_vld|              local_regs_V_259_out|       pointer|
|local_regs_V_259_out_ap_vld       |  out|    1|      ap_vld|              local_regs_V_259_out|       pointer|
|local_regs_V_260_out              |  out|   32|      ap_vld|              local_regs_V_260_out|       pointer|
|local_regs_V_260_out_ap_vld       |  out|    1|      ap_vld|              local_regs_V_260_out|       pointer|
|local_regs_V_261_out              |  out|   32|      ap_vld|              local_regs_V_261_out|       pointer|
|local_regs_V_261_out_ap_vld       |  out|    1|      ap_vld|              local_regs_V_261_out|       pointer|
|local_regs_V_262_out              |  out|   32|      ap_vld|              local_regs_V_262_out|       pointer|
|local_regs_V_262_out_ap_vld       |  out|    1|      ap_vld|              local_regs_V_262_out|       pointer|
|local_regs_V_263_out              |  out|   32|      ap_vld|              local_regs_V_263_out|       pointer|
|local_regs_V_263_out_ap_vld       |  out|    1|      ap_vld|              local_regs_V_263_out|       pointer|
|local_regs_V_264_out              |  out|   32|      ap_vld|              local_regs_V_264_out|       pointer|
|local_regs_V_264_out_ap_vld       |  out|    1|      ap_vld|              local_regs_V_264_out|       pointer|
|local_regs_V_265_out              |  out|   32|      ap_vld|              local_regs_V_265_out|       pointer|
|local_regs_V_265_out_ap_vld       |  out|    1|      ap_vld|              local_regs_V_265_out|       pointer|
|local_regs_V_266_out              |  out|   32|      ap_vld|              local_regs_V_266_out|       pointer|
|local_regs_V_266_out_ap_vld       |  out|    1|      ap_vld|              local_regs_V_266_out|       pointer|
|local_regs_V_267_out              |  out|   32|      ap_vld|              local_regs_V_267_out|       pointer|
|local_regs_V_267_out_ap_vld       |  out|    1|      ap_vld|              local_regs_V_267_out|       pointer|
|local_regs_V_268_out              |  out|   32|      ap_vld|              local_regs_V_268_out|       pointer|
|local_regs_V_268_out_ap_vld       |  out|    1|      ap_vld|              local_regs_V_268_out|       pointer|
|local_regs_V_269_out              |  out|   32|      ap_vld|              local_regs_V_269_out|       pointer|
|local_regs_V_269_out_ap_vld       |  out|    1|      ap_vld|              local_regs_V_269_out|       pointer|
|local_regs_V_270_out              |  out|   32|      ap_vld|              local_regs_V_270_out|       pointer|
|local_regs_V_270_out_ap_vld       |  out|    1|      ap_vld|              local_regs_V_270_out|       pointer|
|local_regs_V_271_out              |  out|   32|      ap_vld|              local_regs_V_271_out|       pointer|
|local_regs_V_271_out_ap_vld       |  out|    1|      ap_vld|              local_regs_V_271_out|       pointer|
|local_regs_V_272_out              |  out|   32|      ap_vld|              local_regs_V_272_out|       pointer|
|local_regs_V_272_out_ap_vld       |  out|    1|      ap_vld|              local_regs_V_272_out|       pointer|
|local_regs_V_273_out              |  out|   32|      ap_vld|              local_regs_V_273_out|       pointer|
|local_regs_V_273_out_ap_vld       |  out|    1|      ap_vld|              local_regs_V_273_out|       pointer|
|local_regs_V_274_out              |  out|   32|      ap_vld|              local_regs_V_274_out|       pointer|
|local_regs_V_274_out_ap_vld       |  out|    1|      ap_vld|              local_regs_V_274_out|       pointer|
|local_regs_V_275_out              |  out|   32|      ap_vld|              local_regs_V_275_out|       pointer|
|local_regs_V_275_out_ap_vld       |  out|    1|      ap_vld|              local_regs_V_275_out|       pointer|
|local_regs_V_276_out              |  out|   32|      ap_vld|              local_regs_V_276_out|       pointer|
|local_regs_V_276_out_ap_vld       |  out|    1|      ap_vld|              local_regs_V_276_out|       pointer|
|local_regs_V_277_out              |  out|   32|      ap_vld|              local_regs_V_277_out|       pointer|
|local_regs_V_277_out_ap_vld       |  out|    1|      ap_vld|              local_regs_V_277_out|       pointer|
|local_regs_V_278_out              |  out|   32|      ap_vld|              local_regs_V_278_out|       pointer|
|local_regs_V_278_out_ap_vld       |  out|    1|      ap_vld|              local_regs_V_278_out|       pointer|
|local_regs_V_279_out              |  out|   32|      ap_vld|              local_regs_V_279_out|       pointer|
|local_regs_V_279_out_ap_vld       |  out|    1|      ap_vld|              local_regs_V_279_out|       pointer|
|local_regs_V_280_out              |  out|   32|      ap_vld|              local_regs_V_280_out|       pointer|
|local_regs_V_280_out_ap_vld       |  out|    1|      ap_vld|              local_regs_V_280_out|       pointer|
|local_regs_V_281_out              |  out|   32|      ap_vld|              local_regs_V_281_out|       pointer|
|local_regs_V_281_out_ap_vld       |  out|    1|      ap_vld|              local_regs_V_281_out|       pointer|
|local_regs_V_282_out              |  out|   32|      ap_vld|              local_regs_V_282_out|       pointer|
|local_regs_V_282_out_ap_vld       |  out|    1|      ap_vld|              local_regs_V_282_out|       pointer|
|local_regs_V_283_out              |  out|   32|      ap_vld|              local_regs_V_283_out|       pointer|
|local_regs_V_283_out_ap_vld       |  out|    1|      ap_vld|              local_regs_V_283_out|       pointer|
|local_regs_V_284_out              |  out|   32|      ap_vld|              local_regs_V_284_out|       pointer|
|local_regs_V_284_out_ap_vld       |  out|    1|      ap_vld|              local_regs_V_284_out|       pointer|
|local_regs_V_285_out              |  out|   32|      ap_vld|              local_regs_V_285_out|       pointer|
|local_regs_V_285_out_ap_vld       |  out|    1|      ap_vld|              local_regs_V_285_out|       pointer|
|local_regs_V_286_out              |  out|   32|      ap_vld|              local_regs_V_286_out|       pointer|
|local_regs_V_286_out_ap_vld       |  out|    1|      ap_vld|              local_regs_V_286_out|       pointer|
|local_regs_V_287_out              |  out|   32|      ap_vld|              local_regs_V_287_out|       pointer|
|local_regs_V_287_out_ap_vld       |  out|    1|      ap_vld|              local_regs_V_287_out|       pointer|
|local_regs_V_288_out              |  out|   32|      ap_vld|              local_regs_V_288_out|       pointer|
|local_regs_V_288_out_ap_vld       |  out|    1|      ap_vld|              local_regs_V_288_out|       pointer|
|local_regs_V_289_out              |  out|   32|      ap_vld|              local_regs_V_289_out|       pointer|
|local_regs_V_289_out_ap_vld       |  out|    1|      ap_vld|              local_regs_V_289_out|       pointer|
|local_regs_V_290_out              |  out|   32|      ap_vld|              local_regs_V_290_out|       pointer|
|local_regs_V_290_out_ap_vld       |  out|    1|      ap_vld|              local_regs_V_290_out|       pointer|
|local_regs_V_291_out              |  out|   32|      ap_vld|              local_regs_V_291_out|       pointer|
|local_regs_V_291_out_ap_vld       |  out|    1|      ap_vld|              local_regs_V_291_out|       pointer|
|local_regs_V_292_out              |  out|   32|      ap_vld|              local_regs_V_292_out|       pointer|
|local_regs_V_292_out_ap_vld       |  out|    1|      ap_vld|              local_regs_V_292_out|       pointer|
|local_regs_V_293_out              |  out|   32|      ap_vld|              local_regs_V_293_out|       pointer|
|local_regs_V_293_out_ap_vld       |  out|    1|      ap_vld|              local_regs_V_293_out|       pointer|
|local_regs_V_294_out              |  out|   32|      ap_vld|              local_regs_V_294_out|       pointer|
|local_regs_V_294_out_ap_vld       |  out|    1|      ap_vld|              local_regs_V_294_out|       pointer|
|local_regs_V_295_out              |  out|   32|      ap_vld|              local_regs_V_295_out|       pointer|
|local_regs_V_295_out_ap_vld       |  out|    1|      ap_vld|              local_regs_V_295_out|       pointer|
|local_regs_V_296_out              |  out|   32|      ap_vld|              local_regs_V_296_out|       pointer|
|local_regs_V_296_out_ap_vld       |  out|    1|      ap_vld|              local_regs_V_296_out|       pointer|
|local_regs_V_297_out              |  out|   32|      ap_vld|              local_regs_V_297_out|       pointer|
|local_regs_V_297_out_ap_vld       |  out|    1|      ap_vld|              local_regs_V_297_out|       pointer|
|local_regs_V_298_out              |  out|   32|      ap_vld|              local_regs_V_298_out|       pointer|
|local_regs_V_298_out_ap_vld       |  out|    1|      ap_vld|              local_regs_V_298_out|       pointer|
|local_regs_V_299_out              |  out|   32|      ap_vld|              local_regs_V_299_out|       pointer|
|local_regs_V_299_out_ap_vld       |  out|    1|      ap_vld|              local_regs_V_299_out|       pointer|
|local_regs_V_300_out              |  out|   32|      ap_vld|              local_regs_V_300_out|       pointer|
|local_regs_V_300_out_ap_vld       |  out|    1|      ap_vld|              local_regs_V_300_out|       pointer|
|local_regs_V_301_out              |  out|   32|      ap_vld|              local_regs_V_301_out|       pointer|
|local_regs_V_301_out_ap_vld       |  out|    1|      ap_vld|              local_regs_V_301_out|       pointer|
|local_regs_V_302_out              |  out|   32|      ap_vld|              local_regs_V_302_out|       pointer|
|local_regs_V_302_out_ap_vld       |  out|    1|      ap_vld|              local_regs_V_302_out|       pointer|
|local_regs_V_303_out              |  out|   32|      ap_vld|              local_regs_V_303_out|       pointer|
|local_regs_V_303_out_ap_vld       |  out|    1|      ap_vld|              local_regs_V_303_out|       pointer|
|local_regs_V_304_out              |  out|   32|      ap_vld|              local_regs_V_304_out|       pointer|
|local_regs_V_304_out_ap_vld       |  out|    1|      ap_vld|              local_regs_V_304_out|       pointer|
|local_regs_V_305_out              |  out|   32|      ap_vld|              local_regs_V_305_out|       pointer|
|local_regs_V_305_out_ap_vld       |  out|    1|      ap_vld|              local_regs_V_305_out|       pointer|
|local_regs_V_306_out              |  out|   32|      ap_vld|              local_regs_V_306_out|       pointer|
|local_regs_V_306_out_ap_vld       |  out|    1|      ap_vld|              local_regs_V_306_out|       pointer|
|local_regs_V_307_out              |  out|   32|      ap_vld|              local_regs_V_307_out|       pointer|
|local_regs_V_307_out_ap_vld       |  out|    1|      ap_vld|              local_regs_V_307_out|       pointer|
|local_regs_V_308_out              |  out|   32|      ap_vld|              local_regs_V_308_out|       pointer|
|local_regs_V_308_out_ap_vld       |  out|    1|      ap_vld|              local_regs_V_308_out|       pointer|
|local_regs_V_309_out              |  out|   32|      ap_vld|              local_regs_V_309_out|       pointer|
|local_regs_V_309_out_ap_vld       |  out|    1|      ap_vld|              local_regs_V_309_out|       pointer|
|local_regs_V_310_out              |  out|   32|      ap_vld|              local_regs_V_310_out|       pointer|
|local_regs_V_310_out_ap_vld       |  out|    1|      ap_vld|              local_regs_V_310_out|       pointer|
|local_regs_V_311_out              |  out|   32|      ap_vld|              local_regs_V_311_out|       pointer|
|local_regs_V_311_out_ap_vld       |  out|    1|      ap_vld|              local_regs_V_311_out|       pointer|
|local_regs_V_312_out              |  out|   32|      ap_vld|              local_regs_V_312_out|       pointer|
|local_regs_V_312_out_ap_vld       |  out|    1|      ap_vld|              local_regs_V_312_out|       pointer|
|local_regs_V_313_out              |  out|   32|      ap_vld|              local_regs_V_313_out|       pointer|
|local_regs_V_313_out_ap_vld       |  out|    1|      ap_vld|              local_regs_V_313_out|       pointer|
|local_regs_V_314_out              |  out|   32|      ap_vld|              local_regs_V_314_out|       pointer|
|local_regs_V_314_out_ap_vld       |  out|    1|      ap_vld|              local_regs_V_314_out|       pointer|
|local_regs_V_315_out              |  out|   32|      ap_vld|              local_regs_V_315_out|       pointer|
|local_regs_V_315_out_ap_vld       |  out|    1|      ap_vld|              local_regs_V_315_out|       pointer|
|local_regs_V_316_out              |  out|   32|      ap_vld|              local_regs_V_316_out|       pointer|
|local_regs_V_316_out_ap_vld       |  out|    1|      ap_vld|              local_regs_V_316_out|       pointer|
|local_regs_V_317_out              |  out|   32|      ap_vld|              local_regs_V_317_out|       pointer|
|local_regs_V_317_out_ap_vld       |  out|    1|      ap_vld|              local_regs_V_317_out|       pointer|
|local_regs_V_318_out              |  out|   32|      ap_vld|              local_regs_V_318_out|       pointer|
|local_regs_V_318_out_ap_vld       |  out|    1|      ap_vld|              local_regs_V_318_out|       pointer|
|local_regs_V_319_out              |  out|   32|      ap_vld|              local_regs_V_319_out|       pointer|
|local_regs_V_319_out_ap_vld       |  out|    1|      ap_vld|              local_regs_V_319_out|       pointer|
|local_regs_V_320_out              |  out|   32|      ap_vld|              local_regs_V_320_out|       pointer|
|local_regs_V_320_out_ap_vld       |  out|    1|      ap_vld|              local_regs_V_320_out|       pointer|
|local_regs_V_321_out              |  out|   32|      ap_vld|              local_regs_V_321_out|       pointer|
|local_regs_V_321_out_ap_vld       |  out|    1|      ap_vld|              local_regs_V_321_out|       pointer|
|local_regs_V_322_out              |  out|   32|      ap_vld|              local_regs_V_322_out|       pointer|
|local_regs_V_322_out_ap_vld       |  out|    1|      ap_vld|              local_regs_V_322_out|       pointer|
|local_regs_V_323_out              |  out|   32|      ap_vld|              local_regs_V_323_out|       pointer|
|local_regs_V_323_out_ap_vld       |  out|    1|      ap_vld|              local_regs_V_323_out|       pointer|
|local_regs_V_324_out              |  out|   32|      ap_vld|              local_regs_V_324_out|       pointer|
|local_regs_V_324_out_ap_vld       |  out|    1|      ap_vld|              local_regs_V_324_out|       pointer|
|local_regs_V_325_out              |  out|   32|      ap_vld|              local_regs_V_325_out|       pointer|
|local_regs_V_325_out_ap_vld       |  out|    1|      ap_vld|              local_regs_V_325_out|       pointer|
|local_regs_V_326_out              |  out|   32|      ap_vld|              local_regs_V_326_out|       pointer|
|local_regs_V_326_out_ap_vld       |  out|    1|      ap_vld|              local_regs_V_326_out|       pointer|
|local_regs_V_327_out              |  out|   32|      ap_vld|              local_regs_V_327_out|       pointer|
|local_regs_V_327_out_ap_vld       |  out|    1|      ap_vld|              local_regs_V_327_out|       pointer|
|local_regs_V_328_out              |  out|   32|      ap_vld|              local_regs_V_328_out|       pointer|
|local_regs_V_328_out_ap_vld       |  out|    1|      ap_vld|              local_regs_V_328_out|       pointer|
|local_regs_V_329_out              |  out|   32|      ap_vld|              local_regs_V_329_out|       pointer|
|local_regs_V_329_out_ap_vld       |  out|    1|      ap_vld|              local_regs_V_329_out|       pointer|
|local_regs_V_330_out              |  out|   32|      ap_vld|              local_regs_V_330_out|       pointer|
|local_regs_V_330_out_ap_vld       |  out|    1|      ap_vld|              local_regs_V_330_out|       pointer|
|local_regs_V_331_out              |  out|   32|      ap_vld|              local_regs_V_331_out|       pointer|
|local_regs_V_331_out_ap_vld       |  out|    1|      ap_vld|              local_regs_V_331_out|       pointer|
|local_regs_V_332_out              |  out|   32|      ap_vld|              local_regs_V_332_out|       pointer|
|local_regs_V_332_out_ap_vld       |  out|    1|      ap_vld|              local_regs_V_332_out|       pointer|
|local_regs_V_333_out              |  out|   32|      ap_vld|              local_regs_V_333_out|       pointer|
|local_regs_V_333_out_ap_vld       |  out|    1|      ap_vld|              local_regs_V_333_out|       pointer|
|local_regs_V_334_out              |  out|   32|      ap_vld|              local_regs_V_334_out|       pointer|
|local_regs_V_334_out_ap_vld       |  out|    1|      ap_vld|              local_regs_V_334_out|       pointer|
|local_regs_V_335_out              |  out|   32|      ap_vld|              local_regs_V_335_out|       pointer|
|local_regs_V_335_out_ap_vld       |  out|    1|      ap_vld|              local_regs_V_335_out|       pointer|
|local_regs_V_336_out              |  out|   32|      ap_vld|              local_regs_V_336_out|       pointer|
|local_regs_V_336_out_ap_vld       |  out|    1|      ap_vld|              local_regs_V_336_out|       pointer|
|local_regs_V_337_out              |  out|   32|      ap_vld|              local_regs_V_337_out|       pointer|
|local_regs_V_337_out_ap_vld       |  out|    1|      ap_vld|              local_regs_V_337_out|       pointer|
|local_regs_V_338_out              |  out|   32|      ap_vld|              local_regs_V_338_out|       pointer|
|local_regs_V_338_out_ap_vld       |  out|    1|      ap_vld|              local_regs_V_338_out|       pointer|
|local_regs_V_339_out              |  out|   32|      ap_vld|              local_regs_V_339_out|       pointer|
|local_regs_V_339_out_ap_vld       |  out|    1|      ap_vld|              local_regs_V_339_out|       pointer|
|local_regs_V_340_out              |  out|   32|      ap_vld|              local_regs_V_340_out|       pointer|
|local_regs_V_340_out_ap_vld       |  out|    1|      ap_vld|              local_regs_V_340_out|       pointer|
|local_regs_V_341_out              |  out|   32|      ap_vld|              local_regs_V_341_out|       pointer|
|local_regs_V_341_out_ap_vld       |  out|    1|      ap_vld|              local_regs_V_341_out|       pointer|
|local_regs_V_342_out              |  out|   32|      ap_vld|              local_regs_V_342_out|       pointer|
|local_regs_V_342_out_ap_vld       |  out|    1|      ap_vld|              local_regs_V_342_out|       pointer|
|local_regs_V_343_out              |  out|   32|      ap_vld|              local_regs_V_343_out|       pointer|
|local_regs_V_343_out_ap_vld       |  out|    1|      ap_vld|              local_regs_V_343_out|       pointer|
|local_regs_V_344_out              |  out|   32|      ap_vld|              local_regs_V_344_out|       pointer|
|local_regs_V_344_out_ap_vld       |  out|    1|      ap_vld|              local_regs_V_344_out|       pointer|
|local_regs_V_345_out              |  out|   32|      ap_vld|              local_regs_V_345_out|       pointer|
|local_regs_V_345_out_ap_vld       |  out|    1|      ap_vld|              local_regs_V_345_out|       pointer|
|local_regs_V_346_out              |  out|   32|      ap_vld|              local_regs_V_346_out|       pointer|
|local_regs_V_346_out_ap_vld       |  out|    1|      ap_vld|              local_regs_V_346_out|       pointer|
|local_regs_V_347_out              |  out|   32|      ap_vld|              local_regs_V_347_out|       pointer|
|local_regs_V_347_out_ap_vld       |  out|    1|      ap_vld|              local_regs_V_347_out|       pointer|
|local_regs_V_348_out              |  out|   32|      ap_vld|              local_regs_V_348_out|       pointer|
|local_regs_V_348_out_ap_vld       |  out|    1|      ap_vld|              local_regs_V_348_out|       pointer|
|local_regs_V_349_out              |  out|   32|      ap_vld|              local_regs_V_349_out|       pointer|
|local_regs_V_349_out_ap_vld       |  out|    1|      ap_vld|              local_regs_V_349_out|       pointer|
|local_regs_V_350_out              |  out|   32|      ap_vld|              local_regs_V_350_out|       pointer|
|local_regs_V_350_out_ap_vld       |  out|    1|      ap_vld|              local_regs_V_350_out|       pointer|
|local_regs_V_351_out              |  out|   32|      ap_vld|              local_regs_V_351_out|       pointer|
|local_regs_V_351_out_ap_vld       |  out|    1|      ap_vld|              local_regs_V_351_out|       pointer|
|local_regs_V_352_out              |  out|   32|      ap_vld|              local_regs_V_352_out|       pointer|
|local_regs_V_352_out_ap_vld       |  out|    1|      ap_vld|              local_regs_V_352_out|       pointer|
|local_regs_V_353_out              |  out|   32|      ap_vld|              local_regs_V_353_out|       pointer|
|local_regs_V_353_out_ap_vld       |  out|    1|      ap_vld|              local_regs_V_353_out|       pointer|
|local_regs_V_354_out              |  out|   32|      ap_vld|              local_regs_V_354_out|       pointer|
|local_regs_V_354_out_ap_vld       |  out|    1|      ap_vld|              local_regs_V_354_out|       pointer|
|local_regs_V_355_out              |  out|   32|      ap_vld|              local_regs_V_355_out|       pointer|
|local_regs_V_355_out_ap_vld       |  out|    1|      ap_vld|              local_regs_V_355_out|       pointer|
|local_regs_V_356_out              |  out|   32|      ap_vld|              local_regs_V_356_out|       pointer|
|local_regs_V_356_out_ap_vld       |  out|    1|      ap_vld|              local_regs_V_356_out|       pointer|
|local_regs_V_357_out              |  out|   32|      ap_vld|              local_regs_V_357_out|       pointer|
|local_regs_V_357_out_ap_vld       |  out|    1|      ap_vld|              local_regs_V_357_out|       pointer|
|local_regs_V_358_out              |  out|   32|      ap_vld|              local_regs_V_358_out|       pointer|
|local_regs_V_358_out_ap_vld       |  out|    1|      ap_vld|              local_regs_V_358_out|       pointer|
|local_regs_V_359_out              |  out|   32|      ap_vld|              local_regs_V_359_out|       pointer|
|local_regs_V_359_out_ap_vld       |  out|    1|      ap_vld|              local_regs_V_359_out|       pointer|
|local_regs_V_360_out              |  out|   32|      ap_vld|              local_regs_V_360_out|       pointer|
|local_regs_V_360_out_ap_vld       |  out|    1|      ap_vld|              local_regs_V_360_out|       pointer|
|local_regs_V_361_out              |  out|   32|      ap_vld|              local_regs_V_361_out|       pointer|
|local_regs_V_361_out_ap_vld       |  out|    1|      ap_vld|              local_regs_V_361_out|       pointer|
|local_regs_V_362_out              |  out|   32|      ap_vld|              local_regs_V_362_out|       pointer|
|local_regs_V_362_out_ap_vld       |  out|    1|      ap_vld|              local_regs_V_362_out|       pointer|
|local_regs_V_363_out              |  out|   32|      ap_vld|              local_regs_V_363_out|       pointer|
|local_regs_V_363_out_ap_vld       |  out|    1|      ap_vld|              local_regs_V_363_out|       pointer|
|local_regs_V_364_out              |  out|   32|      ap_vld|              local_regs_V_364_out|       pointer|
|local_regs_V_364_out_ap_vld       |  out|    1|      ap_vld|              local_regs_V_364_out|       pointer|
|local_regs_V_365_out              |  out|   32|      ap_vld|              local_regs_V_365_out|       pointer|
|local_regs_V_365_out_ap_vld       |  out|    1|      ap_vld|              local_regs_V_365_out|       pointer|
|local_regs_V_366_out              |  out|   32|      ap_vld|              local_regs_V_366_out|       pointer|
|local_regs_V_366_out_ap_vld       |  out|    1|      ap_vld|              local_regs_V_366_out|       pointer|
|local_regs_V_367_out              |  out|   32|      ap_vld|              local_regs_V_367_out|       pointer|
|local_regs_V_367_out_ap_vld       |  out|    1|      ap_vld|              local_regs_V_367_out|       pointer|
|local_regs_V_368_out              |  out|   32|      ap_vld|              local_regs_V_368_out|       pointer|
|local_regs_V_368_out_ap_vld       |  out|    1|      ap_vld|              local_regs_V_368_out|       pointer|
|local_regs_V_369_out              |  out|   32|      ap_vld|              local_regs_V_369_out|       pointer|
|local_regs_V_369_out_ap_vld       |  out|    1|      ap_vld|              local_regs_V_369_out|       pointer|
|local_regs_V_370_out              |  out|   32|      ap_vld|              local_regs_V_370_out|       pointer|
|local_regs_V_370_out_ap_vld       |  out|    1|      ap_vld|              local_regs_V_370_out|       pointer|
|local_regs_V_371_out              |  out|   32|      ap_vld|              local_regs_V_371_out|       pointer|
|local_regs_V_371_out_ap_vld       |  out|    1|      ap_vld|              local_regs_V_371_out|       pointer|
|local_regs_V_372_out              |  out|   32|      ap_vld|              local_regs_V_372_out|       pointer|
|local_regs_V_372_out_ap_vld       |  out|    1|      ap_vld|              local_regs_V_372_out|       pointer|
|local_regs_V_373_out              |  out|   32|      ap_vld|              local_regs_V_373_out|       pointer|
|local_regs_V_373_out_ap_vld       |  out|    1|      ap_vld|              local_regs_V_373_out|       pointer|
|local_regs_V_374_out              |  out|   32|      ap_vld|              local_regs_V_374_out|       pointer|
|local_regs_V_374_out_ap_vld       |  out|    1|      ap_vld|              local_regs_V_374_out|       pointer|
|local_regs_V_375_out              |  out|   32|      ap_vld|              local_regs_V_375_out|       pointer|
|local_regs_V_375_out_ap_vld       |  out|    1|      ap_vld|              local_regs_V_375_out|       pointer|
|local_regs_V_376_out              |  out|   32|      ap_vld|              local_regs_V_376_out|       pointer|
|local_regs_V_376_out_ap_vld       |  out|    1|      ap_vld|              local_regs_V_376_out|       pointer|
|local_regs_V_377_out              |  out|   32|      ap_vld|              local_regs_V_377_out|       pointer|
|local_regs_V_377_out_ap_vld       |  out|    1|      ap_vld|              local_regs_V_377_out|       pointer|
|local_regs_V_378_out              |  out|   32|      ap_vld|              local_regs_V_378_out|       pointer|
|local_regs_V_378_out_ap_vld       |  out|    1|      ap_vld|              local_regs_V_378_out|       pointer|
|local_regs_V_379_out              |  out|   32|      ap_vld|              local_regs_V_379_out|       pointer|
|local_regs_V_379_out_ap_vld       |  out|    1|      ap_vld|              local_regs_V_379_out|       pointer|
|local_regs_V_380_out              |  out|   32|      ap_vld|              local_regs_V_380_out|       pointer|
|local_regs_V_380_out_ap_vld       |  out|    1|      ap_vld|              local_regs_V_380_out|       pointer|
|local_regs_V_381_out              |  out|   32|      ap_vld|              local_regs_V_381_out|       pointer|
|local_regs_V_381_out_ap_vld       |  out|    1|      ap_vld|              local_regs_V_381_out|       pointer|
|local_regs_V_382_out              |  out|   32|      ap_vld|              local_regs_V_382_out|       pointer|
|local_regs_V_382_out_ap_vld       |  out|    1|      ap_vld|              local_regs_V_382_out|       pointer|
|local_regs_V_383_out              |  out|   32|      ap_vld|              local_regs_V_383_out|       pointer|
|local_regs_V_383_out_ap_vld       |  out|    1|      ap_vld|              local_regs_V_383_out|       pointer|
|local_regs_V_384_out              |  out|   32|      ap_vld|              local_regs_V_384_out|       pointer|
|local_regs_V_384_out_ap_vld       |  out|    1|      ap_vld|              local_regs_V_384_out|       pointer|
|local_regs_V_385_out              |  out|   32|      ap_vld|              local_regs_V_385_out|       pointer|
|local_regs_V_385_out_ap_vld       |  out|    1|      ap_vld|              local_regs_V_385_out|       pointer|
|local_regs_V_386_out              |  out|   32|      ap_vld|              local_regs_V_386_out|       pointer|
|local_regs_V_386_out_ap_vld       |  out|    1|      ap_vld|              local_regs_V_386_out|       pointer|
|local_regs_V_387_out              |  out|   32|      ap_vld|              local_regs_V_387_out|       pointer|
|local_regs_V_387_out_ap_vld       |  out|    1|      ap_vld|              local_regs_V_387_out|       pointer|
|local_regs_V_388_out              |  out|   32|      ap_vld|              local_regs_V_388_out|       pointer|
|local_regs_V_388_out_ap_vld       |  out|    1|      ap_vld|              local_regs_V_388_out|       pointer|
|local_regs_V_389_out              |  out|   32|      ap_vld|              local_regs_V_389_out|       pointer|
|local_regs_V_389_out_ap_vld       |  out|    1|      ap_vld|              local_regs_V_389_out|       pointer|
|local_regs_V_390_out              |  out|   32|      ap_vld|              local_regs_V_390_out|       pointer|
|local_regs_V_390_out_ap_vld       |  out|    1|      ap_vld|              local_regs_V_390_out|       pointer|
|local_regs_V_391_out              |  out|   32|      ap_vld|              local_regs_V_391_out|       pointer|
|local_regs_V_391_out_ap_vld       |  out|    1|      ap_vld|              local_regs_V_391_out|       pointer|
|local_regs_V_392_out              |  out|   32|      ap_vld|              local_regs_V_392_out|       pointer|
|local_regs_V_392_out_ap_vld       |  out|    1|      ap_vld|              local_regs_V_392_out|       pointer|
|local_regs_V_393_out              |  out|   32|      ap_vld|              local_regs_V_393_out|       pointer|
|local_regs_V_393_out_ap_vld       |  out|    1|      ap_vld|              local_regs_V_393_out|       pointer|
|local_regs_V_394_out              |  out|   32|      ap_vld|              local_regs_V_394_out|       pointer|
|local_regs_V_394_out_ap_vld       |  out|    1|      ap_vld|              local_regs_V_394_out|       pointer|
|local_regs_V_395_out              |  out|   32|      ap_vld|              local_regs_V_395_out|       pointer|
|local_regs_V_395_out_ap_vld       |  out|    1|      ap_vld|              local_regs_V_395_out|       pointer|
|local_regs_V_396_out              |  out|   32|      ap_vld|              local_regs_V_396_out|       pointer|
|local_regs_V_396_out_ap_vld       |  out|    1|      ap_vld|              local_regs_V_396_out|       pointer|
|local_regs_V_397_out              |  out|   32|      ap_vld|              local_regs_V_397_out|       pointer|
|local_regs_V_397_out_ap_vld       |  out|    1|      ap_vld|              local_regs_V_397_out|       pointer|
|local_regs_V_398_out              |  out|   32|      ap_vld|              local_regs_V_398_out|       pointer|
|local_regs_V_398_out_ap_vld       |  out|    1|      ap_vld|              local_regs_V_398_out|       pointer|
|local_regs_V_399_out              |  out|   32|      ap_vld|              local_regs_V_399_out|       pointer|
|local_regs_V_399_out_ap_vld       |  out|    1|      ap_vld|              local_regs_V_399_out|       pointer|
|local_regs_V_400_out              |  out|   32|      ap_vld|              local_regs_V_400_out|       pointer|
|local_regs_V_400_out_ap_vld       |  out|    1|      ap_vld|              local_regs_V_400_out|       pointer|
|local_regs_V_401_out              |  out|   32|      ap_vld|              local_regs_V_401_out|       pointer|
|local_regs_V_401_out_ap_vld       |  out|    1|      ap_vld|              local_regs_V_401_out|       pointer|
|local_regs_V_402_out              |  out|   32|      ap_vld|              local_regs_V_402_out|       pointer|
|local_regs_V_402_out_ap_vld       |  out|    1|      ap_vld|              local_regs_V_402_out|       pointer|
|local_regs_V_403_out              |  out|   32|      ap_vld|              local_regs_V_403_out|       pointer|
|local_regs_V_403_out_ap_vld       |  out|    1|      ap_vld|              local_regs_V_403_out|       pointer|
|local_regs_V_404_out              |  out|   32|      ap_vld|              local_regs_V_404_out|       pointer|
|local_regs_V_404_out_ap_vld       |  out|    1|      ap_vld|              local_regs_V_404_out|       pointer|
|local_regs_V_405_out              |  out|   32|      ap_vld|              local_regs_V_405_out|       pointer|
|local_regs_V_405_out_ap_vld       |  out|    1|      ap_vld|              local_regs_V_405_out|       pointer|
|local_regs_V_406_out              |  out|   32|      ap_vld|              local_regs_V_406_out|       pointer|
|local_regs_V_406_out_ap_vld       |  out|    1|      ap_vld|              local_regs_V_406_out|       pointer|
|local_regs_V_407_out              |  out|   32|      ap_vld|              local_regs_V_407_out|       pointer|
|local_regs_V_407_out_ap_vld       |  out|    1|      ap_vld|              local_regs_V_407_out|       pointer|
|local_regs_V_408_out              |  out|   32|      ap_vld|              local_regs_V_408_out|       pointer|
|local_regs_V_408_out_ap_vld       |  out|    1|      ap_vld|              local_regs_V_408_out|       pointer|
|local_regs_V_409_out              |  out|   32|      ap_vld|              local_regs_V_409_out|       pointer|
|local_regs_V_409_out_ap_vld       |  out|    1|      ap_vld|              local_regs_V_409_out|       pointer|
|local_regs_V_410_out              |  out|   32|      ap_vld|              local_regs_V_410_out|       pointer|
|local_regs_V_410_out_ap_vld       |  out|    1|      ap_vld|              local_regs_V_410_out|       pointer|
|local_regs_V_411_out              |  out|   32|      ap_vld|              local_regs_V_411_out|       pointer|
|local_regs_V_411_out_ap_vld       |  out|    1|      ap_vld|              local_regs_V_411_out|       pointer|
|local_regs_V_412_out              |  out|   32|      ap_vld|              local_regs_V_412_out|       pointer|
|local_regs_V_412_out_ap_vld       |  out|    1|      ap_vld|              local_regs_V_412_out|       pointer|
|local_regs_V_413_out              |  out|   32|      ap_vld|              local_regs_V_413_out|       pointer|
|local_regs_V_413_out_ap_vld       |  out|    1|      ap_vld|              local_regs_V_413_out|       pointer|
|local_regs_V_414_out              |  out|   32|      ap_vld|              local_regs_V_414_out|       pointer|
|local_regs_V_414_out_ap_vld       |  out|    1|      ap_vld|              local_regs_V_414_out|       pointer|
|local_regs_V_415_out              |  out|   32|      ap_vld|              local_regs_V_415_out|       pointer|
|local_regs_V_415_out_ap_vld       |  out|    1|      ap_vld|              local_regs_V_415_out|       pointer|
|local_regs_V_416_out              |  out|   32|      ap_vld|              local_regs_V_416_out|       pointer|
|local_regs_V_416_out_ap_vld       |  out|    1|      ap_vld|              local_regs_V_416_out|       pointer|
|local_regs_V_417_out              |  out|   32|      ap_vld|              local_regs_V_417_out|       pointer|
|local_regs_V_417_out_ap_vld       |  out|    1|      ap_vld|              local_regs_V_417_out|       pointer|
|local_regs_V_418_out              |  out|   32|      ap_vld|              local_regs_V_418_out|       pointer|
|local_regs_V_418_out_ap_vld       |  out|    1|      ap_vld|              local_regs_V_418_out|       pointer|
|local_regs_V_419_out              |  out|   32|      ap_vld|              local_regs_V_419_out|       pointer|
|local_regs_V_419_out_ap_vld       |  out|    1|      ap_vld|              local_regs_V_419_out|       pointer|
|local_regs_V_420_out              |  out|   32|      ap_vld|              local_regs_V_420_out|       pointer|
|local_regs_V_420_out_ap_vld       |  out|    1|      ap_vld|              local_regs_V_420_out|       pointer|
|local_regs_V_421_out              |  out|   32|      ap_vld|              local_regs_V_421_out|       pointer|
|local_regs_V_421_out_ap_vld       |  out|    1|      ap_vld|              local_regs_V_421_out|       pointer|
|local_regs_V_422_out              |  out|   32|      ap_vld|              local_regs_V_422_out|       pointer|
|local_regs_V_422_out_ap_vld       |  out|    1|      ap_vld|              local_regs_V_422_out|       pointer|
|local_regs_V_423_out              |  out|   32|      ap_vld|              local_regs_V_423_out|       pointer|
|local_regs_V_423_out_ap_vld       |  out|    1|      ap_vld|              local_regs_V_423_out|       pointer|
|local_regs_V_424_out              |  out|   32|      ap_vld|              local_regs_V_424_out|       pointer|
|local_regs_V_424_out_ap_vld       |  out|    1|      ap_vld|              local_regs_V_424_out|       pointer|
|local_regs_V_425_out              |  out|   32|      ap_vld|              local_regs_V_425_out|       pointer|
|local_regs_V_425_out_ap_vld       |  out|    1|      ap_vld|              local_regs_V_425_out|       pointer|
|local_regs_V_426_out              |  out|   32|      ap_vld|              local_regs_V_426_out|       pointer|
|local_regs_V_426_out_ap_vld       |  out|    1|      ap_vld|              local_regs_V_426_out|       pointer|
|local_regs_V_427_out              |  out|   32|      ap_vld|              local_regs_V_427_out|       pointer|
|local_regs_V_427_out_ap_vld       |  out|    1|      ap_vld|              local_regs_V_427_out|       pointer|
|local_regs_V_428_out              |  out|   32|      ap_vld|              local_regs_V_428_out|       pointer|
|local_regs_V_428_out_ap_vld       |  out|    1|      ap_vld|              local_regs_V_428_out|       pointer|
|local_regs_V_429_out              |  out|   32|      ap_vld|              local_regs_V_429_out|       pointer|
|local_regs_V_429_out_ap_vld       |  out|    1|      ap_vld|              local_regs_V_429_out|       pointer|
|local_regs_V_430_out              |  out|   32|      ap_vld|              local_regs_V_430_out|       pointer|
|local_regs_V_430_out_ap_vld       |  out|    1|      ap_vld|              local_regs_V_430_out|       pointer|
|local_regs_V_431_out              |  out|   32|      ap_vld|              local_regs_V_431_out|       pointer|
|local_regs_V_431_out_ap_vld       |  out|    1|      ap_vld|              local_regs_V_431_out|       pointer|
|local_regs_V_432_out              |  out|   32|      ap_vld|              local_regs_V_432_out|       pointer|
|local_regs_V_432_out_ap_vld       |  out|    1|      ap_vld|              local_regs_V_432_out|       pointer|
|local_regs_V_433_out              |  out|   32|      ap_vld|              local_regs_V_433_out|       pointer|
|local_regs_V_433_out_ap_vld       |  out|    1|      ap_vld|              local_regs_V_433_out|       pointer|
|local_regs_V_434_out              |  out|   32|      ap_vld|              local_regs_V_434_out|       pointer|
|local_regs_V_434_out_ap_vld       |  out|    1|      ap_vld|              local_regs_V_434_out|       pointer|
|local_regs_V_435_out              |  out|   32|      ap_vld|              local_regs_V_435_out|       pointer|
|local_regs_V_435_out_ap_vld       |  out|    1|      ap_vld|              local_regs_V_435_out|       pointer|
|local_regs_V_436_out              |  out|   32|      ap_vld|              local_regs_V_436_out|       pointer|
|local_regs_V_436_out_ap_vld       |  out|    1|      ap_vld|              local_regs_V_436_out|       pointer|
|local_regs_V_437_out              |  out|   32|      ap_vld|              local_regs_V_437_out|       pointer|
|local_regs_V_437_out_ap_vld       |  out|    1|      ap_vld|              local_regs_V_437_out|       pointer|
|local_regs_V_438_out              |  out|   32|      ap_vld|              local_regs_V_438_out|       pointer|
|local_regs_V_438_out_ap_vld       |  out|    1|      ap_vld|              local_regs_V_438_out|       pointer|
|local_regs_V_439_out              |  out|   32|      ap_vld|              local_regs_V_439_out|       pointer|
|local_regs_V_439_out_ap_vld       |  out|    1|      ap_vld|              local_regs_V_439_out|       pointer|
|local_regs_V_440_out              |  out|   32|      ap_vld|              local_regs_V_440_out|       pointer|
|local_regs_V_440_out_ap_vld       |  out|    1|      ap_vld|              local_regs_V_440_out|       pointer|
|local_regs_V_441_out              |  out|   32|      ap_vld|              local_regs_V_441_out|       pointer|
|local_regs_V_441_out_ap_vld       |  out|    1|      ap_vld|              local_regs_V_441_out|       pointer|
|local_regs_V_442_out              |  out|   32|      ap_vld|              local_regs_V_442_out|       pointer|
|local_regs_V_442_out_ap_vld       |  out|    1|      ap_vld|              local_regs_V_442_out|       pointer|
|local_regs_V_443_out              |  out|   32|      ap_vld|              local_regs_V_443_out|       pointer|
|local_regs_V_443_out_ap_vld       |  out|    1|      ap_vld|              local_regs_V_443_out|       pointer|
|local_regs_V_444_out              |  out|   32|      ap_vld|              local_regs_V_444_out|       pointer|
|local_regs_V_444_out_ap_vld       |  out|    1|      ap_vld|              local_regs_V_444_out|       pointer|
|local_regs_V_445_out              |  out|   32|      ap_vld|              local_regs_V_445_out|       pointer|
|local_regs_V_445_out_ap_vld       |  out|    1|      ap_vld|              local_regs_V_445_out|       pointer|
|local_regs_V_446_out              |  out|   32|      ap_vld|              local_regs_V_446_out|       pointer|
|local_regs_V_446_out_ap_vld       |  out|    1|      ap_vld|              local_regs_V_446_out|       pointer|
|local_regs_V_447_out              |  out|   32|      ap_vld|              local_regs_V_447_out|       pointer|
|local_regs_V_447_out_ap_vld       |  out|    1|      ap_vld|              local_regs_V_447_out|       pointer|
|local_regs_V_448_out              |  out|   32|      ap_vld|              local_regs_V_448_out|       pointer|
|local_regs_V_448_out_ap_vld       |  out|    1|      ap_vld|              local_regs_V_448_out|       pointer|
|local_regs_V_449_out              |  out|   32|      ap_vld|              local_regs_V_449_out|       pointer|
|local_regs_V_449_out_ap_vld       |  out|    1|      ap_vld|              local_regs_V_449_out|       pointer|
|local_regs_V_450_out              |  out|   32|      ap_vld|              local_regs_V_450_out|       pointer|
|local_regs_V_450_out_ap_vld       |  out|    1|      ap_vld|              local_regs_V_450_out|       pointer|
|local_regs_V_451_out              |  out|   32|      ap_vld|              local_regs_V_451_out|       pointer|
|local_regs_V_451_out_ap_vld       |  out|    1|      ap_vld|              local_regs_V_451_out|       pointer|
|local_regs_V_452_out              |  out|   32|      ap_vld|              local_regs_V_452_out|       pointer|
|local_regs_V_452_out_ap_vld       |  out|    1|      ap_vld|              local_regs_V_452_out|       pointer|
|local_regs_V_453_out              |  out|   32|      ap_vld|              local_regs_V_453_out|       pointer|
|local_regs_V_453_out_ap_vld       |  out|    1|      ap_vld|              local_regs_V_453_out|       pointer|
|local_regs_V_454_out              |  out|   32|      ap_vld|              local_regs_V_454_out|       pointer|
|local_regs_V_454_out_ap_vld       |  out|    1|      ap_vld|              local_regs_V_454_out|       pointer|
|local_regs_V_455_out              |  out|   32|      ap_vld|              local_regs_V_455_out|       pointer|
|local_regs_V_455_out_ap_vld       |  out|    1|      ap_vld|              local_regs_V_455_out|       pointer|
|local_regs_V_456_out              |  out|   32|      ap_vld|              local_regs_V_456_out|       pointer|
|local_regs_V_456_out_ap_vld       |  out|    1|      ap_vld|              local_regs_V_456_out|       pointer|
|local_regs_V_457_out              |  out|   32|      ap_vld|              local_regs_V_457_out|       pointer|
|local_regs_V_457_out_ap_vld       |  out|    1|      ap_vld|              local_regs_V_457_out|       pointer|
|local_regs_V_458_out              |  out|   32|      ap_vld|              local_regs_V_458_out|       pointer|
|local_regs_V_458_out_ap_vld       |  out|    1|      ap_vld|              local_regs_V_458_out|       pointer|
|local_regs_V_459_out              |  out|   32|      ap_vld|              local_regs_V_459_out|       pointer|
|local_regs_V_459_out_ap_vld       |  out|    1|      ap_vld|              local_regs_V_459_out|       pointer|
|local_regs_V_460_out              |  out|   32|      ap_vld|              local_regs_V_460_out|       pointer|
|local_regs_V_460_out_ap_vld       |  out|    1|      ap_vld|              local_regs_V_460_out|       pointer|
|local_regs_V_461_out              |  out|   32|      ap_vld|              local_regs_V_461_out|       pointer|
|local_regs_V_461_out_ap_vld       |  out|    1|      ap_vld|              local_regs_V_461_out|       pointer|
|local_regs_V_462_out              |  out|   32|      ap_vld|              local_regs_V_462_out|       pointer|
|local_regs_V_462_out_ap_vld       |  out|    1|      ap_vld|              local_regs_V_462_out|       pointer|
|local_regs_V_463_out              |  out|   32|      ap_vld|              local_regs_V_463_out|       pointer|
|local_regs_V_463_out_ap_vld       |  out|    1|      ap_vld|              local_regs_V_463_out|       pointer|
|local_regs_V_464_out              |  out|   32|      ap_vld|              local_regs_V_464_out|       pointer|
|local_regs_V_464_out_ap_vld       |  out|    1|      ap_vld|              local_regs_V_464_out|       pointer|
|local_regs_V_465_out              |  out|   32|      ap_vld|              local_regs_V_465_out|       pointer|
|local_regs_V_465_out_ap_vld       |  out|    1|      ap_vld|              local_regs_V_465_out|       pointer|
|local_regs_V_466_out              |  out|   32|      ap_vld|              local_regs_V_466_out|       pointer|
|local_regs_V_466_out_ap_vld       |  out|    1|      ap_vld|              local_regs_V_466_out|       pointer|
|local_regs_V_467_out              |  out|   32|      ap_vld|              local_regs_V_467_out|       pointer|
|local_regs_V_467_out_ap_vld       |  out|    1|      ap_vld|              local_regs_V_467_out|       pointer|
|local_regs_V_468_out              |  out|   32|      ap_vld|              local_regs_V_468_out|       pointer|
|local_regs_V_468_out_ap_vld       |  out|    1|      ap_vld|              local_regs_V_468_out|       pointer|
|local_regs_V_469_out              |  out|   32|      ap_vld|              local_regs_V_469_out|       pointer|
|local_regs_V_469_out_ap_vld       |  out|    1|      ap_vld|              local_regs_V_469_out|       pointer|
|local_regs_V_470_out              |  out|   32|      ap_vld|              local_regs_V_470_out|       pointer|
|local_regs_V_470_out_ap_vld       |  out|    1|      ap_vld|              local_regs_V_470_out|       pointer|
|local_regs_V_471_out              |  out|   32|      ap_vld|              local_regs_V_471_out|       pointer|
|local_regs_V_471_out_ap_vld       |  out|    1|      ap_vld|              local_regs_V_471_out|       pointer|
|local_regs_V_472_out              |  out|   32|      ap_vld|              local_regs_V_472_out|       pointer|
|local_regs_V_472_out_ap_vld       |  out|    1|      ap_vld|              local_regs_V_472_out|       pointer|
|local_regs_V_473_out              |  out|   32|      ap_vld|              local_regs_V_473_out|       pointer|
|local_regs_V_473_out_ap_vld       |  out|    1|      ap_vld|              local_regs_V_473_out|       pointer|
|local_regs_V_474_out              |  out|   32|      ap_vld|              local_regs_V_474_out|       pointer|
|local_regs_V_474_out_ap_vld       |  out|    1|      ap_vld|              local_regs_V_474_out|       pointer|
|local_regs_V_475_out              |  out|   32|      ap_vld|              local_regs_V_475_out|       pointer|
|local_regs_V_475_out_ap_vld       |  out|    1|      ap_vld|              local_regs_V_475_out|       pointer|
|local_regs_V_476_out              |  out|   32|      ap_vld|              local_regs_V_476_out|       pointer|
|local_regs_V_476_out_ap_vld       |  out|    1|      ap_vld|              local_regs_V_476_out|       pointer|
|local_regs_V_477_out              |  out|   32|      ap_vld|              local_regs_V_477_out|       pointer|
|local_regs_V_477_out_ap_vld       |  out|    1|      ap_vld|              local_regs_V_477_out|       pointer|
|local_regs_V_478_out              |  out|   32|      ap_vld|              local_regs_V_478_out|       pointer|
|local_regs_V_478_out_ap_vld       |  out|    1|      ap_vld|              local_regs_V_478_out|       pointer|
|local_regs_V_479_out              |  out|   32|      ap_vld|              local_regs_V_479_out|       pointer|
|local_regs_V_479_out_ap_vld       |  out|    1|      ap_vld|              local_regs_V_479_out|       pointer|
|local_regs_V_480_out              |  out|   32|      ap_vld|              local_regs_V_480_out|       pointer|
|local_regs_V_480_out_ap_vld       |  out|    1|      ap_vld|              local_regs_V_480_out|       pointer|
|local_regs_V_481_out              |  out|   32|      ap_vld|              local_regs_V_481_out|       pointer|
|local_regs_V_481_out_ap_vld       |  out|    1|      ap_vld|              local_regs_V_481_out|       pointer|
|local_regs_V_482_out              |  out|   32|      ap_vld|              local_regs_V_482_out|       pointer|
|local_regs_V_482_out_ap_vld       |  out|    1|      ap_vld|              local_regs_V_482_out|       pointer|
|local_regs_V_483_out              |  out|   32|      ap_vld|              local_regs_V_483_out|       pointer|
|local_regs_V_483_out_ap_vld       |  out|    1|      ap_vld|              local_regs_V_483_out|       pointer|
|local_regs_V_484_out              |  out|   32|      ap_vld|              local_regs_V_484_out|       pointer|
|local_regs_V_484_out_ap_vld       |  out|    1|      ap_vld|              local_regs_V_484_out|       pointer|
|local_regs_V_485_out              |  out|   32|      ap_vld|              local_regs_V_485_out|       pointer|
|local_regs_V_485_out_ap_vld       |  out|    1|      ap_vld|              local_regs_V_485_out|       pointer|
|local_regs_V_486_out              |  out|   32|      ap_vld|              local_regs_V_486_out|       pointer|
|local_regs_V_486_out_ap_vld       |  out|    1|      ap_vld|              local_regs_V_486_out|       pointer|
|local_regs_V_487_out              |  out|   32|      ap_vld|              local_regs_V_487_out|       pointer|
|local_regs_V_487_out_ap_vld       |  out|    1|      ap_vld|              local_regs_V_487_out|       pointer|
|local_regs_V_488_out              |  out|   32|      ap_vld|              local_regs_V_488_out|       pointer|
|local_regs_V_488_out_ap_vld       |  out|    1|      ap_vld|              local_regs_V_488_out|       pointer|
|local_regs_V_489_out              |  out|   32|      ap_vld|              local_regs_V_489_out|       pointer|
|local_regs_V_489_out_ap_vld       |  out|    1|      ap_vld|              local_regs_V_489_out|       pointer|
|local_regs_V_490_out              |  out|   32|      ap_vld|              local_regs_V_490_out|       pointer|
|local_regs_V_490_out_ap_vld       |  out|    1|      ap_vld|              local_regs_V_490_out|       pointer|
|local_regs_V_491_out              |  out|   32|      ap_vld|              local_regs_V_491_out|       pointer|
|local_regs_V_491_out_ap_vld       |  out|    1|      ap_vld|              local_regs_V_491_out|       pointer|
|local_regs_V_492_out              |  out|   32|      ap_vld|              local_regs_V_492_out|       pointer|
|local_regs_V_492_out_ap_vld       |  out|    1|      ap_vld|              local_regs_V_492_out|       pointer|
|local_regs_V_493_out              |  out|   32|      ap_vld|              local_regs_V_493_out|       pointer|
|local_regs_V_493_out_ap_vld       |  out|    1|      ap_vld|              local_regs_V_493_out|       pointer|
|local_regs_V_494_out              |  out|   32|      ap_vld|              local_regs_V_494_out|       pointer|
|local_regs_V_494_out_ap_vld       |  out|    1|      ap_vld|              local_regs_V_494_out|       pointer|
|local_regs_V_495_out              |  out|   32|      ap_vld|              local_regs_V_495_out|       pointer|
|local_regs_V_495_out_ap_vld       |  out|    1|      ap_vld|              local_regs_V_495_out|       pointer|
|local_regs_V_496_out              |  out|   32|      ap_vld|              local_regs_V_496_out|       pointer|
|local_regs_V_496_out_ap_vld       |  out|    1|      ap_vld|              local_regs_V_496_out|       pointer|
|local_regs_V_497_out              |  out|   32|      ap_vld|              local_regs_V_497_out|       pointer|
|local_regs_V_497_out_ap_vld       |  out|    1|      ap_vld|              local_regs_V_497_out|       pointer|
|local_regs_V_498_out              |  out|   32|      ap_vld|              local_regs_V_498_out|       pointer|
|local_regs_V_498_out_ap_vld       |  out|    1|      ap_vld|              local_regs_V_498_out|       pointer|
|local_regs_V_499_out              |  out|   32|      ap_vld|              local_regs_V_499_out|       pointer|
|local_regs_V_499_out_ap_vld       |  out|    1|      ap_vld|              local_regs_V_499_out|       pointer|
|local_regs_V_500_out              |  out|   32|      ap_vld|              local_regs_V_500_out|       pointer|
|local_regs_V_500_out_ap_vld       |  out|    1|      ap_vld|              local_regs_V_500_out|       pointer|
|local_regs_V_501_out              |  out|   32|      ap_vld|              local_regs_V_501_out|       pointer|
|local_regs_V_501_out_ap_vld       |  out|    1|      ap_vld|              local_regs_V_501_out|       pointer|
|local_regs_V_502_out              |  out|   32|      ap_vld|              local_regs_V_502_out|       pointer|
|local_regs_V_502_out_ap_vld       |  out|    1|      ap_vld|              local_regs_V_502_out|       pointer|
|local_regs_V_503_out              |  out|   32|      ap_vld|              local_regs_V_503_out|       pointer|
|local_regs_V_503_out_ap_vld       |  out|    1|      ap_vld|              local_regs_V_503_out|       pointer|
|local_regs_V_504_out              |  out|   32|      ap_vld|              local_regs_V_504_out|       pointer|
|local_regs_V_504_out_ap_vld       |  out|    1|      ap_vld|              local_regs_V_504_out|       pointer|
|local_regs_V_505_out              |  out|   32|      ap_vld|              local_regs_V_505_out|       pointer|
|local_regs_V_505_out_ap_vld       |  out|    1|      ap_vld|              local_regs_V_505_out|       pointer|
|local_regs_V_506_out              |  out|   32|      ap_vld|              local_regs_V_506_out|       pointer|
|local_regs_V_506_out_ap_vld       |  out|    1|      ap_vld|              local_regs_V_506_out|       pointer|
|local_regs_V_507_out              |  out|   32|      ap_vld|              local_regs_V_507_out|       pointer|
|local_regs_V_507_out_ap_vld       |  out|    1|      ap_vld|              local_regs_V_507_out|       pointer|
|local_regs_V_508_out              |  out|   32|      ap_vld|              local_regs_V_508_out|       pointer|
|local_regs_V_508_out_ap_vld       |  out|    1|      ap_vld|              local_regs_V_508_out|       pointer|
|local_regs_V_509_out              |  out|   32|      ap_vld|              local_regs_V_509_out|       pointer|
|local_regs_V_509_out_ap_vld       |  out|    1|      ap_vld|              local_regs_V_509_out|       pointer|
|local_regs_V_510_out              |  out|   32|      ap_vld|              local_regs_V_510_out|       pointer|
|local_regs_V_510_out_ap_vld       |  out|    1|      ap_vld|              local_regs_V_510_out|       pointer|
|local_regs_V_511_out              |  out|   32|      ap_vld|              local_regs_V_511_out|       pointer|
|local_regs_V_511_out_ap_vld       |  out|    1|      ap_vld|              local_regs_V_511_out|       pointer|
|local_regs_V_512_out              |  out|   32|      ap_vld|              local_regs_V_512_out|       pointer|
|local_regs_V_512_out_ap_vld       |  out|    1|      ap_vld|              local_regs_V_512_out|       pointer|
|local_regs_V_513_out              |  out|   32|      ap_vld|              local_regs_V_513_out|       pointer|
|local_regs_V_513_out_ap_vld       |  out|    1|      ap_vld|              local_regs_V_513_out|       pointer|
|local_regs_V_514_out              |  out|   32|      ap_vld|              local_regs_V_514_out|       pointer|
|local_regs_V_514_out_ap_vld       |  out|    1|      ap_vld|              local_regs_V_514_out|       pointer|
|local_regs_V_515_out              |  out|   32|      ap_vld|              local_regs_V_515_out|       pointer|
|local_regs_V_515_out_ap_vld       |  out|    1|      ap_vld|              local_regs_V_515_out|       pointer|
|local_regs_V_516_out              |  out|   32|      ap_vld|              local_regs_V_516_out|       pointer|
|local_regs_V_516_out_ap_vld       |  out|    1|      ap_vld|              local_regs_V_516_out|       pointer|
|local_regs_V_517_out              |  out|   32|      ap_vld|              local_regs_V_517_out|       pointer|
|local_regs_V_517_out_ap_vld       |  out|    1|      ap_vld|              local_regs_V_517_out|       pointer|
|local_regs_V_518_out              |  out|   32|      ap_vld|              local_regs_V_518_out|       pointer|
|local_regs_V_518_out_ap_vld       |  out|    1|      ap_vld|              local_regs_V_518_out|       pointer|
|local_regs_V_519_out              |  out|   32|      ap_vld|              local_regs_V_519_out|       pointer|
|local_regs_V_519_out_ap_vld       |  out|    1|      ap_vld|              local_regs_V_519_out|       pointer|
|local_regs_V_520_out              |  out|   32|      ap_vld|              local_regs_V_520_out|       pointer|
|local_regs_V_520_out_ap_vld       |  out|    1|      ap_vld|              local_regs_V_520_out|       pointer|
|local_regs_V_521_out              |  out|   32|      ap_vld|              local_regs_V_521_out|       pointer|
|local_regs_V_521_out_ap_vld       |  out|    1|      ap_vld|              local_regs_V_521_out|       pointer|
|local_regs_V_522_out              |  out|   32|      ap_vld|              local_regs_V_522_out|       pointer|
|local_regs_V_522_out_ap_vld       |  out|    1|      ap_vld|              local_regs_V_522_out|       pointer|
|local_regs_V_523_out              |  out|   32|      ap_vld|              local_regs_V_523_out|       pointer|
|local_regs_V_523_out_ap_vld       |  out|    1|      ap_vld|              local_regs_V_523_out|       pointer|
|local_regs_V_524_out              |  out|   32|      ap_vld|              local_regs_V_524_out|       pointer|
|local_regs_V_524_out_ap_vld       |  out|    1|      ap_vld|              local_regs_V_524_out|       pointer|
|local_regs_V_525_out              |  out|   32|      ap_vld|              local_regs_V_525_out|       pointer|
|local_regs_V_525_out_ap_vld       |  out|    1|      ap_vld|              local_regs_V_525_out|       pointer|
|local_regs_V_526_out              |  out|   32|      ap_vld|              local_regs_V_526_out|       pointer|
|local_regs_V_526_out_ap_vld       |  out|    1|      ap_vld|              local_regs_V_526_out|       pointer|
|local_regs_V_527_out              |  out|   32|      ap_vld|              local_regs_V_527_out|       pointer|
|local_regs_V_527_out_ap_vld       |  out|    1|      ap_vld|              local_regs_V_527_out|       pointer|
|local_regs_V_528_out              |  out|   32|      ap_vld|              local_regs_V_528_out|       pointer|
|local_regs_V_528_out_ap_vld       |  out|    1|      ap_vld|              local_regs_V_528_out|       pointer|
|local_regs_V_529_out              |  out|   32|      ap_vld|              local_regs_V_529_out|       pointer|
|local_regs_V_529_out_ap_vld       |  out|    1|      ap_vld|              local_regs_V_529_out|       pointer|
|local_regs_V_530_out              |  out|   32|      ap_vld|              local_regs_V_530_out|       pointer|
|local_regs_V_530_out_ap_vld       |  out|    1|      ap_vld|              local_regs_V_530_out|       pointer|
|local_regs_V_531_out              |  out|   32|      ap_vld|              local_regs_V_531_out|       pointer|
|local_regs_V_531_out_ap_vld       |  out|    1|      ap_vld|              local_regs_V_531_out|       pointer|
|local_regs_V_532_out              |  out|   32|      ap_vld|              local_regs_V_532_out|       pointer|
|local_regs_V_532_out_ap_vld       |  out|    1|      ap_vld|              local_regs_V_532_out|       pointer|
|local_regs_V_533_out              |  out|   32|      ap_vld|              local_regs_V_533_out|       pointer|
|local_regs_V_533_out_ap_vld       |  out|    1|      ap_vld|              local_regs_V_533_out|       pointer|
|local_regs_V_534_out              |  out|   32|      ap_vld|              local_regs_V_534_out|       pointer|
|local_regs_V_534_out_ap_vld       |  out|    1|      ap_vld|              local_regs_V_534_out|       pointer|
|local_regs_V_535_out              |  out|   32|      ap_vld|              local_regs_V_535_out|       pointer|
|local_regs_V_535_out_ap_vld       |  out|    1|      ap_vld|              local_regs_V_535_out|       pointer|
|local_regs_V_536_out              |  out|   32|      ap_vld|              local_regs_V_536_out|       pointer|
|local_regs_V_536_out_ap_vld       |  out|    1|      ap_vld|              local_regs_V_536_out|       pointer|
|local_regs_V_537_out              |  out|   32|      ap_vld|              local_regs_V_537_out|       pointer|
|local_regs_V_537_out_ap_vld       |  out|    1|      ap_vld|              local_regs_V_537_out|       pointer|
|local_regs_V_538_out              |  out|   32|      ap_vld|              local_regs_V_538_out|       pointer|
|local_regs_V_538_out_ap_vld       |  out|    1|      ap_vld|              local_regs_V_538_out|       pointer|
|local_regs_V_539_out              |  out|   32|      ap_vld|              local_regs_V_539_out|       pointer|
|local_regs_V_539_out_ap_vld       |  out|    1|      ap_vld|              local_regs_V_539_out|       pointer|
|local_regs_V_540_out              |  out|   32|      ap_vld|              local_regs_V_540_out|       pointer|
|local_regs_V_540_out_ap_vld       |  out|    1|      ap_vld|              local_regs_V_540_out|       pointer|
|local_regs_V_541_out              |  out|   32|      ap_vld|              local_regs_V_541_out|       pointer|
|local_regs_V_541_out_ap_vld       |  out|    1|      ap_vld|              local_regs_V_541_out|       pointer|
|local_regs_V_542_out              |  out|   32|      ap_vld|              local_regs_V_542_out|       pointer|
|local_regs_V_542_out_ap_vld       |  out|    1|      ap_vld|              local_regs_V_542_out|       pointer|
|local_regs_V_543_out              |  out|   32|      ap_vld|              local_regs_V_543_out|       pointer|
|local_regs_V_543_out_ap_vld       |  out|    1|      ap_vld|              local_regs_V_543_out|       pointer|
|local_regs_V_544_out              |  out|   32|      ap_vld|              local_regs_V_544_out|       pointer|
|local_regs_V_544_out_ap_vld       |  out|    1|      ap_vld|              local_regs_V_544_out|       pointer|
|local_regs_V_545_out              |  out|   32|      ap_vld|              local_regs_V_545_out|       pointer|
|local_regs_V_545_out_ap_vld       |  out|    1|      ap_vld|              local_regs_V_545_out|       pointer|
|local_regs_V_546_out              |  out|   32|      ap_vld|              local_regs_V_546_out|       pointer|
|local_regs_V_546_out_ap_vld       |  out|    1|      ap_vld|              local_regs_V_546_out|       pointer|
|local_regs_V_547_out              |  out|   32|      ap_vld|              local_regs_V_547_out|       pointer|
|local_regs_V_547_out_ap_vld       |  out|    1|      ap_vld|              local_regs_V_547_out|       pointer|
|local_regs_V_548_out              |  out|   32|      ap_vld|              local_regs_V_548_out|       pointer|
|local_regs_V_548_out_ap_vld       |  out|    1|      ap_vld|              local_regs_V_548_out|       pointer|
|local_regs_V_549_out              |  out|   32|      ap_vld|              local_regs_V_549_out|       pointer|
|local_regs_V_549_out_ap_vld       |  out|    1|      ap_vld|              local_regs_V_549_out|       pointer|
|local_regs_V_550_out              |  out|   32|      ap_vld|              local_regs_V_550_out|       pointer|
|local_regs_V_550_out_ap_vld       |  out|    1|      ap_vld|              local_regs_V_550_out|       pointer|
|local_regs_V_551_out              |  out|   32|      ap_vld|              local_regs_V_551_out|       pointer|
|local_regs_V_551_out_ap_vld       |  out|    1|      ap_vld|              local_regs_V_551_out|       pointer|
|local_regs_V_552_out              |  out|   32|      ap_vld|              local_regs_V_552_out|       pointer|
|local_regs_V_552_out_ap_vld       |  out|    1|      ap_vld|              local_regs_V_552_out|       pointer|
|local_regs_V_553_out              |  out|   32|      ap_vld|              local_regs_V_553_out|       pointer|
|local_regs_V_553_out_ap_vld       |  out|    1|      ap_vld|              local_regs_V_553_out|       pointer|
|local_regs_V_554_out              |  out|   32|      ap_vld|              local_regs_V_554_out|       pointer|
|local_regs_V_554_out_ap_vld       |  out|    1|      ap_vld|              local_regs_V_554_out|       pointer|
|local_regs_V_555_out              |  out|   32|      ap_vld|              local_regs_V_555_out|       pointer|
|local_regs_V_555_out_ap_vld       |  out|    1|      ap_vld|              local_regs_V_555_out|       pointer|
|local_regs_V_556_out              |  out|   32|      ap_vld|              local_regs_V_556_out|       pointer|
|local_regs_V_556_out_ap_vld       |  out|    1|      ap_vld|              local_regs_V_556_out|       pointer|
|local_regs_V_557_out              |  out|   32|      ap_vld|              local_regs_V_557_out|       pointer|
|local_regs_V_557_out_ap_vld       |  out|    1|      ap_vld|              local_regs_V_557_out|       pointer|
|local_regs_V_558_out              |  out|   32|      ap_vld|              local_regs_V_558_out|       pointer|
|local_regs_V_558_out_ap_vld       |  out|    1|      ap_vld|              local_regs_V_558_out|       pointer|
|local_regs_V_559_out              |  out|   32|      ap_vld|              local_regs_V_559_out|       pointer|
|local_regs_V_559_out_ap_vld       |  out|    1|      ap_vld|              local_regs_V_559_out|       pointer|
|local_regs_V_560_out              |  out|   32|      ap_vld|              local_regs_V_560_out|       pointer|
|local_regs_V_560_out_ap_vld       |  out|    1|      ap_vld|              local_regs_V_560_out|       pointer|
|local_regs_V_561_out              |  out|   32|      ap_vld|              local_regs_V_561_out|       pointer|
|local_regs_V_561_out_ap_vld       |  out|    1|      ap_vld|              local_regs_V_561_out|       pointer|
|local_regs_V_562_out              |  out|   32|      ap_vld|              local_regs_V_562_out|       pointer|
|local_regs_V_562_out_ap_vld       |  out|    1|      ap_vld|              local_regs_V_562_out|       pointer|
|local_regs_V_563_out              |  out|   32|      ap_vld|              local_regs_V_563_out|       pointer|
|local_regs_V_563_out_ap_vld       |  out|    1|      ap_vld|              local_regs_V_563_out|       pointer|
|local_regs_V_564_out              |  out|   32|      ap_vld|              local_regs_V_564_out|       pointer|
|local_regs_V_564_out_ap_vld       |  out|    1|      ap_vld|              local_regs_V_564_out|       pointer|
|local_regs_V_565_out              |  out|   32|      ap_vld|              local_regs_V_565_out|       pointer|
|local_regs_V_565_out_ap_vld       |  out|    1|      ap_vld|              local_regs_V_565_out|       pointer|
|local_regs_V_566_out              |  out|   32|      ap_vld|              local_regs_V_566_out|       pointer|
|local_regs_V_566_out_ap_vld       |  out|    1|      ap_vld|              local_regs_V_566_out|       pointer|
|local_regs_V_567_out              |  out|   32|      ap_vld|              local_regs_V_567_out|       pointer|
|local_regs_V_567_out_ap_vld       |  out|    1|      ap_vld|              local_regs_V_567_out|       pointer|
|local_regs_V_568_out              |  out|   32|      ap_vld|              local_regs_V_568_out|       pointer|
|local_regs_V_568_out_ap_vld       |  out|    1|      ap_vld|              local_regs_V_568_out|       pointer|
|local_regs_V_569_out              |  out|   32|      ap_vld|              local_regs_V_569_out|       pointer|
|local_regs_V_569_out_ap_vld       |  out|    1|      ap_vld|              local_regs_V_569_out|       pointer|
|local_regs_V_570_out              |  out|   32|      ap_vld|              local_regs_V_570_out|       pointer|
|local_regs_V_570_out_ap_vld       |  out|    1|      ap_vld|              local_regs_V_570_out|       pointer|
|local_regs_V_571_out              |  out|   32|      ap_vld|              local_regs_V_571_out|       pointer|
|local_regs_V_571_out_ap_vld       |  out|    1|      ap_vld|              local_regs_V_571_out|       pointer|
|local_regs_V_572_out              |  out|   32|      ap_vld|              local_regs_V_572_out|       pointer|
|local_regs_V_572_out_ap_vld       |  out|    1|      ap_vld|              local_regs_V_572_out|       pointer|
|local_regs_V_573_out              |  out|   32|      ap_vld|              local_regs_V_573_out|       pointer|
|local_regs_V_573_out_ap_vld       |  out|    1|      ap_vld|              local_regs_V_573_out|       pointer|
|local_regs_V_574_out              |  out|   32|      ap_vld|              local_regs_V_574_out|       pointer|
|local_regs_V_574_out_ap_vld       |  out|    1|      ap_vld|              local_regs_V_574_out|       pointer|
|local_regs_V_575_out              |  out|   32|      ap_vld|              local_regs_V_575_out|       pointer|
|local_regs_V_575_out_ap_vld       |  out|    1|      ap_vld|              local_regs_V_575_out|       pointer|
|local_regs_V_576_out              |  out|   32|      ap_vld|              local_regs_V_576_out|       pointer|
|local_regs_V_576_out_ap_vld       |  out|    1|      ap_vld|              local_regs_V_576_out|       pointer|
|local_regs_V_577_out              |  out|   32|      ap_vld|              local_regs_V_577_out|       pointer|
|local_regs_V_577_out_ap_vld       |  out|    1|      ap_vld|              local_regs_V_577_out|       pointer|
|local_regs_V_578_out              |  out|   32|      ap_vld|              local_regs_V_578_out|       pointer|
|local_regs_V_578_out_ap_vld       |  out|    1|      ap_vld|              local_regs_V_578_out|       pointer|
|local_regs_V_579_out              |  out|   32|      ap_vld|              local_regs_V_579_out|       pointer|
|local_regs_V_579_out_ap_vld       |  out|    1|      ap_vld|              local_regs_V_579_out|       pointer|
|local_regs_V_580_out              |  out|   32|      ap_vld|              local_regs_V_580_out|       pointer|
|local_regs_V_580_out_ap_vld       |  out|    1|      ap_vld|              local_regs_V_580_out|       pointer|
|local_regs_V_581_out              |  out|   32|      ap_vld|              local_regs_V_581_out|       pointer|
|local_regs_V_581_out_ap_vld       |  out|    1|      ap_vld|              local_regs_V_581_out|       pointer|
|local_regs_V_582_out              |  out|   32|      ap_vld|              local_regs_V_582_out|       pointer|
|local_regs_V_582_out_ap_vld       |  out|    1|      ap_vld|              local_regs_V_582_out|       pointer|
|local_regs_V_583_out              |  out|   32|      ap_vld|              local_regs_V_583_out|       pointer|
|local_regs_V_583_out_ap_vld       |  out|    1|      ap_vld|              local_regs_V_583_out|       pointer|
|local_regs_V_584_out              |  out|   32|      ap_vld|              local_regs_V_584_out|       pointer|
|local_regs_V_584_out_ap_vld       |  out|    1|      ap_vld|              local_regs_V_584_out|       pointer|
|local_regs_V_585_out              |  out|   32|      ap_vld|              local_regs_V_585_out|       pointer|
|local_regs_V_585_out_ap_vld       |  out|    1|      ap_vld|              local_regs_V_585_out|       pointer|
|local_regs_V_586_out              |  out|   32|      ap_vld|              local_regs_V_586_out|       pointer|
|local_regs_V_586_out_ap_vld       |  out|    1|      ap_vld|              local_regs_V_586_out|       pointer|
|local_regs_V_587_out              |  out|   32|      ap_vld|              local_regs_V_587_out|       pointer|
|local_regs_V_587_out_ap_vld       |  out|    1|      ap_vld|              local_regs_V_587_out|       pointer|
|local_regs_V_588_out              |  out|   32|      ap_vld|              local_regs_V_588_out|       pointer|
|local_regs_V_588_out_ap_vld       |  out|    1|      ap_vld|              local_regs_V_588_out|       pointer|
|local_regs_V_589_out              |  out|   32|      ap_vld|              local_regs_V_589_out|       pointer|
|local_regs_V_589_out_ap_vld       |  out|    1|      ap_vld|              local_regs_V_589_out|       pointer|
|local_regs_V_590_out              |  out|   32|      ap_vld|              local_regs_V_590_out|       pointer|
|local_regs_V_590_out_ap_vld       |  out|    1|      ap_vld|              local_regs_V_590_out|       pointer|
|local_regs_V_591_out              |  out|   32|      ap_vld|              local_regs_V_591_out|       pointer|
|local_regs_V_591_out_ap_vld       |  out|    1|      ap_vld|              local_regs_V_591_out|       pointer|
|local_regs_V_592_out              |  out|   32|      ap_vld|              local_regs_V_592_out|       pointer|
|local_regs_V_592_out_ap_vld       |  out|    1|      ap_vld|              local_regs_V_592_out|       pointer|
|local_regs_V_593_out              |  out|   32|      ap_vld|              local_regs_V_593_out|       pointer|
|local_regs_V_593_out_ap_vld       |  out|    1|      ap_vld|              local_regs_V_593_out|       pointer|
|local_regs_V_594_out              |  out|   32|      ap_vld|              local_regs_V_594_out|       pointer|
|local_regs_V_594_out_ap_vld       |  out|    1|      ap_vld|              local_regs_V_594_out|       pointer|
|local_regs_V_595_out              |  out|   32|      ap_vld|              local_regs_V_595_out|       pointer|
|local_regs_V_595_out_ap_vld       |  out|    1|      ap_vld|              local_regs_V_595_out|       pointer|
|local_regs_V_596_out              |  out|   32|      ap_vld|              local_regs_V_596_out|       pointer|
|local_regs_V_596_out_ap_vld       |  out|    1|      ap_vld|              local_regs_V_596_out|       pointer|
|local_regs_V_597_out              |  out|   32|      ap_vld|              local_regs_V_597_out|       pointer|
|local_regs_V_597_out_ap_vld       |  out|    1|      ap_vld|              local_regs_V_597_out|       pointer|
|local_regs_V_598_out              |  out|   32|      ap_vld|              local_regs_V_598_out|       pointer|
|local_regs_V_598_out_ap_vld       |  out|    1|      ap_vld|              local_regs_V_598_out|       pointer|
|local_regs_V_599_out              |  out|   32|      ap_vld|              local_regs_V_599_out|       pointer|
|local_regs_V_599_out_ap_vld       |  out|    1|      ap_vld|              local_regs_V_599_out|       pointer|
|local_regs_V_600_out              |  out|   32|      ap_vld|              local_regs_V_600_out|       pointer|
|local_regs_V_600_out_ap_vld       |  out|    1|      ap_vld|              local_regs_V_600_out|       pointer|
|local_regs_V_601_out              |  out|   32|      ap_vld|              local_regs_V_601_out|       pointer|
|local_regs_V_601_out_ap_vld       |  out|    1|      ap_vld|              local_regs_V_601_out|       pointer|
|local_regs_V_602_out              |  out|   32|      ap_vld|              local_regs_V_602_out|       pointer|
|local_regs_V_602_out_ap_vld       |  out|    1|      ap_vld|              local_regs_V_602_out|       pointer|
|local_regs_V_603_out              |  out|   32|      ap_vld|              local_regs_V_603_out|       pointer|
|local_regs_V_603_out_ap_vld       |  out|    1|      ap_vld|              local_regs_V_603_out|       pointer|
|local_regs_V_604_out              |  out|   32|      ap_vld|              local_regs_V_604_out|       pointer|
|local_regs_V_604_out_ap_vld       |  out|    1|      ap_vld|              local_regs_V_604_out|       pointer|
|local_regs_V_605_out              |  out|   32|      ap_vld|              local_regs_V_605_out|       pointer|
|local_regs_V_605_out_ap_vld       |  out|    1|      ap_vld|              local_regs_V_605_out|       pointer|
|local_regs_V_606_out              |  out|   32|      ap_vld|              local_regs_V_606_out|       pointer|
|local_regs_V_606_out_ap_vld       |  out|    1|      ap_vld|              local_regs_V_606_out|       pointer|
|local_regs_V_607_out              |  out|   32|      ap_vld|              local_regs_V_607_out|       pointer|
|local_regs_V_607_out_ap_vld       |  out|    1|      ap_vld|              local_regs_V_607_out|       pointer|
|local_regs_V_608_out              |  out|   32|      ap_vld|              local_regs_V_608_out|       pointer|
|local_regs_V_608_out_ap_vld       |  out|    1|      ap_vld|              local_regs_V_608_out|       pointer|
|local_regs_V_609_out              |  out|   32|      ap_vld|              local_regs_V_609_out|       pointer|
|local_regs_V_609_out_ap_vld       |  out|    1|      ap_vld|              local_regs_V_609_out|       pointer|
|local_regs_V_610_out              |  out|   32|      ap_vld|              local_regs_V_610_out|       pointer|
|local_regs_V_610_out_ap_vld       |  out|    1|      ap_vld|              local_regs_V_610_out|       pointer|
|local_regs_V_611_out              |  out|   32|      ap_vld|              local_regs_V_611_out|       pointer|
|local_regs_V_611_out_ap_vld       |  out|    1|      ap_vld|              local_regs_V_611_out|       pointer|
|local_regs_V_612_out              |  out|   32|      ap_vld|              local_regs_V_612_out|       pointer|
|local_regs_V_612_out_ap_vld       |  out|    1|      ap_vld|              local_regs_V_612_out|       pointer|
|local_regs_V_613_out              |  out|   32|      ap_vld|              local_regs_V_613_out|       pointer|
|local_regs_V_613_out_ap_vld       |  out|    1|      ap_vld|              local_regs_V_613_out|       pointer|
|local_regs_V_614_out              |  out|   32|      ap_vld|              local_regs_V_614_out|       pointer|
|local_regs_V_614_out_ap_vld       |  out|    1|      ap_vld|              local_regs_V_614_out|       pointer|
|local_regs_V_615_out              |  out|   32|      ap_vld|              local_regs_V_615_out|       pointer|
|local_regs_V_615_out_ap_vld       |  out|    1|      ap_vld|              local_regs_V_615_out|       pointer|
|local_regs_V_616_out              |  out|   32|      ap_vld|              local_regs_V_616_out|       pointer|
|local_regs_V_616_out_ap_vld       |  out|    1|      ap_vld|              local_regs_V_616_out|       pointer|
|local_regs_V_617_out              |  out|   32|      ap_vld|              local_regs_V_617_out|       pointer|
|local_regs_V_617_out_ap_vld       |  out|    1|      ap_vld|              local_regs_V_617_out|       pointer|
|local_regs_V_618_out              |  out|   32|      ap_vld|              local_regs_V_618_out|       pointer|
|local_regs_V_618_out_ap_vld       |  out|    1|      ap_vld|              local_regs_V_618_out|       pointer|
|local_regs_V_619_out              |  out|   32|      ap_vld|              local_regs_V_619_out|       pointer|
|local_regs_V_619_out_ap_vld       |  out|    1|      ap_vld|              local_regs_V_619_out|       pointer|
|local_regs_V_620_out              |  out|   32|      ap_vld|              local_regs_V_620_out|       pointer|
|local_regs_V_620_out_ap_vld       |  out|    1|      ap_vld|              local_regs_V_620_out|       pointer|
|local_regs_V_621_out              |  out|   32|      ap_vld|              local_regs_V_621_out|       pointer|
|local_regs_V_621_out_ap_vld       |  out|    1|      ap_vld|              local_regs_V_621_out|       pointer|
|local_regs_V_622_out              |  out|   32|      ap_vld|              local_regs_V_622_out|       pointer|
|local_regs_V_622_out_ap_vld       |  out|    1|      ap_vld|              local_regs_V_622_out|       pointer|
|local_regs_V_623_out              |  out|   32|      ap_vld|              local_regs_V_623_out|       pointer|
|local_regs_V_623_out_ap_vld       |  out|    1|      ap_vld|              local_regs_V_623_out|       pointer|
|local_regs_V_624_out              |  out|   32|      ap_vld|              local_regs_V_624_out|       pointer|
|local_regs_V_624_out_ap_vld       |  out|    1|      ap_vld|              local_regs_V_624_out|       pointer|
|local_regs_V_625_out              |  out|   32|      ap_vld|              local_regs_V_625_out|       pointer|
|local_regs_V_625_out_ap_vld       |  out|    1|      ap_vld|              local_regs_V_625_out|       pointer|
|local_regs_V_626_out              |  out|   32|      ap_vld|              local_regs_V_626_out|       pointer|
|local_regs_V_626_out_ap_vld       |  out|    1|      ap_vld|              local_regs_V_626_out|       pointer|
|local_regs_V_627_out              |  out|   32|      ap_vld|              local_regs_V_627_out|       pointer|
|local_regs_V_627_out_ap_vld       |  out|    1|      ap_vld|              local_regs_V_627_out|       pointer|
|local_regs_V_628_out              |  out|   32|      ap_vld|              local_regs_V_628_out|       pointer|
|local_regs_V_628_out_ap_vld       |  out|    1|      ap_vld|              local_regs_V_628_out|       pointer|
|local_regs_V_629_out              |  out|   32|      ap_vld|              local_regs_V_629_out|       pointer|
|local_regs_V_629_out_ap_vld       |  out|    1|      ap_vld|              local_regs_V_629_out|       pointer|
|local_regs_V_630_out              |  out|   32|      ap_vld|              local_regs_V_630_out|       pointer|
|local_regs_V_630_out_ap_vld       |  out|    1|      ap_vld|              local_regs_V_630_out|       pointer|
|local_regs_V_631_out              |  out|   32|      ap_vld|              local_regs_V_631_out|       pointer|
|local_regs_V_631_out_ap_vld       |  out|    1|      ap_vld|              local_regs_V_631_out|       pointer|
|local_regs_V_632_out              |  out|   32|      ap_vld|              local_regs_V_632_out|       pointer|
|local_regs_V_632_out_ap_vld       |  out|    1|      ap_vld|              local_regs_V_632_out|       pointer|
|local_regs_V_633_out              |  out|   32|      ap_vld|              local_regs_V_633_out|       pointer|
|local_regs_V_633_out_ap_vld       |  out|    1|      ap_vld|              local_regs_V_633_out|       pointer|
|local_regs_V_634_out              |  out|   32|      ap_vld|              local_regs_V_634_out|       pointer|
|local_regs_V_634_out_ap_vld       |  out|    1|      ap_vld|              local_regs_V_634_out|       pointer|
|local_regs_V_635_out              |  out|   32|      ap_vld|              local_regs_V_635_out|       pointer|
|local_regs_V_635_out_ap_vld       |  out|    1|      ap_vld|              local_regs_V_635_out|       pointer|
|local_regs_V_636_out              |  out|   32|      ap_vld|              local_regs_V_636_out|       pointer|
|local_regs_V_636_out_ap_vld       |  out|    1|      ap_vld|              local_regs_V_636_out|       pointer|
|local_regs_V_637_out              |  out|   32|      ap_vld|              local_regs_V_637_out|       pointer|
|local_regs_V_637_out_ap_vld       |  out|    1|      ap_vld|              local_regs_V_637_out|       pointer|
|local_regs_V_638_out              |  out|   32|      ap_vld|              local_regs_V_638_out|       pointer|
|local_regs_V_638_out_ap_vld       |  out|    1|      ap_vld|              local_regs_V_638_out|       pointer|
|local_regs_V_639_out              |  out|   32|      ap_vld|              local_regs_V_639_out|       pointer|
|local_regs_V_639_out_ap_vld       |  out|    1|      ap_vld|              local_regs_V_639_out|       pointer|
|local_regs_V_640_out              |  out|   32|      ap_vld|              local_regs_V_640_out|       pointer|
|local_regs_V_640_out_ap_vld       |  out|    1|      ap_vld|              local_regs_V_640_out|       pointer|
|local_regs_V_641_out              |  out|   32|      ap_vld|              local_regs_V_641_out|       pointer|
|local_regs_V_641_out_ap_vld       |  out|    1|      ap_vld|              local_regs_V_641_out|       pointer|
|local_regs_V_642_out              |  out|   32|      ap_vld|              local_regs_V_642_out|       pointer|
|local_regs_V_642_out_ap_vld       |  out|    1|      ap_vld|              local_regs_V_642_out|       pointer|
|local_regs_V_643_out              |  out|   32|      ap_vld|              local_regs_V_643_out|       pointer|
|local_regs_V_643_out_ap_vld       |  out|    1|      ap_vld|              local_regs_V_643_out|       pointer|
|local_regs_V_644_out              |  out|   32|      ap_vld|              local_regs_V_644_out|       pointer|
|local_regs_V_644_out_ap_vld       |  out|    1|      ap_vld|              local_regs_V_644_out|       pointer|
|local_regs_V_645_out              |  out|   32|      ap_vld|              local_regs_V_645_out|       pointer|
|local_regs_V_645_out_ap_vld       |  out|    1|      ap_vld|              local_regs_V_645_out|       pointer|
|local_regs_V_646_out              |  out|   32|      ap_vld|              local_regs_V_646_out|       pointer|
|local_regs_V_646_out_ap_vld       |  out|    1|      ap_vld|              local_regs_V_646_out|       pointer|
|local_regs_V_647_out              |  out|   32|      ap_vld|              local_regs_V_647_out|       pointer|
|local_regs_V_647_out_ap_vld       |  out|    1|      ap_vld|              local_regs_V_647_out|       pointer|
|local_regs_V_648_out              |  out|   32|      ap_vld|              local_regs_V_648_out|       pointer|
|local_regs_V_648_out_ap_vld       |  out|    1|      ap_vld|              local_regs_V_648_out|       pointer|
|local_regs_V_649_out              |  out|   32|      ap_vld|              local_regs_V_649_out|       pointer|
|local_regs_V_649_out_ap_vld       |  out|    1|      ap_vld|              local_regs_V_649_out|       pointer|
|local_regs_V_650_out              |  out|   32|      ap_vld|              local_regs_V_650_out|       pointer|
|local_regs_V_650_out_ap_vld       |  out|    1|      ap_vld|              local_regs_V_650_out|       pointer|
|local_regs_V_651_out              |  out|   32|      ap_vld|              local_regs_V_651_out|       pointer|
|local_regs_V_651_out_ap_vld       |  out|    1|      ap_vld|              local_regs_V_651_out|       pointer|
|local_regs_V_652_out              |  out|   32|      ap_vld|              local_regs_V_652_out|       pointer|
|local_regs_V_652_out_ap_vld       |  out|    1|      ap_vld|              local_regs_V_652_out|       pointer|
|local_regs_V_653_out              |  out|   32|      ap_vld|              local_regs_V_653_out|       pointer|
|local_regs_V_653_out_ap_vld       |  out|    1|      ap_vld|              local_regs_V_653_out|       pointer|
|local_regs_V_654_out              |  out|   32|      ap_vld|              local_regs_V_654_out|       pointer|
|local_regs_V_654_out_ap_vld       |  out|    1|      ap_vld|              local_regs_V_654_out|       pointer|
|local_regs_V_655_out              |  out|   32|      ap_vld|              local_regs_V_655_out|       pointer|
|local_regs_V_655_out_ap_vld       |  out|    1|      ap_vld|              local_regs_V_655_out|       pointer|
|local_regs_V_656_out              |  out|   32|      ap_vld|              local_regs_V_656_out|       pointer|
|local_regs_V_656_out_ap_vld       |  out|    1|      ap_vld|              local_regs_V_656_out|       pointer|
|local_regs_V_657_out              |  out|   32|      ap_vld|              local_regs_V_657_out|       pointer|
|local_regs_V_657_out_ap_vld       |  out|    1|      ap_vld|              local_regs_V_657_out|       pointer|
|local_regs_V_658_out              |  out|   32|      ap_vld|              local_regs_V_658_out|       pointer|
|local_regs_V_658_out_ap_vld       |  out|    1|      ap_vld|              local_regs_V_658_out|       pointer|
|local_regs_V_659_out              |  out|   32|      ap_vld|              local_regs_V_659_out|       pointer|
|local_regs_V_659_out_ap_vld       |  out|    1|      ap_vld|              local_regs_V_659_out|       pointer|
|local_regs_V_660_out              |  out|   32|      ap_vld|              local_regs_V_660_out|       pointer|
|local_regs_V_660_out_ap_vld       |  out|    1|      ap_vld|              local_regs_V_660_out|       pointer|
|local_regs_V_661_out              |  out|   32|      ap_vld|              local_regs_V_661_out|       pointer|
|local_regs_V_661_out_ap_vld       |  out|    1|      ap_vld|              local_regs_V_661_out|       pointer|
|local_regs_V_662_out              |  out|   32|      ap_vld|              local_regs_V_662_out|       pointer|
|local_regs_V_662_out_ap_vld       |  out|    1|      ap_vld|              local_regs_V_662_out|       pointer|
|local_regs_V_663_out              |  out|   32|      ap_vld|              local_regs_V_663_out|       pointer|
|local_regs_V_663_out_ap_vld       |  out|    1|      ap_vld|              local_regs_V_663_out|       pointer|
|local_regs_V_664_out              |  out|   32|      ap_vld|              local_regs_V_664_out|       pointer|
|local_regs_V_664_out_ap_vld       |  out|    1|      ap_vld|              local_regs_V_664_out|       pointer|
|local_regs_V_665_out              |  out|   32|      ap_vld|              local_regs_V_665_out|       pointer|
|local_regs_V_665_out_ap_vld       |  out|    1|      ap_vld|              local_regs_V_665_out|       pointer|
|local_regs_V_666_out              |  out|   32|      ap_vld|              local_regs_V_666_out|       pointer|
|local_regs_V_666_out_ap_vld       |  out|    1|      ap_vld|              local_regs_V_666_out|       pointer|
|local_regs_V_667_out              |  out|   32|      ap_vld|              local_regs_V_667_out|       pointer|
|local_regs_V_667_out_ap_vld       |  out|    1|      ap_vld|              local_regs_V_667_out|       pointer|
|local_regs_V_668_out              |  out|   32|      ap_vld|              local_regs_V_668_out|       pointer|
|local_regs_V_668_out_ap_vld       |  out|    1|      ap_vld|              local_regs_V_668_out|       pointer|
|local_regs_V_669_out              |  out|   32|      ap_vld|              local_regs_V_669_out|       pointer|
|local_regs_V_669_out_ap_vld       |  out|    1|      ap_vld|              local_regs_V_669_out|       pointer|
|local_regs_V_670_out              |  out|   32|      ap_vld|              local_regs_V_670_out|       pointer|
|local_regs_V_670_out_ap_vld       |  out|    1|      ap_vld|              local_regs_V_670_out|       pointer|
|local_regs_V_671_out              |  out|   32|      ap_vld|              local_regs_V_671_out|       pointer|
|local_regs_V_671_out_ap_vld       |  out|    1|      ap_vld|              local_regs_V_671_out|       pointer|
|local_regs_V_672_out              |  out|   32|      ap_vld|              local_regs_V_672_out|       pointer|
|local_regs_V_672_out_ap_vld       |  out|    1|      ap_vld|              local_regs_V_672_out|       pointer|
|local_regs_V_673_out              |  out|   32|      ap_vld|              local_regs_V_673_out|       pointer|
|local_regs_V_673_out_ap_vld       |  out|    1|      ap_vld|              local_regs_V_673_out|       pointer|
|local_regs_V_674_out              |  out|   32|      ap_vld|              local_regs_V_674_out|       pointer|
|local_regs_V_674_out_ap_vld       |  out|    1|      ap_vld|              local_regs_V_674_out|       pointer|
|local_regs_V_675_out              |  out|   32|      ap_vld|              local_regs_V_675_out|       pointer|
|local_regs_V_675_out_ap_vld       |  out|    1|      ap_vld|              local_regs_V_675_out|       pointer|
|local_regs_V_676_out              |  out|   32|      ap_vld|              local_regs_V_676_out|       pointer|
|local_regs_V_676_out_ap_vld       |  out|    1|      ap_vld|              local_regs_V_676_out|       pointer|
|local_regs_V_677_out              |  out|   32|      ap_vld|              local_regs_V_677_out|       pointer|
|local_regs_V_677_out_ap_vld       |  out|    1|      ap_vld|              local_regs_V_677_out|       pointer|
|local_regs_V_678_out              |  out|   32|      ap_vld|              local_regs_V_678_out|       pointer|
|local_regs_V_678_out_ap_vld       |  out|    1|      ap_vld|              local_regs_V_678_out|       pointer|
|local_regs_V_679_out              |  out|   32|      ap_vld|              local_regs_V_679_out|       pointer|
|local_regs_V_679_out_ap_vld       |  out|    1|      ap_vld|              local_regs_V_679_out|       pointer|
|local_regs_V_680_out              |  out|   32|      ap_vld|              local_regs_V_680_out|       pointer|
|local_regs_V_680_out_ap_vld       |  out|    1|      ap_vld|              local_regs_V_680_out|       pointer|
|local_regs_V_681_out              |  out|   32|      ap_vld|              local_regs_V_681_out|       pointer|
|local_regs_V_681_out_ap_vld       |  out|    1|      ap_vld|              local_regs_V_681_out|       pointer|
|local_regs_V_682_out              |  out|   32|      ap_vld|              local_regs_V_682_out|       pointer|
|local_regs_V_682_out_ap_vld       |  out|    1|      ap_vld|              local_regs_V_682_out|       pointer|
|local_regs_V_683_out              |  out|   32|      ap_vld|              local_regs_V_683_out|       pointer|
|local_regs_V_683_out_ap_vld       |  out|    1|      ap_vld|              local_regs_V_683_out|       pointer|
|local_regs_V_684_out              |  out|   32|      ap_vld|              local_regs_V_684_out|       pointer|
|local_regs_V_684_out_ap_vld       |  out|    1|      ap_vld|              local_regs_V_684_out|       pointer|
|local_regs_V_685_out              |  out|   32|      ap_vld|              local_regs_V_685_out|       pointer|
|local_regs_V_685_out_ap_vld       |  out|    1|      ap_vld|              local_regs_V_685_out|       pointer|
|local_regs_V_686_out              |  out|   32|      ap_vld|              local_regs_V_686_out|       pointer|
|local_regs_V_686_out_ap_vld       |  out|    1|      ap_vld|              local_regs_V_686_out|       pointer|
|local_regs_V_687_out              |  out|   32|      ap_vld|              local_regs_V_687_out|       pointer|
|local_regs_V_687_out_ap_vld       |  out|    1|      ap_vld|              local_regs_V_687_out|       pointer|
|local_regs_V_688_out              |  out|   32|      ap_vld|              local_regs_V_688_out|       pointer|
|local_regs_V_688_out_ap_vld       |  out|    1|      ap_vld|              local_regs_V_688_out|       pointer|
|local_regs_V_689_out              |  out|   32|      ap_vld|              local_regs_V_689_out|       pointer|
|local_regs_V_689_out_ap_vld       |  out|    1|      ap_vld|              local_regs_V_689_out|       pointer|
|local_regs_V_690_out              |  out|   32|      ap_vld|              local_regs_V_690_out|       pointer|
|local_regs_V_690_out_ap_vld       |  out|    1|      ap_vld|              local_regs_V_690_out|       pointer|
|local_regs_V_691_out              |  out|   32|      ap_vld|              local_regs_V_691_out|       pointer|
|local_regs_V_691_out_ap_vld       |  out|    1|      ap_vld|              local_regs_V_691_out|       pointer|
|local_regs_V_692_out              |  out|   32|      ap_vld|              local_regs_V_692_out|       pointer|
|local_regs_V_692_out_ap_vld       |  out|    1|      ap_vld|              local_regs_V_692_out|       pointer|
|local_regs_V_693_out              |  out|   32|      ap_vld|              local_regs_V_693_out|       pointer|
|local_regs_V_693_out_ap_vld       |  out|    1|      ap_vld|              local_regs_V_693_out|       pointer|
|local_regs_V_694_out              |  out|   32|      ap_vld|              local_regs_V_694_out|       pointer|
|local_regs_V_694_out_ap_vld       |  out|    1|      ap_vld|              local_regs_V_694_out|       pointer|
|local_regs_V_695_out              |  out|   32|      ap_vld|              local_regs_V_695_out|       pointer|
|local_regs_V_695_out_ap_vld       |  out|    1|      ap_vld|              local_regs_V_695_out|       pointer|
|local_regs_V_696_out              |  out|   32|      ap_vld|              local_regs_V_696_out|       pointer|
|local_regs_V_696_out_ap_vld       |  out|    1|      ap_vld|              local_regs_V_696_out|       pointer|
|local_regs_V_697_out              |  out|   32|      ap_vld|              local_regs_V_697_out|       pointer|
|local_regs_V_697_out_ap_vld       |  out|    1|      ap_vld|              local_regs_V_697_out|       pointer|
|local_regs_V_698_out              |  out|   32|      ap_vld|              local_regs_V_698_out|       pointer|
|local_regs_V_698_out_ap_vld       |  out|    1|      ap_vld|              local_regs_V_698_out|       pointer|
|local_regs_V_699_out              |  out|   32|      ap_vld|              local_regs_V_699_out|       pointer|
|local_regs_V_699_out_ap_vld       |  out|    1|      ap_vld|              local_regs_V_699_out|       pointer|
|local_regs_V_700_out              |  out|   32|      ap_vld|              local_regs_V_700_out|       pointer|
|local_regs_V_700_out_ap_vld       |  out|    1|      ap_vld|              local_regs_V_700_out|       pointer|
|local_regs_V_701_out              |  out|   32|      ap_vld|              local_regs_V_701_out|       pointer|
|local_regs_V_701_out_ap_vld       |  out|    1|      ap_vld|              local_regs_V_701_out|       pointer|
|local_regs_V_702_out              |  out|   32|      ap_vld|              local_regs_V_702_out|       pointer|
|local_regs_V_702_out_ap_vld       |  out|    1|      ap_vld|              local_regs_V_702_out|       pointer|
|local_regs_V_703_out              |  out|   32|      ap_vld|              local_regs_V_703_out|       pointer|
|local_regs_V_703_out_ap_vld       |  out|    1|      ap_vld|              local_regs_V_703_out|       pointer|
|local_regs_V_704_out              |  out|   32|      ap_vld|              local_regs_V_704_out|       pointer|
|local_regs_V_704_out_ap_vld       |  out|    1|      ap_vld|              local_regs_V_704_out|       pointer|
|local_regs_V_705_out              |  out|   32|      ap_vld|              local_regs_V_705_out|       pointer|
|local_regs_V_705_out_ap_vld       |  out|    1|      ap_vld|              local_regs_V_705_out|       pointer|
|local_regs_V_706_out              |  out|   32|      ap_vld|              local_regs_V_706_out|       pointer|
|local_regs_V_706_out_ap_vld       |  out|    1|      ap_vld|              local_regs_V_706_out|       pointer|
|local_regs_V_707_out              |  out|   32|      ap_vld|              local_regs_V_707_out|       pointer|
|local_regs_V_707_out_ap_vld       |  out|    1|      ap_vld|              local_regs_V_707_out|       pointer|
|local_regs_V_708_out              |  out|   32|      ap_vld|              local_regs_V_708_out|       pointer|
|local_regs_V_708_out_ap_vld       |  out|    1|      ap_vld|              local_regs_V_708_out|       pointer|
|local_regs_V_709_out              |  out|   32|      ap_vld|              local_regs_V_709_out|       pointer|
|local_regs_V_709_out_ap_vld       |  out|    1|      ap_vld|              local_regs_V_709_out|       pointer|
|local_regs_V_710_out              |  out|   32|      ap_vld|              local_regs_V_710_out|       pointer|
|local_regs_V_710_out_ap_vld       |  out|    1|      ap_vld|              local_regs_V_710_out|       pointer|
|local_regs_V_711_out              |  out|   32|      ap_vld|              local_regs_V_711_out|       pointer|
|local_regs_V_711_out_ap_vld       |  out|    1|      ap_vld|              local_regs_V_711_out|       pointer|
|local_regs_V_712_out              |  out|   32|      ap_vld|              local_regs_V_712_out|       pointer|
|local_regs_V_712_out_ap_vld       |  out|    1|      ap_vld|              local_regs_V_712_out|       pointer|
|local_regs_V_713_out              |  out|   32|      ap_vld|              local_regs_V_713_out|       pointer|
|local_regs_V_713_out_ap_vld       |  out|    1|      ap_vld|              local_regs_V_713_out|       pointer|
|local_regs_V_714_out              |  out|   32|      ap_vld|              local_regs_V_714_out|       pointer|
|local_regs_V_714_out_ap_vld       |  out|    1|      ap_vld|              local_regs_V_714_out|       pointer|
|local_regs_V_715_out              |  out|   32|      ap_vld|              local_regs_V_715_out|       pointer|
|local_regs_V_715_out_ap_vld       |  out|    1|      ap_vld|              local_regs_V_715_out|       pointer|
|local_regs_V_716_out              |  out|   32|      ap_vld|              local_regs_V_716_out|       pointer|
|local_regs_V_716_out_ap_vld       |  out|    1|      ap_vld|              local_regs_V_716_out|       pointer|
|local_regs_V_717_out              |  out|   32|      ap_vld|              local_regs_V_717_out|       pointer|
|local_regs_V_717_out_ap_vld       |  out|    1|      ap_vld|              local_regs_V_717_out|       pointer|
|local_regs_V_718_out              |  out|   32|      ap_vld|              local_regs_V_718_out|       pointer|
|local_regs_V_718_out_ap_vld       |  out|    1|      ap_vld|              local_regs_V_718_out|       pointer|
|local_regs_V_719_out              |  out|   32|      ap_vld|              local_regs_V_719_out|       pointer|
|local_regs_V_719_out_ap_vld       |  out|    1|      ap_vld|              local_regs_V_719_out|       pointer|
|local_regs_V_720_out              |  out|   32|      ap_vld|              local_regs_V_720_out|       pointer|
|local_regs_V_720_out_ap_vld       |  out|    1|      ap_vld|              local_regs_V_720_out|       pointer|
|local_regs_V_721_out              |  out|   32|      ap_vld|              local_regs_V_721_out|       pointer|
|local_regs_V_721_out_ap_vld       |  out|    1|      ap_vld|              local_regs_V_721_out|       pointer|
|local_regs_V_722_out              |  out|   32|      ap_vld|              local_regs_V_722_out|       pointer|
|local_regs_V_722_out_ap_vld       |  out|    1|      ap_vld|              local_regs_V_722_out|       pointer|
|local_regs_V_723_out              |  out|   32|      ap_vld|              local_regs_V_723_out|       pointer|
|local_regs_V_723_out_ap_vld       |  out|    1|      ap_vld|              local_regs_V_723_out|       pointer|
|local_regs_V_724_out              |  out|   32|      ap_vld|              local_regs_V_724_out|       pointer|
|local_regs_V_724_out_ap_vld       |  out|    1|      ap_vld|              local_regs_V_724_out|       pointer|
|local_regs_V_725_out              |  out|   32|      ap_vld|              local_regs_V_725_out|       pointer|
|local_regs_V_725_out_ap_vld       |  out|    1|      ap_vld|              local_regs_V_725_out|       pointer|
|local_regs_V_726_out              |  out|   32|      ap_vld|              local_regs_V_726_out|       pointer|
|local_regs_V_726_out_ap_vld       |  out|    1|      ap_vld|              local_regs_V_726_out|       pointer|
|local_regs_V_727_out              |  out|   32|      ap_vld|              local_regs_V_727_out|       pointer|
|local_regs_V_727_out_ap_vld       |  out|    1|      ap_vld|              local_regs_V_727_out|       pointer|
|local_regs_V_728_out              |  out|   32|      ap_vld|              local_regs_V_728_out|       pointer|
|local_regs_V_728_out_ap_vld       |  out|    1|      ap_vld|              local_regs_V_728_out|       pointer|
|local_regs_V_729_out              |  out|   32|      ap_vld|              local_regs_V_729_out|       pointer|
|local_regs_V_729_out_ap_vld       |  out|    1|      ap_vld|              local_regs_V_729_out|       pointer|
|local_regs_V_730_out              |  out|   32|      ap_vld|              local_regs_V_730_out|       pointer|
|local_regs_V_730_out_ap_vld       |  out|    1|      ap_vld|              local_regs_V_730_out|       pointer|
|local_regs_V_731_out              |  out|   32|      ap_vld|              local_regs_V_731_out|       pointer|
|local_regs_V_731_out_ap_vld       |  out|    1|      ap_vld|              local_regs_V_731_out|       pointer|
|local_regs_V_732_out              |  out|   32|      ap_vld|              local_regs_V_732_out|       pointer|
|local_regs_V_732_out_ap_vld       |  out|    1|      ap_vld|              local_regs_V_732_out|       pointer|
|local_regs_V_733_out              |  out|   32|      ap_vld|              local_regs_V_733_out|       pointer|
|local_regs_V_733_out_ap_vld       |  out|    1|      ap_vld|              local_regs_V_733_out|       pointer|
|local_regs_V_734_out              |  out|   32|      ap_vld|              local_regs_V_734_out|       pointer|
|local_regs_V_734_out_ap_vld       |  out|    1|      ap_vld|              local_regs_V_734_out|       pointer|
|local_regs_V_735_out              |  out|   32|      ap_vld|              local_regs_V_735_out|       pointer|
|local_regs_V_735_out_ap_vld       |  out|    1|      ap_vld|              local_regs_V_735_out|       pointer|
|local_regs_V_736_out              |  out|   32|      ap_vld|              local_regs_V_736_out|       pointer|
|local_regs_V_736_out_ap_vld       |  out|    1|      ap_vld|              local_regs_V_736_out|       pointer|
|local_regs_V_737_out              |  out|   32|      ap_vld|              local_regs_V_737_out|       pointer|
|local_regs_V_737_out_ap_vld       |  out|    1|      ap_vld|              local_regs_V_737_out|       pointer|
|local_regs_V_738_out              |  out|   32|      ap_vld|              local_regs_V_738_out|       pointer|
|local_regs_V_738_out_ap_vld       |  out|    1|      ap_vld|              local_regs_V_738_out|       pointer|
|local_regs_V_739_out              |  out|   32|      ap_vld|              local_regs_V_739_out|       pointer|
|local_regs_V_739_out_ap_vld       |  out|    1|      ap_vld|              local_regs_V_739_out|       pointer|
|local_regs_V_740_out              |  out|   32|      ap_vld|              local_regs_V_740_out|       pointer|
|local_regs_V_740_out_ap_vld       |  out|    1|      ap_vld|              local_regs_V_740_out|       pointer|
|local_regs_V_741_out              |  out|   32|      ap_vld|              local_regs_V_741_out|       pointer|
|local_regs_V_741_out_ap_vld       |  out|    1|      ap_vld|              local_regs_V_741_out|       pointer|
|local_regs_V_742_out              |  out|   32|      ap_vld|              local_regs_V_742_out|       pointer|
|local_regs_V_742_out_ap_vld       |  out|    1|      ap_vld|              local_regs_V_742_out|       pointer|
|local_regs_V_743_out              |  out|   32|      ap_vld|              local_regs_V_743_out|       pointer|
|local_regs_V_743_out_ap_vld       |  out|    1|      ap_vld|              local_regs_V_743_out|       pointer|
|local_regs_V_744_out              |  out|   32|      ap_vld|              local_regs_V_744_out|       pointer|
|local_regs_V_744_out_ap_vld       |  out|    1|      ap_vld|              local_regs_V_744_out|       pointer|
|local_regs_V_745_out              |  out|   32|      ap_vld|              local_regs_V_745_out|       pointer|
|local_regs_V_745_out_ap_vld       |  out|    1|      ap_vld|              local_regs_V_745_out|       pointer|
|local_regs_V_746_out              |  out|   32|      ap_vld|              local_regs_V_746_out|       pointer|
|local_regs_V_746_out_ap_vld       |  out|    1|      ap_vld|              local_regs_V_746_out|       pointer|
|local_regs_V_747_out              |  out|   32|      ap_vld|              local_regs_V_747_out|       pointer|
|local_regs_V_747_out_ap_vld       |  out|    1|      ap_vld|              local_regs_V_747_out|       pointer|
|local_regs_V_748_out              |  out|   32|      ap_vld|              local_regs_V_748_out|       pointer|
|local_regs_V_748_out_ap_vld       |  out|    1|      ap_vld|              local_regs_V_748_out|       pointer|
|local_regs_V_749_out              |  out|   32|      ap_vld|              local_regs_V_749_out|       pointer|
|local_regs_V_749_out_ap_vld       |  out|    1|      ap_vld|              local_regs_V_749_out|       pointer|
|local_regs_V_750_out              |  out|   32|      ap_vld|              local_regs_V_750_out|       pointer|
|local_regs_V_750_out_ap_vld       |  out|    1|      ap_vld|              local_regs_V_750_out|       pointer|
|local_regs_V_751_out              |  out|   32|      ap_vld|              local_regs_V_751_out|       pointer|
|local_regs_V_751_out_ap_vld       |  out|    1|      ap_vld|              local_regs_V_751_out|       pointer|
|local_regs_V_752_out              |  out|   32|      ap_vld|              local_regs_V_752_out|       pointer|
|local_regs_V_752_out_ap_vld       |  out|    1|      ap_vld|              local_regs_V_752_out|       pointer|
|local_regs_V_753_out              |  out|   32|      ap_vld|              local_regs_V_753_out|       pointer|
|local_regs_V_753_out_ap_vld       |  out|    1|      ap_vld|              local_regs_V_753_out|       pointer|
|local_regs_V_754_out              |  out|   32|      ap_vld|              local_regs_V_754_out|       pointer|
|local_regs_V_754_out_ap_vld       |  out|    1|      ap_vld|              local_regs_V_754_out|       pointer|
|local_regs_V_755_out              |  out|   32|      ap_vld|              local_regs_V_755_out|       pointer|
|local_regs_V_755_out_ap_vld       |  out|    1|      ap_vld|              local_regs_V_755_out|       pointer|
|local_regs_V_756_out              |  out|   32|      ap_vld|              local_regs_V_756_out|       pointer|
|local_regs_V_756_out_ap_vld       |  out|    1|      ap_vld|              local_regs_V_756_out|       pointer|
|local_regs_V_757_out              |  out|   32|      ap_vld|              local_regs_V_757_out|       pointer|
|local_regs_V_757_out_ap_vld       |  out|    1|      ap_vld|              local_regs_V_757_out|       pointer|
|local_regs_V_758_out              |  out|   32|      ap_vld|              local_regs_V_758_out|       pointer|
|local_regs_V_758_out_ap_vld       |  out|    1|      ap_vld|              local_regs_V_758_out|       pointer|
|local_regs_V_759_out              |  out|   32|      ap_vld|              local_regs_V_759_out|       pointer|
|local_regs_V_759_out_ap_vld       |  out|    1|      ap_vld|              local_regs_V_759_out|       pointer|
|local_regs_V_760_out              |  out|   32|      ap_vld|              local_regs_V_760_out|       pointer|
|local_regs_V_760_out_ap_vld       |  out|    1|      ap_vld|              local_regs_V_760_out|       pointer|
|local_regs_V_761_out              |  out|   32|      ap_vld|              local_regs_V_761_out|       pointer|
|local_regs_V_761_out_ap_vld       |  out|    1|      ap_vld|              local_regs_V_761_out|       pointer|
|local_regs_V_762_out              |  out|   32|      ap_vld|              local_regs_V_762_out|       pointer|
|local_regs_V_762_out_ap_vld       |  out|    1|      ap_vld|              local_regs_V_762_out|       pointer|
|local_regs_V_763_out              |  out|   32|      ap_vld|              local_regs_V_763_out|       pointer|
|local_regs_V_763_out_ap_vld       |  out|    1|      ap_vld|              local_regs_V_763_out|       pointer|
|local_regs_V_764_out              |  out|   32|      ap_vld|              local_regs_V_764_out|       pointer|
|local_regs_V_764_out_ap_vld       |  out|    1|      ap_vld|              local_regs_V_764_out|       pointer|
|local_regs_V_765_out              |  out|   32|      ap_vld|              local_regs_V_765_out|       pointer|
|local_regs_V_765_out_ap_vld       |  out|    1|      ap_vld|              local_regs_V_765_out|       pointer|
|local_regs_V_766_out              |  out|   32|      ap_vld|              local_regs_V_766_out|       pointer|
|local_regs_V_766_out_ap_vld       |  out|    1|      ap_vld|              local_regs_V_766_out|       pointer|
|local_regs_V_767_out              |  out|   32|      ap_vld|              local_regs_V_767_out|       pointer|
|local_regs_V_767_out_ap_vld       |  out|    1|      ap_vld|              local_regs_V_767_out|       pointer|
|local_regs_V_768_out              |  out|   32|      ap_vld|              local_regs_V_768_out|       pointer|
|local_regs_V_768_out_ap_vld       |  out|    1|      ap_vld|              local_regs_V_768_out|       pointer|
|local_regs_V_769_out              |  out|   32|      ap_vld|              local_regs_V_769_out|       pointer|
|local_regs_V_769_out_ap_vld       |  out|    1|      ap_vld|              local_regs_V_769_out|       pointer|
|local_regs_V_770_out              |  out|   32|      ap_vld|              local_regs_V_770_out|       pointer|
|local_regs_V_770_out_ap_vld       |  out|    1|      ap_vld|              local_regs_V_770_out|       pointer|
|local_regs_V_771_out              |  out|   32|      ap_vld|              local_regs_V_771_out|       pointer|
|local_regs_V_771_out_ap_vld       |  out|    1|      ap_vld|              local_regs_V_771_out|       pointer|
|local_regs_V_772_out              |  out|   32|      ap_vld|              local_regs_V_772_out|       pointer|
|local_regs_V_772_out_ap_vld       |  out|    1|      ap_vld|              local_regs_V_772_out|       pointer|
|local_regs_V_773_out              |  out|   32|      ap_vld|              local_regs_V_773_out|       pointer|
|local_regs_V_773_out_ap_vld       |  out|    1|      ap_vld|              local_regs_V_773_out|       pointer|
|local_regs_V_774_out              |  out|   32|      ap_vld|              local_regs_V_774_out|       pointer|
|local_regs_V_774_out_ap_vld       |  out|    1|      ap_vld|              local_regs_V_774_out|       pointer|
|local_regs_V_775_out              |  out|   32|      ap_vld|              local_regs_V_775_out|       pointer|
|local_regs_V_775_out_ap_vld       |  out|    1|      ap_vld|              local_regs_V_775_out|       pointer|
|local_regs_V_776_out              |  out|   32|      ap_vld|              local_regs_V_776_out|       pointer|
|local_regs_V_776_out_ap_vld       |  out|    1|      ap_vld|              local_regs_V_776_out|       pointer|
|local_regs_V_777_out              |  out|   32|      ap_vld|              local_regs_V_777_out|       pointer|
|local_regs_V_777_out_ap_vld       |  out|    1|      ap_vld|              local_regs_V_777_out|       pointer|
|local_regs_V_778_out              |  out|   32|      ap_vld|              local_regs_V_778_out|       pointer|
|local_regs_V_778_out_ap_vld       |  out|    1|      ap_vld|              local_regs_V_778_out|       pointer|
|local_regs_V_779_out              |  out|   32|      ap_vld|              local_regs_V_779_out|       pointer|
|local_regs_V_779_out_ap_vld       |  out|    1|      ap_vld|              local_regs_V_779_out|       pointer|
|local_regs_V_780_out              |  out|   32|      ap_vld|              local_regs_V_780_out|       pointer|
|local_regs_V_780_out_ap_vld       |  out|    1|      ap_vld|              local_regs_V_780_out|       pointer|
|local_regs_V_781_out              |  out|   32|      ap_vld|              local_regs_V_781_out|       pointer|
|local_regs_V_781_out_ap_vld       |  out|    1|      ap_vld|              local_regs_V_781_out|       pointer|
|local_regs_V_782_out              |  out|   32|      ap_vld|              local_regs_V_782_out|       pointer|
|local_regs_V_782_out_ap_vld       |  out|    1|      ap_vld|              local_regs_V_782_out|       pointer|
|local_regs_V_783_out              |  out|   32|      ap_vld|              local_regs_V_783_out|       pointer|
|local_regs_V_783_out_ap_vld       |  out|    1|      ap_vld|              local_regs_V_783_out|       pointer|
|local_regs_V_784_out              |  out|   32|      ap_vld|              local_regs_V_784_out|       pointer|
|local_regs_V_784_out_ap_vld       |  out|    1|      ap_vld|              local_regs_V_784_out|       pointer|
|local_regs_V_785_out              |  out|   32|      ap_vld|              local_regs_V_785_out|       pointer|
|local_regs_V_785_out_ap_vld       |  out|    1|      ap_vld|              local_regs_V_785_out|       pointer|
|local_regs_V_786_out              |  out|   32|      ap_vld|              local_regs_V_786_out|       pointer|
|local_regs_V_786_out_ap_vld       |  out|    1|      ap_vld|              local_regs_V_786_out|       pointer|
|local_regs_V_787_out              |  out|   32|      ap_vld|              local_regs_V_787_out|       pointer|
|local_regs_V_787_out_ap_vld       |  out|    1|      ap_vld|              local_regs_V_787_out|       pointer|
|local_regs_V_788_out              |  out|   32|      ap_vld|              local_regs_V_788_out|       pointer|
|local_regs_V_788_out_ap_vld       |  out|    1|      ap_vld|              local_regs_V_788_out|       pointer|
|local_regs_V_789_out              |  out|   32|      ap_vld|              local_regs_V_789_out|       pointer|
|local_regs_V_789_out_ap_vld       |  out|    1|      ap_vld|              local_regs_V_789_out|       pointer|
|local_regs_V_790_out              |  out|   32|      ap_vld|              local_regs_V_790_out|       pointer|
|local_regs_V_790_out_ap_vld       |  out|    1|      ap_vld|              local_regs_V_790_out|       pointer|
|local_regs_V_791_out              |  out|   32|      ap_vld|              local_regs_V_791_out|       pointer|
|local_regs_V_791_out_ap_vld       |  out|    1|      ap_vld|              local_regs_V_791_out|       pointer|
|local_regs_V_792_out              |  out|   32|      ap_vld|              local_regs_V_792_out|       pointer|
|local_regs_V_792_out_ap_vld       |  out|    1|      ap_vld|              local_regs_V_792_out|       pointer|
|local_regs_V_793_out              |  out|   32|      ap_vld|              local_regs_V_793_out|       pointer|
|local_regs_V_793_out_ap_vld       |  out|    1|      ap_vld|              local_regs_V_793_out|       pointer|
|local_regs_V_794_out              |  out|   32|      ap_vld|              local_regs_V_794_out|       pointer|
|local_regs_V_794_out_ap_vld       |  out|    1|      ap_vld|              local_regs_V_794_out|       pointer|
|local_regs_V_795_out              |  out|   32|      ap_vld|              local_regs_V_795_out|       pointer|
|local_regs_V_795_out_ap_vld       |  out|    1|      ap_vld|              local_regs_V_795_out|       pointer|
|local_regs_V_796_out              |  out|   32|      ap_vld|              local_regs_V_796_out|       pointer|
|local_regs_V_796_out_ap_vld       |  out|    1|      ap_vld|              local_regs_V_796_out|       pointer|
|local_regs_V_797_out              |  out|   32|      ap_vld|              local_regs_V_797_out|       pointer|
|local_regs_V_797_out_ap_vld       |  out|    1|      ap_vld|              local_regs_V_797_out|       pointer|
|local_regs_V_798_out              |  out|   32|      ap_vld|              local_regs_V_798_out|       pointer|
|local_regs_V_798_out_ap_vld       |  out|    1|      ap_vld|              local_regs_V_798_out|       pointer|
|local_regs_V_799_out              |  out|   32|      ap_vld|              local_regs_V_799_out|       pointer|
|local_regs_V_799_out_ap_vld       |  out|    1|      ap_vld|              local_regs_V_799_out|       pointer|
|local_regs_V_800_out              |  out|   32|      ap_vld|              local_regs_V_800_out|       pointer|
|local_regs_V_800_out_ap_vld       |  out|    1|      ap_vld|              local_regs_V_800_out|       pointer|
|local_regs_V_801_out              |  out|   32|      ap_vld|              local_regs_V_801_out|       pointer|
|local_regs_V_801_out_ap_vld       |  out|    1|      ap_vld|              local_regs_V_801_out|       pointer|
|local_regs_V_802_out              |  out|   32|      ap_vld|              local_regs_V_802_out|       pointer|
|local_regs_V_802_out_ap_vld       |  out|    1|      ap_vld|              local_regs_V_802_out|       pointer|
|local_regs_V_803_out              |  out|   32|      ap_vld|              local_regs_V_803_out|       pointer|
|local_regs_V_803_out_ap_vld       |  out|    1|      ap_vld|              local_regs_V_803_out|       pointer|
|local_regs_V_804_out              |  out|   32|      ap_vld|              local_regs_V_804_out|       pointer|
|local_regs_V_804_out_ap_vld       |  out|    1|      ap_vld|              local_regs_V_804_out|       pointer|
|local_regs_V_805_out              |  out|   32|      ap_vld|              local_regs_V_805_out|       pointer|
|local_regs_V_805_out_ap_vld       |  out|    1|      ap_vld|              local_regs_V_805_out|       pointer|
|local_regs_V_806_out              |  out|   32|      ap_vld|              local_regs_V_806_out|       pointer|
|local_regs_V_806_out_ap_vld       |  out|    1|      ap_vld|              local_regs_V_806_out|       pointer|
|local_regs_V_807_out              |  out|   32|      ap_vld|              local_regs_V_807_out|       pointer|
|local_regs_V_807_out_ap_vld       |  out|    1|      ap_vld|              local_regs_V_807_out|       pointer|
|local_regs_V_808_out              |  out|   32|      ap_vld|              local_regs_V_808_out|       pointer|
|local_regs_V_808_out_ap_vld       |  out|    1|      ap_vld|              local_regs_V_808_out|       pointer|
|local_regs_V_809_out              |  out|   32|      ap_vld|              local_regs_V_809_out|       pointer|
|local_regs_V_809_out_ap_vld       |  out|    1|      ap_vld|              local_regs_V_809_out|       pointer|
|local_regs_V_810_out              |  out|   32|      ap_vld|              local_regs_V_810_out|       pointer|
|local_regs_V_810_out_ap_vld       |  out|    1|      ap_vld|              local_regs_V_810_out|       pointer|
|local_regs_V_811_out              |  out|   32|      ap_vld|              local_regs_V_811_out|       pointer|
|local_regs_V_811_out_ap_vld       |  out|    1|      ap_vld|              local_regs_V_811_out|       pointer|
|local_regs_V_812_out              |  out|   32|      ap_vld|              local_regs_V_812_out|       pointer|
|local_regs_V_812_out_ap_vld       |  out|    1|      ap_vld|              local_regs_V_812_out|       pointer|
|local_regs_V_813_out              |  out|   32|      ap_vld|              local_regs_V_813_out|       pointer|
|local_regs_V_813_out_ap_vld       |  out|    1|      ap_vld|              local_regs_V_813_out|       pointer|
|local_regs_V_814_out              |  out|   32|      ap_vld|              local_regs_V_814_out|       pointer|
|local_regs_V_814_out_ap_vld       |  out|    1|      ap_vld|              local_regs_V_814_out|       pointer|
|local_regs_V_815_out              |  out|   32|      ap_vld|              local_regs_V_815_out|       pointer|
|local_regs_V_815_out_ap_vld       |  out|    1|      ap_vld|              local_regs_V_815_out|       pointer|
|local_regs_V_816_out              |  out|   32|      ap_vld|              local_regs_V_816_out|       pointer|
|local_regs_V_816_out_ap_vld       |  out|    1|      ap_vld|              local_regs_V_816_out|       pointer|
|local_regs_V_817_out              |  out|   32|      ap_vld|              local_regs_V_817_out|       pointer|
|local_regs_V_817_out_ap_vld       |  out|    1|      ap_vld|              local_regs_V_817_out|       pointer|
|local_regs_V_818_out              |  out|   32|      ap_vld|              local_regs_V_818_out|       pointer|
|local_regs_V_818_out_ap_vld       |  out|    1|      ap_vld|              local_regs_V_818_out|       pointer|
|local_regs_V_819_out              |  out|   32|      ap_vld|              local_regs_V_819_out|       pointer|
|local_regs_V_819_out_ap_vld       |  out|    1|      ap_vld|              local_regs_V_819_out|       pointer|
|local_regs_V_820_out              |  out|   32|      ap_vld|              local_regs_V_820_out|       pointer|
|local_regs_V_820_out_ap_vld       |  out|    1|      ap_vld|              local_regs_V_820_out|       pointer|
|local_regs_V_821_out              |  out|   32|      ap_vld|              local_regs_V_821_out|       pointer|
|local_regs_V_821_out_ap_vld       |  out|    1|      ap_vld|              local_regs_V_821_out|       pointer|
|local_regs_V_822_out              |  out|   32|      ap_vld|              local_regs_V_822_out|       pointer|
|local_regs_V_822_out_ap_vld       |  out|    1|      ap_vld|              local_regs_V_822_out|       pointer|
|local_regs_V_823_out              |  out|   32|      ap_vld|              local_regs_V_823_out|       pointer|
|local_regs_V_823_out_ap_vld       |  out|    1|      ap_vld|              local_regs_V_823_out|       pointer|
|local_regs_V_824_out              |  out|   32|      ap_vld|              local_regs_V_824_out|       pointer|
|local_regs_V_824_out_ap_vld       |  out|    1|      ap_vld|              local_regs_V_824_out|       pointer|
|local_regs_V_825_out              |  out|   32|      ap_vld|              local_regs_V_825_out|       pointer|
|local_regs_V_825_out_ap_vld       |  out|    1|      ap_vld|              local_regs_V_825_out|       pointer|
|local_regs_V_826_out              |  out|   32|      ap_vld|              local_regs_V_826_out|       pointer|
|local_regs_V_826_out_ap_vld       |  out|    1|      ap_vld|              local_regs_V_826_out|       pointer|
|local_regs_V_827_out              |  out|   32|      ap_vld|              local_regs_V_827_out|       pointer|
|local_regs_V_827_out_ap_vld       |  out|    1|      ap_vld|              local_regs_V_827_out|       pointer|
|local_regs_V_828_out              |  out|   32|      ap_vld|              local_regs_V_828_out|       pointer|
|local_regs_V_828_out_ap_vld       |  out|    1|      ap_vld|              local_regs_V_828_out|       pointer|
|local_regs_V_829_out              |  out|   32|      ap_vld|              local_regs_V_829_out|       pointer|
|local_regs_V_829_out_ap_vld       |  out|    1|      ap_vld|              local_regs_V_829_out|       pointer|
|local_regs_V_830_out              |  out|   32|      ap_vld|              local_regs_V_830_out|       pointer|
|local_regs_V_830_out_ap_vld       |  out|    1|      ap_vld|              local_regs_V_830_out|       pointer|
|local_regs_V_831_out              |  out|   32|      ap_vld|              local_regs_V_831_out|       pointer|
|local_regs_V_831_out_ap_vld       |  out|    1|      ap_vld|              local_regs_V_831_out|       pointer|
|local_regs_V_832_out              |  out|   32|      ap_vld|              local_regs_V_832_out|       pointer|
|local_regs_V_832_out_ap_vld       |  out|    1|      ap_vld|              local_regs_V_832_out|       pointer|
|local_regs_V_833_out              |  out|   32|      ap_vld|              local_regs_V_833_out|       pointer|
|local_regs_V_833_out_ap_vld       |  out|    1|      ap_vld|              local_regs_V_833_out|       pointer|
|local_regs_V_834_out              |  out|   32|      ap_vld|              local_regs_V_834_out|       pointer|
|local_regs_V_834_out_ap_vld       |  out|    1|      ap_vld|              local_regs_V_834_out|       pointer|
|local_regs_V_835_out              |  out|   32|      ap_vld|              local_regs_V_835_out|       pointer|
|local_regs_V_835_out_ap_vld       |  out|    1|      ap_vld|              local_regs_V_835_out|       pointer|
|local_regs_V_836_out              |  out|   32|      ap_vld|              local_regs_V_836_out|       pointer|
|local_regs_V_836_out_ap_vld       |  out|    1|      ap_vld|              local_regs_V_836_out|       pointer|
|local_regs_V_837_out              |  out|   32|      ap_vld|              local_regs_V_837_out|       pointer|
|local_regs_V_837_out_ap_vld       |  out|    1|      ap_vld|              local_regs_V_837_out|       pointer|
|local_regs_V_838_out              |  out|   32|      ap_vld|              local_regs_V_838_out|       pointer|
|local_regs_V_838_out_ap_vld       |  out|    1|      ap_vld|              local_regs_V_838_out|       pointer|
|local_regs_V_839_out              |  out|   32|      ap_vld|              local_regs_V_839_out|       pointer|
|local_regs_V_839_out_ap_vld       |  out|    1|      ap_vld|              local_regs_V_839_out|       pointer|
|local_regs_V_840_out              |  out|   32|      ap_vld|              local_regs_V_840_out|       pointer|
|local_regs_V_840_out_ap_vld       |  out|    1|      ap_vld|              local_regs_V_840_out|       pointer|
|local_regs_V_841_out              |  out|   32|      ap_vld|              local_regs_V_841_out|       pointer|
|local_regs_V_841_out_ap_vld       |  out|    1|      ap_vld|              local_regs_V_841_out|       pointer|
|local_regs_V_842_out              |  out|   32|      ap_vld|              local_regs_V_842_out|       pointer|
|local_regs_V_842_out_ap_vld       |  out|    1|      ap_vld|              local_regs_V_842_out|       pointer|
|local_regs_V_843_out              |  out|   32|      ap_vld|              local_regs_V_843_out|       pointer|
|local_regs_V_843_out_ap_vld       |  out|    1|      ap_vld|              local_regs_V_843_out|       pointer|
|local_regs_V_844_out              |  out|   32|      ap_vld|              local_regs_V_844_out|       pointer|
|local_regs_V_844_out_ap_vld       |  out|    1|      ap_vld|              local_regs_V_844_out|       pointer|
|local_regs_V_845_out              |  out|   32|      ap_vld|              local_regs_V_845_out|       pointer|
|local_regs_V_845_out_ap_vld       |  out|    1|      ap_vld|              local_regs_V_845_out|       pointer|
|local_regs_V_846_out              |  out|   32|      ap_vld|              local_regs_V_846_out|       pointer|
|local_regs_V_846_out_ap_vld       |  out|    1|      ap_vld|              local_regs_V_846_out|       pointer|
|local_regs_V_847_out              |  out|   32|      ap_vld|              local_regs_V_847_out|       pointer|
|local_regs_V_847_out_ap_vld       |  out|    1|      ap_vld|              local_regs_V_847_out|       pointer|
|local_regs_V_848_out              |  out|   32|      ap_vld|              local_regs_V_848_out|       pointer|
|local_regs_V_848_out_ap_vld       |  out|    1|      ap_vld|              local_regs_V_848_out|       pointer|
|local_regs_V_849_out              |  out|   32|      ap_vld|              local_regs_V_849_out|       pointer|
|local_regs_V_849_out_ap_vld       |  out|    1|      ap_vld|              local_regs_V_849_out|       pointer|
|local_regs_V_850_out              |  out|   32|      ap_vld|              local_regs_V_850_out|       pointer|
|local_regs_V_850_out_ap_vld       |  out|    1|      ap_vld|              local_regs_V_850_out|       pointer|
|local_regs_V_851_out              |  out|   32|      ap_vld|              local_regs_V_851_out|       pointer|
|local_regs_V_851_out_ap_vld       |  out|    1|      ap_vld|              local_regs_V_851_out|       pointer|
|local_regs_V_852_out              |  out|   32|      ap_vld|              local_regs_V_852_out|       pointer|
|local_regs_V_852_out_ap_vld       |  out|    1|      ap_vld|              local_regs_V_852_out|       pointer|
|local_regs_V_853_out              |  out|   32|      ap_vld|              local_regs_V_853_out|       pointer|
|local_regs_V_853_out_ap_vld       |  out|    1|      ap_vld|              local_regs_V_853_out|       pointer|
|local_regs_V_854_out              |  out|   32|      ap_vld|              local_regs_V_854_out|       pointer|
|local_regs_V_854_out_ap_vld       |  out|    1|      ap_vld|              local_regs_V_854_out|       pointer|
|local_regs_V_855_out              |  out|   32|      ap_vld|              local_regs_V_855_out|       pointer|
|local_regs_V_855_out_ap_vld       |  out|    1|      ap_vld|              local_regs_V_855_out|       pointer|
|local_regs_V_856_out              |  out|   32|      ap_vld|              local_regs_V_856_out|       pointer|
|local_regs_V_856_out_ap_vld       |  out|    1|      ap_vld|              local_regs_V_856_out|       pointer|
|local_regs_V_857_out              |  out|   32|      ap_vld|              local_regs_V_857_out|       pointer|
|local_regs_V_857_out_ap_vld       |  out|    1|      ap_vld|              local_regs_V_857_out|       pointer|
|local_regs_V_858_out              |  out|   32|      ap_vld|              local_regs_V_858_out|       pointer|
|local_regs_V_858_out_ap_vld       |  out|    1|      ap_vld|              local_regs_V_858_out|       pointer|
|local_regs_V_859_out              |  out|   32|      ap_vld|              local_regs_V_859_out|       pointer|
|local_regs_V_859_out_ap_vld       |  out|    1|      ap_vld|              local_regs_V_859_out|       pointer|
|local_regs_V_860_out              |  out|   32|      ap_vld|              local_regs_V_860_out|       pointer|
|local_regs_V_860_out_ap_vld       |  out|    1|      ap_vld|              local_regs_V_860_out|       pointer|
|local_regs_V_861_out              |  out|   32|      ap_vld|              local_regs_V_861_out|       pointer|
|local_regs_V_861_out_ap_vld       |  out|    1|      ap_vld|              local_regs_V_861_out|       pointer|
|local_regs_V_862_out              |  out|   32|      ap_vld|              local_regs_V_862_out|       pointer|
|local_regs_V_862_out_ap_vld       |  out|    1|      ap_vld|              local_regs_V_862_out|       pointer|
|local_regs_V_863_out              |  out|   32|      ap_vld|              local_regs_V_863_out|       pointer|
|local_regs_V_863_out_ap_vld       |  out|    1|      ap_vld|              local_regs_V_863_out|       pointer|
|local_regs_V_864_out              |  out|   32|      ap_vld|              local_regs_V_864_out|       pointer|
|local_regs_V_864_out_ap_vld       |  out|    1|      ap_vld|              local_regs_V_864_out|       pointer|
|local_regs_V_865_out              |  out|   32|      ap_vld|              local_regs_V_865_out|       pointer|
|local_regs_V_865_out_ap_vld       |  out|    1|      ap_vld|              local_regs_V_865_out|       pointer|
|local_regs_V_866_out              |  out|   32|      ap_vld|              local_regs_V_866_out|       pointer|
|local_regs_V_866_out_ap_vld       |  out|    1|      ap_vld|              local_regs_V_866_out|       pointer|
|local_regs_V_867_out              |  out|   32|      ap_vld|              local_regs_V_867_out|       pointer|
|local_regs_V_867_out_ap_vld       |  out|    1|      ap_vld|              local_regs_V_867_out|       pointer|
|local_regs_V_868_out              |  out|   32|      ap_vld|              local_regs_V_868_out|       pointer|
|local_regs_V_868_out_ap_vld       |  out|    1|      ap_vld|              local_regs_V_868_out|       pointer|
|local_regs_V_869_out              |  out|   32|      ap_vld|              local_regs_V_869_out|       pointer|
|local_regs_V_869_out_ap_vld       |  out|    1|      ap_vld|              local_regs_V_869_out|       pointer|
|local_regs_V_870_out              |  out|   32|      ap_vld|              local_regs_V_870_out|       pointer|
|local_regs_V_870_out_ap_vld       |  out|    1|      ap_vld|              local_regs_V_870_out|       pointer|
|local_regs_V_871_out              |  out|   32|      ap_vld|              local_regs_V_871_out|       pointer|
|local_regs_V_871_out_ap_vld       |  out|    1|      ap_vld|              local_regs_V_871_out|       pointer|
|local_regs_V_872_out              |  out|   32|      ap_vld|              local_regs_V_872_out|       pointer|
|local_regs_V_872_out_ap_vld       |  out|    1|      ap_vld|              local_regs_V_872_out|       pointer|
|local_regs_V_873_out              |  out|   32|      ap_vld|              local_regs_V_873_out|       pointer|
|local_regs_V_873_out_ap_vld       |  out|    1|      ap_vld|              local_regs_V_873_out|       pointer|
|local_regs_V_874_out              |  out|   32|      ap_vld|              local_regs_V_874_out|       pointer|
|local_regs_V_874_out_ap_vld       |  out|    1|      ap_vld|              local_regs_V_874_out|       pointer|
|local_regs_V_875_out              |  out|   32|      ap_vld|              local_regs_V_875_out|       pointer|
|local_regs_V_875_out_ap_vld       |  out|    1|      ap_vld|              local_regs_V_875_out|       pointer|
|local_regs_V_876_out              |  out|   32|      ap_vld|              local_regs_V_876_out|       pointer|
|local_regs_V_876_out_ap_vld       |  out|    1|      ap_vld|              local_regs_V_876_out|       pointer|
|local_regs_V_877_out              |  out|   32|      ap_vld|              local_regs_V_877_out|       pointer|
|local_regs_V_877_out_ap_vld       |  out|    1|      ap_vld|              local_regs_V_877_out|       pointer|
|local_regs_V_878_out              |  out|   32|      ap_vld|              local_regs_V_878_out|       pointer|
|local_regs_V_878_out_ap_vld       |  out|    1|      ap_vld|              local_regs_V_878_out|       pointer|
|local_regs_V_879_out              |  out|   32|      ap_vld|              local_regs_V_879_out|       pointer|
|local_regs_V_879_out_ap_vld       |  out|    1|      ap_vld|              local_regs_V_879_out|       pointer|
|local_regs_V_880_out              |  out|   32|      ap_vld|              local_regs_V_880_out|       pointer|
|local_regs_V_880_out_ap_vld       |  out|    1|      ap_vld|              local_regs_V_880_out|       pointer|
|local_regs_V_881_out              |  out|   32|      ap_vld|              local_regs_V_881_out|       pointer|
|local_regs_V_881_out_ap_vld       |  out|    1|      ap_vld|              local_regs_V_881_out|       pointer|
|local_regs_V_882_out              |  out|   32|      ap_vld|              local_regs_V_882_out|       pointer|
|local_regs_V_882_out_ap_vld       |  out|    1|      ap_vld|              local_regs_V_882_out|       pointer|
|local_regs_V_883_out              |  out|   32|      ap_vld|              local_regs_V_883_out|       pointer|
|local_regs_V_883_out_ap_vld       |  out|    1|      ap_vld|              local_regs_V_883_out|       pointer|
|local_regs_V_884_out              |  out|   32|      ap_vld|              local_regs_V_884_out|       pointer|
|local_regs_V_884_out_ap_vld       |  out|    1|      ap_vld|              local_regs_V_884_out|       pointer|
|local_regs_V_885_out              |  out|   32|      ap_vld|              local_regs_V_885_out|       pointer|
|local_regs_V_885_out_ap_vld       |  out|    1|      ap_vld|              local_regs_V_885_out|       pointer|
|local_regs_V_886_out              |  out|   32|      ap_vld|              local_regs_V_886_out|       pointer|
|local_regs_V_886_out_ap_vld       |  out|    1|      ap_vld|              local_regs_V_886_out|       pointer|
|local_regs_V_887_out              |  out|   32|      ap_vld|              local_regs_V_887_out|       pointer|
|local_regs_V_887_out_ap_vld       |  out|    1|      ap_vld|              local_regs_V_887_out|       pointer|
|local_regs_V_888_out              |  out|   32|      ap_vld|              local_regs_V_888_out|       pointer|
|local_regs_V_888_out_ap_vld       |  out|    1|      ap_vld|              local_regs_V_888_out|       pointer|
|local_regs_V_889_out              |  out|   32|      ap_vld|              local_regs_V_889_out|       pointer|
|local_regs_V_889_out_ap_vld       |  out|    1|      ap_vld|              local_regs_V_889_out|       pointer|
|local_regs_V_890_out              |  out|   32|      ap_vld|              local_regs_V_890_out|       pointer|
|local_regs_V_890_out_ap_vld       |  out|    1|      ap_vld|              local_regs_V_890_out|       pointer|
|local_regs_V_891_out              |  out|   32|      ap_vld|              local_regs_V_891_out|       pointer|
|local_regs_V_891_out_ap_vld       |  out|    1|      ap_vld|              local_regs_V_891_out|       pointer|
|local_regs_V_892_out              |  out|   32|      ap_vld|              local_regs_V_892_out|       pointer|
|local_regs_V_892_out_ap_vld       |  out|    1|      ap_vld|              local_regs_V_892_out|       pointer|
|local_regs_V_893_out              |  out|   32|      ap_vld|              local_regs_V_893_out|       pointer|
|local_regs_V_893_out_ap_vld       |  out|    1|      ap_vld|              local_regs_V_893_out|       pointer|
|local_regs_V_894_out              |  out|   32|      ap_vld|              local_regs_V_894_out|       pointer|
|local_regs_V_894_out_ap_vld       |  out|    1|      ap_vld|              local_regs_V_894_out|       pointer|
|local_regs_V_895_out              |  out|   32|      ap_vld|              local_regs_V_895_out|       pointer|
|local_regs_V_895_out_ap_vld       |  out|    1|      ap_vld|              local_regs_V_895_out|       pointer|
|local_regs_V_896_out              |  out|   32|      ap_vld|              local_regs_V_896_out|       pointer|
|local_regs_V_896_out_ap_vld       |  out|    1|      ap_vld|              local_regs_V_896_out|       pointer|
|local_regs_V_897_out              |  out|   32|      ap_vld|              local_regs_V_897_out|       pointer|
|local_regs_V_897_out_ap_vld       |  out|    1|      ap_vld|              local_regs_V_897_out|       pointer|
|local_regs_V_898_out              |  out|   32|      ap_vld|              local_regs_V_898_out|       pointer|
|local_regs_V_898_out_ap_vld       |  out|    1|      ap_vld|              local_regs_V_898_out|       pointer|
|local_regs_V_899_out              |  out|   32|      ap_vld|              local_regs_V_899_out|       pointer|
|local_regs_V_899_out_ap_vld       |  out|    1|      ap_vld|              local_regs_V_899_out|       pointer|
|local_regs_V_900_out              |  out|   32|      ap_vld|              local_regs_V_900_out|       pointer|
|local_regs_V_900_out_ap_vld       |  out|    1|      ap_vld|              local_regs_V_900_out|       pointer|
|local_regs_V_901_out              |  out|   32|      ap_vld|              local_regs_V_901_out|       pointer|
|local_regs_V_901_out_ap_vld       |  out|    1|      ap_vld|              local_regs_V_901_out|       pointer|
|local_regs_V_902_out              |  out|   32|      ap_vld|              local_regs_V_902_out|       pointer|
|local_regs_V_902_out_ap_vld       |  out|    1|      ap_vld|              local_regs_V_902_out|       pointer|
|local_regs_V_903_out              |  out|   32|      ap_vld|              local_regs_V_903_out|       pointer|
|local_regs_V_903_out_ap_vld       |  out|    1|      ap_vld|              local_regs_V_903_out|       pointer|
|local_regs_V_904_out              |  out|   32|      ap_vld|              local_regs_V_904_out|       pointer|
|local_regs_V_904_out_ap_vld       |  out|    1|      ap_vld|              local_regs_V_904_out|       pointer|
|local_regs_V_905_out              |  out|   32|      ap_vld|              local_regs_V_905_out|       pointer|
|local_regs_V_905_out_ap_vld       |  out|    1|      ap_vld|              local_regs_V_905_out|       pointer|
|local_regs_V_906_out              |  out|   32|      ap_vld|              local_regs_V_906_out|       pointer|
|local_regs_V_906_out_ap_vld       |  out|    1|      ap_vld|              local_regs_V_906_out|       pointer|
|local_regs_V_907_out              |  out|   32|      ap_vld|              local_regs_V_907_out|       pointer|
|local_regs_V_907_out_ap_vld       |  out|    1|      ap_vld|              local_regs_V_907_out|       pointer|
|local_regs_V_908_out              |  out|   32|      ap_vld|              local_regs_V_908_out|       pointer|
|local_regs_V_908_out_ap_vld       |  out|    1|      ap_vld|              local_regs_V_908_out|       pointer|
|local_regs_V_909_out              |  out|   32|      ap_vld|              local_regs_V_909_out|       pointer|
|local_regs_V_909_out_ap_vld       |  out|    1|      ap_vld|              local_regs_V_909_out|       pointer|
|local_regs_V_910_out              |  out|   32|      ap_vld|              local_regs_V_910_out|       pointer|
|local_regs_V_910_out_ap_vld       |  out|    1|      ap_vld|              local_regs_V_910_out|       pointer|
|local_regs_V_911_out              |  out|   32|      ap_vld|              local_regs_V_911_out|       pointer|
|local_regs_V_911_out_ap_vld       |  out|    1|      ap_vld|              local_regs_V_911_out|       pointer|
|local_regs_V_912_out              |  out|   32|      ap_vld|              local_regs_V_912_out|       pointer|
|local_regs_V_912_out_ap_vld       |  out|    1|      ap_vld|              local_regs_V_912_out|       pointer|
|local_regs_V_913_out              |  out|   32|      ap_vld|              local_regs_V_913_out|       pointer|
|local_regs_V_913_out_ap_vld       |  out|    1|      ap_vld|              local_regs_V_913_out|       pointer|
|local_regs_V_914_out              |  out|   32|      ap_vld|              local_regs_V_914_out|       pointer|
|local_regs_V_914_out_ap_vld       |  out|    1|      ap_vld|              local_regs_V_914_out|       pointer|
|local_regs_V_915_out              |  out|   32|      ap_vld|              local_regs_V_915_out|       pointer|
|local_regs_V_915_out_ap_vld       |  out|    1|      ap_vld|              local_regs_V_915_out|       pointer|
|local_regs_V_916_out              |  out|   32|      ap_vld|              local_regs_V_916_out|       pointer|
|local_regs_V_916_out_ap_vld       |  out|    1|      ap_vld|              local_regs_V_916_out|       pointer|
|local_regs_V_917_out              |  out|   32|      ap_vld|              local_regs_V_917_out|       pointer|
|local_regs_V_917_out_ap_vld       |  out|    1|      ap_vld|              local_regs_V_917_out|       pointer|
|local_regs_V_918_out              |  out|   32|      ap_vld|              local_regs_V_918_out|       pointer|
|local_regs_V_918_out_ap_vld       |  out|    1|      ap_vld|              local_regs_V_918_out|       pointer|
|local_regs_V_919_out              |  out|   32|      ap_vld|              local_regs_V_919_out|       pointer|
|local_regs_V_919_out_ap_vld       |  out|    1|      ap_vld|              local_regs_V_919_out|       pointer|
|local_regs_V_920_out              |  out|   32|      ap_vld|              local_regs_V_920_out|       pointer|
|local_regs_V_920_out_ap_vld       |  out|    1|      ap_vld|              local_regs_V_920_out|       pointer|
|local_regs_V_921_out              |  out|   32|      ap_vld|              local_regs_V_921_out|       pointer|
|local_regs_V_921_out_ap_vld       |  out|    1|      ap_vld|              local_regs_V_921_out|       pointer|
|local_regs_V_922_out              |  out|   32|      ap_vld|              local_regs_V_922_out|       pointer|
|local_regs_V_922_out_ap_vld       |  out|    1|      ap_vld|              local_regs_V_922_out|       pointer|
|local_regs_V_923_out              |  out|   32|      ap_vld|              local_regs_V_923_out|       pointer|
|local_regs_V_923_out_ap_vld       |  out|    1|      ap_vld|              local_regs_V_923_out|       pointer|
|local_regs_V_924_out              |  out|   32|      ap_vld|              local_regs_V_924_out|       pointer|
|local_regs_V_924_out_ap_vld       |  out|    1|      ap_vld|              local_regs_V_924_out|       pointer|
|local_regs_V_925_out              |  out|   32|      ap_vld|              local_regs_V_925_out|       pointer|
|local_regs_V_925_out_ap_vld       |  out|    1|      ap_vld|              local_regs_V_925_out|       pointer|
|local_regs_V_926_out              |  out|   32|      ap_vld|              local_regs_V_926_out|       pointer|
|local_regs_V_926_out_ap_vld       |  out|    1|      ap_vld|              local_regs_V_926_out|       pointer|
|local_regs_V_927_out              |  out|   32|      ap_vld|              local_regs_V_927_out|       pointer|
|local_regs_V_927_out_ap_vld       |  out|    1|      ap_vld|              local_regs_V_927_out|       pointer|
|local_regs_V_928_out              |  out|   32|      ap_vld|              local_regs_V_928_out|       pointer|
|local_regs_V_928_out_ap_vld       |  out|    1|      ap_vld|              local_regs_V_928_out|       pointer|
|local_regs_V_929_out              |  out|   32|      ap_vld|              local_regs_V_929_out|       pointer|
|local_regs_V_929_out_ap_vld       |  out|    1|      ap_vld|              local_regs_V_929_out|       pointer|
|local_regs_V_930_out              |  out|   32|      ap_vld|              local_regs_V_930_out|       pointer|
|local_regs_V_930_out_ap_vld       |  out|    1|      ap_vld|              local_regs_V_930_out|       pointer|
|local_regs_V_931_out              |  out|   32|      ap_vld|              local_regs_V_931_out|       pointer|
|local_regs_V_931_out_ap_vld       |  out|    1|      ap_vld|              local_regs_V_931_out|       pointer|
|local_regs_V_932_out              |  out|   32|      ap_vld|              local_regs_V_932_out|       pointer|
|local_regs_V_932_out_ap_vld       |  out|    1|      ap_vld|              local_regs_V_932_out|       pointer|
|local_regs_V_933_out              |  out|   32|      ap_vld|              local_regs_V_933_out|       pointer|
|local_regs_V_933_out_ap_vld       |  out|    1|      ap_vld|              local_regs_V_933_out|       pointer|
|local_regs_V_934_out              |  out|   32|      ap_vld|              local_regs_V_934_out|       pointer|
|local_regs_V_934_out_ap_vld       |  out|    1|      ap_vld|              local_regs_V_934_out|       pointer|
|local_regs_V_935_out              |  out|   32|      ap_vld|              local_regs_V_935_out|       pointer|
|local_regs_V_935_out_ap_vld       |  out|    1|      ap_vld|              local_regs_V_935_out|       pointer|
|local_regs_V_936_out              |  out|   32|      ap_vld|              local_regs_V_936_out|       pointer|
|local_regs_V_936_out_ap_vld       |  out|    1|      ap_vld|              local_regs_V_936_out|       pointer|
|local_regs_V_937_out              |  out|   32|      ap_vld|              local_regs_V_937_out|       pointer|
|local_regs_V_937_out_ap_vld       |  out|    1|      ap_vld|              local_regs_V_937_out|       pointer|
|local_regs_V_938_out              |  out|   32|      ap_vld|              local_regs_V_938_out|       pointer|
|local_regs_V_938_out_ap_vld       |  out|    1|      ap_vld|              local_regs_V_938_out|       pointer|
|local_regs_V_939_out              |  out|   32|      ap_vld|              local_regs_V_939_out|       pointer|
|local_regs_V_939_out_ap_vld       |  out|    1|      ap_vld|              local_regs_V_939_out|       pointer|
|local_regs_V_940_out              |  out|   32|      ap_vld|              local_regs_V_940_out|       pointer|
|local_regs_V_940_out_ap_vld       |  out|    1|      ap_vld|              local_regs_V_940_out|       pointer|
|local_regs_V_941_out              |  out|   32|      ap_vld|              local_regs_V_941_out|       pointer|
|local_regs_V_941_out_ap_vld       |  out|    1|      ap_vld|              local_regs_V_941_out|       pointer|
|local_regs_V_942_out              |  out|   32|      ap_vld|              local_regs_V_942_out|       pointer|
|local_regs_V_942_out_ap_vld       |  out|    1|      ap_vld|              local_regs_V_942_out|       pointer|
|local_regs_V_943_out              |  out|   32|      ap_vld|              local_regs_V_943_out|       pointer|
|local_regs_V_943_out_ap_vld       |  out|    1|      ap_vld|              local_regs_V_943_out|       pointer|
|local_regs_V_944_out              |  out|   32|      ap_vld|              local_regs_V_944_out|       pointer|
|local_regs_V_944_out_ap_vld       |  out|    1|      ap_vld|              local_regs_V_944_out|       pointer|
|local_regs_V_945_out              |  out|   32|      ap_vld|              local_regs_V_945_out|       pointer|
|local_regs_V_945_out_ap_vld       |  out|    1|      ap_vld|              local_regs_V_945_out|       pointer|
|local_regs_V_946_out              |  out|   32|      ap_vld|              local_regs_V_946_out|       pointer|
|local_regs_V_946_out_ap_vld       |  out|    1|      ap_vld|              local_regs_V_946_out|       pointer|
|local_regs_V_947_out              |  out|   32|      ap_vld|              local_regs_V_947_out|       pointer|
|local_regs_V_947_out_ap_vld       |  out|    1|      ap_vld|              local_regs_V_947_out|       pointer|
|local_regs_V_948_out              |  out|   32|      ap_vld|              local_regs_V_948_out|       pointer|
|local_regs_V_948_out_ap_vld       |  out|    1|      ap_vld|              local_regs_V_948_out|       pointer|
|local_regs_V_949_out              |  out|   32|      ap_vld|              local_regs_V_949_out|       pointer|
|local_regs_V_949_out_ap_vld       |  out|    1|      ap_vld|              local_regs_V_949_out|       pointer|
|local_regs_V_950_out              |  out|   32|      ap_vld|              local_regs_V_950_out|       pointer|
|local_regs_V_950_out_ap_vld       |  out|    1|      ap_vld|              local_regs_V_950_out|       pointer|
|local_regs_V_951_out              |  out|   32|      ap_vld|              local_regs_V_951_out|       pointer|
|local_regs_V_951_out_ap_vld       |  out|    1|      ap_vld|              local_regs_V_951_out|       pointer|
|local_regs_V_952_out              |  out|   32|      ap_vld|              local_regs_V_952_out|       pointer|
|local_regs_V_952_out_ap_vld       |  out|    1|      ap_vld|              local_regs_V_952_out|       pointer|
|local_regs_V_953_out              |  out|   32|      ap_vld|              local_regs_V_953_out|       pointer|
|local_regs_V_953_out_ap_vld       |  out|    1|      ap_vld|              local_regs_V_953_out|       pointer|
|local_regs_V_954_out              |  out|   32|      ap_vld|              local_regs_V_954_out|       pointer|
|local_regs_V_954_out_ap_vld       |  out|    1|      ap_vld|              local_regs_V_954_out|       pointer|
|local_regs_V_955_out              |  out|   32|      ap_vld|              local_regs_V_955_out|       pointer|
|local_regs_V_955_out_ap_vld       |  out|    1|      ap_vld|              local_regs_V_955_out|       pointer|
|local_regs_V_956_out              |  out|   32|      ap_vld|              local_regs_V_956_out|       pointer|
|local_regs_V_956_out_ap_vld       |  out|    1|      ap_vld|              local_regs_V_956_out|       pointer|
|local_regs_V_957_out              |  out|   32|      ap_vld|              local_regs_V_957_out|       pointer|
|local_regs_V_957_out_ap_vld       |  out|    1|      ap_vld|              local_regs_V_957_out|       pointer|
|local_regs_V_958_out              |  out|   32|      ap_vld|              local_regs_V_958_out|       pointer|
|local_regs_V_958_out_ap_vld       |  out|    1|      ap_vld|              local_regs_V_958_out|       pointer|
|local_regs_V_959_out              |  out|   32|      ap_vld|              local_regs_V_959_out|       pointer|
|local_regs_V_959_out_ap_vld       |  out|    1|      ap_vld|              local_regs_V_959_out|       pointer|
|local_regs_V_960_out              |  out|   32|      ap_vld|              local_regs_V_960_out|       pointer|
|local_regs_V_960_out_ap_vld       |  out|    1|      ap_vld|              local_regs_V_960_out|       pointer|
|local_regs_V_961_out              |  out|   32|      ap_vld|              local_regs_V_961_out|       pointer|
|local_regs_V_961_out_ap_vld       |  out|    1|      ap_vld|              local_regs_V_961_out|       pointer|
|local_regs_V_962_out              |  out|   32|      ap_vld|              local_regs_V_962_out|       pointer|
|local_regs_V_962_out_ap_vld       |  out|    1|      ap_vld|              local_regs_V_962_out|       pointer|
|local_regs_V_963_out              |  out|   32|      ap_vld|              local_regs_V_963_out|       pointer|
|local_regs_V_963_out_ap_vld       |  out|    1|      ap_vld|              local_regs_V_963_out|       pointer|
|local_regs_V_964_out              |  out|   32|      ap_vld|              local_regs_V_964_out|       pointer|
|local_regs_V_964_out_ap_vld       |  out|    1|      ap_vld|              local_regs_V_964_out|       pointer|
|local_regs_V_965_out              |  out|   32|      ap_vld|              local_regs_V_965_out|       pointer|
|local_regs_V_965_out_ap_vld       |  out|    1|      ap_vld|              local_regs_V_965_out|       pointer|
|local_regs_V_966_out              |  out|   32|      ap_vld|              local_regs_V_966_out|       pointer|
|local_regs_V_966_out_ap_vld       |  out|    1|      ap_vld|              local_regs_V_966_out|       pointer|
|local_regs_V_967_out              |  out|   32|      ap_vld|              local_regs_V_967_out|       pointer|
|local_regs_V_967_out_ap_vld       |  out|    1|      ap_vld|              local_regs_V_967_out|       pointer|
|local_regs_V_968_out              |  out|   32|      ap_vld|              local_regs_V_968_out|       pointer|
|local_regs_V_968_out_ap_vld       |  out|    1|      ap_vld|              local_regs_V_968_out|       pointer|
|local_regs_V_969_out              |  out|   32|      ap_vld|              local_regs_V_969_out|       pointer|
|local_regs_V_969_out_ap_vld       |  out|    1|      ap_vld|              local_regs_V_969_out|       pointer|
|local_regs_V_970_out              |  out|   32|      ap_vld|              local_regs_V_970_out|       pointer|
|local_regs_V_970_out_ap_vld       |  out|    1|      ap_vld|              local_regs_V_970_out|       pointer|
|local_regs_V_971_out              |  out|   32|      ap_vld|              local_regs_V_971_out|       pointer|
|local_regs_V_971_out_ap_vld       |  out|    1|      ap_vld|              local_regs_V_971_out|       pointer|
|local_regs_V_972_out              |  out|   32|      ap_vld|              local_regs_V_972_out|       pointer|
|local_regs_V_972_out_ap_vld       |  out|    1|      ap_vld|              local_regs_V_972_out|       pointer|
|local_regs_V_973_out              |  out|   32|      ap_vld|              local_regs_V_973_out|       pointer|
|local_regs_V_973_out_ap_vld       |  out|    1|      ap_vld|              local_regs_V_973_out|       pointer|
|local_regs_V_974_out              |  out|   32|      ap_vld|              local_regs_V_974_out|       pointer|
|local_regs_V_974_out_ap_vld       |  out|    1|      ap_vld|              local_regs_V_974_out|       pointer|
|local_regs_V_975_out              |  out|   32|      ap_vld|              local_regs_V_975_out|       pointer|
|local_regs_V_975_out_ap_vld       |  out|    1|      ap_vld|              local_regs_V_975_out|       pointer|
|local_regs_V_976_out              |  out|   32|      ap_vld|              local_regs_V_976_out|       pointer|
|local_regs_V_976_out_ap_vld       |  out|    1|      ap_vld|              local_regs_V_976_out|       pointer|
|local_regs_V_977_out              |  out|   32|      ap_vld|              local_regs_V_977_out|       pointer|
|local_regs_V_977_out_ap_vld       |  out|    1|      ap_vld|              local_regs_V_977_out|       pointer|
|local_regs_V_978_out              |  out|   32|      ap_vld|              local_regs_V_978_out|       pointer|
|local_regs_V_978_out_ap_vld       |  out|    1|      ap_vld|              local_regs_V_978_out|       pointer|
|local_regs_V_979_out              |  out|   32|      ap_vld|              local_regs_V_979_out|       pointer|
|local_regs_V_979_out_ap_vld       |  out|    1|      ap_vld|              local_regs_V_979_out|       pointer|
|local_regs_V_980_out              |  out|   32|      ap_vld|              local_regs_V_980_out|       pointer|
|local_regs_V_980_out_ap_vld       |  out|    1|      ap_vld|              local_regs_V_980_out|       pointer|
|local_regs_V_981_out              |  out|   32|      ap_vld|              local_regs_V_981_out|       pointer|
|local_regs_V_981_out_ap_vld       |  out|    1|      ap_vld|              local_regs_V_981_out|       pointer|
|local_regs_V_982_out              |  out|   32|      ap_vld|              local_regs_V_982_out|       pointer|
|local_regs_V_982_out_ap_vld       |  out|    1|      ap_vld|              local_regs_V_982_out|       pointer|
|local_regs_V_983_out              |  out|   32|      ap_vld|              local_regs_V_983_out|       pointer|
|local_regs_V_983_out_ap_vld       |  out|    1|      ap_vld|              local_regs_V_983_out|       pointer|
|local_regs_V_984_out              |  out|   32|      ap_vld|              local_regs_V_984_out|       pointer|
|local_regs_V_984_out_ap_vld       |  out|    1|      ap_vld|              local_regs_V_984_out|       pointer|
|local_regs_V_985_out              |  out|   32|      ap_vld|              local_regs_V_985_out|       pointer|
|local_regs_V_985_out_ap_vld       |  out|    1|      ap_vld|              local_regs_V_985_out|       pointer|
|local_regs_V_986_out              |  out|   32|      ap_vld|              local_regs_V_986_out|       pointer|
|local_regs_V_986_out_ap_vld       |  out|    1|      ap_vld|              local_regs_V_986_out|       pointer|
|local_regs_V_987_out              |  out|   32|      ap_vld|              local_regs_V_987_out|       pointer|
|local_regs_V_987_out_ap_vld       |  out|    1|      ap_vld|              local_regs_V_987_out|       pointer|
|local_regs_V_988_out              |  out|   32|      ap_vld|              local_regs_V_988_out|       pointer|
|local_regs_V_988_out_ap_vld       |  out|    1|      ap_vld|              local_regs_V_988_out|       pointer|
|local_regs_V_989_out              |  out|   32|      ap_vld|              local_regs_V_989_out|       pointer|
|local_regs_V_989_out_ap_vld       |  out|    1|      ap_vld|              local_regs_V_989_out|       pointer|
|local_regs_V_990_out              |  out|   32|      ap_vld|              local_regs_V_990_out|       pointer|
|local_regs_V_990_out_ap_vld       |  out|    1|      ap_vld|              local_regs_V_990_out|       pointer|
|local_regs_V_991_out              |  out|   32|      ap_vld|              local_regs_V_991_out|       pointer|
|local_regs_V_991_out_ap_vld       |  out|    1|      ap_vld|              local_regs_V_991_out|       pointer|
|local_regs_V_992_out              |  out|   32|      ap_vld|              local_regs_V_992_out|       pointer|
|local_regs_V_992_out_ap_vld       |  out|    1|      ap_vld|              local_regs_V_992_out|       pointer|
|local_regs_V_993_out              |  out|   32|      ap_vld|              local_regs_V_993_out|       pointer|
|local_regs_V_993_out_ap_vld       |  out|    1|      ap_vld|              local_regs_V_993_out|       pointer|
|local_regs_V_994_out              |  out|   32|      ap_vld|              local_regs_V_994_out|       pointer|
|local_regs_V_994_out_ap_vld       |  out|    1|      ap_vld|              local_regs_V_994_out|       pointer|
|local_regs_V_995_out              |  out|   32|      ap_vld|              local_regs_V_995_out|       pointer|
|local_regs_V_995_out_ap_vld       |  out|    1|      ap_vld|              local_regs_V_995_out|       pointer|
|local_regs_V_996_out              |  out|   32|      ap_vld|              local_regs_V_996_out|       pointer|
|local_regs_V_996_out_ap_vld       |  out|    1|      ap_vld|              local_regs_V_996_out|       pointer|
|local_regs_V_997_out              |  out|   32|      ap_vld|              local_regs_V_997_out|       pointer|
|local_regs_V_997_out_ap_vld       |  out|    1|      ap_vld|              local_regs_V_997_out|       pointer|
|local_regs_V_998_out              |  out|   32|      ap_vld|              local_regs_V_998_out|       pointer|
|local_regs_V_998_out_ap_vld       |  out|    1|      ap_vld|              local_regs_V_998_out|       pointer|
|local_regs_V_999_out              |  out|   32|      ap_vld|              local_regs_V_999_out|       pointer|
|local_regs_V_999_out_ap_vld       |  out|    1|      ap_vld|              local_regs_V_999_out|       pointer|
|local_regs_V_1000_out             |  out|   32|      ap_vld|             local_regs_V_1000_out|       pointer|
|local_regs_V_1000_out_ap_vld      |  out|    1|      ap_vld|             local_regs_V_1000_out|       pointer|
|local_regs_V_1001_out             |  out|   32|      ap_vld|             local_regs_V_1001_out|       pointer|
|local_regs_V_1001_out_ap_vld      |  out|    1|      ap_vld|             local_regs_V_1001_out|       pointer|
|local_regs_V_1002_out             |  out|   32|      ap_vld|             local_regs_V_1002_out|       pointer|
|local_regs_V_1002_out_ap_vld      |  out|    1|      ap_vld|             local_regs_V_1002_out|       pointer|
|local_regs_V_1003_out             |  out|   32|      ap_vld|             local_regs_V_1003_out|       pointer|
|local_regs_V_1003_out_ap_vld      |  out|    1|      ap_vld|             local_regs_V_1003_out|       pointer|
|local_regs_V_1004_out             |  out|   32|      ap_vld|             local_regs_V_1004_out|       pointer|
|local_regs_V_1004_out_ap_vld      |  out|    1|      ap_vld|             local_regs_V_1004_out|       pointer|
|local_regs_V_1005_out             |  out|   32|      ap_vld|             local_regs_V_1005_out|       pointer|
|local_regs_V_1005_out_ap_vld      |  out|    1|      ap_vld|             local_regs_V_1005_out|       pointer|
|local_regs_V_1006_out             |  out|   32|      ap_vld|             local_regs_V_1006_out|       pointer|
|local_regs_V_1006_out_ap_vld      |  out|    1|      ap_vld|             local_regs_V_1006_out|       pointer|
|local_regs_V_1007_out             |  out|   32|      ap_vld|             local_regs_V_1007_out|       pointer|
|local_regs_V_1007_out_ap_vld      |  out|    1|      ap_vld|             local_regs_V_1007_out|       pointer|
|local_regs_V_1008_out             |  out|   32|      ap_vld|             local_regs_V_1008_out|       pointer|
|local_regs_V_1008_out_ap_vld      |  out|    1|      ap_vld|             local_regs_V_1008_out|       pointer|
|local_regs_V_1009_out             |  out|   32|      ap_vld|             local_regs_V_1009_out|       pointer|
|local_regs_V_1009_out_ap_vld      |  out|    1|      ap_vld|             local_regs_V_1009_out|       pointer|
|local_regs_V_1010_out             |  out|   32|      ap_vld|             local_regs_V_1010_out|       pointer|
|local_regs_V_1010_out_ap_vld      |  out|    1|      ap_vld|             local_regs_V_1010_out|       pointer|
|local_regs_V_1011_out             |  out|   32|      ap_vld|             local_regs_V_1011_out|       pointer|
|local_regs_V_1011_out_ap_vld      |  out|    1|      ap_vld|             local_regs_V_1011_out|       pointer|
|local_regs_V_1012_out             |  out|   32|      ap_vld|             local_regs_V_1012_out|       pointer|
|local_regs_V_1012_out_ap_vld      |  out|    1|      ap_vld|             local_regs_V_1012_out|       pointer|
|local_regs_V_1013_out             |  out|   32|      ap_vld|             local_regs_V_1013_out|       pointer|
|local_regs_V_1013_out_ap_vld      |  out|    1|      ap_vld|             local_regs_V_1013_out|       pointer|
|local_regs_V_1014_out             |  out|   32|      ap_vld|             local_regs_V_1014_out|       pointer|
|local_regs_V_1014_out_ap_vld      |  out|    1|      ap_vld|             local_regs_V_1014_out|       pointer|
|local_regs_V_1015_out             |  out|   32|      ap_vld|             local_regs_V_1015_out|       pointer|
|local_regs_V_1015_out_ap_vld      |  out|    1|      ap_vld|             local_regs_V_1015_out|       pointer|
|local_regs_V_1016_out             |  out|   32|      ap_vld|             local_regs_V_1016_out|       pointer|
|local_regs_V_1016_out_ap_vld      |  out|    1|      ap_vld|             local_regs_V_1016_out|       pointer|
|local_regs_V_1017_out             |  out|   32|      ap_vld|             local_regs_V_1017_out|       pointer|
|local_regs_V_1017_out_ap_vld      |  out|    1|      ap_vld|             local_regs_V_1017_out|       pointer|
|local_regs_V_1018_out             |  out|   32|      ap_vld|             local_regs_V_1018_out|       pointer|
|local_regs_V_1018_out_ap_vld      |  out|    1|      ap_vld|             local_regs_V_1018_out|       pointer|
|local_regs_V_1019_out             |  out|   32|      ap_vld|             local_regs_V_1019_out|       pointer|
|local_regs_V_1019_out_ap_vld      |  out|    1|      ap_vld|             local_regs_V_1019_out|       pointer|
|local_regs_V_1020_out             |  out|   32|      ap_vld|             local_regs_V_1020_out|       pointer|
|local_regs_V_1020_out_ap_vld      |  out|    1|      ap_vld|             local_regs_V_1020_out|       pointer|
|local_regs_V_1021_out             |  out|   32|      ap_vld|             local_regs_V_1021_out|       pointer|
|local_regs_V_1021_out_ap_vld      |  out|    1|      ap_vld|             local_regs_V_1021_out|       pointer|
|local_regs_V_1022_out             |  out|   32|      ap_vld|             local_regs_V_1022_out|       pointer|
|local_regs_V_1022_out_ap_vld      |  out|    1|      ap_vld|             local_regs_V_1022_out|       pointer|
|local_regs_V_1023_out             |  out|   32|      ap_vld|             local_regs_V_1023_out|       pointer|
|local_regs_V_1023_out_ap_vld      |  out|    1|      ap_vld|             local_regs_V_1023_out|       pointer|
+----------------------------------+-----+-----+------------+----------------------------------+--------------+

