

================================================================
== Vitis HLS Report for 'compute_systolic_Pipeline_Load_Cache_Row'
================================================================
* Date:           Mon May 25 15:50:53 2026

* Version:        2022.2 (Build 3670227 on Oct 13 2022)
* Project:        SystolicArray
* Solution:       solution1 (Vivado IP Flow Target)
* Product family: zynq
* Target device:  xc7z020-clg400-1


================================================================
== Performance Estimates
================================================================
+ Timing: 
    * Summary: 
    +--------+----------+----------+------------+
    |  Clock |  Target  | Estimated| Uncertainty|
    +--------+----------+----------+------------+
    |ap_clk  |  10.00 ns|  3.413 ns|     2.70 ns|
    +--------+----------+----------+------------+

+ Latency: 
    * Summary: 
    +---------+---------+----------+----------+-----+-----+---------+
    |  Latency (cycles) |  Latency (absolute) |  Interval | Pipeline|
    |   min   |   max   |    min   |    max   | min | max |   Type  |
    +---------+---------+----------+----------+-----+-----+---------+
    |       34|       34|  0.340 us|  0.340 us|   34|   34|       no|
    +---------+---------+----------+----------+-----+-----+---------+

    + Detail: 
        * Instance: 
        N/A

        * Loop: 
        +------------------+---------+---------+----------+-----------+-----------+------+----------+
        |                  |  Latency (cycles) | Iteration|  Initiation Interval  | Trip |          |
        |     Loop Name    |   min   |   max   |  Latency |  achieved |   target  | Count| Pipelined|
        +------------------+---------+---------+----------+-----------+-----------+------+----------+
        |- Load_Cache_Row  |       32|       32|         2|          1|          1|    32|       yes|
        +------------------+---------+---------+----------+-----------+-----------+------+----------+



================================================================
== Utilization Estimates
================================================================
* Summary: 
+-----------------+---------+-----+--------+-------+-----+
|       Name      | BRAM_18K| DSP |   FF   |  LUT  | URAM|
+-----------------+---------+-----+--------+-------+-----+
|DSP              |        -|    -|       -|      -|    -|
|Expression       |        -|    -|       0|     32|    -|
|FIFO             |        -|    -|       -|      -|    -|
|Instance         |        -|    -|       -|      -|    -|
|Memory           |        -|    -|       -|      -|    -|
|Multiplexer      |        -|    -|       -|     36|    -|
|Register         |        -|    -|   32782|      -|    -|
+-----------------+---------+-----+--------+-------+-----+
|Total            |        0|    0|   32782|     68|    0|
+-----------------+---------+-----+--------+-------+-----+
|Available        |      280|  220|  106400|  53200|    0|
+-----------------+---------+-----+--------+-------+-----+
|Utilization (%)  |        0|    0|      30|     ~0|    0|
+-----------------+---------+-----+--------+-------+-----+

+ Detail: 
    * Instance: 
    N/A

    * DSP: 
    N/A

    * Memory: 
    N/A

    * FIFO: 
    N/A

    * Expression: 
    +-----------------------+----------+----+---+----+------------+------------+
    |     Variable Name     | Operation| DSP| FF| LUT| Bitwidth P0| Bitwidth P1|
    +-----------------------+----------+----+---+----+------------+------------+
    |add_ln51_fu_13862_p2   |         +|   0|  0|  14|           6|           1|
    |icmp_ln51_fu_13856_p2  |      icmp|   0|  0|  10|           6|           7|
    |or_ln55_fu_13894_p2    |        or|   0|  0|   6|           6|           1|
    |ap_enable_pp0          |       xor|   0|  0|   2|           1|           2|
    +-----------------------+----------+----+---+----+------------+------------+
    |Total                  |          |   0|  0|  32|          19|          11|
    +-----------------------+----------+----+---+----+------------+------------+

    * Multiplexer: 
    +-------------------------+----+-----------+-----+-----------+
    |           Name          | LUT| Input Size| Bits| Total Bits|
    +-------------------------+----+-----------+-----+-----------+
    |ap_done_int              |   9|          2|    1|          2|
    |ap_enable_reg_pp0_iter1  |   9|          2|    1|          2|
    |ap_sig_allocacmp_r_2     |   9|          2|    6|         12|
    |r_fu_2176                |   9|          2|    6|         12|
    +-------------------------+----+-----------+-----+-----------+
    |Total                    |  36|          8|   14|         28|
    +-------------------------+----+-----------+-----+-----------+

    * Register: 
    +---------------------------+-----+----+-----+-----------+
    |            Name           |  FF | LUT| Bits| Const Bits|
    +---------------------------+-----+----+-----+-----------+
    |ap_CS_fsm                  |    1|   0|    1|          0|
    |ap_done_reg                |    1|   0|    1|          0|
    |ap_enable_reg_pp0_iter1    |    1|   0|    1|          0|
    |local_regs_V_2017_fu_2184  |   32|   0|   32|          0|
    |local_regs_V_2018_fu_2188  |   32|   0|   32|          0|
    |local_regs_V_2019_fu_2192  |   32|   0|   32|          0|
    |local_regs_V_2020_fu_2196  |   32|   0|   32|          0|
    |local_regs_V_2021_fu_2200  |   32|   0|   32|          0|
    |local_regs_V_2022_fu_2204  |   32|   0|   32|          0|
    |local_regs_V_2023_fu_2208  |   32|   0|   32|          0|
    |local_regs_V_2024_fu_2212  |   32|   0|   32|          0|
    |local_regs_V_2025_fu_2216  |   32|   0|   32|          0|
    |local_regs_V_2026_fu_2220  |   32|   0|   32|          0|
    |local_regs_V_2027_fu_2224  |   32|   0|   32|          0|
    |local_regs_V_2028_fu_2228  |   32|   0|   32|          0|
    |local_regs_V_2029_fu_2232  |   32|   0|   32|          0|
    |local_regs_V_2030_fu_2236  |   32|   0|   32|          0|
    |local_regs_V_2031_fu_2240  |   32|   0|   32|          0|
    |local_regs_V_2032_fu_2244  |   32|   0|   32|          0|
    |local_regs_V_2033_fu_2248  |   32|   0|   32|          0|
    |local_regs_V_2034_fu_2252  |   32|   0|   32|          0|
    |local_regs_V_2035_fu_2256  |   32|   0|   32|          0|
    |local_regs_V_2036_fu_2260  |   32|   0|   32|          0|
    |local_regs_V_2037_fu_2264  |   32|   0|   32|          0|
    |local_regs_V_2038_fu_2268  |   32|   0|   32|          0|
    |local_regs_V_2039_fu_2272  |   32|   0|   32|          0|
    |local_regs_V_2040_fu_2276  |   32|   0|   32|          0|
    |local_regs_V_2041_fu_2280  |   32|   0|   32|          0|
    |local_regs_V_2042_fu_2284  |   32|   0|   32|          0|
    |local_regs_V_2043_fu_2288  |   32|   0|   32|          0|
    |local_regs_V_2044_fu_2292  |   32|   0|   32|          0|
    |local_regs_V_2045_fu_2296  |   32|   0|   32|          0|
    |local_regs_V_2046_fu_2300  |   32|   0|   32|          0|
    |local_regs_V_2047_fu_2304  |   32|   0|   32|          0|
    |local_regs_V_2048_fu_2308  |   32|   0|   32|          0|
    |local_regs_V_2049_fu_2312  |   32|   0|   32|          0|
    |local_regs_V_2050_fu_2316  |   32|   0|   32|          0|
    |local_regs_V_2051_fu_2320  |   32|   0|   32|          0|
    |local_regs_V_2052_fu_2324  |   32|   0|   32|          0|
    |local_regs_V_2053_fu_2328  |   32|   0|   32|          0|
    |local_regs_V_2054_fu_2332  |   32|   0|   32|          0|
    |local_regs_V_2055_fu_2336  |   32|   0|   32|          0|
    |local_regs_V_2056_fu_2340  |   32|   0|   32|          0|
    |local_regs_V_2057_fu_2344  |   32|   0|   32|          0|
    |local_regs_V_2058_fu_2348  |   32|   0|   32|          0|
    |local_regs_V_2059_fu_2352  |   32|   0|   32|          0|
    |local_regs_V_2060_fu_2356  |   32|   0|   32|          0|
    |local_regs_V_2061_fu_2360  |   32|   0|   32|          0|
    |local_regs_V_2062_fu_2364  |   32|   0|   32|          0|
    |local_regs_V_2063_fu_2368  |   32|   0|   32|          0|
    |local_regs_V_2064_fu_2372  |   32|   0|   32|          0|
    |local_regs_V_2065_fu_2376  |   32|   0|   32|          0|
    |local_regs_V_2066_fu_2380  |   32|   0|   32|          0|
    |local_regs_V_2067_fu_2384  |   32|   0|   32|          0|
    |local_regs_V_2068_fu_2388  |   32|   0|   32|          0|
    |local_regs_V_2069_fu_2392  |   32|   0|   32|          0|
    |local_regs_V_2070_fu_2396  |   32|   0|   32|          0|
    |local_regs_V_2071_fu_2400  |   32|   0|   32|          0|
    |local_regs_V_2072_fu_2404  |   32|   0|   32|          0|
    |local_regs_V_2073_fu_2408  |   32|   0|   32|          0|
    |local_regs_V_2074_fu_2412  |   32|   0|   32|          0|
    |local_regs_V_2075_fu_2416  |   32|   0|   32|          0|
    |local_regs_V_2076_fu_2420  |   32|   0|   32|          0|
    |local_regs_V_2077_fu_2424  |   32|   0|   32|          0|
    |local_regs_V_2078_fu_2428  |   32|   0|   32|          0|
    |local_regs_V_2079_fu_2432  |   32|   0|   32|          0|
    |local_regs_V_2080_fu_2436  |   32|   0|   32|          0|
    |local_regs_V_2081_fu_2440  |   32|   0|   32|          0|
    |local_regs_V_2082_fu_2444  |   32|   0|   32|          0|
    |local_regs_V_2083_fu_2448  |   32|   0|   32|          0|
    |local_regs_V_2084_fu_2452  |   32|   0|   32|          0|
    |local_regs_V_2085_fu_2456  |   32|   0|   32|          0|
    |local_regs_V_2086_fu_2460  |   32|   0|   32|          0|
    |local_regs_V_2087_fu_2464  |   32|   0|   32|          0|
    |local_regs_V_2088_fu_2468  |   32|   0|   32|          0|
    |local_regs_V_2089_fu_2472  |   32|   0|   32|          0|
    |local_regs_V_2090_fu_2476  |   32|   0|   32|          0|
    |local_regs_V_2091_fu_2480  |   32|   0|   32|          0|
    |local_regs_V_2092_fu_2484  |   32|   0|   32|          0|
    |local_regs_V_2093_fu_2488  |   32|   0|   32|          0|
    |local_regs_V_2094_fu_2492  |   32|   0|   32|          0|
    |local_regs_V_2095_fu_2496  |   32|   0|   32|          0|
    |local_regs_V_2096_fu_2500  |   32|   0|   32|          0|
    |local_regs_V_2097_fu_2504  |   32|   0|   32|          0|
    |local_regs_V_2098_fu_2508  |   32|   0|   32|          0|
    |local_regs_V_2099_fu_2512  |   32|   0|   32|          0|
    |local_regs_V_2100_fu_2516  |   32|   0|   32|          0|
    |local_regs_V_2101_fu_2520  |   32|   0|   32|          0|
    |local_regs_V_2102_fu_2524  |   32|   0|   32|          0|
    |local_regs_V_2103_fu_2528  |   32|   0|   32|          0|
    |local_regs_V_2104_fu_2532  |   32|   0|   32|          0|
    |local_regs_V_2105_fu_2536  |   32|   0|   32|          0|
    |local_regs_V_2106_fu_2540  |   32|   0|   32|          0|
    |local_regs_V_2107_fu_2544  |   32|   0|   32|          0|
    |local_regs_V_2108_fu_2548  |   32|   0|   32|          0|
    |local_regs_V_2109_fu_2552  |   32|   0|   32|          0|
    |local_regs_V_2110_fu_2556  |   32|   0|   32|          0|
    |local_regs_V_2111_fu_2560  |   32|   0|   32|          0|
    |local_regs_V_2112_fu_2564  |   32|   0|   32|          0|
    |local_regs_V_2113_fu_2568  |   32|   0|   32|          0|
    |local_regs_V_2114_fu_2572  |   32|   0|   32|          0|
    |local_regs_V_2115_fu_2576  |   32|   0|   32|          0|
    |local_regs_V_2116_fu_2580  |   32|   0|   32|          0|
    |local_regs_V_2117_fu_2584  |   32|   0|   32|          0|
    |local_regs_V_2118_fu_2588  |   32|   0|   32|          0|
    |local_regs_V_2119_fu_2592  |   32|   0|   32|          0|
    |local_regs_V_2120_fu_2596  |   32|   0|   32|          0|
    |local_regs_V_2121_fu_2600  |   32|   0|   32|          0|
    |local_regs_V_2122_fu_2604  |   32|   0|   32|          0|
    |local_regs_V_2123_fu_2608  |   32|   0|   32|          0|
    |local_regs_V_2124_fu_2612  |   32|   0|   32|          0|
    |local_regs_V_2125_fu_2616  |   32|   0|   32|          0|
    |local_regs_V_2126_fu_2620  |   32|   0|   32|          0|
    |local_regs_V_2127_fu_2624  |   32|   0|   32|          0|
    |local_regs_V_2128_fu_2628  |   32|   0|   32|          0|
    |local_regs_V_2129_fu_2632  |   32|   0|   32|          0|
    |local_regs_V_2130_fu_2636  |   32|   0|   32|          0|
    |local_regs_V_2131_fu_2640  |   32|   0|   32|          0|
    |local_regs_V_2132_fu_2644  |   32|   0|   32|          0|
    |local_regs_V_2133_fu_2648  |   32|   0|   32|          0|
    |local_regs_V_2134_fu_2652  |   32|   0|   32|          0|
    |local_regs_V_2135_fu_2656  |   32|   0|   32|          0|
    |local_regs_V_2136_fu_2660  |   32|   0|   32|          0|
    |local_regs_V_2137_fu_2664  |   32|   0|   32|          0|
    |local_regs_V_2138_fu_2668  |   32|   0|   32|          0|
    |local_regs_V_2139_fu_2672  |   32|   0|   32|          0|
    |local_regs_V_2140_fu_2676  |   32|   0|   32|          0|
    |local_regs_V_2141_fu_2680  |   32|   0|   32|          0|
    |local_regs_V_2142_fu_2684  |   32|   0|   32|          0|
    |local_regs_V_2143_fu_2688  |   32|   0|   32|          0|
    |local_regs_V_2144_fu_2692  |   32|   0|   32|          0|
    |local_regs_V_2145_fu_2696  |   32|   0|   32|          0|
    |local_regs_V_2146_fu_2700  |   32|   0|   32|          0|
    |local_regs_V_2147_fu_2704  |   32|   0|   32|          0|
    |local_regs_V_2148_fu_2708  |   32|   0|   32|          0|
    |local_regs_V_2149_fu_2712  |   32|   0|   32|          0|
    |local_regs_V_2150_fu_2716  |   32|   0|   32|          0|
    |local_regs_V_2151_fu_2720  |   32|   0|   32|          0|
    |local_regs_V_2152_fu_2724  |   32|   0|   32|          0|
    |local_regs_V_2153_fu_2728  |   32|   0|   32|          0|
    |local_regs_V_2154_fu_2732  |   32|   0|   32|          0|
    |local_regs_V_2155_fu_2736  |   32|   0|   32|          0|
    |local_regs_V_2156_fu_2740  |   32|   0|   32|          0|
    |local_regs_V_2157_fu_2744  |   32|   0|   32|          0|
    |local_regs_V_2158_fu_2748  |   32|   0|   32|          0|
    |local_regs_V_2159_fu_2752  |   32|   0|   32|          0|
    |local_regs_V_2160_fu_2756  |   32|   0|   32|          0|
    |local_regs_V_2161_fu_2760  |   32|   0|   32|          0|
    |local_regs_V_2162_fu_2764  |   32|   0|   32|          0|
    |local_regs_V_2163_fu_2768  |   32|   0|   32|          0|
    |local_regs_V_2164_fu_2772  |   32|   0|   32|          0|
    |local_regs_V_2165_fu_2776  |   32|   0|   32|          0|
    |local_regs_V_2166_fu_2780  |   32|   0|   32|          0|
    |local_regs_V_2167_fu_2784  |   32|   0|   32|          0|
    |local_regs_V_2168_fu_2788  |   32|   0|   32|          0|
    |local_regs_V_2169_fu_2792  |   32|   0|   32|          0|
    |local_regs_V_2170_fu_2796  |   32|   0|   32|          0|
    |local_regs_V_2171_fu_2800  |   32|   0|   32|          0|
    |local_regs_V_2172_fu_2804  |   32|   0|   32|          0|
    |local_regs_V_2173_fu_2808  |   32|   0|   32|          0|
    |local_regs_V_2174_fu_2812  |   32|   0|   32|          0|
    |local_regs_V_2175_fu_2816  |   32|   0|   32|          0|
    |local_regs_V_2176_fu_2820  |   32|   0|   32|          0|
    |local_regs_V_2177_fu_2824  |   32|   0|   32|          0|
    |local_regs_V_2178_fu_2828  |   32|   0|   32|          0|
    |local_regs_V_2179_fu_2832  |   32|   0|   32|          0|
    |local_regs_V_2180_fu_2836  |   32|   0|   32|          0|
    |local_regs_V_2181_fu_2840  |   32|   0|   32|          0|
    |local_regs_V_2182_fu_2844  |   32|   0|   32|          0|
    |local_regs_V_2183_fu_2848  |   32|   0|   32|          0|
    |local_regs_V_2184_fu_2852  |   32|   0|   32|          0|
    |local_regs_V_2185_fu_2856  |   32|   0|   32|          0|
    |local_regs_V_2186_fu_2860  |   32|   0|   32|          0|
    |local_regs_V_2187_fu_2864  |   32|   0|   32|          0|
    |local_regs_V_2188_fu_2868  |   32|   0|   32|          0|
    |local_regs_V_2189_fu_2872  |   32|   0|   32|          0|
    |local_regs_V_2190_fu_2876  |   32|   0|   32|          0|
    |local_regs_V_2191_fu_2880  |   32|   0|   32|          0|
    |local_regs_V_2192_fu_2884  |   32|   0|   32|          0|
    |local_regs_V_2193_fu_2888  |   32|   0|   32|          0|
    |local_regs_V_2194_fu_2892  |   32|   0|   32|          0|
    |local_regs_V_2195_fu_2896  |   32|   0|   32|          0|
    |local_regs_V_2196_fu_2900  |   32|   0|   32|          0|
    |local_regs_V_2197_fu_2904  |   32|   0|   32|          0|
    |local_regs_V_2198_fu_2908  |   32|   0|   32|          0|
    |local_regs_V_2199_fu_2912  |   32|   0|   32|          0|
    |local_regs_V_2200_fu_2916  |   32|   0|   32|          0|
    |local_regs_V_2201_fu_2920  |   32|   0|   32|          0|
    |local_regs_V_2202_fu_2924  |   32|   0|   32|          0|
    |local_regs_V_2203_fu_2928  |   32|   0|   32|          0|
    |local_regs_V_2204_fu_2932  |   32|   0|   32|          0|
    |local_regs_V_2205_fu_2936  |   32|   0|   32|          0|
    |local_regs_V_2206_fu_2940  |   32|   0|   32|          0|
    |local_regs_V_2207_fu_2944  |   32|   0|   32|          0|
    |local_regs_V_2208_fu_2948  |   32|   0|   32|          0|
    |local_regs_V_2209_fu_2952  |   32|   0|   32|          0|
    |local_regs_V_2210_fu_2956  |   32|   0|   32|          0|
    |local_regs_V_2211_fu_2960  |   32|   0|   32|          0|
    |local_regs_V_2212_fu_2964  |   32|   0|   32|          0|
    |local_regs_V_2213_fu_2968  |   32|   0|   32|          0|
    |local_regs_V_2214_fu_2972  |   32|   0|   32|          0|
    |local_regs_V_2215_fu_2976  |   32|   0|   32|          0|
    |local_regs_V_2216_fu_2980  |   32|   0|   32|          0|
    |local_regs_V_2217_fu_2984  |   32|   0|   32|          0|
    |local_regs_V_2218_fu_2988  |   32|   0|   32|          0|
    |local_regs_V_2219_fu_2992  |   32|   0|   32|          0|
    |local_regs_V_2220_fu_2996  |   32|   0|   32|          0|
    |local_regs_V_2221_fu_3000  |   32|   0|   32|          0|
    |local_regs_V_2222_fu_3004  |   32|   0|   32|          0|
    |local_regs_V_2223_fu_3008  |   32|   0|   32|          0|
    |local_regs_V_2224_fu_3012  |   32|   0|   32|          0|
    |local_regs_V_2225_fu_3016  |   32|   0|   32|          0|
    |local_regs_V_2226_fu_3020  |   32|   0|   32|          0|
    |local_regs_V_2227_fu_3024  |   32|   0|   32|          0|
    |local_regs_V_2228_fu_3028  |   32|   0|   32|          0|
    |local_regs_V_2229_fu_3032  |   32|   0|   32|          0|
    |local_regs_V_2230_fu_3036  |   32|   0|   32|          0|
    |local_regs_V_2231_fu_3040  |   32|   0|   32|          0|
    |local_regs_V_2232_fu_3044  |   32|   0|   32|          0|
    |local_regs_V_2233_fu_3048  |   32|   0|   32|          0|
    |local_regs_V_2234_fu_3052  |   32|   0|   32|          0|
    |local_regs_V_2235_fu_3056  |   32|   0|   32|          0|
    |local_regs_V_2236_fu_3060  |   32|   0|   32|          0|
    |local_regs_V_2237_fu_3064  |   32|   0|   32|          0|
    |local_regs_V_2238_fu_3068  |   32|   0|   32|          0|
    |local_regs_V_2239_fu_3072  |   32|   0|   32|          0|
    |local_regs_V_2240_fu_3076  |   32|   0|   32|          0|
    |local_regs_V_2241_fu_3080  |   32|   0|   32|          0|
    |local_regs_V_2242_fu_3084  |   32|   0|   32|          0|
    |local_regs_V_2243_fu_3088  |   32|   0|   32|          0|
    |local_regs_V_2244_fu_3092  |   32|   0|   32|          0|
    |local_regs_V_2245_fu_3096  |   32|   0|   32|          0|
    |local_regs_V_2246_fu_3100  |   32|   0|   32|          0|
    |local_regs_V_2247_fu_3104  |   32|   0|   32|          0|
    |local_regs_V_2248_fu_3108  |   32|   0|   32|          0|
    |local_regs_V_2249_fu_3112  |   32|   0|   32|          0|
    |local_regs_V_2250_fu_3116  |   32|   0|   32|          0|
    |local_regs_V_2251_fu_3120  |   32|   0|   32|          0|
    |local_regs_V_2252_fu_3124  |   32|   0|   32|          0|
    |local_regs_V_2253_fu_3128  |   32|   0|   32|          0|
    |local_regs_V_2254_fu_3132  |   32|   0|   32|          0|
    |local_regs_V_2255_fu_3136  |   32|   0|   32|          0|
    |local_regs_V_2256_fu_3140  |   32|   0|   32|          0|
    |local_regs_V_2257_fu_3144  |   32|   0|   32|          0|
    |local_regs_V_2258_fu_3148  |   32|   0|   32|          0|
    |local_regs_V_2259_fu_3152  |   32|   0|   32|          0|
    |local_regs_V_2260_fu_3156  |   32|   0|   32|          0|
    |local_regs_V_2261_fu_3160  |   32|   0|   32|          0|
    |local_regs_V_2262_fu_3164  |   32|   0|   32|          0|
    |local_regs_V_2263_fu_3168  |   32|   0|   32|          0|
    |local_regs_V_2264_fu_3172  |   32|   0|   32|          0|
    |local_regs_V_2265_fu_3176  |   32|   0|   32|          0|
    |local_regs_V_2266_fu_3180  |   32|   0|   32|          0|
    |local_regs_V_2267_fu_3184  |   32|   0|   32|          0|
    |local_regs_V_2268_fu_3188  |   32|   0|   32|          0|
    |local_regs_V_2269_fu_3192  |   32|   0|   32|          0|
    |local_regs_V_2270_fu_3196  |   32|   0|   32|          0|
    |local_regs_V_2271_fu_3200  |   32|   0|   32|          0|
    |local_regs_V_2272_fu_3204  |   32|   0|   32|          0|
    |local_regs_V_2273_fu_3208  |   32|   0|   32|          0|
    |local_regs_V_2274_fu_3212  |   32|   0|   32|          0|
    |local_regs_V_2275_fu_3216  |   32|   0|   32|          0|
    |local_regs_V_2276_fu_3220  |   32|   0|   32|          0|
    |local_regs_V_2277_fu_3224  |   32|   0|   32|          0|
    |local_regs_V_2278_fu_3228  |   32|   0|   32|          0|
    |local_regs_V_2279_fu_3232  |   32|   0|   32|          0|
    |local_regs_V_2280_fu_3236  |   32|   0|   32|          0|
    |local_regs_V_2281_fu_3240  |   32|   0|   32|          0|
    |local_regs_V_2282_fu_3244  |   32|   0|   32|          0|
    |local_regs_V_2283_fu_3248  |   32|   0|   32|          0|
    |local_regs_V_2284_fu_3252  |   32|   0|   32|          0|
    |local_regs_V_2285_fu_3256  |   32|   0|   32|          0|
    |local_regs_V_2286_fu_3260  |   32|   0|   32|          0|
    |local_regs_V_2287_fu_3264  |   32|   0|   32|          0|
    |local_regs_V_2288_fu_3268  |   32|   0|   32|          0|
    |local_regs_V_2289_fu_3272  |   32|   0|   32|          0|
    |local_regs_V_2290_fu_3276  |   32|   0|   32|          0|
    |local_regs_V_2291_fu_3280  |   32|   0|   32|          0|
    |local_regs_V_2292_fu_3284  |   32|   0|   32|          0|
    |local_regs_V_2293_fu_3288  |   32|   0|   32|          0|
    |local_regs_V_2294_fu_3292  |   32|   0|   32|          0|
    |local_regs_V_2295_fu_3296  |   32|   0|   32|          0|
    |local_regs_V_2296_fu_3300  |   32|   0|   32|          0|
    |local_regs_V_2297_fu_3304  |   32|   0|   32|          0|
    |local_regs_V_2298_fu_3308  |   32|   0|   32|          0|
    |local_regs_V_2299_fu_3312  |   32|   0|   32|          0|
    |local_regs_V_2300_fu_3316  |   32|   0|   32|          0|
    |local_regs_V_2301_fu_3320  |   32|   0|   32|          0|
    |local_regs_V_2302_fu_3324  |   32|   0|   32|          0|
    |local_regs_V_2303_fu_3328  |   32|   0|   32|          0|
    |local_regs_V_2304_fu_3332  |   32|   0|   32|          0|
    |local_regs_V_2305_fu_3336  |   32|   0|   32|          0|
    |local_regs_V_2306_fu_3340  |   32|   0|   32|          0|
    |local_regs_V_2307_fu_3344  |   32|   0|   32|          0|
    |local_regs_V_2308_fu_3348  |   32|   0|   32|          0|
    |local_regs_V_2309_fu_3352  |   32|   0|   32|          0|
    |local_regs_V_2310_fu_3356  |   32|   0|   32|          0|
    |local_regs_V_2311_fu_3360  |   32|   0|   32|          0|
    |local_regs_V_2312_fu_3364  |   32|   0|   32|          0|
    |local_regs_V_2313_fu_3368  |   32|   0|   32|          0|
    |local_regs_V_2314_fu_3372  |   32|   0|   32|          0|
    |local_regs_V_2315_fu_3376  |   32|   0|   32|          0|
    |local_regs_V_2316_fu_3380  |   32|   0|   32|          0|
    |local_regs_V_2317_fu_3384  |   32|   0|   32|          0|
    |local_regs_V_2318_fu_3388  |   32|   0|   32|          0|
    |local_regs_V_2319_fu_3392  |   32|   0|   32|          0|
    |local_regs_V_2320_fu_3396  |   32|   0|   32|          0|
    |local_regs_V_2321_fu_3400  |   32|   0|   32|          0|
    |local_regs_V_2322_fu_3404  |   32|   0|   32|          0|
    |local_regs_V_2323_fu_3408  |   32|   0|   32|          0|
    |local_regs_V_2324_fu_3412  |   32|   0|   32|          0|
    |local_regs_V_2325_fu_3416  |   32|   0|   32|          0|
    |local_regs_V_2326_fu_3420  |   32|   0|   32|          0|
    |local_regs_V_2327_fu_3424  |   32|   0|   32|          0|
    |local_regs_V_2328_fu_3428  |   32|   0|   32|          0|
    |local_regs_V_2329_fu_3432  |   32|   0|   32|          0|
    |local_regs_V_2330_fu_3436  |   32|   0|   32|          0|
    |local_regs_V_2331_fu_3440  |   32|   0|   32|          0|
    |local_regs_V_2332_fu_3444  |   32|   0|   32|          0|
    |local_regs_V_2333_fu_3448  |   32|   0|   32|          0|
    |local_regs_V_2334_fu_3452  |   32|   0|   32|          0|
    |local_regs_V_2335_fu_3456  |   32|   0|   32|          0|
    |local_regs_V_2336_fu_3460  |   32|   0|   32|          0|
    |local_regs_V_2337_fu_3464  |   32|   0|   32|          0|
    |local_regs_V_2338_fu_3468  |   32|   0|   32|          0|
    |local_regs_V_2339_fu_3472  |   32|   0|   32|          0|
    |local_regs_V_2340_fu_3476  |   32|   0|   32|          0|
    |local_regs_V_2341_fu_3480  |   32|   0|   32|          0|
    |local_regs_V_2342_fu_3484  |   32|   0|   32|          0|
    |local_regs_V_2343_fu_3488  |   32|   0|   32|          0|
    |local_regs_V_2344_fu_3492  |   32|   0|   32|          0|
    |local_regs_V_2345_fu_3496  |   32|   0|   32|          0|
    |local_regs_V_2346_fu_3500  |   32|   0|   32|          0|
    |local_regs_V_2347_fu_3504  |   32|   0|   32|          0|
    |local_regs_V_2348_fu_3508  |   32|   0|   32|          0|
    |local_regs_V_2349_fu_3512  |   32|   0|   32|          0|
    |local_regs_V_2350_fu_3516  |   32|   0|   32|          0|
    |local_regs_V_2351_fu_3520  |   32|   0|   32|          0|
    |local_regs_V_2352_fu_3524  |   32|   0|   32|          0|
    |local_regs_V_2353_fu_3528  |   32|   0|   32|          0|
    |local_regs_V_2354_fu_3532  |   32|   0|   32|          0|
    |local_regs_V_2355_fu_3536  |   32|   0|   32|          0|
    |local_regs_V_2356_fu_3540  |   32|   0|   32|          0|
    |local_regs_V_2357_fu_3544  |   32|   0|   32|          0|
    |local_regs_V_2358_fu_3548  |   32|   0|   32|          0|
    |local_regs_V_2359_fu_3552  |   32|   0|   32|          0|
    |local_regs_V_2360_fu_3556  |   32|   0|   32|          0|
    |local_regs_V_2361_fu_3560  |   32|   0|   32|          0|
    |local_regs_V_2362_fu_3564  |   32|   0|   32|          0|
    |local_regs_V_2363_fu_3568  |   32|   0|   32|          0|
    |local_regs_V_2364_fu_3572  |   32|   0|   32|          0|
    |local_regs_V_2365_fu_3576  |   32|   0|   32|          0|
    |local_regs_V_2366_fu_3580  |   32|   0|   32|          0|
    |local_regs_V_2367_fu_3584  |   32|   0|   32|          0|
    |local_regs_V_2368_fu_3588  |   32|   0|   32|          0|
    |local_regs_V_2369_fu_3592  |   32|   0|   32|          0|
    |local_regs_V_2370_fu_3596  |   32|   0|   32|          0|
    |local_regs_V_2371_fu_3600  |   32|   0|   32|          0|
    |local_regs_V_2372_fu_3604  |   32|   0|   32|          0|
    |local_regs_V_2373_fu_3608  |   32|   0|   32|          0|
    |local_regs_V_2374_fu_3612  |   32|   0|   32|          0|
    |local_regs_V_2375_fu_3616  |   32|   0|   32|          0|
    |local_regs_V_2376_fu_3620  |   32|   0|   32|          0|
    |local_regs_V_2377_fu_3624  |   32|   0|   32|          0|
    |local_regs_V_2378_fu_3628  |   32|   0|   32|          0|
    |local_regs_V_2379_fu_3632  |   32|   0|   32|          0|
    |local_regs_V_2380_fu_3636  |   32|   0|   32|          0|
    |local_regs_V_2381_fu_3640  |   32|   0|   32|          0|
    |local_regs_V_2382_fu_3644  |   32|   0|   32|          0|
    |local_regs_V_2383_fu_3648  |   32|   0|   32|          0|
    |local_regs_V_2384_fu_3652  |   32|   0|   32|          0|
    |local_regs_V_2385_fu_3656  |   32|   0|   32|          0|
    |local_regs_V_2386_fu_3660  |   32|   0|   32|          0|
    |local_regs_V_2387_fu_3664  |   32|   0|   32|          0|
    |local_regs_V_2388_fu_3668  |   32|   0|   32|          0|
    |local_regs_V_2389_fu_3672  |   32|   0|   32|          0|
    |local_regs_V_2390_fu_3676  |   32|   0|   32|          0|
    |local_regs_V_2391_fu_3680  |   32|   0|   32|          0|
    |local_regs_V_2392_fu_3684  |   32|   0|   32|          0|
    |local_regs_V_2393_fu_3688  |   32|   0|   32|          0|
    |local_regs_V_2394_fu_3692  |   32|   0|   32|          0|
    |local_regs_V_2395_fu_3696  |   32|   0|   32|          0|
    |local_regs_V_2396_fu_3700  |   32|   0|   32|          0|
    |local_regs_V_2397_fu_3704  |   32|   0|   32|          0|
    |local_regs_V_2398_fu_3708  |   32|   0|   32|          0|
    |local_regs_V_2399_fu_3712  |   32|   0|   32|          0|
    |local_regs_V_2400_fu_3716  |   32|   0|   32|          0|
    |local_regs_V_2401_fu_3720  |   32|   0|   32|          0|
    |local_regs_V_2402_fu_3724  |   32|   0|   32|          0|
    |local_regs_V_2403_fu_3728  |   32|   0|   32|          0|
    |local_regs_V_2404_fu_3732  |   32|   0|   32|          0|
    |local_regs_V_2405_fu_3736  |   32|   0|   32|          0|
    |local_regs_V_2406_fu_3740  |   32|   0|   32|          0|
    |local_regs_V_2407_fu_3744  |   32|   0|   32|          0|
    |local_regs_V_2408_fu_3748  |   32|   0|   32|          0|
    |local_regs_V_2409_fu_3752  |   32|   0|   32|          0|
    |local_regs_V_2410_fu_3756  |   32|   0|   32|          0|
    |local_regs_V_2411_fu_3760  |   32|   0|   32|          0|
    |local_regs_V_2412_fu_3764  |   32|   0|   32|          0|
    |local_regs_V_2413_fu_3768  |   32|   0|   32|          0|
    |local_regs_V_2414_fu_3772  |   32|   0|   32|          0|
    |local_regs_V_2415_fu_3776  |   32|   0|   32|          0|
    |local_regs_V_2416_fu_3780  |   32|   0|   32|          0|
    |local_regs_V_2417_fu_3784  |   32|   0|   32|          0|
    |local_regs_V_2418_fu_3788  |   32|   0|   32|          0|
    |local_regs_V_2419_fu_3792  |   32|   0|   32|          0|
    |local_regs_V_2420_fu_3796  |   32|   0|   32|          0|
    |local_regs_V_2421_fu_3800  |   32|   0|   32|          0|
    |local_regs_V_2422_fu_3804  |   32|   0|   32|          0|
    |local_regs_V_2423_fu_3808  |   32|   0|   32|          0|
    |local_regs_V_2424_fu_3812  |   32|   0|   32|          0|
    |local_regs_V_2425_fu_3816  |   32|   0|   32|          0|
    |local_regs_V_2426_fu_3820  |   32|   0|   32|          0|
    |local_regs_V_2427_fu_3824  |   32|   0|   32|          0|
    |local_regs_V_2428_fu_3828  |   32|   0|   32|          0|
    |local_regs_V_2429_fu_3832  |   32|   0|   32|          0|
    |local_regs_V_2430_fu_3836  |   32|   0|   32|          0|
    |local_regs_V_2431_fu_3840  |   32|   0|   32|          0|
    |local_regs_V_2432_fu_3844  |   32|   0|   32|          0|
    |local_regs_V_2433_fu_3848  |   32|   0|   32|          0|
    |local_regs_V_2434_fu_3852  |   32|   0|   32|          0|
    |local_regs_V_2435_fu_3856  |   32|   0|   32|          0|
    |local_regs_V_2436_fu_3860  |   32|   0|   32|          0|
    |local_regs_V_2437_fu_3864  |   32|   0|   32|          0|
    |local_regs_V_2438_fu_3868  |   32|   0|   32|          0|
    |local_regs_V_2439_fu_3872  |   32|   0|   32|          0|
    |local_regs_V_2440_fu_3876  |   32|   0|   32|          0|
    |local_regs_V_2441_fu_3880  |   32|   0|   32|          0|
    |local_regs_V_2442_fu_3884  |   32|   0|   32|          0|
    |local_regs_V_2443_fu_3888  |   32|   0|   32|          0|
    |local_regs_V_2444_fu_3892  |   32|   0|   32|          0|
    |local_regs_V_2445_fu_3896  |   32|   0|   32|          0|
    |local_regs_V_2446_fu_3900  |   32|   0|   32|          0|
    |local_regs_V_2447_fu_3904  |   32|   0|   32|          0|
    |local_regs_V_2448_fu_3908  |   32|   0|   32|          0|
    |local_regs_V_2449_fu_3912  |   32|   0|   32|          0|
    |local_regs_V_2450_fu_3916  |   32|   0|   32|          0|
    |local_regs_V_2451_fu_3920  |   32|   0|   32|          0|
    |local_regs_V_2452_fu_3924  |   32|   0|   32|          0|
    |local_regs_V_2453_fu_3928  |   32|   0|   32|          0|
    |local_regs_V_2454_fu_3932  |   32|   0|   32|          0|
    |local_regs_V_2455_fu_3936  |   32|   0|   32|          0|
    |local_regs_V_2456_fu_3940  |   32|   0|   32|          0|
    |local_regs_V_2457_fu_3944  |   32|   0|   32|          0|
    |local_regs_V_2458_fu_3948  |   32|   0|   32|          0|
    |local_regs_V_2459_fu_3952  |   32|   0|   32|          0|
    |local_regs_V_2460_fu_3956  |   32|   0|   32|          0|
    |local_regs_V_2461_fu_3960  |   32|   0|   32|          0|
    |local_regs_V_2462_fu_3964  |   32|   0|   32|          0|
    |local_regs_V_2463_fu_3968  |   32|   0|   32|          0|
    |local_regs_V_2464_fu_3972  |   32|   0|   32|          0|
    |local_regs_V_2465_fu_3976  |   32|   0|   32|          0|
    |local_regs_V_2466_fu_3980  |   32|   0|   32|          0|
    |local_regs_V_2467_fu_3984  |   32|   0|   32|          0|
    |local_regs_V_2468_fu_3988  |   32|   0|   32|          0|
    |local_regs_V_2469_fu_3992  |   32|   0|   32|          0|
    |local_regs_V_2470_fu_3996  |   32|   0|   32|          0|
    |local_regs_V_2471_fu_4000  |   32|   0|   32|          0|
    |local_regs_V_2472_fu_4004  |   32|   0|   32|          0|
    |local_regs_V_2473_fu_4008  |   32|   0|   32|          0|
    |local_regs_V_2474_fu_4012  |   32|   0|   32|          0|
    |local_regs_V_2475_fu_4016  |   32|   0|   32|          0|
    |local_regs_V_2476_fu_4020  |   32|   0|   32|          0|
    |local_regs_V_2477_fu_4024  |   32|   0|   32|          0|
    |local_regs_V_2478_fu_4028  |   32|   0|   32|          0|
    |local_regs_V_2479_fu_4032  |   32|   0|   32|          0|
    |local_regs_V_2480_fu_4036  |   32|   0|   32|          0|
    |local_regs_V_2481_fu_4040  |   32|   0|   32|          0|
    |local_regs_V_2482_fu_4044  |   32|   0|   32|          0|
    |local_regs_V_2483_fu_4048  |   32|   0|   32|          0|
    |local_regs_V_2484_fu_4052  |   32|   0|   32|          0|
    |local_regs_V_2485_fu_4056  |   32|   0|   32|          0|
    |local_regs_V_2486_fu_4060  |   32|   0|   32|          0|
    |local_regs_V_2487_fu_4064  |   32|   0|   32|          0|
    |local_regs_V_2488_fu_4068  |   32|   0|   32|          0|
    |local_regs_V_2489_fu_4072  |   32|   0|   32|          0|
    |local_regs_V_2490_fu_4076  |   32|   0|   32|          0|
    |local_regs_V_2491_fu_4080  |   32|   0|   32|          0|
    |local_regs_V_2492_fu_4084  |   32|   0|   32|          0|
    |local_regs_V_2493_fu_4088  |   32|   0|   32|          0|
    |local_regs_V_2494_fu_4092  |   32|   0|   32|          0|
    |local_regs_V_2495_fu_4096  |   32|   0|   32|          0|
    |local_regs_V_2496_fu_4100  |   32|   0|   32|          0|
    |local_regs_V_2497_fu_4104  |   32|   0|   32|          0|
    |local_regs_V_2498_fu_4108  |   32|   0|   32|          0|
    |local_regs_V_2499_fu_4112  |   32|   0|   32|          0|
    |local_regs_V_2500_fu_4116  |   32|   0|   32|          0|
    |local_regs_V_2501_fu_4120  |   32|   0|   32|          0|
    |local_regs_V_2502_fu_4124  |   32|   0|   32|          0|
    |local_regs_V_2503_fu_4128  |   32|   0|   32|          0|
    |local_regs_V_2504_fu_4132  |   32|   0|   32|          0|
    |local_regs_V_2505_fu_4136  |   32|   0|   32|          0|
    |local_regs_V_2506_fu_4140  |   32|   0|   32|          0|
    |local_regs_V_2507_fu_4144  |   32|   0|   32|          0|
    |local_regs_V_2508_fu_4148  |   32|   0|   32|          0|
    |local_regs_V_2509_fu_4152  |   32|   0|   32|          0|
    |local_regs_V_2510_fu_4156  |   32|   0|   32|          0|
    |local_regs_V_2511_fu_4160  |   32|   0|   32|          0|
    |local_regs_V_2512_fu_4164  |   32|   0|   32|          0|
    |local_regs_V_2513_fu_4168  |   32|   0|   32|          0|
    |local_regs_V_2514_fu_4172  |   32|   0|   32|          0|
    |local_regs_V_2515_fu_4176  |   32|   0|   32|          0|
    |local_regs_V_2516_fu_4180  |   32|   0|   32|          0|
    |local_regs_V_2517_fu_4184  |   32|   0|   32|          0|
    |local_regs_V_2518_fu_4188  |   32|   0|   32|          0|
    |local_regs_V_2519_fu_4192  |   32|   0|   32|          0|
    |local_regs_V_2520_fu_4196  |   32|   0|   32|          0|
    |local_regs_V_2521_fu_4200  |   32|   0|   32|          0|
    |local_regs_V_2522_fu_4204  |   32|   0|   32|          0|
    |local_regs_V_2523_fu_4208  |   32|   0|   32|          0|
    |local_regs_V_2524_fu_4212  |   32|   0|   32|          0|
    |local_regs_V_2525_fu_4216  |   32|   0|   32|          0|
    |local_regs_V_2526_fu_4220  |   32|   0|   32|          0|
    |local_regs_V_2527_fu_4224  |   32|   0|   32|          0|
    |local_regs_V_2528_fu_4228  |   32|   0|   32|          0|
    |local_regs_V_2529_fu_4232  |   32|   0|   32|          0|
    |local_regs_V_2530_fu_4236  |   32|   0|   32|          0|
    |local_regs_V_2531_fu_4240  |   32|   0|   32|          0|
    |local_regs_V_2532_fu_4244  |   32|   0|   32|          0|
    |local_regs_V_2533_fu_4248  |   32|   0|   32|          0|
    |local_regs_V_2534_fu_4252  |   32|   0|   32|          0|
    |local_regs_V_2535_fu_4256  |   32|   0|   32|          0|
    |local_regs_V_2536_fu_4260  |   32|   0|   32|          0|
    |local_regs_V_2537_fu_4264  |   32|   0|   32|          0|
    |local_regs_V_2538_fu_4268  |   32|   0|   32|          0|
    |local_regs_V_2539_fu_4272  |   32|   0|   32|          0|
    |local_regs_V_2540_fu_4276  |   32|   0|   32|          0|
    |local_regs_V_2541_fu_4280  |   32|   0|   32|          0|
    |local_regs_V_2542_fu_4284  |   32|   0|   32|          0|
    |local_regs_V_2543_fu_4288  |   32|   0|   32|          0|
    |local_regs_V_2544_fu_4292  |   32|   0|   32|          0|
    |local_regs_V_2545_fu_4296  |   32|   0|   32|          0|
    |local_regs_V_2546_fu_4300  |   32|   0|   32|          0|
    |local_regs_V_2547_fu_4304  |   32|   0|   32|          0|
    |local_regs_V_2548_fu_4308  |   32|   0|   32|          0|
    |local_regs_V_2549_fu_4312  |   32|   0|   32|          0|
    |local_regs_V_2550_fu_4316  |   32|   0|   32|          0|
    |local_regs_V_2551_fu_4320  |   32|   0|   32|          0|
    |local_regs_V_2552_fu_4324  |   32|   0|   32|          0|
    |local_regs_V_2553_fu_4328  |   32|   0|   32|          0|
    |local_regs_V_2554_fu_4332  |   32|   0|   32|          0|
    |local_regs_V_2555_fu_4336  |   32|   0|   32|          0|
    |local_regs_V_2556_fu_4340  |   32|   0|   32|          0|
    |local_regs_V_2557_fu_4344  |   32|   0|   32|          0|
    |local_regs_V_2558_fu_4348  |   32|   0|   32|          0|
    |local_regs_V_2559_fu_4352  |   32|   0|   32|          0|
    |local_regs_V_2560_fu_4356  |   32|   0|   32|          0|
    |local_regs_V_2561_fu_4360  |   32|   0|   32|          0|
    |local_regs_V_2562_fu_4364  |   32|   0|   32|          0|
    |local_regs_V_2563_fu_4368  |   32|   0|   32|          0|
    |local_regs_V_2564_fu_4372  |   32|   0|   32|          0|
    |local_regs_V_2565_fu_4376  |   32|   0|   32|          0|
    |local_regs_V_2566_fu_4380  |   32|   0|   32|          0|
    |local_regs_V_2567_fu_4384  |   32|   0|   32|          0|
    |local_regs_V_2568_fu_4388  |   32|   0|   32|          0|
    |local_regs_V_2569_fu_4392  |   32|   0|   32|          0|
    |local_regs_V_2570_fu_4396  |   32|   0|   32|          0|
    |local_regs_V_2571_fu_4400  |   32|   0|   32|          0|
    |local_regs_V_2572_fu_4404  |   32|   0|   32|          0|
    |local_regs_V_2573_fu_4408  |   32|   0|   32|          0|
    |local_regs_V_2574_fu_4412  |   32|   0|   32|          0|
    |local_regs_V_2575_fu_4416  |   32|   0|   32|          0|
    |local_regs_V_2576_fu_4420  |   32|   0|   32|          0|
    |local_regs_V_2577_fu_4424  |   32|   0|   32|          0|
    |local_regs_V_2578_fu_4428  |   32|   0|   32|          0|
    |local_regs_V_2579_fu_4432  |   32|   0|   32|          0|
    |local_regs_V_2580_fu_4436  |   32|   0|   32|          0|
    |local_regs_V_2581_fu_4440  |   32|   0|   32|          0|
    |local_regs_V_2582_fu_4444  |   32|   0|   32|          0|
    |local_regs_V_2583_fu_4448  |   32|   0|   32|          0|
    |local_regs_V_2584_fu_4452  |   32|   0|   32|          0|
    |local_regs_V_2585_fu_4456  |   32|   0|   32|          0|
    |local_regs_V_2586_fu_4460  |   32|   0|   32|          0|
    |local_regs_V_2587_fu_4464  |   32|   0|   32|          0|
    |local_regs_V_2588_fu_4468  |   32|   0|   32|          0|
    |local_regs_V_2589_fu_4472  |   32|   0|   32|          0|
    |local_regs_V_2590_fu_4476  |   32|   0|   32|          0|
    |local_regs_V_2591_fu_4480  |   32|   0|   32|          0|
    |local_regs_V_2592_fu_4484  |   32|   0|   32|          0|
    |local_regs_V_2593_fu_4488  |   32|   0|   32|          0|
    |local_regs_V_2594_fu_4492  |   32|   0|   32|          0|
    |local_regs_V_2595_fu_4496  |   32|   0|   32|          0|
    |local_regs_V_2596_fu_4500  |   32|   0|   32|          0|
    |local_regs_V_2597_fu_4504  |   32|   0|   32|          0|
    |local_regs_V_2598_fu_4508  |   32|   0|   32|          0|
    |local_regs_V_2599_fu_4512  |   32|   0|   32|          0|
    |local_regs_V_2600_fu_4516  |   32|   0|   32|          0|
    |local_regs_V_2601_fu_4520  |   32|   0|   32|          0|
    |local_regs_V_2602_fu_4524  |   32|   0|   32|          0|
    |local_regs_V_2603_fu_4528  |   32|   0|   32|          0|
    |local_regs_V_2604_fu_4532  |   32|   0|   32|          0|
    |local_regs_V_2605_fu_4536  |   32|   0|   32|          0|
    |local_regs_V_2606_fu_4540  |   32|   0|   32|          0|
    |local_regs_V_2607_fu_4544  |   32|   0|   32|          0|
    |local_regs_V_2608_fu_4548  |   32|   0|   32|          0|
    |local_regs_V_2609_fu_4552  |   32|   0|   32|          0|
    |local_regs_V_2610_fu_4556  |   32|   0|   32|          0|
    |local_regs_V_2611_fu_4560  |   32|   0|   32|          0|
    |local_regs_V_2612_fu_4564  |   32|   0|   32|          0|
    |local_regs_V_2613_fu_4568  |   32|   0|   32|          0|
    |local_regs_V_2614_fu_4572  |   32|   0|   32|          0|
    |local_regs_V_2615_fu_4576  |   32|   0|   32|          0|
    |local_regs_V_2616_fu_4580  |   32|   0|   32|          0|
    |local_regs_V_2617_fu_4584  |   32|   0|   32|          0|
    |local_regs_V_2618_fu_4588  |   32|   0|   32|          0|
    |local_regs_V_2619_fu_4592  |   32|   0|   32|          0|
    |local_regs_V_2620_fu_4596  |   32|   0|   32|          0|
    |local_regs_V_2621_fu_4600  |   32|   0|   32|          0|
    |local_regs_V_2622_fu_4604  |   32|   0|   32|          0|
    |local_regs_V_2623_fu_4608  |   32|   0|   32|          0|
    |local_regs_V_2624_fu_4612  |   32|   0|   32|          0|
    |local_regs_V_2625_fu_4616  |   32|   0|   32|          0|
    |local_regs_V_2626_fu_4620  |   32|   0|   32|          0|
    |local_regs_V_2627_fu_4624  |   32|   0|   32|          0|
    |local_regs_V_2628_fu_4628  |   32|   0|   32|          0|
    |local_regs_V_2629_fu_4632  |   32|   0|   32|          0|
    |local_regs_V_2630_fu_4636  |   32|   0|   32|          0|
    |local_regs_V_2631_fu_4640  |   32|   0|   32|          0|
    |local_regs_V_2632_fu_4644  |   32|   0|   32|          0|
    |local_regs_V_2633_fu_4648  |   32|   0|   32|          0|
    |local_regs_V_2634_fu_4652  |   32|   0|   32|          0|
    |local_regs_V_2635_fu_4656  |   32|   0|   32|          0|
    |local_regs_V_2636_fu_4660  |   32|   0|   32|          0|
    |local_regs_V_2637_fu_4664  |   32|   0|   32|          0|
    |local_regs_V_2638_fu_4668  |   32|   0|   32|          0|
    |local_regs_V_2639_fu_4672  |   32|   0|   32|          0|
    |local_regs_V_2640_fu_4676  |   32|   0|   32|          0|
    |local_regs_V_2641_fu_4680  |   32|   0|   32|          0|
    |local_regs_V_2642_fu_4684  |   32|   0|   32|          0|
    |local_regs_V_2643_fu_4688  |   32|   0|   32|          0|
    |local_regs_V_2644_fu_4692  |   32|   0|   32|          0|
    |local_regs_V_2645_fu_4696  |   32|   0|   32|          0|
    |local_regs_V_2646_fu_4700  |   32|   0|   32|          0|
    |local_regs_V_2647_fu_4704  |   32|   0|   32|          0|
    |local_regs_V_2648_fu_4708  |   32|   0|   32|          0|
    |local_regs_V_2649_fu_4712  |   32|   0|   32|          0|
    |local_regs_V_2650_fu_4716  |   32|   0|   32|          0|
    |local_regs_V_2651_fu_4720  |   32|   0|   32|          0|
    |local_regs_V_2652_fu_4724  |   32|   0|   32|          0|
    |local_regs_V_2653_fu_4728  |   32|   0|   32|          0|
    |local_regs_V_2654_fu_4732  |   32|   0|   32|          0|
    |local_regs_V_2655_fu_4736  |   32|   0|   32|          0|
    |local_regs_V_2656_fu_4740  |   32|   0|   32|          0|
    |local_regs_V_2657_fu_4744  |   32|   0|   32|          0|
    |local_regs_V_2658_fu_4748  |   32|   0|   32|          0|
    |local_regs_V_2659_fu_4752  |   32|   0|   32|          0|
    |local_regs_V_2660_fu_4756  |   32|   0|   32|          0|
    |local_regs_V_2661_fu_4760  |   32|   0|   32|          0|
    |local_regs_V_2662_fu_4764  |   32|   0|   32|          0|
    |local_regs_V_2663_fu_4768  |   32|   0|   32|          0|
    |local_regs_V_2664_fu_4772  |   32|   0|   32|          0|
    |local_regs_V_2665_fu_4776  |   32|   0|   32|          0|
    |local_regs_V_2666_fu_4780  |   32|   0|   32|          0|
    |local_regs_V_2667_fu_4784  |   32|   0|   32|          0|
    |local_regs_V_2668_fu_4788  |   32|   0|   32|          0|
    |local_regs_V_2669_fu_4792  |   32|   0|   32|          0|
    |local_regs_V_2670_fu_4796  |   32|   0|   32|          0|
    |local_regs_V_2671_fu_4800  |   32|   0|   32|          0|
    |local_regs_V_2672_fu_4804  |   32|   0|   32|          0|
    |local_regs_V_2673_fu_4808  |   32|   0|   32|          0|
    |local_regs_V_2674_fu_4812  |   32|   0|   32|          0|
    |local_regs_V_2675_fu_4816  |   32|   0|   32|          0|
    |local_regs_V_2676_fu_4820  |   32|   0|   32|          0|
    |local_regs_V_2677_fu_4824  |   32|   0|   32|          0|
    |local_regs_V_2678_fu_4828  |   32|   0|   32|          0|
    |local_regs_V_2679_fu_4832  |   32|   0|   32|          0|
    |local_regs_V_2680_fu_4836  |   32|   0|   32|          0|
    |local_regs_V_2681_fu_4840  |   32|   0|   32|          0|
    |local_regs_V_2682_fu_4844  |   32|   0|   32|          0|
    |local_regs_V_2683_fu_4848  |   32|   0|   32|          0|
    |local_regs_V_2684_fu_4852  |   32|   0|   32|          0|
    |local_regs_V_2685_fu_4856  |   32|   0|   32|          0|
    |local_regs_V_2686_fu_4860  |   32|   0|   32|          0|
    |local_regs_V_2687_fu_4864  |   32|   0|   32|          0|
    |local_regs_V_2688_fu_4868  |   32|   0|   32|          0|
    |local_regs_V_2689_fu_4872  |   32|   0|   32|          0|
    |local_regs_V_2690_fu_4876  |   32|   0|   32|          0|
    |local_regs_V_2691_fu_4880  |   32|   0|   32|          0|
    |local_regs_V_2692_fu_4884  |   32|   0|   32|          0|
    |local_regs_V_2693_fu_4888  |   32|   0|   32|          0|
    |local_regs_V_2694_fu_4892  |   32|   0|   32|          0|
    |local_regs_V_2695_fu_4896  |   32|   0|   32|          0|
    |local_regs_V_2696_fu_4900  |   32|   0|   32|          0|
    |local_regs_V_2697_fu_4904  |   32|   0|   32|          0|
    |local_regs_V_2698_fu_4908  |   32|   0|   32|          0|
    |local_regs_V_2699_fu_4912  |   32|   0|   32|          0|
    |local_regs_V_2700_fu_4916  |   32|   0|   32|          0|
    |local_regs_V_2701_fu_4920  |   32|   0|   32|          0|
    |local_regs_V_2702_fu_4924  |   32|   0|   32|          0|
    |local_regs_V_2703_fu_4928  |   32|   0|   32|          0|
    |local_regs_V_2704_fu_4932  |   32|   0|   32|          0|
    |local_regs_V_2705_fu_4936  |   32|   0|   32|          0|
    |local_regs_V_2706_fu_4940  |   32|   0|   32|          0|
    |local_regs_V_2707_fu_4944  |   32|   0|   32|          0|
    |local_regs_V_2708_fu_4948  |   32|   0|   32|          0|
    |local_regs_V_2709_fu_4952  |   32|   0|   32|          0|
    |local_regs_V_2710_fu_4956  |   32|   0|   32|          0|
    |local_regs_V_2711_fu_4960  |   32|   0|   32|          0|
    |local_regs_V_2712_fu_4964  |   32|   0|   32|          0|
    |local_regs_V_2713_fu_4968  |   32|   0|   32|          0|
    |local_regs_V_2714_fu_4972  |   32|   0|   32|          0|
    |local_regs_V_2715_fu_4976  |   32|   0|   32|          0|
    |local_regs_V_2716_fu_4980  |   32|   0|   32|          0|
    |local_regs_V_2717_fu_4984  |   32|   0|   32|          0|
    |local_regs_V_2718_fu_4988  |   32|   0|   32|          0|
    |local_regs_V_2719_fu_4992  |   32|   0|   32|          0|
    |local_regs_V_2720_fu_4996  |   32|   0|   32|          0|
    |local_regs_V_2721_fu_5000  |   32|   0|   32|          0|
    |local_regs_V_2722_fu_5004  |   32|   0|   32|          0|
    |local_regs_V_2723_fu_5008  |   32|   0|   32|          0|
    |local_regs_V_2724_fu_5012  |   32|   0|   32|          0|
    |local_regs_V_2725_fu_5016  |   32|   0|   32|          0|
    |local_regs_V_2726_fu_5020  |   32|   0|   32|          0|
    |local_regs_V_2727_fu_5024  |   32|   0|   32|          0|
    |local_regs_V_2728_fu_5028  |   32|   0|   32|          0|
    |local_regs_V_2729_fu_5032  |   32|   0|   32|          0|
    |local_regs_V_2730_fu_5036  |   32|   0|   32|          0|
    |local_regs_V_2731_fu_5040  |   32|   0|   32|          0|
    |local_regs_V_2732_fu_5044  |   32|   0|   32|          0|
    |local_regs_V_2733_fu_5048  |   32|   0|   32|          0|
    |local_regs_V_2734_fu_5052  |   32|   0|   32|          0|
    |local_regs_V_2735_fu_5056  |   32|   0|   32|          0|
    |local_regs_V_2736_fu_5060  |   32|   0|   32|          0|
    |local_regs_V_2737_fu_5064  |   32|   0|   32|          0|
    |local_regs_V_2738_fu_5068  |   32|   0|   32|          0|
    |local_regs_V_2739_fu_5072  |   32|   0|   32|          0|
    |local_regs_V_2740_fu_5076  |   32|   0|   32|          0|
    |local_regs_V_2741_fu_5080  |   32|   0|   32|          0|
    |local_regs_V_2742_fu_5084  |   32|   0|   32|          0|
    |local_regs_V_2743_fu_5088  |   32|   0|   32|          0|
    |local_regs_V_2744_fu_5092  |   32|   0|   32|          0|
    |local_regs_V_2745_fu_5096  |   32|   0|   32|          0|
    |local_regs_V_2746_fu_5100  |   32|   0|   32|          0|
    |local_regs_V_2747_fu_5104  |   32|   0|   32|          0|
    |local_regs_V_2748_fu_5108  |   32|   0|   32|          0|
    |local_regs_V_2749_fu_5112  |   32|   0|   32|          0|
    |local_regs_V_2750_fu_5116  |   32|   0|   32|          0|
    |local_regs_V_2751_fu_5120  |   32|   0|   32|          0|
    |local_regs_V_2752_fu_5124  |   32|   0|   32|          0|
    |local_regs_V_2753_fu_5128  |   32|   0|   32|          0|
    |local_regs_V_2754_fu_5132  |   32|   0|   32|          0|
    |local_regs_V_2755_fu_5136  |   32|   0|   32|          0|
    |local_regs_V_2756_fu_5140  |   32|   0|   32|          0|
    |local_regs_V_2757_fu_5144  |   32|   0|   32|          0|
    |local_regs_V_2758_fu_5148  |   32|   0|   32|          0|
    |local_regs_V_2759_fu_5152  |   32|   0|   32|          0|
    |local_regs_V_2760_fu_5156  |   32|   0|   32|          0|
    |local_regs_V_2761_fu_5160  |   32|   0|   32|          0|
    |local_regs_V_2762_fu_5164  |   32|   0|   32|          0|
    |local_regs_V_2763_fu_5168  |   32|   0|   32|          0|
    |local_regs_V_2764_fu_5172  |   32|   0|   32|          0|
    |local_regs_V_2765_fu_5176  |   32|   0|   32|          0|
    |local_regs_V_2766_fu_5180  |   32|   0|   32|          0|
    |local_regs_V_2767_fu_5184  |   32|   0|   32|          0|
    |local_regs_V_2768_fu_5188  |   32|   0|   32|          0|
    |local_regs_V_2769_fu_5192  |   32|   0|   32|          0|
    |local_regs_V_2770_fu_5196  |   32|   0|   32|          0|
    |local_regs_V_2771_fu_5200  |   32|   0|   32|          0|
    |local_regs_V_2772_fu_5204  |   32|   0|   32|          0|
    |local_regs_V_2773_fu_5208  |   32|   0|   32|          0|
    |local_regs_V_2774_fu_5212  |   32|   0|   32|          0|
    |local_regs_V_2775_fu_5216  |   32|   0|   32|          0|
    |local_regs_V_2776_fu_5220  |   32|   0|   32|          0|
    |local_regs_V_2777_fu_5224  |   32|   0|   32|          0|
    |local_regs_V_2778_fu_5228  |   32|   0|   32|          0|
    |local_regs_V_2779_fu_5232  |   32|   0|   32|          0|
    |local_regs_V_2780_fu_5236  |   32|   0|   32|          0|
    |local_regs_V_2781_fu_5240  |   32|   0|   32|          0|
    |local_regs_V_2782_fu_5244  |   32|   0|   32|          0|
    |local_regs_V_2783_fu_5248  |   32|   0|   32|          0|
    |local_regs_V_2784_fu_5252  |   32|   0|   32|          0|
    |local_regs_V_2785_fu_5256  |   32|   0|   32|          0|
    |local_regs_V_2786_fu_5260  |   32|   0|   32|          0|
    |local_regs_V_2787_fu_5264  |   32|   0|   32|          0|
    |local_regs_V_2788_fu_5268  |   32|   0|   32|          0|
    |local_regs_V_2789_fu_5272  |   32|   0|   32|          0|
    |local_regs_V_2790_fu_5276  |   32|   0|   32|          0|
    |local_regs_V_2791_fu_5280  |   32|   0|   32|          0|
    |local_regs_V_2792_fu_5284  |   32|   0|   32|          0|
    |local_regs_V_2793_fu_5288  |   32|   0|   32|          0|
    |local_regs_V_2794_fu_5292  |   32|   0|   32|          0|
    |local_regs_V_2795_fu_5296  |   32|   0|   32|          0|
    |local_regs_V_2796_fu_5300  |   32|   0|   32|          0|
    |local_regs_V_2797_fu_5304  |   32|   0|   32|          0|
    |local_regs_V_2798_fu_5308  |   32|   0|   32|          0|
    |local_regs_V_2799_fu_5312  |   32|   0|   32|          0|
    |local_regs_V_2800_fu_5316  |   32|   0|   32|          0|
    |local_regs_V_2801_fu_5320  |   32|   0|   32|          0|
    |local_regs_V_2802_fu_5324  |   32|   0|   32|          0|
    |local_regs_V_2803_fu_5328  |   32|   0|   32|          0|
    |local_regs_V_2804_fu_5332  |   32|   0|   32|          0|
    |local_regs_V_2805_fu_5336  |   32|   0|   32|          0|
    |local_regs_V_2806_fu_5340  |   32|   0|   32|          0|
    |local_regs_V_2807_fu_5344  |   32|   0|   32|          0|
    |local_regs_V_2808_fu_5348  |   32|   0|   32|          0|
    |local_regs_V_2809_fu_5352  |   32|   0|   32|          0|
    |local_regs_V_2810_fu_5356  |   32|   0|   32|          0|
    |local_regs_V_2811_fu_5360  |   32|   0|   32|          0|
    |local_regs_V_2812_fu_5364  |   32|   0|   32|          0|
    |local_regs_V_2813_fu_5368  |   32|   0|   32|          0|
    |local_regs_V_2814_fu_5372  |   32|   0|   32|          0|
    |local_regs_V_2815_fu_5376  |   32|   0|   32|          0|
    |local_regs_V_2816_fu_5380  |   32|   0|   32|          0|
    |local_regs_V_2817_fu_5384  |   32|   0|   32|          0|
    |local_regs_V_2818_fu_5388  |   32|   0|   32|          0|
    |local_regs_V_2819_fu_5392  |   32|   0|   32|          0|
    |local_regs_V_2820_fu_5396  |   32|   0|   32|          0|
    |local_regs_V_2821_fu_5400  |   32|   0|   32|          0|
    |local_regs_V_2822_fu_5404  |   32|   0|   32|          0|
    |local_regs_V_2823_fu_5408  |   32|   0|   32|          0|
    |local_regs_V_2824_fu_5412  |   32|   0|   32|          0|
    |local_regs_V_2825_fu_5416  |   32|   0|   32|          0|
    |local_regs_V_2826_fu_5420  |   32|   0|   32|          0|
    |local_regs_V_2827_fu_5424  |   32|   0|   32|          0|
    |local_regs_V_2828_fu_5428  |   32|   0|   32|          0|
    |local_regs_V_2829_fu_5432  |   32|   0|   32|          0|
    |local_regs_V_2830_fu_5436  |   32|   0|   32|          0|
    |local_regs_V_2831_fu_5440  |   32|   0|   32|          0|
    |local_regs_V_2832_fu_5444  |   32|   0|   32|          0|
    |local_regs_V_2833_fu_5448  |   32|   0|   32|          0|
    |local_regs_V_2834_fu_5452  |   32|   0|   32|          0|
    |local_regs_V_2835_fu_5456  |   32|   0|   32|          0|
    |local_regs_V_2836_fu_5460  |   32|   0|   32|          0|
    |local_regs_V_2837_fu_5464  |   32|   0|   32|          0|
    |local_regs_V_2838_fu_5468  |   32|   0|   32|          0|
    |local_regs_V_2839_fu_5472  |   32|   0|   32|          0|
    |local_regs_V_2840_fu_5476  |   32|   0|   32|          0|
    |local_regs_V_2841_fu_5480  |   32|   0|   32|          0|
    |local_regs_V_2842_fu_5484  |   32|   0|   32|          0|
    |local_regs_V_2843_fu_5488  |   32|   0|   32|          0|
    |local_regs_V_2844_fu_5492  |   32|   0|   32|          0|
    |local_regs_V_2845_fu_5496  |   32|   0|   32|          0|
    |local_regs_V_2846_fu_5500  |   32|   0|   32|          0|
    |local_regs_V_2847_fu_5504  |   32|   0|   32|          0|
    |local_regs_V_2848_fu_5508  |   32|   0|   32|          0|
    |local_regs_V_2849_fu_5512  |   32|   0|   32|          0|
    |local_regs_V_2850_fu_5516  |   32|   0|   32|          0|
    |local_regs_V_2851_fu_5520  |   32|   0|   32|          0|
    |local_regs_V_2852_fu_5524  |   32|   0|   32|          0|
    |local_regs_V_2853_fu_5528  |   32|   0|   32|          0|
    |local_regs_V_2854_fu_5532  |   32|   0|   32|          0|
    |local_regs_V_2855_fu_5536  |   32|   0|   32|          0|
    |local_regs_V_2856_fu_5540  |   32|   0|   32|          0|
    |local_regs_V_2857_fu_5544  |   32|   0|   32|          0|
    |local_regs_V_2858_fu_5548  |   32|   0|   32|          0|
    |local_regs_V_2859_fu_5552  |   32|   0|   32|          0|
    |local_regs_V_2860_fu_5556  |   32|   0|   32|          0|
    |local_regs_V_2861_fu_5560  |   32|   0|   32|          0|
    |local_regs_V_2862_fu_5564  |   32|   0|   32|          0|
    |local_regs_V_2863_fu_5568  |   32|   0|   32|          0|
    |local_regs_V_2864_fu_5572  |   32|   0|   32|          0|
    |local_regs_V_2865_fu_5576  |   32|   0|   32|          0|
    |local_regs_V_2866_fu_5580  |   32|   0|   32|          0|
    |local_regs_V_2867_fu_5584  |   32|   0|   32|          0|
    |local_regs_V_2868_fu_5588  |   32|   0|   32|          0|
    |local_regs_V_2869_fu_5592  |   32|   0|   32|          0|
    |local_regs_V_2870_fu_5596  |   32|   0|   32|          0|
    |local_regs_V_2871_fu_5600  |   32|   0|   32|          0|
    |local_regs_V_2872_fu_5604  |   32|   0|   32|          0|
    |local_regs_V_2873_fu_5608  |   32|   0|   32|          0|
    |local_regs_V_2874_fu_5612  |   32|   0|   32|          0|
    |local_regs_V_2875_fu_5616  |   32|   0|   32|          0|
    |local_regs_V_2876_fu_5620  |   32|   0|   32|          0|
    |local_regs_V_2877_fu_5624  |   32|   0|   32|          0|
    |local_regs_V_2878_fu_5628  |   32|   0|   32|          0|
    |local_regs_V_2879_fu_5632  |   32|   0|   32|          0|
    |local_regs_V_2880_fu_5636  |   32|   0|   32|          0|
    |local_regs_V_2881_fu_5640  |   32|   0|   32|          0|
    |local_regs_V_2882_fu_5644  |   32|   0|   32|          0|
    |local_regs_V_2883_fu_5648  |   32|   0|   32|          0|
    |local_regs_V_2884_fu_5652  |   32|   0|   32|          0|
    |local_regs_V_2885_fu_5656  |   32|   0|   32|          0|
    |local_regs_V_2886_fu_5660  |   32|   0|   32|          0|
    |local_regs_V_2887_fu_5664  |   32|   0|   32|          0|
    |local_regs_V_2888_fu_5668  |   32|   0|   32|          0|
    |local_regs_V_2889_fu_5672  |   32|   0|   32|          0|
    |local_regs_V_2890_fu_5676  |   32|   0|   32|          0|
    |local_regs_V_2891_fu_5680  |   32|   0|   32|          0|
    |local_regs_V_2892_fu_5684  |   32|   0|   32|          0|
    |local_regs_V_2893_fu_5688  |   32|   0|   32|          0|
    |local_regs_V_2894_fu_5692  |   32|   0|   32|          0|
    |local_regs_V_2895_fu_5696  |   32|   0|   32|          0|
    |local_regs_V_2896_fu_5700  |   32|   0|   32|          0|
    |local_regs_V_2897_fu_5704  |   32|   0|   32|          0|
    |local_regs_V_2898_fu_5708  |   32|   0|   32|          0|
    |local_regs_V_2899_fu_5712  |   32|   0|   32|          0|
    |local_regs_V_2900_fu_5716  |   32|   0|   32|          0|
    |local_regs_V_2901_fu_5720  |   32|   0|   32|          0|
    |local_regs_V_2902_fu_5724  |   32|   0|   32|          0|
    |local_regs_V_2903_fu_5728  |   32|   0|   32|          0|
    |local_regs_V_2904_fu_5732  |   32|   0|   32|          0|
    |local_regs_V_2905_fu_5736  |   32|   0|   32|          0|
    |local_regs_V_2906_fu_5740  |   32|   0|   32|          0|
    |local_regs_V_2907_fu_5744  |   32|   0|   32|          0|
    |local_regs_V_2908_fu_5748  |   32|   0|   32|          0|
    |local_regs_V_2909_fu_5752  |   32|   0|   32|          0|
    |local_regs_V_2910_fu_5756  |   32|   0|   32|          0|
    |local_regs_V_2911_fu_5760  |   32|   0|   32|          0|
    |local_regs_V_2912_fu_5764  |   32|   0|   32|          0|
    |local_regs_V_2913_fu_5768  |   32|   0|   32|          0|
    |local_regs_V_2914_fu_5772  |   32|   0|   32|          0|
    |local_regs_V_2915_fu_5776  |   32|   0|   32|          0|
    |local_regs_V_2916_fu_5780  |   32|   0|   32|          0|
    |local_regs_V_2917_fu_5784  |   32|   0|   32|          0|
    |local_regs_V_2918_fu_5788  |   32|   0|   32|          0|
    |local_regs_V_2919_fu_5792  |   32|   0|   32|          0|
    |local_regs_V_2920_fu_5796  |   32|   0|   32|          0|
    |local_regs_V_2921_fu_5800  |   32|   0|   32|          0|
    |local_regs_V_2922_fu_5804  |   32|   0|   32|          0|
    |local_regs_V_2923_fu_5808  |   32|   0|   32|          0|
    |local_regs_V_2924_fu_5812  |   32|   0|   32|          0|
    |local_regs_V_2925_fu_5816  |   32|   0|   32|          0|
    |local_regs_V_2926_fu_5820  |   32|   0|   32|          0|
    |local_regs_V_2927_fu_5824  |   32|   0|   32|          0|
    |local_regs_V_2928_fu_5828  |   32|   0|   32|          0|
    |local_regs_V_2929_fu_5832  |   32|   0|   32|          0|
    |local_regs_V_2930_fu_5836  |   32|   0|   32|          0|
    |local_regs_V_2931_fu_5840  |   32|   0|   32|          0|
    |local_regs_V_2932_fu_5844  |   32|   0|   32|          0|
    |local_regs_V_2933_fu_5848  |   32|   0|   32|          0|
    |local_regs_V_2934_fu_5852  |   32|   0|   32|          0|
    |local_regs_V_2935_fu_5856  |   32|   0|   32|          0|
    |local_regs_V_2936_fu_5860  |   32|   0|   32|          0|
    |local_regs_V_2937_fu_5864  |   32|   0|   32|          0|
    |local_regs_V_2938_fu_5868  |   32|   0|   32|          0|
    |local_regs_V_2939_fu_5872  |   32|   0|   32|          0|
    |local_regs_V_2940_fu_5876  |   32|   0|   32|          0|
    |local_regs_V_2941_fu_5880  |   32|   0|   32|          0|
    |local_regs_V_2942_fu_5884  |   32|   0|   32|          0|
    |local_regs_V_2943_fu_5888  |   32|   0|   32|          0|
    |local_regs_V_2944_fu_5892  |   32|   0|   32|          0|
    |local_regs_V_2945_fu_5896  |   32|   0|   32|          0|
    |local_regs_V_2946_fu_5900  |   32|   0|   32|          0|
    |local_regs_V_2947_fu_5904  |   32|   0|   32|          0|
    |local_regs_V_2948_fu_5908  |   32|   0|   32|          0|
    |local_regs_V_2949_fu_5912  |   32|   0|   32|          0|
    |local_regs_V_2950_fu_5916  |   32|   0|   32|          0|
    |local_regs_V_2951_fu_5920  |   32|   0|   32|          0|
    |local_regs_V_2952_fu_5924  |   32|   0|   32|          0|
    |local_regs_V_2953_fu_5928  |   32|   0|   32|          0|
    |local_regs_V_2954_fu_5932  |   32|   0|   32|          0|
    |local_regs_V_2955_fu_5936  |   32|   0|   32|          0|
    |local_regs_V_2956_fu_5940  |   32|   0|   32|          0|
    |local_regs_V_2957_fu_5944  |   32|   0|   32|          0|
    |local_regs_V_2958_fu_5948  |   32|   0|   32|          0|
    |local_regs_V_2959_fu_5952  |   32|   0|   32|          0|
    |local_regs_V_2960_fu_5956  |   32|   0|   32|          0|
    |local_regs_V_2961_fu_5960  |   32|   0|   32|          0|
    |local_regs_V_2962_fu_5964  |   32|   0|   32|          0|
    |local_regs_V_2963_fu_5968  |   32|   0|   32|          0|
    |local_regs_V_2964_fu_5972  |   32|   0|   32|          0|
    |local_regs_V_2965_fu_5976  |   32|   0|   32|          0|
    |local_regs_V_2966_fu_5980  |   32|   0|   32|          0|
    |local_regs_V_2967_fu_5984  |   32|   0|   32|          0|
    |local_regs_V_2968_fu_5988  |   32|   0|   32|          0|
    |local_regs_V_2969_fu_5992  |   32|   0|   32|          0|
    |local_regs_V_2970_fu_5996  |   32|   0|   32|          0|
    |local_regs_V_2971_fu_6000  |   32|   0|   32|          0|
    |local_regs_V_2972_fu_6004  |   32|   0|   32|          0|
    |local_regs_V_2973_fu_6008  |   32|   0|   32|          0|
    |local_regs_V_2974_fu_6012  |   32|   0|   32|          0|
    |local_regs_V_2975_fu_6016  |   32|   0|   32|          0|
    |local_regs_V_2976_fu_6020  |   32|   0|   32|          0|
    |local_regs_V_2977_fu_6024  |   32|   0|   32|          0|
    |local_regs_V_2978_fu_6028  |   32|   0|   32|          0|
    |local_regs_V_2979_fu_6032  |   32|   0|   32|          0|
    |local_regs_V_2980_fu_6036  |   32|   0|   32|          0|
    |local_regs_V_2981_fu_6040  |   32|   0|   32|          0|
    |local_regs_V_2982_fu_6044  |   32|   0|   32|          0|
    |local_regs_V_2983_fu_6048  |   32|   0|   32|          0|
    |local_regs_V_2984_fu_6052  |   32|   0|   32|          0|
    |local_regs_V_2985_fu_6056  |   32|   0|   32|          0|
    |local_regs_V_2986_fu_6060  |   32|   0|   32|          0|
    |local_regs_V_2987_fu_6064  |   32|   0|   32|          0|
    |local_regs_V_2988_fu_6068  |   32|   0|   32|          0|
    |local_regs_V_2989_fu_6072  |   32|   0|   32|          0|
    |local_regs_V_2990_fu_6076  |   32|   0|   32|          0|
    |local_regs_V_2991_fu_6080  |   32|   0|   32|          0|
    |local_regs_V_2992_fu_6084  |   32|   0|   32|          0|
    |local_regs_V_2993_fu_6088  |   32|   0|   32|          0|
    |local_regs_V_2994_fu_6092  |   32|   0|   32|          0|
    |local_regs_V_2995_fu_6096  |   32|   0|   32|          0|
    |local_regs_V_2996_fu_6100  |   32|   0|   32|          0|
    |local_regs_V_2997_fu_6104  |   32|   0|   32|          0|
    |local_regs_V_2998_fu_6108  |   32|   0|   32|          0|
    |local_regs_V_2999_fu_6112  |   32|   0|   32|          0|
    |local_regs_V_3000_fu_6116  |   32|   0|   32|          0|
    |local_regs_V_3001_fu_6120  |   32|   0|   32|          0|
    |local_regs_V_3002_fu_6124  |   32|   0|   32|          0|
    |local_regs_V_3003_fu_6128  |   32|   0|   32|          0|
    |local_regs_V_3004_fu_6132  |   32|   0|   32|          0|
    |local_regs_V_3005_fu_6136  |   32|   0|   32|          0|
    |local_regs_V_3006_fu_6140  |   32|   0|   32|          0|
    |local_regs_V_3007_fu_6144  |   32|   0|   32|          0|
    |local_regs_V_3008_fu_6148  |   32|   0|   32|          0|
    |local_regs_V_3009_fu_6152  |   32|   0|   32|          0|
    |local_regs_V_3010_fu_6156  |   32|   0|   32|          0|
    |local_regs_V_3011_fu_6160  |   32|   0|   32|          0|
    |local_regs_V_3012_fu_6164  |   32|   0|   32|          0|
    |local_regs_V_3013_fu_6168  |   32|   0|   32|          0|
    |local_regs_V_3014_fu_6172  |   32|   0|   32|          0|
    |local_regs_V_3015_fu_6176  |   32|   0|   32|          0|
    |local_regs_V_3016_fu_6180  |   32|   0|   32|          0|
    |local_regs_V_3017_fu_6184  |   32|   0|   32|          0|
    |local_regs_V_3018_fu_6188  |   32|   0|   32|          0|
    |local_regs_V_3019_fu_6192  |   32|   0|   32|          0|
    |local_regs_V_3020_fu_6196  |   32|   0|   32|          0|
    |local_regs_V_3021_fu_6200  |   32|   0|   32|          0|
    |local_regs_V_3022_fu_6204  |   32|   0|   32|          0|
    |local_regs_V_3023_fu_6208  |   32|   0|   32|          0|
    |local_regs_V_3024_fu_6212  |   32|   0|   32|          0|
    |local_regs_V_3025_fu_6216  |   32|   0|   32|          0|
    |local_regs_V_3026_fu_6220  |   32|   0|   32|          0|
    |local_regs_V_3027_fu_6224  |   32|   0|   32|          0|
    |local_regs_V_3028_fu_6228  |   32|   0|   32|          0|
    |local_regs_V_3029_fu_6232  |   32|   0|   32|          0|
    |local_regs_V_3030_fu_6236  |   32|   0|   32|          0|
    |local_regs_V_3031_fu_6240  |   32|   0|   32|          0|
    |local_regs_V_3032_fu_6244  |   32|   0|   32|          0|
    |local_regs_V_3033_fu_6248  |   32|   0|   32|          0|
    |local_regs_V_3034_fu_6252  |   32|   0|   32|          0|
    |local_regs_V_3035_fu_6256  |   32|   0|   32|          0|
    |local_regs_V_3036_fu_6260  |   32|   0|   32|          0|
    |local_regs_V_3037_fu_6264  |   32|   0|   32|          0|
    |local_regs_V_3038_fu_6268  |   32|   0|   32|          0|
    |local_regs_V_3039_fu_6272  |   32|   0|   32|          0|
    |local_regs_V_fu_2180       |   32|   0|   32|          0|
    |r_fu_2176                  |    6|   0|    6|          0|
    |trunc_ln51_reg_29292       |    5|   0|    5|          0|
    +---------------------------+-----+----+-----+-----------+
    |Total                      |32782|   0|32782|          0|
    +---------------------------+-----+----+-----+-----------+



================================================================
== Interface
================================================================
* Summary: 
+--------------------------------------+-----+-----+------------+------------------------------------------+--------------+
|               RTL Ports              | Dir | Bits|  Protocol  |               Source Object              |    C Type    |
+--------------------------------------+-----+-----+------------+------------------------------------------+--------------+
|ap_clk                                |   in|    1|  ap_ctrl_hs|  compute_systolic_Pipeline_Load_Cache_Row|  return value|
|ap_rst                                |   in|    1|  ap_ctrl_hs|  compute_systolic_Pipeline_Load_Cache_Row|  return value|
|ap_start                              |   in|    1|  ap_ctrl_hs|  compute_systolic_Pipeline_Load_Cache_Row|  return value|
|ap_done                               |  out|    1|  ap_ctrl_hs|  compute_systolic_Pipeline_Load_Cache_Row|  return value|
|ap_idle                               |  out|    1|  ap_ctrl_hs|  compute_systolic_Pipeline_Load_Cache_Row|  return value|
|ap_ready                              |  out|    1|  ap_ctrl_hs|  compute_systolic_Pipeline_Load_Cache_Row|  return value|
|big_tile_C_0_address0                 |  out|    6|   ap_memory|                              big_tile_C_0|         array|
|big_tile_C_0_ce0                      |  out|    1|   ap_memory|                              big_tile_C_0|         array|
|big_tile_C_0_q0                       |   in|   32|   ap_memory|                              big_tile_C_0|         array|
|big_tile_C_0_address1                 |  out|    6|   ap_memory|                              big_tile_C_0|         array|
|big_tile_C_0_ce1                      |  out|    1|   ap_memory|                              big_tile_C_0|         array|
|big_tile_C_0_q1                       |   in|   32|   ap_memory|                              big_tile_C_0|         array|
|big_tile_C_1_address0                 |  out|    6|   ap_memory|                              big_tile_C_1|         array|
|big_tile_C_1_ce0                      |  out|    1|   ap_memory|                              big_tile_C_1|         array|
|big_tile_C_1_q0                       |   in|   32|   ap_memory|                              big_tile_C_1|         array|
|big_tile_C_1_address1                 |  out|    6|   ap_memory|                              big_tile_C_1|         array|
|big_tile_C_1_ce1                      |  out|    1|   ap_memory|                              big_tile_C_1|         array|
|big_tile_C_1_q1                       |   in|   32|   ap_memory|                              big_tile_C_1|         array|
|big_tile_C_2_address0                 |  out|    6|   ap_memory|                              big_tile_C_2|         array|
|big_tile_C_2_ce0                      |  out|    1|   ap_memory|                              big_tile_C_2|         array|
|big_tile_C_2_q0                       |   in|   32|   ap_memory|                              big_tile_C_2|         array|
|big_tile_C_2_address1                 |  out|    6|   ap_memory|                              big_tile_C_2|         array|
|big_tile_C_2_ce1                      |  out|    1|   ap_memory|                              big_tile_C_2|         array|
|big_tile_C_2_q1                       |   in|   32|   ap_memory|                              big_tile_C_2|         array|
|big_tile_C_3_address0                 |  out|    6|   ap_memory|                              big_tile_C_3|         array|
|big_tile_C_3_ce0                      |  out|    1|   ap_memory|                              big_tile_C_3|         array|
|big_tile_C_3_q0                       |   in|   32|   ap_memory|                              big_tile_C_3|         array|
|big_tile_C_3_address1                 |  out|    6|   ap_memory|                              big_tile_C_3|         array|
|big_tile_C_3_ce1                      |  out|    1|   ap_memory|                              big_tile_C_3|         array|
|big_tile_C_3_q1                       |   in|   32|   ap_memory|                              big_tile_C_3|         array|
|big_tile_C_4_address0                 |  out|    6|   ap_memory|                              big_tile_C_4|         array|
|big_tile_C_4_ce0                      |  out|    1|   ap_memory|                              big_tile_C_4|         array|
|big_tile_C_4_q0                       |   in|   32|   ap_memory|                              big_tile_C_4|         array|
|big_tile_C_4_address1                 |  out|    6|   ap_memory|                              big_tile_C_4|         array|
|big_tile_C_4_ce1                      |  out|    1|   ap_memory|                              big_tile_C_4|         array|
|big_tile_C_4_q1                       |   in|   32|   ap_memory|                              big_tile_C_4|         array|
|big_tile_C_5_address0                 |  out|    6|   ap_memory|                              big_tile_C_5|         array|
|big_tile_C_5_ce0                      |  out|    1|   ap_memory|                              big_tile_C_5|         array|
|big_tile_C_5_q0                       |   in|   32|   ap_memory|                              big_tile_C_5|         array|
|big_tile_C_5_address1                 |  out|    6|   ap_memory|                              big_tile_C_5|         array|
|big_tile_C_5_ce1                      |  out|    1|   ap_memory|                              big_tile_C_5|         array|
|big_tile_C_5_q1                       |   in|   32|   ap_memory|                              big_tile_C_5|         array|
|big_tile_C_6_address0                 |  out|    6|   ap_memory|                              big_tile_C_6|         array|
|big_tile_C_6_ce0                      |  out|    1|   ap_memory|                              big_tile_C_6|         array|
|big_tile_C_6_q0                       |   in|   32|   ap_memory|                              big_tile_C_6|         array|
|big_tile_C_6_address1                 |  out|    6|   ap_memory|                              big_tile_C_6|         array|
|big_tile_C_6_ce1                      |  out|    1|   ap_memory|                              big_tile_C_6|         array|
|big_tile_C_6_q1                       |   in|   32|   ap_memory|                              big_tile_C_6|         array|
|big_tile_C_7_address0                 |  out|    6|   ap_memory|                              big_tile_C_7|         array|
|big_tile_C_7_ce0                      |  out|    1|   ap_memory|                              big_tile_C_7|         array|
|big_tile_C_7_q0                       |   in|   32|   ap_memory|                              big_tile_C_7|         array|
|big_tile_C_7_address1                 |  out|    6|   ap_memory|                              big_tile_C_7|         array|
|big_tile_C_7_ce1                      |  out|    1|   ap_memory|                              big_tile_C_7|         array|
|big_tile_C_7_q1                       |   in|   32|   ap_memory|                              big_tile_C_7|         array|
|big_tile_C_8_address0                 |  out|    6|   ap_memory|                              big_tile_C_8|         array|
|big_tile_C_8_ce0                      |  out|    1|   ap_memory|                              big_tile_C_8|         array|
|big_tile_C_8_q0                       |   in|   32|   ap_memory|                              big_tile_C_8|         array|
|big_tile_C_8_address1                 |  out|    6|   ap_memory|                              big_tile_C_8|         array|
|big_tile_C_8_ce1                      |  out|    1|   ap_memory|                              big_tile_C_8|         array|
|big_tile_C_8_q1                       |   in|   32|   ap_memory|                              big_tile_C_8|         array|
|big_tile_C_9_address0                 |  out|    6|   ap_memory|                              big_tile_C_9|         array|
|big_tile_C_9_ce0                      |  out|    1|   ap_memory|                              big_tile_C_9|         array|
|big_tile_C_9_q0                       |   in|   32|   ap_memory|                              big_tile_C_9|         array|
|big_tile_C_9_address1                 |  out|    6|   ap_memory|                              big_tile_C_9|         array|
|big_tile_C_9_ce1                      |  out|    1|   ap_memory|                              big_tile_C_9|         array|
|big_tile_C_9_q1                       |   in|   32|   ap_memory|                              big_tile_C_9|         array|
|big_tile_C_10_address0                |  out|    6|   ap_memory|                             big_tile_C_10|         array|
|big_tile_C_10_ce0                     |  out|    1|   ap_memory|                             big_tile_C_10|         array|
|big_tile_C_10_q0                      |   in|   32|   ap_memory|                             big_tile_C_10|         array|
|big_tile_C_10_address1                |  out|    6|   ap_memory|                             big_tile_C_10|         array|
|big_tile_C_10_ce1                     |  out|    1|   ap_memory|                             big_tile_C_10|         array|
|big_tile_C_10_q1                      |   in|   32|   ap_memory|                             big_tile_C_10|         array|
|big_tile_C_11_address0                |  out|    6|   ap_memory|                             big_tile_C_11|         array|
|big_tile_C_11_ce0                     |  out|    1|   ap_memory|                             big_tile_C_11|         array|
|big_tile_C_11_q0                      |   in|   32|   ap_memory|                             big_tile_C_11|         array|
|big_tile_C_11_address1                |  out|    6|   ap_memory|                             big_tile_C_11|         array|
|big_tile_C_11_ce1                     |  out|    1|   ap_memory|                             big_tile_C_11|         array|
|big_tile_C_11_q1                      |   in|   32|   ap_memory|                             big_tile_C_11|         array|
|big_tile_C_12_address0                |  out|    6|   ap_memory|                             big_tile_C_12|         array|
|big_tile_C_12_ce0                     |  out|    1|   ap_memory|                             big_tile_C_12|         array|
|big_tile_C_12_q0                      |   in|   32|   ap_memory|                             big_tile_C_12|         array|
|big_tile_C_12_address1                |  out|    6|   ap_memory|                             big_tile_C_12|         array|
|big_tile_C_12_ce1                     |  out|    1|   ap_memory|                             big_tile_C_12|         array|
|big_tile_C_12_q1                      |   in|   32|   ap_memory|                             big_tile_C_12|         array|
|big_tile_C_13_address0                |  out|    6|   ap_memory|                             big_tile_C_13|         array|
|big_tile_C_13_ce0                     |  out|    1|   ap_memory|                             big_tile_C_13|         array|
|big_tile_C_13_q0                      |   in|   32|   ap_memory|                             big_tile_C_13|         array|
|big_tile_C_13_address1                |  out|    6|   ap_memory|                             big_tile_C_13|         array|
|big_tile_C_13_ce1                     |  out|    1|   ap_memory|                             big_tile_C_13|         array|
|big_tile_C_13_q1                      |   in|   32|   ap_memory|                             big_tile_C_13|         array|
|big_tile_C_14_address0                |  out|    6|   ap_memory|                             big_tile_C_14|         array|
|big_tile_C_14_ce0                     |  out|    1|   ap_memory|                             big_tile_C_14|         array|
|big_tile_C_14_q0                      |   in|   32|   ap_memory|                             big_tile_C_14|         array|
|big_tile_C_14_address1                |  out|    6|   ap_memory|                             big_tile_C_14|         array|
|big_tile_C_14_ce1                     |  out|    1|   ap_memory|                             big_tile_C_14|         array|
|big_tile_C_14_q1                      |   in|   32|   ap_memory|                             big_tile_C_14|         array|
|big_tile_C_15_address0                |  out|    6|   ap_memory|                             big_tile_C_15|         array|
|big_tile_C_15_ce0                     |  out|    1|   ap_memory|                             big_tile_C_15|         array|
|big_tile_C_15_q0                      |   in|   32|   ap_memory|                             big_tile_C_15|         array|
|big_tile_C_15_address1                |  out|    6|   ap_memory|                             big_tile_C_15|         array|
|big_tile_C_15_ce1                     |  out|    1|   ap_memory|                             big_tile_C_15|         array|
|big_tile_C_15_q1                      |   in|   32|   ap_memory|                             big_tile_C_15|         array|
|local_regs_V_1023_0_out               |  out|   32|      ap_vld|                   local_regs_V_1023_0_out|       pointer|
|local_regs_V_1023_0_out_ap_vld        |  out|    1|      ap_vld|                   local_regs_V_1023_0_out|       pointer|
|local_regs_V_25_0_out                 |  out|   32|      ap_vld|                     local_regs_V_25_0_out|       pointer|
|local_regs_V_25_0_out_ap_vld          |  out|    1|      ap_vld|                     local_regs_V_25_0_out|       pointer|
|local_regs_V_24_0_out                 |  out|   32|      ap_vld|                     local_regs_V_24_0_out|       pointer|
|local_regs_V_24_0_out_ap_vld          |  out|    1|      ap_vld|                     local_regs_V_24_0_out|       pointer|
|local_regs_V_23_0_out                 |  out|   32|      ap_vld|                     local_regs_V_23_0_out|       pointer|
|local_regs_V_23_0_out_ap_vld          |  out|    1|      ap_vld|                     local_regs_V_23_0_out|       pointer|
|local_regs_V_22_0_out                 |  out|   32|      ap_vld|                     local_regs_V_22_0_out|       pointer|
|local_regs_V_22_0_out_ap_vld          |  out|    1|      ap_vld|                     local_regs_V_22_0_out|       pointer|
|local_regs_V_21_0_out                 |  out|   32|      ap_vld|                     local_regs_V_21_0_out|       pointer|
|local_regs_V_21_0_out_ap_vld          |  out|    1|      ap_vld|                     local_regs_V_21_0_out|       pointer|
|local_regs_V_20_0_out                 |  out|   32|      ap_vld|                     local_regs_V_20_0_out|       pointer|
|local_regs_V_20_0_out_ap_vld          |  out|    1|      ap_vld|                     local_regs_V_20_0_out|       pointer|
|local_regs_V_19_0_out                 |  out|   32|      ap_vld|                     local_regs_V_19_0_out|       pointer|
|local_regs_V_19_0_out_ap_vld          |  out|    1|      ap_vld|                     local_regs_V_19_0_out|       pointer|
|local_regs_V_18_0_out                 |  out|   32|      ap_vld|                     local_regs_V_18_0_out|       pointer|
|local_regs_V_18_0_out_ap_vld          |  out|    1|      ap_vld|                     local_regs_V_18_0_out|       pointer|
|local_regs_V_17_0_out                 |  out|   32|      ap_vld|                     local_regs_V_17_0_out|       pointer|
|local_regs_V_17_0_out_ap_vld          |  out|    1|      ap_vld|                     local_regs_V_17_0_out|       pointer|
|local_regs_V_16_0_out                 |  out|   32|      ap_vld|                     local_regs_V_16_0_out|       pointer|
|local_regs_V_16_0_out_ap_vld          |  out|    1|      ap_vld|                     local_regs_V_16_0_out|       pointer|
|local_regs_V_15_0_out                 |  out|   32|      ap_vld|                     local_regs_V_15_0_out|       pointer|
|local_regs_V_15_0_out_ap_vld          |  out|    1|      ap_vld|                     local_regs_V_15_0_out|       pointer|
|local_regs_V_14_0_out                 |  out|   32|      ap_vld|                     local_regs_V_14_0_out|       pointer|
|local_regs_V_14_0_out_ap_vld          |  out|    1|      ap_vld|                     local_regs_V_14_0_out|       pointer|
|local_regs_V_13_0_out                 |  out|   32|      ap_vld|                     local_regs_V_13_0_out|       pointer|
|local_regs_V_13_0_out_ap_vld          |  out|    1|      ap_vld|                     local_regs_V_13_0_out|       pointer|
|local_regs_V_12_0_out                 |  out|   32|      ap_vld|                     local_regs_V_12_0_out|       pointer|
|local_regs_V_12_0_out_ap_vld          |  out|    1|      ap_vld|                     local_regs_V_12_0_out|       pointer|
|local_regs_V_11_0_out                 |  out|   32|      ap_vld|                     local_regs_V_11_0_out|       pointer|
|local_regs_V_11_0_out_ap_vld          |  out|    1|      ap_vld|                     local_regs_V_11_0_out|       pointer|
|local_regs_V_10_0_out                 |  out|   32|      ap_vld|                     local_regs_V_10_0_out|       pointer|
|local_regs_V_10_0_out_ap_vld          |  out|    1|      ap_vld|                     local_regs_V_10_0_out|       pointer|
|local_regs_V_9_0_out                  |  out|   32|      ap_vld|                      local_regs_V_9_0_out|       pointer|
|local_regs_V_9_0_out_ap_vld           |  out|    1|      ap_vld|                      local_regs_V_9_0_out|       pointer|
|local_regs_V_8_0_out                  |  out|   32|      ap_vld|                      local_regs_V_8_0_out|       pointer|
|local_regs_V_8_0_out_ap_vld           |  out|    1|      ap_vld|                      local_regs_V_8_0_out|       pointer|
|local_regs_V_7_0_out                  |  out|   32|      ap_vld|                      local_regs_V_7_0_out|       pointer|
|local_regs_V_7_0_out_ap_vld           |  out|    1|      ap_vld|                      local_regs_V_7_0_out|       pointer|
|local_regs_V_6_0_out                  |  out|   32|      ap_vld|                      local_regs_V_6_0_out|       pointer|
|local_regs_V_6_0_out_ap_vld           |  out|    1|      ap_vld|                      local_regs_V_6_0_out|       pointer|
|local_regs_V_5_0_out                  |  out|   32|      ap_vld|                      local_regs_V_5_0_out|       pointer|
|local_regs_V_5_0_out_ap_vld           |  out|    1|      ap_vld|                      local_regs_V_5_0_out|       pointer|
|local_regs_V_4_0_out                  |  out|   32|      ap_vld|                      local_regs_V_4_0_out|       pointer|
|local_regs_V_4_0_out_ap_vld           |  out|    1|      ap_vld|                      local_regs_V_4_0_out|       pointer|
|local_regs_V_3_0_out                  |  out|   32|      ap_vld|                      local_regs_V_3_0_out|       pointer|
|local_regs_V_3_0_out_ap_vld           |  out|    1|      ap_vld|                      local_regs_V_3_0_out|       pointer|
|local_regs_V_2_0_out                  |  out|   32|      ap_vld|                      local_regs_V_2_0_out|       pointer|
|local_regs_V_2_0_out_ap_vld           |  out|    1|      ap_vld|                      local_regs_V_2_0_out|       pointer|
|local_regs_V_1_0_out                  |  out|   32|      ap_vld|                      local_regs_V_1_0_out|       pointer|
|local_regs_V_1_0_out_ap_vld           |  out|    1|      ap_vld|                      local_regs_V_1_0_out|       pointer|
|local_regs_V_0_out                    |  out|   32|      ap_vld|                        local_regs_V_0_out|       pointer|
|local_regs_V_0_out_ap_vld             |  out|    1|      ap_vld|                        local_regs_V_0_out|       pointer|
|local_regs_31_30_promoted_out         |  out|   32|      ap_vld|             local_regs_31_30_promoted_out|       pointer|
|local_regs_31_30_promoted_out_ap_vld  |  out|    1|      ap_vld|             local_regs_31_30_promoted_out|       pointer|
|local_regs_31_29_promoted_out         |  out|   32|      ap_vld|             local_regs_31_29_promoted_out|       pointer|
|local_regs_31_29_promoted_out_ap_vld  |  out|    1|      ap_vld|             local_regs_31_29_promoted_out|       pointer|
|local_regs_31_28_promoted_out         |  out|   32|      ap_vld|             local_regs_31_28_promoted_out|       pointer|
|local_regs_31_28_promoted_out_ap_vld  |  out|    1|      ap_vld|             local_regs_31_28_promoted_out|       pointer|
|local_regs_31_27_promoted_out         |  out|   32|      ap_vld|             local_regs_31_27_promoted_out|       pointer|
|local_regs_31_27_promoted_out_ap_vld  |  out|    1|      ap_vld|             local_regs_31_27_promoted_out|       pointer|
|local_regs_31_26_promoted_out         |  out|   32|      ap_vld|             local_regs_31_26_promoted_out|       pointer|
|local_regs_31_26_promoted_out_ap_vld  |  out|    1|      ap_vld|             local_regs_31_26_promoted_out|       pointer|
|local_regs_31_25_promoted_out         |  out|   32|      ap_vld|             local_regs_31_25_promoted_out|       pointer|
|local_regs_31_25_promoted_out_ap_vld  |  out|    1|      ap_vld|             local_regs_31_25_promoted_out|       pointer|
|local_regs_31_24_promoted_out         |  out|   32|      ap_vld|             local_regs_31_24_promoted_out|       pointer|
|local_regs_31_24_promoted_out_ap_vld  |  out|    1|      ap_vld|             local_regs_31_24_promoted_out|       pointer|
|local_regs_31_23_promoted_out         |  out|   32|      ap_vld|             local_regs_31_23_promoted_out|       pointer|
|local_regs_31_23_promoted_out_ap_vld  |  out|    1|      ap_vld|             local_regs_31_23_promoted_out|       pointer|
|local_regs_31_22_promoted_out         |  out|   32|      ap_vld|             local_regs_31_22_promoted_out|       pointer|
|local_regs_31_22_promoted_out_ap_vld  |  out|    1|      ap_vld|             local_regs_31_22_promoted_out|       pointer|
|local_regs_31_21_promoted_out         |  out|   32|      ap_vld|             local_regs_31_21_promoted_out|       pointer|
|local_regs_31_21_promoted_out_ap_vld  |  out|    1|      ap_vld|             local_regs_31_21_promoted_out|       pointer|
|local_regs_31_20_promoted_out         |  out|   32|      ap_vld|             local_regs_31_20_promoted_out|       pointer|
|local_regs_31_20_promoted_out_ap_vld  |  out|    1|      ap_vld|             local_regs_31_20_promoted_out|       pointer|
|local_regs_31_19_promoted_out         |  out|   32|      ap_vld|             local_regs_31_19_promoted_out|       pointer|
|local_regs_31_19_promoted_out_ap_vld  |  out|    1|      ap_vld|             local_regs_31_19_promoted_out|       pointer|
|local_regs_31_18_promoted_out         |  out|   32|      ap_vld|             local_regs_31_18_promoted_out|       pointer|
|local_regs_31_18_promoted_out_ap_vld  |  out|    1|      ap_vld|             local_regs_31_18_promoted_out|       pointer|
|local_regs_31_17_promoted_out         |  out|   32|      ap_vld|             local_regs_31_17_promoted_out|       pointer|
|local_regs_31_17_promoted_out_ap_vld  |  out|    1|      ap_vld|             local_regs_31_17_promoted_out|       pointer|
|local_regs_31_16_promoted_out         |  out|   32|      ap_vld|             local_regs_31_16_promoted_out|       pointer|
|local_regs_31_16_promoted_out_ap_vld  |  out|    1|      ap_vld|             local_regs_31_16_promoted_out|       pointer|
|local_regs_31_15_promoted_out         |  out|   32|      ap_vld|             local_regs_31_15_promoted_out|       pointer|
|local_regs_31_15_promoted_out_ap_vld  |  out|    1|      ap_vld|             local_regs_31_15_promoted_out|       pointer|
|local_regs_31_14_promoted_out         |  out|   32|      ap_vld|             local_regs_31_14_promoted_out|       pointer|
|local_regs_31_14_promoted_out_ap_vld  |  out|    1|      ap_vld|             local_regs_31_14_promoted_out|       pointer|
|local_regs_31_13_promoted_out         |  out|   32|      ap_vld|             local_regs_31_13_promoted_out|       pointer|
|local_regs_31_13_promoted_out_ap_vld  |  out|    1|      ap_vld|             local_regs_31_13_promoted_out|       pointer|
|local_regs_31_12_promoted_out         |  out|   32|      ap_vld|             local_regs_31_12_promoted_out|       pointer|
|local_regs_31_12_promoted_out_ap_vld  |  out|    1|      ap_vld|             local_regs_31_12_promoted_out|       pointer|
|local_regs_31_11_promoted_out         |  out|   32|      ap_vld|             local_regs_31_11_promoted_out|       pointer|
|local_regs_31_11_promoted_out_ap_vld  |  out|    1|      ap_vld|             local_regs_31_11_promoted_out|       pointer|
|local_regs_31_10_promoted_out         |  out|   32|      ap_vld|             local_regs_31_10_promoted_out|       pointer|
|local_regs_31_10_promoted_out_ap_vld  |  out|    1|      ap_vld|             local_regs_31_10_promoted_out|       pointer|
|local_regs_31_9_promoted_out          |  out|   32|      ap_vld|              local_regs_31_9_promoted_out|       pointer|
|local_regs_31_9_promoted_out_ap_vld   |  out|    1|      ap_vld|              local_regs_31_9_promoted_out|       pointer|
|local_regs_31_8_promoted_out          |  out|   32|      ap_vld|              local_regs_31_8_promoted_out|       pointer|
|local_regs_31_8_promoted_out_ap_vld   |  out|    1|      ap_vld|              local_regs_31_8_promoted_out|       pointer|
|local_regs_31_7_promoted_out          |  out|   32|      ap_vld|              local_regs_31_7_promoted_out|       pointer|
|local_regs_31_7_promoted_out_ap_vld   |  out|    1|      ap_vld|              local_regs_31_7_promoted_out|       pointer|
|local_regs_31_6_promoted_out          |  out|   32|      ap_vld|              local_regs_31_6_promoted_out|       pointer|
|local_regs_31_6_promoted_out_ap_vld   |  out|    1|      ap_vld|              local_regs_31_6_promoted_out|       pointer|
|local_regs_31_5_promoted_out          |  out|   32|      ap_vld|              local_regs_31_5_promoted_out|       pointer|
|local_regs_31_5_promoted_out_ap_vld   |  out|    1|      ap_vld|              local_regs_31_5_promoted_out|       pointer|
|local_regs_31_4_promoted_out          |  out|   32|      ap_vld|              local_regs_31_4_promoted_out|       pointer|
|local_regs_31_4_promoted_out_ap_vld   |  out|    1|      ap_vld|              local_regs_31_4_promoted_out|       pointer|
|local_regs_31_3_promoted_out          |  out|   32|      ap_vld|              local_regs_31_3_promoted_out|       pointer|
|local_regs_31_3_promoted_out_ap_vld   |  out|    1|      ap_vld|              local_regs_31_3_promoted_out|       pointer|
|local_regs_31_2_promoted_out          |  out|   32|      ap_vld|              local_regs_31_2_promoted_out|       pointer|
|local_regs_31_2_promoted_out_ap_vld   |  out|    1|      ap_vld|              local_regs_31_2_promoted_out|       pointer|
|local_regs_31_1_promoted_out          |  out|   32|      ap_vld|              local_regs_31_1_promoted_out|       pointer|
|local_regs_31_1_promoted_out_ap_vld   |  out|    1|      ap_vld|              local_regs_31_1_promoted_out|       pointer|
|local_regs_31_0_promoted_out          |  out|   32|      ap_vld|              local_regs_31_0_promoted_out|       pointer|
|local_regs_31_0_promoted_out_ap_vld   |  out|    1|      ap_vld|              local_regs_31_0_promoted_out|       pointer|
|local_regs_30_31_promoted_out         |  out|   32|      ap_vld|             local_regs_30_31_promoted_out|       pointer|
|local_regs_30_31_promoted_out_ap_vld  |  out|    1|      ap_vld|             local_regs_30_31_promoted_out|       pointer|
|local_regs_30_30_promoted_out         |  out|   32|      ap_vld|             local_regs_30_30_promoted_out|       pointer|
|local_regs_30_30_promoted_out_ap_vld  |  out|    1|      ap_vld|             local_regs_30_30_promoted_out|       pointer|
|local_regs_30_29_promoted_out         |  out|   32|      ap_vld|             local_regs_30_29_promoted_out|       pointer|
|local_regs_30_29_promoted_out_ap_vld  |  out|    1|      ap_vld|             local_regs_30_29_promoted_out|       pointer|
|local_regs_30_28_promoted_out         |  out|   32|      ap_vld|             local_regs_30_28_promoted_out|       pointer|
|local_regs_30_28_promoted_out_ap_vld  |  out|    1|      ap_vld|             local_regs_30_28_promoted_out|       pointer|
|local_regs_30_27_promoted_out         |  out|   32|      ap_vld|             local_regs_30_27_promoted_out|       pointer|
|local_regs_30_27_promoted_out_ap_vld  |  out|    1|      ap_vld|             local_regs_30_27_promoted_out|       pointer|
|local_regs_30_26_promoted_out         |  out|   32|      ap_vld|             local_regs_30_26_promoted_out|       pointer|
|local_regs_30_26_promoted_out_ap_vld  |  out|    1|      ap_vld|             local_regs_30_26_promoted_out|       pointer|
|local_regs_30_25_promoted_out         |  out|   32|      ap_vld|             local_regs_30_25_promoted_out|       pointer|
|local_regs_30_25_promoted_out_ap_vld  |  out|    1|      ap_vld|             local_regs_30_25_promoted_out|       pointer|
|local_regs_30_24_promoted_out         |  out|   32|      ap_vld|             local_regs_30_24_promoted_out|       pointer|
|local_regs_30_24_promoted_out_ap_vld  |  out|    1|      ap_vld|             local_regs_30_24_promoted_out|       pointer|
|local_regs_30_23_promoted_out         |  out|   32|      ap_vld|             local_regs_30_23_promoted_out|       pointer|
|local_regs_30_23_promoted_out_ap_vld  |  out|    1|      ap_vld|             local_regs_30_23_promoted_out|       pointer|
|local_regs_30_22_promoted_out         |  out|   32|      ap_vld|             local_regs_30_22_promoted_out|       pointer|
|local_regs_30_22_promoted_out_ap_vld  |  out|    1|      ap_vld|             local_regs_30_22_promoted_out|       pointer|
|local_regs_30_21_promoted_out         |  out|   32|      ap_vld|             local_regs_30_21_promoted_out|       pointer|
|local_regs_30_21_promoted_out_ap_vld  |  out|    1|      ap_vld|             local_regs_30_21_promoted_out|       pointer|
|local_regs_30_20_promoted_out         |  out|   32|      ap_vld|             local_regs_30_20_promoted_out|       pointer|
|local_regs_30_20_promoted_out_ap_vld  |  out|    1|      ap_vld|             local_regs_30_20_promoted_out|       pointer|
|local_regs_30_19_promoted_out         |  out|   32|      ap_vld|             local_regs_30_19_promoted_out|       pointer|
|local_regs_30_19_promoted_out_ap_vld  |  out|    1|      ap_vld|             local_regs_30_19_promoted_out|       pointer|
|local_regs_30_18_promoted_out         |  out|   32|      ap_vld|             local_regs_30_18_promoted_out|       pointer|
|local_regs_30_18_promoted_out_ap_vld  |  out|    1|      ap_vld|             local_regs_30_18_promoted_out|       pointer|
|local_regs_30_17_promoted_out         |  out|   32|      ap_vld|             local_regs_30_17_promoted_out|       pointer|
|local_regs_30_17_promoted_out_ap_vld  |  out|    1|      ap_vld|             local_regs_30_17_promoted_out|       pointer|
|local_regs_30_16_promoted_out         |  out|   32|      ap_vld|             local_regs_30_16_promoted_out|       pointer|
|local_regs_30_16_promoted_out_ap_vld  |  out|    1|      ap_vld|             local_regs_30_16_promoted_out|       pointer|
|local_regs_30_15_promoted_out         |  out|   32|      ap_vld|             local_regs_30_15_promoted_out|       pointer|
|local_regs_30_15_promoted_out_ap_vld  |  out|    1|      ap_vld|             local_regs_30_15_promoted_out|       pointer|
|local_regs_30_14_promoted_out         |  out|   32|      ap_vld|             local_regs_30_14_promoted_out|       pointer|
|local_regs_30_14_promoted_out_ap_vld  |  out|    1|      ap_vld|             local_regs_30_14_promoted_out|       pointer|
|local_regs_30_13_promoted_out         |  out|   32|      ap_vld|             local_regs_30_13_promoted_out|       pointer|
|local_regs_30_13_promoted_out_ap_vld  |  out|    1|      ap_vld|             local_regs_30_13_promoted_out|       pointer|
|local_regs_30_12_promoted_out         |  out|   32|      ap_vld|             local_regs_30_12_promoted_out|       pointer|
|local_regs_30_12_promoted_out_ap_vld  |  out|    1|      ap_vld|             local_regs_30_12_promoted_out|       pointer|
|local_regs_30_11_promoted_out         |  out|   32|      ap_vld|             local_regs_30_11_promoted_out|       pointer|
|local_regs_30_11_promoted_out_ap_vld  |  out|    1|      ap_vld|             local_regs_30_11_promoted_out|       pointer|
|local_regs_30_10_promoted_out         |  out|   32|      ap_vld|             local_regs_30_10_promoted_out|       pointer|
|local_regs_30_10_promoted_out_ap_vld  |  out|    1|      ap_vld|             local_regs_30_10_promoted_out|       pointer|
|local_regs_30_9_promoted_out          |  out|   32|      ap_vld|              local_regs_30_9_promoted_out|       pointer|
|local_regs_30_9_promoted_out_ap_vld   |  out|    1|      ap_vld|              local_regs_30_9_promoted_out|       pointer|
|local_regs_30_8_promoted_out          |  out|   32|      ap_vld|              local_regs_30_8_promoted_out|       pointer|
|local_regs_30_8_promoted_out_ap_vld   |  out|    1|      ap_vld|              local_regs_30_8_promoted_out|       pointer|
|local_regs_30_7_promoted_out          |  out|   32|      ap_vld|              local_regs_30_7_promoted_out|       pointer|
|local_regs_30_7_promoted_out_ap_vld   |  out|    1|      ap_vld|              local_regs_30_7_promoted_out|       pointer|
|local_regs_30_6_promoted_out          |  out|   32|      ap_vld|              local_regs_30_6_promoted_out|       pointer|
|local_regs_30_6_promoted_out_ap_vld   |  out|    1|      ap_vld|              local_regs_30_6_promoted_out|       pointer|
|local_regs_30_5_promoted_out          |  out|   32|      ap_vld|              local_regs_30_5_promoted_out|       pointer|
|local_regs_30_5_promoted_out_ap_vld   |  out|    1|      ap_vld|              local_regs_30_5_promoted_out|       pointer|
|local_regs_30_4_promoted_out          |  out|   32|      ap_vld|              local_regs_30_4_promoted_out|       pointer|
|local_regs_30_4_promoted_out_ap_vld   |  out|    1|      ap_vld|              local_regs_30_4_promoted_out|       pointer|
|local_regs_30_3_promoted_out          |  out|   32|      ap_vld|              local_regs_30_3_promoted_out|       pointer|
|local_regs_30_3_promoted_out_ap_vld   |  out|    1|      ap_vld|              local_regs_30_3_promoted_out|       pointer|
|local_regs_30_2_promoted_out          |  out|   32|      ap_vld|              local_regs_30_2_promoted_out|       pointer|
|local_regs_30_2_promoted_out_ap_vld   |  out|    1|      ap_vld|              local_regs_30_2_promoted_out|       pointer|
|local_regs_30_1_promoted_out          |  out|   32|      ap_vld|              local_regs_30_1_promoted_out|       pointer|
|local_regs_30_1_promoted_out_ap_vld   |  out|    1|      ap_vld|              local_regs_30_1_promoted_out|       pointer|
|local_regs_30_0_promoted_out          |  out|   32|      ap_vld|              local_regs_30_0_promoted_out|       pointer|
|local_regs_30_0_promoted_out_ap_vld   |  out|    1|      ap_vld|              local_regs_30_0_promoted_out|       pointer|
|local_regs_29_31_promoted_out         |  out|   32|      ap_vld|             local_regs_29_31_promoted_out|       pointer|
|local_regs_29_31_promoted_out_ap_vld  |  out|    1|      ap_vld|             local_regs_29_31_promoted_out|       pointer|
|local_regs_29_30_promoted_out         |  out|   32|      ap_vld|             local_regs_29_30_promoted_out|       pointer|
|local_regs_29_30_promoted_out_ap_vld  |  out|    1|      ap_vld|             local_regs_29_30_promoted_out|       pointer|
|local_regs_29_29_promoted_out         |  out|   32|      ap_vld|             local_regs_29_29_promoted_out|       pointer|
|local_regs_29_29_promoted_out_ap_vld  |  out|    1|      ap_vld|             local_regs_29_29_promoted_out|       pointer|
|local_regs_29_28_promoted_out         |  out|   32|      ap_vld|             local_regs_29_28_promoted_out|       pointer|
|local_regs_29_28_promoted_out_ap_vld  |  out|    1|      ap_vld|             local_regs_29_28_promoted_out|       pointer|
|local_regs_29_27_promoted_out         |  out|   32|      ap_vld|             local_regs_29_27_promoted_out|       pointer|
|local_regs_29_27_promoted_out_ap_vld  |  out|    1|      ap_vld|             local_regs_29_27_promoted_out|       pointer|
|local_regs_29_26_promoted_out         |  out|   32|      ap_vld|             local_regs_29_26_promoted_out|       pointer|
|local_regs_29_26_promoted_out_ap_vld  |  out|    1|      ap_vld|             local_regs_29_26_promoted_out|       pointer|
|local_regs_29_25_promoted_out         |  out|   32|      ap_vld|             local_regs_29_25_promoted_out|       pointer|
|local_regs_29_25_promoted_out_ap_vld  |  out|    1|      ap_vld|             local_regs_29_25_promoted_out|       pointer|
|local_regs_29_24_promoted_out         |  out|   32|      ap_vld|             local_regs_29_24_promoted_out|       pointer|
|local_regs_29_24_promoted_out_ap_vld  |  out|    1|      ap_vld|             local_regs_29_24_promoted_out|       pointer|
|local_regs_29_23_promoted_out         |  out|   32|      ap_vld|             local_regs_29_23_promoted_out|       pointer|
|local_regs_29_23_promoted_out_ap_vld  |  out|    1|      ap_vld|             local_regs_29_23_promoted_out|       pointer|
|local_regs_29_22_promoted_out         |  out|   32|      ap_vld|             local_regs_29_22_promoted_out|       pointer|
|local_regs_29_22_promoted_out_ap_vld  |  out|    1|      ap_vld|             local_regs_29_22_promoted_out|       pointer|
|local_regs_29_21_promoted_out         |  out|   32|      ap_vld|             local_regs_29_21_promoted_out|       pointer|
|local_regs_29_21_promoted_out_ap_vld  |  out|    1|      ap_vld|             local_regs_29_21_promoted_out|       pointer|
|local_regs_29_20_promoted_out         |  out|   32|      ap_vld|             local_regs_29_20_promoted_out|       pointer|
|local_regs_29_20_promoted_out_ap_vld  |  out|    1|      ap_vld|             local_regs_29_20_promoted_out|       pointer|
|local_regs_29_19_promoted_out         |  out|   32|      ap_vld|             local_regs_29_19_promoted_out|       pointer|
|local_regs_29_19_promoted_out_ap_vld  |  out|    1|      ap_vld|             local_regs_29_19_promoted_out|       pointer|
|local_regs_29_18_promoted_out         |  out|   32|      ap_vld|             local_regs_29_18_promoted_out|       pointer|
|local_regs_29_18_promoted_out_ap_vld  |  out|    1|      ap_vld|             local_regs_29_18_promoted_out|       pointer|
|local_regs_29_17_promoted_out         |  out|   32|      ap_vld|             local_regs_29_17_promoted_out|       pointer|
|local_regs_29_17_promoted_out_ap_vld  |  out|    1|      ap_vld|             local_regs_29_17_promoted_out|       pointer|
|local_regs_29_16_promoted_out         |  out|   32|      ap_vld|             local_regs_29_16_promoted_out|       pointer|
|local_regs_29_16_promoted_out_ap_vld  |  out|    1|      ap_vld|             local_regs_29_16_promoted_out|       pointer|
|local_regs_29_15_promoted_out         |  out|   32|      ap_vld|             local_regs_29_15_promoted_out|       pointer|
|local_regs_29_15_promoted_out_ap_vld  |  out|    1|      ap_vld|             local_regs_29_15_promoted_out|       pointer|
|local_regs_29_14_promoted_out         |  out|   32|      ap_vld|             local_regs_29_14_promoted_out|       pointer|
|local_regs_29_14_promoted_out_ap_vld  |  out|    1|      ap_vld|             local_regs_29_14_promoted_out|       pointer|
|local_regs_29_13_promoted_out         |  out|   32|      ap_vld|             local_regs_29_13_promoted_out|       pointer|
|local_regs_29_13_promoted_out_ap_vld  |  out|    1|      ap_vld|             local_regs_29_13_promoted_out|       pointer|
|local_regs_29_12_promoted_out         |  out|   32|      ap_vld|             local_regs_29_12_promoted_out|       pointer|
|local_regs_29_12_promoted_out_ap_vld  |  out|    1|      ap_vld|             local_regs_29_12_promoted_out|       pointer|
|local_regs_29_11_promoted_out         |  out|   32|      ap_vld|             local_regs_29_11_promoted_out|       pointer|
|local_regs_29_11_promoted_out_ap_vld  |  out|    1|      ap_vld|             local_regs_29_11_promoted_out|       pointer|
|local_regs_29_10_promoted_out         |  out|   32|      ap_vld|             local_regs_29_10_promoted_out|       pointer|
|local_regs_29_10_promoted_out_ap_vld  |  out|    1|      ap_vld|             local_regs_29_10_promoted_out|       pointer|
|local_regs_29_9_promoted_out          |  out|   32|      ap_vld|              local_regs_29_9_promoted_out|       pointer|
|local_regs_29_9_promoted_out_ap_vld   |  out|    1|      ap_vld|              local_regs_29_9_promoted_out|       pointer|
|local_regs_29_8_promoted_out          |  out|   32|      ap_vld|              local_regs_29_8_promoted_out|       pointer|
|local_regs_29_8_promoted_out_ap_vld   |  out|    1|      ap_vld|              local_regs_29_8_promoted_out|       pointer|
|local_regs_29_7_promoted_out          |  out|   32|      ap_vld|              local_regs_29_7_promoted_out|       pointer|
|local_regs_29_7_promoted_out_ap_vld   |  out|    1|      ap_vld|              local_regs_29_7_promoted_out|       pointer|
|local_regs_29_6_promoted_out          |  out|   32|      ap_vld|              local_regs_29_6_promoted_out|       pointer|
|local_regs_29_6_promoted_out_ap_vld   |  out|    1|      ap_vld|              local_regs_29_6_promoted_out|       pointer|
|local_regs_29_5_promoted_out          |  out|   32|      ap_vld|              local_regs_29_5_promoted_out|       pointer|
|local_regs_29_5_promoted_out_ap_vld   |  out|    1|      ap_vld|              local_regs_29_5_promoted_out|       pointer|
|local_regs_29_4_promoted_out          |  out|   32|      ap_vld|              local_regs_29_4_promoted_out|       pointer|
|local_regs_29_4_promoted_out_ap_vld   |  out|    1|      ap_vld|              local_regs_29_4_promoted_out|       pointer|
|local_regs_29_3_promoted_out          |  out|   32|      ap_vld|              local_regs_29_3_promoted_out|       pointer|
|local_regs_29_3_promoted_out_ap_vld   |  out|    1|      ap_vld|              local_regs_29_3_promoted_out|       pointer|
|local_regs_29_2_promoted_out          |  out|   32|      ap_vld|              local_regs_29_2_promoted_out|       pointer|
|local_regs_29_2_promoted_out_ap_vld   |  out|    1|      ap_vld|              local_regs_29_2_promoted_out|       pointer|
|local_regs_29_1_promoted_out          |  out|   32|      ap_vld|              local_regs_29_1_promoted_out|       pointer|
|local_regs_29_1_promoted_out_ap_vld   |  out|    1|      ap_vld|              local_regs_29_1_promoted_out|       pointer|
|local_regs_29_0_promoted_out          |  out|   32|      ap_vld|              local_regs_29_0_promoted_out|       pointer|
|local_regs_29_0_promoted_out_ap_vld   |  out|    1|      ap_vld|              local_regs_29_0_promoted_out|       pointer|
|local_regs_28_31_promoted_out         |  out|   32|      ap_vld|             local_regs_28_31_promoted_out|       pointer|
|local_regs_28_31_promoted_out_ap_vld  |  out|    1|      ap_vld|             local_regs_28_31_promoted_out|       pointer|
|local_regs_28_30_promoted_out         |  out|   32|      ap_vld|             local_regs_28_30_promoted_out|       pointer|
|local_regs_28_30_promoted_out_ap_vld  |  out|    1|      ap_vld|             local_regs_28_30_promoted_out|       pointer|
|local_regs_28_29_promoted_out         |  out|   32|      ap_vld|             local_regs_28_29_promoted_out|       pointer|
|local_regs_28_29_promoted_out_ap_vld  |  out|    1|      ap_vld|             local_regs_28_29_promoted_out|       pointer|
|local_regs_28_28_promoted_out         |  out|   32|      ap_vld|             local_regs_28_28_promoted_out|       pointer|
|local_regs_28_28_promoted_out_ap_vld  |  out|    1|      ap_vld|             local_regs_28_28_promoted_out|       pointer|
|local_regs_28_27_promoted_out         |  out|   32|      ap_vld|             local_regs_28_27_promoted_out|       pointer|
|local_regs_28_27_promoted_out_ap_vld  |  out|    1|      ap_vld|             local_regs_28_27_promoted_out|       pointer|
|local_regs_28_26_promoted_out         |  out|   32|      ap_vld|             local_regs_28_26_promoted_out|       pointer|
|local_regs_28_26_promoted_out_ap_vld  |  out|    1|      ap_vld|             local_regs_28_26_promoted_out|       pointer|
|local_regs_28_25_promoted_out         |  out|   32|      ap_vld|             local_regs_28_25_promoted_out|       pointer|
|local_regs_28_25_promoted_out_ap_vld  |  out|    1|      ap_vld|             local_regs_28_25_promoted_out|       pointer|
|local_regs_28_24_promoted_out         |  out|   32|      ap_vld|             local_regs_28_24_promoted_out|       pointer|
|local_regs_28_24_promoted_out_ap_vld  |  out|    1|      ap_vld|             local_regs_28_24_promoted_out|       pointer|
|local_regs_28_23_promoted_out         |  out|   32|      ap_vld|             local_regs_28_23_promoted_out|       pointer|
|local_regs_28_23_promoted_out_ap_vld  |  out|    1|      ap_vld|             local_regs_28_23_promoted_out|       pointer|
|local_regs_28_22_promoted_out         |  out|   32|      ap_vld|             local_regs_28_22_promoted_out|       pointer|
|local_regs_28_22_promoted_out_ap_vld  |  out|    1|      ap_vld|             local_regs_28_22_promoted_out|       pointer|
|local_regs_28_21_promoted_out         |  out|   32|      ap_vld|             local_regs_28_21_promoted_out|       pointer|
|local_regs_28_21_promoted_out_ap_vld  |  out|    1|      ap_vld|             local_regs_28_21_promoted_out|       pointer|
|local_regs_28_20_promoted_out         |  out|   32|      ap_vld|             local_regs_28_20_promoted_out|       pointer|
|local_regs_28_20_promoted_out_ap_vld  |  out|    1|      ap_vld|             local_regs_28_20_promoted_out|       pointer|
|local_regs_28_19_promoted_out         |  out|   32|      ap_vld|             local_regs_28_19_promoted_out|       pointer|
|local_regs_28_19_promoted_out_ap_vld  |  out|    1|      ap_vld|             local_regs_28_19_promoted_out|       pointer|
|local_regs_28_18_promoted_out         |  out|   32|      ap_vld|             local_regs_28_18_promoted_out|       pointer|
|local_regs_28_18_promoted_out_ap_vld  |  out|    1|      ap_vld|             local_regs_28_18_promoted_out|       pointer|
|local_regs_28_17_promoted_out         |  out|   32|      ap_vld|             local_regs_28_17_promoted_out|       pointer|
|local_regs_28_17_promoted_out_ap_vld  |  out|    1|      ap_vld|             local_regs_28_17_promoted_out|       pointer|
|local_regs_28_16_promoted_out         |  out|   32|      ap_vld|             local_regs_28_16_promoted_out|       pointer|
|local_regs_28_16_promoted_out_ap_vld  |  out|    1|      ap_vld|             local_regs_28_16_promoted_out|       pointer|
|local_regs_28_15_promoted_out         |  out|   32|      ap_vld|             local_regs_28_15_promoted_out|       pointer|
|local_regs_28_15_promoted_out_ap_vld  |  out|    1|      ap_vld|             local_regs_28_15_promoted_out|       pointer|
|local_regs_28_14_promoted_out         |  out|   32|      ap_vld|             local_regs_28_14_promoted_out|       pointer|
|local_regs_28_14_promoted_out_ap_vld  |  out|    1|      ap_vld|             local_regs_28_14_promoted_out|       pointer|
|local_regs_28_13_promoted_out         |  out|   32|      ap_vld|             local_regs_28_13_promoted_out|       pointer|
|local_regs_28_13_promoted_out_ap_vld  |  out|    1|      ap_vld|             local_regs_28_13_promoted_out|       pointer|
|local_regs_28_12_promoted_out         |  out|   32|      ap_vld|             local_regs_28_12_promoted_out|       pointer|
|local_regs_28_12_promoted_out_ap_vld  |  out|    1|      ap_vld|             local_regs_28_12_promoted_out|       pointer|
|local_regs_28_11_promoted_out         |  out|   32|      ap_vld|             local_regs_28_11_promoted_out|       pointer|
|local_regs_28_11_promoted_out_ap_vld  |  out|    1|      ap_vld|             local_regs_28_11_promoted_out|       pointer|
|local_regs_28_10_promoted_out         |  out|   32|      ap_vld|             local_regs_28_10_promoted_out|       pointer|
|local_regs_28_10_promoted_out_ap_vld  |  out|    1|      ap_vld|             local_regs_28_10_promoted_out|       pointer|
|local_regs_28_9_promoted_out          |  out|   32|      ap_vld|              local_regs_28_9_promoted_out|       pointer|
|local_regs_28_9_promoted_out_ap_vld   |  out|    1|      ap_vld|              local_regs_28_9_promoted_out|       pointer|
|local_regs_28_8_promoted_out          |  out|   32|      ap_vld|              local_regs_28_8_promoted_out|       pointer|
|local_regs_28_8_promoted_out_ap_vld   |  out|    1|      ap_vld|              local_regs_28_8_promoted_out|       pointer|
|local_regs_28_7_promoted_out          |  out|   32|      ap_vld|              local_regs_28_7_promoted_out|       pointer|
|local_regs_28_7_promoted_out_ap_vld   |  out|    1|      ap_vld|              local_regs_28_7_promoted_out|       pointer|
|local_regs_28_6_promoted_out          |  out|   32|      ap_vld|              local_regs_28_6_promoted_out|       pointer|
|local_regs_28_6_promoted_out_ap_vld   |  out|    1|      ap_vld|              local_regs_28_6_promoted_out|       pointer|
|local_regs_28_5_promoted_out          |  out|   32|      ap_vld|              local_regs_28_5_promoted_out|       pointer|
|local_regs_28_5_promoted_out_ap_vld   |  out|    1|      ap_vld|              local_regs_28_5_promoted_out|       pointer|
|local_regs_28_4_promoted_out          |  out|   32|      ap_vld|              local_regs_28_4_promoted_out|       pointer|
|local_regs_28_4_promoted_out_ap_vld   |  out|    1|      ap_vld|              local_regs_28_4_promoted_out|       pointer|
|local_regs_28_3_promoted_out          |  out|   32|      ap_vld|              local_regs_28_3_promoted_out|       pointer|
|local_regs_28_3_promoted_out_ap_vld   |  out|    1|      ap_vld|              local_regs_28_3_promoted_out|       pointer|
|local_regs_28_2_promoted_out          |  out|   32|      ap_vld|              local_regs_28_2_promoted_out|       pointer|
|local_regs_28_2_promoted_out_ap_vld   |  out|    1|      ap_vld|              local_regs_28_2_promoted_out|       pointer|
|local_regs_28_1_promoted_out          |  out|   32|      ap_vld|              local_regs_28_1_promoted_out|       pointer|
|local_regs_28_1_promoted_out_ap_vld   |  out|    1|      ap_vld|              local_regs_28_1_promoted_out|       pointer|
|local_regs_28_0_promoted_out          |  out|   32|      ap_vld|              local_regs_28_0_promoted_out|       pointer|
|local_regs_28_0_promoted_out_ap_vld   |  out|    1|      ap_vld|              local_regs_28_0_promoted_out|       pointer|
|local_regs_27_31_promoted_out         |  out|   32|      ap_vld|             local_regs_27_31_promoted_out|       pointer|
|local_regs_27_31_promoted_out_ap_vld  |  out|    1|      ap_vld|             local_regs_27_31_promoted_out|       pointer|
|local_regs_27_30_promoted_out         |  out|   32|      ap_vld|             local_regs_27_30_promoted_out|       pointer|
|local_regs_27_30_promoted_out_ap_vld  |  out|    1|      ap_vld|             local_regs_27_30_promoted_out|       pointer|
|local_regs_27_29_promoted_out         |  out|   32|      ap_vld|             local_regs_27_29_promoted_out|       pointer|
|local_regs_27_29_promoted_out_ap_vld  |  out|    1|      ap_vld|             local_regs_27_29_promoted_out|       pointer|
|local_regs_27_28_promoted_out         |  out|   32|      ap_vld|             local_regs_27_28_promoted_out|       pointer|
|local_regs_27_28_promoted_out_ap_vld  |  out|    1|      ap_vld|             local_regs_27_28_promoted_out|       pointer|
|local_regs_27_27_promoted_out         |  out|   32|      ap_vld|             local_regs_27_27_promoted_out|       pointer|
|local_regs_27_27_promoted_out_ap_vld  |  out|    1|      ap_vld|             local_regs_27_27_promoted_out|       pointer|
|local_regs_27_26_promoted_out         |  out|   32|      ap_vld|             local_regs_27_26_promoted_out|       pointer|
|local_regs_27_26_promoted_out_ap_vld  |  out|    1|      ap_vld|             local_regs_27_26_promoted_out|       pointer|
|local_regs_27_25_promoted_out         |  out|   32|      ap_vld|             local_regs_27_25_promoted_out|       pointer|
|local_regs_27_25_promoted_out_ap_vld  |  out|    1|      ap_vld|             local_regs_27_25_promoted_out|       pointer|
|local_regs_27_24_promoted_out         |  out|   32|      ap_vld|             local_regs_27_24_promoted_out|       pointer|
|local_regs_27_24_promoted_out_ap_vld  |  out|    1|      ap_vld|             local_regs_27_24_promoted_out|       pointer|
|local_regs_27_23_promoted_out         |  out|   32|      ap_vld|             local_regs_27_23_promoted_out|       pointer|
|local_regs_27_23_promoted_out_ap_vld  |  out|    1|      ap_vld|             local_regs_27_23_promoted_out|       pointer|
|local_regs_27_22_promoted_out         |  out|   32|      ap_vld|             local_regs_27_22_promoted_out|       pointer|
|local_regs_27_22_promoted_out_ap_vld  |  out|    1|      ap_vld|             local_regs_27_22_promoted_out|       pointer|
|local_regs_27_21_promoted_out         |  out|   32|      ap_vld|             local_regs_27_21_promoted_out|       pointer|
|local_regs_27_21_promoted_out_ap_vld  |  out|    1|      ap_vld|             local_regs_27_21_promoted_out|       pointer|
|local_regs_27_20_promoted_out         |  out|   32|      ap_vld|             local_regs_27_20_promoted_out|       pointer|
|local_regs_27_20_promoted_out_ap_vld  |  out|    1|      ap_vld|             local_regs_27_20_promoted_out|       pointer|
|local_regs_27_19_promoted_out         |  out|   32|      ap_vld|             local_regs_27_19_promoted_out|       pointer|
|local_regs_27_19_promoted_out_ap_vld  |  out|    1|      ap_vld|             local_regs_27_19_promoted_out|       pointer|
|local_regs_27_18_promoted_out         |  out|   32|      ap_vld|             local_regs_27_18_promoted_out|       pointer|
|local_regs_27_18_promoted_out_ap_vld  |  out|    1|      ap_vld|             local_regs_27_18_promoted_out|       pointer|
|local_regs_27_17_promoted_out         |  out|   32|      ap_vld|             local_regs_27_17_promoted_out|       pointer|
|local_regs_27_17_promoted_out_ap_vld  |  out|    1|      ap_vld|             local_regs_27_17_promoted_out|       pointer|
|local_regs_27_16_promoted_out         |  out|   32|      ap_vld|             local_regs_27_16_promoted_out|       pointer|
|local_regs_27_16_promoted_out_ap_vld  |  out|    1|      ap_vld|             local_regs_27_16_promoted_out|       pointer|
|local_regs_27_15_promoted_out         |  out|   32|      ap_vld|             local_regs_27_15_promoted_out|       pointer|
|local_regs_27_15_promoted_out_ap_vld  |  out|    1|      ap_vld|             local_regs_27_15_promoted_out|       pointer|
|local_regs_27_14_promoted_out         |  out|   32|      ap_vld|             local_regs_27_14_promoted_out|       pointer|
|local_regs_27_14_promoted_out_ap_vld  |  out|    1|      ap_vld|             local_regs_27_14_promoted_out|       pointer|
|local_regs_27_13_promoted_out         |  out|   32|      ap_vld|             local_regs_27_13_promoted_out|       pointer|
|local_regs_27_13_promoted_out_ap_vld  |  out|    1|      ap_vld|             local_regs_27_13_promoted_out|       pointer|
|local_regs_27_12_promoted_out         |  out|   32|      ap_vld|             local_regs_27_12_promoted_out|       pointer|
|local_regs_27_12_promoted_out_ap_vld  |  out|    1|      ap_vld|             local_regs_27_12_promoted_out|       pointer|
|local_regs_27_11_promoted_out         |  out|   32|      ap_vld|             local_regs_27_11_promoted_out|       pointer|
|local_regs_27_11_promoted_out_ap_vld  |  out|    1|      ap_vld|             local_regs_27_11_promoted_out|       pointer|
|local_regs_27_10_promoted_out         |  out|   32|      ap_vld|             local_regs_27_10_promoted_out|       pointer|
|local_regs_27_10_promoted_out_ap_vld  |  out|    1|      ap_vld|             local_regs_27_10_promoted_out|       pointer|
|local_regs_27_9_promoted_out          |  out|   32|      ap_vld|              local_regs_27_9_promoted_out|       pointer|
|local_regs_27_9_promoted_out_ap_vld   |  out|    1|      ap_vld|              local_regs_27_9_promoted_out|       pointer|
|local_regs_27_8_promoted_out          |  out|   32|      ap_vld|              local_regs_27_8_promoted_out|       pointer|
|local_regs_27_8_promoted_out_ap_vld   |  out|    1|      ap_vld|              local_regs_27_8_promoted_out|       pointer|
|local_regs_27_7_promoted_out          |  out|   32|      ap_vld|              local_regs_27_7_promoted_out|       pointer|
|local_regs_27_7_promoted_out_ap_vld   |  out|    1|      ap_vld|              local_regs_27_7_promoted_out|       pointer|
|local_regs_27_6_promoted_out          |  out|   32|      ap_vld|              local_regs_27_6_promoted_out|       pointer|
|local_regs_27_6_promoted_out_ap_vld   |  out|    1|      ap_vld|              local_regs_27_6_promoted_out|       pointer|
|local_regs_27_5_promoted_out          |  out|   32|      ap_vld|              local_regs_27_5_promoted_out|       pointer|
|local_regs_27_5_promoted_out_ap_vld   |  out|    1|      ap_vld|              local_regs_27_5_promoted_out|       pointer|
|local_regs_27_4_promoted_out          |  out|   32|      ap_vld|              local_regs_27_4_promoted_out|       pointer|
|local_regs_27_4_promoted_out_ap_vld   |  out|    1|      ap_vld|              local_regs_27_4_promoted_out|       pointer|
|local_regs_27_3_promoted_out          |  out|   32|      ap_vld|              local_regs_27_3_promoted_out|       pointer|
|local_regs_27_3_promoted_out_ap_vld   |  out|    1|      ap_vld|              local_regs_27_3_promoted_out|       pointer|
|local_regs_27_2_promoted_out          |  out|   32|      ap_vld|              local_regs_27_2_promoted_out|       pointer|
|local_regs_27_2_promoted_out_ap_vld   |  out|    1|      ap_vld|              local_regs_27_2_promoted_out|       pointer|
|local_regs_27_1_promoted_out          |  out|   32|      ap_vld|              local_regs_27_1_promoted_out|       pointer|
|local_regs_27_1_promoted_out_ap_vld   |  out|    1|      ap_vld|              local_regs_27_1_promoted_out|       pointer|
|local_regs_27_0_promoted_out          |  out|   32|      ap_vld|              local_regs_27_0_promoted_out|       pointer|
|local_regs_27_0_promoted_out_ap_vld   |  out|    1|      ap_vld|              local_regs_27_0_promoted_out|       pointer|
|local_regs_26_31_promoted_out         |  out|   32|      ap_vld|             local_regs_26_31_promoted_out|       pointer|
|local_regs_26_31_promoted_out_ap_vld  |  out|    1|      ap_vld|             local_regs_26_31_promoted_out|       pointer|
|local_regs_26_30_promoted_out         |  out|   32|      ap_vld|             local_regs_26_30_promoted_out|       pointer|
|local_regs_26_30_promoted_out_ap_vld  |  out|    1|      ap_vld|             local_regs_26_30_promoted_out|       pointer|
|local_regs_26_29_promoted_out         |  out|   32|      ap_vld|             local_regs_26_29_promoted_out|       pointer|
|local_regs_26_29_promoted_out_ap_vld  |  out|    1|      ap_vld|             local_regs_26_29_promoted_out|       pointer|
|local_regs_26_28_promoted_out         |  out|   32|      ap_vld|             local_regs_26_28_promoted_out|       pointer|
|local_regs_26_28_promoted_out_ap_vld  |  out|    1|      ap_vld|             local_regs_26_28_promoted_out|       pointer|
|local_regs_26_27_promoted_out         |  out|   32|      ap_vld|             local_regs_26_27_promoted_out|       pointer|
|local_regs_26_27_promoted_out_ap_vld  |  out|    1|      ap_vld|             local_regs_26_27_promoted_out|       pointer|
|local_regs_26_26_promoted_out         |  out|   32|      ap_vld|             local_regs_26_26_promoted_out|       pointer|
|local_regs_26_26_promoted_out_ap_vld  |  out|    1|      ap_vld|             local_regs_26_26_promoted_out|       pointer|
|local_regs_26_25_promoted_out         |  out|   32|      ap_vld|             local_regs_26_25_promoted_out|       pointer|
|local_regs_26_25_promoted_out_ap_vld  |  out|    1|      ap_vld|             local_regs_26_25_promoted_out|       pointer|
|local_regs_26_24_promoted_out         |  out|   32|      ap_vld|             local_regs_26_24_promoted_out|       pointer|
|local_regs_26_24_promoted_out_ap_vld  |  out|    1|      ap_vld|             local_regs_26_24_promoted_out|       pointer|
|local_regs_26_23_promoted_out         |  out|   32|      ap_vld|             local_regs_26_23_promoted_out|       pointer|
|local_regs_26_23_promoted_out_ap_vld  |  out|    1|      ap_vld|             local_regs_26_23_promoted_out|       pointer|
|local_regs_26_22_promoted_out         |  out|   32|      ap_vld|             local_regs_26_22_promoted_out|       pointer|
|local_regs_26_22_promoted_out_ap_vld  |  out|    1|      ap_vld|             local_regs_26_22_promoted_out|       pointer|
|local_regs_26_21_promoted_out         |  out|   32|      ap_vld|             local_regs_26_21_promoted_out|       pointer|
|local_regs_26_21_promoted_out_ap_vld  |  out|    1|      ap_vld|             local_regs_26_21_promoted_out|       pointer|
|local_regs_26_20_promoted_out         |  out|   32|      ap_vld|             local_regs_26_20_promoted_out|       pointer|
|local_regs_26_20_promoted_out_ap_vld  |  out|    1|      ap_vld|             local_regs_26_20_promoted_out|       pointer|
|local_regs_26_19_promoted_out         |  out|   32|      ap_vld|             local_regs_26_19_promoted_out|       pointer|
|local_regs_26_19_promoted_out_ap_vld  |  out|    1|      ap_vld|             local_regs_26_19_promoted_out|       pointer|
|local_regs_26_18_promoted_out         |  out|   32|      ap_vld|             local_regs_26_18_promoted_out|       pointer|
|local_regs_26_18_promoted_out_ap_vld  |  out|    1|      ap_vld|             local_regs_26_18_promoted_out|       pointer|
|local_regs_26_17_promoted_out         |  out|   32|      ap_vld|             local_regs_26_17_promoted_out|       pointer|
|local_regs_26_17_promoted_out_ap_vld  |  out|    1|      ap_vld|             local_regs_26_17_promoted_out|       pointer|
|local_regs_26_16_promoted_out         |  out|   32|      ap_vld|             local_regs_26_16_promoted_out|       pointer|
|local_regs_26_16_promoted_out_ap_vld  |  out|    1|      ap_vld|             local_regs_26_16_promoted_out|       pointer|
|local_regs_26_15_promoted_out         |  out|   32|      ap_vld|             local_regs_26_15_promoted_out|       pointer|
|local_regs_26_15_promoted_out_ap_vld  |  out|    1|      ap_vld|             local_regs_26_15_promoted_out|       pointer|
|local_regs_26_14_promoted_out         |  out|   32|      ap_vld|             local_regs_26_14_promoted_out|       pointer|
|local_regs_26_14_promoted_out_ap_vld  |  out|    1|      ap_vld|             local_regs_26_14_promoted_out|       pointer|
|local_regs_26_13_promoted_out         |  out|   32|      ap_vld|             local_regs_26_13_promoted_out|       pointer|
|local_regs_26_13_promoted_out_ap_vld  |  out|    1|      ap_vld|             local_regs_26_13_promoted_out|       pointer|
|local_regs_26_12_promoted_out         |  out|   32|      ap_vld|             local_regs_26_12_promoted_out|       pointer|
|local_regs_26_12_promoted_out_ap_vld  |  out|    1|      ap_vld|             local_regs_26_12_promoted_out|       pointer|
|local_regs_26_11_promoted_out         |  out|   32|      ap_vld|             local_regs_26_11_promoted_out|       pointer|
|local_regs_26_11_promoted_out_ap_vld  |  out|    1|      ap_vld|             local_regs_26_11_promoted_out|       pointer|
|local_regs_26_10_promoted_out         |  out|   32|      ap_vld|             local_regs_26_10_promoted_out|       pointer|
|local_regs_26_10_promoted_out_ap_vld  |  out|    1|      ap_vld|             local_regs_26_10_promoted_out|       pointer|
|local_regs_26_9_promoted_out          |  out|   32|      ap_vld|              local_regs_26_9_promoted_out|       pointer|
|local_regs_26_9_promoted_out_ap_vld   |  out|    1|      ap_vld|              local_regs_26_9_promoted_out|       pointer|
|local_regs_26_8_promoted_out          |  out|   32|      ap_vld|              local_regs_26_8_promoted_out|       pointer|
|local_regs_26_8_promoted_out_ap_vld   |  out|    1|      ap_vld|              local_regs_26_8_promoted_out|       pointer|
|local_regs_26_7_promoted_out          |  out|   32|      ap_vld|              local_regs_26_7_promoted_out|       pointer|
|local_regs_26_7_promoted_out_ap_vld   |  out|    1|      ap_vld|              local_regs_26_7_promoted_out|       pointer|
|local_regs_26_6_promoted_out          |  out|   32|      ap_vld|              local_regs_26_6_promoted_out|       pointer|
|local_regs_26_6_promoted_out_ap_vld   |  out|    1|      ap_vld|              local_regs_26_6_promoted_out|       pointer|
|local_regs_26_5_promoted_out          |  out|   32|      ap_vld|              local_regs_26_5_promoted_out|       pointer|
|local_regs_26_5_promoted_out_ap_vld   |  out|    1|      ap_vld|              local_regs_26_5_promoted_out|       pointer|
|local_regs_26_4_promoted_out          |  out|   32|      ap_vld|              local_regs_26_4_promoted_out|       pointer|
|local_regs_26_4_promoted_out_ap_vld   |  out|    1|      ap_vld|              local_regs_26_4_promoted_out|       pointer|
|local_regs_26_3_promoted_out          |  out|   32|      ap_vld|              local_regs_26_3_promoted_out|       pointer|
|local_regs_26_3_promoted_out_ap_vld   |  out|    1|      ap_vld|              local_regs_26_3_promoted_out|       pointer|
|local_regs_26_2_promoted_out          |  out|   32|      ap_vld|              local_regs_26_2_promoted_out|       pointer|
|local_regs_26_2_promoted_out_ap_vld   |  out|    1|      ap_vld|              local_regs_26_2_promoted_out|       pointer|
|local_regs_26_1_promoted_out          |  out|   32|      ap_vld|              local_regs_26_1_promoted_out|       pointer|
|local_regs_26_1_promoted_out_ap_vld   |  out|    1|      ap_vld|              local_regs_26_1_promoted_out|       pointer|
|local_regs_26_0_promoted_out          |  out|   32|      ap_vld|              local_regs_26_0_promoted_out|       pointer|
|local_regs_26_0_promoted_out_ap_vld   |  out|    1|      ap_vld|              local_regs_26_0_promoted_out|       pointer|
|local_regs_25_31_promoted_out         |  out|   32|      ap_vld|             local_regs_25_31_promoted_out|       pointer|
|local_regs_25_31_promoted_out_ap_vld  |  out|    1|      ap_vld|             local_regs_25_31_promoted_out|       pointer|
|local_regs_25_30_promoted_out         |  out|   32|      ap_vld|             local_regs_25_30_promoted_out|       pointer|
|local_regs_25_30_promoted_out_ap_vld  |  out|    1|      ap_vld|             local_regs_25_30_promoted_out|       pointer|
|local_regs_25_29_promoted_out         |  out|   32|      ap_vld|             local_regs_25_29_promoted_out|       pointer|
|local_regs_25_29_promoted_out_ap_vld  |  out|    1|      ap_vld|             local_regs_25_29_promoted_out|       pointer|
|local_regs_25_28_promoted_out         |  out|   32|      ap_vld|             local_regs_25_28_promoted_out|       pointer|
|local_regs_25_28_promoted_out_ap_vld  |  out|    1|      ap_vld|             local_regs_25_28_promoted_out|       pointer|
|local_regs_25_27_promoted_out         |  out|   32|      ap_vld|             local_regs_25_27_promoted_out|       pointer|
|local_regs_25_27_promoted_out_ap_vld  |  out|    1|      ap_vld|             local_regs_25_27_promoted_out|       pointer|
|local_regs_25_26_promoted_out         |  out|   32|      ap_vld|             local_regs_25_26_promoted_out|       pointer|
|local_regs_25_26_promoted_out_ap_vld  |  out|    1|      ap_vld|             local_regs_25_26_promoted_out|       pointer|
|local_regs_25_25_promoted_out         |  out|   32|      ap_vld|             local_regs_25_25_promoted_out|       pointer|
|local_regs_25_25_promoted_out_ap_vld  |  out|    1|      ap_vld|             local_regs_25_25_promoted_out|       pointer|
|local_regs_25_24_promoted_out         |  out|   32|      ap_vld|             local_regs_25_24_promoted_out|       pointer|
|local_regs_25_24_promoted_out_ap_vld  |  out|    1|      ap_vld|             local_regs_25_24_promoted_out|       pointer|
|local_regs_25_23_promoted_out         |  out|   32|      ap_vld|             local_regs_25_23_promoted_out|       pointer|
|local_regs_25_23_promoted_out_ap_vld  |  out|    1|      ap_vld|             local_regs_25_23_promoted_out|       pointer|
|local_regs_25_22_promoted_out         |  out|   32|      ap_vld|             local_regs_25_22_promoted_out|       pointer|
|local_regs_25_22_promoted_out_ap_vld  |  out|    1|      ap_vld|             local_regs_25_22_promoted_out|       pointer|
|local_regs_25_21_promoted_out         |  out|   32|      ap_vld|             local_regs_25_21_promoted_out|       pointer|
|local_regs_25_21_promoted_out_ap_vld  |  out|    1|      ap_vld|             local_regs_25_21_promoted_out|       pointer|
|local_regs_25_20_promoted_out         |  out|   32|      ap_vld|             local_regs_25_20_promoted_out|       pointer|
|local_regs_25_20_promoted_out_ap_vld  |  out|    1|      ap_vld|             local_regs_25_20_promoted_out|       pointer|
|local_regs_25_19_promoted_out         |  out|   32|      ap_vld|             local_regs_25_19_promoted_out|       pointer|
|local_regs_25_19_promoted_out_ap_vld  |  out|    1|      ap_vld|             local_regs_25_19_promoted_out|       pointer|
|local_regs_25_18_promoted_out         |  out|   32|      ap_vld|             local_regs_25_18_promoted_out|       pointer|
|local_regs_25_18_promoted_out_ap_vld  |  out|    1|      ap_vld|             local_regs_25_18_promoted_out|       pointer|
|local_regs_25_17_promoted_out         |  out|   32|      ap_vld|             local_regs_25_17_promoted_out|       pointer|
|local_regs_25_17_promoted_out_ap_vld  |  out|    1|      ap_vld|             local_regs_25_17_promoted_out|       pointer|
|local_regs_25_16_promoted_out         |  out|   32|      ap_vld|             local_regs_25_16_promoted_out|       pointer|
|local_regs_25_16_promoted_out_ap_vld  |  out|    1|      ap_vld|             local_regs_25_16_promoted_out|       pointer|
|local_regs_25_15_promoted_out         |  out|   32|      ap_vld|             local_regs_25_15_promoted_out|       pointer|
|local_regs_25_15_promoted_out_ap_vld  |  out|    1|      ap_vld|             local_regs_25_15_promoted_out|       pointer|
|local_regs_25_14_promoted_out         |  out|   32|      ap_vld|             local_regs_25_14_promoted_out|       pointer|
|local_regs_25_14_promoted_out_ap_vld  |  out|    1|      ap_vld|             local_regs_25_14_promoted_out|       pointer|
|local_regs_25_13_promoted_out         |  out|   32|      ap_vld|             local_regs_25_13_promoted_out|       pointer|
|local_regs_25_13_promoted_out_ap_vld  |  out|    1|      ap_vld|             local_regs_25_13_promoted_out|       pointer|
|local_regs_25_12_promoted_out         |  out|   32|      ap_vld|             local_regs_25_12_promoted_out|       pointer|
|local_regs_25_12_promoted_out_ap_vld  |  out|    1|      ap_vld|             local_regs_25_12_promoted_out|       pointer|
|local_regs_25_11_promoted_out         |  out|   32|      ap_vld|             local_regs_25_11_promoted_out|       pointer|
|local_regs_25_11_promoted_out_ap_vld  |  out|    1|      ap_vld|             local_regs_25_11_promoted_out|       pointer|
|local_regs_25_10_promoted_out         |  out|   32|      ap_vld|             local_regs_25_10_promoted_out|       pointer|
|local_regs_25_10_promoted_out_ap_vld  |  out|    1|      ap_vld|             local_regs_25_10_promoted_out|       pointer|
|local_regs_25_9_promoted_out          |  out|   32|      ap_vld|              local_regs_25_9_promoted_out|       pointer|
|local_regs_25_9_promoted_out_ap_vld   |  out|    1|      ap_vld|              local_regs_25_9_promoted_out|       pointer|
|local_regs_25_8_promoted_out          |  out|   32|      ap_vld|              local_regs_25_8_promoted_out|       pointer|
|local_regs_25_8_promoted_out_ap_vld   |  out|    1|      ap_vld|              local_regs_25_8_promoted_out|       pointer|
|local_regs_25_7_promoted_out          |  out|   32|      ap_vld|              local_regs_25_7_promoted_out|       pointer|
|local_regs_25_7_promoted_out_ap_vld   |  out|    1|      ap_vld|              local_regs_25_7_promoted_out|       pointer|
|local_regs_25_6_promoted_out          |  out|   32|      ap_vld|              local_regs_25_6_promoted_out|       pointer|
|local_regs_25_6_promoted_out_ap_vld   |  out|    1|      ap_vld|              local_regs_25_6_promoted_out|       pointer|
|local_regs_25_5_promoted_out          |  out|   32|      ap_vld|              local_regs_25_5_promoted_out|       pointer|
|local_regs_25_5_promoted_out_ap_vld   |  out|    1|      ap_vld|              local_regs_25_5_promoted_out|       pointer|
|local_regs_25_4_promoted_out          |  out|   32|      ap_vld|              local_regs_25_4_promoted_out|       pointer|
|local_regs_25_4_promoted_out_ap_vld   |  out|    1|      ap_vld|              local_regs_25_4_promoted_out|       pointer|
|local_regs_25_3_promoted_out          |  out|   32|      ap_vld|              local_regs_25_3_promoted_out|       pointer|
|local_regs_25_3_promoted_out_ap_vld   |  out|    1|      ap_vld|              local_regs_25_3_promoted_out|       pointer|
|local_regs_25_2_promoted_out          |  out|   32|      ap_vld|              local_regs_25_2_promoted_out|       pointer|
|local_regs_25_2_promoted_out_ap_vld   |  out|    1|      ap_vld|              local_regs_25_2_promoted_out|       pointer|
|local_regs_25_1_promoted_out          |  out|   32|      ap_vld|              local_regs_25_1_promoted_out|       pointer|
|local_regs_25_1_promoted_out_ap_vld   |  out|    1|      ap_vld|              local_regs_25_1_promoted_out|       pointer|
|local_regs_25_0_promoted_out          |  out|   32|      ap_vld|              local_regs_25_0_promoted_out|       pointer|
|local_regs_25_0_promoted_out_ap_vld   |  out|    1|      ap_vld|              local_regs_25_0_promoted_out|       pointer|
|local_regs_24_31_promoted_out         |  out|   32|      ap_vld|             local_regs_24_31_promoted_out|       pointer|
|local_regs_24_31_promoted_out_ap_vld  |  out|    1|      ap_vld|             local_regs_24_31_promoted_out|       pointer|
|local_regs_24_30_promoted_out         |  out|   32|      ap_vld|             local_regs_24_30_promoted_out|       pointer|
|local_regs_24_30_promoted_out_ap_vld  |  out|    1|      ap_vld|             local_regs_24_30_promoted_out|       pointer|
|local_regs_24_29_promoted_out         |  out|   32|      ap_vld|             local_regs_24_29_promoted_out|       pointer|
|local_regs_24_29_promoted_out_ap_vld  |  out|    1|      ap_vld|             local_regs_24_29_promoted_out|       pointer|
|local_regs_24_28_promoted_out         |  out|   32|      ap_vld|             local_regs_24_28_promoted_out|       pointer|
|local_regs_24_28_promoted_out_ap_vld  |  out|    1|      ap_vld|             local_regs_24_28_promoted_out|       pointer|
|local_regs_24_27_promoted_out         |  out|   32|      ap_vld|             local_regs_24_27_promoted_out|       pointer|
|local_regs_24_27_promoted_out_ap_vld  |  out|    1|      ap_vld|             local_regs_24_27_promoted_out|       pointer|
|local_regs_24_26_promoted_out         |  out|   32|      ap_vld|             local_regs_24_26_promoted_out|       pointer|
|local_regs_24_26_promoted_out_ap_vld  |  out|    1|      ap_vld|             local_regs_24_26_promoted_out|       pointer|
|local_regs_24_25_promoted_out         |  out|   32|      ap_vld|             local_regs_24_25_promoted_out|       pointer|
|local_regs_24_25_promoted_out_ap_vld  |  out|    1|      ap_vld|             local_regs_24_25_promoted_out|       pointer|
|local_regs_24_24_promoted_out         |  out|   32|      ap_vld|             local_regs_24_24_promoted_out|       pointer|
|local_regs_24_24_promoted_out_ap_vld  |  out|    1|      ap_vld|             local_regs_24_24_promoted_out|       pointer|
|local_regs_24_23_promoted_out         |  out|   32|      ap_vld|             local_regs_24_23_promoted_out|       pointer|
|local_regs_24_23_promoted_out_ap_vld  |  out|    1|      ap_vld|             local_regs_24_23_promoted_out|       pointer|
|local_regs_24_22_promoted_out         |  out|   32|      ap_vld|             local_regs_24_22_promoted_out|       pointer|
|local_regs_24_22_promoted_out_ap_vld  |  out|    1|      ap_vld|             local_regs_24_22_promoted_out|       pointer|
|local_regs_24_21_promoted_out         |  out|   32|      ap_vld|             local_regs_24_21_promoted_out|       pointer|
|local_regs_24_21_promoted_out_ap_vld  |  out|    1|      ap_vld|             local_regs_24_21_promoted_out|       pointer|
|local_regs_24_20_promoted_out         |  out|   32|      ap_vld|             local_regs_24_20_promoted_out|       pointer|
|local_regs_24_20_promoted_out_ap_vld  |  out|    1|      ap_vld|             local_regs_24_20_promoted_out|       pointer|
|local_regs_24_19_promoted_out         |  out|   32|      ap_vld|             local_regs_24_19_promoted_out|       pointer|
|local_regs_24_19_promoted_out_ap_vld  |  out|    1|      ap_vld|             local_regs_24_19_promoted_out|       pointer|
|local_regs_24_18_promoted_out         |  out|   32|      ap_vld|             local_regs_24_18_promoted_out|       pointer|
|local_regs_24_18_promoted_out_ap_vld  |  out|    1|      ap_vld|             local_regs_24_18_promoted_out|       pointer|
|local_regs_24_17_promoted_out         |  out|   32|      ap_vld|             local_regs_24_17_promoted_out|       pointer|
|local_regs_24_17_promoted_out_ap_vld  |  out|    1|      ap_vld|             local_regs_24_17_promoted_out|       pointer|
|local_regs_24_16_promoted_out         |  out|   32|      ap_vld|             local_regs_24_16_promoted_out|       pointer|
|local_regs_24_16_promoted_out_ap_vld  |  out|    1|      ap_vld|             local_regs_24_16_promoted_out|       pointer|
|local_regs_24_15_promoted_out         |  out|   32|      ap_vld|             local_regs_24_15_promoted_out|       pointer|
|local_regs_24_15_promoted_out_ap_vld  |  out|    1|      ap_vld|             local_regs_24_15_promoted_out|       pointer|
|local_regs_24_14_promoted_out         |  out|   32|      ap_vld|             local_regs_24_14_promoted_out|       pointer|
|local_regs_24_14_promoted_out_ap_vld  |  out|    1|      ap_vld|             local_regs_24_14_promoted_out|       pointer|
|local_regs_24_13_promoted_out         |  out|   32|      ap_vld|             local_regs_24_13_promoted_out|       pointer|
|local_regs_24_13_promoted_out_ap_vld  |  out|    1|      ap_vld|             local_regs_24_13_promoted_out|       pointer|
|local_regs_24_12_promoted_out         |  out|   32|      ap_vld|             local_regs_24_12_promoted_out|       pointer|
|local_regs_24_12_promoted_out_ap_vld  |  out|    1|      ap_vld|             local_regs_24_12_promoted_out|       pointer|
|local_regs_24_11_promoted_out         |  out|   32|      ap_vld|             local_regs_24_11_promoted_out|       pointer|
|local_regs_24_11_promoted_out_ap_vld  |  out|    1|      ap_vld|             local_regs_24_11_promoted_out|       pointer|
|local_regs_24_10_promoted_out         |  out|   32|      ap_vld|             local_regs_24_10_promoted_out|       pointer|
|local_regs_24_10_promoted_out_ap_vld  |  out|    1|      ap_vld|             local_regs_24_10_promoted_out|       pointer|
|local_regs_24_9_promoted_out          |  out|   32|      ap_vld|              local_regs_24_9_promoted_out|       pointer|
|local_regs_24_9_promoted_out_ap_vld   |  out|    1|      ap_vld|              local_regs_24_9_promoted_out|       pointer|
|local_regs_24_8_promoted_out          |  out|   32|      ap_vld|              local_regs_24_8_promoted_out|       pointer|
|local_regs_24_8_promoted_out_ap_vld   |  out|    1|      ap_vld|              local_regs_24_8_promoted_out|       pointer|
|local_regs_24_7_promoted_out          |  out|   32|      ap_vld|              local_regs_24_7_promoted_out|       pointer|
|local_regs_24_7_promoted_out_ap_vld   |  out|    1|      ap_vld|              local_regs_24_7_promoted_out|       pointer|
|local_regs_24_6_promoted_out          |  out|   32|      ap_vld|              local_regs_24_6_promoted_out|       pointer|
|local_regs_24_6_promoted_out_ap_vld   |  out|    1|      ap_vld|              local_regs_24_6_promoted_out|       pointer|
|local_regs_24_5_promoted_out          |  out|   32|      ap_vld|              local_regs_24_5_promoted_out|       pointer|
|local_regs_24_5_promoted_out_ap_vld   |  out|    1|      ap_vld|              local_regs_24_5_promoted_out|       pointer|
|local_regs_24_4_promoted_out          |  out|   32|      ap_vld|              local_regs_24_4_promoted_out|       pointer|
|local_regs_24_4_promoted_out_ap_vld   |  out|    1|      ap_vld|              local_regs_24_4_promoted_out|       pointer|
|local_regs_24_3_promoted_out          |  out|   32|      ap_vld|              local_regs_24_3_promoted_out|       pointer|
|local_regs_24_3_promoted_out_ap_vld   |  out|    1|      ap_vld|              local_regs_24_3_promoted_out|       pointer|
|local_regs_24_2_promoted_out          |  out|   32|      ap_vld|              local_regs_24_2_promoted_out|       pointer|
|local_regs_24_2_promoted_out_ap_vld   |  out|    1|      ap_vld|              local_regs_24_2_promoted_out|       pointer|
|local_regs_24_1_promoted_out          |  out|   32|      ap_vld|              local_regs_24_1_promoted_out|       pointer|
|local_regs_24_1_promoted_out_ap_vld   |  out|    1|      ap_vld|              local_regs_24_1_promoted_out|       pointer|
|local_regs_24_0_promoted_out          |  out|   32|      ap_vld|              local_regs_24_0_promoted_out|       pointer|
|local_regs_24_0_promoted_out_ap_vld   |  out|    1|      ap_vld|              local_regs_24_0_promoted_out|       pointer|
|local_regs_23_31_promoted_out         |  out|   32|      ap_vld|             local_regs_23_31_promoted_out|       pointer|
|local_regs_23_31_promoted_out_ap_vld  |  out|    1|      ap_vld|             local_regs_23_31_promoted_out|       pointer|
|local_regs_23_30_promoted_out         |  out|   32|      ap_vld|             local_regs_23_30_promoted_out|       pointer|
|local_regs_23_30_promoted_out_ap_vld  |  out|    1|      ap_vld|             local_regs_23_30_promoted_out|       pointer|
|local_regs_23_29_promoted_out         |  out|   32|      ap_vld|             local_regs_23_29_promoted_out|       pointer|
|local_regs_23_29_promoted_out_ap_vld  |  out|    1|      ap_vld|             local_regs_23_29_promoted_out|       pointer|
|local_regs_23_28_promoted_out         |  out|   32|      ap_vld|             local_regs_23_28_promoted_out|       pointer|
|local_regs_23_28_promoted_out_ap_vld  |  out|    1|      ap_vld|             local_regs_23_28_promoted_out|       pointer|
|local_regs_23_27_promoted_out         |  out|   32|      ap_vld|             local_regs_23_27_promoted_out|       pointer|
|local_regs_23_27_promoted_out_ap_vld  |  out|    1|      ap_vld|             local_regs_23_27_promoted_out|       pointer|
|local_regs_23_26_promoted_out         |  out|   32|      ap_vld|             local_regs_23_26_promoted_out|       pointer|
|local_regs_23_26_promoted_out_ap_vld  |  out|    1|      ap_vld|             local_regs_23_26_promoted_out|       pointer|
|local_regs_23_25_promoted_out         |  out|   32|      ap_vld|             local_regs_23_25_promoted_out|       pointer|
|local_regs_23_25_promoted_out_ap_vld  |  out|    1|      ap_vld|             local_regs_23_25_promoted_out|       pointer|
|local_regs_23_24_promoted_out         |  out|   32|      ap_vld|             local_regs_23_24_promoted_out|       pointer|
|local_regs_23_24_promoted_out_ap_vld  |  out|    1|      ap_vld|             local_regs_23_24_promoted_out|       pointer|
|local_regs_23_23_promoted_out         |  out|   32|      ap_vld|             local_regs_23_23_promoted_out|       pointer|
|local_regs_23_23_promoted_out_ap_vld  |  out|    1|      ap_vld|             local_regs_23_23_promoted_out|       pointer|
|local_regs_23_22_promoted_out         |  out|   32|      ap_vld|             local_regs_23_22_promoted_out|       pointer|
|local_regs_23_22_promoted_out_ap_vld  |  out|    1|      ap_vld|             local_regs_23_22_promoted_out|       pointer|
|local_regs_23_21_promoted_out         |  out|   32|      ap_vld|             local_regs_23_21_promoted_out|       pointer|
|local_regs_23_21_promoted_out_ap_vld  |  out|    1|      ap_vld|             local_regs_23_21_promoted_out|       pointer|
|local_regs_23_20_promoted_out         |  out|   32|      ap_vld|             local_regs_23_20_promoted_out|       pointer|
|local_regs_23_20_promoted_out_ap_vld  |  out|    1|      ap_vld|             local_regs_23_20_promoted_out|       pointer|
|local_regs_23_19_promoted_out         |  out|   32|      ap_vld|             local_regs_23_19_promoted_out|       pointer|
|local_regs_23_19_promoted_out_ap_vld  |  out|    1|      ap_vld|             local_regs_23_19_promoted_out|       pointer|
|local_regs_23_18_promoted_out         |  out|   32|      ap_vld|             local_regs_23_18_promoted_out|       pointer|
|local_regs_23_18_promoted_out_ap_vld  |  out|    1|      ap_vld|             local_regs_23_18_promoted_out|       pointer|
|local_regs_23_17_promoted_out         |  out|   32|      ap_vld|             local_regs_23_17_promoted_out|       pointer|
|local_regs_23_17_promoted_out_ap_vld  |  out|    1|      ap_vld|             local_regs_23_17_promoted_out|       pointer|
|local_regs_23_16_promoted_out         |  out|   32|      ap_vld|             local_regs_23_16_promoted_out|       pointer|
|local_regs_23_16_promoted_out_ap_vld  |  out|    1|      ap_vld|             local_regs_23_16_promoted_out|       pointer|
|local_regs_23_15_promoted_out         |  out|   32|      ap_vld|             local_regs_23_15_promoted_out|       pointer|
|local_regs_23_15_promoted_out_ap_vld  |  out|    1|      ap_vld|             local_regs_23_15_promoted_out|       pointer|
|local_regs_23_14_promoted_out         |  out|   32|      ap_vld|             local_regs_23_14_promoted_out|       pointer|
|local_regs_23_14_promoted_out_ap_vld  |  out|    1|      ap_vld|             local_regs_23_14_promoted_out|       pointer|
|local_regs_23_13_promoted_out         |  out|   32|      ap_vld|             local_regs_23_13_promoted_out|       pointer|
|local_regs_23_13_promoted_out_ap_vld  |  out|    1|      ap_vld|             local_regs_23_13_promoted_out|       pointer|
|local_regs_23_12_promoted_out         |  out|   32|      ap_vld|             local_regs_23_12_promoted_out|       pointer|
|local_regs_23_12_promoted_out_ap_vld  |  out|    1|      ap_vld|             local_regs_23_12_promoted_out|       pointer|
|local_regs_23_11_promoted_out         |  out|   32|      ap_vld|             local_regs_23_11_promoted_out|       pointer|
|local_regs_23_11_promoted_out_ap_vld  |  out|    1|      ap_vld|             local_regs_23_11_promoted_out|       pointer|
|local_regs_23_10_promoted_out         |  out|   32|      ap_vld|             local_regs_23_10_promoted_out|       pointer|
|local_regs_23_10_promoted_out_ap_vld  |  out|    1|      ap_vld|             local_regs_23_10_promoted_out|       pointer|
|local_regs_23_9_promoted_out          |  out|   32|      ap_vld|              local_regs_23_9_promoted_out|       pointer|
|local_regs_23_9_promoted_out_ap_vld   |  out|    1|      ap_vld|              local_regs_23_9_promoted_out|       pointer|
|local_regs_23_8_promoted_out          |  out|   32|      ap_vld|              local_regs_23_8_promoted_out|       pointer|
|local_regs_23_8_promoted_out_ap_vld   |  out|    1|      ap_vld|              local_regs_23_8_promoted_out|       pointer|
|local_regs_23_7_promoted_out          |  out|   32|      ap_vld|              local_regs_23_7_promoted_out|       pointer|
|local_regs_23_7_promoted_out_ap_vld   |  out|    1|      ap_vld|              local_regs_23_7_promoted_out|       pointer|
|local_regs_23_6_promoted_out          |  out|   32|      ap_vld|              local_regs_23_6_promoted_out|       pointer|
|local_regs_23_6_promoted_out_ap_vld   |  out|    1|      ap_vld|              local_regs_23_6_promoted_out|       pointer|
|local_regs_23_5_promoted_out          |  out|   32|      ap_vld|              local_regs_23_5_promoted_out|       pointer|
|local_regs_23_5_promoted_out_ap_vld   |  out|    1|      ap_vld|              local_regs_23_5_promoted_out|       pointer|
|local_regs_23_4_promoted_out          |  out|   32|      ap_vld|              local_regs_23_4_promoted_out|       pointer|
|local_regs_23_4_promoted_out_ap_vld   |  out|    1|      ap_vld|              local_regs_23_4_promoted_out|       pointer|
|local_regs_23_3_promoted_out          |  out|   32|      ap_vld|              local_regs_23_3_promoted_out|       pointer|
|local_regs_23_3_promoted_out_ap_vld   |  out|    1|      ap_vld|              local_regs_23_3_promoted_out|       pointer|
|local_regs_23_2_promoted_out          |  out|   32|      ap_vld|              local_regs_23_2_promoted_out|       pointer|
|local_regs_23_2_promoted_out_ap_vld   |  out|    1|      ap_vld|              local_regs_23_2_promoted_out|       pointer|
|local_regs_23_1_promoted_out          |  out|   32|      ap_vld|              local_regs_23_1_promoted_out|       pointer|
|local_regs_23_1_promoted_out_ap_vld   |  out|    1|      ap_vld|              local_regs_23_1_promoted_out|       pointer|
|local_regs_23_0_promoted_out          |  out|   32|      ap_vld|              local_regs_23_0_promoted_out|       pointer|
|local_regs_23_0_promoted_out_ap_vld   |  out|    1|      ap_vld|              local_regs_23_0_promoted_out|       pointer|
|local_regs_22_31_promoted_out         |  out|   32|      ap_vld|             local_regs_22_31_promoted_out|       pointer|
|local_regs_22_31_promoted_out_ap_vld  |  out|    1|      ap_vld|             local_regs_22_31_promoted_out|       pointer|
|local_regs_22_30_promoted_out         |  out|   32|      ap_vld|             local_regs_22_30_promoted_out|       pointer|
|local_regs_22_30_promoted_out_ap_vld  |  out|    1|      ap_vld|             local_regs_22_30_promoted_out|       pointer|
|local_regs_22_29_promoted_out         |  out|   32|      ap_vld|             local_regs_22_29_promoted_out|       pointer|
|local_regs_22_29_promoted_out_ap_vld  |  out|    1|      ap_vld|             local_regs_22_29_promoted_out|       pointer|
|local_regs_22_28_promoted_out         |  out|   32|      ap_vld|             local_regs_22_28_promoted_out|       pointer|
|local_regs_22_28_promoted_out_ap_vld  |  out|    1|      ap_vld|             local_regs_22_28_promoted_out|       pointer|
|local_regs_22_27_promoted_out         |  out|   32|      ap_vld|             local_regs_22_27_promoted_out|       pointer|
|local_regs_22_27_promoted_out_ap_vld  |  out|    1|      ap_vld|             local_regs_22_27_promoted_out|       pointer|
|local_regs_22_26_promoted_out         |  out|   32|      ap_vld|             local_regs_22_26_promoted_out|       pointer|
|local_regs_22_26_promoted_out_ap_vld  |  out|    1|      ap_vld|             local_regs_22_26_promoted_out|       pointer|
|local_regs_22_25_promoted_out         |  out|   32|      ap_vld|             local_regs_22_25_promoted_out|       pointer|
|local_regs_22_25_promoted_out_ap_vld  |  out|    1|      ap_vld|             local_regs_22_25_promoted_out|       pointer|
|local_regs_22_24_promoted_out         |  out|   32|      ap_vld|             local_regs_22_24_promoted_out|       pointer|
|local_regs_22_24_promoted_out_ap_vld  |  out|    1|      ap_vld|             local_regs_22_24_promoted_out|       pointer|
|local_regs_22_23_promoted_out         |  out|   32|      ap_vld|             local_regs_22_23_promoted_out|       pointer|
|local_regs_22_23_promoted_out_ap_vld  |  out|    1|      ap_vld|             local_regs_22_23_promoted_out|       pointer|
|local_regs_22_22_promoted_out         |  out|   32|      ap_vld|             local_regs_22_22_promoted_out|       pointer|
|local_regs_22_22_promoted_out_ap_vld  |  out|    1|      ap_vld|             local_regs_22_22_promoted_out|       pointer|
|local_regs_22_21_promoted_out         |  out|   32|      ap_vld|             local_regs_22_21_promoted_out|       pointer|
|local_regs_22_21_promoted_out_ap_vld  |  out|    1|      ap_vld|             local_regs_22_21_promoted_out|       pointer|
|local_regs_22_20_promoted_out         |  out|   32|      ap_vld|             local_regs_22_20_promoted_out|       pointer|
|local_regs_22_20_promoted_out_ap_vld  |  out|    1|      ap_vld|             local_regs_22_20_promoted_out|       pointer|
|local_regs_22_19_promoted_out         |  out|   32|      ap_vld|             local_regs_22_19_promoted_out|       pointer|
|local_regs_22_19_promoted_out_ap_vld  |  out|    1|      ap_vld|             local_regs_22_19_promoted_out|       pointer|
|local_regs_22_18_promoted_out         |  out|   32|      ap_vld|             local_regs_22_18_promoted_out|       pointer|
|local_regs_22_18_promoted_out_ap_vld  |  out|    1|      ap_vld|             local_regs_22_18_promoted_out|       pointer|
|local_regs_22_17_promoted_out         |  out|   32|      ap_vld|             local_regs_22_17_promoted_out|       pointer|
|local_regs_22_17_promoted_out_ap_vld  |  out|    1|      ap_vld|             local_regs_22_17_promoted_out|       pointer|
|local_regs_22_16_promoted_out         |  out|   32|      ap_vld|             local_regs_22_16_promoted_out|       pointer|
|local_regs_22_16_promoted_out_ap_vld  |  out|    1|      ap_vld|             local_regs_22_16_promoted_out|       pointer|
|local_regs_22_15_promoted_out         |  out|   32|      ap_vld|             local_regs_22_15_promoted_out|       pointer|
|local_regs_22_15_promoted_out_ap_vld  |  out|    1|      ap_vld|             local_regs_22_15_promoted_out|       pointer|
|local_regs_22_14_promoted_out         |  out|   32|      ap_vld|             local_regs_22_14_promoted_out|       pointer|
|local_regs_22_14_promoted_out_ap_vld  |  out|    1|      ap_vld|             local_regs_22_14_promoted_out|       pointer|
|local_regs_22_13_promoted_out         |  out|   32|      ap_vld|             local_regs_22_13_promoted_out|       pointer|
|local_regs_22_13_promoted_out_ap_vld  |  out|    1|      ap_vld|             local_regs_22_13_promoted_out|       pointer|
|local_regs_22_12_promoted_out         |  out|   32|      ap_vld|             local_regs_22_12_promoted_out|       pointer|
|local_regs_22_12_promoted_out_ap_vld  |  out|    1|      ap_vld|             local_regs_22_12_promoted_out|       pointer|
|local_regs_22_11_promoted_out         |  out|   32|      ap_vld|             local_regs_22_11_promoted_out|       pointer|
|local_regs_22_11_promoted_out_ap_vld  |  out|    1|      ap_vld|             local_regs_22_11_promoted_out|       pointer|
|local_regs_22_10_promoted_out         |  out|   32|      ap_vld|             local_regs_22_10_promoted_out|       pointer|
|local_regs_22_10_promoted_out_ap_vld  |  out|    1|      ap_vld|             local_regs_22_10_promoted_out|       pointer|
|local_regs_22_9_promoted_out          |  out|   32|      ap_vld|              local_regs_22_9_promoted_out|       pointer|
|local_regs_22_9_promoted_out_ap_vld   |  out|    1|      ap_vld|              local_regs_22_9_promoted_out|       pointer|
|local_regs_22_8_promoted_out          |  out|   32|      ap_vld|              local_regs_22_8_promoted_out|       pointer|
|local_regs_22_8_promoted_out_ap_vld   |  out|    1|      ap_vld|              local_regs_22_8_promoted_out|       pointer|
|local_regs_22_7_promoted_out          |  out|   32|      ap_vld|              local_regs_22_7_promoted_out|       pointer|
|local_regs_22_7_promoted_out_ap_vld   |  out|    1|      ap_vld|              local_regs_22_7_promoted_out|       pointer|
|local_regs_22_6_promoted_out          |  out|   32|      ap_vld|              local_regs_22_6_promoted_out|       pointer|
|local_regs_22_6_promoted_out_ap_vld   |  out|    1|      ap_vld|              local_regs_22_6_promoted_out|       pointer|
|local_regs_22_5_promoted_out          |  out|   32|      ap_vld|              local_regs_22_5_promoted_out|       pointer|
|local_regs_22_5_promoted_out_ap_vld   |  out|    1|      ap_vld|              local_regs_22_5_promoted_out|       pointer|
|local_regs_22_4_promoted_out          |  out|   32|      ap_vld|              local_regs_22_4_promoted_out|       pointer|
|local_regs_22_4_promoted_out_ap_vld   |  out|    1|      ap_vld|              local_regs_22_4_promoted_out|       pointer|
|local_regs_22_3_promoted_out          |  out|   32|      ap_vld|              local_regs_22_3_promoted_out|       pointer|
|local_regs_22_3_promoted_out_ap_vld   |  out|    1|      ap_vld|              local_regs_22_3_promoted_out|       pointer|
|local_regs_22_2_promoted_out          |  out|   32|      ap_vld|              local_regs_22_2_promoted_out|       pointer|
|local_regs_22_2_promoted_out_ap_vld   |  out|    1|      ap_vld|              local_regs_22_2_promoted_out|       pointer|
|local_regs_22_1_promoted_out          |  out|   32|      ap_vld|              local_regs_22_1_promoted_out|       pointer|
|local_regs_22_1_promoted_out_ap_vld   |  out|    1|      ap_vld|              local_regs_22_1_promoted_out|       pointer|
|local_regs_22_0_promoted_out          |  out|   32|      ap_vld|              local_regs_22_0_promoted_out|       pointer|
|local_regs_22_0_promoted_out_ap_vld   |  out|    1|      ap_vld|              local_regs_22_0_promoted_out|       pointer|
|local_regs_21_31_promoted_out         |  out|   32|      ap_vld|             local_regs_21_31_promoted_out|       pointer|
|local_regs_21_31_promoted_out_ap_vld  |  out|    1|      ap_vld|             local_regs_21_31_promoted_out|       pointer|
|local_regs_21_30_promoted_out         |  out|   32|      ap_vld|             local_regs_21_30_promoted_out|       pointer|
|local_regs_21_30_promoted_out_ap_vld  |  out|    1|      ap_vld|             local_regs_21_30_promoted_out|       pointer|
|local_regs_21_29_promoted_out         |  out|   32|      ap_vld|             local_regs_21_29_promoted_out|       pointer|
|local_regs_21_29_promoted_out_ap_vld  |  out|    1|      ap_vld|             local_regs_21_29_promoted_out|       pointer|
|local_regs_21_28_promoted_out         |  out|   32|      ap_vld|             local_regs_21_28_promoted_out|       pointer|
|local_regs_21_28_promoted_out_ap_vld  |  out|    1|      ap_vld|             local_regs_21_28_promoted_out|       pointer|
|local_regs_21_27_promoted_out         |  out|   32|      ap_vld|             local_regs_21_27_promoted_out|       pointer|
|local_regs_21_27_promoted_out_ap_vld  |  out|    1|      ap_vld|             local_regs_21_27_promoted_out|       pointer|
|local_regs_21_26_promoted_out         |  out|   32|      ap_vld|             local_regs_21_26_promoted_out|       pointer|
|local_regs_21_26_promoted_out_ap_vld  |  out|    1|      ap_vld|             local_regs_21_26_promoted_out|       pointer|
|local_regs_21_25_promoted_out         |  out|   32|      ap_vld|             local_regs_21_25_promoted_out|       pointer|
|local_regs_21_25_promoted_out_ap_vld  |  out|    1|      ap_vld|             local_regs_21_25_promoted_out|       pointer|
|local_regs_21_24_promoted_out         |  out|   32|      ap_vld|             local_regs_21_24_promoted_out|       pointer|
|local_regs_21_24_promoted_out_ap_vld  |  out|    1|      ap_vld|             local_regs_21_24_promoted_out|       pointer|
|local_regs_21_23_promoted_out         |  out|   32|      ap_vld|             local_regs_21_23_promoted_out|       pointer|
|local_regs_21_23_promoted_out_ap_vld  |  out|    1|      ap_vld|             local_regs_21_23_promoted_out|       pointer|
|local_regs_21_22_promoted_out         |  out|   32|      ap_vld|             local_regs_21_22_promoted_out|       pointer|
|local_regs_21_22_promoted_out_ap_vld  |  out|    1|      ap_vld|             local_regs_21_22_promoted_out|       pointer|
|local_regs_21_21_promoted_out         |  out|   32|      ap_vld|             local_regs_21_21_promoted_out|       pointer|
|local_regs_21_21_promoted_out_ap_vld  |  out|    1|      ap_vld|             local_regs_21_21_promoted_out|       pointer|
|local_regs_21_20_promoted_out         |  out|   32|      ap_vld|             local_regs_21_20_promoted_out|       pointer|
|local_regs_21_20_promoted_out_ap_vld  |  out|    1|      ap_vld|             local_regs_21_20_promoted_out|       pointer|
|local_regs_21_19_promoted_out         |  out|   32|      ap_vld|             local_regs_21_19_promoted_out|       pointer|
|local_regs_21_19_promoted_out_ap_vld  |  out|    1|      ap_vld|             local_regs_21_19_promoted_out|       pointer|
|local_regs_21_18_promoted_out         |  out|   32|      ap_vld|             local_regs_21_18_promoted_out|       pointer|
|local_regs_21_18_promoted_out_ap_vld  |  out|    1|      ap_vld|             local_regs_21_18_promoted_out|       pointer|
|local_regs_21_17_promoted_out         |  out|   32|      ap_vld|             local_regs_21_17_promoted_out|       pointer|
|local_regs_21_17_promoted_out_ap_vld  |  out|    1|      ap_vld|             local_regs_21_17_promoted_out|       pointer|
|local_regs_21_16_promoted_out         |  out|   32|      ap_vld|             local_regs_21_16_promoted_out|       pointer|
|local_regs_21_16_promoted_out_ap_vld  |  out|    1|      ap_vld|             local_regs_21_16_promoted_out|       pointer|
|local_regs_21_15_promoted_out         |  out|   32|      ap_vld|             local_regs_21_15_promoted_out|       pointer|
|local_regs_21_15_promoted_out_ap_vld  |  out|    1|      ap_vld|             local_regs_21_15_promoted_out|       pointer|
|local_regs_21_14_promoted_out         |  out|   32|      ap_vld|             local_regs_21_14_promoted_out|       pointer|
|local_regs_21_14_promoted_out_ap_vld  |  out|    1|      ap_vld|             local_regs_21_14_promoted_out|       pointer|
|local_regs_21_13_promoted_out         |  out|   32|      ap_vld|             local_regs_21_13_promoted_out|       pointer|
|local_regs_21_13_promoted_out_ap_vld  |  out|    1|      ap_vld|             local_regs_21_13_promoted_out|       pointer|
|local_regs_21_12_promoted_out         |  out|   32|      ap_vld|             local_regs_21_12_promoted_out|       pointer|
|local_regs_21_12_promoted_out_ap_vld  |  out|    1|      ap_vld|             local_regs_21_12_promoted_out|       pointer|
|local_regs_21_11_promoted_out         |  out|   32|      ap_vld|             local_regs_21_11_promoted_out|       pointer|
|local_regs_21_11_promoted_out_ap_vld  |  out|    1|      ap_vld|             local_regs_21_11_promoted_out|       pointer|
|local_regs_21_10_promoted_out         |  out|   32|      ap_vld|             local_regs_21_10_promoted_out|       pointer|
|local_regs_21_10_promoted_out_ap_vld  |  out|    1|      ap_vld|             local_regs_21_10_promoted_out|       pointer|
|local_regs_21_9_promoted_out          |  out|   32|      ap_vld|              local_regs_21_9_promoted_out|       pointer|
|local_regs_21_9_promoted_out_ap_vld   |  out|    1|      ap_vld|              local_regs_21_9_promoted_out|       pointer|
|local_regs_21_8_promoted_out          |  out|   32|      ap_vld|              local_regs_21_8_promoted_out|       pointer|
|local_regs_21_8_promoted_out_ap_vld   |  out|    1|      ap_vld|              local_regs_21_8_promoted_out|       pointer|
|local_regs_21_7_promoted_out          |  out|   32|      ap_vld|              local_regs_21_7_promoted_out|       pointer|
|local_regs_21_7_promoted_out_ap_vld   |  out|    1|      ap_vld|              local_regs_21_7_promoted_out|       pointer|
|local_regs_21_6_promoted_out          |  out|   32|      ap_vld|              local_regs_21_6_promoted_out|       pointer|
|local_regs_21_6_promoted_out_ap_vld   |  out|    1|      ap_vld|              local_regs_21_6_promoted_out|       pointer|
|local_regs_21_5_promoted_out          |  out|   32|      ap_vld|              local_regs_21_5_promoted_out|       pointer|
|local_regs_21_5_promoted_out_ap_vld   |  out|    1|      ap_vld|              local_regs_21_5_promoted_out|       pointer|
|local_regs_21_4_promoted_out          |  out|   32|      ap_vld|              local_regs_21_4_promoted_out|       pointer|
|local_regs_21_4_promoted_out_ap_vld   |  out|    1|      ap_vld|              local_regs_21_4_promoted_out|       pointer|
|local_regs_21_3_promoted_out          |  out|   32|      ap_vld|              local_regs_21_3_promoted_out|       pointer|
|local_regs_21_3_promoted_out_ap_vld   |  out|    1|      ap_vld|              local_regs_21_3_promoted_out|       pointer|
|local_regs_21_2_promoted_out          |  out|   32|      ap_vld|              local_regs_21_2_promoted_out|       pointer|
|local_regs_21_2_promoted_out_ap_vld   |  out|    1|      ap_vld|              local_regs_21_2_promoted_out|       pointer|
|local_regs_21_1_promoted_out          |  out|   32|      ap_vld|              local_regs_21_1_promoted_out|       pointer|
|local_regs_21_1_promoted_out_ap_vld   |  out|    1|      ap_vld|              local_regs_21_1_promoted_out|       pointer|
|local_regs_21_0_promoted_out          |  out|   32|      ap_vld|              local_regs_21_0_promoted_out|       pointer|
|local_regs_21_0_promoted_out_ap_vld   |  out|    1|      ap_vld|              local_regs_21_0_promoted_out|       pointer|
|local_regs_20_31_promoted_out         |  out|   32|      ap_vld|             local_regs_20_31_promoted_out|       pointer|
|local_regs_20_31_promoted_out_ap_vld  |  out|    1|      ap_vld|             local_regs_20_31_promoted_out|       pointer|
|local_regs_20_30_promoted_out         |  out|   32|      ap_vld|             local_regs_20_30_promoted_out|       pointer|
|local_regs_20_30_promoted_out_ap_vld  |  out|    1|      ap_vld|             local_regs_20_30_promoted_out|       pointer|
|local_regs_20_29_promoted_out         |  out|   32|      ap_vld|             local_regs_20_29_promoted_out|       pointer|
|local_regs_20_29_promoted_out_ap_vld  |  out|    1|      ap_vld|             local_regs_20_29_promoted_out|       pointer|
|local_regs_20_28_promoted_out         |  out|   32|      ap_vld|             local_regs_20_28_promoted_out|       pointer|
|local_regs_20_28_promoted_out_ap_vld  |  out|    1|      ap_vld|             local_regs_20_28_promoted_out|       pointer|
|local_regs_20_27_promoted_out         |  out|   32|      ap_vld|             local_regs_20_27_promoted_out|       pointer|
|local_regs_20_27_promoted_out_ap_vld  |  out|    1|      ap_vld|             local_regs_20_27_promoted_out|       pointer|
|local_regs_20_26_promoted_out         |  out|   32|      ap_vld|             local_regs_20_26_promoted_out|       pointer|
|local_regs_20_26_promoted_out_ap_vld  |  out|    1|      ap_vld|             local_regs_20_26_promoted_out|       pointer|
|local_regs_20_25_promoted_out         |  out|   32|      ap_vld|             local_regs_20_25_promoted_out|       pointer|
|local_regs_20_25_promoted_out_ap_vld  |  out|    1|      ap_vld|             local_regs_20_25_promoted_out|       pointer|
|local_regs_20_24_promoted_out         |  out|   32|      ap_vld|             local_regs_20_24_promoted_out|       pointer|
|local_regs_20_24_promoted_out_ap_vld  |  out|    1|      ap_vld|             local_regs_20_24_promoted_out|       pointer|
|local_regs_20_23_promoted_out         |  out|   32|      ap_vld|             local_regs_20_23_promoted_out|       pointer|
|local_regs_20_23_promoted_out_ap_vld  |  out|    1|      ap_vld|             local_regs_20_23_promoted_out|       pointer|
|local_regs_20_22_promoted_out         |  out|   32|      ap_vld|             local_regs_20_22_promoted_out|       pointer|
|local_regs_20_22_promoted_out_ap_vld  |  out|    1|      ap_vld|             local_regs_20_22_promoted_out|       pointer|
|local_regs_20_21_promoted_out         |  out|   32|      ap_vld|             local_regs_20_21_promoted_out|       pointer|
|local_regs_20_21_promoted_out_ap_vld  |  out|    1|      ap_vld|             local_regs_20_21_promoted_out|       pointer|
|local_regs_20_20_promoted_out         |  out|   32|      ap_vld|             local_regs_20_20_promoted_out|       pointer|
|local_regs_20_20_promoted_out_ap_vld  |  out|    1|      ap_vld|             local_regs_20_20_promoted_out|       pointer|
|local_regs_20_19_promoted_out         |  out|   32|      ap_vld|             local_regs_20_19_promoted_out|       pointer|
|local_regs_20_19_promoted_out_ap_vld  |  out|    1|      ap_vld|             local_regs_20_19_promoted_out|       pointer|
|local_regs_20_18_promoted_out         |  out|   32|      ap_vld|             local_regs_20_18_promoted_out|       pointer|
|local_regs_20_18_promoted_out_ap_vld  |  out|    1|      ap_vld|             local_regs_20_18_promoted_out|       pointer|
|local_regs_20_17_promoted_out         |  out|   32|      ap_vld|             local_regs_20_17_promoted_out|       pointer|
|local_regs_20_17_promoted_out_ap_vld  |  out|    1|      ap_vld|             local_regs_20_17_promoted_out|       pointer|
|local_regs_20_16_promoted_out         |  out|   32|      ap_vld|             local_regs_20_16_promoted_out|       pointer|
|local_regs_20_16_promoted_out_ap_vld  |  out|    1|      ap_vld|             local_regs_20_16_promoted_out|       pointer|
|local_regs_20_15_promoted_out         |  out|   32|      ap_vld|             local_regs_20_15_promoted_out|       pointer|
|local_regs_20_15_promoted_out_ap_vld  |  out|    1|      ap_vld|             local_regs_20_15_promoted_out|       pointer|
|local_regs_20_14_promoted_out         |  out|   32|      ap_vld|             local_regs_20_14_promoted_out|       pointer|
|local_regs_20_14_promoted_out_ap_vld  |  out|    1|      ap_vld|             local_regs_20_14_promoted_out|       pointer|
|local_regs_20_13_promoted_out         |  out|   32|      ap_vld|             local_regs_20_13_promoted_out|       pointer|
|local_regs_20_13_promoted_out_ap_vld  |  out|    1|      ap_vld|             local_regs_20_13_promoted_out|       pointer|
|local_regs_20_12_promoted_out         |  out|   32|      ap_vld|             local_regs_20_12_promoted_out|       pointer|
|local_regs_20_12_promoted_out_ap_vld  |  out|    1|      ap_vld|             local_regs_20_12_promoted_out|       pointer|
|local_regs_20_11_promoted_out         |  out|   32|      ap_vld|             local_regs_20_11_promoted_out|       pointer|
|local_regs_20_11_promoted_out_ap_vld  |  out|    1|      ap_vld|             local_regs_20_11_promoted_out|       pointer|
|local_regs_20_10_promoted_out         |  out|   32|      ap_vld|             local_regs_20_10_promoted_out|       pointer|
|local_regs_20_10_promoted_out_ap_vld  |  out|    1|      ap_vld|             local_regs_20_10_promoted_out|       pointer|
|local_regs_20_9_promoted_out          |  out|   32|      ap_vld|              local_regs_20_9_promoted_out|       pointer|
|local_regs_20_9_promoted_out_ap_vld   |  out|    1|      ap_vld|              local_regs_20_9_promoted_out|       pointer|
|local_regs_20_8_promoted_out          |  out|   32|      ap_vld|              local_regs_20_8_promoted_out|       pointer|
|local_regs_20_8_promoted_out_ap_vld   |  out|    1|      ap_vld|              local_regs_20_8_promoted_out|       pointer|
|local_regs_20_7_promoted_out          |  out|   32|      ap_vld|              local_regs_20_7_promoted_out|       pointer|
|local_regs_20_7_promoted_out_ap_vld   |  out|    1|      ap_vld|              local_regs_20_7_promoted_out|       pointer|
|local_regs_20_6_promoted_out          |  out|   32|      ap_vld|              local_regs_20_6_promoted_out|       pointer|
|local_regs_20_6_promoted_out_ap_vld   |  out|    1|      ap_vld|              local_regs_20_6_promoted_out|       pointer|
|local_regs_20_5_promoted_out          |  out|   32|      ap_vld|              local_regs_20_5_promoted_out|       pointer|
|local_regs_20_5_promoted_out_ap_vld   |  out|    1|      ap_vld|              local_regs_20_5_promoted_out|       pointer|
|local_regs_20_4_promoted_out          |  out|   32|      ap_vld|              local_regs_20_4_promoted_out|       pointer|
|local_regs_20_4_promoted_out_ap_vld   |  out|    1|      ap_vld|              local_regs_20_4_promoted_out|       pointer|
|local_regs_20_3_promoted_out          |  out|   32|      ap_vld|              local_regs_20_3_promoted_out|       pointer|
|local_regs_20_3_promoted_out_ap_vld   |  out|    1|      ap_vld|              local_regs_20_3_promoted_out|       pointer|
|local_regs_20_2_promoted_out          |  out|   32|      ap_vld|              local_regs_20_2_promoted_out|       pointer|
|local_regs_20_2_promoted_out_ap_vld   |  out|    1|      ap_vld|              local_regs_20_2_promoted_out|       pointer|
|local_regs_20_1_promoted_out          |  out|   32|      ap_vld|              local_regs_20_1_promoted_out|       pointer|
|local_regs_20_1_promoted_out_ap_vld   |  out|    1|      ap_vld|              local_regs_20_1_promoted_out|       pointer|
|local_regs_20_0_promoted_out          |  out|   32|      ap_vld|              local_regs_20_0_promoted_out|       pointer|
|local_regs_20_0_promoted_out_ap_vld   |  out|    1|      ap_vld|              local_regs_20_0_promoted_out|       pointer|
|local_regs_19_31_promoted_out         |  out|   32|      ap_vld|             local_regs_19_31_promoted_out|       pointer|
|local_regs_19_31_promoted_out_ap_vld  |  out|    1|      ap_vld|             local_regs_19_31_promoted_out|       pointer|
|local_regs_19_30_promoted_out         |  out|   32|      ap_vld|             local_regs_19_30_promoted_out|       pointer|
|local_regs_19_30_promoted_out_ap_vld  |  out|    1|      ap_vld|             local_regs_19_30_promoted_out|       pointer|
|local_regs_19_29_promoted_out         |  out|   32|      ap_vld|             local_regs_19_29_promoted_out|       pointer|
|local_regs_19_29_promoted_out_ap_vld  |  out|    1|      ap_vld|             local_regs_19_29_promoted_out|       pointer|
|local_regs_19_28_promoted_out         |  out|   32|      ap_vld|             local_regs_19_28_promoted_out|       pointer|
|local_regs_19_28_promoted_out_ap_vld  |  out|    1|      ap_vld|             local_regs_19_28_promoted_out|       pointer|
|local_regs_19_27_promoted_out         |  out|   32|      ap_vld|             local_regs_19_27_promoted_out|       pointer|
|local_regs_19_27_promoted_out_ap_vld  |  out|    1|      ap_vld|             local_regs_19_27_promoted_out|       pointer|
|local_regs_19_26_promoted_out         |  out|   32|      ap_vld|             local_regs_19_26_promoted_out|       pointer|
|local_regs_19_26_promoted_out_ap_vld  |  out|    1|      ap_vld|             local_regs_19_26_promoted_out|       pointer|
|local_regs_19_25_promoted_out         |  out|   32|      ap_vld|             local_regs_19_25_promoted_out|       pointer|
|local_regs_19_25_promoted_out_ap_vld  |  out|    1|      ap_vld|             local_regs_19_25_promoted_out|       pointer|
|local_regs_19_24_promoted_out         |  out|   32|      ap_vld|             local_regs_19_24_promoted_out|       pointer|
|local_regs_19_24_promoted_out_ap_vld  |  out|    1|      ap_vld|             local_regs_19_24_promoted_out|       pointer|
|local_regs_19_23_promoted_out         |  out|   32|      ap_vld|             local_regs_19_23_promoted_out|       pointer|
|local_regs_19_23_promoted_out_ap_vld  |  out|    1|      ap_vld|             local_regs_19_23_promoted_out|       pointer|
|local_regs_19_22_promoted_out         |  out|   32|      ap_vld|             local_regs_19_22_promoted_out|       pointer|
|local_regs_19_22_promoted_out_ap_vld  |  out|    1|      ap_vld|             local_regs_19_22_promoted_out|       pointer|
|local_regs_19_21_promoted_out         |  out|   32|      ap_vld|             local_regs_19_21_promoted_out|       pointer|
|local_regs_19_21_promoted_out_ap_vld  |  out|    1|      ap_vld|             local_regs_19_21_promoted_out|       pointer|
|local_regs_19_20_promoted_out         |  out|   32|      ap_vld|             local_regs_19_20_promoted_out|       pointer|
|local_regs_19_20_promoted_out_ap_vld  |  out|    1|      ap_vld|             local_regs_19_20_promoted_out|       pointer|
|local_regs_19_19_promoted_out         |  out|   32|      ap_vld|             local_regs_19_19_promoted_out|       pointer|
|local_regs_19_19_promoted_out_ap_vld  |  out|    1|      ap_vld|             local_regs_19_19_promoted_out|       pointer|
|local_regs_19_18_promoted_out         |  out|   32|      ap_vld|             local_regs_19_18_promoted_out|       pointer|
|local_regs_19_18_promoted_out_ap_vld  |  out|    1|      ap_vld|             local_regs_19_18_promoted_out|       pointer|
|local_regs_19_17_promoted_out         |  out|   32|      ap_vld|             local_regs_19_17_promoted_out|       pointer|
|local_regs_19_17_promoted_out_ap_vld  |  out|    1|      ap_vld|             local_regs_19_17_promoted_out|       pointer|
|local_regs_19_16_promoted_out         |  out|   32|      ap_vld|             local_regs_19_16_promoted_out|       pointer|
|local_regs_19_16_promoted_out_ap_vld  |  out|    1|      ap_vld|             local_regs_19_16_promoted_out|       pointer|
|local_regs_19_15_promoted_out         |  out|   32|      ap_vld|             local_regs_19_15_promoted_out|       pointer|
|local_regs_19_15_promoted_out_ap_vld  |  out|    1|      ap_vld|             local_regs_19_15_promoted_out|       pointer|
|local_regs_19_14_promoted_out         |  out|   32|      ap_vld|             local_regs_19_14_promoted_out|       pointer|
|local_regs_19_14_promoted_out_ap_vld  |  out|    1|      ap_vld|             local_regs_19_14_promoted_out|       pointer|
|local_regs_19_13_promoted_out         |  out|   32|      ap_vld|             local_regs_19_13_promoted_out|       pointer|
|local_regs_19_13_promoted_out_ap_vld  |  out|    1|      ap_vld|             local_regs_19_13_promoted_out|       pointer|
|local_regs_19_12_promoted_out         |  out|   32|      ap_vld|             local_regs_19_12_promoted_out|       pointer|
|local_regs_19_12_promoted_out_ap_vld  |  out|    1|      ap_vld|             local_regs_19_12_promoted_out|       pointer|
|local_regs_19_11_promoted_out         |  out|   32|      ap_vld|             local_regs_19_11_promoted_out|       pointer|
|local_regs_19_11_promoted_out_ap_vld  |  out|    1|      ap_vld|             local_regs_19_11_promoted_out|       pointer|
|local_regs_19_10_promoted_out         |  out|   32|      ap_vld|             local_regs_19_10_promoted_out|       pointer|
|local_regs_19_10_promoted_out_ap_vld  |  out|    1|      ap_vld|             local_regs_19_10_promoted_out|       pointer|
|local_regs_19_9_promoted_out          |  out|   32|      ap_vld|              local_regs_19_9_promoted_out|       pointer|
|local_regs_19_9_promoted_out_ap_vld   |  out|    1|      ap_vld|              local_regs_19_9_promoted_out|       pointer|
|local_regs_19_8_promoted_out          |  out|   32|      ap_vld|              local_regs_19_8_promoted_out|       pointer|
|local_regs_19_8_promoted_out_ap_vld   |  out|    1|      ap_vld|              local_regs_19_8_promoted_out|       pointer|
|local_regs_19_7_promoted_out          |  out|   32|      ap_vld|              local_regs_19_7_promoted_out|       pointer|
|local_regs_19_7_promoted_out_ap_vld   |  out|    1|      ap_vld|              local_regs_19_7_promoted_out|       pointer|
|local_regs_19_6_promoted_out          |  out|   32|      ap_vld|              local_regs_19_6_promoted_out|       pointer|
|local_regs_19_6_promoted_out_ap_vld   |  out|    1|      ap_vld|              local_regs_19_6_promoted_out|       pointer|
|local_regs_19_5_promoted_out          |  out|   32|      ap_vld|              local_regs_19_5_promoted_out|       pointer|
|local_regs_19_5_promoted_out_ap_vld   |  out|    1|      ap_vld|              local_regs_19_5_promoted_out|       pointer|
|local_regs_19_4_promoted_out          |  out|   32|      ap_vld|              local_regs_19_4_promoted_out|       pointer|
|local_regs_19_4_promoted_out_ap_vld   |  out|    1|      ap_vld|              local_regs_19_4_promoted_out|       pointer|
|local_regs_19_3_promoted_out          |  out|   32|      ap_vld|              local_regs_19_3_promoted_out|       pointer|
|local_regs_19_3_promoted_out_ap_vld   |  out|    1|      ap_vld|              local_regs_19_3_promoted_out|       pointer|
|local_regs_19_2_promoted_out          |  out|   32|      ap_vld|              local_regs_19_2_promoted_out|       pointer|
|local_regs_19_2_promoted_out_ap_vld   |  out|    1|      ap_vld|              local_regs_19_2_promoted_out|       pointer|
|local_regs_19_1_promoted_out          |  out|   32|      ap_vld|              local_regs_19_1_promoted_out|       pointer|
|local_regs_19_1_promoted_out_ap_vld   |  out|    1|      ap_vld|              local_regs_19_1_promoted_out|       pointer|
|local_regs_19_0_promoted_out          |  out|   32|      ap_vld|              local_regs_19_0_promoted_out|       pointer|
|local_regs_19_0_promoted_out_ap_vld   |  out|    1|      ap_vld|              local_regs_19_0_promoted_out|       pointer|
|local_regs_18_31_promoted_out         |  out|   32|      ap_vld|             local_regs_18_31_promoted_out|       pointer|
|local_regs_18_31_promoted_out_ap_vld  |  out|    1|      ap_vld|             local_regs_18_31_promoted_out|       pointer|
|local_regs_18_30_promoted_out         |  out|   32|      ap_vld|             local_regs_18_30_promoted_out|       pointer|
|local_regs_18_30_promoted_out_ap_vld  |  out|    1|      ap_vld|             local_regs_18_30_promoted_out|       pointer|
|local_regs_18_29_promoted_out         |  out|   32|      ap_vld|             local_regs_18_29_promoted_out|       pointer|
|local_regs_18_29_promoted_out_ap_vld  |  out|    1|      ap_vld|             local_regs_18_29_promoted_out|       pointer|
|local_regs_18_28_promoted_out         |  out|   32|      ap_vld|             local_regs_18_28_promoted_out|       pointer|
|local_regs_18_28_promoted_out_ap_vld  |  out|    1|      ap_vld|             local_regs_18_28_promoted_out|       pointer|
|local_regs_18_27_promoted_out         |  out|   32|      ap_vld|             local_regs_18_27_promoted_out|       pointer|
|local_regs_18_27_promoted_out_ap_vld  |  out|    1|      ap_vld|             local_regs_18_27_promoted_out|       pointer|
|local_regs_18_26_promoted_out         |  out|   32|      ap_vld|             local_regs_18_26_promoted_out|       pointer|
|local_regs_18_26_promoted_out_ap_vld  |  out|    1|      ap_vld|             local_regs_18_26_promoted_out|       pointer|
|local_regs_18_25_promoted_out         |  out|   32|      ap_vld|             local_regs_18_25_promoted_out|       pointer|
|local_regs_18_25_promoted_out_ap_vld  |  out|    1|      ap_vld|             local_regs_18_25_promoted_out|       pointer|
|local_regs_18_24_promoted_out         |  out|   32|      ap_vld|             local_regs_18_24_promoted_out|       pointer|
|local_regs_18_24_promoted_out_ap_vld  |  out|    1|      ap_vld|             local_regs_18_24_promoted_out|       pointer|
|local_regs_18_23_promoted_out         |  out|   32|      ap_vld|             local_regs_18_23_promoted_out|       pointer|
|local_regs_18_23_promoted_out_ap_vld  |  out|    1|      ap_vld|             local_regs_18_23_promoted_out|       pointer|
|local_regs_18_22_promoted_out         |  out|   32|      ap_vld|             local_regs_18_22_promoted_out|       pointer|
|local_regs_18_22_promoted_out_ap_vld  |  out|    1|      ap_vld|             local_regs_18_22_promoted_out|       pointer|
|local_regs_18_21_promoted_out         |  out|   32|      ap_vld|             local_regs_18_21_promoted_out|       pointer|
|local_regs_18_21_promoted_out_ap_vld  |  out|    1|      ap_vld|             local_regs_18_21_promoted_out|       pointer|
|local_regs_18_20_promoted_out         |  out|   32|      ap_vld|             local_regs_18_20_promoted_out|       pointer|
|local_regs_18_20_promoted_out_ap_vld  |  out|    1|      ap_vld|             local_regs_18_20_promoted_out|       pointer|
|local_regs_18_19_promoted_out         |  out|   32|      ap_vld|             local_regs_18_19_promoted_out|       pointer|
|local_regs_18_19_promoted_out_ap_vld  |  out|    1|      ap_vld|             local_regs_18_19_promoted_out|       pointer|
|local_regs_18_18_promoted_out         |  out|   32|      ap_vld|             local_regs_18_18_promoted_out|       pointer|
|local_regs_18_18_promoted_out_ap_vld  |  out|    1|      ap_vld|             local_regs_18_18_promoted_out|       pointer|
|local_regs_18_17_promoted_out         |  out|   32|      ap_vld|             local_regs_18_17_promoted_out|       pointer|
|local_regs_18_17_promoted_out_ap_vld  |  out|    1|      ap_vld|             local_regs_18_17_promoted_out|       pointer|
|local_regs_18_16_promoted_out         |  out|   32|      ap_vld|             local_regs_18_16_promoted_out|       pointer|
|local_regs_18_16_promoted_out_ap_vld  |  out|    1|      ap_vld|             local_regs_18_16_promoted_out|       pointer|
|local_regs_18_15_promoted_out         |  out|   32|      ap_vld|             local_regs_18_15_promoted_out|       pointer|
|local_regs_18_15_promoted_out_ap_vld  |  out|    1|      ap_vld|             local_regs_18_15_promoted_out|       pointer|
|local_regs_18_14_promoted_out         |  out|   32|      ap_vld|             local_regs_18_14_promoted_out|       pointer|
|local_regs_18_14_promoted_out_ap_vld  |  out|    1|      ap_vld|             local_regs_18_14_promoted_out|       pointer|
|local_regs_18_13_promoted_out         |  out|   32|      ap_vld|             local_regs_18_13_promoted_out|       pointer|
|local_regs_18_13_promoted_out_ap_vld  |  out|    1|      ap_vld|             local_regs_18_13_promoted_out|       pointer|
|local_regs_18_12_promoted_out         |  out|   32|      ap_vld|             local_regs_18_12_promoted_out|       pointer|
|local_regs_18_12_promoted_out_ap_vld  |  out|    1|      ap_vld|             local_regs_18_12_promoted_out|       pointer|
|local_regs_18_11_promoted_out         |  out|   32|      ap_vld|             local_regs_18_11_promoted_out|       pointer|
|local_regs_18_11_promoted_out_ap_vld  |  out|    1|      ap_vld|             local_regs_18_11_promoted_out|       pointer|
|local_regs_18_10_promoted_out         |  out|   32|      ap_vld|             local_regs_18_10_promoted_out|       pointer|
|local_regs_18_10_promoted_out_ap_vld  |  out|    1|      ap_vld|             local_regs_18_10_promoted_out|       pointer|
|local_regs_18_9_promoted_out          |  out|   32|      ap_vld|              local_regs_18_9_promoted_out|       pointer|
|local_regs_18_9_promoted_out_ap_vld   |  out|    1|      ap_vld|              local_regs_18_9_promoted_out|       pointer|
|local_regs_18_8_promoted_out          |  out|   32|      ap_vld|              local_regs_18_8_promoted_out|       pointer|
|local_regs_18_8_promoted_out_ap_vld   |  out|    1|      ap_vld|              local_regs_18_8_promoted_out|       pointer|
|local_regs_18_7_promoted_out          |  out|   32|      ap_vld|              local_regs_18_7_promoted_out|       pointer|
|local_regs_18_7_promoted_out_ap_vld   |  out|    1|      ap_vld|              local_regs_18_7_promoted_out|       pointer|
|local_regs_18_6_promoted_out          |  out|   32|      ap_vld|              local_regs_18_6_promoted_out|       pointer|
|local_regs_18_6_promoted_out_ap_vld   |  out|    1|      ap_vld|              local_regs_18_6_promoted_out|       pointer|
|local_regs_18_5_promoted_out          |  out|   32|      ap_vld|              local_regs_18_5_promoted_out|       pointer|
|local_regs_18_5_promoted_out_ap_vld   |  out|    1|      ap_vld|              local_regs_18_5_promoted_out|       pointer|
|local_regs_18_4_promoted_out          |  out|   32|      ap_vld|              local_regs_18_4_promoted_out|       pointer|
|local_regs_18_4_promoted_out_ap_vld   |  out|    1|      ap_vld|              local_regs_18_4_promoted_out|       pointer|
|local_regs_18_3_promoted_out          |  out|   32|      ap_vld|              local_regs_18_3_promoted_out|       pointer|
|local_regs_18_3_promoted_out_ap_vld   |  out|    1|      ap_vld|              local_regs_18_3_promoted_out|       pointer|
|local_regs_18_2_promoted_out          |  out|   32|      ap_vld|              local_regs_18_2_promoted_out|       pointer|
|local_regs_18_2_promoted_out_ap_vld   |  out|    1|      ap_vld|              local_regs_18_2_promoted_out|       pointer|
|local_regs_18_1_promoted_out          |  out|   32|      ap_vld|              local_regs_18_1_promoted_out|       pointer|
|local_regs_18_1_promoted_out_ap_vld   |  out|    1|      ap_vld|              local_regs_18_1_promoted_out|       pointer|
|local_regs_18_0_promoted_out          |  out|   32|      ap_vld|              local_regs_18_0_promoted_out|       pointer|
|local_regs_18_0_promoted_out_ap_vld   |  out|    1|      ap_vld|              local_regs_18_0_promoted_out|       pointer|
|local_regs_17_31_promoted_out         |  out|   32|      ap_vld|             local_regs_17_31_promoted_out|       pointer|
|local_regs_17_31_promoted_out_ap_vld  |  out|    1|      ap_vld|             local_regs_17_31_promoted_out|       pointer|
|local_regs_17_30_promoted_out         |  out|   32|      ap_vld|             local_regs_17_30_promoted_out|       pointer|
|local_regs_17_30_promoted_out_ap_vld  |  out|    1|      ap_vld|             local_regs_17_30_promoted_out|       pointer|
|local_regs_17_29_promoted_out         |  out|   32|      ap_vld|             local_regs_17_29_promoted_out|       pointer|
|local_regs_17_29_promoted_out_ap_vld  |  out|    1|      ap_vld|             local_regs_17_29_promoted_out|       pointer|
|local_regs_17_28_promoted_out         |  out|   32|      ap_vld|             local_regs_17_28_promoted_out|       pointer|
|local_regs_17_28_promoted_out_ap_vld  |  out|    1|      ap_vld|             local_regs_17_28_promoted_out|       pointer|
|local_regs_17_27_promoted_out         |  out|   32|      ap_vld|             local_regs_17_27_promoted_out|       pointer|
|local_regs_17_27_promoted_out_ap_vld  |  out|    1|      ap_vld|             local_regs_17_27_promoted_out|       pointer|
|local_regs_17_26_promoted_out         |  out|   32|      ap_vld|             local_regs_17_26_promoted_out|       pointer|
|local_regs_17_26_promoted_out_ap_vld  |  out|    1|      ap_vld|             local_regs_17_26_promoted_out|       pointer|
|local_regs_17_25_promoted_out         |  out|   32|      ap_vld|             local_regs_17_25_promoted_out|       pointer|
|local_regs_17_25_promoted_out_ap_vld  |  out|    1|      ap_vld|             local_regs_17_25_promoted_out|       pointer|
|local_regs_17_24_promoted_out         |  out|   32|      ap_vld|             local_regs_17_24_promoted_out|       pointer|
|local_regs_17_24_promoted_out_ap_vld  |  out|    1|      ap_vld|             local_regs_17_24_promoted_out|       pointer|
|local_regs_17_23_promoted_out         |  out|   32|      ap_vld|             local_regs_17_23_promoted_out|       pointer|
|local_regs_17_23_promoted_out_ap_vld  |  out|    1|      ap_vld|             local_regs_17_23_promoted_out|       pointer|
|local_regs_17_22_promoted_out         |  out|   32|      ap_vld|             local_regs_17_22_promoted_out|       pointer|
|local_regs_17_22_promoted_out_ap_vld  |  out|    1|      ap_vld|             local_regs_17_22_promoted_out|       pointer|
|local_regs_17_21_promoted_out         |  out|   32|      ap_vld|             local_regs_17_21_promoted_out|       pointer|
|local_regs_17_21_promoted_out_ap_vld  |  out|    1|      ap_vld|             local_regs_17_21_promoted_out|       pointer|
|local_regs_17_20_promoted_out         |  out|   32|      ap_vld|             local_regs_17_20_promoted_out|       pointer|
|local_regs_17_20_promoted_out_ap_vld  |  out|    1|      ap_vld|             local_regs_17_20_promoted_out|       pointer|
|local_regs_17_19_promoted_out         |  out|   32|      ap_vld|             local_regs_17_19_promoted_out|       pointer|
|local_regs_17_19_promoted_out_ap_vld  |  out|    1|      ap_vld|             local_regs_17_19_promoted_out|       pointer|
|local_regs_17_18_promoted_out         |  out|   32|      ap_vld|             local_regs_17_18_promoted_out|       pointer|
|local_regs_17_18_promoted_out_ap_vld  |  out|    1|      ap_vld|             local_regs_17_18_promoted_out|       pointer|
|local_regs_17_17_promoted_out         |  out|   32|      ap_vld|             local_regs_17_17_promoted_out|       pointer|
|local_regs_17_17_promoted_out_ap_vld  |  out|    1|      ap_vld|             local_regs_17_17_promoted_out|       pointer|
|local_regs_17_16_promoted_out         |  out|   32|      ap_vld|             local_regs_17_16_promoted_out|       pointer|
|local_regs_17_16_promoted_out_ap_vld  |  out|    1|      ap_vld|             local_regs_17_16_promoted_out|       pointer|
|local_regs_17_15_promoted_out         |  out|   32|      ap_vld|             local_regs_17_15_promoted_out|       pointer|
|local_regs_17_15_promoted_out_ap_vld  |  out|    1|      ap_vld|             local_regs_17_15_promoted_out|       pointer|
|local_regs_17_14_promoted_out         |  out|   32|      ap_vld|             local_regs_17_14_promoted_out|       pointer|
|local_regs_17_14_promoted_out_ap_vld  |  out|    1|      ap_vld|             local_regs_17_14_promoted_out|       pointer|
|local_regs_17_13_promoted_out         |  out|   32|      ap_vld|             local_regs_17_13_promoted_out|       pointer|
|local_regs_17_13_promoted_out_ap_vld  |  out|    1|      ap_vld|             local_regs_17_13_promoted_out|       pointer|
|local_regs_17_12_promoted_out         |  out|   32|      ap_vld|             local_regs_17_12_promoted_out|       pointer|
|local_regs_17_12_promoted_out_ap_vld  |  out|    1|      ap_vld|             local_regs_17_12_promoted_out|       pointer|
|local_regs_17_11_promoted_out         |  out|   32|      ap_vld|             local_regs_17_11_promoted_out|       pointer|
|local_regs_17_11_promoted_out_ap_vld  |  out|    1|      ap_vld|             local_regs_17_11_promoted_out|       pointer|
|local_regs_17_10_promoted_out         |  out|   32|      ap_vld|             local_regs_17_10_promoted_out|       pointer|
|local_regs_17_10_promoted_out_ap_vld  |  out|    1|      ap_vld|             local_regs_17_10_promoted_out|       pointer|
|local_regs_17_9_promoted_out          |  out|   32|      ap_vld|              local_regs_17_9_promoted_out|       pointer|
|local_regs_17_9_promoted_out_ap_vld   |  out|    1|      ap_vld|              local_regs_17_9_promoted_out|       pointer|
|local_regs_17_8_promoted_out          |  out|   32|      ap_vld|              local_regs_17_8_promoted_out|       pointer|
|local_regs_17_8_promoted_out_ap_vld   |  out|    1|      ap_vld|              local_regs_17_8_promoted_out|       pointer|
|local_regs_17_7_promoted_out          |  out|   32|      ap_vld|              local_regs_17_7_promoted_out|       pointer|
|local_regs_17_7_promoted_out_ap_vld   |  out|    1|      ap_vld|              local_regs_17_7_promoted_out|       pointer|
|local_regs_17_6_promoted_out          |  out|   32|      ap_vld|              local_regs_17_6_promoted_out|       pointer|
|local_regs_17_6_promoted_out_ap_vld   |  out|    1|      ap_vld|              local_regs_17_6_promoted_out|       pointer|
|local_regs_17_5_promoted_out          |  out|   32|      ap_vld|              local_regs_17_5_promoted_out|       pointer|
|local_regs_17_5_promoted_out_ap_vld   |  out|    1|      ap_vld|              local_regs_17_5_promoted_out|       pointer|
|local_regs_17_4_promoted_out          |  out|   32|      ap_vld|              local_regs_17_4_promoted_out|       pointer|
|local_regs_17_4_promoted_out_ap_vld   |  out|    1|      ap_vld|              local_regs_17_4_promoted_out|       pointer|
|local_regs_17_3_promoted_out          |  out|   32|      ap_vld|              local_regs_17_3_promoted_out|       pointer|
|local_regs_17_3_promoted_out_ap_vld   |  out|    1|      ap_vld|              local_regs_17_3_promoted_out|       pointer|
|local_regs_17_2_promoted_out          |  out|   32|      ap_vld|              local_regs_17_2_promoted_out|       pointer|
|local_regs_17_2_promoted_out_ap_vld   |  out|    1|      ap_vld|              local_regs_17_2_promoted_out|       pointer|
|local_regs_17_1_promoted_out          |  out|   32|      ap_vld|              local_regs_17_1_promoted_out|       pointer|
|local_regs_17_1_promoted_out_ap_vld   |  out|    1|      ap_vld|              local_regs_17_1_promoted_out|       pointer|
|local_regs_17_0_promoted_out          |  out|   32|      ap_vld|              local_regs_17_0_promoted_out|       pointer|
|local_regs_17_0_promoted_out_ap_vld   |  out|    1|      ap_vld|              local_regs_17_0_promoted_out|       pointer|
|local_regs_16_31_promoted_out         |  out|   32|      ap_vld|             local_regs_16_31_promoted_out|       pointer|
|local_regs_16_31_promoted_out_ap_vld  |  out|    1|      ap_vld|             local_regs_16_31_promoted_out|       pointer|
|local_regs_16_30_promoted_out         |  out|   32|      ap_vld|             local_regs_16_30_promoted_out|       pointer|
|local_regs_16_30_promoted_out_ap_vld  |  out|    1|      ap_vld|             local_regs_16_30_promoted_out|       pointer|
|local_regs_16_29_promoted_out         |  out|   32|      ap_vld|             local_regs_16_29_promoted_out|       pointer|
|local_regs_16_29_promoted_out_ap_vld  |  out|    1|      ap_vld|             local_regs_16_29_promoted_out|       pointer|
|local_regs_16_28_promoted_out         |  out|   32|      ap_vld|             local_regs_16_28_promoted_out|       pointer|
|local_regs_16_28_promoted_out_ap_vld  |  out|    1|      ap_vld|             local_regs_16_28_promoted_out|       pointer|
|local_regs_16_27_promoted_out         |  out|   32|      ap_vld|             local_regs_16_27_promoted_out|       pointer|
|local_regs_16_27_promoted_out_ap_vld  |  out|    1|      ap_vld|             local_regs_16_27_promoted_out|       pointer|
|local_regs_16_26_promoted_out         |  out|   32|      ap_vld|             local_regs_16_26_promoted_out|       pointer|
|local_regs_16_26_promoted_out_ap_vld  |  out|    1|      ap_vld|             local_regs_16_26_promoted_out|       pointer|
|local_regs_16_25_promoted_out         |  out|   32|      ap_vld|             local_regs_16_25_promoted_out|       pointer|
|local_regs_16_25_promoted_out_ap_vld  |  out|    1|      ap_vld|             local_regs_16_25_promoted_out|       pointer|
|local_regs_16_24_promoted_out         |  out|   32|      ap_vld|             local_regs_16_24_promoted_out|       pointer|
|local_regs_16_24_promoted_out_ap_vld  |  out|    1|      ap_vld|             local_regs_16_24_promoted_out|       pointer|
|local_regs_16_23_promoted_out         |  out|   32|      ap_vld|             local_regs_16_23_promoted_out|       pointer|
|local_regs_16_23_promoted_out_ap_vld  |  out|    1|      ap_vld|             local_regs_16_23_promoted_out|       pointer|
|local_regs_16_22_promoted_out         |  out|   32|      ap_vld|             local_regs_16_22_promoted_out|       pointer|
|local_regs_16_22_promoted_out_ap_vld  |  out|    1|      ap_vld|             local_regs_16_22_promoted_out|       pointer|
|local_regs_16_21_promoted_out         |  out|   32|      ap_vld|             local_regs_16_21_promoted_out|       pointer|
|local_regs_16_21_promoted_out_ap_vld  |  out|    1|      ap_vld|             local_regs_16_21_promoted_out|       pointer|
|local_regs_16_20_promoted_out         |  out|   32|      ap_vld|             local_regs_16_20_promoted_out|       pointer|
|local_regs_16_20_promoted_out_ap_vld  |  out|    1|      ap_vld|             local_regs_16_20_promoted_out|       pointer|
|local_regs_16_19_promoted_out         |  out|   32|      ap_vld|             local_regs_16_19_promoted_out|       pointer|
|local_regs_16_19_promoted_out_ap_vld  |  out|    1|      ap_vld|             local_regs_16_19_promoted_out|       pointer|
|local_regs_16_18_promoted_out         |  out|   32|      ap_vld|             local_regs_16_18_promoted_out|       pointer|
|local_regs_16_18_promoted_out_ap_vld  |  out|    1|      ap_vld|             local_regs_16_18_promoted_out|       pointer|
|local_regs_16_17_promoted_out         |  out|   32|      ap_vld|             local_regs_16_17_promoted_out|       pointer|
|local_regs_16_17_promoted_out_ap_vld  |  out|    1|      ap_vld|             local_regs_16_17_promoted_out|       pointer|
|local_regs_16_16_promoted_out         |  out|   32|      ap_vld|             local_regs_16_16_promoted_out|       pointer|
|local_regs_16_16_promoted_out_ap_vld  |  out|    1|      ap_vld|             local_regs_16_16_promoted_out|       pointer|
|local_regs_16_15_promoted_out         |  out|   32|      ap_vld|             local_regs_16_15_promoted_out|       pointer|
|local_regs_16_15_promoted_out_ap_vld  |  out|    1|      ap_vld|             local_regs_16_15_promoted_out|       pointer|
|local_regs_16_14_promoted_out         |  out|   32|      ap_vld|             local_regs_16_14_promoted_out|       pointer|
|local_regs_16_14_promoted_out_ap_vld  |  out|    1|      ap_vld|             local_regs_16_14_promoted_out|       pointer|
|local_regs_16_13_promoted_out         |  out|   32|      ap_vld|             local_regs_16_13_promoted_out|       pointer|
|local_regs_16_13_promoted_out_ap_vld  |  out|    1|      ap_vld|             local_regs_16_13_promoted_out|       pointer|
|local_regs_16_12_promoted_out         |  out|   32|      ap_vld|             local_regs_16_12_promoted_out|       pointer|
|local_regs_16_12_promoted_out_ap_vld  |  out|    1|      ap_vld|             local_regs_16_12_promoted_out|       pointer|
|local_regs_16_11_promoted_out         |  out|   32|      ap_vld|             local_regs_16_11_promoted_out|       pointer|
|local_regs_16_11_promoted_out_ap_vld  |  out|    1|      ap_vld|             local_regs_16_11_promoted_out|       pointer|
|local_regs_16_10_promoted_out         |  out|   32|      ap_vld|             local_regs_16_10_promoted_out|       pointer|
|local_regs_16_10_promoted_out_ap_vld  |  out|    1|      ap_vld|             local_regs_16_10_promoted_out|       pointer|
|local_regs_16_9_promoted_out          |  out|   32|      ap_vld|              local_regs_16_9_promoted_out|       pointer|
|local_regs_16_9_promoted_out_ap_vld   |  out|    1|      ap_vld|              local_regs_16_9_promoted_out|       pointer|
|local_regs_16_8_promoted_out          |  out|   32|      ap_vld|              local_regs_16_8_promoted_out|       pointer|
|local_regs_16_8_promoted_out_ap_vld   |  out|    1|      ap_vld|              local_regs_16_8_promoted_out|       pointer|
|local_regs_16_7_promoted_out          |  out|   32|      ap_vld|              local_regs_16_7_promoted_out|       pointer|
|local_regs_16_7_promoted_out_ap_vld   |  out|    1|      ap_vld|              local_regs_16_7_promoted_out|       pointer|
|local_regs_16_6_promoted_out          |  out|   32|      ap_vld|              local_regs_16_6_promoted_out|       pointer|
|local_regs_16_6_promoted_out_ap_vld   |  out|    1|      ap_vld|              local_regs_16_6_promoted_out|       pointer|
|local_regs_16_5_promoted_out          |  out|   32|      ap_vld|              local_regs_16_5_promoted_out|       pointer|
|local_regs_16_5_promoted_out_ap_vld   |  out|    1|      ap_vld|              local_regs_16_5_promoted_out|       pointer|
|local_regs_16_4_promoted_out          |  out|   32|      ap_vld|              local_regs_16_4_promoted_out|       pointer|
|local_regs_16_4_promoted_out_ap_vld   |  out|    1|      ap_vld|              local_regs_16_4_promoted_out|       pointer|
|local_regs_16_3_promoted_out          |  out|   32|      ap_vld|              local_regs_16_3_promoted_out|       pointer|
|local_regs_16_3_promoted_out_ap_vld   |  out|    1|      ap_vld|              local_regs_16_3_promoted_out|       pointer|
|local_regs_16_2_promoted_out          |  out|   32|      ap_vld|              local_regs_16_2_promoted_out|       pointer|
|local_regs_16_2_promoted_out_ap_vld   |  out|    1|      ap_vld|              local_regs_16_2_promoted_out|       pointer|
|local_regs_16_1_promoted_out          |  out|   32|      ap_vld|              local_regs_16_1_promoted_out|       pointer|
|local_regs_16_1_promoted_out_ap_vld   |  out|    1|      ap_vld|              local_regs_16_1_promoted_out|       pointer|
|local_regs_16_0_promoted_out          |  out|   32|      ap_vld|              local_regs_16_0_promoted_out|       pointer|
|local_regs_16_0_promoted_out_ap_vld   |  out|    1|      ap_vld|              local_regs_16_0_promoted_out|       pointer|
|local_regs_15_31_promoted_out         |  out|   32|      ap_vld|             local_regs_15_31_promoted_out|       pointer|
|local_regs_15_31_promoted_out_ap_vld  |  out|    1|      ap_vld|             local_regs_15_31_promoted_out|       pointer|
|local_regs_15_30_promoted_out         |  out|   32|      ap_vld|             local_regs_15_30_promoted_out|       pointer|
|local_regs_15_30_promoted_out_ap_vld  |  out|    1|      ap_vld|             local_regs_15_30_promoted_out|       pointer|
|local_regs_15_29_promoted_out         |  out|   32|      ap_vld|             local_regs_15_29_promoted_out|       pointer|
|local_regs_15_29_promoted_out_ap_vld  |  out|    1|      ap_vld|             local_regs_15_29_promoted_out|       pointer|
|local_regs_15_28_promoted_out         |  out|   32|      ap_vld|             local_regs_15_28_promoted_out|       pointer|
|local_regs_15_28_promoted_out_ap_vld  |  out|    1|      ap_vld|             local_regs_15_28_promoted_out|       pointer|
|local_regs_15_27_promoted_out         |  out|   32|      ap_vld|             local_regs_15_27_promoted_out|       pointer|
|local_regs_15_27_promoted_out_ap_vld  |  out|    1|      ap_vld|             local_regs_15_27_promoted_out|       pointer|
|local_regs_15_26_promoted_out         |  out|   32|      ap_vld|             local_regs_15_26_promoted_out|       pointer|
|local_regs_15_26_promoted_out_ap_vld  |  out|    1|      ap_vld|             local_regs_15_26_promoted_out|       pointer|
|local_regs_15_25_promoted_out         |  out|   32|      ap_vld|             local_regs_15_25_promoted_out|       pointer|
|local_regs_15_25_promoted_out_ap_vld  |  out|    1|      ap_vld|             local_regs_15_25_promoted_out|       pointer|
|local_regs_15_24_promoted_out         |  out|   32|      ap_vld|             local_regs_15_24_promoted_out|       pointer|
|local_regs_15_24_promoted_out_ap_vld  |  out|    1|      ap_vld|             local_regs_15_24_promoted_out|       pointer|
|local_regs_15_23_promoted_out         |  out|   32|      ap_vld|             local_regs_15_23_promoted_out|       pointer|
|local_regs_15_23_promoted_out_ap_vld  |  out|    1|      ap_vld|             local_regs_15_23_promoted_out|       pointer|
|local_regs_15_22_promoted_out         |  out|   32|      ap_vld|             local_regs_15_22_promoted_out|       pointer|
|local_regs_15_22_promoted_out_ap_vld  |  out|    1|      ap_vld|             local_regs_15_22_promoted_out|       pointer|
|local_regs_15_21_promoted_out         |  out|   32|      ap_vld|             local_regs_15_21_promoted_out|       pointer|
|local_regs_15_21_promoted_out_ap_vld  |  out|    1|      ap_vld|             local_regs_15_21_promoted_out|       pointer|
|local_regs_15_20_promoted_out         |  out|   32|      ap_vld|             local_regs_15_20_promoted_out|       pointer|
|local_regs_15_20_promoted_out_ap_vld  |  out|    1|      ap_vld|             local_regs_15_20_promoted_out|       pointer|
|local_regs_15_19_promoted_out         |  out|   32|      ap_vld|             local_regs_15_19_promoted_out|       pointer|
|local_regs_15_19_promoted_out_ap_vld  |  out|    1|      ap_vld|             local_regs_15_19_promoted_out|       pointer|
|local_regs_15_18_promoted_out         |  out|   32|      ap_vld|             local_regs_15_18_promoted_out|       pointer|
|local_regs_15_18_promoted_out_ap_vld  |  out|    1|      ap_vld|             local_regs_15_18_promoted_out|       pointer|
|local_regs_15_17_promoted_out         |  out|   32|      ap_vld|             local_regs_15_17_promoted_out|       pointer|
|local_regs_15_17_promoted_out_ap_vld  |  out|    1|      ap_vld|             local_regs_15_17_promoted_out|       pointer|
|local_regs_15_16_promoted_out         |  out|   32|      ap_vld|             local_regs_15_16_promoted_out|       pointer|
|local_regs_15_16_promoted_out_ap_vld  |  out|    1|      ap_vld|             local_regs_15_16_promoted_out|       pointer|
|local_regs_15_15_promoted_out         |  out|   32|      ap_vld|             local_regs_15_15_promoted_out|       pointer|
|local_regs_15_15_promoted_out_ap_vld  |  out|    1|      ap_vld|             local_regs_15_15_promoted_out|       pointer|
|local_regs_15_14_promoted_out         |  out|   32|      ap_vld|             local_regs_15_14_promoted_out|       pointer|
|local_regs_15_14_promoted_out_ap_vld  |  out|    1|      ap_vld|             local_regs_15_14_promoted_out|       pointer|
|local_regs_15_13_promoted_out         |  out|   32|      ap_vld|             local_regs_15_13_promoted_out|       pointer|
|local_regs_15_13_promoted_out_ap_vld  |  out|    1|      ap_vld|             local_regs_15_13_promoted_out|       pointer|
|local_regs_15_12_promoted_out         |  out|   32|      ap_vld|             local_regs_15_12_promoted_out|       pointer|
|local_regs_15_12_promoted_out_ap_vld  |  out|    1|      ap_vld|             local_regs_15_12_promoted_out|       pointer|
|local_regs_15_11_promoted_out         |  out|   32|      ap_vld|             local_regs_15_11_promoted_out|       pointer|
|local_regs_15_11_promoted_out_ap_vld  |  out|    1|      ap_vld|             local_regs_15_11_promoted_out|       pointer|
|local_regs_15_10_promoted_out         |  out|   32|      ap_vld|             local_regs_15_10_promoted_out|       pointer|
|local_regs_15_10_promoted_out_ap_vld  |  out|    1|      ap_vld|             local_regs_15_10_promoted_out|       pointer|
|local_regs_15_9_promoted_out          |  out|   32|      ap_vld|              local_regs_15_9_promoted_out|       pointer|
|local_regs_15_9_promoted_out_ap_vld   |  out|    1|      ap_vld|              local_regs_15_9_promoted_out|       pointer|
|local_regs_15_8_promoted_out          |  out|   32|      ap_vld|              local_regs_15_8_promoted_out|       pointer|
|local_regs_15_8_promoted_out_ap_vld   |  out|    1|      ap_vld|              local_regs_15_8_promoted_out|       pointer|
|local_regs_15_7_promoted_out          |  out|   32|      ap_vld|              local_regs_15_7_promoted_out|       pointer|
|local_regs_15_7_promoted_out_ap_vld   |  out|    1|      ap_vld|              local_regs_15_7_promoted_out|       pointer|
|local_regs_15_6_promoted_out          |  out|   32|      ap_vld|              local_regs_15_6_promoted_out|       pointer|
|local_regs_15_6_promoted_out_ap_vld   |  out|    1|      ap_vld|              local_regs_15_6_promoted_out|       pointer|
|local_regs_15_5_promoted_out          |  out|   32|      ap_vld|              local_regs_15_5_promoted_out|       pointer|
|local_regs_15_5_promoted_out_ap_vld   |  out|    1|      ap_vld|              local_regs_15_5_promoted_out|       pointer|
|local_regs_15_4_promoted_out          |  out|   32|      ap_vld|              local_regs_15_4_promoted_out|       pointer|
|local_regs_15_4_promoted_out_ap_vld   |  out|    1|      ap_vld|              local_regs_15_4_promoted_out|       pointer|
|local_regs_15_3_promoted_out          |  out|   32|      ap_vld|              local_regs_15_3_promoted_out|       pointer|
|local_regs_15_3_promoted_out_ap_vld   |  out|    1|      ap_vld|              local_regs_15_3_promoted_out|       pointer|
|local_regs_15_2_promoted_out          |  out|   32|      ap_vld|              local_regs_15_2_promoted_out|       pointer|
|local_regs_15_2_promoted_out_ap_vld   |  out|    1|      ap_vld|              local_regs_15_2_promoted_out|       pointer|
|local_regs_15_1_promoted_out          |  out|   32|      ap_vld|              local_regs_15_1_promoted_out|       pointer|
|local_regs_15_1_promoted_out_ap_vld   |  out|    1|      ap_vld|              local_regs_15_1_promoted_out|       pointer|
|local_regs_15_0_promoted_out          |  out|   32|      ap_vld|              local_regs_15_0_promoted_out|       pointer|
|local_regs_15_0_promoted_out_ap_vld   |  out|    1|      ap_vld|              local_regs_15_0_promoted_out|       pointer|
|local_regs_14_31_promoted_out         |  out|   32|      ap_vld|             local_regs_14_31_promoted_out|       pointer|
|local_regs_14_31_promoted_out_ap_vld  |  out|    1|      ap_vld|             local_regs_14_31_promoted_out|       pointer|
|local_regs_14_30_promoted_out         |  out|   32|      ap_vld|             local_regs_14_30_promoted_out|       pointer|
|local_regs_14_30_promoted_out_ap_vld  |  out|    1|      ap_vld|             local_regs_14_30_promoted_out|       pointer|
|local_regs_14_29_promoted_out         |  out|   32|      ap_vld|             local_regs_14_29_promoted_out|       pointer|
|local_regs_14_29_promoted_out_ap_vld  |  out|    1|      ap_vld|             local_regs_14_29_promoted_out|       pointer|
|local_regs_14_28_promoted_out         |  out|   32|      ap_vld|             local_regs_14_28_promoted_out|       pointer|
|local_regs_14_28_promoted_out_ap_vld  |  out|    1|      ap_vld|             local_regs_14_28_promoted_out|       pointer|
|local_regs_14_27_promoted_out         |  out|   32|      ap_vld|             local_regs_14_27_promoted_out|       pointer|
|local_regs_14_27_promoted_out_ap_vld  |  out|    1|      ap_vld|             local_regs_14_27_promoted_out|       pointer|
|local_regs_14_26_promoted_out         |  out|   32|      ap_vld|             local_regs_14_26_promoted_out|       pointer|
|local_regs_14_26_promoted_out_ap_vld  |  out|    1|      ap_vld|             local_regs_14_26_promoted_out|       pointer|
|local_regs_14_25_promoted_out         |  out|   32|      ap_vld|             local_regs_14_25_promoted_out|       pointer|
|local_regs_14_25_promoted_out_ap_vld  |  out|    1|      ap_vld|             local_regs_14_25_promoted_out|       pointer|
|local_regs_14_24_promoted_out         |  out|   32|      ap_vld|             local_regs_14_24_promoted_out|       pointer|
|local_regs_14_24_promoted_out_ap_vld  |  out|    1|      ap_vld|             local_regs_14_24_promoted_out|       pointer|
|local_regs_14_23_promoted_out         |  out|   32|      ap_vld|             local_regs_14_23_promoted_out|       pointer|
|local_regs_14_23_promoted_out_ap_vld  |  out|    1|      ap_vld|             local_regs_14_23_promoted_out|       pointer|
|local_regs_14_22_promoted_out         |  out|   32|      ap_vld|             local_regs_14_22_promoted_out|       pointer|
|local_regs_14_22_promoted_out_ap_vld  |  out|    1|      ap_vld|             local_regs_14_22_promoted_out|       pointer|
|local_regs_14_21_promoted_out         |  out|   32|      ap_vld|             local_regs_14_21_promoted_out|       pointer|
|local_regs_14_21_promoted_out_ap_vld  |  out|    1|      ap_vld|             local_regs_14_21_promoted_out|       pointer|
|local_regs_14_20_promoted_out         |  out|   32|      ap_vld|             local_regs_14_20_promoted_out|       pointer|
|local_regs_14_20_promoted_out_ap_vld  |  out|    1|      ap_vld|             local_regs_14_20_promoted_out|       pointer|
|local_regs_14_19_promoted_out         |  out|   32|      ap_vld|             local_regs_14_19_promoted_out|       pointer|
|local_regs_14_19_promoted_out_ap_vld  |  out|    1|      ap_vld|             local_regs_14_19_promoted_out|       pointer|
|local_regs_14_18_promoted_out         |  out|   32|      ap_vld|             local_regs_14_18_promoted_out|       pointer|
|local_regs_14_18_promoted_out_ap_vld  |  out|    1|      ap_vld|             local_regs_14_18_promoted_out|       pointer|
|local_regs_14_17_promoted_out         |  out|   32|      ap_vld|             local_regs_14_17_promoted_out|       pointer|
|local_regs_14_17_promoted_out_ap_vld  |  out|    1|      ap_vld|             local_regs_14_17_promoted_out|       pointer|
|local_regs_14_16_promoted_out         |  out|   32|      ap_vld|             local_regs_14_16_promoted_out|       pointer|
|local_regs_14_16_promoted_out_ap_vld  |  out|    1|      ap_vld|             local_regs_14_16_promoted_out|       pointer|
|local_regs_14_15_promoted_out         |  out|   32|      ap_vld|             local_regs_14_15_promoted_out|       pointer|
|local_regs_14_15_promoted_out_ap_vld  |  out|    1|      ap_vld|             local_regs_14_15_promoted_out|       pointer|
|local_regs_14_14_promoted_out         |  out|   32|      ap_vld|             local_regs_14_14_promoted_out|       pointer|
|local_regs_14_14_promoted_out_ap_vld  |  out|    1|      ap_vld|             local_regs_14_14_promoted_out|       pointer|
|local_regs_14_13_promoted_out         |  out|   32|      ap_vld|             local_regs_14_13_promoted_out|       pointer|
|local_regs_14_13_promoted_out_ap_vld  |  out|    1|      ap_vld|             local_regs_14_13_promoted_out|       pointer|
|local_regs_14_12_promoted_out         |  out|   32|      ap_vld|             local_regs_14_12_promoted_out|       pointer|
|local_regs_14_12_promoted_out_ap_vld  |  out|    1|      ap_vld|             local_regs_14_12_promoted_out|       pointer|
|local_regs_14_11_promoted_out         |  out|   32|      ap_vld|             local_regs_14_11_promoted_out|       pointer|
|local_regs_14_11_promoted_out_ap_vld  |  out|    1|      ap_vld|             local_regs_14_11_promoted_out|       pointer|
|local_regs_14_10_promoted_out         |  out|   32|      ap_vld|             local_regs_14_10_promoted_out|       pointer|
|local_regs_14_10_promoted_out_ap_vld  |  out|    1|      ap_vld|             local_regs_14_10_promoted_out|       pointer|
|local_regs_14_9_promoted_out          |  out|   32|      ap_vld|              local_regs_14_9_promoted_out|       pointer|
|local_regs_14_9_promoted_out_ap_vld   |  out|    1|      ap_vld|              local_regs_14_9_promoted_out|       pointer|
|local_regs_14_8_promoted_out          |  out|   32|      ap_vld|              local_regs_14_8_promoted_out|       pointer|
|local_regs_14_8_promoted_out_ap_vld   |  out|    1|      ap_vld|              local_regs_14_8_promoted_out|       pointer|
|local_regs_14_7_promoted_out          |  out|   32|      ap_vld|              local_regs_14_7_promoted_out|       pointer|
|local_regs_14_7_promoted_out_ap_vld   |  out|    1|      ap_vld|              local_regs_14_7_promoted_out|       pointer|
|local_regs_14_6_promoted_out          |  out|   32|      ap_vld|              local_regs_14_6_promoted_out|       pointer|
|local_regs_14_6_promoted_out_ap_vld   |  out|    1|      ap_vld|              local_regs_14_6_promoted_out|       pointer|
|local_regs_14_5_promoted_out          |  out|   32|      ap_vld|              local_regs_14_5_promoted_out|       pointer|
|local_regs_14_5_promoted_out_ap_vld   |  out|    1|      ap_vld|              local_regs_14_5_promoted_out|       pointer|
|local_regs_14_4_promoted_out          |  out|   32|      ap_vld|              local_regs_14_4_promoted_out|       pointer|
|local_regs_14_4_promoted_out_ap_vld   |  out|    1|      ap_vld|              local_regs_14_4_promoted_out|       pointer|
|local_regs_14_3_promoted_out          |  out|   32|      ap_vld|              local_regs_14_3_promoted_out|       pointer|
|local_regs_14_3_promoted_out_ap_vld   |  out|    1|      ap_vld|              local_regs_14_3_promoted_out|       pointer|
|local_regs_14_2_promoted_out          |  out|   32|      ap_vld|              local_regs_14_2_promoted_out|       pointer|
|local_regs_14_2_promoted_out_ap_vld   |  out|    1|      ap_vld|              local_regs_14_2_promoted_out|       pointer|
|local_regs_14_1_promoted_out          |  out|   32|      ap_vld|              local_regs_14_1_promoted_out|       pointer|
|local_regs_14_1_promoted_out_ap_vld   |  out|    1|      ap_vld|              local_regs_14_1_promoted_out|       pointer|
|local_regs_14_0_promoted_out          |  out|   32|      ap_vld|              local_regs_14_0_promoted_out|       pointer|
|local_regs_14_0_promoted_out_ap_vld   |  out|    1|      ap_vld|              local_regs_14_0_promoted_out|       pointer|
|local_regs_13_31_promoted_out         |  out|   32|      ap_vld|             local_regs_13_31_promoted_out|       pointer|
|local_regs_13_31_promoted_out_ap_vld  |  out|    1|      ap_vld|             local_regs_13_31_promoted_out|       pointer|
|local_regs_13_30_promoted_out         |  out|   32|      ap_vld|             local_regs_13_30_promoted_out|       pointer|
|local_regs_13_30_promoted_out_ap_vld  |  out|    1|      ap_vld|             local_regs_13_30_promoted_out|       pointer|
|local_regs_13_29_promoted_out         |  out|   32|      ap_vld|             local_regs_13_29_promoted_out|       pointer|
|local_regs_13_29_promoted_out_ap_vld  |  out|    1|      ap_vld|             local_regs_13_29_promoted_out|       pointer|
|local_regs_13_28_promoted_out         |  out|   32|      ap_vld|             local_regs_13_28_promoted_out|       pointer|
|local_regs_13_28_promoted_out_ap_vld  |  out|    1|      ap_vld|             local_regs_13_28_promoted_out|       pointer|
|local_regs_13_27_promoted_out         |  out|   32|      ap_vld|             local_regs_13_27_promoted_out|       pointer|
|local_regs_13_27_promoted_out_ap_vld  |  out|    1|      ap_vld|             local_regs_13_27_promoted_out|       pointer|
|local_regs_13_26_promoted_out         |  out|   32|      ap_vld|             local_regs_13_26_promoted_out|       pointer|
|local_regs_13_26_promoted_out_ap_vld  |  out|    1|      ap_vld|             local_regs_13_26_promoted_out|       pointer|
|local_regs_13_25_promoted_out         |  out|   32|      ap_vld|             local_regs_13_25_promoted_out|       pointer|
|local_regs_13_25_promoted_out_ap_vld  |  out|    1|      ap_vld|             local_regs_13_25_promoted_out|       pointer|
|local_regs_13_24_promoted_out         |  out|   32|      ap_vld|             local_regs_13_24_promoted_out|       pointer|
|local_regs_13_24_promoted_out_ap_vld  |  out|    1|      ap_vld|             local_regs_13_24_promoted_out|       pointer|
|local_regs_13_23_promoted_out         |  out|   32|      ap_vld|             local_regs_13_23_promoted_out|       pointer|
|local_regs_13_23_promoted_out_ap_vld  |  out|    1|      ap_vld|             local_regs_13_23_promoted_out|       pointer|
|local_regs_13_22_promoted_out         |  out|   32|      ap_vld|             local_regs_13_22_promoted_out|       pointer|
|local_regs_13_22_promoted_out_ap_vld  |  out|    1|      ap_vld|             local_regs_13_22_promoted_out|       pointer|
|local_regs_13_21_promoted_out         |  out|   32|      ap_vld|             local_regs_13_21_promoted_out|       pointer|
|local_regs_13_21_promoted_out_ap_vld  |  out|    1|      ap_vld|             local_regs_13_21_promoted_out|       pointer|
|local_regs_13_20_promoted_out         |  out|   32|      ap_vld|             local_regs_13_20_promoted_out|       pointer|
|local_regs_13_20_promoted_out_ap_vld  |  out|    1|      ap_vld|             local_regs_13_20_promoted_out|       pointer|
|local_regs_13_19_promoted_out         |  out|   32|      ap_vld|             local_regs_13_19_promoted_out|       pointer|
|local_regs_13_19_promoted_out_ap_vld  |  out|    1|      ap_vld|             local_regs_13_19_promoted_out|       pointer|
|local_regs_13_18_promoted_out         |  out|   32|      ap_vld|             local_regs_13_18_promoted_out|       pointer|
|local_regs_13_18_promoted_out_ap_vld  |  out|    1|      ap_vld|             local_regs_13_18_promoted_out|       pointer|
|local_regs_13_17_promoted_out         |  out|   32|      ap_vld|             local_regs_13_17_promoted_out|       pointer|
|local_regs_13_17_promoted_out_ap_vld  |  out|    1|      ap_vld|             local_regs_13_17_promoted_out|       pointer|
|local_regs_13_16_promoted_out         |  out|   32|      ap_vld|             local_regs_13_16_promoted_out|       pointer|
|local_regs_13_16_promoted_out_ap_vld  |  out|    1|      ap_vld|             local_regs_13_16_promoted_out|       pointer|
|local_regs_13_15_promoted_out         |  out|   32|      ap_vld|             local_regs_13_15_promoted_out|       pointer|
|local_regs_13_15_promoted_out_ap_vld  |  out|    1|      ap_vld|             local_regs_13_15_promoted_out|       pointer|
|local_regs_13_14_promoted_out         |  out|   32|      ap_vld|             local_regs_13_14_promoted_out|       pointer|
|local_regs_13_14_promoted_out_ap_vld  |  out|    1|      ap_vld|             local_regs_13_14_promoted_out|       pointer|
|local_regs_13_13_promoted_out         |  out|   32|      ap_vld|             local_regs_13_13_promoted_out|       pointer|
|local_regs_13_13_promoted_out_ap_vld  |  out|    1|      ap_vld|             local_regs_13_13_promoted_out|       pointer|
|local_regs_13_12_promoted_out         |  out|   32|      ap_vld|             local_regs_13_12_promoted_out|       pointer|
|local_regs_13_12_promoted_out_ap_vld  |  out|    1|      ap_vld|             local_regs_13_12_promoted_out|       pointer|
|local_regs_13_11_promoted_out         |  out|   32|      ap_vld|             local_regs_13_11_promoted_out|       pointer|
|local_regs_13_11_promoted_out_ap_vld  |  out|    1|      ap_vld|             local_regs_13_11_promoted_out|       pointer|
|local_regs_13_10_promoted_out         |  out|   32|      ap_vld|             local_regs_13_10_promoted_out|       pointer|
|local_regs_13_10_promoted_out_ap_vld  |  out|    1|      ap_vld|             local_regs_13_10_promoted_out|       pointer|
|local_regs_13_9_promoted_out          |  out|   32|      ap_vld|              local_regs_13_9_promoted_out|       pointer|
|local_regs_13_9_promoted_out_ap_vld   |  out|    1|      ap_vld|              local_regs_13_9_promoted_out|       pointer|
|local_regs_13_8_promoted_out          |  out|   32|      ap_vld|              local_regs_13_8_promoted_out|       pointer|
|local_regs_13_8_promoted_out_ap_vld   |  out|    1|      ap_vld|              local_regs_13_8_promoted_out|       pointer|
|local_regs_13_7_promoted_out          |  out|   32|      ap_vld|              local_regs_13_7_promoted_out|       pointer|
|local_regs_13_7_promoted_out_ap_vld   |  out|    1|      ap_vld|              local_regs_13_7_promoted_out|       pointer|
|local_regs_13_6_promoted_out          |  out|   32|      ap_vld|              local_regs_13_6_promoted_out|       pointer|
|local_regs_13_6_promoted_out_ap_vld   |  out|    1|      ap_vld|              local_regs_13_6_promoted_out|       pointer|
|local_regs_13_5_promoted_out          |  out|   32|      ap_vld|              local_regs_13_5_promoted_out|       pointer|
|local_regs_13_5_promoted_out_ap_vld   |  out|    1|      ap_vld|              local_regs_13_5_promoted_out|       pointer|
|local_regs_13_4_promoted_out          |  out|   32|      ap_vld|              local_regs_13_4_promoted_out|       pointer|
|local_regs_13_4_promoted_out_ap_vld   |  out|    1|      ap_vld|              local_regs_13_4_promoted_out|       pointer|
|local_regs_13_3_promoted_out          |  out|   32|      ap_vld|              local_regs_13_3_promoted_out|       pointer|
|local_regs_13_3_promoted_out_ap_vld   |  out|    1|      ap_vld|              local_regs_13_3_promoted_out|       pointer|
|local_regs_13_2_promoted_out          |  out|   32|      ap_vld|              local_regs_13_2_promoted_out|       pointer|
|local_regs_13_2_promoted_out_ap_vld   |  out|    1|      ap_vld|              local_regs_13_2_promoted_out|       pointer|
|local_regs_13_1_promoted_out          |  out|   32|      ap_vld|              local_regs_13_1_promoted_out|       pointer|
|local_regs_13_1_promoted_out_ap_vld   |  out|    1|      ap_vld|              local_regs_13_1_promoted_out|       pointer|
|local_regs_13_0_promoted_out          |  out|   32|      ap_vld|              local_regs_13_0_promoted_out|       pointer|
|local_regs_13_0_promoted_out_ap_vld   |  out|    1|      ap_vld|              local_regs_13_0_promoted_out|       pointer|
|local_regs_12_31_promoted_out         |  out|   32|      ap_vld|             local_regs_12_31_promoted_out|       pointer|
|local_regs_12_31_promoted_out_ap_vld  |  out|    1|      ap_vld|             local_regs_12_31_promoted_out|       pointer|
|local_regs_12_30_promoted_out         |  out|   32|      ap_vld|             local_regs_12_30_promoted_out|       pointer|
|local_regs_12_30_promoted_out_ap_vld  |  out|    1|      ap_vld|             local_regs_12_30_promoted_out|       pointer|
|local_regs_12_29_promoted_out         |  out|   32|      ap_vld|             local_regs_12_29_promoted_out|       pointer|
|local_regs_12_29_promoted_out_ap_vld  |  out|    1|      ap_vld|             local_regs_12_29_promoted_out|       pointer|
|local_regs_12_28_promoted_out         |  out|   32|      ap_vld|             local_regs_12_28_promoted_out|       pointer|
|local_regs_12_28_promoted_out_ap_vld  |  out|    1|      ap_vld|             local_regs_12_28_promoted_out|       pointer|
|local_regs_12_27_promoted_out         |  out|   32|      ap_vld|             local_regs_12_27_promoted_out|       pointer|
|local_regs_12_27_promoted_out_ap_vld  |  out|    1|      ap_vld|             local_regs_12_27_promoted_out|       pointer|
|local_regs_12_26_promoted_out         |  out|   32|      ap_vld|             local_regs_12_26_promoted_out|       pointer|
|local_regs_12_26_promoted_out_ap_vld  |  out|    1|      ap_vld|             local_regs_12_26_promoted_out|       pointer|
|local_regs_12_25_promoted_out         |  out|   32|      ap_vld|             local_regs_12_25_promoted_out|       pointer|
|local_regs_12_25_promoted_out_ap_vld  |  out|    1|      ap_vld|             local_regs_12_25_promoted_out|       pointer|
|local_regs_12_24_promoted_out         |  out|   32|      ap_vld|             local_regs_12_24_promoted_out|       pointer|
|local_regs_12_24_promoted_out_ap_vld  |  out|    1|      ap_vld|             local_regs_12_24_promoted_out|       pointer|
|local_regs_12_23_promoted_out         |  out|   32|      ap_vld|             local_regs_12_23_promoted_out|       pointer|
|local_regs_12_23_promoted_out_ap_vld  |  out|    1|      ap_vld|             local_regs_12_23_promoted_out|       pointer|
|local_regs_12_22_promoted_out         |  out|   32|      ap_vld|             local_regs_12_22_promoted_out|       pointer|
|local_regs_12_22_promoted_out_ap_vld  |  out|    1|      ap_vld|             local_regs_12_22_promoted_out|       pointer|
|local_regs_12_21_promoted_out         |  out|   32|      ap_vld|             local_regs_12_21_promoted_out|       pointer|
|local_regs_12_21_promoted_out_ap_vld  |  out|    1|      ap_vld|             local_regs_12_21_promoted_out|       pointer|
|local_regs_12_20_promoted_out         |  out|   32|      ap_vld|             local_regs_12_20_promoted_out|       pointer|
|local_regs_12_20_promoted_out_ap_vld  |  out|    1|      ap_vld|             local_regs_12_20_promoted_out|       pointer|
|local_regs_12_19_promoted_out         |  out|   32|      ap_vld|             local_regs_12_19_promoted_out|       pointer|
|local_regs_12_19_promoted_out_ap_vld  |  out|    1|      ap_vld|             local_regs_12_19_promoted_out|       pointer|
|local_regs_12_18_promoted_out         |  out|   32|      ap_vld|             local_regs_12_18_promoted_out|       pointer|
|local_regs_12_18_promoted_out_ap_vld  |  out|    1|      ap_vld|             local_regs_12_18_promoted_out|       pointer|
|local_regs_12_17_promoted_out         |  out|   32|      ap_vld|             local_regs_12_17_promoted_out|       pointer|
|local_regs_12_17_promoted_out_ap_vld  |  out|    1|      ap_vld|             local_regs_12_17_promoted_out|       pointer|
|local_regs_12_16_promoted_out         |  out|   32|      ap_vld|             local_regs_12_16_promoted_out|       pointer|
|local_regs_12_16_promoted_out_ap_vld  |  out|    1|      ap_vld|             local_regs_12_16_promoted_out|       pointer|
|local_regs_12_15_promoted_out         |  out|   32|      ap_vld|             local_regs_12_15_promoted_out|       pointer|
|local_regs_12_15_promoted_out_ap_vld  |  out|    1|      ap_vld|             local_regs_12_15_promoted_out|       pointer|
|local_regs_12_14_promoted_out         |  out|   32|      ap_vld|             local_regs_12_14_promoted_out|       pointer|
|local_regs_12_14_promoted_out_ap_vld  |  out|    1|      ap_vld|             local_regs_12_14_promoted_out|       pointer|
|local_regs_12_13_promoted_out         |  out|   32|      ap_vld|             local_regs_12_13_promoted_out|       pointer|
|local_regs_12_13_promoted_out_ap_vld  |  out|    1|      ap_vld|             local_regs_12_13_promoted_out|       pointer|
|local_regs_12_12_promoted_out         |  out|   32|      ap_vld|             local_regs_12_12_promoted_out|       pointer|
|local_regs_12_12_promoted_out_ap_vld  |  out|    1|      ap_vld|             local_regs_12_12_promoted_out|       pointer|
|local_regs_12_11_promoted_out         |  out|   32|      ap_vld|             local_regs_12_11_promoted_out|       pointer|
|local_regs_12_11_promoted_out_ap_vld  |  out|    1|      ap_vld|             local_regs_12_11_promoted_out|       pointer|
|local_regs_12_10_promoted_out         |  out|   32|      ap_vld|             local_regs_12_10_promoted_out|       pointer|
|local_regs_12_10_promoted_out_ap_vld  |  out|    1|      ap_vld|             local_regs_12_10_promoted_out|       pointer|
|local_regs_12_9_promoted_out          |  out|   32|      ap_vld|              local_regs_12_9_promoted_out|       pointer|
|local_regs_12_9_promoted_out_ap_vld   |  out|    1|      ap_vld|              local_regs_12_9_promoted_out|       pointer|
|local_regs_12_8_promoted_out          |  out|   32|      ap_vld|              local_regs_12_8_promoted_out|       pointer|
|local_regs_12_8_promoted_out_ap_vld   |  out|    1|      ap_vld|              local_regs_12_8_promoted_out|       pointer|
|local_regs_12_7_promoted_out          |  out|   32|      ap_vld|              local_regs_12_7_promoted_out|       pointer|
|local_regs_12_7_promoted_out_ap_vld   |  out|    1|      ap_vld|              local_regs_12_7_promoted_out|       pointer|
|local_regs_12_6_promoted_out          |  out|   32|      ap_vld|              local_regs_12_6_promoted_out|       pointer|
|local_regs_12_6_promoted_out_ap_vld   |  out|    1|      ap_vld|              local_regs_12_6_promoted_out|       pointer|
|local_regs_12_5_promoted_out          |  out|   32|      ap_vld|              local_regs_12_5_promoted_out|       pointer|
|local_regs_12_5_promoted_out_ap_vld   |  out|    1|      ap_vld|              local_regs_12_5_promoted_out|       pointer|
|local_regs_12_4_promoted_out          |  out|   32|      ap_vld|              local_regs_12_4_promoted_out|       pointer|
|local_regs_12_4_promoted_out_ap_vld   |  out|    1|      ap_vld|              local_regs_12_4_promoted_out|       pointer|
|local_regs_12_3_promoted_out          |  out|   32|      ap_vld|              local_regs_12_3_promoted_out|       pointer|
|local_regs_12_3_promoted_out_ap_vld   |  out|    1|      ap_vld|              local_regs_12_3_promoted_out|       pointer|
|local_regs_12_2_promoted_out          |  out|   32|      ap_vld|              local_regs_12_2_promoted_out|       pointer|
|local_regs_12_2_promoted_out_ap_vld   |  out|    1|      ap_vld|              local_regs_12_2_promoted_out|       pointer|
|local_regs_12_1_promoted_out          |  out|   32|      ap_vld|              local_regs_12_1_promoted_out|       pointer|
|local_regs_12_1_promoted_out_ap_vld   |  out|    1|      ap_vld|              local_regs_12_1_promoted_out|       pointer|
|local_regs_12_0_promoted_out          |  out|   32|      ap_vld|              local_regs_12_0_promoted_out|       pointer|
|local_regs_12_0_promoted_out_ap_vld   |  out|    1|      ap_vld|              local_regs_12_0_promoted_out|       pointer|
|local_regs_11_31_promoted_out         |  out|   32|      ap_vld|             local_regs_11_31_promoted_out|       pointer|
|local_regs_11_31_promoted_out_ap_vld  |  out|    1|      ap_vld|             local_regs_11_31_promoted_out|       pointer|
|local_regs_11_30_promoted_out         |  out|   32|      ap_vld|             local_regs_11_30_promoted_out|       pointer|
|local_regs_11_30_promoted_out_ap_vld  |  out|    1|      ap_vld|             local_regs_11_30_promoted_out|       pointer|
|local_regs_11_29_promoted_out         |  out|   32|      ap_vld|             local_regs_11_29_promoted_out|       pointer|
|local_regs_11_29_promoted_out_ap_vld  |  out|    1|      ap_vld|             local_regs_11_29_promoted_out|       pointer|
|local_regs_11_28_promoted_out         |  out|   32|      ap_vld|             local_regs_11_28_promoted_out|       pointer|
|local_regs_11_28_promoted_out_ap_vld  |  out|    1|      ap_vld|             local_regs_11_28_promoted_out|       pointer|
|local_regs_11_27_promoted_out         |  out|   32|      ap_vld|             local_regs_11_27_promoted_out|       pointer|
|local_regs_11_27_promoted_out_ap_vld  |  out|    1|      ap_vld|             local_regs_11_27_promoted_out|       pointer|
|local_regs_11_26_promoted_out         |  out|   32|      ap_vld|             local_regs_11_26_promoted_out|       pointer|
|local_regs_11_26_promoted_out_ap_vld  |  out|    1|      ap_vld|             local_regs_11_26_promoted_out|       pointer|
|local_regs_11_25_promoted_out         |  out|   32|      ap_vld|             local_regs_11_25_promoted_out|       pointer|
|local_regs_11_25_promoted_out_ap_vld  |  out|    1|      ap_vld|             local_regs_11_25_promoted_out|       pointer|
|local_regs_11_24_promoted_out         |  out|   32|      ap_vld|             local_regs_11_24_promoted_out|       pointer|
|local_regs_11_24_promoted_out_ap_vld  |  out|    1|      ap_vld|             local_regs_11_24_promoted_out|       pointer|
|local_regs_11_23_promoted_out         |  out|   32|      ap_vld|             local_regs_11_23_promoted_out|       pointer|
|local_regs_11_23_promoted_out_ap_vld  |  out|    1|      ap_vld|             local_regs_11_23_promoted_out|       pointer|
|local_regs_11_22_promoted_out         |  out|   32|      ap_vld|             local_regs_11_22_promoted_out|       pointer|
|local_regs_11_22_promoted_out_ap_vld  |  out|    1|      ap_vld|             local_regs_11_22_promoted_out|       pointer|
|local_regs_11_21_promoted_out         |  out|   32|      ap_vld|             local_regs_11_21_promoted_out|       pointer|
|local_regs_11_21_promoted_out_ap_vld  |  out|    1|      ap_vld|             local_regs_11_21_promoted_out|       pointer|
|local_regs_11_20_promoted_out         |  out|   32|      ap_vld|             local_regs_11_20_promoted_out|       pointer|
|local_regs_11_20_promoted_out_ap_vld  |  out|    1|      ap_vld|             local_regs_11_20_promoted_out|       pointer|
|local_regs_11_19_promoted_out         |  out|   32|      ap_vld|             local_regs_11_19_promoted_out|       pointer|
|local_regs_11_19_promoted_out_ap_vld  |  out|    1|      ap_vld|             local_regs_11_19_promoted_out|       pointer|
|local_regs_11_18_promoted_out         |  out|   32|      ap_vld|             local_regs_11_18_promoted_out|       pointer|
|local_regs_11_18_promoted_out_ap_vld  |  out|    1|      ap_vld|             local_regs_11_18_promoted_out|       pointer|
|local_regs_11_17_promoted_out         |  out|   32|      ap_vld|             local_regs_11_17_promoted_out|       pointer|
|local_regs_11_17_promoted_out_ap_vld  |  out|    1|      ap_vld|             local_regs_11_17_promoted_out|       pointer|
|local_regs_11_16_promoted_out         |  out|   32|      ap_vld|             local_regs_11_16_promoted_out|       pointer|
|local_regs_11_16_promoted_out_ap_vld  |  out|    1|      ap_vld|             local_regs_11_16_promoted_out|       pointer|
|local_regs_11_15_promoted_out         |  out|   32|      ap_vld|             local_regs_11_15_promoted_out|       pointer|
|local_regs_11_15_promoted_out_ap_vld  |  out|    1|      ap_vld|             local_regs_11_15_promoted_out|       pointer|
|local_regs_11_14_promoted_out         |  out|   32|      ap_vld|             local_regs_11_14_promoted_out|       pointer|
|local_regs_11_14_promoted_out_ap_vld  |  out|    1|      ap_vld|             local_regs_11_14_promoted_out|       pointer|
|local_regs_11_13_promoted_out         |  out|   32|      ap_vld|             local_regs_11_13_promoted_out|       pointer|
|local_regs_11_13_promoted_out_ap_vld  |  out|    1|      ap_vld|             local_regs_11_13_promoted_out|       pointer|
|local_regs_11_12_promoted_out         |  out|   32|      ap_vld|             local_regs_11_12_promoted_out|       pointer|
|local_regs_11_12_promoted_out_ap_vld  |  out|    1|      ap_vld|             local_regs_11_12_promoted_out|       pointer|
|local_regs_11_11_promoted_out         |  out|   32|      ap_vld|             local_regs_11_11_promoted_out|       pointer|
|local_regs_11_11_promoted_out_ap_vld  |  out|    1|      ap_vld|             local_regs_11_11_promoted_out|       pointer|
|local_regs_11_10_promoted_out         |  out|   32|      ap_vld|             local_regs_11_10_promoted_out|       pointer|
|local_regs_11_10_promoted_out_ap_vld  |  out|    1|      ap_vld|             local_regs_11_10_promoted_out|       pointer|
|local_regs_11_9_promoted_out          |  out|   32|      ap_vld|              local_regs_11_9_promoted_out|       pointer|
|local_regs_11_9_promoted_out_ap_vld   |  out|    1|      ap_vld|              local_regs_11_9_promoted_out|       pointer|
|local_regs_11_8_promoted_out          |  out|   32|      ap_vld|              local_regs_11_8_promoted_out|       pointer|
|local_regs_11_8_promoted_out_ap_vld   |  out|    1|      ap_vld|              local_regs_11_8_promoted_out|       pointer|
|local_regs_11_7_promoted_out          |  out|   32|      ap_vld|              local_regs_11_7_promoted_out|       pointer|
|local_regs_11_7_promoted_out_ap_vld   |  out|    1|      ap_vld|              local_regs_11_7_promoted_out|       pointer|
|local_regs_11_6_promoted_out          |  out|   32|      ap_vld|              local_regs_11_6_promoted_out|       pointer|
|local_regs_11_6_promoted_out_ap_vld   |  out|    1|      ap_vld|              local_regs_11_6_promoted_out|       pointer|
|local_regs_11_5_promoted_out          |  out|   32|      ap_vld|              local_regs_11_5_promoted_out|       pointer|
|local_regs_11_5_promoted_out_ap_vld   |  out|    1|      ap_vld|              local_regs_11_5_promoted_out|       pointer|
|local_regs_11_4_promoted_out          |  out|   32|      ap_vld|              local_regs_11_4_promoted_out|       pointer|
|local_regs_11_4_promoted_out_ap_vld   |  out|    1|      ap_vld|              local_regs_11_4_promoted_out|       pointer|
|local_regs_11_3_promoted_out          |  out|   32|      ap_vld|              local_regs_11_3_promoted_out|       pointer|
|local_regs_11_3_promoted_out_ap_vld   |  out|    1|      ap_vld|              local_regs_11_3_promoted_out|       pointer|
|local_regs_11_2_promoted_out          |  out|   32|      ap_vld|              local_regs_11_2_promoted_out|       pointer|
|local_regs_11_2_promoted_out_ap_vld   |  out|    1|      ap_vld|              local_regs_11_2_promoted_out|       pointer|
|local_regs_11_1_promoted_out          |  out|   32|      ap_vld|              local_regs_11_1_promoted_out|       pointer|
|local_regs_11_1_promoted_out_ap_vld   |  out|    1|      ap_vld|              local_regs_11_1_promoted_out|       pointer|
|local_regs_11_0_promoted_out          |  out|   32|      ap_vld|              local_regs_11_0_promoted_out|       pointer|
|local_regs_11_0_promoted_out_ap_vld   |  out|    1|      ap_vld|              local_regs_11_0_promoted_out|       pointer|
|local_regs_10_31_promoted_out         |  out|   32|      ap_vld|             local_regs_10_31_promoted_out|       pointer|
|local_regs_10_31_promoted_out_ap_vld  |  out|    1|      ap_vld|             local_regs_10_31_promoted_out|       pointer|
|local_regs_10_30_promoted_out         |  out|   32|      ap_vld|             local_regs_10_30_promoted_out|       pointer|
|local_regs_10_30_promoted_out_ap_vld  |  out|    1|      ap_vld|             local_regs_10_30_promoted_out|       pointer|
|local_regs_10_29_promoted_out         |  out|   32|      ap_vld|             local_regs_10_29_promoted_out|       pointer|
|local_regs_10_29_promoted_out_ap_vld  |  out|    1|      ap_vld|             local_regs_10_29_promoted_out|       pointer|
|local_regs_10_28_promoted_out         |  out|   32|      ap_vld|             local_regs_10_28_promoted_out|       pointer|
|local_regs_10_28_promoted_out_ap_vld  |  out|    1|      ap_vld|             local_regs_10_28_promoted_out|       pointer|
|local_regs_10_27_promoted_out         |  out|   32|      ap_vld|             local_regs_10_27_promoted_out|       pointer|
|local_regs_10_27_promoted_out_ap_vld  |  out|    1|      ap_vld|             local_regs_10_27_promoted_out|       pointer|
|local_regs_10_26_promoted_out         |  out|   32|      ap_vld|             local_regs_10_26_promoted_out|       pointer|
|local_regs_10_26_promoted_out_ap_vld  |  out|    1|      ap_vld|             local_regs_10_26_promoted_out|       pointer|
|local_regs_10_25_promoted_out         |  out|   32|      ap_vld|             local_regs_10_25_promoted_out|       pointer|
|local_regs_10_25_promoted_out_ap_vld  |  out|    1|      ap_vld|             local_regs_10_25_promoted_out|       pointer|
|local_regs_10_24_promoted_out         |  out|   32|      ap_vld|             local_regs_10_24_promoted_out|       pointer|
|local_regs_10_24_promoted_out_ap_vld  |  out|    1|      ap_vld|             local_regs_10_24_promoted_out|       pointer|
|local_regs_10_23_promoted_out         |  out|   32|      ap_vld|             local_regs_10_23_promoted_out|       pointer|
|local_regs_10_23_promoted_out_ap_vld  |  out|    1|      ap_vld|             local_regs_10_23_promoted_out|       pointer|
|local_regs_10_22_promoted_out         |  out|   32|      ap_vld|             local_regs_10_22_promoted_out|       pointer|
|local_regs_10_22_promoted_out_ap_vld  |  out|    1|      ap_vld|             local_regs_10_22_promoted_out|       pointer|
|local_regs_10_21_promoted_out         |  out|   32|      ap_vld|             local_regs_10_21_promoted_out|       pointer|
|local_regs_10_21_promoted_out_ap_vld  |  out|    1|      ap_vld|             local_regs_10_21_promoted_out|       pointer|
|local_regs_10_20_promoted_out         |  out|   32|      ap_vld|             local_regs_10_20_promoted_out|       pointer|
|local_regs_10_20_promoted_out_ap_vld  |  out|    1|      ap_vld|             local_regs_10_20_promoted_out|       pointer|
|local_regs_10_19_promoted_out         |  out|   32|      ap_vld|             local_regs_10_19_promoted_out|       pointer|
|local_regs_10_19_promoted_out_ap_vld  |  out|    1|      ap_vld|             local_regs_10_19_promoted_out|       pointer|
|local_regs_10_18_promoted_out         |  out|   32|      ap_vld|             local_regs_10_18_promoted_out|       pointer|
|local_regs_10_18_promoted_out_ap_vld  |  out|    1|      ap_vld|             local_regs_10_18_promoted_out|       pointer|
|local_regs_10_17_promoted_out         |  out|   32|      ap_vld|             local_regs_10_17_promoted_out|       pointer|
|local_regs_10_17_promoted_out_ap_vld  |  out|    1|      ap_vld|             local_regs_10_17_promoted_out|       pointer|
|local_regs_10_16_promoted_out         |  out|   32|      ap_vld|             local_regs_10_16_promoted_out|       pointer|
|local_regs_10_16_promoted_out_ap_vld  |  out|    1|      ap_vld|             local_regs_10_16_promoted_out|       pointer|
|local_regs_10_15_promoted_out         |  out|   32|      ap_vld|             local_regs_10_15_promoted_out|       pointer|
|local_regs_10_15_promoted_out_ap_vld  |  out|    1|      ap_vld|             local_regs_10_15_promoted_out|       pointer|
|local_regs_10_14_promoted_out         |  out|   32|      ap_vld|             local_regs_10_14_promoted_out|       pointer|
|local_regs_10_14_promoted_out_ap_vld  |  out|    1|      ap_vld|             local_regs_10_14_promoted_out|       pointer|
|local_regs_10_13_promoted_out         |  out|   32|      ap_vld|             local_regs_10_13_promoted_out|       pointer|
|local_regs_10_13_promoted_out_ap_vld  |  out|    1|      ap_vld|             local_regs_10_13_promoted_out|       pointer|
|local_regs_10_12_promoted_out         |  out|   32|      ap_vld|             local_regs_10_12_promoted_out|       pointer|
|local_regs_10_12_promoted_out_ap_vld  |  out|    1|      ap_vld|             local_regs_10_12_promoted_out|       pointer|
|local_regs_10_11_promoted_out         |  out|   32|      ap_vld|             local_regs_10_11_promoted_out|       pointer|
|local_regs_10_11_promoted_out_ap_vld  |  out|    1|      ap_vld|             local_regs_10_11_promoted_out|       pointer|
|local_regs_10_10_promoted_out         |  out|   32|      ap_vld|             local_regs_10_10_promoted_out|       pointer|
|local_regs_10_10_promoted_out_ap_vld  |  out|    1|      ap_vld|             local_regs_10_10_promoted_out|       pointer|
|local_regs_10_9_promoted_out          |  out|   32|      ap_vld|              local_regs_10_9_promoted_out|       pointer|
|local_regs_10_9_promoted_out_ap_vld   |  out|    1|      ap_vld|              local_regs_10_9_promoted_out|       pointer|
|local_regs_10_8_promoted_out          |  out|   32|      ap_vld|              local_regs_10_8_promoted_out|       pointer|
|local_regs_10_8_promoted_out_ap_vld   |  out|    1|      ap_vld|              local_regs_10_8_promoted_out|       pointer|
|local_regs_10_7_promoted_out          |  out|   32|      ap_vld|              local_regs_10_7_promoted_out|       pointer|
|local_regs_10_7_promoted_out_ap_vld   |  out|    1|      ap_vld|              local_regs_10_7_promoted_out|       pointer|
|local_regs_10_6_promoted_out          |  out|   32|      ap_vld|              local_regs_10_6_promoted_out|       pointer|
|local_regs_10_6_promoted_out_ap_vld   |  out|    1|      ap_vld|              local_regs_10_6_promoted_out|       pointer|
|local_regs_10_5_promoted_out          |  out|   32|      ap_vld|              local_regs_10_5_promoted_out|       pointer|
|local_regs_10_5_promoted_out_ap_vld   |  out|    1|      ap_vld|              local_regs_10_5_promoted_out|       pointer|
|local_regs_10_4_promoted_out          |  out|   32|      ap_vld|              local_regs_10_4_promoted_out|       pointer|
|local_regs_10_4_promoted_out_ap_vld   |  out|    1|      ap_vld|              local_regs_10_4_promoted_out|       pointer|
|local_regs_10_3_promoted_out          |  out|   32|      ap_vld|              local_regs_10_3_promoted_out|       pointer|
|local_regs_10_3_promoted_out_ap_vld   |  out|    1|      ap_vld|              local_regs_10_3_promoted_out|       pointer|
|local_regs_10_2_promoted_out          |  out|   32|      ap_vld|              local_regs_10_2_promoted_out|       pointer|
|local_regs_10_2_promoted_out_ap_vld   |  out|    1|      ap_vld|              local_regs_10_2_promoted_out|       pointer|
|local_regs_10_1_promoted_out          |  out|   32|      ap_vld|              local_regs_10_1_promoted_out|       pointer|
|local_regs_10_1_promoted_out_ap_vld   |  out|    1|      ap_vld|              local_regs_10_1_promoted_out|       pointer|
|local_regs_10_0_promoted_out          |  out|   32|      ap_vld|              local_regs_10_0_promoted_out|       pointer|
|local_regs_10_0_promoted_out_ap_vld   |  out|    1|      ap_vld|              local_regs_10_0_promoted_out|       pointer|
|local_regs_9_31_promoted_out          |  out|   32|      ap_vld|              local_regs_9_31_promoted_out|       pointer|
|local_regs_9_31_promoted_out_ap_vld   |  out|    1|      ap_vld|              local_regs_9_31_promoted_out|       pointer|
|local_regs_9_30_promoted_out          |  out|   32|      ap_vld|              local_regs_9_30_promoted_out|       pointer|
|local_regs_9_30_promoted_out_ap_vld   |  out|    1|      ap_vld|              local_regs_9_30_promoted_out|       pointer|
|local_regs_9_29_promoted_out          |  out|   32|      ap_vld|              local_regs_9_29_promoted_out|       pointer|
|local_regs_9_29_promoted_out_ap_vld   |  out|    1|      ap_vld|              local_regs_9_29_promoted_out|       pointer|
|local_regs_9_28_promoted_out          |  out|   32|      ap_vld|              local_regs_9_28_promoted_out|       pointer|
|local_regs_9_28_promoted_out_ap_vld   |  out|    1|      ap_vld|              local_regs_9_28_promoted_out|       pointer|
|local_regs_9_27_promoted_out          |  out|   32|      ap_vld|              local_regs_9_27_promoted_out|       pointer|
|local_regs_9_27_promoted_out_ap_vld   |  out|    1|      ap_vld|              local_regs_9_27_promoted_out|       pointer|
|local_regs_9_26_promoted_out          |  out|   32|      ap_vld|              local_regs_9_26_promoted_out|       pointer|
|local_regs_9_26_promoted_out_ap_vld   |  out|    1|      ap_vld|              local_regs_9_26_promoted_out|       pointer|
|local_regs_9_25_promoted_out          |  out|   32|      ap_vld|              local_regs_9_25_promoted_out|       pointer|
|local_regs_9_25_promoted_out_ap_vld   |  out|    1|      ap_vld|              local_regs_9_25_promoted_out|       pointer|
|local_regs_9_24_promoted_out          |  out|   32|      ap_vld|              local_regs_9_24_promoted_out|       pointer|
|local_regs_9_24_promoted_out_ap_vld   |  out|    1|      ap_vld|              local_regs_9_24_promoted_out|       pointer|
|local_regs_9_23_promoted_out          |  out|   32|      ap_vld|              local_regs_9_23_promoted_out|       pointer|
|local_regs_9_23_promoted_out_ap_vld   |  out|    1|      ap_vld|              local_regs_9_23_promoted_out|       pointer|
|local_regs_9_22_promoted_out          |  out|   32|      ap_vld|              local_regs_9_22_promoted_out|       pointer|
|local_regs_9_22_promoted_out_ap_vld   |  out|    1|      ap_vld|              local_regs_9_22_promoted_out|       pointer|
|local_regs_9_21_promoted_out          |  out|   32|      ap_vld|              local_regs_9_21_promoted_out|       pointer|
|local_regs_9_21_promoted_out_ap_vld   |  out|    1|      ap_vld|              local_regs_9_21_promoted_out|       pointer|
|local_regs_9_20_promoted_out          |  out|   32|      ap_vld|              local_regs_9_20_promoted_out|       pointer|
|local_regs_9_20_promoted_out_ap_vld   |  out|    1|      ap_vld|              local_regs_9_20_promoted_out|       pointer|
|local_regs_9_19_promoted_out          |  out|   32|      ap_vld|              local_regs_9_19_promoted_out|       pointer|
|local_regs_9_19_promoted_out_ap_vld   |  out|    1|      ap_vld|              local_regs_9_19_promoted_out|       pointer|
|local_regs_9_18_promoted_out          |  out|   32|      ap_vld|              local_regs_9_18_promoted_out|       pointer|
|local_regs_9_18_promoted_out_ap_vld   |  out|    1|      ap_vld|              local_regs_9_18_promoted_out|       pointer|
|local_regs_9_17_promoted_out          |  out|   32|      ap_vld|              local_regs_9_17_promoted_out|       pointer|
|local_regs_9_17_promoted_out_ap_vld   |  out|    1|      ap_vld|              local_regs_9_17_promoted_out|       pointer|
|local_regs_9_16_promoted_out          |  out|   32|      ap_vld|              local_regs_9_16_promoted_out|       pointer|
|local_regs_9_16_promoted_out_ap_vld   |  out|    1|      ap_vld|              local_regs_9_16_promoted_out|       pointer|
|local_regs_9_15_promoted_out          |  out|   32|      ap_vld|              local_regs_9_15_promoted_out|       pointer|
|local_regs_9_15_promoted_out_ap_vld   |  out|    1|      ap_vld|              local_regs_9_15_promoted_out|       pointer|
|local_regs_9_14_promoted_out          |  out|   32|      ap_vld|              local_regs_9_14_promoted_out|       pointer|
|local_regs_9_14_promoted_out_ap_vld   |  out|    1|      ap_vld|              local_regs_9_14_promoted_out|       pointer|
|local_regs_9_13_promoted_out          |  out|   32|      ap_vld|              local_regs_9_13_promoted_out|       pointer|
|local_regs_9_13_promoted_out_ap_vld   |  out|    1|      ap_vld|              local_regs_9_13_promoted_out|       pointer|
|local_regs_9_12_promoted_out          |  out|   32|      ap_vld|              local_regs_9_12_promoted_out|       pointer|
|local_regs_9_12_promoted_out_ap_vld   |  out|    1|      ap_vld|              local_regs_9_12_promoted_out|       pointer|
|local_regs_9_11_promoted_out          |  out|   32|      ap_vld|              local_regs_9_11_promoted_out|       pointer|
|local_regs_9_11_promoted_out_ap_vld   |  out|    1|      ap_vld|              local_regs_9_11_promoted_out|       pointer|
|local_regs_9_10_promoted_out          |  out|   32|      ap_vld|              local_regs_9_10_promoted_out|       pointer|
|local_regs_9_10_promoted_out_ap_vld   |  out|    1|      ap_vld|              local_regs_9_10_promoted_out|       pointer|
|local_regs_9_9_promoted_out           |  out|   32|      ap_vld|               local_regs_9_9_promoted_out|       pointer|
|local_regs_9_9_promoted_out_ap_vld    |  out|    1|      ap_vld|               local_regs_9_9_promoted_out|       pointer|
|local_regs_9_8_promoted_out           |  out|   32|      ap_vld|               local_regs_9_8_promoted_out|       pointer|
|local_regs_9_8_promoted_out_ap_vld    |  out|    1|      ap_vld|               local_regs_9_8_promoted_out|       pointer|
|local_regs_9_7_promoted_out           |  out|   32|      ap_vld|               local_regs_9_7_promoted_out|       pointer|
|local_regs_9_7_promoted_out_ap_vld    |  out|    1|      ap_vld|               local_regs_9_7_promoted_out|       pointer|
|local_regs_9_6_promoted_out           |  out|   32|      ap_vld|               local_regs_9_6_promoted_out|       pointer|
|local_regs_9_6_promoted_out_ap_vld    |  out|    1|      ap_vld|               local_regs_9_6_promoted_out|       pointer|
|local_regs_9_5_promoted_out           |  out|   32|      ap_vld|               local_regs_9_5_promoted_out|       pointer|
|local_regs_9_5_promoted_out_ap_vld    |  out|    1|      ap_vld|               local_regs_9_5_promoted_out|       pointer|
|local_regs_9_4_promoted_out           |  out|   32|      ap_vld|               local_regs_9_4_promoted_out|       pointer|
|local_regs_9_4_promoted_out_ap_vld    |  out|    1|      ap_vld|               local_regs_9_4_promoted_out|       pointer|
|local_regs_9_3_promoted_out           |  out|   32|      ap_vld|               local_regs_9_3_promoted_out|       pointer|
|local_regs_9_3_promoted_out_ap_vld    |  out|    1|      ap_vld|               local_regs_9_3_promoted_out|       pointer|
|local_regs_9_2_promoted_out           |  out|   32|      ap_vld|               local_regs_9_2_promoted_out|       pointer|
|local_regs_9_2_promoted_out_ap_vld    |  out|    1|      ap_vld|               local_regs_9_2_promoted_out|       pointer|
|local_regs_9_1_promoted_out           |  out|   32|      ap_vld|               local_regs_9_1_promoted_out|       pointer|
|local_regs_9_1_promoted_out_ap_vld    |  out|    1|      ap_vld|               local_regs_9_1_promoted_out|       pointer|
|local_regs_9_0_promoted_out           |  out|   32|      ap_vld|               local_regs_9_0_promoted_out|       pointer|
|local_regs_9_0_promoted_out_ap_vld    |  out|    1|      ap_vld|               local_regs_9_0_promoted_out|       pointer|
|local_regs_8_31_promoted_out          |  out|   32|      ap_vld|              local_regs_8_31_promoted_out|       pointer|
|local_regs_8_31_promoted_out_ap_vld   |  out|    1|      ap_vld|              local_regs_8_31_promoted_out|       pointer|
|local_regs_8_30_promoted_out          |  out|   32|      ap_vld|              local_regs_8_30_promoted_out|       pointer|
|local_regs_8_30_promoted_out_ap_vld   |  out|    1|      ap_vld|              local_regs_8_30_promoted_out|       pointer|
|local_regs_8_29_promoted_out          |  out|   32|      ap_vld|              local_regs_8_29_promoted_out|       pointer|
|local_regs_8_29_promoted_out_ap_vld   |  out|    1|      ap_vld|              local_regs_8_29_promoted_out|       pointer|
|local_regs_8_28_promoted_out          |  out|   32|      ap_vld|              local_regs_8_28_promoted_out|       pointer|
|local_regs_8_28_promoted_out_ap_vld   |  out|    1|      ap_vld|              local_regs_8_28_promoted_out|       pointer|
|local_regs_8_27_promoted_out          |  out|   32|      ap_vld|              local_regs_8_27_promoted_out|       pointer|
|local_regs_8_27_promoted_out_ap_vld   |  out|    1|      ap_vld|              local_regs_8_27_promoted_out|       pointer|
|local_regs_8_26_promoted_out          |  out|   32|      ap_vld|              local_regs_8_26_promoted_out|       pointer|
|local_regs_8_26_promoted_out_ap_vld   |  out|    1|      ap_vld|              local_regs_8_26_promoted_out|       pointer|
|local_regs_8_25_promoted_out          |  out|   32|      ap_vld|              local_regs_8_25_promoted_out|       pointer|
|local_regs_8_25_promoted_out_ap_vld   |  out|    1|      ap_vld|              local_regs_8_25_promoted_out|       pointer|
|local_regs_8_24_promoted_out          |  out|   32|      ap_vld|              local_regs_8_24_promoted_out|       pointer|
|local_regs_8_24_promoted_out_ap_vld   |  out|    1|      ap_vld|              local_regs_8_24_promoted_out|       pointer|
|local_regs_8_23_promoted_out          |  out|   32|      ap_vld|              local_regs_8_23_promoted_out|       pointer|
|local_regs_8_23_promoted_out_ap_vld   |  out|    1|      ap_vld|              local_regs_8_23_promoted_out|       pointer|
|local_regs_8_22_promoted_out          |  out|   32|      ap_vld|              local_regs_8_22_promoted_out|       pointer|
|local_regs_8_22_promoted_out_ap_vld   |  out|    1|      ap_vld|              local_regs_8_22_promoted_out|       pointer|
|local_regs_8_21_promoted_out          |  out|   32|      ap_vld|              local_regs_8_21_promoted_out|       pointer|
|local_regs_8_21_promoted_out_ap_vld   |  out|    1|      ap_vld|              local_regs_8_21_promoted_out|       pointer|
|local_regs_8_20_promoted_out          |  out|   32|      ap_vld|              local_regs_8_20_promoted_out|       pointer|
|local_regs_8_20_promoted_out_ap_vld   |  out|    1|      ap_vld|              local_regs_8_20_promoted_out|       pointer|
|local_regs_8_19_promoted_out          |  out|   32|      ap_vld|              local_regs_8_19_promoted_out|       pointer|
|local_regs_8_19_promoted_out_ap_vld   |  out|    1|      ap_vld|              local_regs_8_19_promoted_out|       pointer|
|local_regs_8_18_promoted_out          |  out|   32|      ap_vld|              local_regs_8_18_promoted_out|       pointer|
|local_regs_8_18_promoted_out_ap_vld   |  out|    1|      ap_vld|              local_regs_8_18_promoted_out|       pointer|
|local_regs_8_17_promoted_out          |  out|   32|      ap_vld|              local_regs_8_17_promoted_out|       pointer|
|local_regs_8_17_promoted_out_ap_vld   |  out|    1|      ap_vld|              local_regs_8_17_promoted_out|       pointer|
|local_regs_8_16_promoted_out          |  out|   32|      ap_vld|              local_regs_8_16_promoted_out|       pointer|
|local_regs_8_16_promoted_out_ap_vld   |  out|    1|      ap_vld|              local_regs_8_16_promoted_out|       pointer|
|local_regs_8_15_promoted_out          |  out|   32|      ap_vld|              local_regs_8_15_promoted_out|       pointer|
|local_regs_8_15_promoted_out_ap_vld   |  out|    1|      ap_vld|              local_regs_8_15_promoted_out|       pointer|
|local_regs_8_14_promoted_out          |  out|   32|      ap_vld|              local_regs_8_14_promoted_out|       pointer|
|local_regs_8_14_promoted_out_ap_vld   |  out|    1|      ap_vld|              local_regs_8_14_promoted_out|       pointer|
|local_regs_8_13_promoted_out          |  out|   32|      ap_vld|              local_regs_8_13_promoted_out|       pointer|
|local_regs_8_13_promoted_out_ap_vld   |  out|    1|      ap_vld|              local_regs_8_13_promoted_out|       pointer|
|local_regs_8_12_promoted_out          |  out|   32|      ap_vld|              local_regs_8_12_promoted_out|       pointer|
|local_regs_8_12_promoted_out_ap_vld   |  out|    1|      ap_vld|              local_regs_8_12_promoted_out|       pointer|
|local_regs_8_11_promoted_out          |  out|   32|      ap_vld|              local_regs_8_11_promoted_out|       pointer|
|local_regs_8_11_promoted_out_ap_vld   |  out|    1|      ap_vld|              local_regs_8_11_promoted_out|       pointer|
|local_regs_8_10_promoted_out          |  out|   32|      ap_vld|              local_regs_8_10_promoted_out|       pointer|
|local_regs_8_10_promoted_out_ap_vld   |  out|    1|      ap_vld|              local_regs_8_10_promoted_out|       pointer|
|local_regs_8_9_promoted_out           |  out|   32|      ap_vld|               local_regs_8_9_promoted_out|       pointer|
|local_regs_8_9_promoted_out_ap_vld    |  out|    1|      ap_vld|               local_regs_8_9_promoted_out|       pointer|
|local_regs_8_8_promoted_out           |  out|   32|      ap_vld|               local_regs_8_8_promoted_out|       pointer|
|local_regs_8_8_promoted_out_ap_vld    |  out|    1|      ap_vld|               local_regs_8_8_promoted_out|       pointer|
|local_regs_8_7_promoted_out           |  out|   32|      ap_vld|               local_regs_8_7_promoted_out|       pointer|
|local_regs_8_7_promoted_out_ap_vld    |  out|    1|      ap_vld|               local_regs_8_7_promoted_out|       pointer|
|local_regs_8_6_promoted_out           |  out|   32|      ap_vld|               local_regs_8_6_promoted_out|       pointer|
|local_regs_8_6_promoted_out_ap_vld    |  out|    1|      ap_vld|               local_regs_8_6_promoted_out|       pointer|
|local_regs_8_5_promoted_out           |  out|   32|      ap_vld|               local_regs_8_5_promoted_out|       pointer|
|local_regs_8_5_promoted_out_ap_vld    |  out|    1|      ap_vld|               local_regs_8_5_promoted_out|       pointer|
|local_regs_8_4_promoted_out           |  out|   32|      ap_vld|               local_regs_8_4_promoted_out|       pointer|
|local_regs_8_4_promoted_out_ap_vld    |  out|    1|      ap_vld|               local_regs_8_4_promoted_out|       pointer|
|local_regs_8_3_promoted_out           |  out|   32|      ap_vld|               local_regs_8_3_promoted_out|       pointer|
|local_regs_8_3_promoted_out_ap_vld    |  out|    1|      ap_vld|               local_regs_8_3_promoted_out|       pointer|
|local_regs_8_2_promoted_out           |  out|   32|      ap_vld|               local_regs_8_2_promoted_out|       pointer|
|local_regs_8_2_promoted_out_ap_vld    |  out|    1|      ap_vld|               local_regs_8_2_promoted_out|       pointer|
|local_regs_8_1_promoted_out           |  out|   32|      ap_vld|               local_regs_8_1_promoted_out|       pointer|
|local_regs_8_1_promoted_out_ap_vld    |  out|    1|      ap_vld|               local_regs_8_1_promoted_out|       pointer|
|local_regs_8_0_promoted_out           |  out|   32|      ap_vld|               local_regs_8_0_promoted_out|       pointer|
|local_regs_8_0_promoted_out_ap_vld    |  out|    1|      ap_vld|               local_regs_8_0_promoted_out|       pointer|
|local_regs_7_31_promoted_out          |  out|   32|      ap_vld|              local_regs_7_31_promoted_out|       pointer|
|local_regs_7_31_promoted_out_ap_vld   |  out|    1|      ap_vld|              local_regs_7_31_promoted_out|       pointer|
|local_regs_7_30_promoted_out          |  out|   32|      ap_vld|              local_regs_7_30_promoted_out|       pointer|
|local_regs_7_30_promoted_out_ap_vld   |  out|    1|      ap_vld|              local_regs_7_30_promoted_out|       pointer|
|local_regs_7_29_promoted_out          |  out|   32|      ap_vld|              local_regs_7_29_promoted_out|       pointer|
|local_regs_7_29_promoted_out_ap_vld   |  out|    1|      ap_vld|              local_regs_7_29_promoted_out|       pointer|
|local_regs_7_28_promoted_out          |  out|   32|      ap_vld|              local_regs_7_28_promoted_out|       pointer|
|local_regs_7_28_promoted_out_ap_vld   |  out|    1|      ap_vld|              local_regs_7_28_promoted_out|       pointer|
|local_regs_7_27_promoted_out          |  out|   32|      ap_vld|              local_regs_7_27_promoted_out|       pointer|
|local_regs_7_27_promoted_out_ap_vld   |  out|    1|      ap_vld|              local_regs_7_27_promoted_out|       pointer|
|local_regs_7_26_promoted_out          |  out|   32|      ap_vld|              local_regs_7_26_promoted_out|       pointer|
|local_regs_7_26_promoted_out_ap_vld   |  out|    1|      ap_vld|              local_regs_7_26_promoted_out|       pointer|
|local_regs_7_25_promoted_out          |  out|   32|      ap_vld|              local_regs_7_25_promoted_out|       pointer|
|local_regs_7_25_promoted_out_ap_vld   |  out|    1|      ap_vld|              local_regs_7_25_promoted_out|       pointer|
|local_regs_7_24_promoted_out          |  out|   32|      ap_vld|              local_regs_7_24_promoted_out|       pointer|
|local_regs_7_24_promoted_out_ap_vld   |  out|    1|      ap_vld|              local_regs_7_24_promoted_out|       pointer|
|local_regs_7_23_promoted_out          |  out|   32|      ap_vld|              local_regs_7_23_promoted_out|       pointer|
|local_regs_7_23_promoted_out_ap_vld   |  out|    1|      ap_vld|              local_regs_7_23_promoted_out|       pointer|
|local_regs_7_22_promoted_out          |  out|   32|      ap_vld|              local_regs_7_22_promoted_out|       pointer|
|local_regs_7_22_promoted_out_ap_vld   |  out|    1|      ap_vld|              local_regs_7_22_promoted_out|       pointer|
|local_regs_7_21_promoted_out          |  out|   32|      ap_vld|              local_regs_7_21_promoted_out|       pointer|
|local_regs_7_21_promoted_out_ap_vld   |  out|    1|      ap_vld|              local_regs_7_21_promoted_out|       pointer|
|local_regs_7_20_promoted_out          |  out|   32|      ap_vld|              local_regs_7_20_promoted_out|       pointer|
|local_regs_7_20_promoted_out_ap_vld   |  out|    1|      ap_vld|              local_regs_7_20_promoted_out|       pointer|
|local_regs_7_19_promoted_out          |  out|   32|      ap_vld|              local_regs_7_19_promoted_out|       pointer|
|local_regs_7_19_promoted_out_ap_vld   |  out|    1|      ap_vld|              local_regs_7_19_promoted_out|       pointer|
|local_regs_7_18_promoted_out          |  out|   32|      ap_vld|              local_regs_7_18_promoted_out|       pointer|
|local_regs_7_18_promoted_out_ap_vld   |  out|    1|      ap_vld|              local_regs_7_18_promoted_out|       pointer|
|local_regs_7_17_promoted_out          |  out|   32|      ap_vld|              local_regs_7_17_promoted_out|       pointer|
|local_regs_7_17_promoted_out_ap_vld   |  out|    1|      ap_vld|              local_regs_7_17_promoted_out|       pointer|
|local_regs_7_16_promoted_out          |  out|   32|      ap_vld|              local_regs_7_16_promoted_out|       pointer|
|local_regs_7_16_promoted_out_ap_vld   |  out|    1|      ap_vld|              local_regs_7_16_promoted_out|       pointer|
|local_regs_7_15_promoted_out          |  out|   32|      ap_vld|              local_regs_7_15_promoted_out|       pointer|
|local_regs_7_15_promoted_out_ap_vld   |  out|    1|      ap_vld|              local_regs_7_15_promoted_out|       pointer|
|local_regs_7_14_promoted_out          |  out|   32|      ap_vld|              local_regs_7_14_promoted_out|       pointer|
|local_regs_7_14_promoted_out_ap_vld   |  out|    1|      ap_vld|              local_regs_7_14_promoted_out|       pointer|
|local_regs_7_13_promoted_out          |  out|   32|      ap_vld|              local_regs_7_13_promoted_out|       pointer|
|local_regs_7_13_promoted_out_ap_vld   |  out|    1|      ap_vld|              local_regs_7_13_promoted_out|       pointer|
|local_regs_7_12_promoted_out          |  out|   32|      ap_vld|              local_regs_7_12_promoted_out|       pointer|
|local_regs_7_12_promoted_out_ap_vld   |  out|    1|      ap_vld|              local_regs_7_12_promoted_out|       pointer|
|local_regs_7_11_promoted_out          |  out|   32|      ap_vld|              local_regs_7_11_promoted_out|       pointer|
|local_regs_7_11_promoted_out_ap_vld   |  out|    1|      ap_vld|              local_regs_7_11_promoted_out|       pointer|
|local_regs_7_10_promoted_out          |  out|   32|      ap_vld|              local_regs_7_10_promoted_out|       pointer|
|local_regs_7_10_promoted_out_ap_vld   |  out|    1|      ap_vld|              local_regs_7_10_promoted_out|       pointer|
|local_regs_7_9_promoted_out           |  out|   32|      ap_vld|               local_regs_7_9_promoted_out|       pointer|
|local_regs_7_9_promoted_out_ap_vld    |  out|    1|      ap_vld|               local_regs_7_9_promoted_out|       pointer|
|local_regs_7_8_promoted_out           |  out|   32|      ap_vld|               local_regs_7_8_promoted_out|       pointer|
|local_regs_7_8_promoted_out_ap_vld    |  out|    1|      ap_vld|               local_regs_7_8_promoted_out|       pointer|
|local_regs_7_7_promoted_out           |  out|   32|      ap_vld|               local_regs_7_7_promoted_out|       pointer|
|local_regs_7_7_promoted_out_ap_vld    |  out|    1|      ap_vld|               local_regs_7_7_promoted_out|       pointer|
|local_regs_7_6_promoted_out           |  out|   32|      ap_vld|               local_regs_7_6_promoted_out|       pointer|
|local_regs_7_6_promoted_out_ap_vld    |  out|    1|      ap_vld|               local_regs_7_6_promoted_out|       pointer|
|local_regs_7_5_promoted_out           |  out|   32|      ap_vld|               local_regs_7_5_promoted_out|       pointer|
|local_regs_7_5_promoted_out_ap_vld    |  out|    1|      ap_vld|               local_regs_7_5_promoted_out|       pointer|
|local_regs_7_4_promoted_out           |  out|   32|      ap_vld|               local_regs_7_4_promoted_out|       pointer|
|local_regs_7_4_promoted_out_ap_vld    |  out|    1|      ap_vld|               local_regs_7_4_promoted_out|       pointer|
|local_regs_7_3_promoted_out           |  out|   32|      ap_vld|               local_regs_7_3_promoted_out|       pointer|
|local_regs_7_3_promoted_out_ap_vld    |  out|    1|      ap_vld|               local_regs_7_3_promoted_out|       pointer|
|local_regs_7_2_promoted_out           |  out|   32|      ap_vld|               local_regs_7_2_promoted_out|       pointer|
|local_regs_7_2_promoted_out_ap_vld    |  out|    1|      ap_vld|               local_regs_7_2_promoted_out|       pointer|
|local_regs_7_1_promoted_out           |  out|   32|      ap_vld|               local_regs_7_1_promoted_out|       pointer|
|local_regs_7_1_promoted_out_ap_vld    |  out|    1|      ap_vld|               local_regs_7_1_promoted_out|       pointer|
|local_regs_7_0_promoted_out           |  out|   32|      ap_vld|               local_regs_7_0_promoted_out|       pointer|
|local_regs_7_0_promoted_out_ap_vld    |  out|    1|      ap_vld|               local_regs_7_0_promoted_out|       pointer|
|local_regs_6_31_promoted_out          |  out|   32|      ap_vld|              local_regs_6_31_promoted_out|       pointer|
|local_regs_6_31_promoted_out_ap_vld   |  out|    1|      ap_vld|              local_regs_6_31_promoted_out|       pointer|
|local_regs_6_30_promoted_out          |  out|   32|      ap_vld|              local_regs_6_30_promoted_out|       pointer|
|local_regs_6_30_promoted_out_ap_vld   |  out|    1|      ap_vld|              local_regs_6_30_promoted_out|       pointer|
|local_regs_6_29_promoted_out          |  out|   32|      ap_vld|              local_regs_6_29_promoted_out|       pointer|
|local_regs_6_29_promoted_out_ap_vld   |  out|    1|      ap_vld|              local_regs_6_29_promoted_out|       pointer|
|local_regs_6_28_promoted_out          |  out|   32|      ap_vld|              local_regs_6_28_promoted_out|       pointer|
|local_regs_6_28_promoted_out_ap_vld   |  out|    1|      ap_vld|              local_regs_6_28_promoted_out|       pointer|
|local_regs_6_27_promoted_out          |  out|   32|      ap_vld|              local_regs_6_27_promoted_out|       pointer|
|local_regs_6_27_promoted_out_ap_vld   |  out|    1|      ap_vld|              local_regs_6_27_promoted_out|       pointer|
|local_regs_6_26_promoted_out          |  out|   32|      ap_vld|              local_regs_6_26_promoted_out|       pointer|
|local_regs_6_26_promoted_out_ap_vld   |  out|    1|      ap_vld|              local_regs_6_26_promoted_out|       pointer|
|local_regs_6_25_promoted_out          |  out|   32|      ap_vld|              local_regs_6_25_promoted_out|       pointer|
|local_regs_6_25_promoted_out_ap_vld   |  out|    1|      ap_vld|              local_regs_6_25_promoted_out|       pointer|
|local_regs_6_24_promoted_out          |  out|   32|      ap_vld|              local_regs_6_24_promoted_out|       pointer|
|local_regs_6_24_promoted_out_ap_vld   |  out|    1|      ap_vld|              local_regs_6_24_promoted_out|       pointer|
|local_regs_6_23_promoted_out          |  out|   32|      ap_vld|              local_regs_6_23_promoted_out|       pointer|
|local_regs_6_23_promoted_out_ap_vld   |  out|    1|      ap_vld|              local_regs_6_23_promoted_out|       pointer|
|local_regs_6_22_promoted_out          |  out|   32|      ap_vld|              local_regs_6_22_promoted_out|       pointer|
|local_regs_6_22_promoted_out_ap_vld   |  out|    1|      ap_vld|              local_regs_6_22_promoted_out|       pointer|
|local_regs_6_21_promoted_out          |  out|   32|      ap_vld|              local_regs_6_21_promoted_out|       pointer|
|local_regs_6_21_promoted_out_ap_vld   |  out|    1|      ap_vld|              local_regs_6_21_promoted_out|       pointer|
|local_regs_6_20_promoted_out          |  out|   32|      ap_vld|              local_regs_6_20_promoted_out|       pointer|
|local_regs_6_20_promoted_out_ap_vld   |  out|    1|      ap_vld|              local_regs_6_20_promoted_out|       pointer|
|local_regs_6_19_promoted_out          |  out|   32|      ap_vld|              local_regs_6_19_promoted_out|       pointer|
|local_regs_6_19_promoted_out_ap_vld   |  out|    1|      ap_vld|              local_regs_6_19_promoted_out|       pointer|
|local_regs_6_18_promoted_out          |  out|   32|      ap_vld|              local_regs_6_18_promoted_out|       pointer|
|local_regs_6_18_promoted_out_ap_vld   |  out|    1|      ap_vld|              local_regs_6_18_promoted_out|       pointer|
|local_regs_6_17_promoted_out          |  out|   32|      ap_vld|              local_regs_6_17_promoted_out|       pointer|
|local_regs_6_17_promoted_out_ap_vld   |  out|    1|      ap_vld|              local_regs_6_17_promoted_out|       pointer|
|local_regs_6_16_promoted_out          |  out|   32|      ap_vld|              local_regs_6_16_promoted_out|       pointer|
|local_regs_6_16_promoted_out_ap_vld   |  out|    1|      ap_vld|              local_regs_6_16_promoted_out|       pointer|
|local_regs_6_15_promoted_out          |  out|   32|      ap_vld|              local_regs_6_15_promoted_out|       pointer|
|local_regs_6_15_promoted_out_ap_vld   |  out|    1|      ap_vld|              local_regs_6_15_promoted_out|       pointer|
|local_regs_6_14_promoted_out          |  out|   32|      ap_vld|              local_regs_6_14_promoted_out|       pointer|
|local_regs_6_14_promoted_out_ap_vld   |  out|    1|      ap_vld|              local_regs_6_14_promoted_out|       pointer|
|local_regs_6_13_promoted_out          |  out|   32|      ap_vld|              local_regs_6_13_promoted_out|       pointer|
|local_regs_6_13_promoted_out_ap_vld   |  out|    1|      ap_vld|              local_regs_6_13_promoted_out|       pointer|
|local_regs_6_12_promoted_out          |  out|   32|      ap_vld|              local_regs_6_12_promoted_out|       pointer|
|local_regs_6_12_promoted_out_ap_vld   |  out|    1|      ap_vld|              local_regs_6_12_promoted_out|       pointer|
|local_regs_6_11_promoted_out          |  out|   32|      ap_vld|              local_regs_6_11_promoted_out|       pointer|
|local_regs_6_11_promoted_out_ap_vld   |  out|    1|      ap_vld|              local_regs_6_11_promoted_out|       pointer|
|local_regs_6_10_promoted_out          |  out|   32|      ap_vld|              local_regs_6_10_promoted_out|       pointer|
|local_regs_6_10_promoted_out_ap_vld   |  out|    1|      ap_vld|              local_regs_6_10_promoted_out|       pointer|
|local_regs_6_9_promoted_out           |  out|   32|      ap_vld|               local_regs_6_9_promoted_out|       pointer|
|local_regs_6_9_promoted_out_ap_vld    |  out|    1|      ap_vld|               local_regs_6_9_promoted_out|       pointer|
|local_regs_6_8_promoted_out           |  out|   32|      ap_vld|               local_regs_6_8_promoted_out|       pointer|
|local_regs_6_8_promoted_out_ap_vld    |  out|    1|      ap_vld|               local_regs_6_8_promoted_out|       pointer|
|local_regs_6_7_promoted_out           |  out|   32|      ap_vld|               local_regs_6_7_promoted_out|       pointer|
|local_regs_6_7_promoted_out_ap_vld    |  out|    1|      ap_vld|               local_regs_6_7_promoted_out|       pointer|
|local_regs_6_6_promoted_out           |  out|   32|      ap_vld|               local_regs_6_6_promoted_out|       pointer|
|local_regs_6_6_promoted_out_ap_vld    |  out|    1|      ap_vld|               local_regs_6_6_promoted_out|       pointer|
|local_regs_6_5_promoted_out           |  out|   32|      ap_vld|               local_regs_6_5_promoted_out|       pointer|
|local_regs_6_5_promoted_out_ap_vld    |  out|    1|      ap_vld|               local_regs_6_5_promoted_out|       pointer|
|local_regs_6_4_promoted_out           |  out|   32|      ap_vld|               local_regs_6_4_promoted_out|       pointer|
|local_regs_6_4_promoted_out_ap_vld    |  out|    1|      ap_vld|               local_regs_6_4_promoted_out|       pointer|
|local_regs_6_3_promoted_out           |  out|   32|      ap_vld|               local_regs_6_3_promoted_out|       pointer|
|local_regs_6_3_promoted_out_ap_vld    |  out|    1|      ap_vld|               local_regs_6_3_promoted_out|       pointer|
|local_regs_6_2_promoted_out           |  out|   32|      ap_vld|               local_regs_6_2_promoted_out|       pointer|
|local_regs_6_2_promoted_out_ap_vld    |  out|    1|      ap_vld|               local_regs_6_2_promoted_out|       pointer|
|local_regs_6_1_promoted_out           |  out|   32|      ap_vld|               local_regs_6_1_promoted_out|       pointer|
|local_regs_6_1_promoted_out_ap_vld    |  out|    1|      ap_vld|               local_regs_6_1_promoted_out|       pointer|
|local_regs_6_0_promoted_out           |  out|   32|      ap_vld|               local_regs_6_0_promoted_out|       pointer|
|local_regs_6_0_promoted_out_ap_vld    |  out|    1|      ap_vld|               local_regs_6_0_promoted_out|       pointer|
|local_regs_5_31_promoted_out          |  out|   32|      ap_vld|              local_regs_5_31_promoted_out|       pointer|
|local_regs_5_31_promoted_out_ap_vld   |  out|    1|      ap_vld|              local_regs_5_31_promoted_out|       pointer|
|local_regs_5_30_promoted_out          |  out|   32|      ap_vld|              local_regs_5_30_promoted_out|       pointer|
|local_regs_5_30_promoted_out_ap_vld   |  out|    1|      ap_vld|              local_regs_5_30_promoted_out|       pointer|
|local_regs_5_29_promoted_out          |  out|   32|      ap_vld|              local_regs_5_29_promoted_out|       pointer|
|local_regs_5_29_promoted_out_ap_vld   |  out|    1|      ap_vld|              local_regs_5_29_promoted_out|       pointer|
|local_regs_5_28_promoted_out          |  out|   32|      ap_vld|              local_regs_5_28_promoted_out|       pointer|
|local_regs_5_28_promoted_out_ap_vld   |  out|    1|      ap_vld|              local_regs_5_28_promoted_out|       pointer|
|local_regs_5_27_promoted_out          |  out|   32|      ap_vld|              local_regs_5_27_promoted_out|       pointer|
|local_regs_5_27_promoted_out_ap_vld   |  out|    1|      ap_vld|              local_regs_5_27_promoted_out|       pointer|
|local_regs_5_26_promoted_out          |  out|   32|      ap_vld|              local_regs_5_26_promoted_out|       pointer|
|local_regs_5_26_promoted_out_ap_vld   |  out|    1|      ap_vld|              local_regs_5_26_promoted_out|       pointer|
|local_regs_5_25_promoted_out          |  out|   32|      ap_vld|              local_regs_5_25_promoted_out|       pointer|
|local_regs_5_25_promoted_out_ap_vld   |  out|    1|      ap_vld|              local_regs_5_25_promoted_out|       pointer|
|local_regs_5_24_promoted_out          |  out|   32|      ap_vld|              local_regs_5_24_promoted_out|       pointer|
|local_regs_5_24_promoted_out_ap_vld   |  out|    1|      ap_vld|              local_regs_5_24_promoted_out|       pointer|
|local_regs_5_23_promoted_out          |  out|   32|      ap_vld|              local_regs_5_23_promoted_out|       pointer|
|local_regs_5_23_promoted_out_ap_vld   |  out|    1|      ap_vld|              local_regs_5_23_promoted_out|       pointer|
|local_regs_5_22_promoted_out          |  out|   32|      ap_vld|              local_regs_5_22_promoted_out|       pointer|
|local_regs_5_22_promoted_out_ap_vld   |  out|    1|      ap_vld|              local_regs_5_22_promoted_out|       pointer|
|local_regs_5_21_promoted_out          |  out|   32|      ap_vld|              local_regs_5_21_promoted_out|       pointer|
|local_regs_5_21_promoted_out_ap_vld   |  out|    1|      ap_vld|              local_regs_5_21_promoted_out|       pointer|
|local_regs_5_20_promoted_out          |  out|   32|      ap_vld|              local_regs_5_20_promoted_out|       pointer|
|local_regs_5_20_promoted_out_ap_vld   |  out|    1|      ap_vld|              local_regs_5_20_promoted_out|       pointer|
|local_regs_5_19_promoted_out          |  out|   32|      ap_vld|              local_regs_5_19_promoted_out|       pointer|
|local_regs_5_19_promoted_out_ap_vld   |  out|    1|      ap_vld|              local_regs_5_19_promoted_out|       pointer|
|local_regs_5_18_promoted_out          |  out|   32|      ap_vld|              local_regs_5_18_promoted_out|       pointer|
|local_regs_5_18_promoted_out_ap_vld   |  out|    1|      ap_vld|              local_regs_5_18_promoted_out|       pointer|
|local_regs_5_17_promoted_out          |  out|   32|      ap_vld|              local_regs_5_17_promoted_out|       pointer|
|local_regs_5_17_promoted_out_ap_vld   |  out|    1|      ap_vld|              local_regs_5_17_promoted_out|       pointer|
|local_regs_5_16_promoted_out          |  out|   32|      ap_vld|              local_regs_5_16_promoted_out|       pointer|
|local_regs_5_16_promoted_out_ap_vld   |  out|    1|      ap_vld|              local_regs_5_16_promoted_out|       pointer|
|local_regs_5_15_promoted_out          |  out|   32|      ap_vld|              local_regs_5_15_promoted_out|       pointer|
|local_regs_5_15_promoted_out_ap_vld   |  out|    1|      ap_vld|              local_regs_5_15_promoted_out|       pointer|
|local_regs_5_14_promoted_out          |  out|   32|      ap_vld|              local_regs_5_14_promoted_out|       pointer|
|local_regs_5_14_promoted_out_ap_vld   |  out|    1|      ap_vld|              local_regs_5_14_promoted_out|       pointer|
|local_regs_5_13_promoted_out          |  out|   32|      ap_vld|              local_regs_5_13_promoted_out|       pointer|
|local_regs_5_13_promoted_out_ap_vld   |  out|    1|      ap_vld|              local_regs_5_13_promoted_out|       pointer|
|local_regs_5_12_promoted_out          |  out|   32|      ap_vld|              local_regs_5_12_promoted_out|       pointer|
|local_regs_5_12_promoted_out_ap_vld   |  out|    1|      ap_vld|              local_regs_5_12_promoted_out|       pointer|
|local_regs_5_11_promoted_out          |  out|   32|      ap_vld|              local_regs_5_11_promoted_out|       pointer|
|local_regs_5_11_promoted_out_ap_vld   |  out|    1|      ap_vld|              local_regs_5_11_promoted_out|       pointer|
|local_regs_5_10_promoted_out          |  out|   32|      ap_vld|              local_regs_5_10_promoted_out|       pointer|
|local_regs_5_10_promoted_out_ap_vld   |  out|    1|      ap_vld|              local_regs_5_10_promoted_out|       pointer|
|local_regs_5_9_promoted_out           |  out|   32|      ap_vld|               local_regs_5_9_promoted_out|       pointer|
|local_regs_5_9_promoted_out_ap_vld    |  out|    1|      ap_vld|               local_regs_5_9_promoted_out|       pointer|
|local_regs_5_8_promoted_out           |  out|   32|      ap_vld|               local_regs_5_8_promoted_out|       pointer|
|local_regs_5_8_promoted_out_ap_vld    |  out|    1|      ap_vld|               local_regs_5_8_promoted_out|       pointer|
|local_regs_5_7_promoted_out           |  out|   32|      ap_vld|               local_regs_5_7_promoted_out|       pointer|
|local_regs_5_7_promoted_out_ap_vld    |  out|    1|      ap_vld|               local_regs_5_7_promoted_out|       pointer|
|local_regs_5_6_promoted_out           |  out|   32|      ap_vld|               local_regs_5_6_promoted_out|       pointer|
|local_regs_5_6_promoted_out_ap_vld    |  out|    1|      ap_vld|               local_regs_5_6_promoted_out|       pointer|
|local_regs_5_5_promoted_out           |  out|   32|      ap_vld|               local_regs_5_5_promoted_out|       pointer|
|local_regs_5_5_promoted_out_ap_vld    |  out|    1|      ap_vld|               local_regs_5_5_promoted_out|       pointer|
|local_regs_5_4_promoted_out           |  out|   32|      ap_vld|               local_regs_5_4_promoted_out|       pointer|
|local_regs_5_4_promoted_out_ap_vld    |  out|    1|      ap_vld|               local_regs_5_4_promoted_out|       pointer|
|local_regs_5_3_promoted_out           |  out|   32|      ap_vld|               local_regs_5_3_promoted_out|       pointer|
|local_regs_5_3_promoted_out_ap_vld    |  out|    1|      ap_vld|               local_regs_5_3_promoted_out|       pointer|
|local_regs_5_2_promoted_out           |  out|   32|      ap_vld|               local_regs_5_2_promoted_out|       pointer|
|local_regs_5_2_promoted_out_ap_vld    |  out|    1|      ap_vld|               local_regs_5_2_promoted_out|       pointer|
|local_regs_5_1_promoted_out           |  out|   32|      ap_vld|               local_regs_5_1_promoted_out|       pointer|
|local_regs_5_1_promoted_out_ap_vld    |  out|    1|      ap_vld|               local_regs_5_1_promoted_out|       pointer|
|local_regs_5_0_promoted_out           |  out|   32|      ap_vld|               local_regs_5_0_promoted_out|       pointer|
|local_regs_5_0_promoted_out_ap_vld    |  out|    1|      ap_vld|               local_regs_5_0_promoted_out|       pointer|
|local_regs_4_31_promoted_out          |  out|   32|      ap_vld|              local_regs_4_31_promoted_out|       pointer|
|local_regs_4_31_promoted_out_ap_vld   |  out|    1|      ap_vld|              local_regs_4_31_promoted_out|       pointer|
|local_regs_4_30_promoted_out          |  out|   32|      ap_vld|              local_regs_4_30_promoted_out|       pointer|
|local_regs_4_30_promoted_out_ap_vld   |  out|    1|      ap_vld|              local_regs_4_30_promoted_out|       pointer|
|local_regs_4_29_promoted_out          |  out|   32|      ap_vld|              local_regs_4_29_promoted_out|       pointer|
|local_regs_4_29_promoted_out_ap_vld   |  out|    1|      ap_vld|              local_regs_4_29_promoted_out|       pointer|
|local_regs_4_28_promoted_out          |  out|   32|      ap_vld|              local_regs_4_28_promoted_out|       pointer|
|local_regs_4_28_promoted_out_ap_vld   |  out|    1|      ap_vld|              local_regs_4_28_promoted_out|       pointer|
|local_regs_4_27_promoted_out          |  out|   32|      ap_vld|              local_regs_4_27_promoted_out|       pointer|
|local_regs_4_27_promoted_out_ap_vld   |  out|    1|      ap_vld|              local_regs_4_27_promoted_out|       pointer|
|local_regs_4_26_promoted_out          |  out|   32|      ap_vld|              local_regs_4_26_promoted_out|       pointer|
|local_regs_4_26_promoted_out_ap_vld   |  out|    1|      ap_vld|              local_regs_4_26_promoted_out|       pointer|
|local_regs_4_25_promoted_out          |  out|   32|      ap_vld|              local_regs_4_25_promoted_out|       pointer|
|local_regs_4_25_promoted_out_ap_vld   |  out|    1|      ap_vld|              local_regs_4_25_promoted_out|       pointer|
|local_regs_4_24_promoted_out          |  out|   32|      ap_vld|              local_regs_4_24_promoted_out|       pointer|
|local_regs_4_24_promoted_out_ap_vld   |  out|    1|      ap_vld|              local_regs_4_24_promoted_out|       pointer|
|local_regs_4_23_promoted_out          |  out|   32|      ap_vld|              local_regs_4_23_promoted_out|       pointer|
|local_regs_4_23_promoted_out_ap_vld   |  out|    1|      ap_vld|              local_regs_4_23_promoted_out|       pointer|
|local_regs_4_22_promoted_out          |  out|   32|      ap_vld|              local_regs_4_22_promoted_out|       pointer|
|local_regs_4_22_promoted_out_ap_vld   |  out|    1|      ap_vld|              local_regs_4_22_promoted_out|       pointer|
|local_regs_4_21_promoted_out          |  out|   32|      ap_vld|              local_regs_4_21_promoted_out|       pointer|
|local_regs_4_21_promoted_out_ap_vld   |  out|    1|      ap_vld|              local_regs_4_21_promoted_out|       pointer|
|local_regs_4_20_promoted_out          |  out|   32|      ap_vld|              local_regs_4_20_promoted_out|       pointer|
|local_regs_4_20_promoted_out_ap_vld   |  out|    1|      ap_vld|              local_regs_4_20_promoted_out|       pointer|
|local_regs_4_19_promoted_out          |  out|   32|      ap_vld|              local_regs_4_19_promoted_out|       pointer|
|local_regs_4_19_promoted_out_ap_vld   |  out|    1|      ap_vld|              local_regs_4_19_promoted_out|       pointer|
|local_regs_4_18_promoted_out          |  out|   32|      ap_vld|              local_regs_4_18_promoted_out|       pointer|
|local_regs_4_18_promoted_out_ap_vld   |  out|    1|      ap_vld|              local_regs_4_18_promoted_out|       pointer|
|local_regs_4_17_promoted_out          |  out|   32|      ap_vld|              local_regs_4_17_promoted_out|       pointer|
|local_regs_4_17_promoted_out_ap_vld   |  out|    1|      ap_vld|              local_regs_4_17_promoted_out|       pointer|
|local_regs_4_16_promoted_out          |  out|   32|      ap_vld|              local_regs_4_16_promoted_out|       pointer|
|local_regs_4_16_promoted_out_ap_vld   |  out|    1|      ap_vld|              local_regs_4_16_promoted_out|       pointer|
|local_regs_4_15_promoted_out          |  out|   32|      ap_vld|              local_regs_4_15_promoted_out|       pointer|
|local_regs_4_15_promoted_out_ap_vld   |  out|    1|      ap_vld|              local_regs_4_15_promoted_out|       pointer|
|local_regs_4_14_promoted_out          |  out|   32|      ap_vld|              local_regs_4_14_promoted_out|       pointer|
|local_regs_4_14_promoted_out_ap_vld   |  out|    1|      ap_vld|              local_regs_4_14_promoted_out|       pointer|
|local_regs_4_13_promoted_out          |  out|   32|      ap_vld|              local_regs_4_13_promoted_out|       pointer|
|local_regs_4_13_promoted_out_ap_vld   |  out|    1|      ap_vld|              local_regs_4_13_promoted_out|       pointer|
|local_regs_4_12_promoted_out          |  out|   32|      ap_vld|              local_regs_4_12_promoted_out|       pointer|
|local_regs_4_12_promoted_out_ap_vld   |  out|    1|      ap_vld|              local_regs_4_12_promoted_out|       pointer|
|local_regs_4_11_promoted_out          |  out|   32|      ap_vld|              local_regs_4_11_promoted_out|       pointer|
|local_regs_4_11_promoted_out_ap_vld   |  out|    1|      ap_vld|              local_regs_4_11_promoted_out|       pointer|
|local_regs_4_10_promoted_out          |  out|   32|      ap_vld|              local_regs_4_10_promoted_out|       pointer|
|local_regs_4_10_promoted_out_ap_vld   |  out|    1|      ap_vld|              local_regs_4_10_promoted_out|       pointer|
|local_regs_4_9_promoted_out           |  out|   32|      ap_vld|               local_regs_4_9_promoted_out|       pointer|
|local_regs_4_9_promoted_out_ap_vld    |  out|    1|      ap_vld|               local_regs_4_9_promoted_out|       pointer|
|local_regs_4_8_promoted_out           |  out|   32|      ap_vld|               local_regs_4_8_promoted_out|       pointer|
|local_regs_4_8_promoted_out_ap_vld    |  out|    1|      ap_vld|               local_regs_4_8_promoted_out|       pointer|
|local_regs_4_7_promoted_out           |  out|   32|      ap_vld|               local_regs_4_7_promoted_out|       pointer|
|local_regs_4_7_promoted_out_ap_vld    |  out|    1|      ap_vld|               local_regs_4_7_promoted_out|       pointer|
|local_regs_4_6_promoted_out           |  out|   32|      ap_vld|               local_regs_4_6_promoted_out|       pointer|
|local_regs_4_6_promoted_out_ap_vld    |  out|    1|      ap_vld|               local_regs_4_6_promoted_out|       pointer|
|local_regs_4_5_promoted_out           |  out|   32|      ap_vld|               local_regs_4_5_promoted_out|       pointer|
|local_regs_4_5_promoted_out_ap_vld    |  out|    1|      ap_vld|               local_regs_4_5_promoted_out|       pointer|
|local_regs_4_4_promoted_out           |  out|   32|      ap_vld|               local_regs_4_4_promoted_out|       pointer|
|local_regs_4_4_promoted_out_ap_vld    |  out|    1|      ap_vld|               local_regs_4_4_promoted_out|       pointer|
|local_regs_4_3_promoted_out           |  out|   32|      ap_vld|               local_regs_4_3_promoted_out|       pointer|
|local_regs_4_3_promoted_out_ap_vld    |  out|    1|      ap_vld|               local_regs_4_3_promoted_out|       pointer|
|local_regs_4_2_promoted_out           |  out|   32|      ap_vld|               local_regs_4_2_promoted_out|       pointer|
|local_regs_4_2_promoted_out_ap_vld    |  out|    1|      ap_vld|               local_regs_4_2_promoted_out|       pointer|
|local_regs_4_1_promoted_out           |  out|   32|      ap_vld|               local_regs_4_1_promoted_out|       pointer|
|local_regs_4_1_promoted_out_ap_vld    |  out|    1|      ap_vld|               local_regs_4_1_promoted_out|       pointer|
|local_regs_4_0_promoted_out           |  out|   32|      ap_vld|               local_regs_4_0_promoted_out|       pointer|
|local_regs_4_0_promoted_out_ap_vld    |  out|    1|      ap_vld|               local_regs_4_0_promoted_out|       pointer|
|local_regs_3_31_promoted_out          |  out|   32|      ap_vld|              local_regs_3_31_promoted_out|       pointer|
|local_regs_3_31_promoted_out_ap_vld   |  out|    1|      ap_vld|              local_regs_3_31_promoted_out|       pointer|
|local_regs_3_30_promoted_out          |  out|   32|      ap_vld|              local_regs_3_30_promoted_out|       pointer|
|local_regs_3_30_promoted_out_ap_vld   |  out|    1|      ap_vld|              local_regs_3_30_promoted_out|       pointer|
|local_regs_3_29_promoted_out          |  out|   32|      ap_vld|              local_regs_3_29_promoted_out|       pointer|
|local_regs_3_29_promoted_out_ap_vld   |  out|    1|      ap_vld|              local_regs_3_29_promoted_out|       pointer|
|local_regs_3_28_promoted_out          |  out|   32|      ap_vld|              local_regs_3_28_promoted_out|       pointer|
|local_regs_3_28_promoted_out_ap_vld   |  out|    1|      ap_vld|              local_regs_3_28_promoted_out|       pointer|
|local_regs_3_27_promoted_out          |  out|   32|      ap_vld|              local_regs_3_27_promoted_out|       pointer|
|local_regs_3_27_promoted_out_ap_vld   |  out|    1|      ap_vld|              local_regs_3_27_promoted_out|       pointer|
|local_regs_3_26_promoted_out          |  out|   32|      ap_vld|              local_regs_3_26_promoted_out|       pointer|
|local_regs_3_26_promoted_out_ap_vld   |  out|    1|      ap_vld|              local_regs_3_26_promoted_out|       pointer|
|local_regs_3_25_promoted_out          |  out|   32|      ap_vld|              local_regs_3_25_promoted_out|       pointer|
|local_regs_3_25_promoted_out_ap_vld   |  out|    1|      ap_vld|              local_regs_3_25_promoted_out|       pointer|
|local_regs_3_24_promoted_out          |  out|   32|      ap_vld|              local_regs_3_24_promoted_out|       pointer|
|local_regs_3_24_promoted_out_ap_vld   |  out|    1|      ap_vld|              local_regs_3_24_promoted_out|       pointer|
|local_regs_3_23_promoted_out          |  out|   32|      ap_vld|              local_regs_3_23_promoted_out|       pointer|
|local_regs_3_23_promoted_out_ap_vld   |  out|    1|      ap_vld|              local_regs_3_23_promoted_out|       pointer|
|local_regs_3_22_promoted_out          |  out|   32|      ap_vld|              local_regs_3_22_promoted_out|       pointer|
|local_regs_3_22_promoted_out_ap_vld   |  out|    1|      ap_vld|              local_regs_3_22_promoted_out|       pointer|
|local_regs_3_21_promoted_out          |  out|   32|      ap_vld|              local_regs_3_21_promoted_out|       pointer|
|local_regs_3_21_promoted_out_ap_vld   |  out|    1|      ap_vld|              local_regs_3_21_promoted_out|       pointer|
|local_regs_3_20_promoted_out          |  out|   32|      ap_vld|              local_regs_3_20_promoted_out|       pointer|
|local_regs_3_20_promoted_out_ap_vld   |  out|    1|      ap_vld|              local_regs_3_20_promoted_out|       pointer|
|local_regs_3_19_promoted_out          |  out|   32|      ap_vld|              local_regs_3_19_promoted_out|       pointer|
|local_regs_3_19_promoted_out_ap_vld   |  out|    1|      ap_vld|              local_regs_3_19_promoted_out|       pointer|
|local_regs_3_18_promoted_out          |  out|   32|      ap_vld|              local_regs_3_18_promoted_out|       pointer|
|local_regs_3_18_promoted_out_ap_vld   |  out|    1|      ap_vld|              local_regs_3_18_promoted_out|       pointer|
|local_regs_3_17_promoted_out          |  out|   32|      ap_vld|              local_regs_3_17_promoted_out|       pointer|
|local_regs_3_17_promoted_out_ap_vld   |  out|    1|      ap_vld|              local_regs_3_17_promoted_out|       pointer|
|local_regs_3_16_promoted_out          |  out|   32|      ap_vld|              local_regs_3_16_promoted_out|       pointer|
|local_regs_3_16_promoted_out_ap_vld   |  out|    1|      ap_vld|              local_regs_3_16_promoted_out|       pointer|
|local_regs_3_15_promoted_out          |  out|   32|      ap_vld|              local_regs_3_15_promoted_out|       pointer|
|local_regs_3_15_promoted_out_ap_vld   |  out|    1|      ap_vld|              local_regs_3_15_promoted_out|       pointer|
|local_regs_3_14_promoted_out          |  out|   32|      ap_vld|              local_regs_3_14_promoted_out|       pointer|
|local_regs_3_14_promoted_out_ap_vld   |  out|    1|      ap_vld|              local_regs_3_14_promoted_out|       pointer|
|local_regs_3_13_promoted_out          |  out|   32|      ap_vld|              local_regs_3_13_promoted_out|       pointer|
|local_regs_3_13_promoted_out_ap_vld   |  out|    1|      ap_vld|              local_regs_3_13_promoted_out|       pointer|
|local_regs_3_12_promoted_out          |  out|   32|      ap_vld|              local_regs_3_12_promoted_out|       pointer|
|local_regs_3_12_promoted_out_ap_vld   |  out|    1|      ap_vld|              local_regs_3_12_promoted_out|       pointer|
|local_regs_3_11_promoted_out          |  out|   32|      ap_vld|              local_regs_3_11_promoted_out|       pointer|
|local_regs_3_11_promoted_out_ap_vld   |  out|    1|      ap_vld|              local_regs_3_11_promoted_out|       pointer|
|local_regs_3_10_promoted_out          |  out|   32|      ap_vld|              local_regs_3_10_promoted_out|       pointer|
|local_regs_3_10_promoted_out_ap_vld   |  out|    1|      ap_vld|              local_regs_3_10_promoted_out|       pointer|
|local_regs_3_9_promoted_out           |  out|   32|      ap_vld|               local_regs_3_9_promoted_out|       pointer|
|local_regs_3_9_promoted_out_ap_vld    |  out|    1|      ap_vld|               local_regs_3_9_promoted_out|       pointer|
|local_regs_3_8_promoted_out           |  out|   32|      ap_vld|               local_regs_3_8_promoted_out|       pointer|
|local_regs_3_8_promoted_out_ap_vld    |  out|    1|      ap_vld|               local_regs_3_8_promoted_out|       pointer|
|local_regs_3_7_promoted_out           |  out|   32|      ap_vld|               local_regs_3_7_promoted_out|       pointer|
|local_regs_3_7_promoted_out_ap_vld    |  out|    1|      ap_vld|               local_regs_3_7_promoted_out|       pointer|
|local_regs_3_6_promoted_out           |  out|   32|      ap_vld|               local_regs_3_6_promoted_out|       pointer|
|local_regs_3_6_promoted_out_ap_vld    |  out|    1|      ap_vld|               local_regs_3_6_promoted_out|       pointer|
|local_regs_3_5_promoted_out           |  out|   32|      ap_vld|               local_regs_3_5_promoted_out|       pointer|
|local_regs_3_5_promoted_out_ap_vld    |  out|    1|      ap_vld|               local_regs_3_5_promoted_out|       pointer|
|local_regs_3_4_promoted_out           |  out|   32|      ap_vld|               local_regs_3_4_promoted_out|       pointer|
|local_regs_3_4_promoted_out_ap_vld    |  out|    1|      ap_vld|               local_regs_3_4_promoted_out|       pointer|
|local_regs_3_3_promoted_out           |  out|   32|      ap_vld|               local_regs_3_3_promoted_out|       pointer|
|local_regs_3_3_promoted_out_ap_vld    |  out|    1|      ap_vld|               local_regs_3_3_promoted_out|       pointer|
|local_regs_3_2_promoted_out           |  out|   32|      ap_vld|               local_regs_3_2_promoted_out|       pointer|
|local_regs_3_2_promoted_out_ap_vld    |  out|    1|      ap_vld|               local_regs_3_2_promoted_out|       pointer|
|local_regs_3_1_promoted_out           |  out|   32|      ap_vld|               local_regs_3_1_promoted_out|       pointer|
|local_regs_3_1_promoted_out_ap_vld    |  out|    1|      ap_vld|               local_regs_3_1_promoted_out|       pointer|
|local_regs_3_0_promoted_out           |  out|   32|      ap_vld|               local_regs_3_0_promoted_out|       pointer|
|local_regs_3_0_promoted_out_ap_vld    |  out|    1|      ap_vld|               local_regs_3_0_promoted_out|       pointer|
|local_regs_2_31_promoted_out          |  out|   32|      ap_vld|              local_regs_2_31_promoted_out|       pointer|
|local_regs_2_31_promoted_out_ap_vld   |  out|    1|      ap_vld|              local_regs_2_31_promoted_out|       pointer|
|local_regs_2_30_promoted_out          |  out|   32|      ap_vld|              local_regs_2_30_promoted_out|       pointer|
|local_regs_2_30_promoted_out_ap_vld   |  out|    1|      ap_vld|              local_regs_2_30_promoted_out|       pointer|
|local_regs_2_29_promoted_out          |  out|   32|      ap_vld|              local_regs_2_29_promoted_out|       pointer|
|local_regs_2_29_promoted_out_ap_vld   |  out|    1|      ap_vld|              local_regs_2_29_promoted_out|       pointer|
|local_regs_2_28_promoted_out          |  out|   32|      ap_vld|              local_regs_2_28_promoted_out|       pointer|
|local_regs_2_28_promoted_out_ap_vld   |  out|    1|      ap_vld|              local_regs_2_28_promoted_out|       pointer|
|local_regs_2_27_promoted_out          |  out|   32|      ap_vld|              local_regs_2_27_promoted_out|       pointer|
|local_regs_2_27_promoted_out_ap_vld   |  out|    1|      ap_vld|              local_regs_2_27_promoted_out|       pointer|
|local_regs_2_26_promoted_out          |  out|   32|      ap_vld|              local_regs_2_26_promoted_out|       pointer|
|local_regs_2_26_promoted_out_ap_vld   |  out|    1|      ap_vld|              local_regs_2_26_promoted_out|       pointer|
|local_regs_2_25_promoted_out          |  out|   32|      ap_vld|              local_regs_2_25_promoted_out|       pointer|
|local_regs_2_25_promoted_out_ap_vld   |  out|    1|      ap_vld|              local_regs_2_25_promoted_out|       pointer|
|local_regs_2_24_promoted_out          |  out|   32|      ap_vld|              local_regs_2_24_promoted_out|       pointer|
|local_regs_2_24_promoted_out_ap_vld   |  out|    1|      ap_vld|              local_regs_2_24_promoted_out|       pointer|
|local_regs_2_23_promoted_out          |  out|   32|      ap_vld|              local_regs_2_23_promoted_out|       pointer|
|local_regs_2_23_promoted_out_ap_vld   |  out|    1|      ap_vld|              local_regs_2_23_promoted_out|       pointer|
|local_regs_2_22_promoted_out          |  out|   32|      ap_vld|              local_regs_2_22_promoted_out|       pointer|
|local_regs_2_22_promoted_out_ap_vld   |  out|    1|      ap_vld|              local_regs_2_22_promoted_out|       pointer|
|local_regs_2_21_promoted_out          |  out|   32|      ap_vld|              local_regs_2_21_promoted_out|       pointer|
|local_regs_2_21_promoted_out_ap_vld   |  out|    1|      ap_vld|              local_regs_2_21_promoted_out|       pointer|
|local_regs_2_20_promoted_out          |  out|   32|      ap_vld|              local_regs_2_20_promoted_out|       pointer|
|local_regs_2_20_promoted_out_ap_vld   |  out|    1|      ap_vld|              local_regs_2_20_promoted_out|       pointer|
|local_regs_2_19_promoted_out          |  out|   32|      ap_vld|              local_regs_2_19_promoted_out|       pointer|
|local_regs_2_19_promoted_out_ap_vld   |  out|    1|      ap_vld|              local_regs_2_19_promoted_out|       pointer|
|local_regs_2_18_promoted_out          |  out|   32|      ap_vld|              local_regs_2_18_promoted_out|       pointer|
|local_regs_2_18_promoted_out_ap_vld   |  out|    1|      ap_vld|              local_regs_2_18_promoted_out|       pointer|
|local_regs_2_17_promoted_out          |  out|   32|      ap_vld|              local_regs_2_17_promoted_out|       pointer|
|local_regs_2_17_promoted_out_ap_vld   |  out|    1|      ap_vld|              local_regs_2_17_promoted_out|       pointer|
|local_regs_2_16_promoted_out          |  out|   32|      ap_vld|              local_regs_2_16_promoted_out|       pointer|
|local_regs_2_16_promoted_out_ap_vld   |  out|    1|      ap_vld|              local_regs_2_16_promoted_out|       pointer|
|local_regs_2_15_promoted_out          |  out|   32|      ap_vld|              local_regs_2_15_promoted_out|       pointer|
|local_regs_2_15_promoted_out_ap_vld   |  out|    1|      ap_vld|              local_regs_2_15_promoted_out|       pointer|
|local_regs_2_14_promoted_out          |  out|   32|      ap_vld|              local_regs_2_14_promoted_out|       pointer|
|local_regs_2_14_promoted_out_ap_vld   |  out|    1|      ap_vld|              local_regs_2_14_promoted_out|       pointer|
|local_regs_2_13_promoted_out          |  out|   32|      ap_vld|              local_regs_2_13_promoted_out|       pointer|
|local_regs_2_13_promoted_out_ap_vld   |  out|    1|      ap_vld|              local_regs_2_13_promoted_out|       pointer|
|local_regs_2_12_promoted_out          |  out|   32|      ap_vld|              local_regs_2_12_promoted_out|       pointer|
|local_regs_2_12_promoted_out_ap_vld   |  out|    1|      ap_vld|              local_regs_2_12_promoted_out|       pointer|
|local_regs_2_11_promoted_out          |  out|   32|      ap_vld|              local_regs_2_11_promoted_out|       pointer|
|local_regs_2_11_promoted_out_ap_vld   |  out|    1|      ap_vld|              local_regs_2_11_promoted_out|       pointer|
|local_regs_2_10_promoted_out          |  out|   32|      ap_vld|              local_regs_2_10_promoted_out|       pointer|
|local_regs_2_10_promoted_out_ap_vld   |  out|    1|      ap_vld|              local_regs_2_10_promoted_out|       pointer|
|local_regs_2_9_promoted_out           |  out|   32|      ap_vld|               local_regs_2_9_promoted_out|       pointer|
|local_regs_2_9_promoted_out_ap_vld    |  out|    1|      ap_vld|               local_regs_2_9_promoted_out|       pointer|
|local_regs_2_8_promoted_out           |  out|   32|      ap_vld|               local_regs_2_8_promoted_out|       pointer|
|local_regs_2_8_promoted_out_ap_vld    |  out|    1|      ap_vld|               local_regs_2_8_promoted_out|       pointer|
|local_regs_2_7_promoted_out           |  out|   32|      ap_vld|               local_regs_2_7_promoted_out|       pointer|
|local_regs_2_7_promoted_out_ap_vld    |  out|    1|      ap_vld|               local_regs_2_7_promoted_out|       pointer|
|local_regs_2_6_promoted_out           |  out|   32|      ap_vld|               local_regs_2_6_promoted_out|       pointer|
|local_regs_2_6_promoted_out_ap_vld    |  out|    1|      ap_vld|               local_regs_2_6_promoted_out|       pointer|
|local_regs_2_5_promoted_out           |  out|   32|      ap_vld|               local_regs_2_5_promoted_out|       pointer|
|local_regs_2_5_promoted_out_ap_vld    |  out|    1|      ap_vld|               local_regs_2_5_promoted_out|       pointer|
|local_regs_2_4_promoted_out           |  out|   32|      ap_vld|               local_regs_2_4_promoted_out|       pointer|
|local_regs_2_4_promoted_out_ap_vld    |  out|    1|      ap_vld|               local_regs_2_4_promoted_out|       pointer|
|local_regs_2_3_promoted_out           |  out|   32|      ap_vld|               local_regs_2_3_promoted_out|       pointer|
|local_regs_2_3_promoted_out_ap_vld    |  out|    1|      ap_vld|               local_regs_2_3_promoted_out|       pointer|
|local_regs_2_2_promoted_out           |  out|   32|      ap_vld|               local_regs_2_2_promoted_out|       pointer|
|local_regs_2_2_promoted_out_ap_vld    |  out|    1|      ap_vld|               local_regs_2_2_promoted_out|       pointer|
|local_regs_2_1_promoted_out           |  out|   32|      ap_vld|               local_regs_2_1_promoted_out|       pointer|
|local_regs_2_1_promoted_out_ap_vld    |  out|    1|      ap_vld|               local_regs_2_1_promoted_out|       pointer|
|local_regs_2_0_promoted_out           |  out|   32|      ap_vld|               local_regs_2_0_promoted_out|       pointer|
|local_regs_2_0_promoted_out_ap_vld    |  out|    1|      ap_vld|               local_regs_2_0_promoted_out|       pointer|
|local_regs_1_31_promoted_out          |  out|   32|      ap_vld|              local_regs_1_31_promoted_out|       pointer|
|local_regs_1_31_promoted_out_ap_vld   |  out|    1|      ap_vld|              local_regs_1_31_promoted_out|       pointer|
|local_regs_1_30_promoted_out          |  out|   32|      ap_vld|              local_regs_1_30_promoted_out|       pointer|
|local_regs_1_30_promoted_out_ap_vld   |  out|    1|      ap_vld|              local_regs_1_30_promoted_out|       pointer|
|local_regs_1_29_promoted_out          |  out|   32|      ap_vld|              local_regs_1_29_promoted_out|       pointer|
|local_regs_1_29_promoted_out_ap_vld   |  out|    1|      ap_vld|              local_regs_1_29_promoted_out|       pointer|
|local_regs_1_28_promoted_out          |  out|   32|      ap_vld|              local_regs_1_28_promoted_out|       pointer|
|local_regs_1_28_promoted_out_ap_vld   |  out|    1|      ap_vld|              local_regs_1_28_promoted_out|       pointer|
|local_regs_1_27_promoted_out          |  out|   32|      ap_vld|              local_regs_1_27_promoted_out|       pointer|
|local_regs_1_27_promoted_out_ap_vld   |  out|    1|      ap_vld|              local_regs_1_27_promoted_out|       pointer|
|local_regs_1_26_promoted_out          |  out|   32|      ap_vld|              local_regs_1_26_promoted_out|       pointer|
|local_regs_1_26_promoted_out_ap_vld   |  out|    1|      ap_vld|              local_regs_1_26_promoted_out|       pointer|
|local_regs_1_25_promoted_out          |  out|   32|      ap_vld|              local_regs_1_25_promoted_out|       pointer|
|local_regs_1_25_promoted_out_ap_vld   |  out|    1|      ap_vld|              local_regs_1_25_promoted_out|       pointer|
|local_regs_1_24_promoted_out          |  out|   32|      ap_vld|              local_regs_1_24_promoted_out|       pointer|
|local_regs_1_24_promoted_out_ap_vld   |  out|    1|      ap_vld|              local_regs_1_24_promoted_out|       pointer|
|local_regs_1_23_promoted_out          |  out|   32|      ap_vld|              local_regs_1_23_promoted_out|       pointer|
|local_regs_1_23_promoted_out_ap_vld   |  out|    1|      ap_vld|              local_regs_1_23_promoted_out|       pointer|
|local_regs_1_22_promoted_out          |  out|   32|      ap_vld|              local_regs_1_22_promoted_out|       pointer|
|local_regs_1_22_promoted_out_ap_vld   |  out|    1|      ap_vld|              local_regs_1_22_promoted_out|       pointer|
|local_regs_1_21_promoted_out          |  out|   32|      ap_vld|              local_regs_1_21_promoted_out|       pointer|
|local_regs_1_21_promoted_out_ap_vld   |  out|    1|      ap_vld|              local_regs_1_21_promoted_out|       pointer|
|local_regs_1_20_promoted_out          |  out|   32|      ap_vld|              local_regs_1_20_promoted_out|       pointer|
|local_regs_1_20_promoted_out_ap_vld   |  out|    1|      ap_vld|              local_regs_1_20_promoted_out|       pointer|
|local_regs_1_19_promoted_out          |  out|   32|      ap_vld|              local_regs_1_19_promoted_out|       pointer|
|local_regs_1_19_promoted_out_ap_vld   |  out|    1|      ap_vld|              local_regs_1_19_promoted_out|       pointer|
|local_regs_1_18_promoted_out          |  out|   32|      ap_vld|              local_regs_1_18_promoted_out|       pointer|
|local_regs_1_18_promoted_out_ap_vld   |  out|    1|      ap_vld|              local_regs_1_18_promoted_out|       pointer|
|local_regs_1_17_promoted_out          |  out|   32|      ap_vld|              local_regs_1_17_promoted_out|       pointer|
|local_regs_1_17_promoted_out_ap_vld   |  out|    1|      ap_vld|              local_regs_1_17_promoted_out|       pointer|
|local_regs_1_16_promoted_out          |  out|   32|      ap_vld|              local_regs_1_16_promoted_out|       pointer|
|local_regs_1_16_promoted_out_ap_vld   |  out|    1|      ap_vld|              local_regs_1_16_promoted_out|       pointer|
|local_regs_1_15_promoted_out          |  out|   32|      ap_vld|              local_regs_1_15_promoted_out|       pointer|
|local_regs_1_15_promoted_out_ap_vld   |  out|    1|      ap_vld|              local_regs_1_15_promoted_out|       pointer|
|local_regs_1_14_promoted_out          |  out|   32|      ap_vld|              local_regs_1_14_promoted_out|       pointer|
|local_regs_1_14_promoted_out_ap_vld   |  out|    1|      ap_vld|              local_regs_1_14_promoted_out|       pointer|
|local_regs_1_13_promoted_out          |  out|   32|      ap_vld|              local_regs_1_13_promoted_out|       pointer|
|local_regs_1_13_promoted_out_ap_vld   |  out|    1|      ap_vld|              local_regs_1_13_promoted_out|       pointer|
|local_regs_1_12_promoted_out          |  out|   32|      ap_vld|              local_regs_1_12_promoted_out|       pointer|
|local_regs_1_12_promoted_out_ap_vld   |  out|    1|      ap_vld|              local_regs_1_12_promoted_out|       pointer|
|local_regs_1_11_promoted_out          |  out|   32|      ap_vld|              local_regs_1_11_promoted_out|       pointer|
|local_regs_1_11_promoted_out_ap_vld   |  out|    1|      ap_vld|              local_regs_1_11_promoted_out|       pointer|
|local_regs_1_10_promoted_out          |  out|   32|      ap_vld|              local_regs_1_10_promoted_out|       pointer|
|local_regs_1_10_promoted_out_ap_vld   |  out|    1|      ap_vld|              local_regs_1_10_promoted_out|       pointer|
|local_regs_1_9_promoted_out           |  out|   32|      ap_vld|               local_regs_1_9_promoted_out|       pointer|
|local_regs_1_9_promoted_out_ap_vld    |  out|    1|      ap_vld|               local_regs_1_9_promoted_out|       pointer|
|local_regs_1_8_promoted_out           |  out|   32|      ap_vld|               local_regs_1_8_promoted_out|       pointer|
|local_regs_1_8_promoted_out_ap_vld    |  out|    1|      ap_vld|               local_regs_1_8_promoted_out|       pointer|
|local_regs_1_7_promoted_out           |  out|   32|      ap_vld|               local_regs_1_7_promoted_out|       pointer|
|local_regs_1_7_promoted_out_ap_vld    |  out|    1|      ap_vld|               local_regs_1_7_promoted_out|       pointer|
|local_regs_1_6_promoted_out           |  out|   32|      ap_vld|               local_regs_1_6_promoted_out|       pointer|
|local_regs_1_6_promoted_out_ap_vld    |  out|    1|      ap_vld|               local_regs_1_6_promoted_out|       pointer|
|local_regs_1_5_promoted_out           |  out|   32|      ap_vld|               local_regs_1_5_promoted_out|       pointer|
|local_regs_1_5_promoted_out_ap_vld    |  out|    1|      ap_vld|               local_regs_1_5_promoted_out|       pointer|
|local_regs_1_4_promoted_out           |  out|   32|      ap_vld|               local_regs_1_4_promoted_out|       pointer|
|local_regs_1_4_promoted_out_ap_vld    |  out|    1|      ap_vld|               local_regs_1_4_promoted_out|       pointer|
|local_regs_1_3_promoted_out           |  out|   32|      ap_vld|               local_regs_1_3_promoted_out|       pointer|
|local_regs_1_3_promoted_out_ap_vld    |  out|    1|      ap_vld|               local_regs_1_3_promoted_out|       pointer|
|local_regs_1_2_promoted_out           |  out|   32|      ap_vld|               local_regs_1_2_promoted_out|       pointer|
|local_regs_1_2_promoted_out_ap_vld    |  out|    1|      ap_vld|               local_regs_1_2_promoted_out|       pointer|
|local_regs_1_1_promoted_out           |  out|   32|      ap_vld|               local_regs_1_1_promoted_out|       pointer|
|local_regs_1_1_promoted_out_ap_vld    |  out|    1|      ap_vld|               local_regs_1_1_promoted_out|       pointer|
|local_regs_1_0_promoted_out           |  out|   32|      ap_vld|               local_regs_1_0_promoted_out|       pointer|
|local_regs_1_0_promoted_out_ap_vld    |  out|    1|      ap_vld|               local_regs_1_0_promoted_out|       pointer|
|local_regs_0_31_promoted_out          |  out|   32|      ap_vld|              local_regs_0_31_promoted_out|       pointer|
|local_regs_0_31_promoted_out_ap_vld   |  out|    1|      ap_vld|              local_regs_0_31_promoted_out|       pointer|
|local_regs_0_30_promoted_out          |  out|   32|      ap_vld|              local_regs_0_30_promoted_out|       pointer|
|local_regs_0_30_promoted_out_ap_vld   |  out|    1|      ap_vld|              local_regs_0_30_promoted_out|       pointer|
|local_regs_0_29_promoted_out          |  out|   32|      ap_vld|              local_regs_0_29_promoted_out|       pointer|
|local_regs_0_29_promoted_out_ap_vld   |  out|    1|      ap_vld|              local_regs_0_29_promoted_out|       pointer|
|local_regs_0_28_promoted_out          |  out|   32|      ap_vld|              local_regs_0_28_promoted_out|       pointer|
|local_regs_0_28_promoted_out_ap_vld   |  out|    1|      ap_vld|              local_regs_0_28_promoted_out|       pointer|
|local_regs_0_27_promoted_out          |  out|   32|      ap_vld|              local_regs_0_27_promoted_out|       pointer|
|local_regs_0_27_promoted_out_ap_vld   |  out|    1|      ap_vld|              local_regs_0_27_promoted_out|       pointer|
|local_regs_0_26_promoted_out          |  out|   32|      ap_vld|              local_regs_0_26_promoted_out|       pointer|
|local_regs_0_26_promoted_out_ap_vld   |  out|    1|      ap_vld|              local_regs_0_26_promoted_out|       pointer|
+--------------------------------------+-----+-----+------------+------------------------------------------+--------------+

