

================================================================
== Synthesis Summary Report of 'pipelined_layer_processor'
================================================================
+ General Information: 
    * Date:           Mon May 25 15:51:05 2026
    * Version:        2022.2 (Build 3670227 on Oct 13 2022)
    * Project:        SystolicArray
    * Solution:       solution1 (Vivado IP Flow Target)
    * Product family: zynq
    * Target device:  xc7z020-clg400-1
    

+ Performance & Resource Estimates: 
    
    PS: '+' for module; 'o' for loop; '*' for dataflow
    +----------------------------------------------------+------+------+---------+-----------+----------+---------+------+----------+------------+-------------+-------------+--------------+-----+
    |                       Modules                      | Issue|      | Latency |  Latency  | Iteration|         | Trip |          |            |             |             |              |     |
    |                       & Loops                      | Type | Slack| (cycles)|    (ns)   |  Latency | Interval| Count| Pipelined|    BRAM    |     DSP     |      FF     |      LUT     | URAM|
    +----------------------------------------------------+------+------+---------+-----------+----------+---------+------+----------+------------+-------------+-------------+--------------+-----+
    |+ pipelined_layer_processor                         |     -|  0.00|        -|          -|         -|        -|     -|        no|  280 (100%)|  1029 (467%)|  79429 (74%)|  63616 (119%)|    -|
    | o Row_Loop_Col_Loop                                |     -|  7.30|        -|          -|         -|        -|     -|        no|           -|            -|            -|             -|    -|
    |  + pipelined_layer_processor_Pipeline_Clear        |     -|  2.62|       66|    660.000|         -|       66|     -|        no|           -|            -|     14 (~0%)|     295 (~0%)|    -|
    |   o Clear                                          |    II|  7.30|       64|    640.000|         2|        2|    32|       yes|           -|            -|            -|             -|    -|
    |  + write_big_tile                                  |     -|  0.00|      139|  1.390e+03|         -|      139|     -|        no|           -|            -|    355 (~0%)|      745 (1%)|    -|
    |   + write_big_tile_Pipeline_Write_Rows_Write_Cols  |     -|  0.00|      131|  1.310e+03|         -|      131|     -|        no|           -|            -|    286 (~0%)|     457 (~0%)|    -|
    |    o Write_Rows_Write_Cols                         |     -|  7.30|      129|  1.290e+03|         3|        1|   128|       yes|           -|            -|            -|             -|    -|
    |  o Depth_Loop                                      |     -|  7.30|        -|          -|       190|        -|     -|        no|           -|            -|            -|             -|    -|
    |   + read_big_tile                                  |     -|  0.00|       44|    440.000|         -|       44|     -|        no|           -|            -|    348 (~0%)|     346 (~0%)|    -|
    |    + read_big_tile_Pipeline_Read_Loop              |     -|  0.00|       35|    350.000|         -|       35|     -|        no|           -|            -|    278 (~0%)|      75 (~0%)|    -|
    |     o Read_Loop                                    |     -|  7.30|       33|    330.000|         3|        1|    32|       yes|           -|            -|            -|             -|    -|
    |   + read_big_tile_1                                |     -|  0.00|       44|    440.000|         -|       44|     -|        no|           -|            -|    350 (~0%)|     346 (~0%)|    -|
    |    + read_big_tile_1_Pipeline_Read_Loop            |     -|  0.00|       35|    350.000|         -|       35|     -|        no|           -|            -|    280 (~0%)|      75 (~0%)|    -|
    |     o Read_Loop                                    |     -|  7.30|       33|    330.000|         3|        1|    32|       yes|           -|            -|            -|             -|    -|
    |   + compute_systolic                               |     -|  0.84|      142|  1.420e+03|         -|      142|     -|        no|           -|  1024 (465%)|  74613 (70%)|  54830 (103%)|    -|
    |    + compute_systolic_Pipeline_Load_Cache_Row      |     -|  3.89|       34|    340.000|         -|       34|     -|        no|           -|            -|  32782 (30%)|      68 (~0%)|    -|
    |     o Load_Cache_Row                               |     -|  7.30|       32|    320.000|         2|        1|    32|       yes|           -|            -|            -|             -|    -|
    |    + compute_systolic_Pipeline_Pulse               |     -|  2.36|       37|    370.000|         -|       37|     -|        no|           -|  1024 (465%)|  33104 (31%)|   48926 (91%)|    -|
    |     o Pulse                                        |     -|  7.30|       35|    350.000|         5|        1|    32|       yes|           -|            -|            -|             -|    -|
    |    + compute_systolic_Pipeline_Store_Cache_Row     |     -|  0.84|       66|    660.000|         -|       66|     -|        no|           -|            -|    526 (~0%)|     5063 (9%)|    -|
    |     o Store_Cache_Row                              |    II|  7.30|       64|    640.000|         2|        2|    32|       yes|           -|            -|            -|             -|    -|
    +----------------------------------------------------+------+------+---------+-----------+----------+---------+------+----------+------------+-------------+-------------+--------------+-----+


================================================================
== HW Interfaces
================================================================
* M_AXI
+-------------+------------+---------------+---------+--------+----------+-----------+--------------+--------------+-------------+-------------+
| Interface   | Data Width | Address Width | Latency | Offset | Register | Max Widen | Max Read     | Max Write    | Num Read    | Num Write   |
|             | (SW->HW)   |               |         |        |          | Bitwidth  | Burst Length | Burst Length | Outstanding | Outstanding |
+-------------+------------+---------------+---------+--------+----------+-----------+--------------+--------------+-------------+-------------+
| m_axi_gmem0 | 256 -> 256 | 64            | 0       | slave  | 0        | 0         | 64           | 64           | 4           | 4           |
| m_axi_gmem1 | 256 -> 256 | 64            | 0       | slave  | 0        | 0         | 64           | 16           | 4           | 16          |
+-------------+------------+---------------+---------+--------+----------+-----------+--------------+--------------+-------------+-------------+

* S_AXILITE Interfaces
+---------------+------------+---------------+--------+----------+
| Interface     | Data Width | Address Width | Offset | Register |
+---------------+------------+---------------+--------+----------+
| s_axi_control | 32         | 7             | 16     | 0        |
+---------------+------------+---------------+--------+----------+

* S_AXILITE Registers
+---------------+-----------------+--------+-------+--------+----------------------------------+----------------------------------------------------------------------+
| Interface     | Register        | Offset | Width | Access | Description                      | Bit Fields                                                           |
+---------------+-----------------+--------+-------+--------+----------------------------------+----------------------------------------------------------------------+
| s_axi_control | CTRL            | 0x00   | 32    | RW     | Control signals                  | 0=AP_START 1=AP_DONE 2=AP_IDLE 3=AP_READY 7=AUTO_RESTART 9=INTERRUPT |
| s_axi_control | GIER            | 0x04   | 32    | RW     | Global Interrupt Enable Register | 0=Enable                                                             |
| s_axi_control | IP_IER          | 0x08   | 32    | RW     | IP Interrupt Enable Register     | 0=CHAN0_INT_EN 1=CHAN1_INT_EN                                        |
| s_axi_control | IP_ISR          | 0x0c   | 32    | RW     | IP Interrupt Status Register     | 0=CHAN0_INT_ST 1=CHAN1_INT_ST                                        |
| s_axi_control | mat_A_1         | 0x10   | 32    | W      | Data signal of mat_A             |                                                                      |
| s_axi_control | mat_A_2         | 0x14   | 32    | W      | Data signal of mat_A             |                                                                      |
| s_axi_control | mat_B_1         | 0x1c   | 32    | W      | Data signal of mat_B             |                                                                      |
| s_axi_control | mat_B_2         | 0x20   | 32    | W      | Data signal of mat_B             |                                                                      |
| s_axi_control | mat_C_1         | 0x28   | 32    | W      | Data signal of mat_C             |                                                                      |
| s_axi_control | mat_C_2         | 0x2c   | 32    | W      | Data signal of mat_C             |                                                                      |
| s_axi_control | num_row_tiles   | 0x34   | 32    | W      | Data signal of num_row_tiles     |                                                                      |
| s_axi_control | num_depth_tiles | 0x3c   | 32    | W      | Data signal of num_depth_tiles   |                                                                      |
| s_axi_control | num_col_tiles   | 0x44   | 32    | W      | Data signal of num_col_tiles     |                                                                      |
+---------------+-----------------+--------+-------+--------+----------------------------------+----------------------------------------------------------------------+

* TOP LEVEL CONTROL
+-----------+------------+-----------+
| Interface | Type       | Ports     |
+-----------+------------+-----------+
| ap_clk    | clock      | ap_clk    |
| ap_rst_n  | reset      | ap_rst_n  |
| interrupt | interrupt  | interrupt |
| ap_ctrl   | ap_ctrl_hs |           |
+-----------+------------+-----------+


================================================================
== SW I/O Information
================================================================
* Top Function Arguments
+-----------------+-----------+---------------+
| Argument        | Direction | Datatype      |
+-----------------+-----------+---------------+
| mat_A           | inout     | ap_uint<256>* |
| mat_B           | in        | ap_uint<256>* |
| mat_C           | inout     | ap_uint<256>* |
| num_row_tiles   | in        | int           |
| num_depth_tiles | in        | int           |
| num_col_tiles   | in        | int           |
+-----------------+-----------+---------------+

* SW-to-HW Mapping
+-----------------+---------------+-----------+----------+-------------------------------------------+
| Argument        | HW Interface  | HW Type   | HW Usage | HW Info                                   |
+-----------------+---------------+-----------+----------+-------------------------------------------+
| mat_A           | m_axi_gmem0   | interface |          |                                           |
| mat_A           | s_axi_control | register  | offset   | name=mat_A_1 offset=0x10 range=32         |
| mat_A           | s_axi_control | register  | offset   | name=mat_A_2 offset=0x14 range=32         |
| mat_B           | m_axi_gmem1   | interface |          |                                           |
| mat_B           | s_axi_control | register  | offset   | name=mat_B_1 offset=0x1c range=32         |
| mat_B           | s_axi_control | register  | offset   | name=mat_B_2 offset=0x20 range=32         |
| mat_C           | m_axi_gmem0   | interface |          |                                           |
| mat_C           | s_axi_control | register  | offset   | name=mat_C_1 offset=0x28 range=32         |
| mat_C           | s_axi_control | register  | offset   | name=mat_C_2 offset=0x2c range=32         |
| num_row_tiles   | s_axi_control | register  |          | name=num_row_tiles offset=0x34 range=32   |
| num_depth_tiles | s_axi_control | register  |          | name=num_depth_tiles offset=0x3c range=32 |
| num_col_tiles   | s_axi_control | register  |          | name=num_col_tiles offset=0x44 range=32   |
+-----------------+---------------+-----------+----------+-------------------------------------------+


================================================================
== M_AXI Burst Information
================================================================
 Note: All burst requests might be further partitioned into multiple requests during RTL generation based on max_read_burst_length or max_write_burst_length settings.

* Inferred Burst Summary
+--------------+------------+-----------+--------+-------+-------------------------------+
| HW Interface | Loop       | Direction | Length | Width | Location                      |
+--------------+------------+-----------+--------+-------+-------------------------------+
| m_axi_gmem0  | Read_Loop  | read      | 32     | 256   | SystolicArray/main.cpp:15:16  |
| m_axi_gmem1  | Read_Loop  | read      | 32     | 256   | SystolicArray/main.cpp:15:16  |
| m_axi_gmem0  | Write_Rows | write     | 128    | 256   | SystolicArray/main.cpp:111:17 |
+--------------+------------+-----------+--------+-------+-------------------------------+

* Inferred Bursts and Widening Missed
+-------------------+-------------+------------+--------------------------------------------------------------------------------------------------------+------------+-------------------------------+
| HW Interface      | Variable    | Loop       | Problem                                                                                                | Resolution | Location                      |
+-------------------+-------------+------------+--------------------------------------------------------------------------------------------------------+------------+-------------------------------+
| m_axi_gmem0       | dram_matrix | Write_Cols | Could not widen since type i256 size is greater than or equal to the max_widen_bitwidth threshold of 0 | 214-353    | SystolicArray/main.cpp:112:21 |
| m_axi_gmem0,gmem1 | dram_matrix | Read_Loop  | Could not widen since type i256 size is greater than or equal to the max_widen_bitwidth threshold of 0 | 214-353    | SystolicArray/main.cpp:15:16  |
| m_axi_gmem0,gmem1 | dram_matrix | Read_Loop  | Could not widen since type i256 size is greater than or equal to the max_widen_bitwidth threshold of 0 | 214-353    | SystolicArray/main.cpp:15:16  |
+-------------------+-------------+------------+--------------------------------------------------------------------------------------------------------+------------+-------------------------------+

    * Resolution URL: www.xilinx.com/cgi-bin/docs/rdoc?v=2022.2;t=hls+guidance;d=XXX-YYY.html (replace XXX-YYY with column value)

================================================================
== Bind Op Report
================================================================
+---------------------------------------------------+------+--------+----------------+-----+--------+---------+
| Name                                              | DSP  | Pragma | Variable       | Op  | Impl   | Latency |
+---------------------------------------------------+------+--------+----------------+-----+--------+---------+
| + pipelined_layer_processor                       | 1029 |        |                |     |        |         |
|   mul_32ns_32ns_64_2_1_U5350                      | 3    |        | mul_ln130      | mul | auto   | 1       |
|   add_ln167_fu_483_p2                             | -    |        | add_ln167      | add | fabric | 0       |
|   i_3_fu_492_p2                                   | -    |        | i_3            | add | fabric | 0       |
|   mul_27s_27s_27_1_1_U5351                        | 1    |        | mul_ln167      | mul | auto   | 0       |
|   mul_25s_25s_25_1_1_U5352                        | 1    |        | mul_ln167_1    | mul | auto   | 0       |
|   k_1_fu_549_p2                                   | -    |        | k_1            | add | fabric | 0       |
|   idx_A_fu_555_p2                                 | -    |        | idx_A          | add | fabric | 0       |
|   add_ln180_fu_561_p2                             | -    |        | add_ln180      | add | fabric | 0       |
|   idx_B_fu_566_p2                                 | -    |        | idx_B          | add | fabric | 0       |
|   idx_C_fu_572_p2                                 | -    |        | idx_C          | add | fabric | 0       |
|   j_3_fu_577_p2                                   | -    |        | j_3            | add | fabric | 0       |
|  + pipelined_layer_processor_Pipeline_Clear       | 0    |        |                |     |        |         |
|    add_ln171_fu_498_p2                            | -    |        | add_ln171      | add | fabric | 0       |
|  + read_big_tile                                  | 0    |        |                |     |        |         |
|    add_ln15_fu_156_p2                             | -    |        | add_ln15       | add | fabric | 0       |
|   + read_big_tile_Pipeline_Read_Loop              | 0    |        |                |     |        |         |
|     add_ln15_fu_425_p2                            | -    |        | add_ln15       | add | fabric | 0       |
|  + read_big_tile_1                                | 0    |        |                |     |        |         |
|    add_ln15_fu_98_p2                              | -    |        | add_ln15       | add | fabric | 0       |
|   + read_big_tile_1_Pipeline_Read_Loop            | 0    |        |                |     |        |         |
|     add_ln15_fu_110_p2                            | -    |        | add_ln15       | add | fabric | 0       |
|  + write_big_tile                                 | 0    |        |                |     |        |         |
|    add_ln111_fu_159_p2                            | -    |        | add_ln111      | add | fabric | 0       |
|   + write_big_tile_Pipeline_Write_Rows_Write_Cols | 0    |        |                |     |        |         |
|     add_ln111_fu_381_p2                           | -    |        | add_ln111      | add | fabric | 0       |
|     add_ln111_1_fu_396_p2                         | -    |        | add_ln111_1    | add | fabric | 0       |
|     add_ln112_fu_474_p2                           | -    |        | add_ln112      | add | fabric | 0       |
|     add_ln112_1_fu_480_p2                         | -    |        | add_ln112_1    | add | fabric | 0       |
|  + compute_systolic                               | 1024 |        |                |     |        |         |
|   + compute_systolic_Pipeline_Load_Cache_Row      | 0    |        |                |     |        |         |
|     add_ln51_fu_13862_p2                          | -    |        | add_ln51       | add | fabric | 0       |
|   + compute_systolic_Pipeline_Pulse               | 1024 |        |                |     |        |         |
|     add_ln65_fu_29139_p2                          | -    |        | add_ln65       | add | fabric | 0       |
|     mac_muladd_8s_8s_32s_32_4_1_U1101             | 1    | yes    | ret_V          | mul | dsp48  | 3       |
|     mac_muladd_8s_8s_32s_32_4_1_U1101             | 1    |        | add_ln840      | add | dsp48  | 3       |
|     mac_muladd_8s_8s_32s_32_4_1_U1102             | 1    | yes    | ret_V_1        | mul | dsp48  | 3       |
|     mac_muladd_8s_8s_32s_32_4_1_U1102             | 1    |        | add_ln840_1    | add | dsp48  | 3       |
|     mac_muladd_8s_8s_32s_32_4_1_U1103             | 1    | yes    | ret_V_2        | mul | dsp48  | 3       |
|     mac_muladd_8s_8s_32s_32_4_1_U1103             | 1    |        | add_ln840_2    | add | dsp48  | 3       |
|     mac_muladd_8s_8s_32s_32_4_1_U1104             | 1    | yes    | ret_V_3        | mul | dsp48  | 3       |
|     mac_muladd_8s_8s_32s_32_4_1_U1104             | 1    |        | add_ln840_3    | add | dsp48  | 3       |
|     mac_muladd_8s_8s_32s_32_4_1_U1105             | 1    | yes    | ret_V_4        | mul | dsp48  | 3       |
|     mac_muladd_8s_8s_32s_32_4_1_U1105             | 1    |        | add_ln840_4    | add | dsp48  | 3       |
|     mac_muladd_8s_8s_32s_32_4_1_U1106             | 1    | yes    | ret_V_5        | mul | dsp48  | 3       |
|     mac_muladd_8s_8s_32s_32_4_1_U1106             | 1    |        | add_ln840_5    | add | dsp48  | 3       |
|     mac_muladd_8s_8s_32s_32_4_1_U1107             | 1    | yes    | ret_V_6        | mul | dsp48  | 3       |
|     mac_muladd_8s_8s_32s_32_4_1_U1107             | 1    |        | add_ln840_6    | add | dsp48  | 3       |
|     mac_muladd_8s_8s_32s_32_4_1_U1108             | 1    | yes    | ret_V_7        | mul | dsp48  | 3       |
|     mac_muladd_8s_8s_32s_32_4_1_U1108             | 1    |        | add_ln840_7    | add | dsp48  | 3       |
|     mac_muladd_8s_8s_32s_32_4_1_U1109             | 1    | yes    | ret_V_8        | mul | dsp48  | 3       |
|     mac_muladd_8s_8s_32s_32_4_1_U1109             | 1    |        | add_ln840_8    | add | dsp48  | 3       |
|     mac_muladd_8s_8s_32s_32_4_1_U1110             | 1    | yes    | ret_V_9        | mul | dsp48  | 3       |
|     mac_muladd_8s_8s_32s_32_4_1_U1110             | 1    |        | add_ln840_9    | add | dsp48  | 3       |
|     mac_muladd_8s_8s_32s_32_4_1_U1111             | 1    | yes    | ret_V_10       | mul | dsp48  | 3       |
|     mac_muladd_8s_8s_32s_32_4_1_U1111             | 1    |        | add_ln840_10   | add | dsp48  | 3       |
|     mac_muladd_8s_8s_32s_32_4_1_U1112             | 1    | yes    | ret_V_11       | mul | dsp48  | 3       |
|     mac_muladd_8s_8s_32s_32_4_1_U1112             | 1    |        | add_ln840_11   | add | dsp48  | 3       |
|     mac_muladd_8s_8s_32s_32_4_1_U1113             | 1    | yes    | ret_V_12       | mul | dsp48  | 3       |
|     mac_muladd_8s_8s_32s_32_4_1_U1113             | 1    |        | add_ln840_12   | add | dsp48  | 3       |
|     mac_muladd_8s_8s_32s_32_4_1_U1114             | 1    | yes    | ret_V_13       | mul | dsp48  | 3       |
|     mac_muladd_8s_8s_32s_32_4_1_U1114             | 1    |        | add_ln840_13   | add | dsp48  | 3       |
|     mac_muladd_8s_8s_32s_32_4_1_U1115             | 1    | yes    | ret_V_14       | mul | dsp48  | 3       |
|     mac_muladd_8s_8s_32s_32_4_1_U1115             | 1    |        | add_ln840_14   | add | dsp48  | 3       |
|     mac_muladd_8s_8s_32s_32_4_1_U1116             | 1    | yes    | ret_V_15       | mul | dsp48  | 3       |
|     mac_muladd_8s_8s_32s_32_4_1_U1116             | 1    |        | add_ln840_15   | add | dsp48  | 3       |
|     mac_muladd_8s_8s_32s_32_4_1_U1117             | 1    | yes    | ret_V_16       | mul | dsp48  | 3       |
|     mac_muladd_8s_8s_32s_32_4_1_U1117             | 1    |        | add_ln840_16   | add | dsp48  | 3       |
|     mac_muladd_8s_8s_32s_32_4_1_U1118             | 1    | yes    | ret_V_17       | mul | dsp48  | 3       |
|     mac_muladd_8s_8s_32s_32_4_1_U1118             | 1    |        | add_ln840_17   | add | dsp48  | 3       |
|     mac_muladd_8s_8s_32s_32_4_1_U1119             | 1    | yes    | ret_V_18       | mul | dsp48  | 3       |
|     mac_muladd_8s_8s_32s_32_4_1_U1119             | 1    |        | add_ln840_18   | add | dsp48  | 3       |
|     mac_muladd_8s_8s_32s_32_4_1_U1120             | 1    | yes    | ret_V_19       | mul | dsp48  | 3       |
|     mac_muladd_8s_8s_32s_32_4_1_U1120             | 1    |        | add_ln840_19   | add | dsp48  | 3       |
|     mac_muladd_8s_8s_32s_32_4_1_U1121             | 1    | yes    | ret_V_20       | mul | dsp48  | 3       |
|     mac_muladd_8s_8s_32s_32_4_1_U1121             | 1    |        | add_ln840_20   | add | dsp48  | 3       |
|     mac_muladd_8s_8s_32s_32_4_1_U1122             | 1    | yes    | ret_V_21       | mul | dsp48  | 3       |
|     mac_muladd_8s_8s_32s_32_4_1_U1122             | 1    |        | add_ln840_21   | add | dsp48  | 3       |
|     mac_muladd_8s_8s_32s_32_4_1_U1123             | 1    | yes    | ret_V_22       | mul | dsp48  | 3       |
|     mac_muladd_8s_8s_32s_32_4_1_U1123             | 1    |        | add_ln840_22   | add | dsp48  | 3       |
|     mac_muladd_8s_8s_32s_32_4_1_U1124             | 1    | yes    | ret_V_23       | mul | dsp48  | 3       |
|     mac_muladd_8s_8s_32s_32_4_1_U1124             | 1    |        | add_ln840_23   | add | dsp48  | 3       |
|     mac_muladd_8s_8s_32s_32_4_1_U1125             | 1    | yes    | ret_V_24       | mul | dsp48  | 3       |
|     mac_muladd_8s_8s_32s_32_4_1_U1125             | 1    |        | add_ln840_24   | add | dsp48  | 3       |
|     mac_muladd_8s_8s_32s_32_4_1_U1126             | 1    | yes    | ret_V_25       | mul | dsp48  | 3       |
|     mac_muladd_8s_8s_32s_32_4_1_U1126             | 1    |        | add_ln840_25   | add | dsp48  | 3       |
|     mac_muladd_8s_8s_32s_32_4_1_U1127             | 1    | yes    | ret_V_26       | mul | dsp48  | 3       |
|     mac_muladd_8s_8s_32s_32_4_1_U1127             | 1    |        | add_ln840_26   | add | dsp48  | 3       |
|     mac_muladd_8s_8s_32s_32_4_1_U1128             | 1    | yes    | ret_V_27       | mul | dsp48  | 3       |
|     mac_muladd_8s_8s_32s_32_4_1_U1128             | 1    |        | add_ln840_27   | add | dsp48  | 3       |
|     mac_muladd_8s_8s_32s_32_4_1_U1129             | 1    | yes    | ret_V_28       | mul | dsp48  | 3       |
|     mac_muladd_8s_8s_32s_32_4_1_U1129             | 1    |        | add_ln840_28   | add | dsp48  | 3       |
|     mac_muladd_8s_8s_32s_32_4_1_U1130             | 1    | yes    | ret_V_29       | mul | dsp48  | 3       |
|     mac_muladd_8s_8s_32s_32_4_1_U1130             | 1    |        | add_ln840_29   | add | dsp48  | 3       |
|     mac_muladd_8s_8s_32s_32_4_1_U1131             | 1    | yes    | ret_V_30       | mul | dsp48  | 3       |
|     mac_muladd_8s_8s_32s_32_4_1_U1131             | 1    |        | add_ln840_30   | add | dsp48  | 3       |
|     mac_muladd_8s_8s_32s_32_4_1_U1132             | 1    | yes    | ret_V_31       | mul | dsp48  | 3       |
|     mac_muladd_8s_8s_32s_32_4_1_U1132             | 1    |        | add_ln840_31   | add | dsp48  | 3       |
|     mac_muladd_8s_8s_32s_32_4_1_U1133             | 1    | yes    | ret_V_32       | mul | dsp48  | 3       |
|     mac_muladd_8s_8s_32s_32_4_1_U1133             | 1    |        | add_ln840_32   | add | dsp48  | 3       |
|     mac_muladd_8s_8s_32s_32_4_1_U1134             | 1    | yes    | ret_V_33       | mul | dsp48  | 3       |
|     mac_muladd_8s_8s_32s_32_4_1_U1134             | 1    |        | add_ln840_33   | add | dsp48  | 3       |
|     mac_muladd_8s_8s_32s_32_4_1_U1135             | 1    | yes    | ret_V_34       | mul | dsp48  | 3       |
|     mac_muladd_8s_8s_32s_32_4_1_U1135             | 1    |        | add_ln840_34   | add | dsp48  | 3       |
|     mac_muladd_8s_8s_32s_32_4_1_U1136             | 1    | yes    | ret_V_35       | mul | dsp48  | 3       |
|     mac_muladd_8s_8s_32s_32_4_1_U1136             | 1    |        | add_ln840_35   | add | dsp48  | 3       |
|     mac_muladd_8s_8s_32s_32_4_1_U1137             | 1    | yes    | ret_V_36       | mul | dsp48  | 3       |
|     mac_muladd_8s_8s_32s_32_4_1_U1137             | 1    |        | add_ln840_36   | add | dsp48  | 3       |
|     mac_muladd_8s_8s_32s_32_4_1_U1138             | 1    | yes    | ret_V_37       | mul | dsp48  | 3       |
|     mac_muladd_8s_8s_32s_32_4_1_U1138             | 1    |        | add_ln840_37   | add | dsp48  | 3       |
|     mac_muladd_8s_8s_32s_32_4_1_U1139             | 1    | yes    | ret_V_38       | mul | dsp48  | 3       |
|     mac_muladd_8s_8s_32s_32_4_1_U1139             | 1    |        | add_ln840_38   | add | dsp48  | 3       |
|     mac_muladd_8s_8s_32s_32_4_1_U1140             | 1    | yes    | ret_V_39       | mul | dsp48  | 3       |
|     mac_muladd_8s_8s_32s_32_4_1_U1140             | 1    |        | add_ln840_39   | add | dsp48  | 3       |
|     mac_muladd_8s_8s_32s_32_4_1_U1141             | 1    | yes    | ret_V_40       | mul | dsp48  | 3       |
|     mac_muladd_8s_8s_32s_32_4_1_U1141             | 1    |        | add_ln840_40   | add | dsp48  | 3       |
|     mac_muladd_8s_8s_32s_32_4_1_U1142             | 1    | yes    | ret_V_41       | mul | dsp48  | 3       |
|     mac_muladd_8s_8s_32s_32_4_1_U1142             | 1    |        | add_ln840_41   | add | dsp48  | 3       |
|     mac_muladd_8s_8s_32s_32_4_1_U1143             | 1    | yes    | ret_V_42       | mul | dsp48  | 3       |
|     mac_muladd_8s_8s_32s_32_4_1_U1143             | 1    |        | add_ln840_42   | add | dsp48  | 3       |
|     mac_muladd_8s_8s_32s_32_4_1_U1144             | 1    | yes    | ret_V_43       | mul | dsp48  | 3       |
|     mac_muladd_8s_8s_32s_32_4_1_U1144             | 1    |        | add_ln840_43   | add | dsp48  | 3       |
|     mac_muladd_8s_8s_32s_32_4_1_U1145             | 1    | yes    | ret_V_44       | mul | dsp48  | 3       |
|     mac_muladd_8s_8s_32s_32_4_1_U1145             | 1    |        | add_ln840_44   | add | dsp48  | 3       |
|     mac_muladd_8s_8s_32s_32_4_1_U1146             | 1    | yes    | ret_V_45       | mul | dsp48  | 3       |
|     mac_muladd_8s_8s_32s_32_4_1_U1146             | 1    |        | add_ln840_45   | add | dsp48  | 3       |
|     mac_muladd_8s_8s_32s_32_4_1_U1147             | 1    | yes    | ret_V_46       | mul | dsp48  | 3       |
|     mac_muladd_8s_8s_32s_32_4_1_U1147             | 1    |        | add_ln840_46   | add | dsp48  | 3       |
|     mac_muladd_8s_8s_32s_32_4_1_U1148             | 1    | yes    | ret_V_47       | mul | dsp48  | 3       |
|     mac_muladd_8s_8s_32s_32_4_1_U1148             | 1    |        | add_ln840_47   | add | dsp48  | 3       |
|     mac_muladd_8s_8s_32s_32_4_1_U1149             | 1    | yes    | ret_V_48       | mul | dsp48  | 3       |
|     mac_muladd_8s_8s_32s_32_4_1_U1149             | 1    |        | add_ln840_48   | add | dsp48  | 3       |
|     mac_muladd_8s_8s_32s_32_4_1_U1150             | 1    | yes    | ret_V_49       | mul | dsp48  | 3       |
|     mac_muladd_8s_8s_32s_32_4_1_U1150             | 1    |        | add_ln840_49   | add | dsp48  | 3       |
|     mac_muladd_8s_8s_32s_32_4_1_U1151             | 1    | yes    | ret_V_50       | mul | dsp48  | 3       |
|     mac_muladd_8s_8s_32s_32_4_1_U1151             | 1    |        | add_ln840_50   | add | dsp48  | 3       |
|     mac_muladd_8s_8s_32s_32_4_1_U1152             | 1    | yes    | ret_V_51       | mul | dsp48  | 3       |
|     mac_muladd_8s_8s_32s_32_4_1_U1152             | 1    |        | add_ln840_51   | add | dsp48  | 3       |
|     mac_muladd_8s_8s_32s_32_4_1_U1153             | 1    | yes    | ret_V_52       | mul | dsp48  | 3       |
|     mac_muladd_8s_8s_32s_32_4_1_U1153             | 1    |        | add_ln840_52   | add | dsp48  | 3       |
|     mac_muladd_8s_8s_32s_32_4_1_U1154             | 1    | yes    | ret_V_53       | mul | dsp48  | 3       |
|     mac_muladd_8s_8s_32s_32_4_1_U1154             | 1    |        | add_ln840_53   | add | dsp48  | 3       |
|     mac_muladd_8s_8s_32s_32_4_1_U1155             | 1    | yes    | ret_V_54       | mul | dsp48  | 3       |
|     mac_muladd_8s_8s_32s_32_4_1_U1155             | 1    |        | add_ln840_54   | add | dsp48  | 3       |
|     mac_muladd_8s_8s_32s_32_4_1_U1156             | 1    | yes    | ret_V_55       | mul | dsp48  | 3       |
|     mac_muladd_8s_8s_32s_32_4_1_U1156             | 1    |        | add_ln840_55   | add | dsp48  | 3       |
|     mac_muladd_8s_8s_32s_32_4_1_U1157             | 1    | yes    | ret_V_56       | mul | dsp48  | 3       |
|     mac_muladd_8s_8s_32s_32_4_1_U1157             | 1    |        | add_ln840_56   | add | dsp48  | 3       |
|     mac_muladd_8s_8s_32s_32_4_1_U1158             | 1    | yes    | ret_V_57       | mul | dsp48  | 3       |
|     mac_muladd_8s_8s_32s_32_4_1_U1158             | 1    |        | add_ln840_57   | add | dsp48  | 3       |
|     mac_muladd_8s_8s_32s_32_4_1_U1159             | 1    | yes    | ret_V_58       | mul | dsp48  | 3       |
|     mac_muladd_8s_8s_32s_32_4_1_U1159             | 1    |        | add_ln840_58   | add | dsp48  | 3       |
|     mac_muladd_8s_8s_32s_32_4_1_U1160             | 1    | yes    | ret_V_59       | mul | dsp48  | 3       |
|     mac_muladd_8s_8s_32s_32_4_1_U1160             | 1    |        | add_ln840_59   | add | dsp48  | 3       |
|     mac_muladd_8s_8s_32s_32_4_1_U1161             | 1    | yes    | ret_V_60       | mul | dsp48  | 3       |
|     mac_muladd_8s_8s_32s_32_4_1_U1161             | 1    |        | add_ln840_60   | add | dsp48  | 3       |
|     mac_muladd_8s_8s_32s_32_4_1_U1162             | 1    | yes    | ret_V_61       | mul | dsp48  | 3       |
|     mac_muladd_8s_8s_32s_32_4_1_U1162             | 1    |        | add_ln840_61   | add | dsp48  | 3       |
|     mac_muladd_8s_8s_32s_32_4_1_U1163             | 1    | yes    | ret_V_62       | mul | dsp48  | 3       |
|     mac_muladd_8s_8s_32s_32_4_1_U1163             | 1    |        | add_ln840_62   | add | dsp48  | 3       |
|     mac_muladd_8s_8s_32s_32_4_1_U1164             | 1    | yes    | ret_V_63       | mul | dsp48  | 3       |
|     mac_muladd_8s_8s_32s_32_4_1_U1164             | 1    |        | add_ln840_63   | add | dsp48  | 3       |
|     mac_muladd_8s_8s_32s_32_4_1_U1165             | 1    | yes    | ret_V_64       | mul | dsp48  | 3       |
|     mac_muladd_8s_8s_32s_32_4_1_U1165             | 1    |        | add_ln840_64   | add | dsp48  | 3       |
|     mac_muladd_8s_8s_32s_32_4_1_U1166             | 1    | yes    | ret_V_65       | mul | dsp48  | 3       |
|     mac_muladd_8s_8s_32s_32_4_1_U1166             | 1    |        | add_ln840_65   | add | dsp48  | 3       |
|     mac_muladd_8s_8s_32s_32_4_1_U1167             | 1    | yes    | ret_V_66       | mul | dsp48  | 3       |
|     mac_muladd_8s_8s_32s_32_4_1_U1167             | 1    |        | add_ln840_66   | add | dsp48  | 3       |
|     mac_muladd_8s_8s_32s_32_4_1_U1168             | 1    | yes    | ret_V_67       | mul | dsp48  | 3       |
|     mac_muladd_8s_8s_32s_32_4_1_U1168             | 1    |        | add_ln840_67   | add | dsp48  | 3       |
|     mac_muladd_8s_8s_32s_32_4_1_U1169             | 1    | yes    | ret_V_68       | mul | dsp48  | 3       |
|     mac_muladd_8s_8s_32s_32_4_1_U1169             | 1    |        | add_ln840_68   | add | dsp48  | 3       |
|     mac_muladd_8s_8s_32s_32_4_1_U1170             | 1    | yes    | ret_V_69       | mul | dsp48  | 3       |
|     mac_muladd_8s_8s_32s_32_4_1_U1170             | 1    |        | add_ln840_69   | add | dsp48  | 3       |
|     mac_muladd_8s_8s_32s_32_4_1_U1171             | 1    | yes    | ret_V_70       | mul | dsp48  | 3       |
|     mac_muladd_8s_8s_32s_32_4_1_U1171             | 1    |        | add_ln840_70   | add | dsp48  | 3       |
|     mac_muladd_8s_8s_32s_32_4_1_U1172             | 1    | yes    | ret_V_71       | mul | dsp48  | 3       |
|     mac_muladd_8s_8s_32s_32_4_1_U1172             | 1    |        | add_ln840_71   | add | dsp48  | 3       |
|     mac_muladd_8s_8s_32s_32_4_1_U1173             | 1    | yes    | ret_V_72       | mul | dsp48  | 3       |
|     mac_muladd_8s_8s_32s_32_4_1_U1173             | 1    |        | add_ln840_72   | add | dsp48  | 3       |
|     mac_muladd_8s_8s_32s_32_4_1_U1174             | 1    | yes    | ret_V_73       | mul | dsp48  | 3       |
|     mac_muladd_8s_8s_32s_32_4_1_U1174             | 1    |        | add_ln840_73   | add | dsp48  | 3       |
|     mac_muladd_8s_8s_32s_32_4_1_U1175             | 1    | yes    | ret_V_74       | mul | dsp48  | 3       |
|     mac_muladd_8s_8s_32s_32_4_1_U1175             | 1    |        | add_ln840_74   | add | dsp48  | 3       |
|     mac_muladd_8s_8s_32s_32_4_1_U1176             | 1    | yes    | ret_V_75       | mul | dsp48  | 3       |
|     mac_muladd_8s_8s_32s_32_4_1_U1176             | 1    |        | add_ln840_75   | add | dsp48  | 3       |
|     mac_muladd_8s_8s_32s_32_4_1_U1177             | 1    | yes    | ret_V_76       | mul | dsp48  | 3       |
|     mac_muladd_8s_8s_32s_32_4_1_U1177             | 1    |        | add_ln840_76   | add | dsp48  | 3       |
|     mac_muladd_8s_8s_32s_32_4_1_U1178             | 1    | yes    | ret_V_77       | mul | dsp48  | 3       |
|     mac_muladd_8s_8s_32s_32_4_1_U1178             | 1    |        | add_ln840_77   | add | dsp48  | 3       |
|     mac_muladd_8s_8s_32s_32_4_1_U1179             | 1    | yes    | ret_V_78       | mul | dsp48  | 3       |
|     mac_muladd_8s_8s_32s_32_4_1_U1179             | 1    |        | add_ln840_78   | add | dsp48  | 3       |
|     mac_muladd_8s_8s_32s_32_4_1_U1180             | 1    | yes    | ret_V_79       | mul | dsp48  | 3       |
|     mac_muladd_8s_8s_32s_32_4_1_U1180             | 1    |        | add_ln840_79   | add | dsp48  | 3       |
|     mac_muladd_8s_8s_32s_32_4_1_U1181             | 1    | yes    | ret_V_80       | mul | dsp48  | 3       |
|     mac_muladd_8s_8s_32s_32_4_1_U1181             | 1    |        | add_ln840_80   | add | dsp48  | 3       |
|     mac_muladd_8s_8s_32s_32_4_1_U1182             | 1    | yes    | ret_V_81       | mul | dsp48  | 3       |
|     mac_muladd_8s_8s_32s_32_4_1_U1182             | 1    |        | add_ln840_81   | add | dsp48  | 3       |
|     mac_muladd_8s_8s_32s_32_4_1_U1183             | 1    | yes    | ret_V_82       | mul | dsp48  | 3       |
|     mac_muladd_8s_8s_32s_32_4_1_U1183             | 1    |        | add_ln840_82   | add | dsp48  | 3       |
|     mac_muladd_8s_8s_32s_32_4_1_U1184             | 1    | yes    | ret_V_83       | mul | dsp48  | 3       |
|     mac_muladd_8s_8s_32s_32_4_1_U1184             | 1    |        | add_ln840_83   | add | dsp48  | 3       |
|     mac_muladd_8s_8s_32s_32_4_1_U1185             | 1    | yes    | ret_V_84       | mul | dsp48  | 3       |
|     mac_muladd_8s_8s_32s_32_4_1_U1185             | 1    |        | add_ln840_84   | add | dsp48  | 3       |
|     mac_muladd_8s_8s_32s_32_4_1_U1186             | 1    | yes    | ret_V_85       | mul | dsp48  | 3       |
|     mac_muladd_8s_8s_32s_32_4_1_U1186             | 1    |        | add_ln840_85   | add | dsp48  | 3       |
|     mac_muladd_8s_8s_32s_32_4_1_U1187             | 1    | yes    | ret_V_86       | mul | dsp48  | 3       |
|     mac_muladd_8s_8s_32s_32_4_1_U1187             | 1    |        | add_ln840_86   | add | dsp48  | 3       |
|     mac_muladd_8s_8s_32s_32_4_1_U1188             | 1    | yes    | ret_V_87       | mul | dsp48  | 3       |
|     mac_muladd_8s_8s_32s_32_4_1_U1188             | 1    |        | add_ln840_87   | add | dsp48  | 3       |
|     mac_muladd_8s_8s_32s_32_4_1_U1189             | 1    | yes    | ret_V_88       | mul | dsp48  | 3       |
|     mac_muladd_8s_8s_32s_32_4_1_U1189             | 1    |        | add_ln840_88   | add | dsp48  | 3       |
|     mac_muladd_8s_8s_32s_32_4_1_U1190             | 1    | yes    | ret_V_89       | mul | dsp48  | 3       |
|     mac_muladd_8s_8s_32s_32_4_1_U1190             | 1    |        | add_ln840_89   | add | dsp48  | 3       |
|     mac_muladd_8s_8s_32s_32_4_1_U1191             | 1    | yes    | ret_V_90       | mul | dsp48  | 3       |
|     mac_muladd_8s_8s_32s_32_4_1_U1191             | 1    |        | add_ln840_90   | add | dsp48  | 3       |
|     mac_muladd_8s_8s_32s_32_4_1_U1192             | 1    | yes    | ret_V_91       | mul | dsp48  | 3       |
|     mac_muladd_8s_8s_32s_32_4_1_U1192             | 1    |        | add_ln840_91   | add | dsp48  | 3       |
|     mac_muladd_8s_8s_32s_32_4_1_U1193             | 1    | yes    | ret_V_92       | mul | dsp48  | 3       |
|     mac_muladd_8s_8s_32s_32_4_1_U1193             | 1    |        | add_ln840_92   | add | dsp48  | 3       |
|     mac_muladd_8s_8s_32s_32_4_1_U1194             | 1    | yes    | ret_V_93       | mul | dsp48  | 3       |
|     mac_muladd_8s_8s_32s_32_4_1_U1194             | 1    |        | add_ln840_93   | add | dsp48  | 3       |
|     mac_muladd_8s_8s_32s_32_4_1_U1195             | 1    | yes    | ret_V_94       | mul | dsp48  | 3       |
|     mac_muladd_8s_8s_32s_32_4_1_U1195             | 1    |        | add_ln840_94   | add | dsp48  | 3       |
|     mac_muladd_8s_8s_32s_32_4_1_U1196             | 1    | yes    | ret_V_95       | mul | dsp48  | 3       |
|     mac_muladd_8s_8s_32s_32_4_1_U1196             | 1    |        | add_ln840_95   | add | dsp48  | 3       |
|     mac_muladd_8s_8s_32s_32_4_1_U1197             | 1    | yes    | ret_V_96       | mul | dsp48  | 3       |
|     mac_muladd_8s_8s_32s_32_4_1_U1197             | 1    |        | add_ln840_96   | add | dsp48  | 3       |
|     mac_muladd_8s_8s_32s_32_4_1_U1198             | 1    | yes    | ret_V_97       | mul | dsp48  | 3       |
|     mac_muladd_8s_8s_32s_32_4_1_U1198             | 1    |        | add_ln840_97   | add | dsp48  | 3       |
|     mac_muladd_8s_8s_32s_32_4_1_U1199             | 1    | yes    | ret_V_98       | mul | dsp48  | 3       |
|     mac_muladd_8s_8s_32s_32_4_1_U1199             | 1    |        | add_ln840_98   | add | dsp48  | 3       |
|     mac_muladd_8s_8s_32s_32_4_1_U1200             | 1    | yes    | ret_V_99       | mul | dsp48  | 3       |
|     mac_muladd_8s_8s_32s_32_4_1_U1200             | 1    |        | add_ln840_99   | add | dsp48  | 3       |
|     mac_muladd_8s_8s_32s_32_4_1_U1201             | 1    | yes    | ret_V_100      | mul | dsp48  | 3       |
|     mac_muladd_8s_8s_32s_32_4_1_U1201             | 1    |        | add_ln840_100  | add | dsp48  | 3       |
|     mac_muladd_8s_8s_32s_32_4_1_U1202             | 1    | yes    | ret_V_101      | mul | dsp48  | 3       |
|     mac_muladd_8s_8s_32s_32_4_1_U1202             | 1    |        | add_ln840_101  | add | dsp48  | 3       |
|     mac_muladd_8s_8s_32s_32_4_1_U1203             | 1    | yes    | ret_V_102      | mul | dsp48  | 3       |
|     mac_muladd_8s_8s_32s_32_4_1_U1203             | 1    |        | add_ln840_102  | add | dsp48  | 3       |
|     mac_muladd_8s_8s_32s_32_4_1_U1204             | 1    | yes    | ret_V_103      | mul | dsp48  | 3       |
|     mac_muladd_8s_8s_32s_32_4_1_U1204             | 1    |        | add_ln840_103  | add | dsp48  | 3       |
|     mac_muladd_8s_8s_32s_32_4_1_U1205             | 1    | yes    | ret_V_104      | mul | dsp48  | 3       |
|     mac_muladd_8s_8s_32s_32_4_1_U1205             | 1    |        | add_ln840_104  | add | dsp48  | 3       |
|     mac_muladd_8s_8s_32s_32_4_1_U1206             | 1    | yes    | ret_V_105      | mul | dsp48  | 3       |
|     mac_muladd_8s_8s_32s_32_4_1_U1206             | 1    |        | add_ln840_105  | add | dsp48  | 3       |
|     mac_muladd_8s_8s_32s_32_4_1_U1207             | 1    | yes    | ret_V_106      | mul | dsp48  | 3       |
|     mac_muladd_8s_8s_32s_32_4_1_U1207             | 1    |        | add_ln840_106  | add | dsp48  | 3       |
|     mac_muladd_8s_8s_32s_32_4_1_U1208             | 1    | yes    | ret_V_107      | mul | dsp48  | 3       |
|     mac_muladd_8s_8s_32s_32_4_1_U1208             | 1    |        | add_ln840_107  | add | dsp48  | 3       |
|     mac_muladd_8s_8s_32s_32_4_1_U1209             | 1    | yes    | ret_V_108      | mul | dsp48  | 3       |
|     mac_muladd_8s_8s_32s_32_4_1_U1209             | 1    |        | add_ln840_108  | add | dsp48  | 3       |
|     mac_muladd_8s_8s_32s_32_4_1_U1210             | 1    | yes    | ret_V_109      | mul | dsp48  | 3       |
|     mac_muladd_8s_8s_32s_32_4_1_U1210             | 1    |        | add_ln840_109  | add | dsp48  | 3       |
|     mac_muladd_8s_8s_32s_32_4_1_U1211             | 1    | yes    | ret_V_110      | mul | dsp48  | 3       |
|     mac_muladd_8s_8s_32s_32_4_1_U1211             | 1    |        | add_ln840_110  | add | dsp48  | 3       |
|     mac_muladd_8s_8s_32s_32_4_1_U1212             | 1    | yes    | ret_V_111      | mul | dsp48  | 3       |
|     mac_muladd_8s_8s_32s_32_4_1_U1212             | 1    |        | add_ln840_111  | add | dsp48  | 3       |
|     mac_muladd_8s_8s_32s_32_4_1_U1213             | 1    | yes    | ret_V_112      | mul | dsp48  | 3       |
|     mac_muladd_8s_8s_32s_32_4_1_U1213             | 1    |        | add_ln840_112  | add | dsp48  | 3       |
|     mac_muladd_8s_8s_32s_32_4_1_U1214             | 1    | yes    | ret_V_113      | mul | dsp48  | 3       |
|     mac_muladd_8s_8s_32s_32_4_1_U1214             | 1    |        | add_ln840_113  | add | dsp48  | 3       |
|     mac_muladd_8s_8s_32s_32_4_1_U1215             | 1    | yes    | ret_V_114      | mul | dsp48  | 3       |
|     mac_muladd_8s_8s_32s_32_4_1_U1215             | 1    |        | add_ln840_114  | add | dsp48  | 3       |
|     mac_muladd_8s_8s_32s_32_4_1_U1216             | 1    | yes    | ret_V_115      | mul | dsp48  | 3       |
|     mac_muladd_8s_8s_32s_32_4_1_U1216             | 1    |        | add_ln840_115  | add | dsp48  | 3       |
|     mac_muladd_8s_8s_32s_32_4_1_U1217             | 1    | yes    | ret_V_116      | mul | dsp48  | 3       |
|     mac_muladd_8s_8s_32s_32_4_1_U1217             | 1    |        | add_ln840_116  | add | dsp48  | 3       |
|     mac_muladd_8s_8s_32s_32_4_1_U1218             | 1    | yes    | ret_V_117      | mul | dsp48  | 3       |
|     mac_muladd_8s_8s_32s_32_4_1_U1218             | 1    |        | add_ln840_117  | add | dsp48  | 3       |
|     mac_muladd_8s_8s_32s_32_4_1_U1219             | 1    | yes    | ret_V_118      | mul | dsp48  | 3       |
|     mac_muladd_8s_8s_32s_32_4_1_U1219             | 1    |        | add_ln840_118  | add | dsp48  | 3       |
|     mac_muladd_8s_8s_32s_32_4_1_U1220             | 1    | yes    | ret_V_119      | mul | dsp48  | 3       |
|     mac_muladd_8s_8s_32s_32_4_1_U1220             | 1    |        | add_ln840_119  | add | dsp48  | 3       |
|     mac_muladd_8s_8s_32s_32_4_1_U1221             | 1    | yes    | ret_V_120      | mul | dsp48  | 3       |
|     mac_muladd_8s_8s_32s_32_4_1_U1221             | 1    |        | add_ln840_120  | add | dsp48  | 3       |
|     mac_muladd_8s_8s_32s_32_4_1_U1222             | 1    | yes    | ret_V_121      | mul | dsp48  | 3       |
|     mac_muladd_8s_8s_32s_32_4_1_U1222             | 1    |        | add_ln840_121  | add | dsp48  | 3       |
|     mac_muladd_8s_8s_32s_32_4_1_U1223             | 1    | yes    | ret_V_122      | mul | dsp48  | 3       |
|     mac_muladd_8s_8s_32s_32_4_1_U1223             | 1    |        | add_ln840_122  | add | dsp48  | 3       |
|     mac_muladd_8s_8s_32s_32_4_1_U1224             | 1    | yes    | ret_V_123      | mul | dsp48  | 3       |
|     mac_muladd_8s_8s_32s_32_4_1_U1224             | 1    |        | add_ln840_123  | add | dsp48  | 3       |
|     mac_muladd_8s_8s_32s_32_4_1_U1225             | 1    | yes    | ret_V_124      | mul | dsp48  | 3       |
|     mac_muladd_8s_8s_32s_32_4_1_U1225             | 1    |        | add_ln840_124  | add | dsp48  | 3       |
|     mac_muladd_8s_8s_32s_32_4_1_U1226             | 1    | yes    | ret_V_125      | mul | dsp48  | 3       |
|     mac_muladd_8s_8s_32s_32_4_1_U1226             | 1    |        | add_ln840_125  | add | dsp48  | 3       |
|     mac_muladd_8s_8s_32s_32_4_1_U1227             | 1    | yes    | ret_V_126      | mul | dsp48  | 3       |
|     mac_muladd_8s_8s_32s_32_4_1_U1227             | 1    |        | add_ln840_126  | add | dsp48  | 3       |
|     mac_muladd_8s_8s_32s_32_4_1_U1228             | 1    | yes    | ret_V_127      | mul | dsp48  | 3       |
|     mac_muladd_8s_8s_32s_32_4_1_U1228             | 1    |        | add_ln840_127  | add | dsp48  | 3       |
|     mac_muladd_8s_8s_32s_32_4_1_U1229             | 1    | yes    | ret_V_128      | mul | dsp48  | 3       |
|     mac_muladd_8s_8s_32s_32_4_1_U1229             | 1    |        | add_ln840_128  | add | dsp48  | 3       |
|     mac_muladd_8s_8s_32s_32_4_1_U1230             | 1    | yes    | ret_V_129      | mul | dsp48  | 3       |
|     mac_muladd_8s_8s_32s_32_4_1_U1230             | 1    |        | add_ln840_129  | add | dsp48  | 3       |
|     mac_muladd_8s_8s_32s_32_4_1_U1231             | 1    | yes    | ret_V_130      | mul | dsp48  | 3       |
|     mac_muladd_8s_8s_32s_32_4_1_U1231             | 1    |        | add_ln840_130  | add | dsp48  | 3       |
|     mac_muladd_8s_8s_32s_32_4_1_U1232             | 1    | yes    | ret_V_131      | mul | dsp48  | 3       |
|     mac_muladd_8s_8s_32s_32_4_1_U1232             | 1    |        | add_ln840_131  | add | dsp48  | 3       |
|     mac_muladd_8s_8s_32s_32_4_1_U1233             | 1    | yes    | ret_V_132      | mul | dsp48  | 3       |
|     mac_muladd_8s_8s_32s_32_4_1_U1233             | 1    |        | add_ln840_132  | add | dsp48  | 3       |
|     mac_muladd_8s_8s_32s_32_4_1_U1234             | 1    | yes    | ret_V_133      | mul | dsp48  | 3       |
|     mac_muladd_8s_8s_32s_32_4_1_U1234             | 1    |        | add_ln840_133  | add | dsp48  | 3       |
|     mac_muladd_8s_8s_32s_32_4_1_U1235             | 1    | yes    | ret_V_134      | mul | dsp48  | 3       |
|     mac_muladd_8s_8s_32s_32_4_1_U1235             | 1    |        | add_ln840_134  | add | dsp48  | 3       |
|     mac_muladd_8s_8s_32s_32_4_1_U1236             | 1    | yes    | ret_V_135      | mul | dsp48  | 3       |
|     mac_muladd_8s_8s_32s_32_4_1_U1236             | 1    |        | add_ln840_135  | add | dsp48  | 3       |
|     mac_muladd_8s_8s_32s_32_4_1_U1237             | 1    | yes    | ret_V_136      | mul | dsp48  | 3       |
|     mac_muladd_8s_8s_32s_32_4_1_U1237             | 1    |        | add_ln840_136  | add | dsp48  | 3       |
|     mac_muladd_8s_8s_32s_32_4_1_U1238             | 1    | yes    | ret_V_137      | mul | dsp48  | 3       |
|     mac_muladd_8s_8s_32s_32_4_1_U1238             | 1    |        | add_ln840_137  | add | dsp48  | 3       |
|     mac_muladd_8s_8s_32s_32_4_1_U1239             | 1    | yes    | ret_V_138      | mul | dsp48  | 3       |
|     mac_muladd_8s_8s_32s_32_4_1_U1239             | 1    |        | add_ln840_138  | add | dsp48  | 3       |
|     mac_muladd_8s_8s_32s_32_4_1_U1240             | 1    | yes    | ret_V_139      | mul | dsp48  | 3       |
|     mac_muladd_8s_8s_32s_32_4_1_U1240             | 1    |        | add_ln840_139  | add | dsp48  | 3       |
|     mac_muladd_8s_8s_32s_32_4_1_U1241             | 1    | yes    | ret_V_140      | mul | dsp48  | 3       |
|     mac_muladd_8s_8s_32s_32_4_1_U1241             | 1    |        | add_ln840_140  | add | dsp48  | 3       |
|     mac_muladd_8s_8s_32s_32_4_1_U1242             | 1    | yes    | ret_V_141      | mul | dsp48  | 3       |
|     mac_muladd_8s_8s_32s_32_4_1_U1242             | 1    |        | add_ln840_141  | add | dsp48  | 3       |
|     mac_muladd_8s_8s_32s_32_4_1_U1243             | 1    | yes    | ret_V_142      | mul | dsp48  | 3       |
|     mac_muladd_8s_8s_32s_32_4_1_U1243             | 1    |        | add_ln840_142  | add | dsp48  | 3       |
|     mac_muladd_8s_8s_32s_32_4_1_U1244             | 1    | yes    | ret_V_143      | mul | dsp48  | 3       |
|     mac_muladd_8s_8s_32s_32_4_1_U1244             | 1    |        | add_ln840_143  | add | dsp48  | 3       |
|     mac_muladd_8s_8s_32s_32_4_1_U1245             | 1    | yes    | ret_V_144      | mul | dsp48  | 3       |
|     mac_muladd_8s_8s_32s_32_4_1_U1245             | 1    |        | add_ln840_144  | add | dsp48  | 3       |
|     mac_muladd_8s_8s_32s_32_4_1_U1246             | 1    | yes    | ret_V_145      | mul | dsp48  | 3       |
|     mac_muladd_8s_8s_32s_32_4_1_U1246             | 1    |        | add_ln840_145  | add | dsp48  | 3       |
|     mac_muladd_8s_8s_32s_32_4_1_U1247             | 1    | yes    | ret_V_146      | mul | dsp48  | 3       |
|     mac_muladd_8s_8s_32s_32_4_1_U1247             | 1    |        | add_ln840_146  | add | dsp48  | 3       |
|     mac_muladd_8s_8s_32s_32_4_1_U1248             | 1    | yes    | ret_V_147      | mul | dsp48  | 3       |
|     mac_muladd_8s_8s_32s_32_4_1_U1248             | 1    |        | add_ln840_147  | add | dsp48  | 3       |
|     mac_muladd_8s_8s_32s_32_4_1_U1249             | 1    | yes    | ret_V_148      | mul | dsp48  | 3       |
|     mac_muladd_8s_8s_32s_32_4_1_U1249             | 1    |        | add_ln840_148  | add | dsp48  | 3       |
|     mac_muladd_8s_8s_32s_32_4_1_U1250             | 1    | yes    | ret_V_149      | mul | dsp48  | 3       |
|     mac_muladd_8s_8s_32s_32_4_1_U1250             | 1    |        | add_ln840_149  | add | dsp48  | 3       |
|     mac_muladd_8s_8s_32s_32_4_1_U1251             | 1    | yes    | ret_V_150      | mul | dsp48  | 3       |
|     mac_muladd_8s_8s_32s_32_4_1_U1251             | 1    |        | add_ln840_150  | add | dsp48  | 3       |
|     mac_muladd_8s_8s_32s_32_4_1_U1252             | 1    | yes    | ret_V_151      | mul | dsp48  | 3       |
|     mac_muladd_8s_8s_32s_32_4_1_U1252             | 1    |        | add_ln840_151  | add | dsp48  | 3       |
|     mac_muladd_8s_8s_32s_32_4_1_U1253             | 1    | yes    | ret_V_152      | mul | dsp48  | 3       |
|     mac_muladd_8s_8s_32s_32_4_1_U1253             | 1    |        | add_ln840_152  | add | dsp48  | 3       |
|     mac_muladd_8s_8s_32s_32_4_1_U1254             | 1    | yes    | ret_V_153      | mul | dsp48  | 3       |
|     mac_muladd_8s_8s_32s_32_4_1_U1254             | 1    |        | add_ln840_153  | add | dsp48  | 3       |
|     mac_muladd_8s_8s_32s_32_4_1_U1255             | 1    | yes    | ret_V_154      | mul | dsp48  | 3       |
|     mac_muladd_8s_8s_32s_32_4_1_U1255             | 1    |        | add_ln840_154  | add | dsp48  | 3       |
|     mac_muladd_8s_8s_32s_32_4_1_U1256             | 1    | yes    | ret_V_155      | mul | dsp48  | 3       |
|     mac_muladd_8s_8s_32s_32_4_1_U1256             | 1    |        | add_ln840_155  | add | dsp48  | 3       |
|     mac_muladd_8s_8s_32s_32_4_1_U1257             | 1    | yes    | ret_V_156      | mul | dsp48  | 3       |
|     mac_muladd_8s_8s_32s_32_4_1_U1257             | 1    |        | add_ln840_156  | add | dsp48  | 3       |
|     mac_muladd_8s_8s_32s_32_4_1_U1258             | 1    | yes    | ret_V_157      | mul | dsp48  | 3       |
|     mac_muladd_8s_8s_32s_32_4_1_U1258             | 1    |        | add_ln840_157  | add | dsp48  | 3       |
|     mac_muladd_8s_8s_32s_32_4_1_U1259             | 1    | yes    | ret_V_158      | mul | dsp48  | 3       |
|     mac_muladd_8s_8s_32s_32_4_1_U1259             | 1    |        | add_ln840_158  | add | dsp48  | 3       |
|     mac_muladd_8s_8s_32s_32_4_1_U1260             | 1    | yes    | ret_V_159      | mul | dsp48  | 3       |
|     mac_muladd_8s_8s_32s_32_4_1_U1260             | 1    |        | add_ln840_159  | add | dsp48  | 3       |
|     mac_muladd_8s_8s_32s_32_4_1_U1261             | 1    | yes    | ret_V_160      | mul | dsp48  | 3       |
|     mac_muladd_8s_8s_32s_32_4_1_U1261             | 1    |        | add_ln840_160  | add | dsp48  | 3       |
|     mac_muladd_8s_8s_32s_32_4_1_U1262             | 1    | yes    | ret_V_161      | mul | dsp48  | 3       |
|     mac_muladd_8s_8s_32s_32_4_1_U1262             | 1    |        | add_ln840_161  | add | dsp48  | 3       |
|     mac_muladd_8s_8s_32s_32_4_1_U1263             | 1    | yes    | ret_V_162      | mul | dsp48  | 3       |
|     mac_muladd_8s_8s_32s_32_4_1_U1263             | 1    |        | add_ln840_162  | add | dsp48  | 3       |
|     mac_muladd_8s_8s_32s_32_4_1_U1264             | 1    | yes    | ret_V_163      | mul | dsp48  | 3       |
|     mac_muladd_8s_8s_32s_32_4_1_U1264             | 1    |        | add_ln840_163  | add | dsp48  | 3       |
|     mac_muladd_8s_8s_32s_32_4_1_U1265             | 1    | yes    | ret_V_164      | mul | dsp48  | 3       |
|     mac_muladd_8s_8s_32s_32_4_1_U1265             | 1    |        | add_ln840_164  | add | dsp48  | 3       |
|     mac_muladd_8s_8s_32s_32_4_1_U1266             | 1    | yes    | ret_V_165      | mul | dsp48  | 3       |
|     mac_muladd_8s_8s_32s_32_4_1_U1266             | 1    |        | add_ln840_165  | add | dsp48  | 3       |
|     mac_muladd_8s_8s_32s_32_4_1_U1267             | 1    | yes    | ret_V_166      | mul | dsp48  | 3       |
|     mac_muladd_8s_8s_32s_32_4_1_U1267             | 1    |        | add_ln840_166  | add | dsp48  | 3       |
|     mac_muladd_8s_8s_32s_32_4_1_U1268             | 1    | yes    | ret_V_167      | mul | dsp48  | 3       |
|     mac_muladd_8s_8s_32s_32_4_1_U1268             | 1    |        | add_ln840_167  | add | dsp48  | 3       |
|     mac_muladd_8s_8s_32s_32_4_1_U1269             | 1    | yes    | ret_V_168      | mul | dsp48  | 3       |
|     mac_muladd_8s_8s_32s_32_4_1_U1269             | 1    |        | add_ln840_168  | add | dsp48  | 3       |
|     mac_muladd_8s_8s_32s_32_4_1_U1270             | 1    | yes    | ret_V_169      | mul | dsp48  | 3       |
|     mac_muladd_8s_8s_32s_32_4_1_U1270             | 1    |        | add_ln840_169  | add | dsp48  | 3       |
|     mac_muladd_8s_8s_32s_32_4_1_U1271             | 1    | yes    | ret_V_170      | mul | dsp48  | 3       |
|     mac_muladd_8s_8s_32s_32_4_1_U1271             | 1    |        | add_ln840_170  | add | dsp48  | 3       |
|     mac_muladd_8s_8s_32s_32_4_1_U1272             | 1    | yes    | ret_V_171      | mul | dsp48  | 3       |
|     mac_muladd_8s_8s_32s_32_4_1_U1272             | 1    |        | add_ln840_171  | add | dsp48  | 3       |
|     mac_muladd_8s_8s_32s_32_4_1_U1273             | 1    | yes    | ret_V_172      | mul | dsp48  | 3       |
|     mac_muladd_8s_8s_32s_32_4_1_U1273             | 1    |        | add_ln840_172  | add | dsp48  | 3       |
|     mac_muladd_8s_8s_32s_32_4_1_U1274             | 1    | yes    | ret_V_173      | mul | dsp48  | 3       |
|     mac_muladd_8s_8s_32s_32_4_1_U1274             | 1    |        | add_ln840_173  | add | dsp48  | 3       |
|     mac_muladd_8s_8s_32s_32_4_1_U1275             | 1    | yes    | ret_V_174      | mul | dsp48  | 3       |
|     mac_muladd_8s_8s_32s_32_4_1_U1275             | 1    |        | add_ln840_174  | add | dsp48  | 3       |
|     mac_muladd_8s_8s_32s_32_4_1_U1276             | 1    | yes    | ret_V_175      | mul | dsp48  | 3       |
|     mac_muladd_8s_8s_32s_32_4_1_U1276             | 1    |        | add_ln840_175  | add | dsp48  | 3       |
|     mac_muladd_8s_8s_32s_32_4_1_U1277             | 1    | yes    | ret_V_176      | mul | dsp48  | 3       |
|     mac_muladd_8s_8s_32s_32_4_1_U1277             | 1    |        | add_ln840_176  | add | dsp48  | 3       |
|     mac_muladd_8s_8s_32s_32_4_1_U1278             | 1    | yes    | ret_V_177      | mul | dsp48  | 3       |
|     mac_muladd_8s_8s_32s_32_4_1_U1278             | 1    |        | add_ln840_177  | add | dsp48  | 3       |
|     mac_muladd_8s_8s_32s_32_4_1_U1279             | 1    | yes    | ret_V_178      | mul | dsp48  | 3       |
|     mac_muladd_8s_8s_32s_32_4_1_U1279             | 1    |        | add_ln840_178  | add | dsp48  | 3       |
|     mac_muladd_8s_8s_32s_32_4_1_U1280             | 1    | yes    | ret_V_179      | mul | dsp48  | 3       |
|     mac_muladd_8s_8s_32s_32_4_1_U1280             | 1    |        | add_ln840_179  | add | dsp48  | 3       |
|     mac_muladd_8s_8s_32s_32_4_1_U1281             | 1    | yes    | ret_V_180      | mul | dsp48  | 3       |
|     mac_muladd_8s_8s_32s_32_4_1_U1281             | 1    |        | add_ln840_180  | add | dsp48  | 3       |
|     mac_muladd_8s_8s_32s_32_4_1_U1282             | 1    | yes    | ret_V_181      | mul | dsp48  | 3       |
|     mac_muladd_8s_8s_32s_32_4_1_U1282             | 1    |        | add_ln840_181  | add | dsp48  | 3       |
|     mac_muladd_8s_8s_32s_32_4_1_U1283             | 1    | yes    | ret_V_182      | mul | dsp48  | 3       |
|     mac_muladd_8s_8s_32s_32_4_1_U1283             | 1    |        | add_ln840_182  | add | dsp48  | 3       |
|     mac_muladd_8s_8s_32s_32_4_1_U1284             | 1    | yes    | ret_V_183      | mul | dsp48  | 3       |
|     mac_muladd_8s_8s_32s_32_4_1_U1284             | 1    |        | add_ln840_183  | add | dsp48  | 3       |
|     mac_muladd_8s_8s_32s_32_4_1_U1285             | 1    | yes    | ret_V_184      | mul | dsp48  | 3       |
|     mac_muladd_8s_8s_32s_32_4_1_U1285             | 1    |        | add_ln840_184  | add | dsp48  | 3       |
|     mac_muladd_8s_8s_32s_32_4_1_U1286             | 1    | yes    | ret_V_185      | mul | dsp48  | 3       |
|     mac_muladd_8s_8s_32s_32_4_1_U1286             | 1    |        | add_ln840_185  | add | dsp48  | 3       |
|     mac_muladd_8s_8s_32s_32_4_1_U1287             | 1    | yes    | ret_V_186      | mul | dsp48  | 3       |
|     mac_muladd_8s_8s_32s_32_4_1_U1287             | 1    |        | add_ln840_186  | add | dsp48  | 3       |
|     mac_muladd_8s_8s_32s_32_4_1_U1288             | 1    | yes    | ret_V_187      | mul | dsp48  | 3       |
|     mac_muladd_8s_8s_32s_32_4_1_U1288             | 1    |        | add_ln840_187  | add | dsp48  | 3       |
|     mac_muladd_8s_8s_32s_32_4_1_U1289             | 1    | yes    | ret_V_188      | mul | dsp48  | 3       |
|     mac_muladd_8s_8s_32s_32_4_1_U1289             | 1    |        | add_ln840_188  | add | dsp48  | 3       |
|     mac_muladd_8s_8s_32s_32_4_1_U1290             | 1    | yes    | ret_V_189      | mul | dsp48  | 3       |
|     mac_muladd_8s_8s_32s_32_4_1_U1290             | 1    |        | add_ln840_189  | add | dsp48  | 3       |
|     mac_muladd_8s_8s_32s_32_4_1_U1291             | 1    | yes    | ret_V_190      | mul | dsp48  | 3       |
|     mac_muladd_8s_8s_32s_32_4_1_U1291             | 1    |        | add_ln840_190  | add | dsp48  | 3       |
|     mac_muladd_8s_8s_32s_32_4_1_U1292             | 1    | yes    | ret_V_191      | mul | dsp48  | 3       |
|     mac_muladd_8s_8s_32s_32_4_1_U1292             | 1    |        | add_ln840_191  | add | dsp48  | 3       |
|     mac_muladd_8s_8s_32s_32_4_1_U1293             | 1    | yes    | ret_V_192      | mul | dsp48  | 3       |
|     mac_muladd_8s_8s_32s_32_4_1_U1293             | 1    |        | add_ln840_192  | add | dsp48  | 3       |
|     mac_muladd_8s_8s_32s_32_4_1_U1294             | 1    | yes    | ret_V_193      | mul | dsp48  | 3       |
|     mac_muladd_8s_8s_32s_32_4_1_U1294             | 1    |        | add_ln840_193  | add | dsp48  | 3       |
|     mac_muladd_8s_8s_32s_32_4_1_U1295             | 1    | yes    | ret_V_194      | mul | dsp48  | 3       |
|     mac_muladd_8s_8s_32s_32_4_1_U1295             | 1    |        | add_ln840_194  | add | dsp48  | 3       |
|     mac_muladd_8s_8s_32s_32_4_1_U1296             | 1    | yes    | ret_V_195      | mul | dsp48  | 3       |
|     mac_muladd_8s_8s_32s_32_4_1_U1296             | 1    |        | add_ln840_195  | add | dsp48  | 3       |
|     mac_muladd_8s_8s_32s_32_4_1_U1297             | 1    | yes    | ret_V_196      | mul | dsp48  | 3       |
|     mac_muladd_8s_8s_32s_32_4_1_U1297             | 1    |        | add_ln840_196  | add | dsp48  | 3       |
|     mac_muladd_8s_8s_32s_32_4_1_U1298             | 1    | yes    | ret_V_197      | mul | dsp48  | 3       |
|     mac_muladd_8s_8s_32s_32_4_1_U1298             | 1    |        | add_ln840_197  | add | dsp48  | 3       |
|     mac_muladd_8s_8s_32s_32_4_1_U1299             | 1    | yes    | ret_V_198      | mul | dsp48  | 3       |
|     mac_muladd_8s_8s_32s_32_4_1_U1299             | 1    |        | add_ln840_198  | add | dsp48  | 3       |
|     mac_muladd_8s_8s_32s_32_4_1_U1300             | 1    | yes    | ret_V_199      | mul | dsp48  | 3       |
|     mac_muladd_8s_8s_32s_32_4_1_U1300             | 1    |        | add_ln840_199  | add | dsp48  | 3       |
|     mac_muladd_8s_8s_32s_32_4_1_U1301             | 1    | yes    | ret_V_200      | mul | dsp48  | 3       |
|     mac_muladd_8s_8s_32s_32_4_1_U1301             | 1    |        | add_ln840_200  | add | dsp48  | 3       |
|     mac_muladd_8s_8s_32s_32_4_1_U1302             | 1    | yes    | ret_V_201      | mul | dsp48  | 3       |
|     mac_muladd_8s_8s_32s_32_4_1_U1302             | 1    |        | add_ln840_201  | add | dsp48  | 3       |
|     mac_muladd_8s_8s_32s_32_4_1_U1303             | 1    | yes    | ret_V_202      | mul | dsp48  | 3       |
|     mac_muladd_8s_8s_32s_32_4_1_U1303             | 1    |        | add_ln840_202  | add | dsp48  | 3       |
|     mac_muladd_8s_8s_32s_32_4_1_U1304             | 1    | yes    | ret_V_203      | mul | dsp48  | 3       |
|     mac_muladd_8s_8s_32s_32_4_1_U1304             | 1    |        | add_ln840_203  | add | dsp48  | 3       |
|     mac_muladd_8s_8s_32s_32_4_1_U1305             | 1    | yes    | ret_V_204      | mul | dsp48  | 3       |
|     mac_muladd_8s_8s_32s_32_4_1_U1305             | 1    |        | add_ln840_204  | add | dsp48  | 3       |
|     mac_muladd_8s_8s_32s_32_4_1_U1306             | 1    | yes    | ret_V_205      | mul | dsp48  | 3       |
|     mac_muladd_8s_8s_32s_32_4_1_U1306             | 1    |        | add_ln840_205  | add | dsp48  | 3       |
|     mac_muladd_8s_8s_32s_32_4_1_U1307             | 1    | yes    | ret_V_206      | mul | dsp48  | 3       |
|     mac_muladd_8s_8s_32s_32_4_1_U1307             | 1    |        | add_ln840_206  | add | dsp48  | 3       |
|     mac_muladd_8s_8s_32s_32_4_1_U1308             | 1    | yes    | ret_V_207      | mul | dsp48  | 3       |
|     mac_muladd_8s_8s_32s_32_4_1_U1308             | 1    |        | add_ln840_207  | add | dsp48  | 3       |
|     mac_muladd_8s_8s_32s_32_4_1_U1309             | 1    | yes    | ret_V_208      | mul | dsp48  | 3       |
|     mac_muladd_8s_8s_32s_32_4_1_U1309             | 1    |        | add_ln840_208  | add | dsp48  | 3       |
|     mac_muladd_8s_8s_32s_32_4_1_U1310             | 1    | yes    | ret_V_209      | mul | dsp48  | 3       |
|     mac_muladd_8s_8s_32s_32_4_1_U1310             | 1    |        | add_ln840_209  | add | dsp48  | 3       |
|     mac_muladd_8s_8s_32s_32_4_1_U1311             | 1    | yes    | ret_V_210      | mul | dsp48  | 3       |
|     mac_muladd_8s_8s_32s_32_4_1_U1311             | 1    |        | add_ln840_210  | add | dsp48  | 3       |
|     mac_muladd_8s_8s_32s_32_4_1_U1312             | 1    | yes    | ret_V_211      | mul | dsp48  | 3       |
|     mac_muladd_8s_8s_32s_32_4_1_U1312             | 1    |        | add_ln840_211  | add | dsp48  | 3       |
|     mac_muladd_8s_8s_32s_32_4_1_U1313             | 1    | yes    | ret_V_212      | mul | dsp48  | 3       |
|     mac_muladd_8s_8s_32s_32_4_1_U1313             | 1    |        | add_ln840_212  | add | dsp48  | 3       |
|     mac_muladd_8s_8s_32s_32_4_1_U1314             | 1    | yes    | ret_V_213      | mul | dsp48  | 3       |
|     mac_muladd_8s_8s_32s_32_4_1_U1314             | 1    |        | add_ln840_213  | add | dsp48  | 3       |
|     mac_muladd_8s_8s_32s_32_4_1_U1315             | 1    | yes    | ret_V_214      | mul | dsp48  | 3       |
|     mac_muladd_8s_8s_32s_32_4_1_U1315             | 1    |        | add_ln840_214  | add | dsp48  | 3       |
|     mac_muladd_8s_8s_32s_32_4_1_U1316             | 1    | yes    | ret_V_215      | mul | dsp48  | 3       |
|     mac_muladd_8s_8s_32s_32_4_1_U1316             | 1    |        | add_ln840_215  | add | dsp48  | 3       |
|     mac_muladd_8s_8s_32s_32_4_1_U1317             | 1    | yes    | ret_V_216      | mul | dsp48  | 3       |
|     mac_muladd_8s_8s_32s_32_4_1_U1317             | 1    |        | add_ln840_216  | add | dsp48  | 3       |
|     mac_muladd_8s_8s_32s_32_4_1_U1318             | 1    | yes    | ret_V_217      | mul | dsp48  | 3       |
|     mac_muladd_8s_8s_32s_32_4_1_U1318             | 1    |        | add_ln840_217  | add | dsp48  | 3       |
|     mac_muladd_8s_8s_32s_32_4_1_U1319             | 1    | yes    | ret_V_218      | mul | dsp48  | 3       |
|     mac_muladd_8s_8s_32s_32_4_1_U1319             | 1    |        | add_ln840_218  | add | dsp48  | 3       |
|     mac_muladd_8s_8s_32s_32_4_1_U1320             | 1    | yes    | ret_V_219      | mul | dsp48  | 3       |
|     mac_muladd_8s_8s_32s_32_4_1_U1320             | 1    |        | add_ln840_219  | add | dsp48  | 3       |
|     mac_muladd_8s_8s_32s_32_4_1_U1321             | 1    | yes    | ret_V_220      | mul | dsp48  | 3       |
|     mac_muladd_8s_8s_32s_32_4_1_U1321             | 1    |        | add_ln840_220  | add | dsp48  | 3       |
|     mac_muladd_8s_8s_32s_32_4_1_U1322             | 1    | yes    | ret_V_221      | mul | dsp48  | 3       |
|     mac_muladd_8s_8s_32s_32_4_1_U1322             | 1    |        | add_ln840_221  | add | dsp48  | 3       |
|     mac_muladd_8s_8s_32s_32_4_1_U1323             | 1    | yes    | ret_V_222      | mul | dsp48  | 3       |
|     mac_muladd_8s_8s_32s_32_4_1_U1323             | 1    |        | add_ln840_222  | add | dsp48  | 3       |
|     mac_muladd_8s_8s_32s_32_4_1_U1324             | 1    | yes    | ret_V_223      | mul | dsp48  | 3       |
|     mac_muladd_8s_8s_32s_32_4_1_U1324             | 1    |        | add_ln840_223  | add | dsp48  | 3       |
|     mac_muladd_8s_8s_32s_32_4_1_U1325             | 1    | yes    | ret_V_224      | mul | dsp48  | 3       |
|     mac_muladd_8s_8s_32s_32_4_1_U1325             | 1    |        | add_ln840_224  | add | dsp48  | 3       |
|     mac_muladd_8s_8s_32s_32_4_1_U1326             | 1    | yes    | ret_V_225      | mul | dsp48  | 3       |
|     mac_muladd_8s_8s_32s_32_4_1_U1326             | 1    |        | add_ln840_225  | add | dsp48  | 3       |
|     mac_muladd_8s_8s_32s_32_4_1_U1327             | 1    | yes    | ret_V_226      | mul | dsp48  | 3       |
|     mac_muladd_8s_8s_32s_32_4_1_U1327             | 1    |        | add_ln840_226  | add | dsp48  | 3       |
|     mac_muladd_8s_8s_32s_32_4_1_U1328             | 1    | yes    | ret_V_227      | mul | dsp48  | 3       |
|     mac_muladd_8s_8s_32s_32_4_1_U1328             | 1    |        | add_ln840_227  | add | dsp48  | 3       |
|     mac_muladd_8s_8s_32s_32_4_1_U1329             | 1    | yes    | ret_V_228      | mul | dsp48  | 3       |
|     mac_muladd_8s_8s_32s_32_4_1_U1329             | 1    |        | add_ln840_228  | add | dsp48  | 3       |
|     mac_muladd_8s_8s_32s_32_4_1_U1330             | 1    | yes    | ret_V_229      | mul | dsp48  | 3       |
|     mac_muladd_8s_8s_32s_32_4_1_U1330             | 1    |        | add_ln840_229  | add | dsp48  | 3       |
|     mac_muladd_8s_8s_32s_32_4_1_U1331             | 1    | yes    | ret_V_230      | mul | dsp48  | 3       |
|     mac_muladd_8s_8s_32s_32_4_1_U1331             | 1    |        | add_ln840_230  | add | dsp48  | 3       |
|     mac_muladd_8s_8s_32s_32_4_1_U1332             | 1    | yes    | ret_V_231      | mul | dsp48  | 3       |
|     mac_muladd_8s_8s_32s_32_4_1_U1332             | 1    |        | add_ln840_231  | add | dsp48  | 3       |
|     mac_muladd_8s_8s_32s_32_4_1_U1333             | 1    | yes    | ret_V_232      | mul | dsp48  | 3       |
|     mac_muladd_8s_8s_32s_32_4_1_U1333             | 1    |        | add_ln840_232  | add | dsp48  | 3       |
|     mac_muladd_8s_8s_32s_32_4_1_U1334             | 1    | yes    | ret_V_233      | mul | dsp48  | 3       |
|     mac_muladd_8s_8s_32s_32_4_1_U1334             | 1    |        | add_ln840_233  | add | dsp48  | 3       |
|     mac_muladd_8s_8s_32s_32_4_1_U1335             | 1    | yes    | ret_V_234      | mul | dsp48  | 3       |
|     mac_muladd_8s_8s_32s_32_4_1_U1335             | 1    |        | add_ln840_234  | add | dsp48  | 3       |
|     mac_muladd_8s_8s_32s_32_4_1_U1336             | 1    | yes    | ret_V_235      | mul | dsp48  | 3       |
|     mac_muladd_8s_8s_32s_32_4_1_U1336             | 1    |        | add_ln840_235  | add | dsp48  | 3       |
|     mac_muladd_8s_8s_32s_32_4_1_U1337             | 1    | yes    | ret_V_236      | mul | dsp48  | 3       |
|     mac_muladd_8s_8s_32s_32_4_1_U1337             | 1    |        | add_ln840_236  | add | dsp48  | 3       |
|     mac_muladd_8s_8s_32s_32_4_1_U1338             | 1    | yes    | ret_V_237      | mul | dsp48  | 3       |
|     mac_muladd_8s_8s_32s_32_4_1_U1338             | 1    |        | add_ln840_237  | add | dsp48  | 3       |
|     mac_muladd_8s_8s_32s_32_4_1_U1339             | 1    | yes    | ret_V_238      | mul | dsp48  | 3       |
|     mac_muladd_8s_8s_32s_32_4_1_U1339             | 1    |        | add_ln840_238  | add | dsp48  | 3       |
|     mac_muladd_8s_8s_32s_32_4_1_U1340             | 1    | yes    | ret_V_239      | mul | dsp48  | 3       |
|     mac_muladd_8s_8s_32s_32_4_1_U1340             | 1    |        | add_ln840_239  | add | dsp48  | 3       |
|     mac_muladd_8s_8s_32s_32_4_1_U1341             | 1    | yes    | ret_V_240      | mul | dsp48  | 3       |
|     mac_muladd_8s_8s_32s_32_4_1_U1341             | 1    |        | add_ln840_240  | add | dsp48  | 3       |
|     mac_muladd_8s_8s_32s_32_4_1_U1342             | 1    | yes    | ret_V_241      | mul | dsp48  | 3       |
|     mac_muladd_8s_8s_32s_32_4_1_U1342             | 1    |        | add_ln840_241  | add | dsp48  | 3       |
|     mac_muladd_8s_8s_32s_32_4_1_U1343             | 1    | yes    | ret_V_242      | mul | dsp48  | 3       |
|     mac_muladd_8s_8s_32s_32_4_1_U1343             | 1    |        | add_ln840_242  | add | dsp48  | 3       |
|     mac_muladd_8s_8s_32s_32_4_1_U1344             | 1    | yes    | ret_V_243      | mul | dsp48  | 3       |
|     mac_muladd_8s_8s_32s_32_4_1_U1344             | 1    |        | add_ln840_243  | add | dsp48  | 3       |
|     mac_muladd_8s_8s_32s_32_4_1_U1345             | 1    | yes    | ret_V_244      | mul | dsp48  | 3       |
|     mac_muladd_8s_8s_32s_32_4_1_U1345             | 1    |        | add_ln840_244  | add | dsp48  | 3       |
|     mac_muladd_8s_8s_32s_32_4_1_U1346             | 1    | yes    | ret_V_245      | mul | dsp48  | 3       |
|     mac_muladd_8s_8s_32s_32_4_1_U1346             | 1    |        | add_ln840_245  | add | dsp48  | 3       |
|     mac_muladd_8s_8s_32s_32_4_1_U1347             | 1    | yes    | ret_V_246      | mul | dsp48  | 3       |
|     mac_muladd_8s_8s_32s_32_4_1_U1347             | 1    |        | add_ln840_246  | add | dsp48  | 3       |
|     mac_muladd_8s_8s_32s_32_4_1_U1348             | 1    | yes    | ret_V_247      | mul | dsp48  | 3       |
|     mac_muladd_8s_8s_32s_32_4_1_U1348             | 1    |        | add_ln840_247  | add | dsp48  | 3       |
|     mac_muladd_8s_8s_32s_32_4_1_U1349             | 1    | yes    | ret_V_248      | mul | dsp48  | 3       |
|     mac_muladd_8s_8s_32s_32_4_1_U1349             | 1    |        | add_ln840_248  | add | dsp48  | 3       |
|     mac_muladd_8s_8s_32s_32_4_1_U1350             | 1    | yes    | ret_V_249      | mul | dsp48  | 3       |
|     mac_muladd_8s_8s_32s_32_4_1_U1350             | 1    |        | add_ln840_249  | add | dsp48  | 3       |
|     mac_muladd_8s_8s_32s_32_4_1_U1351             | 1    | yes    | ret_V_250      | mul | dsp48  | 3       |
|     mac_muladd_8s_8s_32s_32_4_1_U1351             | 1    |        | add_ln840_250  | add | dsp48  | 3       |
|     mac_muladd_8s_8s_32s_32_4_1_U1352             | 1    | yes    | ret_V_251      | mul | dsp48  | 3       |
|     mac_muladd_8s_8s_32s_32_4_1_U1352             | 1    |        | add_ln840_251  | add | dsp48  | 3       |
|     mac_muladd_8s_8s_32s_32_4_1_U1353             | 1    | yes    | ret_V_252      | mul | dsp48  | 3       |
|     mac_muladd_8s_8s_32s_32_4_1_U1353             | 1    |        | add_ln840_252  | add | dsp48  | 3       |
|     mac_muladd_8s_8s_32s_32_4_1_U1354             | 1    | yes    | ret_V_253      | mul | dsp48  | 3       |
|     mac_muladd_8s_8s_32s_32_4_1_U1354             | 1    |        | add_ln840_253  | add | dsp48  | 3       |
|     mac_muladd_8s_8s_32s_32_4_1_U1355             | 1    | yes    | ret_V_254      | mul | dsp48  | 3       |
|     mac_muladd_8s_8s_32s_32_4_1_U1355             | 1    |        | add_ln840_254  | add | dsp48  | 3       |
|     mac_muladd_8s_8s_32s_32_4_1_U1356             | 1    | yes    | ret_V_255      | mul | dsp48  | 3       |
|     mac_muladd_8s_8s_32s_32_4_1_U1356             | 1    |        | add_ln840_255  | add | dsp48  | 3       |
|     mac_muladd_8s_8s_32s_32_4_1_U1357             | 1    | yes    | ret_V_256      | mul | dsp48  | 3       |
|     mac_muladd_8s_8s_32s_32_4_1_U1357             | 1    |        | add_ln840_256  | add | dsp48  | 3       |
|     mac_muladd_8s_8s_32s_32_4_1_U1358             | 1    | yes    | ret_V_257      | mul | dsp48  | 3       |
|     mac_muladd_8s_8s_32s_32_4_1_U1358             | 1    |        | add_ln840_257  | add | dsp48  | 3       |
|     mac_muladd_8s_8s_32s_32_4_1_U1359             | 1    | yes    | ret_V_258      | mul | dsp48  | 3       |
|     mac_muladd_8s_8s_32s_32_4_1_U1359             | 1    |        | add_ln840_258  | add | dsp48  | 3       |
|     mac_muladd_8s_8s_32s_32_4_1_U1360             | 1    | yes    | ret_V_259      | mul | dsp48  | 3       |
|     mac_muladd_8s_8s_32s_32_4_1_U1360             | 1    |        | add_ln840_259  | add | dsp48  | 3       |
|     mac_muladd_8s_8s_32s_32_4_1_U1361             | 1    | yes    | ret_V_260      | mul | dsp48  | 3       |
|     mac_muladd_8s_8s_32s_32_4_1_U1361             | 1    |        | add_ln840_260  | add | dsp48  | 3       |
|     mac_muladd_8s_8s_32s_32_4_1_U1362             | 1    | yes    | ret_V_261      | mul | dsp48  | 3       |
|     mac_muladd_8s_8s_32s_32_4_1_U1362             | 1    |        | add_ln840_261  | add | dsp48  | 3       |
|     mac_muladd_8s_8s_32s_32_4_1_U1363             | 1    | yes    | ret_V_262      | mul | dsp48  | 3       |
|     mac_muladd_8s_8s_32s_32_4_1_U1363             | 1    |        | add_ln840_262  | add | dsp48  | 3       |
|     mac_muladd_8s_8s_32s_32_4_1_U1364             | 1    | yes    | ret_V_263      | mul | dsp48  | 3       |
|     mac_muladd_8s_8s_32s_32_4_1_U1364             | 1    |        | add_ln840_263  | add | dsp48  | 3       |
|     mac_muladd_8s_8s_32s_32_4_1_U1365             | 1    | yes    | ret_V_264      | mul | dsp48  | 3       |
|     mac_muladd_8s_8s_32s_32_4_1_U1365             | 1    |        | add_ln840_264  | add | dsp48  | 3       |
|     mac_muladd_8s_8s_32s_32_4_1_U1366             | 1    | yes    | ret_V_265      | mul | dsp48  | 3       |
|     mac_muladd_8s_8s_32s_32_4_1_U1366             | 1    |        | add_ln840_265  | add | dsp48  | 3       |
|     mac_muladd_8s_8s_32s_32_4_1_U1367             | 1    | yes    | ret_V_266      | mul | dsp48  | 3       |
|     mac_muladd_8s_8s_32s_32_4_1_U1367             | 1    |        | add_ln840_266  | add | dsp48  | 3       |
|     mac_muladd_8s_8s_32s_32_4_1_U1368             | 1    | yes    | ret_V_267      | mul | dsp48  | 3       |
|     mac_muladd_8s_8s_32s_32_4_1_U1368             | 1    |        | add_ln840_267  | add | dsp48  | 3       |
|     mac_muladd_8s_8s_32s_32_4_1_U1369             | 1    | yes    | ret_V_268      | mul | dsp48  | 3       |
|     mac_muladd_8s_8s_32s_32_4_1_U1369             | 1    |        | add_ln840_268  | add | dsp48  | 3       |
|     mac_muladd_8s_8s_32s_32_4_1_U1370             | 1    | yes    | ret_V_269      | mul | dsp48  | 3       |
|     mac_muladd_8s_8s_32s_32_4_1_U1370             | 1    |        | add_ln840_269  | add | dsp48  | 3       |
|     mac_muladd_8s_8s_32s_32_4_1_U1371             | 1    | yes    | ret_V_270      | mul | dsp48  | 3       |
|     mac_muladd_8s_8s_32s_32_4_1_U1371             | 1    |        | add_ln840_270  | add | dsp48  | 3       |
|     mac_muladd_8s_8s_32s_32_4_1_U1372             | 1    | yes    | ret_V_271      | mul | dsp48  | 3       |
|     mac_muladd_8s_8s_32s_32_4_1_U1372             | 1    |        | add_ln840_271  | add | dsp48  | 3       |
|     mac_muladd_8s_8s_32s_32_4_1_U1373             | 1    | yes    | ret_V_272      | mul | dsp48  | 3       |
|     mac_muladd_8s_8s_32s_32_4_1_U1373             | 1    |        | add_ln840_272  | add | dsp48  | 3       |
|     mac_muladd_8s_8s_32s_32_4_1_U1374             | 1    | yes    | ret_V_273      | mul | dsp48  | 3       |
|     mac_muladd_8s_8s_32s_32_4_1_U1374             | 1    |        | add_ln840_273  | add | dsp48  | 3       |
|     mac_muladd_8s_8s_32s_32_4_1_U1375             | 1    | yes    | ret_V_274      | mul | dsp48  | 3       |
|     mac_muladd_8s_8s_32s_32_4_1_U1375             | 1    |        | add_ln840_274  | add | dsp48  | 3       |
|     mac_muladd_8s_8s_32s_32_4_1_U1376             | 1    | yes    | ret_V_275      | mul | dsp48  | 3       |
|     mac_muladd_8s_8s_32s_32_4_1_U1376             | 1    |        | add_ln840_275  | add | dsp48  | 3       |
|     mac_muladd_8s_8s_32s_32_4_1_U1377             | 1    | yes    | ret_V_276      | mul | dsp48  | 3       |
|     mac_muladd_8s_8s_32s_32_4_1_U1377             | 1    |        | add_ln840_276  | add | dsp48  | 3       |
|     mac_muladd_8s_8s_32s_32_4_1_U1378             | 1    | yes    | ret_V_277      | mul | dsp48  | 3       |
|     mac_muladd_8s_8s_32s_32_4_1_U1378             | 1    |        | add_ln840_277  | add | dsp48  | 3       |
|     mac_muladd_8s_8s_32s_32_4_1_U1379             | 1    | yes    | ret_V_278      | mul | dsp48  | 3       |
|     mac_muladd_8s_8s_32s_32_4_1_U1379             | 1    |        | add_ln840_278  | add | dsp48  | 3       |
|     mac_muladd_8s_8s_32s_32_4_1_U1380             | 1    | yes    | ret_V_279      | mul | dsp48  | 3       |
|     mac_muladd_8s_8s_32s_32_4_1_U1380             | 1    |        | add_ln840_279  | add | dsp48  | 3       |
|     mac_muladd_8s_8s_32s_32_4_1_U1381             | 1    | yes    | ret_V_280      | mul | dsp48  | 3       |
|     mac_muladd_8s_8s_32s_32_4_1_U1381             | 1    |        | add_ln840_280  | add | dsp48  | 3       |
|     mac_muladd_8s_8s_32s_32_4_1_U1382             | 1    | yes    | ret_V_281      | mul | dsp48  | 3       |
|     mac_muladd_8s_8s_32s_32_4_1_U1382             | 1    |        | add_ln840_281  | add | dsp48  | 3       |
|     mac_muladd_8s_8s_32s_32_4_1_U1383             | 1    | yes    | ret_V_282      | mul | dsp48  | 3       |
|     mac_muladd_8s_8s_32s_32_4_1_U1383             | 1    |        | add_ln840_282  | add | dsp48  | 3       |
|     mac_muladd_8s_8s_32s_32_4_1_U1384             | 1    | yes    | ret_V_283      | mul | dsp48  | 3       |
|     mac_muladd_8s_8s_32s_32_4_1_U1384             | 1    |        | add_ln840_283  | add | dsp48  | 3       |
|     mac_muladd_8s_8s_32s_32_4_1_U1385             | 1    | yes    | ret_V_284      | mul | dsp48  | 3       |
|     mac_muladd_8s_8s_32s_32_4_1_U1385             | 1    |        | add_ln840_284  | add | dsp48  | 3       |
|     mac_muladd_8s_8s_32s_32_4_1_U1386             | 1    | yes    | ret_V_285      | mul | dsp48  | 3       |
|     mac_muladd_8s_8s_32s_32_4_1_U1386             | 1    |        | add_ln840_285  | add | dsp48  | 3       |
|     mac_muladd_8s_8s_32s_32_4_1_U1387             | 1    | yes    | ret_V_286      | mul | dsp48  | 3       |
|     mac_muladd_8s_8s_32s_32_4_1_U1387             | 1    |        | add_ln840_286  | add | dsp48  | 3       |
|     mac_muladd_8s_8s_32s_32_4_1_U1388             | 1    | yes    | ret_V_287      | mul | dsp48  | 3       |
|     mac_muladd_8s_8s_32s_32_4_1_U1388             | 1    |        | add_ln840_287  | add | dsp48  | 3       |
|     mac_muladd_8s_8s_32s_32_4_1_U1389             | 1    | yes    | ret_V_288      | mul | dsp48  | 3       |
|     mac_muladd_8s_8s_32s_32_4_1_U1389             | 1    |        | add_ln840_288  | add | dsp48  | 3       |
|     mac_muladd_8s_8s_32s_32_4_1_U1390             | 1    | yes    | ret_V_289      | mul | dsp48  | 3       |
|     mac_muladd_8s_8s_32s_32_4_1_U1390             | 1    |        | add_ln840_289  | add | dsp48  | 3       |
|     mac_muladd_8s_8s_32s_32_4_1_U1391             | 1    | yes    | ret_V_290      | mul | dsp48  | 3       |
|     mac_muladd_8s_8s_32s_32_4_1_U1391             | 1    |        | add_ln840_290  | add | dsp48  | 3       |
|     mac_muladd_8s_8s_32s_32_4_1_U1392             | 1    | yes    | ret_V_291      | mul | dsp48  | 3       |
|     mac_muladd_8s_8s_32s_32_4_1_U1392             | 1    |        | add_ln840_291  | add | dsp48  | 3       |
|     mac_muladd_8s_8s_32s_32_4_1_U1393             | 1    | yes    | ret_V_292      | mul | dsp48  | 3       |
|     mac_muladd_8s_8s_32s_32_4_1_U1393             | 1    |        | add_ln840_292  | add | dsp48  | 3       |
|     mac_muladd_8s_8s_32s_32_4_1_U1394             | 1    | yes    | ret_V_293      | mul | dsp48  | 3       |
|     mac_muladd_8s_8s_32s_32_4_1_U1394             | 1    |        | add_ln840_293  | add | dsp48  | 3       |
|     mac_muladd_8s_8s_32s_32_4_1_U1395             | 1    | yes    | ret_V_294      | mul | dsp48  | 3       |
|     mac_muladd_8s_8s_32s_32_4_1_U1395             | 1    |        | add_ln840_294  | add | dsp48  | 3       |
|     mac_muladd_8s_8s_32s_32_4_1_U1396             | 1    | yes    | ret_V_295      | mul | dsp48  | 3       |
|     mac_muladd_8s_8s_32s_32_4_1_U1396             | 1    |        | add_ln840_295  | add | dsp48  | 3       |
|     mac_muladd_8s_8s_32s_32_4_1_U1397             | 1    | yes    | ret_V_296      | mul | dsp48  | 3       |
|     mac_muladd_8s_8s_32s_32_4_1_U1397             | 1    |        | add_ln840_296  | add | dsp48  | 3       |
|     mac_muladd_8s_8s_32s_32_4_1_U1398             | 1    | yes    | ret_V_297      | mul | dsp48  | 3       |
|     mac_muladd_8s_8s_32s_32_4_1_U1398             | 1    |        | add_ln840_297  | add | dsp48  | 3       |
|     mac_muladd_8s_8s_32s_32_4_1_U1399             | 1    | yes    | ret_V_298      | mul | dsp48  | 3       |
|     mac_muladd_8s_8s_32s_32_4_1_U1399             | 1    |        | add_ln840_298  | add | dsp48  | 3       |
|     mac_muladd_8s_8s_32s_32_4_1_U1400             | 1    | yes    | ret_V_299      | mul | dsp48  | 3       |
|     mac_muladd_8s_8s_32s_32_4_1_U1400             | 1    |        | add_ln840_299  | add | dsp48  | 3       |
|     mac_muladd_8s_8s_32s_32_4_1_U1401             | 1    | yes    | ret_V_300      | mul | dsp48  | 3       |
|     mac_muladd_8s_8s_32s_32_4_1_U1401             | 1    |        | add_ln840_300  | add | dsp48  | 3       |
|     mac_muladd_8s_8s_32s_32_4_1_U1402             | 1    | yes    | ret_V_301      | mul | dsp48  | 3       |
|     mac_muladd_8s_8s_32s_32_4_1_U1402             | 1    |        | add_ln840_301  | add | dsp48  | 3       |
|     mac_muladd_8s_8s_32s_32_4_1_U1403             | 1    | yes    | ret_V_302      | mul | dsp48  | 3       |
|     mac_muladd_8s_8s_32s_32_4_1_U1403             | 1    |        | add_ln840_302  | add | dsp48  | 3       |
|     mac_muladd_8s_8s_32s_32_4_1_U1404             | 1    | yes    | ret_V_303      | mul | dsp48  | 3       |
|     mac_muladd_8s_8s_32s_32_4_1_U1404             | 1    |        | add_ln840_303  | add | dsp48  | 3       |
|     mac_muladd_8s_8s_32s_32_4_1_U1405             | 1    | yes    | ret_V_304      | mul | dsp48  | 3       |
|     mac_muladd_8s_8s_32s_32_4_1_U1405             | 1    |        | add_ln840_304  | add | dsp48  | 3       |
|     mac_muladd_8s_8s_32s_32_4_1_U1406             | 1    | yes    | ret_V_305      | mul | dsp48  | 3       |
|     mac_muladd_8s_8s_32s_32_4_1_U1406             | 1    |        | add_ln840_305  | add | dsp48  | 3       |
|     mac_muladd_8s_8s_32s_32_4_1_U1407             | 1    | yes    | ret_V_306      | mul | dsp48  | 3       |
|     mac_muladd_8s_8s_32s_32_4_1_U1407             | 1    |        | add_ln840_306  | add | dsp48  | 3       |
|     mac_muladd_8s_8s_32s_32_4_1_U1408             | 1    | yes    | ret_V_307      | mul | dsp48  | 3       |
|     mac_muladd_8s_8s_32s_32_4_1_U1408             | 1    |        | add_ln840_307  | add | dsp48  | 3       |
|     mac_muladd_8s_8s_32s_32_4_1_U1409             | 1    | yes    | ret_V_308      | mul | dsp48  | 3       |
|     mac_muladd_8s_8s_32s_32_4_1_U1409             | 1    |        | add_ln840_308  | add | dsp48  | 3       |
|     mac_muladd_8s_8s_32s_32_4_1_U1410             | 1    | yes    | ret_V_309      | mul | dsp48  | 3       |
|     mac_muladd_8s_8s_32s_32_4_1_U1410             | 1    |        | add_ln840_309  | add | dsp48  | 3       |
|     mac_muladd_8s_8s_32s_32_4_1_U1411             | 1    | yes    | ret_V_310      | mul | dsp48  | 3       |
|     mac_muladd_8s_8s_32s_32_4_1_U1411             | 1    |        | add_ln840_310  | add | dsp48  | 3       |
|     mac_muladd_8s_8s_32s_32_4_1_U1412             | 1    | yes    | ret_V_311      | mul | dsp48  | 3       |
|     mac_muladd_8s_8s_32s_32_4_1_U1412             | 1    |        | add_ln840_311  | add | dsp48  | 3       |
|     mac_muladd_8s_8s_32s_32_4_1_U1413             | 1    | yes    | ret_V_312      | mul | dsp48  | 3       |
|     mac_muladd_8s_8s_32s_32_4_1_U1413             | 1    |        | add_ln840_312  | add | dsp48  | 3       |
|     mac_muladd_8s_8s_32s_32_4_1_U1414             | 1    | yes    | ret_V_313      | mul | dsp48  | 3       |
|     mac_muladd_8s_8s_32s_32_4_1_U1414             | 1    |        | add_ln840_313  | add | dsp48  | 3       |
|     mac_muladd_8s_8s_32s_32_4_1_U1415             | 1    | yes    | ret_V_314      | mul | dsp48  | 3       |
|     mac_muladd_8s_8s_32s_32_4_1_U1415             | 1    |        | add_ln840_314  | add | dsp48  | 3       |
|     mac_muladd_8s_8s_32s_32_4_1_U1416             | 1    | yes    | ret_V_315      | mul | dsp48  | 3       |
|     mac_muladd_8s_8s_32s_32_4_1_U1416             | 1    |        | add_ln840_315  | add | dsp48  | 3       |
|     mac_muladd_8s_8s_32s_32_4_1_U1417             | 1    | yes    | ret_V_316      | mul | dsp48  | 3       |
|     mac_muladd_8s_8s_32s_32_4_1_U1417             | 1    |        | add_ln840_316  | add | dsp48  | 3       |
|     mac_muladd_8s_8s_32s_32_4_1_U1418             | 1    | yes    | ret_V_317      | mul | dsp48  | 3       |
|     mac_muladd_8s_8s_32s_32_4_1_U1418             | 1    |        | add_ln840_317  | add | dsp48  | 3       |
|     mac_muladd_8s_8s_32s_32_4_1_U1419             | 1    | yes    | ret_V_318      | mul | dsp48  | 3       |
|     mac_muladd_8s_8s_32s_32_4_1_U1419             | 1    |        | add_ln840_318  | add | dsp48  | 3       |
|     mac_muladd_8s_8s_32s_32_4_1_U1420             | 1    | yes    | ret_V_319      | mul | dsp48  | 3       |
|     mac_muladd_8s_8s_32s_32_4_1_U1420             | 1    |        | add_ln840_319  | add | dsp48  | 3       |
|     mac_muladd_8s_8s_32s_32_4_1_U1421             | 1    | yes    | ret_V_320      | mul | dsp48  | 3       |
|     mac_muladd_8s_8s_32s_32_4_1_U1421             | 1    |        | add_ln840_320  | add | dsp48  | 3       |
|     mac_muladd_8s_8s_32s_32_4_1_U1422             | 1    | yes    | ret_V_321      | mul | dsp48  | 3       |
|     mac_muladd_8s_8s_32s_32_4_1_U1422             | 1    |        | add_ln840_321  | add | dsp48  | 3       |
|     mac_muladd_8s_8s_32s_32_4_1_U1423             | 1    | yes    | ret_V_322      | mul | dsp48  | 3       |
|     mac_muladd_8s_8s_32s_32_4_1_U1423             | 1    |        | add_ln840_322  | add | dsp48  | 3       |
|     mac_muladd_8s_8s_32s_32_4_1_U1424             | 1    | yes    | ret_V_323      | mul | dsp48  | 3       |
|     mac_muladd_8s_8s_32s_32_4_1_U1424             | 1    |        | add_ln840_323  | add | dsp48  | 3       |
|     mac_muladd_8s_8s_32s_32_4_1_U1425             | 1    | yes    | ret_V_324      | mul | dsp48  | 3       |
|     mac_muladd_8s_8s_32s_32_4_1_U1425             | 1    |        | add_ln840_324  | add | dsp48  | 3       |
|     mac_muladd_8s_8s_32s_32_4_1_U1426             | 1    | yes    | ret_V_325      | mul | dsp48  | 3       |
|     mac_muladd_8s_8s_32s_32_4_1_U1426             | 1    |        | add_ln840_325  | add | dsp48  | 3       |
|     mac_muladd_8s_8s_32s_32_4_1_U1427             | 1    | yes    | ret_V_326      | mul | dsp48  | 3       |
|     mac_muladd_8s_8s_32s_32_4_1_U1427             | 1    |        | add_ln840_326  | add | dsp48  | 3       |
|     mac_muladd_8s_8s_32s_32_4_1_U1428             | 1    | yes    | ret_V_327      | mul | dsp48  | 3       |
|     mac_muladd_8s_8s_32s_32_4_1_U1428             | 1    |        | add_ln840_327  | add | dsp48  | 3       |
|     mac_muladd_8s_8s_32s_32_4_1_U1429             | 1    | yes    | ret_V_328      | mul | dsp48  | 3       |
|     mac_muladd_8s_8s_32s_32_4_1_U1429             | 1    |        | add_ln840_328  | add | dsp48  | 3       |
|     mac_muladd_8s_8s_32s_32_4_1_U1430             | 1    | yes    | ret_V_329      | mul | dsp48  | 3       |
|     mac_muladd_8s_8s_32s_32_4_1_U1430             | 1    |        | add_ln840_329  | add | dsp48  | 3       |
|     mac_muladd_8s_8s_32s_32_4_1_U1431             | 1    | yes    | ret_V_330      | mul | dsp48  | 3       |
|     mac_muladd_8s_8s_32s_32_4_1_U1431             | 1    |        | add_ln840_330  | add | dsp48  | 3       |
|     mac_muladd_8s_8s_32s_32_4_1_U1432             | 1    | yes    | ret_V_331      | mul | dsp48  | 3       |
|     mac_muladd_8s_8s_32s_32_4_1_U1432             | 1    |        | add_ln840_331  | add | dsp48  | 3       |
|     mac_muladd_8s_8s_32s_32_4_1_U1433             | 1    | yes    | ret_V_332      | mul | dsp48  | 3       |
|     mac_muladd_8s_8s_32s_32_4_1_U1433             | 1    |        | add_ln840_332  | add | dsp48  | 3       |
|     mac_muladd_8s_8s_32s_32_4_1_U1434             | 1    | yes    | ret_V_333      | mul | dsp48  | 3       |
|     mac_muladd_8s_8s_32s_32_4_1_U1434             | 1    |        | add_ln840_333  | add | dsp48  | 3       |
|     mac_muladd_8s_8s_32s_32_4_1_U1435             | 1    | yes    | ret_V_334      | mul | dsp48  | 3       |
|     mac_muladd_8s_8s_32s_32_4_1_U1435             | 1    |        | add_ln840_334  | add | dsp48  | 3       |
|     mac_muladd_8s_8s_32s_32_4_1_U1436             | 1    | yes    | ret_V_335      | mul | dsp48  | 3       |
|     mac_muladd_8s_8s_32s_32_4_1_U1436             | 1    |        | add_ln840_335  | add | dsp48  | 3       |
|     mac_muladd_8s_8s_32s_32_4_1_U1437             | 1    | yes    | ret_V_336      | mul | dsp48  | 3       |
|     mac_muladd_8s_8s_32s_32_4_1_U1437             | 1    |        | add_ln840_336  | add | dsp48  | 3       |
|     mac_muladd_8s_8s_32s_32_4_1_U1438             | 1    | yes    | ret_V_337      | mul | dsp48  | 3       |
|     mac_muladd_8s_8s_32s_32_4_1_U1438             | 1    |        | add_ln840_337  | add | dsp48  | 3       |
|     mac_muladd_8s_8s_32s_32_4_1_U1439             | 1    | yes    | ret_V_338      | mul | dsp48  | 3       |
|     mac_muladd_8s_8s_32s_32_4_1_U1439             | 1    |        | add_ln840_338  | add | dsp48  | 3       |
|     mac_muladd_8s_8s_32s_32_4_1_U1440             | 1    | yes    | ret_V_339      | mul | dsp48  | 3       |
|     mac_muladd_8s_8s_32s_32_4_1_U1440             | 1    |        | add_ln840_339  | add | dsp48  | 3       |
|     mac_muladd_8s_8s_32s_32_4_1_U1441             | 1    | yes    | ret_V_340      | mul | dsp48  | 3       |
|     mac_muladd_8s_8s_32s_32_4_1_U1441             | 1    |        | add_ln840_340  | add | dsp48  | 3       |
|     mac_muladd_8s_8s_32s_32_4_1_U1442             | 1    | yes    | ret_V_341      | mul | dsp48  | 3       |
|     mac_muladd_8s_8s_32s_32_4_1_U1442             | 1    |        | add_ln840_341  | add | dsp48  | 3       |
|     mac_muladd_8s_8s_32s_32_4_1_U1443             | 1    | yes    | ret_V_342      | mul | dsp48  | 3       |
|     mac_muladd_8s_8s_32s_32_4_1_U1443             | 1    |        | add_ln840_342  | add | dsp48  | 3       |
|     mac_muladd_8s_8s_32s_32_4_1_U1444             | 1    | yes    | ret_V_343      | mul | dsp48  | 3       |
|     mac_muladd_8s_8s_32s_32_4_1_U1444             | 1    |        | add_ln840_343  | add | dsp48  | 3       |
|     mac_muladd_8s_8s_32s_32_4_1_U1445             | 1    | yes    | ret_V_344      | mul | dsp48  | 3       |
|     mac_muladd_8s_8s_32s_32_4_1_U1445             | 1    |        | add_ln840_344  | add | dsp48  | 3       |
|     mac_muladd_8s_8s_32s_32_4_1_U1446             | 1    | yes    | ret_V_345      | mul | dsp48  | 3       |
|     mac_muladd_8s_8s_32s_32_4_1_U1446             | 1    |        | add_ln840_345  | add | dsp48  | 3       |
|     mac_muladd_8s_8s_32s_32_4_1_U1447             | 1    | yes    | ret_V_346      | mul | dsp48  | 3       |
|     mac_muladd_8s_8s_32s_32_4_1_U1447             | 1    |        | add_ln840_346  | add | dsp48  | 3       |
|     mac_muladd_8s_8s_32s_32_4_1_U1448             | 1    | yes    | ret_V_347      | mul | dsp48  | 3       |
|     mac_muladd_8s_8s_32s_32_4_1_U1448             | 1    |        | add_ln840_347  | add | dsp48  | 3       |
|     mac_muladd_8s_8s_32s_32_4_1_U1449             | 1    | yes    | ret_V_348      | mul | dsp48  | 3       |
|     mac_muladd_8s_8s_32s_32_4_1_U1449             | 1    |        | add_ln840_348  | add | dsp48  | 3       |
|     mac_muladd_8s_8s_32s_32_4_1_U1450             | 1    | yes    | ret_V_349      | mul | dsp48  | 3       |
|     mac_muladd_8s_8s_32s_32_4_1_U1450             | 1    |        | add_ln840_349  | add | dsp48  | 3       |
|     mac_muladd_8s_8s_32s_32_4_1_U1451             | 1    | yes    | ret_V_350      | mul | dsp48  | 3       |
|     mac_muladd_8s_8s_32s_32_4_1_U1451             | 1    |        | add_ln840_350  | add | dsp48  | 3       |
|     mac_muladd_8s_8s_32s_32_4_1_U1452             | 1    | yes    | ret_V_351      | mul | dsp48  | 3       |
|     mac_muladd_8s_8s_32s_32_4_1_U1452             | 1    |        | add_ln840_351  | add | dsp48  | 3       |
|     mac_muladd_8s_8s_32s_32_4_1_U1453             | 1    | yes    | ret_V_352      | mul | dsp48  | 3       |
|     mac_muladd_8s_8s_32s_32_4_1_U1453             | 1    |        | add_ln840_352  | add | dsp48  | 3       |
|     mac_muladd_8s_8s_32s_32_4_1_U1454             | 1    | yes    | ret_V_353      | mul | dsp48  | 3       |
|     mac_muladd_8s_8s_32s_32_4_1_U1454             | 1    |        | add_ln840_353  | add | dsp48  | 3       |
|     mac_muladd_8s_8s_32s_32_4_1_U1455             | 1    | yes    | ret_V_354      | mul | dsp48  | 3       |
|     mac_muladd_8s_8s_32s_32_4_1_U1455             | 1    |        | add_ln840_354  | add | dsp48  | 3       |
|     mac_muladd_8s_8s_32s_32_4_1_U1456             | 1    | yes    | ret_V_355      | mul | dsp48  | 3       |
|     mac_muladd_8s_8s_32s_32_4_1_U1456             | 1    |        | add_ln840_355  | add | dsp48  | 3       |
|     mac_muladd_8s_8s_32s_32_4_1_U1457             | 1    | yes    | ret_V_356      | mul | dsp48  | 3       |
|     mac_muladd_8s_8s_32s_32_4_1_U1457             | 1    |        | add_ln840_356  | add | dsp48  | 3       |
|     mac_muladd_8s_8s_32s_32_4_1_U1458             | 1    | yes    | ret_V_357      | mul | dsp48  | 3       |
|     mac_muladd_8s_8s_32s_32_4_1_U1458             | 1    |        | add_ln840_357  | add | dsp48  | 3       |
|     mac_muladd_8s_8s_32s_32_4_1_U1459             | 1    | yes    | ret_V_358      | mul | dsp48  | 3       |
|     mac_muladd_8s_8s_32s_32_4_1_U1459             | 1    |        | add_ln840_358  | add | dsp48  | 3       |
|     mac_muladd_8s_8s_32s_32_4_1_U1460             | 1    | yes    | ret_V_359      | mul | dsp48  | 3       |
|     mac_muladd_8s_8s_32s_32_4_1_U1460             | 1    |        | add_ln840_359  | add | dsp48  | 3       |
|     mac_muladd_8s_8s_32s_32_4_1_U1461             | 1    | yes    | ret_V_360      | mul | dsp48  | 3       |
|     mac_muladd_8s_8s_32s_32_4_1_U1461             | 1    |        | add_ln840_360  | add | dsp48  | 3       |
|     mac_muladd_8s_8s_32s_32_4_1_U1462             | 1    | yes    | ret_V_361      | mul | dsp48  | 3       |
|     mac_muladd_8s_8s_32s_32_4_1_U1462             | 1    |        | add_ln840_361  | add | dsp48  | 3       |
|     mac_muladd_8s_8s_32s_32_4_1_U1463             | 1    | yes    | ret_V_362      | mul | dsp48  | 3       |
|     mac_muladd_8s_8s_32s_32_4_1_U1463             | 1    |        | add_ln840_362  | add | dsp48  | 3       |
|     mac_muladd_8s_8s_32s_32_4_1_U1464             | 1    | yes    | ret_V_363      | mul | dsp48  | 3       |
|     mac_muladd_8s_8s_32s_32_4_1_U1464             | 1    |        | add_ln840_363  | add | dsp48  | 3       |
|     mac_muladd_8s_8s_32s_32_4_1_U1465             | 1    | yes    | ret_V_364      | mul | dsp48  | 3       |
|     mac_muladd_8s_8s_32s_32_4_1_U1465             | 1    |        | add_ln840_364  | add | dsp48  | 3       |
|     mac_muladd_8s_8s_32s_32_4_1_U1466             | 1    | yes    | ret_V_365      | mul | dsp48  | 3       |
|     mac_muladd_8s_8s_32s_32_4_1_U1466             | 1    |        | add_ln840_365  | add | dsp48  | 3       |
|     mac_muladd_8s_8s_32s_32_4_1_U1467             | 1    | yes    | ret_V_366      | mul | dsp48  | 3       |
|     mac_muladd_8s_8s_32s_32_4_1_U1467             | 1    |        | add_ln840_366  | add | dsp48  | 3       |
|     mac_muladd_8s_8s_32s_32_4_1_U1468             | 1    | yes    | ret_V_367      | mul | dsp48  | 3       |
|     mac_muladd_8s_8s_32s_32_4_1_U1468             | 1    |        | add_ln840_367  | add | dsp48  | 3       |
|     mac_muladd_8s_8s_32s_32_4_1_U1469             | 1    | yes    | ret_V_368      | mul | dsp48  | 3       |
|     mac_muladd_8s_8s_32s_32_4_1_U1469             | 1    |        | add_ln840_368  | add | dsp48  | 3       |
|     mac_muladd_8s_8s_32s_32_4_1_U1470             | 1    | yes    | ret_V_369      | mul | dsp48  | 3       |
|     mac_muladd_8s_8s_32s_32_4_1_U1470             | 1    |        | add_ln840_369  | add | dsp48  | 3       |
|     mac_muladd_8s_8s_32s_32_4_1_U1471             | 1    | yes    | ret_V_370      | mul | dsp48  | 3       |
|     mac_muladd_8s_8s_32s_32_4_1_U1471             | 1    |        | add_ln840_370  | add | dsp48  | 3       |
|     mac_muladd_8s_8s_32s_32_4_1_U1472             | 1    | yes    | ret_V_371      | mul | dsp48  | 3       |
|     mac_muladd_8s_8s_32s_32_4_1_U1472             | 1    |        | add_ln840_371  | add | dsp48  | 3       |
|     mac_muladd_8s_8s_32s_32_4_1_U1473             | 1    | yes    | ret_V_372      | mul | dsp48  | 3       |
|     mac_muladd_8s_8s_32s_32_4_1_U1473             | 1    |        | add_ln840_372  | add | dsp48  | 3       |
|     mac_muladd_8s_8s_32s_32_4_1_U1474             | 1    | yes    | ret_V_373      | mul | dsp48  | 3       |
|     mac_muladd_8s_8s_32s_32_4_1_U1474             | 1    |        | add_ln840_373  | add | dsp48  | 3       |
|     mac_muladd_8s_8s_32s_32_4_1_U1475             | 1    | yes    | ret_V_374      | mul | dsp48  | 3       |
|     mac_muladd_8s_8s_32s_32_4_1_U1475             | 1    |        | add_ln840_374  | add | dsp48  | 3       |
|     mac_muladd_8s_8s_32s_32_4_1_U1476             | 1    | yes    | ret_V_375      | mul | dsp48  | 3       |
|     mac_muladd_8s_8s_32s_32_4_1_U1476             | 1    |        | add_ln840_375  | add | dsp48  | 3       |
|     mac_muladd_8s_8s_32s_32_4_1_U1477             | 1    | yes    | ret_V_376      | mul | dsp48  | 3       |
|     mac_muladd_8s_8s_32s_32_4_1_U1477             | 1    |        | add_ln840_376  | add | dsp48  | 3       |
|     mac_muladd_8s_8s_32s_32_4_1_U1478             | 1    | yes    | ret_V_377      | mul | dsp48  | 3       |
|     mac_muladd_8s_8s_32s_32_4_1_U1478             | 1    |        | add_ln840_377  | add | dsp48  | 3       |
|     mac_muladd_8s_8s_32s_32_4_1_U1479             | 1    | yes    | ret_V_378      | mul | dsp48  | 3       |
|     mac_muladd_8s_8s_32s_32_4_1_U1479             | 1    |        | add_ln840_378  | add | dsp48  | 3       |
|     mac_muladd_8s_8s_32s_32_4_1_U1480             | 1    | yes    | ret_V_379      | mul | dsp48  | 3       |
|     mac_muladd_8s_8s_32s_32_4_1_U1480             | 1    |        | add_ln840_379  | add | dsp48  | 3       |
|     mac_muladd_8s_8s_32s_32_4_1_U1481             | 1    | yes    | ret_V_380      | mul | dsp48  | 3       |
|     mac_muladd_8s_8s_32s_32_4_1_U1481             | 1    |        | add_ln840_380  | add | dsp48  | 3       |
|     mac_muladd_8s_8s_32s_32_4_1_U1482             | 1    | yes    | ret_V_381      | mul | dsp48  | 3       |
|     mac_muladd_8s_8s_32s_32_4_1_U1482             | 1    |        | add_ln840_381  | add | dsp48  | 3       |
|     mac_muladd_8s_8s_32s_32_4_1_U1483             | 1    | yes    | ret_V_382      | mul | dsp48  | 3       |
|     mac_muladd_8s_8s_32s_32_4_1_U1483             | 1    |        | add_ln840_382  | add | dsp48  | 3       |
|     mac_muladd_8s_8s_32s_32_4_1_U1484             | 1    | yes    | ret_V_383      | mul | dsp48  | 3       |
|     mac_muladd_8s_8s_32s_32_4_1_U1484             | 1    |        | add_ln840_383  | add | dsp48  | 3       |
|     mac_muladd_8s_8s_32s_32_4_1_U1485             | 1    | yes    | ret_V_384      | mul | dsp48  | 3       |
|     mac_muladd_8s_8s_32s_32_4_1_U1485             | 1    |        | add_ln840_384  | add | dsp48  | 3       |
|     mac_muladd_8s_8s_32s_32_4_1_U1486             | 1    | yes    | ret_V_385      | mul | dsp48  | 3       |
|     mac_muladd_8s_8s_32s_32_4_1_U1486             | 1    |        | add_ln840_385  | add | dsp48  | 3       |
|     mac_muladd_8s_8s_32s_32_4_1_U1487             | 1    | yes    | ret_V_386      | mul | dsp48  | 3       |
|     mac_muladd_8s_8s_32s_32_4_1_U1487             | 1    |        | add_ln840_386  | add | dsp48  | 3       |
|     mac_muladd_8s_8s_32s_32_4_1_U1488             | 1    | yes    | ret_V_387      | mul | dsp48  | 3       |
|     mac_muladd_8s_8s_32s_32_4_1_U1488             | 1    |        | add_ln840_387  | add | dsp48  | 3       |
|     mac_muladd_8s_8s_32s_32_4_1_U1489             | 1    | yes    | ret_V_388      | mul | dsp48  | 3       |
|     mac_muladd_8s_8s_32s_32_4_1_U1489             | 1    |        | add_ln840_388  | add | dsp48  | 3       |
|     mac_muladd_8s_8s_32s_32_4_1_U1490             | 1    | yes    | ret_V_389      | mul | dsp48  | 3       |
|     mac_muladd_8s_8s_32s_32_4_1_U1490             | 1    |        | add_ln840_389  | add | dsp48  | 3       |
|     mac_muladd_8s_8s_32s_32_4_1_U1491             | 1    | yes    | ret_V_390      | mul | dsp48  | 3       |
|     mac_muladd_8s_8s_32s_32_4_1_U1491             | 1    |        | add_ln840_390  | add | dsp48  | 3       |
|     mac_muladd_8s_8s_32s_32_4_1_U1492             | 1    | yes    | ret_V_391      | mul | dsp48  | 3       |
|     mac_muladd_8s_8s_32s_32_4_1_U1492             | 1    |        | add_ln840_391  | add | dsp48  | 3       |
|     mac_muladd_8s_8s_32s_32_4_1_U1493             | 1    | yes    | ret_V_392      | mul | dsp48  | 3       |
|     mac_muladd_8s_8s_32s_32_4_1_U1493             | 1    |        | add_ln840_392  | add | dsp48  | 3       |
|     mac_muladd_8s_8s_32s_32_4_1_U1494             | 1    | yes    | ret_V_393      | mul | dsp48  | 3       |
|     mac_muladd_8s_8s_32s_32_4_1_U1494             | 1    |        | add_ln840_393  | add | dsp48  | 3       |
|     mac_muladd_8s_8s_32s_32_4_1_U1495             | 1    | yes    | ret_V_394      | mul | dsp48  | 3       |
|     mac_muladd_8s_8s_32s_32_4_1_U1495             | 1    |        | add_ln840_394  | add | dsp48  | 3       |
|     mac_muladd_8s_8s_32s_32_4_1_U1496             | 1    | yes    | ret_V_395      | mul | dsp48  | 3       |
|     mac_muladd_8s_8s_32s_32_4_1_U1496             | 1    |        | add_ln840_395  | add | dsp48  | 3       |
|     mac_muladd_8s_8s_32s_32_4_1_U1497             | 1    | yes    | ret_V_396      | mul | dsp48  | 3       |
|     mac_muladd_8s_8s_32s_32_4_1_U1497             | 1    |        | add_ln840_396  | add | dsp48  | 3       |
|     mac_muladd_8s_8s_32s_32_4_1_U1498             | 1    | yes    | ret_V_397      | mul | dsp48  | 3       |
|     mac_muladd_8s_8s_32s_32_4_1_U1498             | 1    |        | add_ln840_397  | add | dsp48  | 3       |
|     mac_muladd_8s_8s_32s_32_4_1_U1499             | 1    | yes    | ret_V_398      | mul | dsp48  | 3       |
|     mac_muladd_8s_8s_32s_32_4_1_U1499             | 1    |        | add_ln840_398  | add | dsp48  | 3       |
|     mac_muladd_8s_8s_32s_32_4_1_U1500             | 1    | yes    | ret_V_399      | mul | dsp48  | 3       |
|     mac_muladd_8s_8s_32s_32_4_1_U1500             | 1    |        | add_ln840_399  | add | dsp48  | 3       |
|     mac_muladd_8s_8s_32s_32_4_1_U1501             | 1    | yes    | ret_V_400      | mul | dsp48  | 3       |
|     mac_muladd_8s_8s_32s_32_4_1_U1501             | 1    |        | add_ln840_400  | add | dsp48  | 3       |
|     mac_muladd_8s_8s_32s_32_4_1_U1502             | 1    | yes    | ret_V_401      | mul | dsp48  | 3       |
|     mac_muladd_8s_8s_32s_32_4_1_U1502             | 1    |        | add_ln840_401  | add | dsp48  | 3       |
|     mac_muladd_8s_8s_32s_32_4_1_U1503             | 1    | yes    | ret_V_402      | mul | dsp48  | 3       |
|     mac_muladd_8s_8s_32s_32_4_1_U1503             | 1    |        | add_ln840_402  | add | dsp48  | 3       |
|     mac_muladd_8s_8s_32s_32_4_1_U1504             | 1    | yes    | ret_V_403      | mul | dsp48  | 3       |
|     mac_muladd_8s_8s_32s_32_4_1_U1504             | 1    |        | add_ln840_403  | add | dsp48  | 3       |
|     mac_muladd_8s_8s_32s_32_4_1_U1505             | 1    | yes    | ret_V_404      | mul | dsp48  | 3       |
|     mac_muladd_8s_8s_32s_32_4_1_U1505             | 1    |        | add_ln840_404  | add | dsp48  | 3       |
|     mac_muladd_8s_8s_32s_32_4_1_U1506             | 1    | yes    | ret_V_405      | mul | dsp48  | 3       |
|     mac_muladd_8s_8s_32s_32_4_1_U1506             | 1    |        | add_ln840_405  | add | dsp48  | 3       |
|     mac_muladd_8s_8s_32s_32_4_1_U1507             | 1    | yes    | ret_V_406      | mul | dsp48  | 3       |
|     mac_muladd_8s_8s_32s_32_4_1_U1507             | 1    |        | add_ln840_406  | add | dsp48  | 3       |
|     mac_muladd_8s_8s_32s_32_4_1_U1508             | 1    | yes    | ret_V_407      | mul | dsp48  | 3       |
|     mac_muladd_8s_8s_32s_32_4_1_U1508             | 1    |        | add_ln840_407  | add | dsp48  | 3       |
|     mac_muladd_8s_8s_32s_32_4_1_U1509             | 1    | yes    | ret_V_408      | mul | dsp48  | 3       |
|     mac_muladd_8s_8s_32s_32_4_1_U1509             | 1    |        | add_ln840_408  | add | dsp48  | 3       |
|     mac_muladd_8s_8s_32s_32_4_1_U1510             | 1    | yes    | ret_V_409      | mul | dsp48  | 3       |
|     mac_muladd_8s_8s_32s_32_4_1_U1510             | 1    |        | add_ln840_409  | add | dsp48  | 3       |
|     mac_muladd_8s_8s_32s_32_4_1_U1511             | 1    | yes    | ret_V_410      | mul | dsp48  | 3       |
|     mac_muladd_8s_8s_32s_32_4_1_U1511             | 1    |        | add_ln840_410  | add | dsp48  | 3       |
|     mac_muladd_8s_8s_32s_32_4_1_U1512             | 1    | yes    | ret_V_411      | mul | dsp48  | 3       |
|     mac_muladd_8s_8s_32s_32_4_1_U1512             | 1    |        | add_ln840_411  | add | dsp48  | 3       |
|     mac_muladd_8s_8s_32s_32_4_1_U1513             | 1    | yes    | ret_V_412      | mul | dsp48  | 3       |
|     mac_muladd_8s_8s_32s_32_4_1_U1513             | 1    |        | add_ln840_412  | add | dsp48  | 3       |
|     mac_muladd_8s_8s_32s_32_4_1_U1514             | 1    | yes    | ret_V_413      | mul | dsp48  | 3       |
|     mac_muladd_8s_8s_32s_32_4_1_U1514             | 1    |        | add_ln840_413  | add | dsp48  | 3       |
|     mac_muladd_8s_8s_32s_32_4_1_U1515             | 1    | yes    | ret_V_414      | mul | dsp48  | 3       |
|     mac_muladd_8s_8s_32s_32_4_1_U1515             | 1    |        | add_ln840_414  | add | dsp48  | 3       |
|     mac_muladd_8s_8s_32s_32_4_1_U1516             | 1    | yes    | ret_V_415      | mul | dsp48  | 3       |
|     mac_muladd_8s_8s_32s_32_4_1_U1516             | 1    |        | add_ln840_415  | add | dsp48  | 3       |
|     mac_muladd_8s_8s_32s_32_4_1_U1517             | 1    | yes    | ret_V_416      | mul | dsp48  | 3       |
|     mac_muladd_8s_8s_32s_32_4_1_U1517             | 1    |        | add_ln840_416  | add | dsp48  | 3       |
|     mac_muladd_8s_8s_32s_32_4_1_U1518             | 1    | yes    | ret_V_417      | mul | dsp48  | 3       |
|     mac_muladd_8s_8s_32s_32_4_1_U1518             | 1    |        | add_ln840_417  | add | dsp48  | 3       |
|     mac_muladd_8s_8s_32s_32_4_1_U1519             | 1    | yes    | ret_V_418      | mul | dsp48  | 3       |
|     mac_muladd_8s_8s_32s_32_4_1_U1519             | 1    |        | add_ln840_418  | add | dsp48  | 3       |
|     mac_muladd_8s_8s_32s_32_4_1_U1520             | 1    | yes    | ret_V_419      | mul | dsp48  | 3       |
|     mac_muladd_8s_8s_32s_32_4_1_U1520             | 1    |        | add_ln840_419  | add | dsp48  | 3       |
|     mac_muladd_8s_8s_32s_32_4_1_U1521             | 1    | yes    | ret_V_420      | mul | dsp48  | 3       |
|     mac_muladd_8s_8s_32s_32_4_1_U1521             | 1    |        | add_ln840_420  | add | dsp48  | 3       |
|     mac_muladd_8s_8s_32s_32_4_1_U1522             | 1    | yes    | ret_V_421      | mul | dsp48  | 3       |
|     mac_muladd_8s_8s_32s_32_4_1_U1522             | 1    |        | add_ln840_421  | add | dsp48  | 3       |
|     mac_muladd_8s_8s_32s_32_4_1_U1523             | 1    | yes    | ret_V_422      | mul | dsp48  | 3       |
|     mac_muladd_8s_8s_32s_32_4_1_U1523             | 1    |        | add_ln840_422  | add | dsp48  | 3       |
|     mac_muladd_8s_8s_32s_32_4_1_U1524             | 1    | yes    | ret_V_423      | mul | dsp48  | 3       |
|     mac_muladd_8s_8s_32s_32_4_1_U1524             | 1    |        | add_ln840_423  | add | dsp48  | 3       |
|     mac_muladd_8s_8s_32s_32_4_1_U1525             | 1    | yes    | ret_V_424      | mul | dsp48  | 3       |
|     mac_muladd_8s_8s_32s_32_4_1_U1525             | 1    |        | add_ln840_424  | add | dsp48  | 3       |
|     mac_muladd_8s_8s_32s_32_4_1_U1526             | 1    | yes    | ret_V_425      | mul | dsp48  | 3       |
|     mac_muladd_8s_8s_32s_32_4_1_U1526             | 1    |        | add_ln840_425  | add | dsp48  | 3       |
|     mac_muladd_8s_8s_32s_32_4_1_U1527             | 1    | yes    | ret_V_426      | mul | dsp48  | 3       |
|     mac_muladd_8s_8s_32s_32_4_1_U1527             | 1    |        | add_ln840_426  | add | dsp48  | 3       |
|     mac_muladd_8s_8s_32s_32_4_1_U1528             | 1    | yes    | ret_V_427      | mul | dsp48  | 3       |
|     mac_muladd_8s_8s_32s_32_4_1_U1528             | 1    |        | add_ln840_427  | add | dsp48  | 3       |
|     mac_muladd_8s_8s_32s_32_4_1_U1529             | 1    | yes    | ret_V_428      | mul | dsp48  | 3       |
|     mac_muladd_8s_8s_32s_32_4_1_U1529             | 1    |        | add_ln840_428  | add | dsp48  | 3       |
|     mac_muladd_8s_8s_32s_32_4_1_U1530             | 1    | yes    | ret_V_429      | mul | dsp48  | 3       |
|     mac_muladd_8s_8s_32s_32_4_1_U1530             | 1    |        | add_ln840_429  | add | dsp48  | 3       |
|     mac_muladd_8s_8s_32s_32_4_1_U1531             | 1    | yes    | ret_V_430      | mul | dsp48  | 3       |
|     mac_muladd_8s_8s_32s_32_4_1_U1531             | 1    |        | add_ln840_430  | add | dsp48  | 3       |
|     mac_muladd_8s_8s_32s_32_4_1_U1532             | 1    | yes    | ret_V_431      | mul | dsp48  | 3       |
|     mac_muladd_8s_8s_32s_32_4_1_U1532             | 1    |        | add_ln840_431  | add | dsp48  | 3       |
|     mac_muladd_8s_8s_32s_32_4_1_U1533             | 1    | yes    | ret_V_432      | mul | dsp48  | 3       |
|     mac_muladd_8s_8s_32s_32_4_1_U1533             | 1    |        | add_ln840_432  | add | dsp48  | 3       |
|     mac_muladd_8s_8s_32s_32_4_1_U1534             | 1    | yes    | ret_V_433      | mul | dsp48  | 3       |
|     mac_muladd_8s_8s_32s_32_4_1_U1534             | 1    |        | add_ln840_433  | add | dsp48  | 3       |
|     mac_muladd_8s_8s_32s_32_4_1_U1535             | 1    | yes    | ret_V_434      | mul | dsp48  | 3       |
|     mac_muladd_8s_8s_32s_32_4_1_U1535             | 1    |        | add_ln840_434  | add | dsp48  | 3       |
|     mac_muladd_8s_8s_32s_32_4_1_U1536             | 1    | yes    | ret_V_435      | mul | dsp48  | 3       |
|     mac_muladd_8s_8s_32s_32_4_1_U1536             | 1    |        | add_ln840_435  | add | dsp48  | 3       |
|     mac_muladd_8s_8s_32s_32_4_1_U1537             | 1    | yes    | ret_V_436      | mul | dsp48  | 3       |
|     mac_muladd_8s_8s_32s_32_4_1_U1537             | 1    |        | add_ln840_436  | add | dsp48  | 3       |
|     mac_muladd_8s_8s_32s_32_4_1_U1538             | 1    | yes    | ret_V_437      | mul | dsp48  | 3       |
|     mac_muladd_8s_8s_32s_32_4_1_U1538             | 1    |        | add_ln840_437  | add | dsp48  | 3       |
|     mac_muladd_8s_8s_32s_32_4_1_U1539             | 1    | yes    | ret_V_438      | mul | dsp48  | 3       |
|     mac_muladd_8s_8s_32s_32_4_1_U1539             | 1    |        | add_ln840_438  | add | dsp48  | 3       |
|     mac_muladd_8s_8s_32s_32_4_1_U1540             | 1    | yes    | ret_V_439      | mul | dsp48  | 3       |
|     mac_muladd_8s_8s_32s_32_4_1_U1540             | 1    |        | add_ln840_439  | add | dsp48  | 3       |
|     mac_muladd_8s_8s_32s_32_4_1_U1541             | 1    | yes    | ret_V_440      | mul | dsp48  | 3       |
|     mac_muladd_8s_8s_32s_32_4_1_U1541             | 1    |        | add_ln840_440  | add | dsp48  | 3       |
|     mac_muladd_8s_8s_32s_32_4_1_U1542             | 1    | yes    | ret_V_441      | mul | dsp48  | 3       |
|     mac_muladd_8s_8s_32s_32_4_1_U1542             | 1    |        | add_ln840_441  | add | dsp48  | 3       |
|     mac_muladd_8s_8s_32s_32_4_1_U1543             | 1    | yes    | ret_V_442      | mul | dsp48  | 3       |
|     mac_muladd_8s_8s_32s_32_4_1_U1543             | 1    |        | add_ln840_442  | add | dsp48  | 3       |
|     mac_muladd_8s_8s_32s_32_4_1_U1544             | 1    | yes    | ret_V_443      | mul | dsp48  | 3       |
|     mac_muladd_8s_8s_32s_32_4_1_U1544             | 1    |        | add_ln840_443  | add | dsp48  | 3       |
|     mac_muladd_8s_8s_32s_32_4_1_U1545             | 1    | yes    | ret_V_444      | mul | dsp48  | 3       |
|     mac_muladd_8s_8s_32s_32_4_1_U1545             | 1    |        | add_ln840_444  | add | dsp48  | 3       |
|     mac_muladd_8s_8s_32s_32_4_1_U1546             | 1    | yes    | ret_V_445      | mul | dsp48  | 3       |
|     mac_muladd_8s_8s_32s_32_4_1_U1546             | 1    |        | add_ln840_445  | add | dsp48  | 3       |
|     mac_muladd_8s_8s_32s_32_4_1_U1547             | 1    | yes    | ret_V_446      | mul | dsp48  | 3       |
|     mac_muladd_8s_8s_32s_32_4_1_U1547             | 1    |        | add_ln840_446  | add | dsp48  | 3       |
|     mac_muladd_8s_8s_32s_32_4_1_U1548             | 1    | yes    | ret_V_447      | mul | dsp48  | 3       |
|     mac_muladd_8s_8s_32s_32_4_1_U1548             | 1    |        | add_ln840_447  | add | dsp48  | 3       |
|     mac_muladd_8s_8s_32s_32_4_1_U1549             | 1    | yes    | ret_V_448      | mul | dsp48  | 3       |
|     mac_muladd_8s_8s_32s_32_4_1_U1549             | 1    |        | add_ln840_448  | add | dsp48  | 3       |
|     mac_muladd_8s_8s_32s_32_4_1_U1550             | 1    | yes    | ret_V_449      | mul | dsp48  | 3       |
|     mac_muladd_8s_8s_32s_32_4_1_U1550             | 1    |        | add_ln840_449  | add | dsp48  | 3       |
|     mac_muladd_8s_8s_32s_32_4_1_U1551             | 1    | yes    | ret_V_450      | mul | dsp48  | 3       |
|     mac_muladd_8s_8s_32s_32_4_1_U1551             | 1    |        | add_ln840_450  | add | dsp48  | 3       |
|     mac_muladd_8s_8s_32s_32_4_1_U1552             | 1    | yes    | ret_V_451      | mul | dsp48  | 3       |
|     mac_muladd_8s_8s_32s_32_4_1_U1552             | 1    |        | add_ln840_451  | add | dsp48  | 3       |
|     mac_muladd_8s_8s_32s_32_4_1_U1553             | 1    | yes    | ret_V_452      | mul | dsp48  | 3       |
|     mac_muladd_8s_8s_32s_32_4_1_U1553             | 1    |        | add_ln840_452  | add | dsp48  | 3       |
|     mac_muladd_8s_8s_32s_32_4_1_U1554             | 1    | yes    | ret_V_453      | mul | dsp48  | 3       |
|     mac_muladd_8s_8s_32s_32_4_1_U1554             | 1    |        | add_ln840_453  | add | dsp48  | 3       |
|     mac_muladd_8s_8s_32s_32_4_1_U1555             | 1    | yes    | ret_V_454      | mul | dsp48  | 3       |
|     mac_muladd_8s_8s_32s_32_4_1_U1555             | 1    |        | add_ln840_454  | add | dsp48  | 3       |
|     mac_muladd_8s_8s_32s_32_4_1_U1556             | 1    | yes    | ret_V_455      | mul | dsp48  | 3       |
|     mac_muladd_8s_8s_32s_32_4_1_U1556             | 1    |        | add_ln840_455  | add | dsp48  | 3       |
|     mac_muladd_8s_8s_32s_32_4_1_U1557             | 1    | yes    | ret_V_456      | mul | dsp48  | 3       |
|     mac_muladd_8s_8s_32s_32_4_1_U1557             | 1    |        | add_ln840_456  | add | dsp48  | 3       |
|     mac_muladd_8s_8s_32s_32_4_1_U1558             | 1    | yes    | ret_V_457      | mul | dsp48  | 3       |
|     mac_muladd_8s_8s_32s_32_4_1_U1558             | 1    |        | add_ln840_457  | add | dsp48  | 3       |
|     mac_muladd_8s_8s_32s_32_4_1_U1559             | 1    | yes    | ret_V_458      | mul | dsp48  | 3       |
|     mac_muladd_8s_8s_32s_32_4_1_U1559             | 1    |        | add_ln840_458  | add | dsp48  | 3       |
|     mac_muladd_8s_8s_32s_32_4_1_U1560             | 1    | yes    | ret_V_459      | mul | dsp48  | 3       |
|     mac_muladd_8s_8s_32s_32_4_1_U1560             | 1    |        | add_ln840_459  | add | dsp48  | 3       |
|     mac_muladd_8s_8s_32s_32_4_1_U1561             | 1    | yes    | ret_V_460      | mul | dsp48  | 3       |
|     mac_muladd_8s_8s_32s_32_4_1_U1561             | 1    |        | add_ln840_460  | add | dsp48  | 3       |
|     mac_muladd_8s_8s_32s_32_4_1_U1562             | 1    | yes    | ret_V_461      | mul | dsp48  | 3       |
|     mac_muladd_8s_8s_32s_32_4_1_U1562             | 1    |        | add_ln840_461  | add | dsp48  | 3       |
|     mac_muladd_8s_8s_32s_32_4_1_U1563             | 1    | yes    | ret_V_462      | mul | dsp48  | 3       |
|     mac_muladd_8s_8s_32s_32_4_1_U1563             | 1    |        | add_ln840_462  | add | dsp48  | 3       |
|     mac_muladd_8s_8s_32s_32_4_1_U1564             | 1    | yes    | ret_V_463      | mul | dsp48  | 3       |
|     mac_muladd_8s_8s_32s_32_4_1_U1564             | 1    |        | add_ln840_463  | add | dsp48  | 3       |
|     mac_muladd_8s_8s_32s_32_4_1_U1565             | 1    | yes    | ret_V_464      | mul | dsp48  | 3       |
|     mac_muladd_8s_8s_32s_32_4_1_U1565             | 1    |        | add_ln840_464  | add | dsp48  | 3       |
|     mac_muladd_8s_8s_32s_32_4_1_U1566             | 1    | yes    | ret_V_465      | mul | dsp48  | 3       |
|     mac_muladd_8s_8s_32s_32_4_1_U1566             | 1    |        | add_ln840_465  | add | dsp48  | 3       |
|     mac_muladd_8s_8s_32s_32_4_1_U1567             | 1    | yes    | ret_V_466      | mul | dsp48  | 3       |
|     mac_muladd_8s_8s_32s_32_4_1_U1567             | 1    |        | add_ln840_466  | add | dsp48  | 3       |
|     mac_muladd_8s_8s_32s_32_4_1_U1568             | 1    | yes    | ret_V_467      | mul | dsp48  | 3       |
|     mac_muladd_8s_8s_32s_32_4_1_U1568             | 1    |        | add_ln840_467  | add | dsp48  | 3       |
|     mac_muladd_8s_8s_32s_32_4_1_U1569             | 1    | yes    | ret_V_468      | mul | dsp48  | 3       |
|     mac_muladd_8s_8s_32s_32_4_1_U1569             | 1    |        | add_ln840_468  | add | dsp48  | 3       |
|     mac_muladd_8s_8s_32s_32_4_1_U1570             | 1    | yes    | ret_V_469      | mul | dsp48  | 3       |
|     mac_muladd_8s_8s_32s_32_4_1_U1570             | 1    |        | add_ln840_469  | add | dsp48  | 3       |
|     mac_muladd_8s_8s_32s_32_4_1_U1571             | 1    | yes    | ret_V_470      | mul | dsp48  | 3       |
|     mac_muladd_8s_8s_32s_32_4_1_U1571             | 1    |        | add_ln840_470  | add | dsp48  | 3       |
|     mac_muladd_8s_8s_32s_32_4_1_U1572             | 1    | yes    | ret_V_471      | mul | dsp48  | 3       |
|     mac_muladd_8s_8s_32s_32_4_1_U1572             | 1    |        | add_ln840_471  | add | dsp48  | 3       |
|     mac_muladd_8s_8s_32s_32_4_1_U1573             | 1    | yes    | ret_V_472      | mul | dsp48  | 3       |
|     mac_muladd_8s_8s_32s_32_4_1_U1573             | 1    |        | add_ln840_472  | add | dsp48  | 3       |
|     mac_muladd_8s_8s_32s_32_4_1_U1574             | 1    | yes    | ret_V_473      | mul | dsp48  | 3       |
|     mac_muladd_8s_8s_32s_32_4_1_U1574             | 1    |        | add_ln840_473  | add | dsp48  | 3       |
|     mac_muladd_8s_8s_32s_32_4_1_U1575             | 1    | yes    | ret_V_474      | mul | dsp48  | 3       |
|     mac_muladd_8s_8s_32s_32_4_1_U1575             | 1    |        | add_ln840_474  | add | dsp48  | 3       |
|     mac_muladd_8s_8s_32s_32_4_1_U1576             | 1    | yes    | ret_V_475      | mul | dsp48  | 3       |
|     mac_muladd_8s_8s_32s_32_4_1_U1576             | 1    |        | add_ln840_475  | add | dsp48  | 3       |
|     mac_muladd_8s_8s_32s_32_4_1_U1577             | 1    | yes    | ret_V_476      | mul | dsp48  | 3       |
|     mac_muladd_8s_8s_32s_32_4_1_U1577             | 1    |        | add_ln840_476  | add | dsp48  | 3       |
|     mac_muladd_8s_8s_32s_32_4_1_U1578             | 1    | yes    | ret_V_477      | mul | dsp48  | 3       |
|     mac_muladd_8s_8s_32s_32_4_1_U1578             | 1    |        | add_ln840_477  | add | dsp48  | 3       |
|     mac_muladd_8s_8s_32s_32_4_1_U1579             | 1    | yes    | ret_V_478      | mul | dsp48  | 3       |
|     mac_muladd_8s_8s_32s_32_4_1_U1579             | 1    |        | add_ln840_478  | add | dsp48  | 3       |
|     mac_muladd_8s_8s_32s_32_4_1_U1580             | 1    | yes    | ret_V_479      | mul | dsp48  | 3       |
|     mac_muladd_8s_8s_32s_32_4_1_U1580             | 1    |        | add_ln840_479  | add | dsp48  | 3       |
|     mac_muladd_8s_8s_32s_32_4_1_U1581             | 1    | yes    | ret_V_480      | mul | dsp48  | 3       |
|     mac_muladd_8s_8s_32s_32_4_1_U1581             | 1    |        | add_ln840_480  | add | dsp48  | 3       |
|     mac_muladd_8s_8s_32s_32_4_1_U1582             | 1    | yes    | ret_V_481      | mul | dsp48  | 3       |
|     mac_muladd_8s_8s_32s_32_4_1_U1582             | 1    |        | add_ln840_481  | add | dsp48  | 3       |
|     mac_muladd_8s_8s_32s_32_4_1_U1583             | 1    | yes    | ret_V_482      | mul | dsp48  | 3       |
|     mac_muladd_8s_8s_32s_32_4_1_U1583             | 1    |        | add_ln840_482  | add | dsp48  | 3       |
|     mac_muladd_8s_8s_32s_32_4_1_U1584             | 1    | yes    | ret_V_483      | mul | dsp48  | 3       |
|     mac_muladd_8s_8s_32s_32_4_1_U1584             | 1    |        | add_ln840_483  | add | dsp48  | 3       |
|     mac_muladd_8s_8s_32s_32_4_1_U1585             | 1    | yes    | ret_V_484      | mul | dsp48  | 3       |
|     mac_muladd_8s_8s_32s_32_4_1_U1585             | 1    |        | add_ln840_484  | add | dsp48  | 3       |
|     mac_muladd_8s_8s_32s_32_4_1_U1586             | 1    | yes    | ret_V_485      | mul | dsp48  | 3       |
|     mac_muladd_8s_8s_32s_32_4_1_U1586             | 1    |        | add_ln840_485  | add | dsp48  | 3       |
|     mac_muladd_8s_8s_32s_32_4_1_U1587             | 1    | yes    | ret_V_486      | mul | dsp48  | 3       |
|     mac_muladd_8s_8s_32s_32_4_1_U1587             | 1    |        | add_ln840_486  | add | dsp48  | 3       |
|     mac_muladd_8s_8s_32s_32_4_1_U1588             | 1    | yes    | ret_V_487      | mul | dsp48  | 3       |
|     mac_muladd_8s_8s_32s_32_4_1_U1588             | 1    |        | add_ln840_487  | add | dsp48  | 3       |
|     mac_muladd_8s_8s_32s_32_4_1_U1589             | 1    | yes    | ret_V_488      | mul | dsp48  | 3       |
|     mac_muladd_8s_8s_32s_32_4_1_U1589             | 1    |        | add_ln840_488  | add | dsp48  | 3       |
|     mac_muladd_8s_8s_32s_32_4_1_U1590             | 1    | yes    | ret_V_489      | mul | dsp48  | 3       |
|     mac_muladd_8s_8s_32s_32_4_1_U1590             | 1    |        | add_ln840_489  | add | dsp48  | 3       |
|     mac_muladd_8s_8s_32s_32_4_1_U1591             | 1    | yes    | ret_V_490      | mul | dsp48  | 3       |
|     mac_muladd_8s_8s_32s_32_4_1_U1591             | 1    |        | add_ln840_490  | add | dsp48  | 3       |
|     mac_muladd_8s_8s_32s_32_4_1_U1592             | 1    | yes    | ret_V_491      | mul | dsp48  | 3       |
|     mac_muladd_8s_8s_32s_32_4_1_U1592             | 1    |        | add_ln840_491  | add | dsp48  | 3       |
|     mac_muladd_8s_8s_32s_32_4_1_U1593             | 1    | yes    | ret_V_492      | mul | dsp48  | 3       |
|     mac_muladd_8s_8s_32s_32_4_1_U1593             | 1    |        | add_ln840_492  | add | dsp48  | 3       |
|     mac_muladd_8s_8s_32s_32_4_1_U1594             | 1    | yes    | ret_V_493      | mul | dsp48  | 3       |
|     mac_muladd_8s_8s_32s_32_4_1_U1594             | 1    |        | add_ln840_493  | add | dsp48  | 3       |
|     mac_muladd_8s_8s_32s_32_4_1_U1595             | 1    | yes    | ret_V_494      | mul | dsp48  | 3       |
|     mac_muladd_8s_8s_32s_32_4_1_U1595             | 1    |        | add_ln840_494  | add | dsp48  | 3       |
|     mac_muladd_8s_8s_32s_32_4_1_U1596             | 1    | yes    | ret_V_495      | mul | dsp48  | 3       |
|     mac_muladd_8s_8s_32s_32_4_1_U1596             | 1    |        | add_ln840_495  | add | dsp48  | 3       |
|     mac_muladd_8s_8s_32s_32_4_1_U1597             | 1    | yes    | ret_V_496      | mul | dsp48  | 3       |
|     mac_muladd_8s_8s_32s_32_4_1_U1597             | 1    |        | add_ln840_496  | add | dsp48  | 3       |
|     mac_muladd_8s_8s_32s_32_4_1_U1598             | 1    | yes    | ret_V_497      | mul | dsp48  | 3       |
|     mac_muladd_8s_8s_32s_32_4_1_U1598             | 1    |        | add_ln840_497  | add | dsp48  | 3       |
|     mac_muladd_8s_8s_32s_32_4_1_U1599             | 1    | yes    | ret_V_498      | mul | dsp48  | 3       |
|     mac_muladd_8s_8s_32s_32_4_1_U1599             | 1    |        | add_ln840_498  | add | dsp48  | 3       |
|     mac_muladd_8s_8s_32s_32_4_1_U1600             | 1    | yes    | ret_V_499      | mul | dsp48  | 3       |
|     mac_muladd_8s_8s_32s_32_4_1_U1600             | 1    |        | add_ln840_499  | add | dsp48  | 3       |
|     mac_muladd_8s_8s_32s_32_4_1_U1601             | 1    | yes    | ret_V_500      | mul | dsp48  | 3       |
|     mac_muladd_8s_8s_32s_32_4_1_U1601             | 1    |        | add_ln840_500  | add | dsp48  | 3       |
|     mac_muladd_8s_8s_32s_32_4_1_U1602             | 1    | yes    | ret_V_501      | mul | dsp48  | 3       |
|     mac_muladd_8s_8s_32s_32_4_1_U1602             | 1    |        | add_ln840_501  | add | dsp48  | 3       |
|     mac_muladd_8s_8s_32s_32_4_1_U1603             | 1    | yes    | ret_V_502      | mul | dsp48  | 3       |
|     mac_muladd_8s_8s_32s_32_4_1_U1603             | 1    |        | add_ln840_502  | add | dsp48  | 3       |
|     mac_muladd_8s_8s_32s_32_4_1_U1604             | 1    | yes    | ret_V_503      | mul | dsp48  | 3       |
|     mac_muladd_8s_8s_32s_32_4_1_U1604             | 1    |        | add_ln840_503  | add | dsp48  | 3       |
|     mac_muladd_8s_8s_32s_32_4_1_U1605             | 1    | yes    | ret_V_504      | mul | dsp48  | 3       |
|     mac_muladd_8s_8s_32s_32_4_1_U1605             | 1    |        | add_ln840_504  | add | dsp48  | 3       |
|     mac_muladd_8s_8s_32s_32_4_1_U1606             | 1    | yes    | ret_V_505      | mul | dsp48  | 3       |
|     mac_muladd_8s_8s_32s_32_4_1_U1606             | 1    |        | add_ln840_505  | add | dsp48  | 3       |
|     mac_muladd_8s_8s_32s_32_4_1_U1607             | 1    | yes    | ret_V_506      | mul | dsp48  | 3       |
|     mac_muladd_8s_8s_32s_32_4_1_U1607             | 1    |        | add_ln840_506  | add | dsp48  | 3       |
|     mac_muladd_8s_8s_32s_32_4_1_U1608             | 1    | yes    | ret_V_507      | mul | dsp48  | 3       |
|     mac_muladd_8s_8s_32s_32_4_1_U1608             | 1    |        | add_ln840_507  | add | dsp48  | 3       |
|     mac_muladd_8s_8s_32s_32_4_1_U1609             | 1    | yes    | ret_V_508      | mul | dsp48  | 3       |
|     mac_muladd_8s_8s_32s_32_4_1_U1609             | 1    |        | add_ln840_508  | add | dsp48  | 3       |
|     mac_muladd_8s_8s_32s_32_4_1_U1610             | 1    | yes    | ret_V_509      | mul | dsp48  | 3       |
|     mac_muladd_8s_8s_32s_32_4_1_U1610             | 1    |        | add_ln840_509  | add | dsp48  | 3       |
|     mac_muladd_8s_8s_32s_32_4_1_U1611             | 1    | yes    | ret_V_510      | mul | dsp48  | 3       |
|     mac_muladd_8s_8s_32s_32_4_1_U1611             | 1    |        | add_ln840_510  | add | dsp48  | 3       |
|     mac_muladd_8s_8s_32s_32_4_1_U1612             | 1    | yes    | ret_V_511      | mul | dsp48  | 3       |
|     mac_muladd_8s_8s_32s_32_4_1_U1612             | 1    |        | add_ln840_511  | add | dsp48  | 3       |
|     mac_muladd_8s_8s_32s_32_4_1_U1613             | 1    | yes    | ret_V_512      | mul | dsp48  | 3       |
|     mac_muladd_8s_8s_32s_32_4_1_U1613             | 1    |        | add_ln840_512  | add | dsp48  | 3       |
|     mac_muladd_8s_8s_32s_32_4_1_U1614             | 1    | yes    | ret_V_513      | mul | dsp48  | 3       |
|     mac_muladd_8s_8s_32s_32_4_1_U1614             | 1    |        | add_ln840_513  | add | dsp48  | 3       |
|     mac_muladd_8s_8s_32s_32_4_1_U1615             | 1    | yes    | ret_V_514      | mul | dsp48  | 3       |
|     mac_muladd_8s_8s_32s_32_4_1_U1615             | 1    |        | add_ln840_514  | add | dsp48  | 3       |
|     mac_muladd_8s_8s_32s_32_4_1_U1616             | 1    | yes    | ret_V_515      | mul | dsp48  | 3       |
|     mac_muladd_8s_8s_32s_32_4_1_U1616             | 1    |        | add_ln840_515  | add | dsp48  | 3       |
|     mac_muladd_8s_8s_32s_32_4_1_U1617             | 1    | yes    | ret_V_516      | mul | dsp48  | 3       |
|     mac_muladd_8s_8s_32s_32_4_1_U1617             | 1    |        | add_ln840_516  | add | dsp48  | 3       |
|     mac_muladd_8s_8s_32s_32_4_1_U1618             | 1    | yes    | ret_V_517      | mul | dsp48  | 3       |
|     mac_muladd_8s_8s_32s_32_4_1_U1618             | 1    |        | add_ln840_517  | add | dsp48  | 3       |
|     mac_muladd_8s_8s_32s_32_4_1_U1619             | 1    | yes    | ret_V_518      | mul | dsp48  | 3       |
|     mac_muladd_8s_8s_32s_32_4_1_U1619             | 1    |        | add_ln840_518  | add | dsp48  | 3       |
|     mac_muladd_8s_8s_32s_32_4_1_U1620             | 1    | yes    | ret_V_519      | mul | dsp48  | 3       |
|     mac_muladd_8s_8s_32s_32_4_1_U1620             | 1    |        | add_ln840_519  | add | dsp48  | 3       |
|     mac_muladd_8s_8s_32s_32_4_1_U1621             | 1    | yes    | ret_V_520      | mul | dsp48  | 3       |
|     mac_muladd_8s_8s_32s_32_4_1_U1621             | 1    |        | add_ln840_520  | add | dsp48  | 3       |
|     mac_muladd_8s_8s_32s_32_4_1_U1622             | 1    | yes    | ret_V_521      | mul | dsp48  | 3       |
|     mac_muladd_8s_8s_32s_32_4_1_U1622             | 1    |        | add_ln840_521  | add | dsp48  | 3       |
|     mac_muladd_8s_8s_32s_32_4_1_U1623             | 1    | yes    | ret_V_522      | mul | dsp48  | 3       |
|     mac_muladd_8s_8s_32s_32_4_1_U1623             | 1    |        | add_ln840_522  | add | dsp48  | 3       |
|     mac_muladd_8s_8s_32s_32_4_1_U1624             | 1    | yes    | ret_V_523      | mul | dsp48  | 3       |
|     mac_muladd_8s_8s_32s_32_4_1_U1624             | 1    |        | add_ln840_523  | add | dsp48  | 3       |
|     mac_muladd_8s_8s_32s_32_4_1_U1625             | 1    | yes    | ret_V_524      | mul | dsp48  | 3       |
|     mac_muladd_8s_8s_32s_32_4_1_U1625             | 1    |        | add_ln840_524  | add | dsp48  | 3       |
|     mac_muladd_8s_8s_32s_32_4_1_U1626             | 1    | yes    | ret_V_525      | mul | dsp48  | 3       |
|     mac_muladd_8s_8s_32s_32_4_1_U1626             | 1    |        | add_ln840_525  | add | dsp48  | 3       |
|     mac_muladd_8s_8s_32s_32_4_1_U1627             | 1    | yes    | ret_V_526      | mul | dsp48  | 3       |
|     mac_muladd_8s_8s_32s_32_4_1_U1627             | 1    |        | add_ln840_526  | add | dsp48  | 3       |
|     mac_muladd_8s_8s_32s_32_4_1_U1628             | 1    | yes    | ret_V_527      | mul | dsp48  | 3       |
|     mac_muladd_8s_8s_32s_32_4_1_U1628             | 1    |        | add_ln840_527  | add | dsp48  | 3       |
|     mac_muladd_8s_8s_32s_32_4_1_U1629             | 1    | yes    | ret_V_528      | mul | dsp48  | 3       |
|     mac_muladd_8s_8s_32s_32_4_1_U1629             | 1    |        | add_ln840_528  | add | dsp48  | 3       |
|     mac_muladd_8s_8s_32s_32_4_1_U1630             | 1    | yes    | ret_V_529      | mul | dsp48  | 3       |
|     mac_muladd_8s_8s_32s_32_4_1_U1630             | 1    |        | add_ln840_529  | add | dsp48  | 3       |
|     mac_muladd_8s_8s_32s_32_4_1_U1631             | 1    | yes    | ret_V_530      | mul | dsp48  | 3       |
|     mac_muladd_8s_8s_32s_32_4_1_U1631             | 1    |        | add_ln840_530  | add | dsp48  | 3       |
|     mac_muladd_8s_8s_32s_32_4_1_U1632             | 1    | yes    | ret_V_531      | mul | dsp48  | 3       |
|     mac_muladd_8s_8s_32s_32_4_1_U1632             | 1    |        | add_ln840_531  | add | dsp48  | 3       |
|     mac_muladd_8s_8s_32s_32_4_1_U1633             | 1    | yes    | ret_V_532      | mul | dsp48  | 3       |
|     mac_muladd_8s_8s_32s_32_4_1_U1633             | 1    |        | add_ln840_532  | add | dsp48  | 3       |
|     mac_muladd_8s_8s_32s_32_4_1_U1634             | 1    | yes    | ret_V_533      | mul | dsp48  | 3       |
|     mac_muladd_8s_8s_32s_32_4_1_U1634             | 1    |        | add_ln840_533  | add | dsp48  | 3       |
|     mac_muladd_8s_8s_32s_32_4_1_U1635             | 1    | yes    | ret_V_534      | mul | dsp48  | 3       |
|     mac_muladd_8s_8s_32s_32_4_1_U1635             | 1    |        | add_ln840_534  | add | dsp48  | 3       |
|     mac_muladd_8s_8s_32s_32_4_1_U1636             | 1    | yes    | ret_V_535      | mul | dsp48  | 3       |
|     mac_muladd_8s_8s_32s_32_4_1_U1636             | 1    |        | add_ln840_535  | add | dsp48  | 3       |
|     mac_muladd_8s_8s_32s_32_4_1_U1637             | 1    | yes    | ret_V_536      | mul | dsp48  | 3       |
|     mac_muladd_8s_8s_32s_32_4_1_U1637             | 1    |        | add_ln840_536  | add | dsp48  | 3       |
|     mac_muladd_8s_8s_32s_32_4_1_U1638             | 1    | yes    | ret_V_537      | mul | dsp48  | 3       |
|     mac_muladd_8s_8s_32s_32_4_1_U1638             | 1    |        | add_ln840_537  | add | dsp48  | 3       |
|     mac_muladd_8s_8s_32s_32_4_1_U1639             | 1    | yes    | ret_V_538      | mul | dsp48  | 3       |
|     mac_muladd_8s_8s_32s_32_4_1_U1639             | 1    |        | add_ln840_538  | add | dsp48  | 3       |
|     mac_muladd_8s_8s_32s_32_4_1_U1640             | 1    | yes    | ret_V_539      | mul | dsp48  | 3       |
|     mac_muladd_8s_8s_32s_32_4_1_U1640             | 1    |        | add_ln840_539  | add | dsp48  | 3       |
|     mac_muladd_8s_8s_32s_32_4_1_U1641             | 1    | yes    | ret_V_540      | mul | dsp48  | 3       |
|     mac_muladd_8s_8s_32s_32_4_1_U1641             | 1    |        | add_ln840_540  | add | dsp48  | 3       |
|     mac_muladd_8s_8s_32s_32_4_1_U1642             | 1    | yes    | ret_V_541      | mul | dsp48  | 3       |
|     mac_muladd_8s_8s_32s_32_4_1_U1642             | 1    |        | add_ln840_541  | add | dsp48  | 3       |
|     mac_muladd_8s_8s_32s_32_4_1_U1643             | 1    | yes    | ret_V_542      | mul | dsp48  | 3       |
|     mac_muladd_8s_8s_32s_32_4_1_U1643             | 1    |        | add_ln840_542  | add | dsp48  | 3       |
|     mac_muladd_8s_8s_32s_32_4_1_U1644             | 1    | yes    | ret_V_543      | mul | dsp48  | 3       |
|     mac_muladd_8s_8s_32s_32_4_1_U1644             | 1    |        | add_ln840_543  | add | dsp48  | 3       |
|     mac_muladd_8s_8s_32s_32_4_1_U1645             | 1    | yes    | ret_V_544      | mul | dsp48  | 3       |
|     mac_muladd_8s_8s_32s_32_4_1_U1645             | 1    |        | add_ln840_544  | add | dsp48  | 3       |
|     mac_muladd_8s_8s_32s_32_4_1_U1646             | 1    | yes    | ret_V_545      | mul | dsp48  | 3       |
|     mac_muladd_8s_8s_32s_32_4_1_U1646             | 1    |        | add_ln840_545  | add | dsp48  | 3       |
|     mac_muladd_8s_8s_32s_32_4_1_U1647             | 1    | yes    | ret_V_546      | mul | dsp48  | 3       |
|     mac_muladd_8s_8s_32s_32_4_1_U1647             | 1    |        | add_ln840_546  | add | dsp48  | 3       |
|     mac_muladd_8s_8s_32s_32_4_1_U1648             | 1    | yes    | ret_V_547      | mul | dsp48  | 3       |
|     mac_muladd_8s_8s_32s_32_4_1_U1648             | 1    |        | add_ln840_547  | add | dsp48  | 3       |
|     mac_muladd_8s_8s_32s_32_4_1_U1649             | 1    | yes    | ret_V_548      | mul | dsp48  | 3       |
|     mac_muladd_8s_8s_32s_32_4_1_U1649             | 1    |        | add_ln840_548  | add | dsp48  | 3       |
|     mac_muladd_8s_8s_32s_32_4_1_U1650             | 1    | yes    | ret_V_549      | mul | dsp48  | 3       |
|     mac_muladd_8s_8s_32s_32_4_1_U1650             | 1    |        | add_ln840_549  | add | dsp48  | 3       |
|     mac_muladd_8s_8s_32s_32_4_1_U1651             | 1    | yes    | ret_V_550      | mul | dsp48  | 3       |
|     mac_muladd_8s_8s_32s_32_4_1_U1651             | 1    |        | add_ln840_550  | add | dsp48  | 3       |
|     mac_muladd_8s_8s_32s_32_4_1_U1652             | 1    | yes    | ret_V_551      | mul | dsp48  | 3       |
|     mac_muladd_8s_8s_32s_32_4_1_U1652             | 1    |        | add_ln840_551  | add | dsp48  | 3       |
|     mac_muladd_8s_8s_32s_32_4_1_U1653             | 1    | yes    | ret_V_552      | mul | dsp48  | 3       |
|     mac_muladd_8s_8s_32s_32_4_1_U1653             | 1    |        | add_ln840_552  | add | dsp48  | 3       |
|     mac_muladd_8s_8s_32s_32_4_1_U1654             | 1    | yes    | ret_V_553      | mul | dsp48  | 3       |
|     mac_muladd_8s_8s_32s_32_4_1_U1654             | 1    |        | add_ln840_553  | add | dsp48  | 3       |
|     mac_muladd_8s_8s_32s_32_4_1_U1655             | 1    | yes    | ret_V_554      | mul | dsp48  | 3       |
|     mac_muladd_8s_8s_32s_32_4_1_U1655             | 1    |        | add_ln840_554  | add | dsp48  | 3       |
|     mac_muladd_8s_8s_32s_32_4_1_U1656             | 1    | yes    | ret_V_555      | mul | dsp48  | 3       |
|     mac_muladd_8s_8s_32s_32_4_1_U1656             | 1    |        | add_ln840_555  | add | dsp48  | 3       |
|     mac_muladd_8s_8s_32s_32_4_1_U1657             | 1    | yes    | ret_V_556      | mul | dsp48  | 3       |
|     mac_muladd_8s_8s_32s_32_4_1_U1657             | 1    |        | add_ln840_556  | add | dsp48  | 3       |
|     mac_muladd_8s_8s_32s_32_4_1_U1658             | 1    | yes    | ret_V_557      | mul | dsp48  | 3       |
|     mac_muladd_8s_8s_32s_32_4_1_U1658             | 1    |        | add_ln840_557  | add | dsp48  | 3       |
|     mac_muladd_8s_8s_32s_32_4_1_U1659             | 1    | yes    | ret_V_558      | mul | dsp48  | 3       |
|     mac_muladd_8s_8s_32s_32_4_1_U1659             | 1    |        | add_ln840_558  | add | dsp48  | 3       |
|     mac_muladd_8s_8s_32s_32_4_1_U1660             | 1    | yes    | ret_V_559      | mul | dsp48  | 3       |
|     mac_muladd_8s_8s_32s_32_4_1_U1660             | 1    |        | add_ln840_559  | add | dsp48  | 3       |
|     mac_muladd_8s_8s_32s_32_4_1_U1661             | 1    | yes    | ret_V_560      | mul | dsp48  | 3       |
|     mac_muladd_8s_8s_32s_32_4_1_U1661             | 1    |        | add_ln840_560  | add | dsp48  | 3       |
|     mac_muladd_8s_8s_32s_32_4_1_U1662             | 1    | yes    | ret_V_561      | mul | dsp48  | 3       |
|     mac_muladd_8s_8s_32s_32_4_1_U1662             | 1    |        | add_ln840_561  | add | dsp48  | 3       |
|     mac_muladd_8s_8s_32s_32_4_1_U1663             | 1    | yes    | ret_V_562      | mul | dsp48  | 3       |
|     mac_muladd_8s_8s_32s_32_4_1_U1663             | 1    |        | add_ln840_562  | add | dsp48  | 3       |
|     mac_muladd_8s_8s_32s_32_4_1_U1664             | 1    | yes    | ret_V_563      | mul | dsp48  | 3       |
|     mac_muladd_8s_8s_32s_32_4_1_U1664             | 1    |        | add_ln840_563  | add | dsp48  | 3       |
|     mac_muladd_8s_8s_32s_32_4_1_U1665             | 1    | yes    | ret_V_564      | mul | dsp48  | 3       |
|     mac_muladd_8s_8s_32s_32_4_1_U1665             | 1    |        | add_ln840_564  | add | dsp48  | 3       |
|     mac_muladd_8s_8s_32s_32_4_1_U1666             | 1    | yes    | ret_V_565      | mul | dsp48  | 3       |
|     mac_muladd_8s_8s_32s_32_4_1_U1666             | 1    |        | add_ln840_565  | add | dsp48  | 3       |
|     mac_muladd_8s_8s_32s_32_4_1_U1667             | 1    | yes    | ret_V_566      | mul | dsp48  | 3       |
|     mac_muladd_8s_8s_32s_32_4_1_U1667             | 1    |        | add_ln840_566  | add | dsp48  | 3       |
|     mac_muladd_8s_8s_32s_32_4_1_U1668             | 1    | yes    | ret_V_567      | mul | dsp48  | 3       |
|     mac_muladd_8s_8s_32s_32_4_1_U1668             | 1    |        | add_ln840_567  | add | dsp48  | 3       |
|     mac_muladd_8s_8s_32s_32_4_1_U1669             | 1    | yes    | ret_V_568      | mul | dsp48  | 3       |
|     mac_muladd_8s_8s_32s_32_4_1_U1669             | 1    |        | add_ln840_568  | add | dsp48  | 3       |
|     mac_muladd_8s_8s_32s_32_4_1_U1670             | 1    | yes    | ret_V_569      | mul | dsp48  | 3       |
|     mac_muladd_8s_8s_32s_32_4_1_U1670             | 1    |        | add_ln840_569  | add | dsp48  | 3       |
|     mac_muladd_8s_8s_32s_32_4_1_U1671             | 1    | yes    | ret_V_570      | mul | dsp48  | 3       |
|     mac_muladd_8s_8s_32s_32_4_1_U1671             | 1    |        | add_ln840_570  | add | dsp48  | 3       |
|     mac_muladd_8s_8s_32s_32_4_1_U1672             | 1    | yes    | ret_V_571      | mul | dsp48  | 3       |
|     mac_muladd_8s_8s_32s_32_4_1_U1672             | 1    |        | add_ln840_571  | add | dsp48  | 3       |
|     mac_muladd_8s_8s_32s_32_4_1_U1673             | 1    | yes    | ret_V_572      | mul | dsp48  | 3       |
|     mac_muladd_8s_8s_32s_32_4_1_U1673             | 1    |        | add_ln840_572  | add | dsp48  | 3       |
|     mac_muladd_8s_8s_32s_32_4_1_U1674             | 1    | yes    | ret_V_573      | mul | dsp48  | 3       |
|     mac_muladd_8s_8s_32s_32_4_1_U1674             | 1    |        | add_ln840_573  | add | dsp48  | 3       |
|     mac_muladd_8s_8s_32s_32_4_1_U1675             | 1    | yes    | ret_V_574      | mul | dsp48  | 3       |
|     mac_muladd_8s_8s_32s_32_4_1_U1675             | 1    |        | add_ln840_574  | add | dsp48  | 3       |
|     mac_muladd_8s_8s_32s_32_4_1_U1676             | 1    | yes    | ret_V_575      | mul | dsp48  | 3       |
|     mac_muladd_8s_8s_32s_32_4_1_U1676             | 1    |        | add_ln840_575  | add | dsp48  | 3       |
|     mac_muladd_8s_8s_32s_32_4_1_U1677             | 1    | yes    | ret_V_576      | mul | dsp48  | 3       |
|     mac_muladd_8s_8s_32s_32_4_1_U1677             | 1    |        | add_ln840_576  | add | dsp48  | 3       |
|     mac_muladd_8s_8s_32s_32_4_1_U1678             | 1    | yes    | ret_V_577      | mul | dsp48  | 3       |
|     mac_muladd_8s_8s_32s_32_4_1_U1678             | 1    |        | add_ln840_577  | add | dsp48  | 3       |
|     mac_muladd_8s_8s_32s_32_4_1_U1679             | 1    | yes    | ret_V_578      | mul | dsp48  | 3       |
|     mac_muladd_8s_8s_32s_32_4_1_U1679             | 1    |        | add_ln840_578  | add | dsp48  | 3       |
|     mac_muladd_8s_8s_32s_32_4_1_U1680             | 1    | yes    | ret_V_579      | mul | dsp48  | 3       |
|     mac_muladd_8s_8s_32s_32_4_1_U1680             | 1    |        | add_ln840_579  | add | dsp48  | 3       |
|     mac_muladd_8s_8s_32s_32_4_1_U1681             | 1    | yes    | ret_V_580      | mul | dsp48  | 3       |
|     mac_muladd_8s_8s_32s_32_4_1_U1681             | 1    |        | add_ln840_580  | add | dsp48  | 3       |
|     mac_muladd_8s_8s_32s_32_4_1_U1682             | 1    | yes    | ret_V_581      | mul | dsp48  | 3       |
|     mac_muladd_8s_8s_32s_32_4_1_U1682             | 1    |        | add_ln840_581  | add | dsp48  | 3       |
|     mac_muladd_8s_8s_32s_32_4_1_U1683             | 1    | yes    | ret_V_582      | mul | dsp48  | 3       |
|     mac_muladd_8s_8s_32s_32_4_1_U1683             | 1    |        | add_ln840_582  | add | dsp48  | 3       |
|     mac_muladd_8s_8s_32s_32_4_1_U1684             | 1    | yes    | ret_V_583      | mul | dsp48  | 3       |
|     mac_muladd_8s_8s_32s_32_4_1_U1684             | 1    |        | add_ln840_583  | add | dsp48  | 3       |
|     mac_muladd_8s_8s_32s_32_4_1_U1685             | 1    | yes    | ret_V_584      | mul | dsp48  | 3       |
|     mac_muladd_8s_8s_32s_32_4_1_U1685             | 1    |        | add_ln840_584  | add | dsp48  | 3       |
|     mac_muladd_8s_8s_32s_32_4_1_U1686             | 1    | yes    | ret_V_585      | mul | dsp48  | 3       |
|     mac_muladd_8s_8s_32s_32_4_1_U1686             | 1    |        | add_ln840_585  | add | dsp48  | 3       |
|     mac_muladd_8s_8s_32s_32_4_1_U1687             | 1    | yes    | ret_V_586      | mul | dsp48  | 3       |
|     mac_muladd_8s_8s_32s_32_4_1_U1687             | 1    |        | add_ln840_586  | add | dsp48  | 3       |
|     mac_muladd_8s_8s_32s_32_4_1_U1688             | 1    | yes    | ret_V_587      | mul | dsp48  | 3       |
|     mac_muladd_8s_8s_32s_32_4_1_U1688             | 1    |        | add_ln840_587  | add | dsp48  | 3       |
|     mac_muladd_8s_8s_32s_32_4_1_U1689             | 1    | yes    | ret_V_588      | mul | dsp48  | 3       |
|     mac_muladd_8s_8s_32s_32_4_1_U1689             | 1    |        | add_ln840_588  | add | dsp48  | 3       |
|     mac_muladd_8s_8s_32s_32_4_1_U1690             | 1    | yes    | ret_V_589      | mul | dsp48  | 3       |
|     mac_muladd_8s_8s_32s_32_4_1_U1690             | 1    |        | add_ln840_589  | add | dsp48  | 3       |
|     mac_muladd_8s_8s_32s_32_4_1_U1691             | 1    | yes    | ret_V_590      | mul | dsp48  | 3       |
|     mac_muladd_8s_8s_32s_32_4_1_U1691             | 1    |        | add_ln840_590  | add | dsp48  | 3       |
|     mac_muladd_8s_8s_32s_32_4_1_U1692             | 1    | yes    | ret_V_591      | mul | dsp48  | 3       |
|     mac_muladd_8s_8s_32s_32_4_1_U1692             | 1    |        | add_ln840_591  | add | dsp48  | 3       |
|     mac_muladd_8s_8s_32s_32_4_1_U1693             | 1    | yes    | ret_V_592      | mul | dsp48  | 3       |
|     mac_muladd_8s_8s_32s_32_4_1_U1693             | 1    |        | add_ln840_592  | add | dsp48  | 3       |
|     mac_muladd_8s_8s_32s_32_4_1_U1694             | 1    | yes    | ret_V_593      | mul | dsp48  | 3       |
|     mac_muladd_8s_8s_32s_32_4_1_U1694             | 1    |        | add_ln840_593  | add | dsp48  | 3       |
|     mac_muladd_8s_8s_32s_32_4_1_U1695             | 1    | yes    | ret_V_594      | mul | dsp48  | 3       |
|     mac_muladd_8s_8s_32s_32_4_1_U1695             | 1    |        | add_ln840_594  | add | dsp48  | 3       |
|     mac_muladd_8s_8s_32s_32_4_1_U1696             | 1    | yes    | ret_V_595      | mul | dsp48  | 3       |
|     mac_muladd_8s_8s_32s_32_4_1_U1696             | 1    |        | add_ln840_595  | add | dsp48  | 3       |
|     mac_muladd_8s_8s_32s_32_4_1_U1697             | 1    | yes    | ret_V_596      | mul | dsp48  | 3       |
|     mac_muladd_8s_8s_32s_32_4_1_U1697             | 1    |        | add_ln840_596  | add | dsp48  | 3       |
|     mac_muladd_8s_8s_32s_32_4_1_U1698             | 1    | yes    | ret_V_597      | mul | dsp48  | 3       |
|     mac_muladd_8s_8s_32s_32_4_1_U1698             | 1    |        | add_ln840_597  | add | dsp48  | 3       |
|     mac_muladd_8s_8s_32s_32_4_1_U1699             | 1    | yes    | ret_V_598      | mul | dsp48  | 3       |
|     mac_muladd_8s_8s_32s_32_4_1_U1699             | 1    |        | add_ln840_598  | add | dsp48  | 3       |
|     mac_muladd_8s_8s_32s_32_4_1_U1700             | 1    | yes    | ret_V_599      | mul | dsp48  | 3       |
|     mac_muladd_8s_8s_32s_32_4_1_U1700             | 1    |        | add_ln840_599  | add | dsp48  | 3       |
|     mac_muladd_8s_8s_32s_32_4_1_U1701             | 1    | yes    | ret_V_600      | mul | dsp48  | 3       |
|     mac_muladd_8s_8s_32s_32_4_1_U1701             | 1    |        | add_ln840_600  | add | dsp48  | 3       |
|     mac_muladd_8s_8s_32s_32_4_1_U1702             | 1    | yes    | ret_V_601      | mul | dsp48  | 3       |
|     mac_muladd_8s_8s_32s_32_4_1_U1702             | 1    |        | add_ln840_601  | add | dsp48  | 3       |
|     mac_muladd_8s_8s_32s_32_4_1_U1703             | 1    | yes    | ret_V_602      | mul | dsp48  | 3       |
|     mac_muladd_8s_8s_32s_32_4_1_U1703             | 1    |        | add_ln840_602  | add | dsp48  | 3       |
|     mac_muladd_8s_8s_32s_32_4_1_U1704             | 1    | yes    | ret_V_603      | mul | dsp48  | 3       |
|     mac_muladd_8s_8s_32s_32_4_1_U1704             | 1    |        | add_ln840_603  | add | dsp48  | 3       |
|     mac_muladd_8s_8s_32s_32_4_1_U1705             | 1    | yes    | ret_V_604      | mul | dsp48  | 3       |
|     mac_muladd_8s_8s_32s_32_4_1_U1705             | 1    |        | add_ln840_604  | add | dsp48  | 3       |
|     mac_muladd_8s_8s_32s_32_4_1_U1706             | 1    | yes    | ret_V_605      | mul | dsp48  | 3       |
|     mac_muladd_8s_8s_32s_32_4_1_U1706             | 1    |        | add_ln840_605  | add | dsp48  | 3       |
|     mac_muladd_8s_8s_32s_32_4_1_U1707             | 1    | yes    | ret_V_606      | mul | dsp48  | 3       |
|     mac_muladd_8s_8s_32s_32_4_1_U1707             | 1    |        | add_ln840_606  | add | dsp48  | 3       |
|     mac_muladd_8s_8s_32s_32_4_1_U1708             | 1    | yes    | ret_V_607      | mul | dsp48  | 3       |
|     mac_muladd_8s_8s_32s_32_4_1_U1708             | 1    |        | add_ln840_607  | add | dsp48  | 3       |
|     mac_muladd_8s_8s_32s_32_4_1_U1709             | 1    | yes    | ret_V_608      | mul | dsp48  | 3       |
|     mac_muladd_8s_8s_32s_32_4_1_U1709             | 1    |        | add_ln840_608  | add | dsp48  | 3       |
|     mac_muladd_8s_8s_32s_32_4_1_U1710             | 1    | yes    | ret_V_609      | mul | dsp48  | 3       |
|     mac_muladd_8s_8s_32s_32_4_1_U1710             | 1    |        | add_ln840_609  | add | dsp48  | 3       |
|     mac_muladd_8s_8s_32s_32_4_1_U1711             | 1    | yes    | ret_V_610      | mul | dsp48  | 3       |
|     mac_muladd_8s_8s_32s_32_4_1_U1711             | 1    |        | add_ln840_610  | add | dsp48  | 3       |
|     mac_muladd_8s_8s_32s_32_4_1_U1712             | 1    | yes    | ret_V_611      | mul | dsp48  | 3       |
|     mac_muladd_8s_8s_32s_32_4_1_U1712             | 1    |        | add_ln840_611  | add | dsp48  | 3       |
|     mac_muladd_8s_8s_32s_32_4_1_U1713             | 1    | yes    | ret_V_612      | mul | dsp48  | 3       |
|     mac_muladd_8s_8s_32s_32_4_1_U1713             | 1    |        | add_ln840_612  | add | dsp48  | 3       |
|     mac_muladd_8s_8s_32s_32_4_1_U1714             | 1    | yes    | ret_V_613      | mul | dsp48  | 3       |
|     mac_muladd_8s_8s_32s_32_4_1_U1714             | 1    |        | add_ln840_613  | add | dsp48  | 3       |
|     mac_muladd_8s_8s_32s_32_4_1_U1715             | 1    | yes    | ret_V_614      | mul | dsp48  | 3       |
|     mac_muladd_8s_8s_32s_32_4_1_U1715             | 1    |        | add_ln840_614  | add | dsp48  | 3       |
|     mac_muladd_8s_8s_32s_32_4_1_U1716             | 1    | yes    | ret_V_615      | mul | dsp48  | 3       |
|     mac_muladd_8s_8s_32s_32_4_1_U1716             | 1    |        | add_ln840_615  | add | dsp48  | 3       |
|     mac_muladd_8s_8s_32s_32_4_1_U1717             | 1    | yes    | ret_V_616      | mul | dsp48  | 3       |
|     mac_muladd_8s_8s_32s_32_4_1_U1717             | 1    |        | add_ln840_616  | add | dsp48  | 3       |
|     mac_muladd_8s_8s_32s_32_4_1_U1718             | 1    | yes    | ret_V_617      | mul | dsp48  | 3       |
|     mac_muladd_8s_8s_32s_32_4_1_U1718             | 1    |        | add_ln840_617  | add | dsp48  | 3       |
|     mac_muladd_8s_8s_32s_32_4_1_U1719             | 1    | yes    | ret_V_618      | mul | dsp48  | 3       |
|     mac_muladd_8s_8s_32s_32_4_1_U1719             | 1    |        | add_ln840_618  | add | dsp48  | 3       |
|     mac_muladd_8s_8s_32s_32_4_1_U1720             | 1    | yes    | ret_V_619      | mul | dsp48  | 3       |
|     mac_muladd_8s_8s_32s_32_4_1_U1720             | 1    |        | add_ln840_619  | add | dsp48  | 3       |
|     mac_muladd_8s_8s_32s_32_4_1_U1721             | 1    | yes    | ret_V_620      | mul | dsp48  | 3       |
|     mac_muladd_8s_8s_32s_32_4_1_U1721             | 1    |        | add_ln840_620  | add | dsp48  | 3       |
|     mac_muladd_8s_8s_32s_32_4_1_U1722             | 1    | yes    | ret_V_621      | mul | dsp48  | 3       |
|     mac_muladd_8s_8s_32s_32_4_1_U1722             | 1    |        | add_ln840_621  | add | dsp48  | 3       |
|     mac_muladd_8s_8s_32s_32_4_1_U1723             | 1    | yes    | ret_V_622      | mul | dsp48  | 3       |
|     mac_muladd_8s_8s_32s_32_4_1_U1723             | 1    |        | add_ln840_622  | add | dsp48  | 3       |
|     mac_muladd_8s_8s_32s_32_4_1_U1724             | 1    | yes    | ret_V_623      | mul | dsp48  | 3       |
|     mac_muladd_8s_8s_32s_32_4_1_U1724             | 1    |        | add_ln840_623  | add | dsp48  | 3       |
|     mac_muladd_8s_8s_32s_32_4_1_U1725             | 1    | yes    | ret_V_624      | mul | dsp48  | 3       |
|     mac_muladd_8s_8s_32s_32_4_1_U1725             | 1    |        | add_ln840_624  | add | dsp48  | 3       |
|     mac_muladd_8s_8s_32s_32_4_1_U1726             | 1    | yes    | ret_V_625      | mul | dsp48  | 3       |
|     mac_muladd_8s_8s_32s_32_4_1_U1726             | 1    |        | add_ln840_625  | add | dsp48  | 3       |
|     mac_muladd_8s_8s_32s_32_4_1_U1727             | 1    | yes    | ret_V_626      | mul | dsp48  | 3       |
|     mac_muladd_8s_8s_32s_32_4_1_U1727             | 1    |        | add_ln840_626  | add | dsp48  | 3       |
|     mac_muladd_8s_8s_32s_32_4_1_U1728             | 1    | yes    | ret_V_627      | mul | dsp48  | 3       |
|     mac_muladd_8s_8s_32s_32_4_1_U1728             | 1    |        | add_ln840_627  | add | dsp48  | 3       |
|     mac_muladd_8s_8s_32s_32_4_1_U1729             | 1    | yes    | ret_V_628      | mul | dsp48  | 3       |
|     mac_muladd_8s_8s_32s_32_4_1_U1729             | 1    |        | add_ln840_628  | add | dsp48  | 3       |
|     mac_muladd_8s_8s_32s_32_4_1_U1730             | 1    | yes    | ret_V_629      | mul | dsp48  | 3       |
|     mac_muladd_8s_8s_32s_32_4_1_U1730             | 1    |        | add_ln840_629  | add | dsp48  | 3       |
|     mac_muladd_8s_8s_32s_32_4_1_U1731             | 1    | yes    | ret_V_630      | mul | dsp48  | 3       |
|     mac_muladd_8s_8s_32s_32_4_1_U1731             | 1    |        | add_ln840_630  | add | dsp48  | 3       |
|     mac_muladd_8s_8s_32s_32_4_1_U1732             | 1    | yes    | ret_V_631      | mul | dsp48  | 3       |
|     mac_muladd_8s_8s_32s_32_4_1_U1732             | 1    |        | add_ln840_631  | add | dsp48  | 3       |
|     mac_muladd_8s_8s_32s_32_4_1_U1733             | 1    | yes    | ret_V_632      | mul | dsp48  | 3       |
|     mac_muladd_8s_8s_32s_32_4_1_U1733             | 1    |        | add_ln840_632  | add | dsp48  | 3       |
|     mac_muladd_8s_8s_32s_32_4_1_U1734             | 1    | yes    | ret_V_633      | mul | dsp48  | 3       |
|     mac_muladd_8s_8s_32s_32_4_1_U1734             | 1    |        | add_ln840_633  | add | dsp48  | 3       |
|     mac_muladd_8s_8s_32s_32_4_1_U1735             | 1    | yes    | ret_V_634      | mul | dsp48  | 3       |
|     mac_muladd_8s_8s_32s_32_4_1_U1735             | 1    |        | add_ln840_634  | add | dsp48  | 3       |
|     mac_muladd_8s_8s_32s_32_4_1_U1736             | 1    | yes    | ret_V_635      | mul | dsp48  | 3       |
|     mac_muladd_8s_8s_32s_32_4_1_U1736             | 1    |        | add_ln840_635  | add | dsp48  | 3       |
|     mac_muladd_8s_8s_32s_32_4_1_U1737             | 1    | yes    | ret_V_636      | mul | dsp48  | 3       |
|     mac_muladd_8s_8s_32s_32_4_1_U1737             | 1    |        | add_ln840_636  | add | dsp48  | 3       |
|     mac_muladd_8s_8s_32s_32_4_1_U1738             | 1    | yes    | ret_V_637      | mul | dsp48  | 3       |
|     mac_muladd_8s_8s_32s_32_4_1_U1738             | 1    |        | add_ln840_637  | add | dsp48  | 3       |
|     mac_muladd_8s_8s_32s_32_4_1_U1739             | 1    | yes    | ret_V_638      | mul | dsp48  | 3       |
|     mac_muladd_8s_8s_32s_32_4_1_U1739             | 1    |        | add_ln840_638  | add | dsp48  | 3       |
|     mac_muladd_8s_8s_32s_32_4_1_U1740             | 1    | yes    | ret_V_639      | mul | dsp48  | 3       |
|     mac_muladd_8s_8s_32s_32_4_1_U1740             | 1    |        | add_ln840_639  | add | dsp48  | 3       |
|     mac_muladd_8s_8s_32s_32_4_1_U1741             | 1    | yes    | ret_V_640      | mul | dsp48  | 3       |
|     mac_muladd_8s_8s_32s_32_4_1_U1741             | 1    |        | add_ln840_640  | add | dsp48  | 3       |
|     mac_muladd_8s_8s_32s_32_4_1_U1742             | 1    | yes    | ret_V_641      | mul | dsp48  | 3       |
|     mac_muladd_8s_8s_32s_32_4_1_U1742             | 1    |        | add_ln840_641  | add | dsp48  | 3       |
|     mac_muladd_8s_8s_32s_32_4_1_U1743             | 1    | yes    | ret_V_642      | mul | dsp48  | 3       |
|     mac_muladd_8s_8s_32s_32_4_1_U1743             | 1    |        | add_ln840_642  | add | dsp48  | 3       |
|     mac_muladd_8s_8s_32s_32_4_1_U1744             | 1    | yes    | ret_V_643      | mul | dsp48  | 3       |
|     mac_muladd_8s_8s_32s_32_4_1_U1744             | 1    |        | add_ln840_643  | add | dsp48  | 3       |
|     mac_muladd_8s_8s_32s_32_4_1_U1745             | 1    | yes    | ret_V_644      | mul | dsp48  | 3       |
|     mac_muladd_8s_8s_32s_32_4_1_U1745             | 1    |        | add_ln840_644  | add | dsp48  | 3       |
|     mac_muladd_8s_8s_32s_32_4_1_U1746             | 1    | yes    | ret_V_645      | mul | dsp48  | 3       |
|     mac_muladd_8s_8s_32s_32_4_1_U1746             | 1    |        | add_ln840_645  | add | dsp48  | 3       |
|     mac_muladd_8s_8s_32s_32_4_1_U1747             | 1    | yes    | ret_V_646      | mul | dsp48  | 3       |
|     mac_muladd_8s_8s_32s_32_4_1_U1747             | 1    |        | add_ln840_646  | add | dsp48  | 3       |
|     mac_muladd_8s_8s_32s_32_4_1_U1748             | 1    | yes    | ret_V_647      | mul | dsp48  | 3       |
|     mac_muladd_8s_8s_32s_32_4_1_U1748             | 1    |        | add_ln840_647  | add | dsp48  | 3       |
|     mac_muladd_8s_8s_32s_32_4_1_U1749             | 1    | yes    | ret_V_648      | mul | dsp48  | 3       |
|     mac_muladd_8s_8s_32s_32_4_1_U1749             | 1    |        | add_ln840_648  | add | dsp48  | 3       |
|     mac_muladd_8s_8s_32s_32_4_1_U1750             | 1    | yes    | ret_V_649      | mul | dsp48  | 3       |
|     mac_muladd_8s_8s_32s_32_4_1_U1750             | 1    |        | add_ln840_649  | add | dsp48  | 3       |
|     mac_muladd_8s_8s_32s_32_4_1_U1751             | 1    | yes    | ret_V_650      | mul | dsp48  | 3       |
|     mac_muladd_8s_8s_32s_32_4_1_U1751             | 1    |        | add_ln840_650  | add | dsp48  | 3       |
|     mac_muladd_8s_8s_32s_32_4_1_U1752             | 1    | yes    | ret_V_651      | mul | dsp48  | 3       |
|     mac_muladd_8s_8s_32s_32_4_1_U1752             | 1    |        | add_ln840_651  | add | dsp48  | 3       |
|     mac_muladd_8s_8s_32s_32_4_1_U1753             | 1    | yes    | ret_V_652      | mul | dsp48  | 3       |
|     mac_muladd_8s_8s_32s_32_4_1_U1753             | 1    |        | add_ln840_652  | add | dsp48  | 3       |
|     mac_muladd_8s_8s_32s_32_4_1_U1754             | 1    | yes    | ret_V_653      | mul | dsp48  | 3       |
|     mac_muladd_8s_8s_32s_32_4_1_U1754             | 1    |        | add_ln840_653  | add | dsp48  | 3       |
|     mac_muladd_8s_8s_32s_32_4_1_U1755             | 1    | yes    | ret_V_654      | mul | dsp48  | 3       |
|     mac_muladd_8s_8s_32s_32_4_1_U1755             | 1    |        | add_ln840_654  | add | dsp48  | 3       |
|     mac_muladd_8s_8s_32s_32_4_1_U1756             | 1    | yes    | ret_V_655      | mul | dsp48  | 3       |
|     mac_muladd_8s_8s_32s_32_4_1_U1756             | 1    |        | add_ln840_655  | add | dsp48  | 3       |
|     mac_muladd_8s_8s_32s_32_4_1_U1757             | 1    | yes    | ret_V_656      | mul | dsp48  | 3       |
|     mac_muladd_8s_8s_32s_32_4_1_U1757             | 1    |        | add_ln840_656  | add | dsp48  | 3       |
|     mac_muladd_8s_8s_32s_32_4_1_U1758             | 1    | yes    | ret_V_657      | mul | dsp48  | 3       |
|     mac_muladd_8s_8s_32s_32_4_1_U1758             | 1    |        | add_ln840_657  | add | dsp48  | 3       |
|     mac_muladd_8s_8s_32s_32_4_1_U1759             | 1    | yes    | ret_V_658      | mul | dsp48  | 3       |
|     mac_muladd_8s_8s_32s_32_4_1_U1759             | 1    |        | add_ln840_658  | add | dsp48  | 3       |
|     mac_muladd_8s_8s_32s_32_4_1_U1760             | 1    | yes    | ret_V_659      | mul | dsp48  | 3       |
|     mac_muladd_8s_8s_32s_32_4_1_U1760             | 1    |        | add_ln840_659  | add | dsp48  | 3       |
|     mac_muladd_8s_8s_32s_32_4_1_U1761             | 1    | yes    | ret_V_660      | mul | dsp48  | 3       |
|     mac_muladd_8s_8s_32s_32_4_1_U1761             | 1    |        | add_ln840_660  | add | dsp48  | 3       |
|     mac_muladd_8s_8s_32s_32_4_1_U1762             | 1    | yes    | ret_V_661      | mul | dsp48  | 3       |
|     mac_muladd_8s_8s_32s_32_4_1_U1762             | 1    |        | add_ln840_661  | add | dsp48  | 3       |
|     mac_muladd_8s_8s_32s_32_4_1_U1763             | 1    | yes    | ret_V_662      | mul | dsp48  | 3       |
|     mac_muladd_8s_8s_32s_32_4_1_U1763             | 1    |        | add_ln840_662  | add | dsp48  | 3       |
|     mac_muladd_8s_8s_32s_32_4_1_U1764             | 1    | yes    | ret_V_663      | mul | dsp48  | 3       |
|     mac_muladd_8s_8s_32s_32_4_1_U1764             | 1    |        | add_ln840_663  | add | dsp48  | 3       |
|     mac_muladd_8s_8s_32s_32_4_1_U1765             | 1    | yes    | ret_V_664      | mul | dsp48  | 3       |
|     mac_muladd_8s_8s_32s_32_4_1_U1765             | 1    |        | add_ln840_664  | add | dsp48  | 3       |
|     mac_muladd_8s_8s_32s_32_4_1_U1766             | 1    | yes    | ret_V_665      | mul | dsp48  | 3       |
|     mac_muladd_8s_8s_32s_32_4_1_U1766             | 1    |        | add_ln840_665  | add | dsp48  | 3       |
|     mac_muladd_8s_8s_32s_32_4_1_U1767             | 1    | yes    | ret_V_666      | mul | dsp48  | 3       |
|     mac_muladd_8s_8s_32s_32_4_1_U1767             | 1    |        | add_ln840_666  | add | dsp48  | 3       |
|     mac_muladd_8s_8s_32s_32_4_1_U1768             | 1    | yes    | ret_V_667      | mul | dsp48  | 3       |
|     mac_muladd_8s_8s_32s_32_4_1_U1768             | 1    |        | add_ln840_667  | add | dsp48  | 3       |
|     mac_muladd_8s_8s_32s_32_4_1_U1769             | 1    | yes    | ret_V_668      | mul | dsp48  | 3       |
|     mac_muladd_8s_8s_32s_32_4_1_U1769             | 1    |        | add_ln840_668  | add | dsp48  | 3       |
|     mac_muladd_8s_8s_32s_32_4_1_U1770             | 1    | yes    | ret_V_669      | mul | dsp48  | 3       |
|     mac_muladd_8s_8s_32s_32_4_1_U1770             | 1    |        | add_ln840_669  | add | dsp48  | 3       |
|     mac_muladd_8s_8s_32s_32_4_1_U1771             | 1    | yes    | ret_V_670      | mul | dsp48  | 3       |
|     mac_muladd_8s_8s_32s_32_4_1_U1771             | 1    |        | add_ln840_670  | add | dsp48  | 3       |
|     mac_muladd_8s_8s_32s_32_4_1_U1772             | 1    | yes    | ret_V_671      | mul | dsp48  | 3       |
|     mac_muladd_8s_8s_32s_32_4_1_U1772             | 1    |        | add_ln840_671  | add | dsp48  | 3       |
|     mac_muladd_8s_8s_32s_32_4_1_U1773             | 1    | yes    | ret_V_672      | mul | dsp48  | 3       |
|     mac_muladd_8s_8s_32s_32_4_1_U1773             | 1    |        | add_ln840_672  | add | dsp48  | 3       |
|     mac_muladd_8s_8s_32s_32_4_1_U1774             | 1    | yes    | ret_V_673      | mul | dsp48  | 3       |
|     mac_muladd_8s_8s_32s_32_4_1_U1774             | 1    |        | add_ln840_673  | add | dsp48  | 3       |
|     mac_muladd_8s_8s_32s_32_4_1_U1775             | 1    | yes    | ret_V_674      | mul | dsp48  | 3       |
|     mac_muladd_8s_8s_32s_32_4_1_U1775             | 1    |        | add_ln840_674  | add | dsp48  | 3       |
|     mac_muladd_8s_8s_32s_32_4_1_U1776             | 1    | yes    | ret_V_675      | mul | dsp48  | 3       |
|     mac_muladd_8s_8s_32s_32_4_1_U1776             | 1    |        | add_ln840_675  | add | dsp48  | 3       |
|     mac_muladd_8s_8s_32s_32_4_1_U1777             | 1    | yes    | ret_V_676      | mul | dsp48  | 3       |
|     mac_muladd_8s_8s_32s_32_4_1_U1777             | 1    |        | add_ln840_676  | add | dsp48  | 3       |
|     mac_muladd_8s_8s_32s_32_4_1_U1778             | 1    | yes    | ret_V_677      | mul | dsp48  | 3       |
|     mac_muladd_8s_8s_32s_32_4_1_U1778             | 1    |        | add_ln840_677  | add | dsp48  | 3       |
|     mac_muladd_8s_8s_32s_32_4_1_U1779             | 1    | yes    | ret_V_678      | mul | dsp48  | 3       |
|     mac_muladd_8s_8s_32s_32_4_1_U1779             | 1    |        | add_ln840_678  | add | dsp48  | 3       |
|     mac_muladd_8s_8s_32s_32_4_1_U1780             | 1    | yes    | ret_V_679      | mul | dsp48  | 3       |
|     mac_muladd_8s_8s_32s_32_4_1_U1780             | 1    |        | add_ln840_679  | add | dsp48  | 3       |
|     mac_muladd_8s_8s_32s_32_4_1_U1781             | 1    | yes    | ret_V_680      | mul | dsp48  | 3       |
|     mac_muladd_8s_8s_32s_32_4_1_U1781             | 1    |        | add_ln840_680  | add | dsp48  | 3       |
|     mac_muladd_8s_8s_32s_32_4_1_U1782             | 1    | yes    | ret_V_681      | mul | dsp48  | 3       |
|     mac_muladd_8s_8s_32s_32_4_1_U1782             | 1    |        | add_ln840_681  | add | dsp48  | 3       |
|     mac_muladd_8s_8s_32s_32_4_1_U1783             | 1    | yes    | ret_V_682      | mul | dsp48  | 3       |
|     mac_muladd_8s_8s_32s_32_4_1_U1783             | 1    |        | add_ln840_682  | add | dsp48  | 3       |
|     mac_muladd_8s_8s_32s_32_4_1_U1784             | 1    | yes    | ret_V_683      | mul | dsp48  | 3       |
|     mac_muladd_8s_8s_32s_32_4_1_U1784             | 1    |        | add_ln840_683  | add | dsp48  | 3       |
|     mac_muladd_8s_8s_32s_32_4_1_U1785             | 1    | yes    | ret_V_684      | mul | dsp48  | 3       |
|     mac_muladd_8s_8s_32s_32_4_1_U1785             | 1    |        | add_ln840_684  | add | dsp48  | 3       |
|     mac_muladd_8s_8s_32s_32_4_1_U1786             | 1    | yes    | ret_V_685      | mul | dsp48  | 3       |
|     mac_muladd_8s_8s_32s_32_4_1_U1786             | 1    |        | add_ln840_685  | add | dsp48  | 3       |
|     mac_muladd_8s_8s_32s_32_4_1_U1787             | 1    | yes    | ret_V_686      | mul | dsp48  | 3       |
|     mac_muladd_8s_8s_32s_32_4_1_U1787             | 1    |        | add_ln840_686  | add | dsp48  | 3       |
|     mac_muladd_8s_8s_32s_32_4_1_U1788             | 1    | yes    | ret_V_687      | mul | dsp48  | 3       |
|     mac_muladd_8s_8s_32s_32_4_1_U1788             | 1    |        | add_ln840_687  | add | dsp48  | 3       |
|     mac_muladd_8s_8s_32s_32_4_1_U1789             | 1    | yes    | ret_V_688      | mul | dsp48  | 3       |
|     mac_muladd_8s_8s_32s_32_4_1_U1789             | 1    |        | add_ln840_688  | add | dsp48  | 3       |
|     mac_muladd_8s_8s_32s_32_4_1_U1790             | 1    | yes    | ret_V_689      | mul | dsp48  | 3       |
|     mac_muladd_8s_8s_32s_32_4_1_U1790             | 1    |        | add_ln840_689  | add | dsp48  | 3       |
|     mac_muladd_8s_8s_32s_32_4_1_U1791             | 1    | yes    | ret_V_690      | mul | dsp48  | 3       |
|     mac_muladd_8s_8s_32s_32_4_1_U1791             | 1    |        | add_ln840_690  | add | dsp48  | 3       |
|     mac_muladd_8s_8s_32s_32_4_1_U1792             | 1    | yes    | ret_V_691      | mul | dsp48  | 3       |
|     mac_muladd_8s_8s_32s_32_4_1_U1792             | 1    |        | add_ln840_691  | add | dsp48  | 3       |
|     mac_muladd_8s_8s_32s_32_4_1_U1793             | 1    | yes    | ret_V_692      | mul | dsp48  | 3       |
|     mac_muladd_8s_8s_32s_32_4_1_U1793             | 1    |        | add_ln840_692  | add | dsp48  | 3       |
|     mac_muladd_8s_8s_32s_32_4_1_U1794             | 1    | yes    | ret_V_693      | mul | dsp48  | 3       |
|     mac_muladd_8s_8s_32s_32_4_1_U1794             | 1    |        | add_ln840_693  | add | dsp48  | 3       |
|     mac_muladd_8s_8s_32s_32_4_1_U1795             | 1    | yes    | ret_V_694      | mul | dsp48  | 3       |
|     mac_muladd_8s_8s_32s_32_4_1_U1795             | 1    |        | add_ln840_694  | add | dsp48  | 3       |
|     mac_muladd_8s_8s_32s_32_4_1_U1796             | 1    | yes    | ret_V_695      | mul | dsp48  | 3       |
|     mac_muladd_8s_8s_32s_32_4_1_U1796             | 1    |        | add_ln840_695  | add | dsp48  | 3       |
|     mac_muladd_8s_8s_32s_32_4_1_U1797             | 1    | yes    | ret_V_696      | mul | dsp48  | 3       |
|     mac_muladd_8s_8s_32s_32_4_1_U1797             | 1    |        | add_ln840_696  | add | dsp48  | 3       |
|     mac_muladd_8s_8s_32s_32_4_1_U1798             | 1    | yes    | ret_V_697      | mul | dsp48  | 3       |
|     mac_muladd_8s_8s_32s_32_4_1_U1798             | 1    |        | add_ln840_697  | add | dsp48  | 3       |
|     mac_muladd_8s_8s_32s_32_4_1_U1799             | 1    | yes    | ret_V_698      | mul | dsp48  | 3       |
|     mac_muladd_8s_8s_32s_32_4_1_U1799             | 1    |        | add_ln840_698  | add | dsp48  | 3       |
|     mac_muladd_8s_8s_32s_32_4_1_U1800             | 1    | yes    | ret_V_699      | mul | dsp48  | 3       |
|     mac_muladd_8s_8s_32s_32_4_1_U1800             | 1    |        | add_ln840_699  | add | dsp48  | 3       |
|     mac_muladd_8s_8s_32s_32_4_1_U1801             | 1    | yes    | ret_V_700      | mul | dsp48  | 3       |
|     mac_muladd_8s_8s_32s_32_4_1_U1801             | 1    |        | add_ln840_700  | add | dsp48  | 3       |
|     mac_muladd_8s_8s_32s_32_4_1_U1802             | 1    | yes    | ret_V_701      | mul | dsp48  | 3       |
|     mac_muladd_8s_8s_32s_32_4_1_U1802             | 1    |        | add_ln840_701  | add | dsp48  | 3       |
|     mac_muladd_8s_8s_32s_32_4_1_U1803             | 1    | yes    | ret_V_702      | mul | dsp48  | 3       |
|     mac_muladd_8s_8s_32s_32_4_1_U1803             | 1    |        | add_ln840_702  | add | dsp48  | 3       |
|     mac_muladd_8s_8s_32s_32_4_1_U1804             | 1    | yes    | ret_V_703      | mul | dsp48  | 3       |
|     mac_muladd_8s_8s_32s_32_4_1_U1804             | 1    |        | add_ln840_703  | add | dsp48  | 3       |
|     mac_muladd_8s_8s_32s_32_4_1_U1805             | 1    | yes    | ret_V_704      | mul | dsp48  | 3       |
|     mac_muladd_8s_8s_32s_32_4_1_U1805             | 1    |        | add_ln840_704  | add | dsp48  | 3       |
|     mac_muladd_8s_8s_32s_32_4_1_U1806             | 1    | yes    | ret_V_705      | mul | dsp48  | 3       |
|     mac_muladd_8s_8s_32s_32_4_1_U1806             | 1    |        | add_ln840_705  | add | dsp48  | 3       |
|     mac_muladd_8s_8s_32s_32_4_1_U1807             | 1    | yes    | ret_V_706      | mul | dsp48  | 3       |
|     mac_muladd_8s_8s_32s_32_4_1_U1807             | 1    |        | add_ln840_706  | add | dsp48  | 3       |
|     mac_muladd_8s_8s_32s_32_4_1_U1808             | 1    | yes    | ret_V_707      | mul | dsp48  | 3       |
|     mac_muladd_8s_8s_32s_32_4_1_U1808             | 1    |        | add_ln840_707  | add | dsp48  | 3       |
|     mac_muladd_8s_8s_32s_32_4_1_U1809             | 1    | yes    | ret_V_708      | mul | dsp48  | 3       |
|     mac_muladd_8s_8s_32s_32_4_1_U1809             | 1    |        | add_ln840_708  | add | dsp48  | 3       |
|     mac_muladd_8s_8s_32s_32_4_1_U1810             | 1    | yes    | ret_V_709      | mul | dsp48  | 3       |
|     mac_muladd_8s_8s_32s_32_4_1_U1810             | 1    |        | add_ln840_709  | add | dsp48  | 3       |
|     mac_muladd_8s_8s_32s_32_4_1_U1811             | 1    | yes    | ret_V_710      | mul | dsp48  | 3       |
|     mac_muladd_8s_8s_32s_32_4_1_U1811             | 1    |        | add_ln840_710  | add | dsp48  | 3       |
|     mac_muladd_8s_8s_32s_32_4_1_U1812             | 1    | yes    | ret_V_711      | mul | dsp48  | 3       |
|     mac_muladd_8s_8s_32s_32_4_1_U1812             | 1    |        | add_ln840_711  | add | dsp48  | 3       |
|     mac_muladd_8s_8s_32s_32_4_1_U1813             | 1    | yes    | ret_V_712      | mul | dsp48  | 3       |
|     mac_muladd_8s_8s_32s_32_4_1_U1813             | 1    |        | add_ln840_712  | add | dsp48  | 3       |
|     mac_muladd_8s_8s_32s_32_4_1_U1814             | 1    | yes    | ret_V_713      | mul | dsp48  | 3       |
|     mac_muladd_8s_8s_32s_32_4_1_U1814             | 1    |        | add_ln840_713  | add | dsp48  | 3       |
|     mac_muladd_8s_8s_32s_32_4_1_U1815             | 1    | yes    | ret_V_714      | mul | dsp48  | 3       |
|     mac_muladd_8s_8s_32s_32_4_1_U1815             | 1    |        | add_ln840_714  | add | dsp48  | 3       |
|     mac_muladd_8s_8s_32s_32_4_1_U1816             | 1    | yes    | ret_V_715      | mul | dsp48  | 3       |
|     mac_muladd_8s_8s_32s_32_4_1_U1816             | 1    |        | add_ln840_715  | add | dsp48  | 3       |
|     mac_muladd_8s_8s_32s_32_4_1_U1817             | 1    | yes    | ret_V_716      | mul | dsp48  | 3       |
|     mac_muladd_8s_8s_32s_32_4_1_U1817             | 1    |        | add_ln840_716  | add | dsp48  | 3       |
|     mac_muladd_8s_8s_32s_32_4_1_U1818             | 1    | yes    | ret_V_717      | mul | dsp48  | 3       |
|     mac_muladd_8s_8s_32s_32_4_1_U1818             | 1    |        | add_ln840_717  | add | dsp48  | 3       |
|     mac_muladd_8s_8s_32s_32_4_1_U1819             | 1    | yes    | ret_V_718      | mul | dsp48  | 3       |
|     mac_muladd_8s_8s_32s_32_4_1_U1819             | 1    |        | add_ln840_718  | add | dsp48  | 3       |
|     mac_muladd_8s_8s_32s_32_4_1_U1820             | 1    | yes    | ret_V_719      | mul | dsp48  | 3       |
|     mac_muladd_8s_8s_32s_32_4_1_U1820             | 1    |        | add_ln840_719  | add | dsp48  | 3       |
|     mac_muladd_8s_8s_32s_32_4_1_U1821             | 1    | yes    | ret_V_720      | mul | dsp48  | 3       |
|     mac_muladd_8s_8s_32s_32_4_1_U1821             | 1    |        | add_ln840_720  | add | dsp48  | 3       |
|     mac_muladd_8s_8s_32s_32_4_1_U1822             | 1    | yes    | ret_V_721      | mul | dsp48  | 3       |
|     mac_muladd_8s_8s_32s_32_4_1_U1822             | 1    |        | add_ln840_721  | add | dsp48  | 3       |
|     mac_muladd_8s_8s_32s_32_4_1_U1823             | 1    | yes    | ret_V_722      | mul | dsp48  | 3       |
|     mac_muladd_8s_8s_32s_32_4_1_U1823             | 1    |        | add_ln840_722  | add | dsp48  | 3       |
|     mac_muladd_8s_8s_32s_32_4_1_U1824             | 1    | yes    | ret_V_723      | mul | dsp48  | 3       |
|     mac_muladd_8s_8s_32s_32_4_1_U1824             | 1    |        | add_ln840_723  | add | dsp48  | 3       |
|     mac_muladd_8s_8s_32s_32_4_1_U1825             | 1    | yes    | ret_V_724      | mul | dsp48  | 3       |
|     mac_muladd_8s_8s_32s_32_4_1_U1825             | 1    |        | add_ln840_724  | add | dsp48  | 3       |
|     mac_muladd_8s_8s_32s_32_4_1_U1826             | 1    | yes    | ret_V_725      | mul | dsp48  | 3       |
|     mac_muladd_8s_8s_32s_32_4_1_U1826             | 1    |        | add_ln840_725  | add | dsp48  | 3       |
|     mac_muladd_8s_8s_32s_32_4_1_U1827             | 1    | yes    | ret_V_726      | mul | dsp48  | 3       |
|     mac_muladd_8s_8s_32s_32_4_1_U1827             | 1    |        | add_ln840_726  | add | dsp48  | 3       |
|     mac_muladd_8s_8s_32s_32_4_1_U1828             | 1    | yes    | ret_V_727      | mul | dsp48  | 3       |
|     mac_muladd_8s_8s_32s_32_4_1_U1828             | 1    |        | add_ln840_727  | add | dsp48  | 3       |
|     mac_muladd_8s_8s_32s_32_4_1_U1829             | 1    | yes    | ret_V_728      | mul | dsp48  | 3       |
|     mac_muladd_8s_8s_32s_32_4_1_U1829             | 1    |        | add_ln840_728  | add | dsp48  | 3       |
|     mac_muladd_8s_8s_32s_32_4_1_U1830             | 1    | yes    | ret_V_729      | mul | dsp48  | 3       |
|     mac_muladd_8s_8s_32s_32_4_1_U1830             | 1    |        | add_ln840_729  | add | dsp48  | 3       |
|     mac_muladd_8s_8s_32s_32_4_1_U1831             | 1    | yes    | ret_V_730      | mul | dsp48  | 3       |
|     mac_muladd_8s_8s_32s_32_4_1_U1831             | 1    |        | add_ln840_730  | add | dsp48  | 3       |
|     mac_muladd_8s_8s_32s_32_4_1_U1832             | 1    | yes    | ret_V_731      | mul | dsp48  | 3       |
|     mac_muladd_8s_8s_32s_32_4_1_U1832             | 1    |        | add_ln840_731  | add | dsp48  | 3       |
|     mac_muladd_8s_8s_32s_32_4_1_U1833             | 1    | yes    | ret_V_732      | mul | dsp48  | 3       |
|     mac_muladd_8s_8s_32s_32_4_1_U1833             | 1    |        | add_ln840_732  | add | dsp48  | 3       |
|     mac_muladd_8s_8s_32s_32_4_1_U1834             | 1    | yes    | ret_V_733      | mul | dsp48  | 3       |
|     mac_muladd_8s_8s_32s_32_4_1_U1834             | 1    |        | add_ln840_733  | add | dsp48  | 3       |
|     mac_muladd_8s_8s_32s_32_4_1_U1835             | 1    | yes    | ret_V_734      | mul | dsp48  | 3       |
|     mac_muladd_8s_8s_32s_32_4_1_U1835             | 1    |        | add_ln840_734  | add | dsp48  | 3       |
|     mac_muladd_8s_8s_32s_32_4_1_U1836             | 1    | yes    | ret_V_735      | mul | dsp48  | 3       |
|     mac_muladd_8s_8s_32s_32_4_1_U1836             | 1    |        | add_ln840_735  | add | dsp48  | 3       |
|     mac_muladd_8s_8s_32s_32_4_1_U1837             | 1    | yes    | ret_V_736      | mul | dsp48  | 3       |
|     mac_muladd_8s_8s_32s_32_4_1_U1837             | 1    |        | add_ln840_736  | add | dsp48  | 3       |
|     mac_muladd_8s_8s_32s_32_4_1_U1838             | 1    | yes    | ret_V_737      | mul | dsp48  | 3       |
|     mac_muladd_8s_8s_32s_32_4_1_U1838             | 1    |        | add_ln840_737  | add | dsp48  | 3       |
|     mac_muladd_8s_8s_32s_32_4_1_U1839             | 1    | yes    | ret_V_738      | mul | dsp48  | 3       |
|     mac_muladd_8s_8s_32s_32_4_1_U1839             | 1    |        | add_ln840_738  | add | dsp48  | 3       |
|     mac_muladd_8s_8s_32s_32_4_1_U1840             | 1    | yes    | ret_V_739      | mul | dsp48  | 3       |
|     mac_muladd_8s_8s_32s_32_4_1_U1840             | 1    |        | add_ln840_739  | add | dsp48  | 3       |
|     mac_muladd_8s_8s_32s_32_4_1_U1841             | 1    | yes    | ret_V_740      | mul | dsp48  | 3       |
|     mac_muladd_8s_8s_32s_32_4_1_U1841             | 1    |        | add_ln840_740  | add | dsp48  | 3       |
|     mac_muladd_8s_8s_32s_32_4_1_U1842             | 1    | yes    | ret_V_741      | mul | dsp48  | 3       |
|     mac_muladd_8s_8s_32s_32_4_1_U1842             | 1    |        | add_ln840_741  | add | dsp48  | 3       |
|     mac_muladd_8s_8s_32s_32_4_1_U1843             | 1    | yes    | ret_V_742      | mul | dsp48  | 3       |
|     mac_muladd_8s_8s_32s_32_4_1_U1843             | 1    |        | add_ln840_742  | add | dsp48  | 3       |
|     mac_muladd_8s_8s_32s_32_4_1_U1844             | 1    | yes    | ret_V_743      | mul | dsp48  | 3       |
|     mac_muladd_8s_8s_32s_32_4_1_U1844             | 1    |        | add_ln840_743  | add | dsp48  | 3       |
|     mac_muladd_8s_8s_32s_32_4_1_U1845             | 1    | yes    | ret_V_744      | mul | dsp48  | 3       |
|     mac_muladd_8s_8s_32s_32_4_1_U1845             | 1    |        | add_ln840_744  | add | dsp48  | 3       |
|     mac_muladd_8s_8s_32s_32_4_1_U1846             | 1    | yes    | ret_V_745      | mul | dsp48  | 3       |
|     mac_muladd_8s_8s_32s_32_4_1_U1846             | 1    |        | add_ln840_745  | add | dsp48  | 3       |
|     mac_muladd_8s_8s_32s_32_4_1_U1847             | 1    | yes    | ret_V_746      | mul | dsp48  | 3       |
|     mac_muladd_8s_8s_32s_32_4_1_U1847             | 1    |        | add_ln840_746  | add | dsp48  | 3       |
|     mac_muladd_8s_8s_32s_32_4_1_U1848             | 1    | yes    | ret_V_747      | mul | dsp48  | 3       |
|     mac_muladd_8s_8s_32s_32_4_1_U1848             | 1    |        | add_ln840_747  | add | dsp48  | 3       |
|     mac_muladd_8s_8s_32s_32_4_1_U1849             | 1    | yes    | ret_V_748      | mul | dsp48  | 3       |
|     mac_muladd_8s_8s_32s_32_4_1_U1849             | 1    |        | add_ln840_748  | add | dsp48  | 3       |
|     mac_muladd_8s_8s_32s_32_4_1_U1850             | 1    | yes    | ret_V_749      | mul | dsp48  | 3       |
|     mac_muladd_8s_8s_32s_32_4_1_U1850             | 1    |        | add_ln840_749  | add | dsp48  | 3       |
|     mac_muladd_8s_8s_32s_32_4_1_U1851             | 1    | yes    | ret_V_750      | mul | dsp48  | 3       |
|     mac_muladd_8s_8s_32s_32_4_1_U1851             | 1    |        | add_ln840_750  | add | dsp48  | 3       |
|     mac_muladd_8s_8s_32s_32_4_1_U1852             | 1    | yes    | ret_V_751      | mul | dsp48  | 3       |
|     mac_muladd_8s_8s_32s_32_4_1_U1852             | 1    |        | add_ln840_751  | add | dsp48  | 3       |
|     mac_muladd_8s_8s_32s_32_4_1_U1853             | 1    | yes    | ret_V_752      | mul | dsp48  | 3       |
|     mac_muladd_8s_8s_32s_32_4_1_U1853             | 1    |        | add_ln840_752  | add | dsp48  | 3       |
|     mac_muladd_8s_8s_32s_32_4_1_U1854             | 1    | yes    | ret_V_753      | mul | dsp48  | 3       |
|     mac_muladd_8s_8s_32s_32_4_1_U1854             | 1    |        | add_ln840_753  | add | dsp48  | 3       |
|     mac_muladd_8s_8s_32s_32_4_1_U1855             | 1    | yes    | ret_V_754      | mul | dsp48  | 3       |
|     mac_muladd_8s_8s_32s_32_4_1_U1855             | 1    |        | add_ln840_754  | add | dsp48  | 3       |
|     mac_muladd_8s_8s_32s_32_4_1_U1856             | 1    | yes    | ret_V_755      | mul | dsp48  | 3       |
|     mac_muladd_8s_8s_32s_32_4_1_U1856             | 1    |        | add_ln840_755  | add | dsp48  | 3       |
|     mac_muladd_8s_8s_32s_32_4_1_U1857             | 1    | yes    | ret_V_756      | mul | dsp48  | 3       |
|     mac_muladd_8s_8s_32s_32_4_1_U1857             | 1    |        | add_ln840_756  | add | dsp48  | 3       |
|     mac_muladd_8s_8s_32s_32_4_1_U1858             | 1    | yes    | ret_V_757      | mul | dsp48  | 3       |
|     mac_muladd_8s_8s_32s_32_4_1_U1858             | 1    |        | add_ln840_757  | add | dsp48  | 3       |
|     mac_muladd_8s_8s_32s_32_4_1_U1859             | 1    | yes    | ret_V_758      | mul | dsp48  | 3       |
|     mac_muladd_8s_8s_32s_32_4_1_U1859             | 1    |        | add_ln840_758  | add | dsp48  | 3       |
|     mac_muladd_8s_8s_32s_32_4_1_U1860             | 1    | yes    | ret_V_759      | mul | dsp48  | 3       |
|     mac_muladd_8s_8s_32s_32_4_1_U1860             | 1    |        | add_ln840_759  | add | dsp48  | 3       |
|     mac_muladd_8s_8s_32s_32_4_1_U1861             | 1    | yes    | ret_V_760      | mul | dsp48  | 3       |
|     mac_muladd_8s_8s_32s_32_4_1_U1861             | 1    |        | add_ln840_760  | add | dsp48  | 3       |
|     mac_muladd_8s_8s_32s_32_4_1_U1862             | 1    | yes    | ret_V_761      | mul | dsp48  | 3       |
|     mac_muladd_8s_8s_32s_32_4_1_U1862             | 1    |        | add_ln840_761  | add | dsp48  | 3       |
|     mac_muladd_8s_8s_32s_32_4_1_U1863             | 1    | yes    | ret_V_762      | mul | dsp48  | 3       |
|     mac_muladd_8s_8s_32s_32_4_1_U1863             | 1    |        | add_ln840_762  | add | dsp48  | 3       |
|     mac_muladd_8s_8s_32s_32_4_1_U1864             | 1    | yes    | ret_V_763      | mul | dsp48  | 3       |
|     mac_muladd_8s_8s_32s_32_4_1_U1864             | 1    |        | add_ln840_763  | add | dsp48  | 3       |
|     mac_muladd_8s_8s_32s_32_4_1_U1865             | 1    | yes    | ret_V_764      | mul | dsp48  | 3       |
|     mac_muladd_8s_8s_32s_32_4_1_U1865             | 1    |        | add_ln840_764  | add | dsp48  | 3       |
|     mac_muladd_8s_8s_32s_32_4_1_U1866             | 1    | yes    | ret_V_765      | mul | dsp48  | 3       |
|     mac_muladd_8s_8s_32s_32_4_1_U1866             | 1    |        | add_ln840_765  | add | dsp48  | 3       |
|     mac_muladd_8s_8s_32s_32_4_1_U1867             | 1    | yes    | ret_V_766      | mul | dsp48  | 3       |
|     mac_muladd_8s_8s_32s_32_4_1_U1867             | 1    |        | add_ln840_766  | add | dsp48  | 3       |
|     mac_muladd_8s_8s_32s_32_4_1_U1868             | 1    | yes    | ret_V_767      | mul | dsp48  | 3       |
|     mac_muladd_8s_8s_32s_32_4_1_U1868             | 1    |        | add_ln840_767  | add | dsp48  | 3       |
|     mac_muladd_8s_8s_32s_32_4_1_U1869             | 1    | yes    | ret_V_768      | mul | dsp48  | 3       |
|     mac_muladd_8s_8s_32s_32_4_1_U1869             | 1    |        | add_ln840_768  | add | dsp48  | 3       |
|     mac_muladd_8s_8s_32s_32_4_1_U1870             | 1    | yes    | ret_V_769      | mul | dsp48  | 3       |
|     mac_muladd_8s_8s_32s_32_4_1_U1870             | 1    |        | add_ln840_769  | add | dsp48  | 3       |
|     mac_muladd_8s_8s_32s_32_4_1_U1871             | 1    | yes    | ret_V_770      | mul | dsp48  | 3       |
|     mac_muladd_8s_8s_32s_32_4_1_U1871             | 1    |        | add_ln840_770  | add | dsp48  | 3       |
|     mac_muladd_8s_8s_32s_32_4_1_U1872             | 1    | yes    | ret_V_771      | mul | dsp48  | 3       |
|     mac_muladd_8s_8s_32s_32_4_1_U1872             | 1    |        | add_ln840_771  | add | dsp48  | 3       |
|     mac_muladd_8s_8s_32s_32_4_1_U1873             | 1    | yes    | ret_V_772      | mul | dsp48  | 3       |
|     mac_muladd_8s_8s_32s_32_4_1_U1873             | 1    |        | add_ln840_772  | add | dsp48  | 3       |
|     mac_muladd_8s_8s_32s_32_4_1_U1874             | 1    | yes    | ret_V_773      | mul | dsp48  | 3       |
|     mac_muladd_8s_8s_32s_32_4_1_U1874             | 1    |        | add_ln840_773  | add | dsp48  | 3       |
|     mac_muladd_8s_8s_32s_32_4_1_U1875             | 1    | yes    | ret_V_774      | mul | dsp48  | 3       |
|     mac_muladd_8s_8s_32s_32_4_1_U1875             | 1    |        | add_ln840_774  | add | dsp48  | 3       |
|     mac_muladd_8s_8s_32s_32_4_1_U1876             | 1    | yes    | ret_V_775      | mul | dsp48  | 3       |
|     mac_muladd_8s_8s_32s_32_4_1_U1876             | 1    |        | add_ln840_775  | add | dsp48  | 3       |
|     mac_muladd_8s_8s_32s_32_4_1_U1877             | 1    | yes    | ret_V_776      | mul | dsp48  | 3       |
|     mac_muladd_8s_8s_32s_32_4_1_U1877             | 1    |        | add_ln840_776  | add | dsp48  | 3       |
|     mac_muladd_8s_8s_32s_32_4_1_U1878             | 1    | yes    | ret_V_777      | mul | dsp48  | 3       |
|     mac_muladd_8s_8s_32s_32_4_1_U1878             | 1    |        | add_ln840_777  | add | dsp48  | 3       |
|     mac_muladd_8s_8s_32s_32_4_1_U1879             | 1    | yes    | ret_V_778      | mul | dsp48  | 3       |
|     mac_muladd_8s_8s_32s_32_4_1_U1879             | 1    |        | add_ln840_778  | add | dsp48  | 3       |
|     mac_muladd_8s_8s_32s_32_4_1_U1880             | 1    | yes    | ret_V_779      | mul | dsp48  | 3       |
|     mac_muladd_8s_8s_32s_32_4_1_U1880             | 1    |        | add_ln840_779  | add | dsp48  | 3       |
|     mac_muladd_8s_8s_32s_32_4_1_U1881             | 1    | yes    | ret_V_780      | mul | dsp48  | 3       |
|     mac_muladd_8s_8s_32s_32_4_1_U1881             | 1    |        | add_ln840_780  | add | dsp48  | 3       |
|     mac_muladd_8s_8s_32s_32_4_1_U1882             | 1    | yes    | ret_V_781      | mul | dsp48  | 3       |
|     mac_muladd_8s_8s_32s_32_4_1_U1882             | 1    |        | add_ln840_781  | add | dsp48  | 3       |
|     mac_muladd_8s_8s_32s_32_4_1_U1883             | 1    | yes    | ret_V_782      | mul | dsp48  | 3       |
|     mac_muladd_8s_8s_32s_32_4_1_U1883             | 1    |        | add_ln840_782  | add | dsp48  | 3       |
|     mac_muladd_8s_8s_32s_32_4_1_U1884             | 1    | yes    | ret_V_783      | mul | dsp48  | 3       |
|     mac_muladd_8s_8s_32s_32_4_1_U1884             | 1    |        | add_ln840_783  | add | dsp48  | 3       |
|     mac_muladd_8s_8s_32s_32_4_1_U1885             | 1    | yes    | ret_V_784      | mul | dsp48  | 3       |
|     mac_muladd_8s_8s_32s_32_4_1_U1885             | 1    |        | add_ln840_784  | add | dsp48  | 3       |
|     mac_muladd_8s_8s_32s_32_4_1_U1886             | 1    | yes    | ret_V_785      | mul | dsp48  | 3       |
|     mac_muladd_8s_8s_32s_32_4_1_U1886             | 1    |        | add_ln840_785  | add | dsp48  | 3       |
|     mac_muladd_8s_8s_32s_32_4_1_U1887             | 1    | yes    | ret_V_786      | mul | dsp48  | 3       |
|     mac_muladd_8s_8s_32s_32_4_1_U1887             | 1    |        | add_ln840_786  | add | dsp48  | 3       |
|     mac_muladd_8s_8s_32s_32_4_1_U1888             | 1    | yes    | ret_V_787      | mul | dsp48  | 3       |
|     mac_muladd_8s_8s_32s_32_4_1_U1888             | 1    |        | add_ln840_787  | add | dsp48  | 3       |
|     mac_muladd_8s_8s_32s_32_4_1_U1889             | 1    | yes    | ret_V_788      | mul | dsp48  | 3       |
|     mac_muladd_8s_8s_32s_32_4_1_U1889             | 1    |        | add_ln840_788  | add | dsp48  | 3       |
|     mac_muladd_8s_8s_32s_32_4_1_U1890             | 1    | yes    | ret_V_789      | mul | dsp48  | 3       |
|     mac_muladd_8s_8s_32s_32_4_1_U1890             | 1    |        | add_ln840_789  | add | dsp48  | 3       |
|     mac_muladd_8s_8s_32s_32_4_1_U1891             | 1    | yes    | ret_V_790      | mul | dsp48  | 3       |
|     mac_muladd_8s_8s_32s_32_4_1_U1891             | 1    |        | add_ln840_790  | add | dsp48  | 3       |
|     mac_muladd_8s_8s_32s_32_4_1_U1892             | 1    | yes    | ret_V_791      | mul | dsp48  | 3       |
|     mac_muladd_8s_8s_32s_32_4_1_U1892             | 1    |        | add_ln840_791  | add | dsp48  | 3       |
|     mac_muladd_8s_8s_32s_32_4_1_U1893             | 1    | yes    | ret_V_792      | mul | dsp48  | 3       |
|     mac_muladd_8s_8s_32s_32_4_1_U1893             | 1    |        | add_ln840_792  | add | dsp48  | 3       |
|     mac_muladd_8s_8s_32s_32_4_1_U1894             | 1    | yes    | ret_V_793      | mul | dsp48  | 3       |
|     mac_muladd_8s_8s_32s_32_4_1_U1894             | 1    |        | add_ln840_793  | add | dsp48  | 3       |
|     mac_muladd_8s_8s_32s_32_4_1_U1895             | 1    | yes    | ret_V_794      | mul | dsp48  | 3       |
|     mac_muladd_8s_8s_32s_32_4_1_U1895             | 1    |        | add_ln840_794  | add | dsp48  | 3       |
|     mac_muladd_8s_8s_32s_32_4_1_U1896             | 1    | yes    | ret_V_795      | mul | dsp48  | 3       |
|     mac_muladd_8s_8s_32s_32_4_1_U1896             | 1    |        | add_ln840_795  | add | dsp48  | 3       |
|     mac_muladd_8s_8s_32s_32_4_1_U1897             | 1    | yes    | ret_V_796      | mul | dsp48  | 3       |
|     mac_muladd_8s_8s_32s_32_4_1_U1897             | 1    |        | add_ln840_796  | add | dsp48  | 3       |
|     mac_muladd_8s_8s_32s_32_4_1_U1898             | 1    | yes    | ret_V_797      | mul | dsp48  | 3       |
|     mac_muladd_8s_8s_32s_32_4_1_U1898             | 1    |        | add_ln840_797  | add | dsp48  | 3       |
|     mac_muladd_8s_8s_32s_32_4_1_U1899             | 1    | yes    | ret_V_798      | mul | dsp48  | 3       |
|     mac_muladd_8s_8s_32s_32_4_1_U1899             | 1    |        | add_ln840_798  | add | dsp48  | 3       |
|     mac_muladd_8s_8s_32s_32_4_1_U1900             | 1    | yes    | ret_V_799      | mul | dsp48  | 3       |
|     mac_muladd_8s_8s_32s_32_4_1_U1900             | 1    |        | add_ln840_799  | add | dsp48  | 3       |
|     mac_muladd_8s_8s_32s_32_4_1_U1901             | 1    | yes    | ret_V_800      | mul | dsp48  | 3       |
|     mac_muladd_8s_8s_32s_32_4_1_U1901             | 1    |        | add_ln840_800  | add | dsp48  | 3       |
|     mac_muladd_8s_8s_32s_32_4_1_U1902             | 1    | yes    | ret_V_801      | mul | dsp48  | 3       |
|     mac_muladd_8s_8s_32s_32_4_1_U1902             | 1    |        | add_ln840_801  | add | dsp48  | 3       |
|     mac_muladd_8s_8s_32s_32_4_1_U1903             | 1    | yes    | ret_V_802      | mul | dsp48  | 3       |
|     mac_muladd_8s_8s_32s_32_4_1_U1903             | 1    |        | add_ln840_802  | add | dsp48  | 3       |
|     mac_muladd_8s_8s_32s_32_4_1_U1904             | 1    | yes    | ret_V_803      | mul | dsp48  | 3       |
|     mac_muladd_8s_8s_32s_32_4_1_U1904             | 1    |        | add_ln840_803  | add | dsp48  | 3       |
|     mac_muladd_8s_8s_32s_32_4_1_U1905             | 1    | yes    | ret_V_804      | mul | dsp48  | 3       |
|     mac_muladd_8s_8s_32s_32_4_1_U1905             | 1    |        | add_ln840_804  | add | dsp48  | 3       |
|     mac_muladd_8s_8s_32s_32_4_1_U1906             | 1    | yes    | ret_V_805      | mul | dsp48  | 3       |
|     mac_muladd_8s_8s_32s_32_4_1_U1906             | 1    |        | add_ln840_805  | add | dsp48  | 3       |
|     mac_muladd_8s_8s_32s_32_4_1_U1907             | 1    | yes    | ret_V_806      | mul | dsp48  | 3       |
|     mac_muladd_8s_8s_32s_32_4_1_U1907             | 1    |        | add_ln840_806  | add | dsp48  | 3       |
|     mac_muladd_8s_8s_32s_32_4_1_U1908             | 1    | yes    | ret_V_807      | mul | dsp48  | 3       |
|     mac_muladd_8s_8s_32s_32_4_1_U1908             | 1    |        | add_ln840_807  | add | dsp48  | 3       |
|     mac_muladd_8s_8s_32s_32_4_1_U1909             | 1    | yes    | ret_V_808      | mul | dsp48  | 3       |
|     mac_muladd_8s_8s_32s_32_4_1_U1909             | 1    |        | add_ln840_808  | add | dsp48  | 3       |
|     mac_muladd_8s_8s_32s_32_4_1_U1910             | 1    | yes    | ret_V_809      | mul | dsp48  | 3       |
|     mac_muladd_8s_8s_32s_32_4_1_U1910             | 1    |        | add_ln840_809  | add | dsp48  | 3       |
|     mac_muladd_8s_8s_32s_32_4_1_U1911             | 1    | yes    | ret_V_810      | mul | dsp48  | 3       |
|     mac_muladd_8s_8s_32s_32_4_1_U1911             | 1    |        | add_ln840_810  | add | dsp48  | 3       |
|     mac_muladd_8s_8s_32s_32_4_1_U1912             | 1    | yes    | ret_V_811      | mul | dsp48  | 3       |
|     mac_muladd_8s_8s_32s_32_4_1_U1912             | 1    |        | add_ln840_811  | add | dsp48  | 3       |
|     mac_muladd_8s_8s_32s_32_4_1_U1913             | 1    | yes    | ret_V_812      | mul | dsp48  | 3       |
|     mac_muladd_8s_8s_32s_32_4_1_U1913             | 1    |        | add_ln840_812  | add | dsp48  | 3       |
|     mac_muladd_8s_8s_32s_32_4_1_U1914             | 1    | yes    | ret_V_813      | mul | dsp48  | 3       |
|     mac_muladd_8s_8s_32s_32_4_1_U1914             | 1    |        | add_ln840_813  | add | dsp48  | 3       |
|     mac_muladd_8s_8s_32s_32_4_1_U1915             | 1    | yes    | ret_V_814      | mul | dsp48  | 3       |
|     mac_muladd_8s_8s_32s_32_4_1_U1915             | 1    |        | add_ln840_814  | add | dsp48  | 3       |
|     mac_muladd_8s_8s_32s_32_4_1_U1916             | 1    | yes    | ret_V_815      | mul | dsp48  | 3       |
|     mac_muladd_8s_8s_32s_32_4_1_U1916             | 1    |        | add_ln840_815  | add | dsp48  | 3       |
|     mac_muladd_8s_8s_32s_32_4_1_U1917             | 1    | yes    | ret_V_816      | mul | dsp48  | 3       |
|     mac_muladd_8s_8s_32s_32_4_1_U1917             | 1    |        | add_ln840_816  | add | dsp48  | 3       |
|     mac_muladd_8s_8s_32s_32_4_1_U1918             | 1    | yes    | ret_V_817      | mul | dsp48  | 3       |
|     mac_muladd_8s_8s_32s_32_4_1_U1918             | 1    |        | add_ln840_817  | add | dsp48  | 3       |
|     mac_muladd_8s_8s_32s_32_4_1_U1919             | 1    | yes    | ret_V_818      | mul | dsp48  | 3       |
|     mac_muladd_8s_8s_32s_32_4_1_U1919             | 1    |        | add_ln840_818  | add | dsp48  | 3       |
|     mac_muladd_8s_8s_32s_32_4_1_U1920             | 1    | yes    | ret_V_819      | mul | dsp48  | 3       |
|     mac_muladd_8s_8s_32s_32_4_1_U1920             | 1    |        | add_ln840_819  | add | dsp48  | 3       |
|     mac_muladd_8s_8s_32s_32_4_1_U1921             | 1    | yes    | ret_V_820      | mul | dsp48  | 3       |
|     mac_muladd_8s_8s_32s_32_4_1_U1921             | 1    |        | add_ln840_820  | add | dsp48  | 3       |
|     mac_muladd_8s_8s_32s_32_4_1_U1922             | 1    | yes    | ret_V_821      | mul | dsp48  | 3       |
|     mac_muladd_8s_8s_32s_32_4_1_U1922             | 1    |        | add_ln840_821  | add | dsp48  | 3       |
|     mac_muladd_8s_8s_32s_32_4_1_U1923             | 1    | yes    | ret_V_822      | mul | dsp48  | 3       |
|     mac_muladd_8s_8s_32s_32_4_1_U1923             | 1    |        | add_ln840_822  | add | dsp48  | 3       |
|     mac_muladd_8s_8s_32s_32_4_1_U1924             | 1    | yes    | ret_V_823      | mul | dsp48  | 3       |
|     mac_muladd_8s_8s_32s_32_4_1_U1924             | 1    |        | add_ln840_823  | add | dsp48  | 3       |
|     mac_muladd_8s_8s_32s_32_4_1_U1925             | 1    | yes    | ret_V_824      | mul | dsp48  | 3       |
|     mac_muladd_8s_8s_32s_32_4_1_U1925             | 1    |        | add_ln840_824  | add | dsp48  | 3       |
|     mac_muladd_8s_8s_32s_32_4_1_U1926             | 1    | yes    | ret_V_825      | mul | dsp48  | 3       |
|     mac_muladd_8s_8s_32s_32_4_1_U1926             | 1    |        | add_ln840_825  | add | dsp48  | 3       |
|     mac_muladd_8s_8s_32s_32_4_1_U1927             | 1    | yes    | ret_V_826      | mul | dsp48  | 3       |
|     mac_muladd_8s_8s_32s_32_4_1_U1927             | 1    |        | add_ln840_826  | add | dsp48  | 3       |
|     mac_muladd_8s_8s_32s_32_4_1_U1928             | 1    | yes    | ret_V_827      | mul | dsp48  | 3       |
|     mac_muladd_8s_8s_32s_32_4_1_U1928             | 1    |        | add_ln840_827  | add | dsp48  | 3       |
|     mac_muladd_8s_8s_32s_32_4_1_U1929             | 1    | yes    | ret_V_828      | mul | dsp48  | 3       |
|     mac_muladd_8s_8s_32s_32_4_1_U1929             | 1    |        | add_ln840_828  | add | dsp48  | 3       |
|     mac_muladd_8s_8s_32s_32_4_1_U1930             | 1    | yes    | ret_V_829      | mul | dsp48  | 3       |
|     mac_muladd_8s_8s_32s_32_4_1_U1930             | 1    |        | add_ln840_829  | add | dsp48  | 3       |
|     mac_muladd_8s_8s_32s_32_4_1_U1931             | 1    | yes    | ret_V_830      | mul | dsp48  | 3       |
|     mac_muladd_8s_8s_32s_32_4_1_U1931             | 1    |        | add_ln840_830  | add | dsp48  | 3       |
|     mac_muladd_8s_8s_32s_32_4_1_U1932             | 1    | yes    | ret_V_831      | mul | dsp48  | 3       |
|     mac_muladd_8s_8s_32s_32_4_1_U1932             | 1    |        | add_ln840_831  | add | dsp48  | 3       |
|     mac_muladd_8s_8s_32s_32_4_1_U1933             | 1    | yes    | ret_V_832      | mul | dsp48  | 3       |
|     mac_muladd_8s_8s_32s_32_4_1_U1933             | 1    |        | add_ln840_832  | add | dsp48  | 3       |
|     mac_muladd_8s_8s_32s_32_4_1_U1934             | 1    | yes    | ret_V_833      | mul | dsp48  | 3       |
|     mac_muladd_8s_8s_32s_32_4_1_U1934             | 1    |        | add_ln840_833  | add | dsp48  | 3       |
|     mac_muladd_8s_8s_32s_32_4_1_U1935             | 1    | yes    | ret_V_834      | mul | dsp48  | 3       |
|     mac_muladd_8s_8s_32s_32_4_1_U1935             | 1    |        | add_ln840_834  | add | dsp48  | 3       |
|     mac_muladd_8s_8s_32s_32_4_1_U1936             | 1    | yes    | ret_V_835      | mul | dsp48  | 3       |
|     mac_muladd_8s_8s_32s_32_4_1_U1936             | 1    |        | add_ln840_835  | add | dsp48  | 3       |
|     mac_muladd_8s_8s_32s_32_4_1_U1937             | 1    | yes    | ret_V_836      | mul | dsp48  | 3       |
|     mac_muladd_8s_8s_32s_32_4_1_U1937             | 1    |        | add_ln840_836  | add | dsp48  | 3       |
|     mac_muladd_8s_8s_32s_32_4_1_U1938             | 1    | yes    | ret_V_837      | mul | dsp48  | 3       |
|     mac_muladd_8s_8s_32s_32_4_1_U1938             | 1    |        | add_ln840_837  | add | dsp48  | 3       |
|     mac_muladd_8s_8s_32s_32_4_1_U1939             | 1    | yes    | ret_V_838      | mul | dsp48  | 3       |
|     mac_muladd_8s_8s_32s_32_4_1_U1939             | 1    |        | add_ln840_838  | add | dsp48  | 3       |
|     mac_muladd_8s_8s_32s_32_4_1_U1940             | 1    | yes    | ret_V_839      | mul | dsp48  | 3       |
|     mac_muladd_8s_8s_32s_32_4_1_U1940             | 1    |        | add_ln840_839  | add | dsp48  | 3       |
|     mac_muladd_8s_8s_32s_32_4_1_U1941             | 1    | yes    | ret_V_840      | mul | dsp48  | 3       |
|     mac_muladd_8s_8s_32s_32_4_1_U1941             | 1    |        | add_ln840_840  | add | dsp48  | 3       |
|     mac_muladd_8s_8s_32s_32_4_1_U1942             | 1    | yes    | ret_V_841      | mul | dsp48  | 3       |
|     mac_muladd_8s_8s_32s_32_4_1_U1942             | 1    |        | add_ln840_841  | add | dsp48  | 3       |
|     mac_muladd_8s_8s_32s_32_4_1_U1943             | 1    | yes    | ret_V_842      | mul | dsp48  | 3       |
|     mac_muladd_8s_8s_32s_32_4_1_U1943             | 1    |        | add_ln840_842  | add | dsp48  | 3       |
|     mac_muladd_8s_8s_32s_32_4_1_U1944             | 1    | yes    | ret_V_843      | mul | dsp48  | 3       |
|     mac_muladd_8s_8s_32s_32_4_1_U1944             | 1    |        | add_ln840_843  | add | dsp48  | 3       |
|     mac_muladd_8s_8s_32s_32_4_1_U1945             | 1    | yes    | ret_V_844      | mul | dsp48  | 3       |
|     mac_muladd_8s_8s_32s_32_4_1_U1945             | 1    |        | add_ln840_844  | add | dsp48  | 3       |
|     mac_muladd_8s_8s_32s_32_4_1_U1946             | 1    | yes    | ret_V_845      | mul | dsp48  | 3       |
|     mac_muladd_8s_8s_32s_32_4_1_U1946             | 1    |        | add_ln840_845  | add | dsp48  | 3       |
|     mac_muladd_8s_8s_32s_32_4_1_U1947             | 1    | yes    | ret_V_846      | mul | dsp48  | 3       |
|     mac_muladd_8s_8s_32s_32_4_1_U1947             | 1    |        | add_ln840_846  | add | dsp48  | 3       |
|     mac_muladd_8s_8s_32s_32_4_1_U1948             | 1    | yes    | ret_V_847      | mul | dsp48  | 3       |
|     mac_muladd_8s_8s_32s_32_4_1_U1948             | 1    |        | add_ln840_847  | add | dsp48  | 3       |
|     mac_muladd_8s_8s_32s_32_4_1_U1949             | 1    | yes    | ret_V_848      | mul | dsp48  | 3       |
|     mac_muladd_8s_8s_32s_32_4_1_U1949             | 1    |        | add_ln840_848  | add | dsp48  | 3       |
|     mac_muladd_8s_8s_32s_32_4_1_U1950             | 1    | yes    | ret_V_849      | mul | dsp48  | 3       |
|     mac_muladd_8s_8s_32s_32_4_1_U1950             | 1    |        | add_ln840_849  | add | dsp48  | 3       |
|     mac_muladd_8s_8s_32s_32_4_1_U1951             | 1    | yes    | ret_V_850      | mul | dsp48  | 3       |
|     mac_muladd_8s_8s_32s_32_4_1_U1951             | 1    |        | add_ln840_850  | add | dsp48  | 3       |
|     mac_muladd_8s_8s_32s_32_4_1_U1952             | 1    | yes    | ret_V_851      | mul | dsp48  | 3       |
|     mac_muladd_8s_8s_32s_32_4_1_U1952             | 1    |        | add_ln840_851  | add | dsp48  | 3       |
|     mac_muladd_8s_8s_32s_32_4_1_U1953             | 1    | yes    | ret_V_852      | mul | dsp48  | 3       |
|     mac_muladd_8s_8s_32s_32_4_1_U1953             | 1    |        | add_ln840_852  | add | dsp48  | 3       |
|     mac_muladd_8s_8s_32s_32_4_1_U1954             | 1    | yes    | ret_V_853      | mul | dsp48  | 3       |
|     mac_muladd_8s_8s_32s_32_4_1_U1954             | 1    |        | add_ln840_853  | add | dsp48  | 3       |
|     mac_muladd_8s_8s_32s_32_4_1_U1955             | 1    | yes    | ret_V_854      | mul | dsp48  | 3       |
|     mac_muladd_8s_8s_32s_32_4_1_U1955             | 1    |        | add_ln840_854  | add | dsp48  | 3       |
|     mac_muladd_8s_8s_32s_32_4_1_U1956             | 1    | yes    | ret_V_855      | mul | dsp48  | 3       |
|     mac_muladd_8s_8s_32s_32_4_1_U1956             | 1    |        | add_ln840_855  | add | dsp48  | 3       |
|     mac_muladd_8s_8s_32s_32_4_1_U1957             | 1    | yes    | ret_V_856      | mul | dsp48  | 3       |
|     mac_muladd_8s_8s_32s_32_4_1_U1957             | 1    |        | add_ln840_856  | add | dsp48  | 3       |
|     mac_muladd_8s_8s_32s_32_4_1_U1958             | 1    | yes    | ret_V_857      | mul | dsp48  | 3       |
|     mac_muladd_8s_8s_32s_32_4_1_U1958             | 1    |        | add_ln840_857  | add | dsp48  | 3       |
|     mac_muladd_8s_8s_32s_32_4_1_U1959             | 1    | yes    | ret_V_858      | mul | dsp48  | 3       |
|     mac_muladd_8s_8s_32s_32_4_1_U1959             | 1    |        | add_ln840_858  | add | dsp48  | 3       |
|     mac_muladd_8s_8s_32s_32_4_1_U1960             | 1    | yes    | ret_V_859      | mul | dsp48  | 3       |
|     mac_muladd_8s_8s_32s_32_4_1_U1960             | 1    |        | add_ln840_859  | add | dsp48  | 3       |
|     mac_muladd_8s_8s_32s_32_4_1_U1961             | 1    | yes    | ret_V_860      | mul | dsp48  | 3       |
|     mac_muladd_8s_8s_32s_32_4_1_U1961             | 1    |        | add_ln840_860  | add | dsp48  | 3       |
|     mac_muladd_8s_8s_32s_32_4_1_U1962             | 1    | yes    | ret_V_861      | mul | dsp48  | 3       |
|     mac_muladd_8s_8s_32s_32_4_1_U1962             | 1    |        | add_ln840_861  | add | dsp48  | 3       |
|     mac_muladd_8s_8s_32s_32_4_1_U1963             | 1    | yes    | ret_V_862      | mul | dsp48  | 3       |
|     mac_muladd_8s_8s_32s_32_4_1_U1963             | 1    |        | add_ln840_862  | add | dsp48  | 3       |
|     mac_muladd_8s_8s_32s_32_4_1_U1964             | 1    | yes    | ret_V_863      | mul | dsp48  | 3       |
|     mac_muladd_8s_8s_32s_32_4_1_U1964             | 1    |        | add_ln840_863  | add | dsp48  | 3       |
|     mac_muladd_8s_8s_32s_32_4_1_U1965             | 1    | yes    | ret_V_864      | mul | dsp48  | 3       |
|     mac_muladd_8s_8s_32s_32_4_1_U1965             | 1    |        | add_ln840_864  | add | dsp48  | 3       |
|     mac_muladd_8s_8s_32s_32_4_1_U1966             | 1    | yes    | ret_V_865      | mul | dsp48  | 3       |
|     mac_muladd_8s_8s_32s_32_4_1_U1966             | 1    |        | add_ln840_865  | add | dsp48  | 3       |
|     mac_muladd_8s_8s_32s_32_4_1_U1967             | 1    | yes    | ret_V_866      | mul | dsp48  | 3       |
|     mac_muladd_8s_8s_32s_32_4_1_U1967             | 1    |        | add_ln840_866  | add | dsp48  | 3       |
|     mac_muladd_8s_8s_32s_32_4_1_U1968             | 1    | yes    | ret_V_867      | mul | dsp48  | 3       |
|     mac_muladd_8s_8s_32s_32_4_1_U1968             | 1    |        | add_ln840_867  | add | dsp48  | 3       |
|     mac_muladd_8s_8s_32s_32_4_1_U1969             | 1    | yes    | ret_V_868      | mul | dsp48  | 3       |
|     mac_muladd_8s_8s_32s_32_4_1_U1969             | 1    |        | add_ln840_868  | add | dsp48  | 3       |
|     mac_muladd_8s_8s_32s_32_4_1_U1970             | 1    | yes    | ret_V_869      | mul | dsp48  | 3       |
|     mac_muladd_8s_8s_32s_32_4_1_U1970             | 1    |        | add_ln840_869  | add | dsp48  | 3       |
|     mac_muladd_8s_8s_32s_32_4_1_U1971             | 1    | yes    | ret_V_870      | mul | dsp48  | 3       |
|     mac_muladd_8s_8s_32s_32_4_1_U1971             | 1    |        | add_ln840_870  | add | dsp48  | 3       |
|     mac_muladd_8s_8s_32s_32_4_1_U1972             | 1    | yes    | ret_V_871      | mul | dsp48  | 3       |
|     mac_muladd_8s_8s_32s_32_4_1_U1972             | 1    |        | add_ln840_871  | add | dsp48  | 3       |
|     mac_muladd_8s_8s_32s_32_4_1_U1973             | 1    | yes    | ret_V_872      | mul | dsp48  | 3       |
|     mac_muladd_8s_8s_32s_32_4_1_U1973             | 1    |        | add_ln840_872  | add | dsp48  | 3       |
|     mac_muladd_8s_8s_32s_32_4_1_U1974             | 1    | yes    | ret_V_873      | mul | dsp48  | 3       |
|     mac_muladd_8s_8s_32s_32_4_1_U1974             | 1    |        | add_ln840_873  | add | dsp48  | 3       |
|     mac_muladd_8s_8s_32s_32_4_1_U1975             | 1    | yes    | ret_V_874      | mul | dsp48  | 3       |
|     mac_muladd_8s_8s_32s_32_4_1_U1975             | 1    |        | add_ln840_874  | add | dsp48  | 3       |
|     mac_muladd_8s_8s_32s_32_4_1_U1976             | 1    | yes    | ret_V_875      | mul | dsp48  | 3       |
|     mac_muladd_8s_8s_32s_32_4_1_U1976             | 1    |        | add_ln840_875  | add | dsp48  | 3       |
|     mac_muladd_8s_8s_32s_32_4_1_U1977             | 1    | yes    | ret_V_876      | mul | dsp48  | 3       |
|     mac_muladd_8s_8s_32s_32_4_1_U1977             | 1    |        | add_ln840_876  | add | dsp48  | 3       |
|     mac_muladd_8s_8s_32s_32_4_1_U1978             | 1    | yes    | ret_V_877      | mul | dsp48  | 3       |
|     mac_muladd_8s_8s_32s_32_4_1_U1978             | 1    |        | add_ln840_877  | add | dsp48  | 3       |
|     mac_muladd_8s_8s_32s_32_4_1_U1979             | 1    | yes    | ret_V_878      | mul | dsp48  | 3       |
|     mac_muladd_8s_8s_32s_32_4_1_U1979             | 1    |        | add_ln840_878  | add | dsp48  | 3       |
|     mac_muladd_8s_8s_32s_32_4_1_U1980             | 1    | yes    | ret_V_879      | mul | dsp48  | 3       |
|     mac_muladd_8s_8s_32s_32_4_1_U1980             | 1    |        | add_ln840_879  | add | dsp48  | 3       |
|     mac_muladd_8s_8s_32s_32_4_1_U1981             | 1    | yes    | ret_V_880      | mul | dsp48  | 3       |
|     mac_muladd_8s_8s_32s_32_4_1_U1981             | 1    |        | add_ln840_880  | add | dsp48  | 3       |
|     mac_muladd_8s_8s_32s_32_4_1_U1982             | 1    | yes    | ret_V_881      | mul | dsp48  | 3       |
|     mac_muladd_8s_8s_32s_32_4_1_U1982             | 1    |        | add_ln840_881  | add | dsp48  | 3       |
|     mac_muladd_8s_8s_32s_32_4_1_U1983             | 1    | yes    | ret_V_882      | mul | dsp48  | 3       |
|     mac_muladd_8s_8s_32s_32_4_1_U1983             | 1    |        | add_ln840_882  | add | dsp48  | 3       |
|     mac_muladd_8s_8s_32s_32_4_1_U1984             | 1    | yes    | ret_V_883      | mul | dsp48  | 3       |
|     mac_muladd_8s_8s_32s_32_4_1_U1984             | 1    |        | add_ln840_883  | add | dsp48  | 3       |
|     mac_muladd_8s_8s_32s_32_4_1_U1985             | 1    | yes    | ret_V_884      | mul | dsp48  | 3       |
|     mac_muladd_8s_8s_32s_32_4_1_U1985             | 1    |        | add_ln840_884  | add | dsp48  | 3       |
|     mac_muladd_8s_8s_32s_32_4_1_U1986             | 1    | yes    | ret_V_885      | mul | dsp48  | 3       |
|     mac_muladd_8s_8s_32s_32_4_1_U1986             | 1    |        | add_ln840_885  | add | dsp48  | 3       |
|     mac_muladd_8s_8s_32s_32_4_1_U1987             | 1    | yes    | ret_V_886      | mul | dsp48  | 3       |
|     mac_muladd_8s_8s_32s_32_4_1_U1987             | 1    |        | add_ln840_886  | add | dsp48  | 3       |
|     mac_muladd_8s_8s_32s_32_4_1_U1988             | 1    | yes    | ret_V_887      | mul | dsp48  | 3       |
|     mac_muladd_8s_8s_32s_32_4_1_U1988             | 1    |        | add_ln840_887  | add | dsp48  | 3       |
|     mac_muladd_8s_8s_32s_32_4_1_U1989             | 1    | yes    | ret_V_888      | mul | dsp48  | 3       |
|     mac_muladd_8s_8s_32s_32_4_1_U1989             | 1    |        | add_ln840_888  | add | dsp48  | 3       |
|     mac_muladd_8s_8s_32s_32_4_1_U1990             | 1    | yes    | ret_V_889      | mul | dsp48  | 3       |
|     mac_muladd_8s_8s_32s_32_4_1_U1990             | 1    |        | add_ln840_889  | add | dsp48  | 3       |
|     mac_muladd_8s_8s_32s_32_4_1_U1991             | 1    | yes    | ret_V_890      | mul | dsp48  | 3       |
|     mac_muladd_8s_8s_32s_32_4_1_U1991             | 1    |        | add_ln840_890  | add | dsp48  | 3       |
|     mac_muladd_8s_8s_32s_32_4_1_U1992             | 1    | yes    | ret_V_891      | mul | dsp48  | 3       |
|     mac_muladd_8s_8s_32s_32_4_1_U1992             | 1    |        | add_ln840_891  | add | dsp48  | 3       |
|     mac_muladd_8s_8s_32s_32_4_1_U1993             | 1    | yes    | ret_V_892      | mul | dsp48  | 3       |
|     mac_muladd_8s_8s_32s_32_4_1_U1993             | 1    |        | add_ln840_892  | add | dsp48  | 3       |
|     mac_muladd_8s_8s_32s_32_4_1_U1994             | 1    | yes    | ret_V_893      | mul | dsp48  | 3       |
|     mac_muladd_8s_8s_32s_32_4_1_U1994             | 1    |        | add_ln840_893  | add | dsp48  | 3       |
|     mac_muladd_8s_8s_32s_32_4_1_U1995             | 1    | yes    | ret_V_894      | mul | dsp48  | 3       |
|     mac_muladd_8s_8s_32s_32_4_1_U1995             | 1    |        | add_ln840_894  | add | dsp48  | 3       |
|     mac_muladd_8s_8s_32s_32_4_1_U1996             | 1    | yes    | ret_V_895      | mul | dsp48  | 3       |
|     mac_muladd_8s_8s_32s_32_4_1_U1996             | 1    |        | add_ln840_895  | add | dsp48  | 3       |
|     mac_muladd_8s_8s_32s_32_4_1_U1997             | 1    | yes    | ret_V_896      | mul | dsp48  | 3       |
|     mac_muladd_8s_8s_32s_32_4_1_U1997             | 1    |        | add_ln840_896  | add | dsp48  | 3       |
|     mac_muladd_8s_8s_32s_32_4_1_U1998             | 1    | yes    | ret_V_897      | mul | dsp48  | 3       |
|     mac_muladd_8s_8s_32s_32_4_1_U1998             | 1    |        | add_ln840_897  | add | dsp48  | 3       |
|     mac_muladd_8s_8s_32s_32_4_1_U1999             | 1    | yes    | ret_V_898      | mul | dsp48  | 3       |
|     mac_muladd_8s_8s_32s_32_4_1_U1999             | 1    |        | add_ln840_898  | add | dsp48  | 3       |
|     mac_muladd_8s_8s_32s_32_4_1_U2000             | 1    | yes    | ret_V_899      | mul | dsp48  | 3       |
|     mac_muladd_8s_8s_32s_32_4_1_U2000             | 1    |        | add_ln840_899  | add | dsp48  | 3       |
|     mac_muladd_8s_8s_32s_32_4_1_U2001             | 1    | yes    | ret_V_900      | mul | dsp48  | 3       |
|     mac_muladd_8s_8s_32s_32_4_1_U2001             | 1    |        | add_ln840_900  | add | dsp48  | 3       |
|     mac_muladd_8s_8s_32s_32_4_1_U2002             | 1    | yes    | ret_V_901      | mul | dsp48  | 3       |
|     mac_muladd_8s_8s_32s_32_4_1_U2002             | 1    |        | add_ln840_901  | add | dsp48  | 3       |
|     mac_muladd_8s_8s_32s_32_4_1_U2003             | 1    | yes    | ret_V_902      | mul | dsp48  | 3       |
|     mac_muladd_8s_8s_32s_32_4_1_U2003             | 1    |        | add_ln840_902  | add | dsp48  | 3       |
|     mac_muladd_8s_8s_32s_32_4_1_U2004             | 1    | yes    | ret_V_903      | mul | dsp48  | 3       |
|     mac_muladd_8s_8s_32s_32_4_1_U2004             | 1    |        | add_ln840_903  | add | dsp48  | 3       |
|     mac_muladd_8s_8s_32s_32_4_1_U2005             | 1    | yes    | ret_V_904      | mul | dsp48  | 3       |
|     mac_muladd_8s_8s_32s_32_4_1_U2005             | 1    |        | add_ln840_904  | add | dsp48  | 3       |
|     mac_muladd_8s_8s_32s_32_4_1_U2006             | 1    | yes    | ret_V_905      | mul | dsp48  | 3       |
|     mac_muladd_8s_8s_32s_32_4_1_U2006             | 1    |        | add_ln840_905  | add | dsp48  | 3       |
|     mac_muladd_8s_8s_32s_32_4_1_U2007             | 1    | yes    | ret_V_906      | mul | dsp48  | 3       |
|     mac_muladd_8s_8s_32s_32_4_1_U2007             | 1    |        | add_ln840_906  | add | dsp48  | 3       |
|     mac_muladd_8s_8s_32s_32_4_1_U2008             | 1    | yes    | ret_V_907      | mul | dsp48  | 3       |
|     mac_muladd_8s_8s_32s_32_4_1_U2008             | 1    |        | add_ln840_907  | add | dsp48  | 3       |
|     mac_muladd_8s_8s_32s_32_4_1_U2009             | 1    | yes    | ret_V_908      | mul | dsp48  | 3       |
|     mac_muladd_8s_8s_32s_32_4_1_U2009             | 1    |        | add_ln840_908  | add | dsp48  | 3       |
|     mac_muladd_8s_8s_32s_32_4_1_U2010             | 1    | yes    | ret_V_909      | mul | dsp48  | 3       |
|     mac_muladd_8s_8s_32s_32_4_1_U2010             | 1    |        | add_ln840_909  | add | dsp48  | 3       |
|     mac_muladd_8s_8s_32s_32_4_1_U2011             | 1    | yes    | ret_V_910      | mul | dsp48  | 3       |
|     mac_muladd_8s_8s_32s_32_4_1_U2011             | 1    |        | add_ln840_910  | add | dsp48  | 3       |
|     mac_muladd_8s_8s_32s_32_4_1_U2012             | 1    | yes    | ret_V_911      | mul | dsp48  | 3       |
|     mac_muladd_8s_8s_32s_32_4_1_U2012             | 1    |        | add_ln840_911  | add | dsp48  | 3       |
|     mac_muladd_8s_8s_32s_32_4_1_U2013             | 1    | yes    | ret_V_912      | mul | dsp48  | 3       |
|     mac_muladd_8s_8s_32s_32_4_1_U2013             | 1    |        | add_ln840_912  | add | dsp48  | 3       |
|     mac_muladd_8s_8s_32s_32_4_1_U2014             | 1    | yes    | ret_V_913      | mul | dsp48  | 3       |
|     mac_muladd_8s_8s_32s_32_4_1_U2014             | 1    |        | add_ln840_913  | add | dsp48  | 3       |
|     mac_muladd_8s_8s_32s_32_4_1_U2015             | 1    | yes    | ret_V_914      | mul | dsp48  | 3       |
|     mac_muladd_8s_8s_32s_32_4_1_U2015             | 1    |        | add_ln840_914  | add | dsp48  | 3       |
|     mac_muladd_8s_8s_32s_32_4_1_U2016             | 1    | yes    | ret_V_915      | mul | dsp48  | 3       |
|     mac_muladd_8s_8s_32s_32_4_1_U2016             | 1    |        | add_ln840_915  | add | dsp48  | 3       |
|     mac_muladd_8s_8s_32s_32_4_1_U2017             | 1    | yes    | ret_V_916      | mul | dsp48  | 3       |
|     mac_muladd_8s_8s_32s_32_4_1_U2017             | 1    |        | add_ln840_916  | add | dsp48  | 3       |
|     mac_muladd_8s_8s_32s_32_4_1_U2018             | 1    | yes    | ret_V_917      | mul | dsp48  | 3       |
|     mac_muladd_8s_8s_32s_32_4_1_U2018             | 1    |        | add_ln840_917  | add | dsp48  | 3       |
|     mac_muladd_8s_8s_32s_32_4_1_U2019             | 1    | yes    | ret_V_918      | mul | dsp48  | 3       |
|     mac_muladd_8s_8s_32s_32_4_1_U2019             | 1    |        | add_ln840_918  | add | dsp48  | 3       |
|     mac_muladd_8s_8s_32s_32_4_1_U2020             | 1    | yes    | ret_V_919      | mul | dsp48  | 3       |
|     mac_muladd_8s_8s_32s_32_4_1_U2020             | 1    |        | add_ln840_919  | add | dsp48  | 3       |
|     mac_muladd_8s_8s_32s_32_4_1_U2021             | 1    | yes    | ret_V_920      | mul | dsp48  | 3       |
|     mac_muladd_8s_8s_32s_32_4_1_U2021             | 1    |        | add_ln840_920  | add | dsp48  | 3       |
|     mac_muladd_8s_8s_32s_32_4_1_U2022             | 1    | yes    | ret_V_921      | mul | dsp48  | 3       |
|     mac_muladd_8s_8s_32s_32_4_1_U2022             | 1    |        | add_ln840_921  | add | dsp48  | 3       |
|     mac_muladd_8s_8s_32s_32_4_1_U2023             | 1    | yes    | ret_V_922      | mul | dsp48  | 3       |
|     mac_muladd_8s_8s_32s_32_4_1_U2023             | 1    |        | add_ln840_922  | add | dsp48  | 3       |
|     mac_muladd_8s_8s_32s_32_4_1_U2024             | 1    | yes    | ret_V_923      | mul | dsp48  | 3       |
|     mac_muladd_8s_8s_32s_32_4_1_U2024             | 1    |        | add_ln840_923  | add | dsp48  | 3       |
|     mac_muladd_8s_8s_32s_32_4_1_U2025             | 1    | yes    | ret_V_924      | mul | dsp48  | 3       |
|     mac_muladd_8s_8s_32s_32_4_1_U2025             | 1    |        | add_ln840_924  | add | dsp48  | 3       |
|     mac_muladd_8s_8s_32s_32_4_1_U2026             | 1    | yes    | ret_V_925      | mul | dsp48  | 3       |
|     mac_muladd_8s_8s_32s_32_4_1_U2026             | 1    |        | add_ln840_925  | add | dsp48  | 3       |
|     mac_muladd_8s_8s_32s_32_4_1_U2027             | 1    | yes    | ret_V_926      | mul | dsp48  | 3       |
|     mac_muladd_8s_8s_32s_32_4_1_U2027             | 1    |        | add_ln840_926  | add | dsp48  | 3       |
|     mac_muladd_8s_8s_32s_32_4_1_U2028             | 1    | yes    | ret_V_927      | mul | dsp48  | 3       |
|     mac_muladd_8s_8s_32s_32_4_1_U2028             | 1    |        | add_ln840_927  | add | dsp48  | 3       |
|     mac_muladd_8s_8s_32s_32_4_1_U2029             | 1    | yes    | ret_V_928      | mul | dsp48  | 3       |
|     mac_muladd_8s_8s_32s_32_4_1_U2029             | 1    |        | add_ln840_928  | add | dsp48  | 3       |
|     mac_muladd_8s_8s_32s_32_4_1_U2030             | 1    | yes    | ret_V_929      | mul | dsp48  | 3       |
|     mac_muladd_8s_8s_32s_32_4_1_U2030             | 1    |        | add_ln840_929  | add | dsp48  | 3       |
|     mac_muladd_8s_8s_32s_32_4_1_U2031             | 1    | yes    | ret_V_930      | mul | dsp48  | 3       |
|     mac_muladd_8s_8s_32s_32_4_1_U2031             | 1    |        | add_ln840_930  | add | dsp48  | 3       |
|     mac_muladd_8s_8s_32s_32_4_1_U2032             | 1    | yes    | ret_V_931      | mul | dsp48  | 3       |
|     mac_muladd_8s_8s_32s_32_4_1_U2032             | 1    |        | add_ln840_931  | add | dsp48  | 3       |
|     mac_muladd_8s_8s_32s_32_4_1_U2033             | 1    | yes    | ret_V_932      | mul | dsp48  | 3       |
|     mac_muladd_8s_8s_32s_32_4_1_U2033             | 1    |        | add_ln840_932  | add | dsp48  | 3       |
|     mac_muladd_8s_8s_32s_32_4_1_U2034             | 1    | yes    | ret_V_933      | mul | dsp48  | 3       |
|     mac_muladd_8s_8s_32s_32_4_1_U2034             | 1    |        | add_ln840_933  | add | dsp48  | 3       |
|     mac_muladd_8s_8s_32s_32_4_1_U2035             | 1    | yes    | ret_V_934      | mul | dsp48  | 3       |
|     mac_muladd_8s_8s_32s_32_4_1_U2035             | 1    |        | add_ln840_934  | add | dsp48  | 3       |
|     mac_muladd_8s_8s_32s_32_4_1_U2036             | 1    | yes    | ret_V_935      | mul | dsp48  | 3       |
|     mac_muladd_8s_8s_32s_32_4_1_U2036             | 1    |        | add_ln840_935  | add | dsp48  | 3       |
|     mac_muladd_8s_8s_32s_32_4_1_U2037             | 1    | yes    | ret_V_936      | mul | dsp48  | 3       |
|     mac_muladd_8s_8s_32s_32_4_1_U2037             | 1    |        | add_ln840_936  | add | dsp48  | 3       |
|     mac_muladd_8s_8s_32s_32_4_1_U2038             | 1    | yes    | ret_V_937      | mul | dsp48  | 3       |
|     mac_muladd_8s_8s_32s_32_4_1_U2038             | 1    |        | add_ln840_937  | add | dsp48  | 3       |
|     mac_muladd_8s_8s_32s_32_4_1_U2039             | 1    | yes    | ret_V_938      | mul | dsp48  | 3       |
|     mac_muladd_8s_8s_32s_32_4_1_U2039             | 1    |        | add_ln840_938  | add | dsp48  | 3       |
|     mac_muladd_8s_8s_32s_32_4_1_U2040             | 1    | yes    | ret_V_939      | mul | dsp48  | 3       |
|     mac_muladd_8s_8s_32s_32_4_1_U2040             | 1    |        | add_ln840_939  | add | dsp48  | 3       |
|     mac_muladd_8s_8s_32s_32_4_1_U2041             | 1    | yes    | ret_V_940      | mul | dsp48  | 3       |
|     mac_muladd_8s_8s_32s_32_4_1_U2041             | 1    |        | add_ln840_940  | add | dsp48  | 3       |
|     mac_muladd_8s_8s_32s_32_4_1_U2042             | 1    | yes    | ret_V_941      | mul | dsp48  | 3       |
|     mac_muladd_8s_8s_32s_32_4_1_U2042             | 1    |        | add_ln840_941  | add | dsp48  | 3       |
|     mac_muladd_8s_8s_32s_32_4_1_U2043             | 1    | yes    | ret_V_942      | mul | dsp48  | 3       |
|     mac_muladd_8s_8s_32s_32_4_1_U2043             | 1    |        | add_ln840_942  | add | dsp48  | 3       |
|     mac_muladd_8s_8s_32s_32_4_1_U2044             | 1    | yes    | ret_V_943      | mul | dsp48  | 3       |
|     mac_muladd_8s_8s_32s_32_4_1_U2044             | 1    |        | add_ln840_943  | add | dsp48  | 3       |
|     mac_muladd_8s_8s_32s_32_4_1_U2045             | 1    | yes    | ret_V_944      | mul | dsp48  | 3       |
|     mac_muladd_8s_8s_32s_32_4_1_U2045             | 1    |        | add_ln840_944  | add | dsp48  | 3       |
|     mac_muladd_8s_8s_32s_32_4_1_U2046             | 1    | yes    | ret_V_945      | mul | dsp48  | 3       |
|     mac_muladd_8s_8s_32s_32_4_1_U2046             | 1    |        | add_ln840_945  | add | dsp48  | 3       |
|     mac_muladd_8s_8s_32s_32_4_1_U2047             | 1    | yes    | ret_V_946      | mul | dsp48  | 3       |
|     mac_muladd_8s_8s_32s_32_4_1_U2047             | 1    |        | add_ln840_946  | add | dsp48  | 3       |
|     mac_muladd_8s_8s_32s_32_4_1_U2048             | 1    | yes    | ret_V_947      | mul | dsp48  | 3       |
|     mac_muladd_8s_8s_32s_32_4_1_U2048             | 1    |        | add_ln840_947  | add | dsp48  | 3       |
|     mac_muladd_8s_8s_32s_32_4_1_U2049             | 1    | yes    | ret_V_948      | mul | dsp48  | 3       |
|     mac_muladd_8s_8s_32s_32_4_1_U2049             | 1    |        | add_ln840_948  | add | dsp48  | 3       |
|     mac_muladd_8s_8s_32s_32_4_1_U2050             | 1    | yes    | ret_V_949      | mul | dsp48  | 3       |
|     mac_muladd_8s_8s_32s_32_4_1_U2050             | 1    |        | add_ln840_949  | add | dsp48  | 3       |
|     mac_muladd_8s_8s_32s_32_4_1_U2051             | 1    | yes    | ret_V_950      | mul | dsp48  | 3       |
|     mac_muladd_8s_8s_32s_32_4_1_U2051             | 1    |        | add_ln840_950  | add | dsp48  | 3       |
|     mac_muladd_8s_8s_32s_32_4_1_U2052             | 1    | yes    | ret_V_951      | mul | dsp48  | 3       |
|     mac_muladd_8s_8s_32s_32_4_1_U2052             | 1    |        | add_ln840_951  | add | dsp48  | 3       |
|     mac_muladd_8s_8s_32s_32_4_1_U2053             | 1    | yes    | ret_V_952      | mul | dsp48  | 3       |
|     mac_muladd_8s_8s_32s_32_4_1_U2053             | 1    |        | add_ln840_952  | add | dsp48  | 3       |
|     mac_muladd_8s_8s_32s_32_4_1_U2054             | 1    | yes    | ret_V_953      | mul | dsp48  | 3       |
|     mac_muladd_8s_8s_32s_32_4_1_U2054             | 1    |        | add_ln840_953  | add | dsp48  | 3       |
|     mac_muladd_8s_8s_32s_32_4_1_U2055             | 1    | yes    | ret_V_954      | mul | dsp48  | 3       |
|     mac_muladd_8s_8s_32s_32_4_1_U2055             | 1    |        | add_ln840_954  | add | dsp48  | 3       |
|     mac_muladd_8s_8s_32s_32_4_1_U2056             | 1    | yes    | ret_V_955      | mul | dsp48  | 3       |
|     mac_muladd_8s_8s_32s_32_4_1_U2056             | 1    |        | add_ln840_955  | add | dsp48  | 3       |
|     mac_muladd_8s_8s_32s_32_4_1_U2057             | 1    | yes    | ret_V_956      | mul | dsp48  | 3       |
|     mac_muladd_8s_8s_32s_32_4_1_U2057             | 1    |        | add_ln840_956  | add | dsp48  | 3       |
|     mac_muladd_8s_8s_32s_32_4_1_U2058             | 1    | yes    | ret_V_957      | mul | dsp48  | 3       |
|     mac_muladd_8s_8s_32s_32_4_1_U2058             | 1    |        | add_ln840_957  | add | dsp48  | 3       |
|     mac_muladd_8s_8s_32s_32_4_1_U2059             | 1    | yes    | ret_V_958      | mul | dsp48  | 3       |
|     mac_muladd_8s_8s_32s_32_4_1_U2059             | 1    |        | add_ln840_958  | add | dsp48  | 3       |
|     mac_muladd_8s_8s_32s_32_4_1_U2060             | 1    | yes    | ret_V_959      | mul | dsp48  | 3       |
|     mac_muladd_8s_8s_32s_32_4_1_U2060             | 1    |        | add_ln840_959  | add | dsp48  | 3       |
|     mac_muladd_8s_8s_32s_32_4_1_U2061             | 1    | yes    | ret_V_960      | mul | dsp48  | 3       |
|     mac_muladd_8s_8s_32s_32_4_1_U2061             | 1    |        | add_ln840_960  | add | dsp48  | 3       |
|     mac_muladd_8s_8s_32s_32_4_1_U2062             | 1    | yes    | ret_V_961      | mul | dsp48  | 3       |
|     mac_muladd_8s_8s_32s_32_4_1_U2062             | 1    |        | add_ln840_961  | add | dsp48  | 3       |
|     mac_muladd_8s_8s_32s_32_4_1_U2063             | 1    | yes    | ret_V_962      | mul | dsp48  | 3       |
|     mac_muladd_8s_8s_32s_32_4_1_U2063             | 1    |        | add_ln840_962  | add | dsp48  | 3       |
|     mac_muladd_8s_8s_32s_32_4_1_U2064             | 1    | yes    | ret_V_963      | mul | dsp48  | 3       |
|     mac_muladd_8s_8s_32s_32_4_1_U2064             | 1    |        | add_ln840_963  | add | dsp48  | 3       |
|     mac_muladd_8s_8s_32s_32_4_1_U2065             | 1    | yes    | ret_V_964      | mul | dsp48  | 3       |
|     mac_muladd_8s_8s_32s_32_4_1_U2065             | 1    |        | add_ln840_964  | add | dsp48  | 3       |
|     mac_muladd_8s_8s_32s_32_4_1_U2066             | 1    | yes    | ret_V_965      | mul | dsp48  | 3       |
|     mac_muladd_8s_8s_32s_32_4_1_U2066             | 1    |        | add_ln840_965  | add | dsp48  | 3       |
|     mac_muladd_8s_8s_32s_32_4_1_U2067             | 1    | yes    | ret_V_966      | mul | dsp48  | 3       |
|     mac_muladd_8s_8s_32s_32_4_1_U2067             | 1    |        | add_ln840_966  | add | dsp48  | 3       |
|     mac_muladd_8s_8s_32s_32_4_1_U2068             | 1    | yes    | ret_V_967      | mul | dsp48  | 3       |
|     mac_muladd_8s_8s_32s_32_4_1_U2068             | 1    |        | add_ln840_967  | add | dsp48  | 3       |
|     mac_muladd_8s_8s_32s_32_4_1_U2069             | 1    | yes    | ret_V_968      | mul | dsp48  | 3       |
|     mac_muladd_8s_8s_32s_32_4_1_U2069             | 1    |        | add_ln840_968  | add | dsp48  | 3       |
|     mac_muladd_8s_8s_32s_32_4_1_U2070             | 1    | yes    | ret_V_969      | mul | dsp48  | 3       |
|     mac_muladd_8s_8s_32s_32_4_1_U2070             | 1    |        | add_ln840_969  | add | dsp48  | 3       |
|     mac_muladd_8s_8s_32s_32_4_1_U2071             | 1    | yes    | ret_V_970      | mul | dsp48  | 3       |
|     mac_muladd_8s_8s_32s_32_4_1_U2071             | 1    |        | add_ln840_970  | add | dsp48  | 3       |
|     mac_muladd_8s_8s_32s_32_4_1_U2072             | 1    | yes    | ret_V_971      | mul | dsp48  | 3       |
|     mac_muladd_8s_8s_32s_32_4_1_U2072             | 1    |        | add_ln840_971  | add | dsp48  | 3       |
|     mac_muladd_8s_8s_32s_32_4_1_U2073             | 1    | yes    | ret_V_972      | mul | dsp48  | 3       |
|     mac_muladd_8s_8s_32s_32_4_1_U2073             | 1    |        | add_ln840_972  | add | dsp48  | 3       |
|     mac_muladd_8s_8s_32s_32_4_1_U2074             | 1    | yes    | ret_V_973      | mul | dsp48  | 3       |
|     mac_muladd_8s_8s_32s_32_4_1_U2074             | 1    |        | add_ln840_973  | add | dsp48  | 3       |
|     mac_muladd_8s_8s_32s_32_4_1_U2075             | 1    | yes    | ret_V_974      | mul | dsp48  | 3       |
|     mac_muladd_8s_8s_32s_32_4_1_U2075             | 1    |        | add_ln840_974  | add | dsp48  | 3       |
|     mac_muladd_8s_8s_32s_32_4_1_U2076             | 1    | yes    | ret_V_975      | mul | dsp48  | 3       |
|     mac_muladd_8s_8s_32s_32_4_1_U2076             | 1    |        | add_ln840_975  | add | dsp48  | 3       |
|     mac_muladd_8s_8s_32s_32_4_1_U2077             | 1    | yes    | ret_V_976      | mul | dsp48  | 3       |
|     mac_muladd_8s_8s_32s_32_4_1_U2077             | 1    |        | add_ln840_976  | add | dsp48  | 3       |
|     mac_muladd_8s_8s_32s_32_4_1_U2078             | 1    | yes    | ret_V_977      | mul | dsp48  | 3       |
|     mac_muladd_8s_8s_32s_32_4_1_U2078             | 1    |        | add_ln840_977  | add | dsp48  | 3       |
|     mac_muladd_8s_8s_32s_32_4_1_U2079             | 1    | yes    | ret_V_978      | mul | dsp48  | 3       |
|     mac_muladd_8s_8s_32s_32_4_1_U2079             | 1    |        | add_ln840_978  | add | dsp48  | 3       |
|     mac_muladd_8s_8s_32s_32_4_1_U2080             | 1    | yes    | ret_V_979      | mul | dsp48  | 3       |
|     mac_muladd_8s_8s_32s_32_4_1_U2080             | 1    |        | add_ln840_979  | add | dsp48  | 3       |
|     mac_muladd_8s_8s_32s_32_4_1_U2081             | 1    | yes    | ret_V_980      | mul | dsp48  | 3       |
|     mac_muladd_8s_8s_32s_32_4_1_U2081             | 1    |        | add_ln840_980  | add | dsp48  | 3       |
|     mac_muladd_8s_8s_32s_32_4_1_U2082             | 1    | yes    | ret_V_981      | mul | dsp48  | 3       |
|     mac_muladd_8s_8s_32s_32_4_1_U2082             | 1    |        | add_ln840_981  | add | dsp48  | 3       |
|     mac_muladd_8s_8s_32s_32_4_1_U2083             | 1    | yes    | ret_V_982      | mul | dsp48  | 3       |
|     mac_muladd_8s_8s_32s_32_4_1_U2083             | 1    |        | add_ln840_982  | add | dsp48  | 3       |
|     mac_muladd_8s_8s_32s_32_4_1_U2084             | 1    | yes    | ret_V_983      | mul | dsp48  | 3       |
|     mac_muladd_8s_8s_32s_32_4_1_U2084             | 1    |        | add_ln840_983  | add | dsp48  | 3       |
|     mac_muladd_8s_8s_32s_32_4_1_U2085             | 1    | yes    | ret_V_984      | mul | dsp48  | 3       |
|     mac_muladd_8s_8s_32s_32_4_1_U2085             | 1    |        | add_ln840_984  | add | dsp48  | 3       |
|     mac_muladd_8s_8s_32s_32_4_1_U2086             | 1    | yes    | ret_V_985      | mul | dsp48  | 3       |
|     mac_muladd_8s_8s_32s_32_4_1_U2086             | 1    |        | add_ln840_985  | add | dsp48  | 3       |
|     mac_muladd_8s_8s_32s_32_4_1_U2087             | 1    | yes    | ret_V_986      | mul | dsp48  | 3       |
|     mac_muladd_8s_8s_32s_32_4_1_U2087             | 1    |        | add_ln840_986  | add | dsp48  | 3       |
|     mac_muladd_8s_8s_32s_32_4_1_U2088             | 1    | yes    | ret_V_987      | mul | dsp48  | 3       |
|     mac_muladd_8s_8s_32s_32_4_1_U2088             | 1    |        | add_ln840_987  | add | dsp48  | 3       |
|     mac_muladd_8s_8s_32s_32_4_1_U2089             | 1    | yes    | ret_V_988      | mul | dsp48  | 3       |
|     mac_muladd_8s_8s_32s_32_4_1_U2089             | 1    |        | add_ln840_988  | add | dsp48  | 3       |
|     mac_muladd_8s_8s_32s_32_4_1_U2090             | 1    | yes    | ret_V_989      | mul | dsp48  | 3       |
|     mac_muladd_8s_8s_32s_32_4_1_U2090             | 1    |        | add_ln840_989  | add | dsp48  | 3       |
|     mac_muladd_8s_8s_32s_32_4_1_U2091             | 1    | yes    | ret_V_990      | mul | dsp48  | 3       |
|     mac_muladd_8s_8s_32s_32_4_1_U2091             | 1    |        | add_ln840_990  | add | dsp48  | 3       |
|     mac_muladd_8s_8s_32s_32_4_1_U2092             | 1    | yes    | ret_V_991      | mul | dsp48  | 3       |
|     mac_muladd_8s_8s_32s_32_4_1_U2092             | 1    |        | add_ln840_991  | add | dsp48  | 3       |
|     mac_muladd_8s_8s_32s_32_4_1_U2093             | 1    | yes    | ret_V_992      | mul | dsp48  | 3       |
|     mac_muladd_8s_8s_32s_32_4_1_U2093             | 1    |        | add_ln840_992  | add | dsp48  | 3       |
|     mac_muladd_8s_8s_32s_32_4_1_U2094             | 1    | yes    | ret_V_993      | mul | dsp48  | 3       |
|     mac_muladd_8s_8s_32s_32_4_1_U2094             | 1    |        | add_ln840_993  | add | dsp48  | 3       |
|     mac_muladd_8s_8s_32s_32_4_1_U2095             | 1    | yes    | ret_V_994      | mul | dsp48  | 3       |
|     mac_muladd_8s_8s_32s_32_4_1_U2095             | 1    |        | add_ln840_994  | add | dsp48  | 3       |
|     mac_muladd_8s_8s_32s_32_4_1_U2096             | 1    | yes    | ret_V_995      | mul | dsp48  | 3       |
|     mac_muladd_8s_8s_32s_32_4_1_U2096             | 1    |        | add_ln840_995  | add | dsp48  | 3       |
|     mac_muladd_8s_8s_32s_32_4_1_U2097             | 1    | yes    | ret_V_996      | mul | dsp48  | 3       |
|     mac_muladd_8s_8s_32s_32_4_1_U2097             | 1    |        | add_ln840_996  | add | dsp48  | 3       |
|     mac_muladd_8s_8s_32s_32_4_1_U2098             | 1    | yes    | ret_V_997      | mul | dsp48  | 3       |
|     mac_muladd_8s_8s_32s_32_4_1_U2098             | 1    |        | add_ln840_997  | add | dsp48  | 3       |
|     mac_muladd_8s_8s_32s_32_4_1_U2099             | 1    | yes    | ret_V_998      | mul | dsp48  | 3       |
|     mac_muladd_8s_8s_32s_32_4_1_U2099             | 1    |        | add_ln840_998  | add | dsp48  | 3       |
|     mac_muladd_8s_8s_32s_32_4_1_U2100             | 1    | yes    | ret_V_999      | mul | dsp48  | 3       |
|     mac_muladd_8s_8s_32s_32_4_1_U2100             | 1    |        | add_ln840_999  | add | dsp48  | 3       |
|     mac_muladd_8s_8s_32s_32_4_1_U2101             | 1    | yes    | ret_V_1000     | mul | dsp48  | 3       |
|     mac_muladd_8s_8s_32s_32_4_1_U2101             | 1    |        | add_ln840_1000 | add | dsp48  | 3       |
|     mac_muladd_8s_8s_32s_32_4_1_U2102             | 1    | yes    | ret_V_1001     | mul | dsp48  | 3       |
|     mac_muladd_8s_8s_32s_32_4_1_U2102             | 1    |        | add_ln840_1001 | add | dsp48  | 3       |
|     mac_muladd_8s_8s_32s_32_4_1_U2103             | 1    | yes    | ret_V_1002     | mul | dsp48  | 3       |
|     mac_muladd_8s_8s_32s_32_4_1_U2103             | 1    |        | add_ln840_1002 | add | dsp48  | 3       |
|     mac_muladd_8s_8s_32s_32_4_1_U2104             | 1    | yes    | ret_V_1003     | mul | dsp48  | 3       |
|     mac_muladd_8s_8s_32s_32_4_1_U2104             | 1    |        | add_ln840_1003 | add | dsp48  | 3       |
|     mac_muladd_8s_8s_32s_32_4_1_U2105             | 1    | yes    | ret_V_1004     | mul | dsp48  | 3       |
|     mac_muladd_8s_8s_32s_32_4_1_U2105             | 1    |        | add_ln840_1004 | add | dsp48  | 3       |
|     mac_muladd_8s_8s_32s_32_4_1_U2106             | 1    | yes    | ret_V_1005     | mul | dsp48  | 3       |
|     mac_muladd_8s_8s_32s_32_4_1_U2106             | 1    |        | add_ln840_1005 | add | dsp48  | 3       |
|     mac_muladd_8s_8s_32s_32_4_1_U2107             | 1    | yes    | ret_V_1006     | mul | dsp48  | 3       |
|     mac_muladd_8s_8s_32s_32_4_1_U2107             | 1    |        | add_ln840_1006 | add | dsp48  | 3       |
|     mac_muladd_8s_8s_32s_32_4_1_U2108             | 1    | yes    | ret_V_1007     | mul | dsp48  | 3       |
|     mac_muladd_8s_8s_32s_32_4_1_U2108             | 1    |        | add_ln840_1007 | add | dsp48  | 3       |
|     mac_muladd_8s_8s_32s_32_4_1_U2109             | 1    | yes    | ret_V_1008     | mul | dsp48  | 3       |
|     mac_muladd_8s_8s_32s_32_4_1_U2109             | 1    |        | add_ln840_1008 | add | dsp48  | 3       |
|     mac_muladd_8s_8s_32s_32_4_1_U2110             | 1    | yes    | ret_V_1009     | mul | dsp48  | 3       |
|     mac_muladd_8s_8s_32s_32_4_1_U2110             | 1    |        | add_ln840_1009 | add | dsp48  | 3       |
|     mac_muladd_8s_8s_32s_32_4_1_U2111             | 1    | yes    | ret_V_1010     | mul | dsp48  | 3       |
|     mac_muladd_8s_8s_32s_32_4_1_U2111             | 1    |        | add_ln840_1010 | add | dsp48  | 3       |
|     mac_muladd_8s_8s_32s_32_4_1_U2112             | 1    | yes    | ret_V_1011     | mul | dsp48  | 3       |
|     mac_muladd_8s_8s_32s_32_4_1_U2112             | 1    |        | add_ln840_1011 | add | dsp48  | 3       |
|     mac_muladd_8s_8s_32s_32_4_1_U2113             | 1    | yes    | ret_V_1012     | mul | dsp48  | 3       |
|     mac_muladd_8s_8s_32s_32_4_1_U2113             | 1    |        | add_ln840_1012 | add | dsp48  | 3       |
|     mac_muladd_8s_8s_32s_32_4_1_U2114             | 1    | yes    | ret_V_1013     | mul | dsp48  | 3       |
|     mac_muladd_8s_8s_32s_32_4_1_U2114             | 1    |        | add_ln840_1013 | add | dsp48  | 3       |
|     mac_muladd_8s_8s_32s_32_4_1_U2115             | 1    | yes    | ret_V_1014     | mul | dsp48  | 3       |
|     mac_muladd_8s_8s_32s_32_4_1_U2115             | 1    |        | add_ln840_1014 | add | dsp48  | 3       |
|     mac_muladd_8s_8s_32s_32_4_1_U2116             | 1    | yes    | ret_V_1015     | mul | dsp48  | 3       |
|     mac_muladd_8s_8s_32s_32_4_1_U2116             | 1    |        | add_ln840_1015 | add | dsp48  | 3       |
|     mac_muladd_8s_8s_32s_32_4_1_U2117             | 1    | yes    | ret_V_1016     | mul | dsp48  | 3       |
|     mac_muladd_8s_8s_32s_32_4_1_U2117             | 1    |        | add_ln840_1016 | add | dsp48  | 3       |
|     mac_muladd_8s_8s_32s_32_4_1_U2118             | 1    | yes    | ret_V_1017     | mul | dsp48  | 3       |
|     mac_muladd_8s_8s_32s_32_4_1_U2118             | 1    |        | add_ln840_1017 | add | dsp48  | 3       |
|     mac_muladd_8s_8s_32s_32_4_1_U2119             | 1    | yes    | ret_V_1018     | mul | dsp48  | 3       |
|     mac_muladd_8s_8s_32s_32_4_1_U2119             | 1    |        | add_ln840_1018 | add | dsp48  | 3       |
|     mac_muladd_8s_8s_32s_32_4_1_U2120             | 1    | yes    | ret_V_1019     | mul | dsp48  | 3       |
|     mac_muladd_8s_8s_32s_32_4_1_U2120             | 1    |        | add_ln840_1019 | add | dsp48  | 3       |
|     mac_muladd_8s_8s_32s_32_4_1_U2121             | 1    | yes    | ret_V_1020     | mul | dsp48  | 3       |
|     mac_muladd_8s_8s_32s_32_4_1_U2121             | 1    |        | add_ln840_1020 | add | dsp48  | 3       |
|     mac_muladd_8s_8s_32s_32_4_1_U2122             | 1    | yes    | ret_V_1021     | mul | dsp48  | 3       |
|     mac_muladd_8s_8s_32s_32_4_1_U2122             | 1    |        | add_ln840_1021 | add | dsp48  | 3       |
|     mac_muladd_8s_8s_32s_32_4_1_U2123             | 1    | yes    | ret_V_1022     | mul | dsp48  | 3       |
|     mac_muladd_8s_8s_32s_32_4_1_U2123             | 1    |        | add_ln840_1022 | add | dsp48  | 3       |
|     mac_muladd_8s_8s_32s_32_4_1_U2124             | 1    | yes    | ret_V_1023     | mul | dsp48  | 3       |
|     mac_muladd_8s_8s_32s_32_4_1_U2124             | 1    |        | add_ln840_1023 | add | dsp48  | 3       |
|   + compute_systolic_Pipeline_Store_Cache_Row     | 0    |        |                |     |        |         |
|     add_ln88_fu_8682_p2                           | -    |        | add_ln88       | add | fabric | 0       |
+---------------------------------------------------+------+--------+----------------+-----+--------+---------+


================================================================
== Bind Storage Report
================================================================
+-----------------------------+------+------+--------+-------------+---------+------+---------+
| Name                        | BRAM | URAM | Pragma | Variable    | Storage | Impl | Latency |
+-----------------------------+------+------+--------+-------------+---------+------+---------+
| + pipelined_layer_processor | 280  | 0    |        |             |         |      |         |
|   tile_A_V_U                | 15   | -    | yes    | tile_A_V    | ram_2p  | bram | 1       |
|   tile_A_V_1_U              | 15   | -    | yes    | tile_A_V_1  | ram_2p  | bram | 1       |
|   tile_A_V_2_U              | 15   | -    | yes    | tile_A_V_2  | ram_2p  | bram | 1       |
|   tile_A_V_3_U              | 15   | -    | yes    | tile_A_V_3  | ram_2p  | bram | 1       |
|   tile_A_V_4_U              | 15   | -    | yes    | tile_A_V_4  | ram_2p  | bram | 1       |
|   tile_A_V_5_U              | 15   | -    | yes    | tile_A_V_5  | ram_2p  | bram | 1       |
|   tile_A_V_6_U              | 15   | -    | yes    | tile_A_V_6  | ram_2p  | bram | 1       |
|   tile_A_V_7_U              | 15   | -    | yes    | tile_A_V_7  | ram_2p  | bram | 1       |
|   tile_A_V_8_U              | 15   | -    | yes    | tile_A_V_8  | ram_2p  | bram | 1       |
|   tile_A_V_9_U              | 15   | -    | yes    | tile_A_V_9  | ram_2p  | bram | 1       |
|   tile_A_V_10_U             | 15   | -    | yes    | tile_A_V_10 | ram_2p  | bram | 1       |
|   tile_A_V_11_U             | 15   | -    | yes    | tile_A_V_11 | ram_2p  | bram | 1       |
|   tile_A_V_12_U             | 15   | -    | yes    | tile_A_V_12 | ram_2p  | bram | 1       |
|   tile_A_V_13_U             | 15   | -    | yes    | tile_A_V_13 | ram_2p  | bram | 1       |
|   tile_A_V_14_U             | 15   | -    | yes    | tile_A_V_14 | ram_2p  | bram | 1       |
|   tile_A_V_15_U             | 15   | -    | yes    | tile_A_V_15 | ram_2p  | bram | 1       |
|   tile_B_V_U                | 8    | -    | yes    | tile_B_V    | ram_2p  | bram | 1       |
|   tile_C_V_U                | 2    | -    | yes    | tile_C_V    | ram_2p  | bram | 1       |
|   tile_C_V_1_U              | 2    | -    | yes    | tile_C_V_1  | ram_2p  | bram | 1       |
|   tile_C_V_2_U              | 2    | -    | yes    | tile_C_V_2  | ram_2p  | bram | 1       |
|   tile_C_V_3_U              | 2    | -    | yes    | tile_C_V_3  | ram_2p  | bram | 1       |
|   tile_C_V_4_U              | 2    | -    | yes    | tile_C_V_4  | ram_2p  | bram | 1       |
|   tile_C_V_5_U              | 2    | -    | yes    | tile_C_V_5  | ram_2p  | bram | 1       |
|   tile_C_V_6_U              | 2    | -    | yes    | tile_C_V_6  | ram_2p  | bram | 1       |
|   tile_C_V_7_U              | 2    | -    | yes    | tile_C_V_7  | ram_2p  | bram | 1       |
|   tile_C_V_8_U              | 2    | -    | yes    | tile_C_V_8  | ram_2p  | bram | 1       |
|   tile_C_V_9_U              | 2    | -    | yes    | tile_C_V_9  | ram_2p  | bram | 1       |
|   tile_C_V_10_U             | 2    | -    | yes    | tile_C_V_10 | ram_2p  | bram | 1       |
|   tile_C_V_11_U             | 2    | -    | yes    | tile_C_V_11 | ram_2p  | bram | 1       |
|   tile_C_V_12_U             | 2    | -    | yes    | tile_C_V_12 | ram_2p  | bram | 1       |
|   tile_C_V_13_U             | 2    | -    | yes    | tile_C_V_13 | ram_2p  | bram | 1       |
|   tile_C_V_14_U             | 2    | -    | yes    | tile_C_V_14 | ram_2p  | bram | 1       |
|   tile_C_V_15_U             | 2    | -    | yes    | tile_C_V_15 | ram_2p  | bram | 1       |
+-----------------------------+------+------+--------+-------------+---------+------+---------+


================================================================
== Pragma Report
================================================================
* Valid Pragma Syntax
+-----------------+---------------------------------------------------------------------------------------------------------+--------------------------------------------------------------------------+
| Type            | Options                                                                                                 | Location                                                                 |
+-----------------+---------------------------------------------------------------------------------------------------------+--------------------------------------------------------------------------+
| inline          | off                                                                                                     | SystolicArray/main.cpp:11 in read_big_tile                               |
| pipeline        | II=1                                                                                                    | SystolicArray/main.cpp:16 in read_big_tile                               |
| unroll          |                                                                                                         | SystolicArray/main.cpp:21 in read_big_tile                               |
| inline          | off                                                                                                     | SystolicArray/main.cpp:35 in compute_systolic                            |
| array_partition | variable=h_wires dim=0 complete                                                                         | SystolicArray/main.cpp:39 in compute_systolic, h_wires                   |
| array_partition | variable=v_wires dim=0 complete                                                                         | SystolicArray/main.cpp:40 in compute_systolic, v_wires                   |
| array_partition | variable=local_regs dim=0 complete                                                                      | SystolicArray/main.cpp:44 in compute_systolic, local_regs                |
| pipeline        | II=1                                                                                                    | SystolicArray/main.cpp:52 in compute_systolic                            |
| unroll          |                                                                                                         | SystolicArray/main.cpp:54 in compute_systolic                            |
| unroll          |                                                                                                         | SystolicArray/main.cpp:61 in compute_systolic                            |
| pipeline        | II=1                                                                                                    | SystolicArray/main.cpp:66 in compute_systolic                            |
| unroll          |                                                                                                         | SystolicArray/main.cpp:72 in compute_systolic                            |
| unroll          |                                                                                                         | SystolicArray/main.cpp:74 in compute_systolic                            |
| bind_op         | variable=prod op=mul impl=dsp                                                                           | SystolicArray/main.cpp:77 in compute_systolic, prod                      |
| pipeline        | II=1                                                                                                    | SystolicArray/main.cpp:89 in compute_systolic                            |
| unroll          |                                                                                                         | SystolicArray/main.cpp:91 in compute_systolic                            |
| inline          | off                                                                                                     | SystolicArray/main.cpp:107 in write_big_tile                             |
| pipeline        | II=1                                                                                                    | SystolicArray/main.cpp:113 in write_big_tile                             |
| unroll          |                                                                                                         | SystolicArray/main.cpp:117 in write_big_tile                             |
| interface       | m_axi port=mat_A offset=slave bundle=gmem0 depth=4000 max_read_burst_length=64 num_read_outstanding=4   | SystolicArray/main.cpp:137 in pipelined_layer_processor, mat_A           |
| interface       | m_axi port=mat_B offset=slave bundle=gmem1 depth=4000 max_read_burst_length=64 num_read_outstanding=4   | SystolicArray/main.cpp:138 in pipelined_layer_processor, mat_B           |
| interface       | m_axi port=mat_C offset=slave bundle=gmem0 depth=4000 max_write_burst_length=64 num_write_outstanding=4 | SystolicArray/main.cpp:139 in pipelined_layer_processor, mat_C           |
| interface       | s_axilite port=return bundle=control                                                                    | SystolicArray/main.cpp:140 in pipelined_layer_processor, return          |
| interface       | s_axilite port=return bundle=control                                                                    | SystolicArray/main.cpp:143 in pipelined_layer_processor, return          |
| interface       | s_axilite port=num_row_tiles bundle=control                                                             | SystolicArray/main.cpp:144 in pipelined_layer_processor, num_row_tiles   |
| interface       | s_axilite port=num_depth_tiles bundle=control                                                           | SystolicArray/main.cpp:145 in pipelined_layer_processor, num_depth_tiles |
| interface       | s_axilite port=num_col_tiles bundle=control                                                             | SystolicArray/main.cpp:146 in pipelined_layer_processor, num_col_tiles   |
| interface       | s_axilite port=mat_A bundle=control                                                                     | SystolicArray/main.cpp:149 in pipelined_layer_processor, mat_A           |
| interface       | s_axilite port=mat_B bundle=control                                                                     | SystolicArray/main.cpp:150 in pipelined_layer_processor, mat_B           |
| interface       | s_axilite port=mat_C bundle=control                                                                     | SystolicArray/main.cpp:151 in pipelined_layer_processor, mat_C           |
| array_partition | variable=tile_A dim=1 cyclic factor=16                                                                  | SystolicArray/main.cpp:157 in pipelined_layer_processor, tile_A          |
| array_reshape   | variable=tile_A dim=2 cyclic factor=32                                                                  | SystolicArray/main.cpp:158 in pipelined_layer_processor, tile_A          |
| bind_storage    | variable=tile_A type=ram_2p impl=bram                                                                   | SystolicArray/main.cpp:159 in pipelined_layer_processor, tile_A          |
| array_reshape   | variable=tile_B dim=2 cyclic factor=32                                                                  | SystolicArray/main.cpp:161 in pipelined_layer_processor, tile_B          |
| bind_storage    | variable=tile_B type=ram_2p impl=bram                                                                   | SystolicArray/main.cpp:162 in pipelined_layer_processor, tile_B          |
| array_partition | variable=tile_C dim=2 cyclic factor=16                                                                  | SystolicArray/main.cpp:164 in pipelined_layer_processor, tile_C          |
| bind_storage    | variable=tile_C type=ram_2p impl=bram                                                                   | SystolicArray/main.cpp:165 in pipelined_layer_processor, tile_C          |
| pipeline        | II=1                                                                                                    | SystolicArray/main.cpp:172 in pipelined_layer_processor                  |
+-----------------+---------------------------------------------------------------------------------------------------------+--------------------------------------------------------------------------+


