#-----------------------------------------------------------
# Vivado v2022.2 (64-bit)
# SW Build 3671981 on Fri Oct 14 04:59:54 MDT 2022
# IP Build 3669848 on Fri Oct 14 08:30:02 MDT 2022
# Start of session at: Sat May 23 20:09:37 2026
# Process ID: 6201
# Current directory: /home/ali/Desktop/SystolicArray
# Command line: vivado
# Log file: /home/ali/Desktop/SystolicArray/vivado.log
# Journal file: /home/ali/Desktop/SystolicArray/vivado.jou
# Running On: ali, OS: Linux, CPU Frequency: 400.000 MHz, CPU Physical cores: 10, Host memory: 16372 MB
#-----------------------------------------------------------
start_gui
WARNING: [Board 49-26] cannot add Board Part xilinx.com:kc705:part0:1.6 available at /tools/Xilinx/Vivado/2022.2/data/xhub/boards/XilinxBoardStore/boards/Xilinx/kc705/1.6/board.xml as part xc7k325tffg900-2 specified in board_part file is either invalid or not available
WARNING: [Board 49-26] cannot add Board Part xilinx.com:kcu105:part0:1.6 available at /tools/Xilinx/Vivado/2022.2/data/xhub/boards/XilinxBoardStore/boards/Xilinx/kcu105/1.6/board.xml as part xcku040-ffva1156-2-e specified in board_part file is either invalid or not available
WARNING: [Board 49-26] cannot add Board Part xilinx.com:kcu105:part0:1.7 available at /tools/Xilinx/Vivado/2022.2/data/xhub/boards/XilinxBoardStore/boards/Xilinx/kcu105/1.7/board.xml as part xcku040-ffva1156-2-e specified in board_part file is either invalid or not available
WARNING: [Board 49-26] cannot add Board Part xilinx.com:kcu1500:part0:1.2 available at /tools/Xilinx/Vivado/2022.2/data/xhub/boards/XilinxBoardStore/boards/Xilinx/kcu1500/1.2/board.xml as part xcku115-flvb2104-2-e specified in board_part file is either invalid or not available
WARNING: [Board 49-26] cannot add Board Part xilinx.com:vc707:part0:1.4 available at /tools/Xilinx/Vivado/2022.2/data/xhub/boards/XilinxBoardStore/boards/Xilinx/vc707/1.4/board.xml as part xc7vx485tffg1761-2 specified in board_part file is either invalid or not available
WARNING: [Board 49-26] cannot add Board Part xilinx.com:vc709:part0:1.8 available at /tools/Xilinx/Vivado/2022.2/data/xhub/boards/XilinxBoardStore/boards/Xilinx/vc709/1.8/board.xml as part xc7vx690tffg1761-2 specified in board_part file is either invalid or not available
WARNING: [Board 49-26] cannot add Board Part xilinx.com:vck190:part0:2.2 available at /tools/Xilinx/Vivado/2022.2/data/xhub/boards/XilinxBoardStore/boards/Xilinx/vck190/production/2.2/board.xml as part xcvc1902-vsva2197-2mp-e-s specified in board_part file is either invalid or not available
WARNING: [Board 49-26] cannot add Board Part xilinx.com:vck190:part0:3.0 available at /tools/Xilinx/Vivado/2022.2/data/xhub/boards/XilinxBoardStore/boards/Xilinx/vck190/production/3.0/board.xml as part xcvc1902-vsva2197-2mp-e-s specified in board_part file is either invalid or not available
WARNING: [Board 49-26] cannot add Board Part xilinx.com:vck190:part0:3.1 available at /tools/Xilinx/Vivado/2022.2/data/xhub/boards/XilinxBoardStore/boards/Xilinx/vck190/production/3.1/board.xml as part xcvc1902-vsva2197-2mp-e-s specified in board_part file is either invalid or not available
WARNING: [Board 49-26] cannot add Board Part xilinx.com:vck190_newl:part0:1.0 available at /tools/Xilinx/Vivado/2022.2/data/xhub/boards/XilinxBoardStore/boards/Xilinx/vck190_newl/production/1.0/board.xml as part xcvc1902-vsva2197-2mp-e-s specified in board_part file is either invalid or not available
WARNING: [Board 49-26] cannot add Board Part xilinx.com:vcu108:part0:1.6 available at /tools/Xilinx/Vivado/2022.2/data/xhub/boards/XilinxBoardStore/boards/Xilinx/vcu108/1.6/board.xml as part xcvu095-ffva2104-2-e specified in board_part file is either invalid or not available
WARNING: [Board 49-26] cannot add Board Part xilinx.com:vcu108:part0:1.7 available at /tools/Xilinx/Vivado/2022.2/data/xhub/boards/XilinxBoardStore/boards/Xilinx/vcu108/1.7/board.xml as part xcvu095-ffva2104-2-e specified in board_part file is either invalid or not available
WARNING: [Board 49-26] cannot add Board Part xilinx.com:vcu110:part0:1.4 available at /tools/Xilinx/Vivado/2022.2/data/xhub/boards/XilinxBoardStore/boards/Xilinx/vcu110/1.4/board.xml as part xcvu190-flgc2104-2-e specified in board_part file is either invalid or not available
WARNING: [Board 49-26] cannot add Board Part xilinx.com:vcu118:part0:2.0 available at /tools/Xilinx/Vivado/2022.2/data/xhub/boards/XilinxBoardStore/boards/Xilinx/vcu118/2.0/board.xml as part xcvu9p-flga2104-2l-e specified in board_part file is either invalid or not available
WARNING: [Board 49-26] cannot add Board Part xilinx.com:vcu118:part0:2.3 available at /tools/Xilinx/Vivado/2022.2/data/xhub/boards/XilinxBoardStore/boards/Xilinx/vcu118/2.3/board.xml as part xcvu9p-flga2104-2l-e specified in board_part file is either invalid or not available
WARNING: [Board 49-26] cannot add Board Part xilinx.com:vcu118:part0:2.4 available at /tools/Xilinx/Vivado/2022.2/data/xhub/boards/XilinxBoardStore/boards/Xilinx/vcu118/2.4/board.xml as part xcvu9p-flga2104-2l-e specified in board_part file is either invalid or not available
WARNING: [Board 49-26] cannot add Board Part xilinx.com:vcu128:part0:1.0 available at /tools/Xilinx/Vivado/2022.2/data/xhub/boards/XilinxBoardStore/boards/Xilinx/vcu128/production/1.0/board.xml as part xcvu37p-fsvh2892-2l-e specified in board_part file is either invalid or not available
WARNING: [Board 49-26] cannot add Board Part xilinx.com:vcu129:part0:1.0 available at /tools/Xilinx/Vivado/2022.2/data/xhub/boards/XilinxBoardStore/boards/Xilinx/vcu129/production/1.0/board.xml as part xcvu29p-fsga2577-2l-e specified in board_part file is either invalid or not available
WARNING: [Board 49-26] cannot add Board Part xilinx.com:vcu1525:part0:1.3 available at /tools/Xilinx/Vivado/2022.2/data/xhub/boards/XilinxBoardStore/boards/Xilinx/vcu1525/1.3/board.xml as part xcvu9p-fsgd2104-2l-e specified in board_part file is either invalid or not available
WARNING: [Board 49-26] cannot add Board Part xilinx.com:vek280_es:part0:1.0 available at /tools/Xilinx/Vivado/2022.2/data/xhub/boards/XilinxBoardStore/boards/Xilinx/vek280/es/1.0/board.xml as part xcve2802-vsvh1760-2lp-e-s-es1 specified in board_part file is either invalid or not available
WARNING: [Board 49-26] cannot add Board Part xilinx.com:vermeo_t1_mpsoc:part0:1.0 available at /tools/Xilinx/Vivado/2022.2/data/xhub/boards/XilinxBoardStore/boards/Xilinx/vermeo_t1_mpsoc/1.0/board.xml as part xczu19eg-ffvd1760-2l-e specified in board_part file is either invalid or not available
WARNING: [Board 49-26] cannot add Board Part xilinx.com:vermeo_t1_rfsoc:part0:1.0 available at /tools/Xilinx/Vivado/2022.2/data/xhub/boards/XilinxBoardStore/boards/Xilinx/vermeo_t1_rfsoc/1.0/board.xml as part xczu21dr-ffvd1156-2l-e specified in board_part file is either invalid or not available
WARNING: [Board 49-26] cannot add Board Part xilinx.com:vhk158_es:part0:1.0 available at /tools/Xilinx/Vivado/2022.2/data/xhub/boards/XilinxBoardStore/boards/Xilinx/vhk158/es/1.0/board.xml as part xcvh1582-vsva3697-2mp-e-s-es1 specified in board_part file is either invalid or not available
WARNING: [Board 49-26] cannot add Board Part xilinx.com:vmk180:part0:2.2 available at /tools/Xilinx/Vivado/2022.2/data/xhub/boards/XilinxBoardStore/boards/Xilinx/vmk180/production/2.2/board.xml as part xcvm1802-vsva2197-2mp-e-s specified in board_part file is either invalid or not available
WARNING: [Board 49-26] cannot add Board Part xilinx.com:vmk180:part0:3.0 available at /tools/Xilinx/Vivado/2022.2/data/xhub/boards/XilinxBoardStore/boards/Xilinx/vmk180/production/3.0/board.xml as part xcvm1802-vsva2197-2mp-e-s specified in board_part file is either invalid or not available
WARNING: [Board 49-26] cannot add Board Part xilinx.com:vmk180:part0:3.1 available at /tools/Xilinx/Vivado/2022.2/data/xhub/boards/XilinxBoardStore/boards/Xilinx/vmk180/production/3.1/board.xml as part xcvm1802-vsva2197-2mp-e-s specified in board_part file is either invalid or not available
WARNING: [Board 49-26] cannot add Board Part xilinx.com:vmk180_newl:part0:1.0 available at /tools/Xilinx/Vivado/2022.2/data/xhub/boards/XilinxBoardStore/boards/Xilinx/vmk180_newl/production/1.0/board.xml as part xcvm1802-vsva2197-2mp-e-s specified in board_part file is either invalid or not available
WARNING: [Board 49-26] cannot add Board Part xilinx.com:vpk120:part0:1.0 available at /tools/Xilinx/Vivado/2022.2/data/xhub/boards/XilinxBoardStore/boards/Xilinx/vpk120/production/1.0/board.xml as part xcvp1202-vsva2785-2mp-e-s specified in board_part file is either invalid or not available
WARNING: [Board 49-26] cannot add Board Part xilinx.com:vpk120_es:part0:1.2 available at /tools/Xilinx/Vivado/2022.2/data/xhub/boards/XilinxBoardStore/boards/Xilinx/vpk120/es/1.2/board.xml as part xcvp1202-vsva2785-2mp-e-s-es1 specified in board_part file is either invalid or not available
WARNING: [Board 49-26] cannot add Board Part xilinx.com:vpk120_es_revb:part0:1.0 available at /tools/Xilinx/Vivado/2022.2/data/xhub/boards/XilinxBoardStore/boards/Xilinx/vpk120_revb/es/1.0/board.xml as part xcvp1202-vsva2785-2mp-e-s-es1 specified in board_part file is either invalid or not available
WARNING: [Board 49-26] cannot add Board Part xilinx.com:vpk180_es:part0:1.0 available at /tools/Xilinx/Vivado/2022.2/data/xhub/boards/XilinxBoardStore/boards/Xilinx/vpk180/es/1.0/board.xml as part xcvp1802-lsvc4072-2mp-e-s-es1 specified in board_part file is either invalid or not available
WARNING: [Board 49-26] cannot add Board Part xilinx.com:zc706:part0:1.4 available at /tools/Xilinx/Vivado/2022.2/data/xhub/boards/XilinxBoardStore/boards/Xilinx/zc706/1.4/board.xml as part xc7z045ffg900-2 specified in board_part file is either invalid or not available
WARNING: [Board 49-26] cannot add Board Part xilinx.com:zcu102:part0:3.3 available at /tools/Xilinx/Vivado/2022.2/data/xhub/boards/XilinxBoardStore/boards/Xilinx/zcu102/3.3/board.xml as part xczu9eg-ffvb1156-2-e specified in board_part file is either invalid or not available
WARNING: [Board 49-26] cannot add Board Part xilinx.com:zcu102:part0:3.4 available at /tools/Xilinx/Vivado/2022.2/data/xhub/boards/XilinxBoardStore/boards/Xilinx/zcu102/3.4/board.xml as part xczu9eg-ffvb1156-2-e specified in board_part file is either invalid or not available
WARNING: [Board 49-26] cannot add Board Part xilinx.com:zcu111:part0:1.2 available at /tools/Xilinx/Vivado/2022.2/data/xhub/boards/XilinxBoardStore/boards/Xilinx/zcu111/1.2/board.xml as part xczu28dr-ffvg1517-2-e specified in board_part file is either invalid or not available
WARNING: [Board 49-26] cannot add Board Part xilinx.com:zcu111:part0:1.3 available at /tools/Xilinx/Vivado/2022.2/data/xhub/boards/XilinxBoardStore/boards/Xilinx/zcu111/1.3/board.xml as part xczu28dr-ffvg1517-2-e specified in board_part file is either invalid or not available
WARNING: [Board 49-26] cannot add Board Part xilinx.com:zcu111:part0:1.4 available at /tools/Xilinx/Vivado/2022.2/data/xhub/boards/XilinxBoardStore/boards/Xilinx/zcu111/1.4/board.xml as part xczu28dr-ffvg1517-2-e specified in board_part file is either invalid or not available
WARNING: [Board 49-26] cannot add Board Part xilinx.com:zcu1275:part0:1.0 available at /tools/Xilinx/Vivado/2022.2/data/xhub/boards/XilinxBoardStore/boards/Xilinx/zcu1275/1.0/board.xml as part xczu29dr-ffvf1760-2-e specified in board_part file is either invalid or not available
WARNING: [Board 49-26] cannot add Board Part xilinx.com:zcu1285:part0:1.0 available at /tools/Xilinx/Vivado/2022.2/data/xhub/boards/XilinxBoardStore/boards/Xilinx/zcu1285/1.0/board.xml as part xczu39dr-ffvf1760-2-i specified in board_part file is either invalid or not available
WARNING: [Board 49-26] cannot add Board Part xilinx.com:zcu208:part0:2.0 available at /tools/Xilinx/Vivado/2022.2/data/xhub/boards/XilinxBoardStore/boards/Xilinx/zcu208/production/2.0/board.xml as part xczu48dr-fsvg1517-2-e specified in board_part file is either invalid or not available
WARNING: [Board 49-26] cannot add Board Part xilinx.com:zcu208ld:part0:2.0 available at /tools/Xilinx/Vivado/2022.2/data/xhub/boards/XilinxBoardStore/boards/Xilinx/zcu208ld/production/2.0/board.xml as part xczu58dr-fsvg1517-2-i specified in board_part file is either invalid or not available
WARNING: [Board 49-26] cannot add Board Part xilinx.com:zcu216:part0:2.0 available at /tools/Xilinx/Vivado/2022.2/data/xhub/boards/XilinxBoardStore/boards/Xilinx/zcu216/production/2.0/board.xml as part xczu49dr-ffvf1760-2-e specified in board_part file is either invalid or not available
WARNING: [Board 49-26] cannot add Board Part xilinx.com:zcu216ld:part0:2.0 available at /tools/Xilinx/Vivado/2022.2/data/xhub/boards/XilinxBoardStore/boards/Xilinx/zcu216ld/production/2.0/board.xml as part xczu59dr-ffvf1760-2-i specified in board_part file is either invalid or not available
WARNING: [Board 49-26] cannot add Board Part xilinx.com:zcu670:part0:2.0 available at /tools/Xilinx/Vivado/2022.2/data/xhub/boards/XilinxBoardStore/boards/Xilinx/zcu670/2.0/board.xml as part xczu67dr-fsve1156-2-i specified in board_part file is either invalid or not available
WARNING: [Board 49-26] cannot add Board Part xilinx.com:zcu670ld:part0:1.0 available at /tools/Xilinx/Vivado/2022.2/data/xhub/boards/XilinxBoardStore/boards/Xilinx/zcu670ld/1.0/board.xml as part xczu57dr-fsve1156-2-i specified in board_part file is either invalid or not available
open_project /home/ali/Desktop/SystolicArrayProj/SystolicArrayProj.xpr
INFO: [Project 1-313] Project file moved from '/home/ali/SystolicArrayProj' since last save.
INFO: [filemgmt 56-1] Board Part Repository Path: Directory not found as '/home/ali/Desktop/.Xilinx/Vivado/2022.2/xhub/board_store/xilinx_board_store'; using path '/home/ali/.Xilinx/Vivado/2022.2/xhub/board_store/xilinx_board_store' instead.
Scanning sources...
Finished scanning sources
INFO: [IP_Flow 19-234] Refreshing IP repositories
INFO: [IP_Flow 19-1700] Loaded user IP repository '/home/ali/Desktop/SystolicArray/solution1/impl/ip'.
INFO: [IP_Flow 19-2313] Loaded Vivado IP repository '/tools/Xilinx/Vivado/2022.2/data/ip'.
update_compile_order -fileset sources_1
open_bd_design {/home/ali/Desktop/SystolicArrayProj/SystolicArrayProj.srcs/sources_1/bd/design_2/design_2.bd}
Reading block design file </home/ali/Desktop/SystolicArrayProj/SystolicArrayProj.srcs/sources_1/bd/design_2/design_2.bd>...
Adding component instance block -- xilinx.com:ip:processing_system7:5.5 - processing_system7_0
Adding component instance block -- xilinx.com:ip:axi_dma:7.1 - axi_dma_0
Adding component instance block -- xilinx.com:ip:axis_data_fifo:2.0 - axis_data_fifo_0
Adding component instance block -- xilinx.com:ip:axi_interconnect:2.1 - ps7_0_axi_periph
Adding component instance block -- xilinx.com:ip:axi_protocol_converter:2.1 - auto_pc
Adding component instance block -- xilinx.com:ip:proc_sys_reset:5.0 - rst_ps7_0_100M
Successfully read diagram <design_2> from block design file </home/ali/Desktop/SystolicArrayProj/SystolicArrayProj.srcs/sources_1/bd/design_2/design_2.bd>
startgroup
delete_bd_objs [get_bd_intf_nets processing_system7_0_M_AXI_GP0] [get_bd_intf_nets processing_system7_0_FIXED_IO] [get_bd_intf_nets ps7_0_axi_periph_M00_AXI] [get_bd_intf_nets axis_data_fifo_0_M_AXIS] [get_bd_intf_nets axi_dma_0_M_AXIS_MM2S] [get_bd_intf_nets processing_system7_0_DDR]
delete_bd_objs [get_bd_nets processing_system7_0_FCLK_RESET0_N] [get_bd_nets rst_ps7_0_100M_peripheral_aresetn] [get_bd_nets processing_system7_0_FCLK_CLK0]
delete_bd_objs [get_bd_cells ps7_0_axi_periph]
delete_bd_objs [get_bd_intf_ports DDR] [get_bd_intf_ports FIXED_IO]
delete_bd_objs [get_bd_cells axis_data_fifo_0] [get_bd_cells processing_system7_0] [get_bd_cells axi_dma_0] [get_bd_cells rst_ps7_0_100M]
endgroup
startgroup
create_bd_cell -type ip -vlnv xilinx.com:ip:processing_system7:5.5 processing_system7_0
endgroup
WARNING: [IP_Flow 19-474] Invalid Parameter 'Component_Name'
set_property -dict [list \
  CONFIG.PCW_FPGA0_PERIPHERAL_FREQMHZ {100} \
  CONFIG.PCW_IRQ_F2P_INTR {1} \
  CONFIG.PCW_USE_FABRIC_INTERRUPT {1} \
  CONFIG.PCW_USE_S_AXI_HP0 {1} \
] [get_bd_cells processing_system7_0]
apply_bd_automation -rule xilinx.com:bd_rule:processing_system7 -config {make_external "FIXED_IO, DDR" apply_board_preset "1" Master "Disable" Slave "Disable" }  [get_bd_cells processing_system7_0]
CRITICAL WARNING: [PSU-1]  Parameter : PCW_UIPARAM_DDR_DQS_TO_CLK_DELAY_2 has negative value -0.009 . PS DDR interfaces might fail when entering negative DQS skew values. 
CRITICAL WARNING: [PSU-2]  Parameter : PCW_UIPARAM_DDR_DQS_TO_CLK_DELAY_3 has negative value -0.033 . PS DDR interfaces might fail when entering negative DQS skew values. 
WARNING: [IP_Flow 19-474] Invalid Parameter 'Component_Name'
CRITICAL WARNING: [PSU-1]  Parameter : PCW_UIPARAM_DDR_DQS_TO_CLK_DELAY_2 has negative value -0.009 . PS DDR interfaces might fail when entering negative DQS skew values. 
CRITICAL WARNING: [PSU-2]  Parameter : PCW_UIPARAM_DDR_DQS_TO_CLK_DELAY_3 has negative value -0.033 . PS DDR interfaces might fail when entering negative DQS skew values. 
startgroup
set_property CONFIG.PCW_USE_S_AXI_HP0 {1} [get_bd_cells processing_system7_0]
CRITICAL WARNING: [PSU-1]  Parameter : PCW_UIPARAM_DDR_DQS_TO_CLK_DELAY_2 has negative value -0.009 . PS DDR interfaces might fail when entering negative DQS skew values. 
CRITICAL WARNING: [PSU-2]  Parameter : PCW_UIPARAM_DDR_DQS_TO_CLK_DELAY_3 has negative value -0.033 . PS DDR interfaces might fail when entering negative DQS skew values. 
endgroup
connect_bd_net [get_bd_pins processing_system7_0/FCLK_CLK0] [get_bd_pins processing_system7_0/S_AXI_HP0_ACLK]
connect_bd_net [get_bd_pins processing_system7_0/FCLK_CLK0] [get_bd_pins processing_system7_0/M_AXI_GP0_ACLK]
startgroup
create_bd_cell -type ip -vlnv xilinx.com:ip:axi_cdma:4.1 axi_cdma_0
endgroup
delete_bd_objs [get_bd_cells axi_cdma_0]
startgroup
create_bd_cell -type ip -vlnv xilinx.com:ip:axi_dma:7.1 axi_dma_0
endgroup
set_property CONFIG.c_sg_include_stscntrl_strm {0} [get_bd_cells axi_dma_0]
startgroup
apply_bd_automation -rule xilinx.com:bd_rule:axi4 -config { Clk_master {/processing_system7_0/FCLK_CLK0 (100 MHz)} Clk_slave {Auto} Clk_xbar {Auto} Master {/processing_system7_0/M_AXI_GP0} Slave {/axi_dma_0/S_AXI_LITE} ddr_seg {Auto} intc_ip {New AXI Interconnect} master_apm {0}}  [get_bd_intf_pins axi_dma_0/S_AXI_LITE]
INFO: [Ipptcl 7-1463] No Compatible Board Interface found. Board Tab not created in customize GUI
Slave segment '/axi_dma_0/S_AXI_LITE/Reg' is being assigned into address space '/processing_system7_0/Data' at <0x4040_0000 [ 64K ]>.
apply_bd_automation -rule xilinx.com:bd_rule:axi4 -config { Clk_master {Auto} Clk_slave {/processing_system7_0/FCLK_CLK0 (100 MHz)} Clk_xbar {Auto} Master {/axi_dma_0/M_AXI_SG} Slave {/processing_system7_0/S_AXI_HP0} ddr_seg {Auto} intc_ip {New AXI Interconnect} master_apm {0}}  [get_bd_intf_pins processing_system7_0/S_AXI_HP0]
Slave segment '/processing_system7_0/S_AXI_HP0/HP0_DDR_LOWOCM' is being assigned into address space '/axi_dma_0/Data_SG' at <0x0000_0000 [ 512M ]>.
endgroup
startgroup
apply_bd_automation -rule xilinx.com:bd_rule:axi4 -config { Clk_master {Auto} Clk_slave {/processing_system7_0/FCLK_CLK0 (100 MHz)} Clk_xbar {/processing_system7_0/FCLK_CLK0 (100 MHz)} Master {/axi_dma_0/M_AXI_MM2S} Slave {/processing_system7_0/S_AXI_HP0} ddr_seg {Auto} intc_ip {/axi_mem_intercon} master_apm {0}}  [get_bd_intf_pins axi_dma_0/M_AXI_MM2S]
Slave segment '/processing_system7_0/S_AXI_HP0/HP0_DDR_LOWOCM' is being assigned into address space '/axi_dma_0/Data_MM2S' at <0x0000_0000 [ 512M ]>.
apply_bd_automation -rule xilinx.com:bd_rule:axi4 -config { Clk_master {Auto} Clk_slave {/processing_system7_0/FCLK_CLK0 (100 MHz)} Clk_xbar {/processing_system7_0/FCLK_CLK0 (100 MHz)} Master {/axi_dma_0/M_AXI_S2MM} Slave {/processing_system7_0/S_AXI_HP0} ddr_seg {Auto} intc_ip {/axi_mem_intercon} master_apm {0}}  [get_bd_intf_pins axi_dma_0/M_AXI_S2MM]
Slave segment '/processing_system7_0/S_AXI_HP0/HP0_DDR_LOWOCM' is being assigned into address space '/axi_dma_0/Data_S2MM' at <0x0000_0000 [ 512M ]>.
endgroup
regenerate_bd_layout
startgroup
create_bd_cell -type ip -vlnv xilinx.com:ip:axis_data_fifo:2.0 axis_data_fifo_0
endgroup
set_property location {2 462 364} [get_bd_cells axis_data_fifo_0]
connect_bd_intf_net [get_bd_intf_pins axi_dma_0/M_AXIS_MM2S] [get_bd_intf_pins axis_data_fifo_0/S_AXIS]
connect_bd_intf_net [get_bd_intf_pins axis_data_fifo_0/M_AXIS] [get_bd_intf_pins axi_dma_0/S_AXIS_S2MM]
connect_bd_net [get_bd_pins axis_data_fifo_0/s_axis_aclk] [get_bd_pins processing_system7_0/FCLK_CLK0]
regenerate_bd_layout
startgroup
create_bd_cell -type ip -vlnv xilinx.com:ip:xlconcat:2.1 xlconcat_0
endgroup
set_property location {3 1019 394} [get_bd_cells xlconcat_0]
connect_bd_net [get_bd_pins axi_dma_0/mm2s_introut] [get_bd_pins xlconcat_0/In0]
connect_bd_net [get_bd_pins axi_dma_0/s2mm_introut] [get_bd_pins xlconcat_0/In1]
CRITICAL WARNING: [PSU-1]  Parameter : PCW_UIPARAM_DDR_DQS_TO_CLK_DELAY_2 has negative value -0.009 . PS DDR interfaces might fail when entering negative DQS skew values. 
CRITICAL WARNING: [PSU-2]  Parameter : PCW_UIPARAM_DDR_DQS_TO_CLK_DELAY_3 has negative value -0.033 . PS DDR interfaces might fail when entering negative DQS skew values. 
WARNING: [IP_Flow 19-474] Invalid Parameter 'Component_Name'
startgroup
set_property -dict [list \
  CONFIG.PCW_IRQ_F2P_INTR {1} \
  CONFIG.PCW_USE_FABRIC_INTERRUPT {1} \
] [get_bd_cells processing_system7_0]
endgroup
connect_bd_net [get_bd_pins xlconcat_0/dout] [get_bd_pins processing_system7_0/IRQ_F2P]
validate_bd_design
WARNING: [BD 41-702] Propagation TCL tries to overwrite USER strength parameter PCW_M_AXI_GP0_FREQMHZ(10) on '/processing_system7_0' with propagated value(100). Command ignored
WARNING: [BD 41-702] Propagation TCL tries to overwrite USER strength parameter PCW_S_AXI_HP0_FREQMHZ(10) on '/processing_system7_0' with propagated value(100). Command ignored
regenerate_bd_layout
regenerate_bd_layout -routing
regenerate_bd_layout
regenerate_bd_layout
save_bd_design
Wrote  : </home/ali/Desktop/SystolicArrayProj/SystolicArrayProj.srcs/sources_1/bd/design_2/design_2.bd> 
Wrote  : </home/ali/Desktop/SystolicArrayProj/SystolicArrayProj.srcs/sources_1/bd/design_2/ui/bd_1fdbff51.ui> 
make_wrapper -files [get_files /home/ali/Desktop/SystolicArrayProj/SystolicArrayProj.srcs/sources_1/bd/design_2/design_2.bd] -top
INFO: [BD 41-1662] The design 'design_2.bd' is already validated. Therefore parameter propagation will not be re-run.
WARNING: [BD 41-2384] Width mismatch when connecting pin: '/axi_mem_intercon/m00_couplers/auto_pc/m_axi_rid'(2) to pin: '/axi_mem_intercon/m00_couplers/M_AXI_rid'(6) - Only lower order bits will be connected.
WARNING: [BD 41-2384] Width mismatch when connecting pin: '/axi_mem_intercon/m00_couplers/auto_pc/m_axi_bid'(2) to pin: '/axi_mem_intercon/m00_couplers/M_AXI_bid'(6) - Only lower order bits will be connected.
WARNING: [BD 41-2384] Width mismatch when connecting pin: '/processing_system7_0/S_AXI_HP0_WID'(6) to pin: '/axi_mem_intercon/M00_AXI_wid'(2) - Only lower order bits will be connected.
WARNING: [BD 41-2384] Width mismatch when connecting pin: '/processing_system7_0/S_AXI_HP0_AWID'(6) to pin: '/axi_mem_intercon/M00_AXI_awid'(2) - Only lower order bits will be connected.
WARNING: [BD 41-2384] Width mismatch when connecting pin: '/processing_system7_0/S_AXI_HP0_ARID'(6) to pin: '/axi_mem_intercon/M00_AXI_arid'(2) - Only lower order bits will be connected.
Verilog Output written to : /home/ali/Desktop/SystolicArrayProj/SystolicArrayProj.gen/sources_1/bd/design_2/synth/design_2.v
WARNING: [BD 41-2384] Width mismatch when connecting pin: '/axi_mem_intercon/m00_couplers/auto_pc/m_axi_rid'(2) to pin: '/axi_mem_intercon/m00_couplers/M_AXI_rid'(6) - Only lower order bits will be connected.
WARNING: [BD 41-2384] Width mismatch when connecting pin: '/axi_mem_intercon/m00_couplers/auto_pc/m_axi_bid'(2) to pin: '/axi_mem_intercon/m00_couplers/M_AXI_bid'(6) - Only lower order bits will be connected.
WARNING: [BD 41-2384] Width mismatch when connecting pin: '/processing_system7_0/S_AXI_HP0_WID'(6) to pin: '/axi_mem_intercon/M00_AXI_wid'(2) - Only lower order bits will be connected.
WARNING: [BD 41-2384] Width mismatch when connecting pin: '/processing_system7_0/S_AXI_HP0_AWID'(6) to pin: '/axi_mem_intercon/M00_AXI_awid'(2) - Only lower order bits will be connected.
WARNING: [BD 41-2384] Width mismatch when connecting pin: '/processing_system7_0/S_AXI_HP0_ARID'(6) to pin: '/axi_mem_intercon/M00_AXI_arid'(2) - Only lower order bits will be connected.
Verilog Output written to : /home/ali/Desktop/SystolicArrayProj/SystolicArrayProj.gen/sources_1/bd/design_2/sim/design_2.v
Verilog Output written to : /home/ali/Desktop/SystolicArrayProj/SystolicArrayProj.gen/sources_1/bd/design_2/hdl/design_2_wrapper.v
reset_run synth_1
INFO: [Project 1-1161] Replacing file /home/ali/Desktop/SystolicArrayProj/SystolicArrayProj.srcs/utils_1/imports/synth_1/design_1_wrapper.dcp with file /home/ali/Desktop/SystolicArrayProj/SystolicArrayProj.runs/synth_1/design_2_wrapper.dcp
launch_runs synth_1 -jobs 14
INFO: [BD 41-1662] The design 'design_2.bd' is already validated. Therefore parameter propagation will not be re-run.
Wrote  : </home/ali/Desktop/SystolicArrayProj/SystolicArrayProj.srcs/sources_1/bd/design_2/ui/bd_1fdbff51.ui> 
WARNING: [BD 41-2384] Width mismatch when connecting pin: '/axi_mem_intercon/m00_couplers/auto_pc/m_axi_rid'(2) to pin: '/axi_mem_intercon/m00_couplers/M_AXI_rid'(6) - Only lower order bits will be connected.
WARNING: [BD 41-2384] Width mismatch when connecting pin: '/axi_mem_intercon/m00_couplers/auto_pc/m_axi_bid'(2) to pin: '/axi_mem_intercon/m00_couplers/M_AXI_bid'(6) - Only lower order bits will be connected.
WARNING: [BD 41-2384] Width mismatch when connecting pin: '/processing_system7_0/S_AXI_HP0_WID'(6) to pin: '/axi_mem_intercon/M00_AXI_wid'(2) - Only lower order bits will be connected.
WARNING: [BD 41-2384] Width mismatch when connecting pin: '/processing_system7_0/S_AXI_HP0_AWID'(6) to pin: '/axi_mem_intercon/M00_AXI_awid'(2) - Only lower order bits will be connected.
WARNING: [BD 41-2384] Width mismatch when connecting pin: '/processing_system7_0/S_AXI_HP0_ARID'(6) to pin: '/axi_mem_intercon/M00_AXI_arid'(2) - Only lower order bits will be connected.
Verilog Output written to : /home/ali/Desktop/SystolicArrayProj/SystolicArrayProj.gen/sources_1/bd/design_2/synth/design_2.v
WARNING: [BD 41-2384] Width mismatch when connecting pin: '/axi_mem_intercon/m00_couplers/auto_pc/m_axi_rid'(2) to pin: '/axi_mem_intercon/m00_couplers/M_AXI_rid'(6) - Only lower order bits will be connected.
WARNING: [BD 41-2384] Width mismatch when connecting pin: '/axi_mem_intercon/m00_couplers/auto_pc/m_axi_bid'(2) to pin: '/axi_mem_intercon/m00_couplers/M_AXI_bid'(6) - Only lower order bits will be connected.
WARNING: [BD 41-2384] Width mismatch when connecting pin: '/processing_system7_0/S_AXI_HP0_WID'(6) to pin: '/axi_mem_intercon/M00_AXI_wid'(2) - Only lower order bits will be connected.
WARNING: [BD 41-2384] Width mismatch when connecting pin: '/processing_system7_0/S_AXI_HP0_AWID'(6) to pin: '/axi_mem_intercon/M00_AXI_awid'(2) - Only lower order bits will be connected.
WARNING: [BD 41-2384] Width mismatch when connecting pin: '/processing_system7_0/S_AXI_HP0_ARID'(6) to pin: '/axi_mem_intercon/M00_AXI_arid'(2) - Only lower order bits will be connected.
Verilog Output written to : /home/ali/Desktop/SystolicArrayProj/SystolicArrayProj.gen/sources_1/bd/design_2/sim/design_2.v
Verilog Output written to : /home/ali/Desktop/SystolicArrayProj/SystolicArrayProj.gen/sources_1/bd/design_2/hdl/design_2_wrapper.v
INFO: [IP_Flow 19-5611] Unable to find an associated reset port for the interface 'M_AXI_GP0'. A default connection has been created.
INFO: [IP_Flow 19-5611] Unable to find an associated reset port for the interface 'S_AXI_HP0'. A default connection has been created.
INFO: [BD 41-1029] Generation completed for the IP Integrator block processing_system7_0 .
INFO: [BD 41-1029] Generation completed for the IP Integrator block axi_dma_0 .
WARNING: [IP_Flow 19-4994] Overwriting existing constraint file '/home/ali/Desktop/SystolicArrayProj/SystolicArrayProj.gen/sources_1/bd/design_2/ip/design_2_auto_pc_1/design_2_auto_pc_1_ooc.xdc'
INFO: [BD 41-1029] Generation completed for the IP Integrator block ps7_0_axi_periph/s00_couplers/auto_pc .
INFO: [BD 41-1029] Generation completed for the IP Integrator block rst_ps7_0_100M .
INFO: [BD 41-1029] Generation completed for the IP Integrator block axi_mem_intercon/xbar .
WARNING: [IP_Flow 19-4994] Overwriting existing constraint file '/home/ali/Desktop/SystolicArrayProj/SystolicArrayProj.gen/sources_1/bd/design_2/ip/design_2_auto_us_0/design_2_auto_us_0_ooc.xdc'
INFO: [IP_Flow 19-5611] Unable to find an associated reset port for the interface 'S_AXI'. A default connection has been created.
INFO: [IP_Flow 19-5611] Unable to find an associated reset port for the interface 'M_AXI'. A default connection has been created.
INFO: [BD 41-1029] Generation completed for the IP Integrator block axi_mem_intercon/s00_couplers/auto_us .
WARNING: [IP_Flow 19-4994] Overwriting existing constraint file '/home/ali/Desktop/SystolicArrayProj/SystolicArrayProj.gen/sources_1/bd/design_2/ip/design_2_auto_us_1/design_2_auto_us_1_ooc.xdc'
INFO: [IP_Flow 19-5611] Unable to find an associated reset port for the interface 'S_AXI'. A default connection has been created.
INFO: [IP_Flow 19-5611] Unable to find an associated reset port for the interface 'M_AXI'. A default connection has been created.
INFO: [BD 41-1029] Generation completed for the IP Integrator block axi_mem_intercon/s01_couplers/auto_us .
WARNING: [IP_Flow 19-4994] Overwriting existing constraint file '/home/ali/Desktop/SystolicArrayProj/SystolicArrayProj.gen/sources_1/bd/design_2/ip/design_2_auto_us_2/design_2_auto_us_2_ooc.xdc'
INFO: [IP_Flow 19-5611] Unable to find an associated reset port for the interface 'S_AXI'. A default connection has been created.
INFO: [IP_Flow 19-5611] Unable to find an associated reset port for the interface 'M_AXI'. A default connection has been created.
INFO: [BD 41-1029] Generation completed for the IP Integrator block axi_mem_intercon/s02_couplers/auto_us .
WARNING: [IP_Flow 19-4994] Overwriting existing constraint file '/home/ali/Desktop/SystolicArrayProj/SystolicArrayProj.gen/sources_1/bd/design_2/ip/design_2_auto_pc_2/design_2_auto_pc_2_ooc.xdc'
INFO: [BD 41-1029] Generation completed for the IP Integrator block axi_mem_intercon/m00_couplers/auto_pc .
INFO: [BD 41-1029] Generation completed for the IP Integrator block axis_data_fifo_0 .
INFO: [BD 41-1029] Generation completed for the IP Integrator block xlconcat_0 .
Exporting to file /home/ali/Desktop/SystolicArrayProj/SystolicArrayProj.gen/sources_1/bd/design_2/hw_handoff/design_2.hwh
Generated Hardware Definition File /home/ali/Desktop/SystolicArrayProj/SystolicArrayProj.gen/sources_1/bd/design_2/synth/design_2.hwdef
INFO: [IP_Flow 19-6930] IPCACHE: runCacheChecks() number of threads = 8
INFO: [IP_Flow 19-6921] IPCACHE: Adding cache check func to thread queue for IP design_2_auto_pc_1
INFO: [IP_Flow 19-6921] IPCACHE: Adding cache check func to thread queue for IP design_2_auto_pc_2
INFO: [IP_Flow 19-6921] IPCACHE: Adding cache check func to thread queue for IP design_2_auto_us_0
INFO: [IP_Flow 19-6921] IPCACHE: Adding cache check func to thread queue for IP design_2_auto_us_1
INFO: [IP_Flow 19-6921] IPCACHE: Adding cache check func to thread queue for IP design_2_auto_us_2
INFO: [IP_Flow 19-6921] IPCACHE: Adding cache check func to thread queue for IP design_2_axi_dma_0_1
INFO: [IP_Flow 19-6921] IPCACHE: Adding cache check func to thread queue for IP design_2_axis_data_fifo_0_1
INFO: [IP_Flow 19-6921] IPCACHE: Adding cache check func to thread queue for IP design_2_rst_ps7_0_100M_1
INFO: [IP_Flow 19-6921] IPCACHE: Adding cache check func to thread queue for IP design_2_xbar_0
INFO: [IP_Flow 19-8020] IPCACHE: runCacheChecks() calling threadPool finishWork()
INFO: [IP_Flow 19-6924] IPCACHE: Running cache check for IP inst: design_2_auto_pc_1
INFO: [IP_Flow 19-6922] IPCACHE: Exporting cached entry cd5183274960e411 to dir: /home/ali/Desktop/SystolicArrayProj/SystolicArrayProj.gen/sources_1/bd/design_2/ip/design_2_auto_pc_1
INFO: [IP_Flow 19-6928] IPCACHE: copied cached file /home/ali/Desktop/SystolicArrayProj/SystolicArrayProj.cache/ip/2022.2/c/d/cd5183274960e411/design_1_auto_pc_0_stub.vhdl to /home/ali/Desktop/SystolicArrayProj/SystolicArrayProj.gen/sources_1/bd/design_2/ip/design_2_auto_pc_1/design_2_auto_pc_1_stub.vhdl.
INFO: [IP_Flow 19-6926] IPCACHE: added file to list for BOM: /home/ali/Desktop/SystolicArrayProj/SystolicArrayProj.gen/sources_1/bd/design_2/ip/design_2_auto_pc_1/design_2_auto_pc_1_stub.vhdl
INFO: [IP_Flow 19-6928] IPCACHE: copied cached file /home/ali/Desktop/SystolicArrayProj/SystolicArrayProj.cache/ip/2022.2/c/d/cd5183274960e411/design_1_auto_pc_0_sim_netlist.vhdl to /home/ali/Desktop/SystolicArrayProj/SystolicArrayProj.gen/sources_1/bd/design_2/ip/design_2_auto_pc_1/design_2_auto_pc_1_sim_netlist.vhdl.
INFO: [IP_Flow 19-6926] IPCACHE: added file to list for BOM: /home/ali/Desktop/SystolicArrayProj/SystolicArrayProj.gen/sources_1/bd/design_2/ip/design_2_auto_pc_1/design_2_auto_pc_1_sim_netlist.vhdl
INFO: [IP_Flow 19-6928] IPCACHE: copied cached file /home/ali/Desktop/SystolicArrayProj/SystolicArrayProj.cache/ip/2022.2/c/d/cd5183274960e411/design_1_auto_pc_0_stub.v to /home/ali/Desktop/SystolicArrayProj/SystolicArrayProj.gen/sources_1/bd/design_2/ip/design_2_auto_pc_1/design_2_auto_pc_1_stub.v.
INFO: [IP_Flow 19-6926] IPCACHE: added file to list for BOM: /home/ali/Desktop/SystolicArrayProj/SystolicArrayProj.gen/sources_1/bd/design_2/ip/design_2_auto_pc_1/design_2_auto_pc_1_stub.v
INFO: [IP_Flow 19-6928] IPCACHE: copied cached file /home/ali/Desktop/SystolicArrayProj/SystolicArrayProj.cache/ip/2022.2/c/d/cd5183274960e411/design_1_auto_pc_0.dcp to /home/ali/Desktop/SystolicArrayProj/SystolicArrayProj.gen/sources_1/bd/design_2/ip/design_2_auto_pc_1/design_2_auto_pc_1.dcp.
INFO: [IP_Flow 19-6926] IPCACHE: added file to list for BOM: /home/ali/Desktop/SystolicArrayProj/SystolicArrayProj.gen/sources_1/bd/design_2/ip/design_2_auto_pc_1/design_2_auto_pc_1.dcp
INFO: [IP_Flow 19-6928] IPCACHE: copied cached file /home/ali/Desktop/SystolicArrayProj/SystolicArrayProj.cache/ip/2022.2/c/d/cd5183274960e411/design_1_auto_pc_0_sim_netlist.v to /home/ali/Desktop/SystolicArrayProj/SystolicArrayProj.gen/sources_1/bd/design_2/ip/design_2_auto_pc_1/design_2_auto_pc_1_sim_netlist.v.
INFO: [IP_Flow 19-6926] IPCACHE: added file to list for BOM: /home/ali/Desktop/SystolicArrayProj/SystolicArrayProj.gen/sources_1/bd/design_2/ip/design_2_auto_pc_1/design_2_auto_pc_1_sim_netlist.v
INFO: [IP_Flow 19-4993] Using cached IP synthesis design for IP design_2_auto_pc_1, cache-ID = cd5183274960e411; cache size = 207.036 MB.
INFO: [IP_Flow 19-6924] IPCACHE: Running cache check for IP inst: design_2_auto_pc_2
INFO: [IP_Flow 19-6924] IPCACHE: Running cache check for IP inst: design_2_auto_us_0
INFO: [IP_Flow 19-6924] IPCACHE: Running cache check for IP inst: design_2_auto_us_1
INFO: [IP_Flow 19-6924] IPCACHE: Running cache check for IP inst: design_2_auto_us_2
INFO: [IP_Flow 19-6924] IPCACHE: Running cache check for IP inst: design_2_axi_dma_0_1
INFO: [IP_Flow 19-6924] IPCACHE: Running cache check for IP inst: design_2_axis_data_fifo_0_1
INFO: [IP_Flow 19-6922] IPCACHE: Exporting cached entry 4fe78c64b0c97c64 to dir: /home/ali/Desktop/SystolicArrayProj/SystolicArrayProj.gen/sources_1/bd/design_2/ip/design_2_axis_data_fifo_0_1
INFO: [IP_Flow 19-6928] IPCACHE: copied cached file /home/ali/Desktop/SystolicArrayProj/SystolicArrayProj.cache/ip/2022.2/4/f/4fe78c64b0c97c64/design_2_axis_data_fifo_0_0_stub.v to /home/ali/Desktop/SystolicArrayProj/SystolicArrayProj.gen/sources_1/bd/design_2/ip/design_2_axis_data_fifo_0_1/design_2_axis_data_fifo_0_1_stub.v.
INFO: [IP_Flow 19-6926] IPCACHE: added file to list for BOM: /home/ali/Desktop/SystolicArrayProj/SystolicArrayProj.gen/sources_1/bd/design_2/ip/design_2_axis_data_fifo_0_1/design_2_axis_data_fifo_0_1_stub.v
INFO: [IP_Flow 19-6928] IPCACHE: copied cached file /home/ali/Desktop/SystolicArrayProj/SystolicArrayProj.cache/ip/2022.2/4/f/4fe78c64b0c97c64/design_2_axis_data_fifo_0_0_stub.vhdl to /home/ali/Desktop/SystolicArrayProj/SystolicArrayProj.gen/sources_1/bd/design_2/ip/design_2_axis_data_fifo_0_1/design_2_axis_data_fifo_0_1_stub.vhdl.
INFO: [IP_Flow 19-6926] IPCACHE: added file to list for BOM: /home/ali/Desktop/SystolicArrayProj/SystolicArrayProj.gen/sources_1/bd/design_2/ip/design_2_axis_data_fifo_0_1/design_2_axis_data_fifo_0_1_stub.vhdl
INFO: [IP_Flow 19-6928] IPCACHE: copied cached file /home/ali/Desktop/SystolicArrayProj/SystolicArrayProj.cache/ip/2022.2/4/f/4fe78c64b0c97c64/design_2_axis_data_fifo_0_0_sim_netlist.v to /home/ali/Desktop/SystolicArrayProj/SystolicArrayProj.gen/sources_1/bd/design_2/ip/design_2_axis_data_fifo_0_1/design_2_axis_data_fifo_0_1_sim_netlist.v.
INFO: [IP_Flow 19-6926] IPCACHE: added file to list for BOM: /home/ali/Desktop/SystolicArrayProj/SystolicArrayProj.gen/sources_1/bd/design_2/ip/design_2_axis_data_fifo_0_1/design_2_axis_data_fifo_0_1_sim_netlist.v
INFO: [IP_Flow 19-6928] IPCACHE: copied cached file /home/ali/Desktop/SystolicArrayProj/SystolicArrayProj.cache/ip/2022.2/4/f/4fe78c64b0c97c64/design_2_axis_data_fifo_0_0_sim_netlist.vhdl to /home/ali/Desktop/SystolicArrayProj/SystolicArrayProj.gen/sources_1/bd/design_2/ip/design_2_axis_data_fifo_0_1/design_2_axis_data_fifo_0_1_sim_netlist.vhdl.
INFO: [IP_Flow 19-6926] IPCACHE: added file to list for BOM: /home/ali/Desktop/SystolicArrayProj/SystolicArrayProj.gen/sources_1/bd/design_2/ip/design_2_axis_data_fifo_0_1/design_2_axis_data_fifo_0_1_sim_netlist.vhdl
INFO: [IP_Flow 19-6928] IPCACHE: copied cached file /home/ali/Desktop/SystolicArrayProj/SystolicArrayProj.cache/ip/2022.2/4/f/4fe78c64b0c97c64/design_2_axis_data_fifo_0_0.dcp to /home/ali/Desktop/SystolicArrayProj/SystolicArrayProj.gen/sources_1/bd/design_2/ip/design_2_axis_data_fifo_0_1/design_2_axis_data_fifo_0_1.dcp.
INFO: [IP_Flow 19-6926] IPCACHE: added file to list for BOM: /home/ali/Desktop/SystolicArrayProj/SystolicArrayProj.gen/sources_1/bd/design_2/ip/design_2_axis_data_fifo_0_1/design_2_axis_data_fifo_0_1.dcp
INFO: [IP_Flow 19-4993] Using cached IP synthesis design for IP design_2_axis_data_fifo_0_1, cache-ID = 4fe78c64b0c97c64; cache size = 207.036 MB.
INFO: [IP_Flow 19-6924] IPCACHE: Running cache check for IP inst: design_2_rst_ps7_0_100M_1
INFO: [IP_Flow 19-6922] IPCACHE: Exporting cached entry 793290c4c7060b9d to dir: /home/ali/Desktop/SystolicArrayProj/SystolicArrayProj.gen/sources_1/bd/design_2/ip/design_2_rst_ps7_0_100M_1
INFO: [IP_Flow 19-6928] IPCACHE: copied cached file /home/ali/Desktop/SystolicArrayProj/SystolicArrayProj.cache/ip/2022.2/7/9/793290c4c7060b9d/design_1_rst_ps7_0_100M_0.dcp to /home/ali/Desktop/SystolicArrayProj/SystolicArrayProj.gen/sources_1/bd/design_2/ip/design_2_rst_ps7_0_100M_1/design_2_rst_ps7_0_100M_1.dcp.
INFO: [IP_Flow 19-6926] IPCACHE: added file to list for BOM: /home/ali/Desktop/SystolicArrayProj/SystolicArrayProj.gen/sources_1/bd/design_2/ip/design_2_rst_ps7_0_100M_1/design_2_rst_ps7_0_100M_1.dcp
INFO: [IP_Flow 19-6928] IPCACHE: copied cached file /home/ali/Desktop/SystolicArrayProj/SystolicArrayProj.cache/ip/2022.2/7/9/793290c4c7060b9d/design_1_rst_ps7_0_100M_0_stub.v to /home/ali/Desktop/SystolicArrayProj/SystolicArrayProj.gen/sources_1/bd/design_2/ip/design_2_rst_ps7_0_100M_1/design_2_rst_ps7_0_100M_1_stub.v.
INFO: [IP_Flow 19-6926] IPCACHE: added file to list for BOM: /home/ali/Desktop/SystolicArrayProj/SystolicArrayProj.gen/sources_1/bd/design_2/ip/design_2_rst_ps7_0_100M_1/design_2_rst_ps7_0_100M_1_stub.v
INFO: [IP_Flow 19-6928] IPCACHE: copied cached file /home/ali/Desktop/SystolicArrayProj/SystolicArrayProj.cache/ip/2022.2/7/9/793290c4c7060b9d/design_1_rst_ps7_0_100M_0_stub.vhdl to /home/ali/Desktop/SystolicArrayProj/SystolicArrayProj.gen/sources_1/bd/design_2/ip/design_2_rst_ps7_0_100M_1/design_2_rst_ps7_0_100M_1_stub.vhdl.
INFO: [IP_Flow 19-6926] IPCACHE: added file to list for BOM: /home/ali/Desktop/SystolicArrayProj/SystolicArrayProj.gen/sources_1/bd/design_2/ip/design_2_rst_ps7_0_100M_1/design_2_rst_ps7_0_100M_1_stub.vhdl
INFO: [IP_Flow 19-6928] IPCACHE: copied cached file /home/ali/Desktop/SystolicArrayProj/SystolicArrayProj.cache/ip/2022.2/7/9/793290c4c7060b9d/design_1_rst_ps7_0_100M_0_sim_netlist.v to /home/ali/Desktop/SystolicArrayProj/SystolicArrayProj.gen/sources_1/bd/design_2/ip/design_2_rst_ps7_0_100M_1/design_2_rst_ps7_0_100M_1_sim_netlist.v.
INFO: [IP_Flow 19-6926] IPCACHE: added file to list for BOM: /home/ali/Desktop/SystolicArrayProj/SystolicArrayProj.gen/sources_1/bd/design_2/ip/design_2_rst_ps7_0_100M_1/design_2_rst_ps7_0_100M_1_sim_netlist.v
INFO: [IP_Flow 19-6928] IPCACHE: copied cached file /home/ali/Desktop/SystolicArrayProj/SystolicArrayProj.cache/ip/2022.2/7/9/793290c4c7060b9d/design_1_rst_ps7_0_100M_0_sim_netlist.vhdl to /home/ali/Desktop/SystolicArrayProj/SystolicArrayProj.gen/sources_1/bd/design_2/ip/design_2_rst_ps7_0_100M_1/design_2_rst_ps7_0_100M_1_sim_netlist.vhdl.
INFO: [IP_Flow 19-6926] IPCACHE: added file to list for BOM: /home/ali/Desktop/SystolicArrayProj/SystolicArrayProj.gen/sources_1/bd/design_2/ip/design_2_rst_ps7_0_100M_1/design_2_rst_ps7_0_100M_1_sim_netlist.vhdl
INFO: [IP_Flow 19-4993] Using cached IP synthesis design for IP design_2_rst_ps7_0_100M_1, cache-ID = 793290c4c7060b9d; cache size = 207.036 MB.
INFO: [IP_Flow 19-6924] IPCACHE: Running cache check for IP inst: design_2_xbar_0
[Sat May 23 20:35:29 2026] Launched design_2_axi_dma_0_1_synth_1, design_2_xbar_0_synth_1, design_2_auto_us_0_synth_1, design_2_auto_us_1_synth_1, design_2_auto_us_2_synth_1, design_2_auto_pc_2_synth_1, design_2_processing_system7_0_1_synth_1...
Run output will be captured here:
design_2_axi_dma_0_1_synth_1: /home/ali/Desktop/SystolicArrayProj/SystolicArrayProj.runs/design_2_axi_dma_0_1_synth_1/runme.log
design_2_xbar_0_synth_1: /home/ali/Desktop/SystolicArrayProj/SystolicArrayProj.runs/design_2_xbar_0_synth_1/runme.log
design_2_auto_us_0_synth_1: /home/ali/Desktop/SystolicArrayProj/SystolicArrayProj.runs/design_2_auto_us_0_synth_1/runme.log
design_2_auto_us_1_synth_1: /home/ali/Desktop/SystolicArrayProj/SystolicArrayProj.runs/design_2_auto_us_1_synth_1/runme.log
design_2_auto_us_2_synth_1: /home/ali/Desktop/SystolicArrayProj/SystolicArrayProj.runs/design_2_auto_us_2_synth_1/runme.log
design_2_auto_pc_2_synth_1: /home/ali/Desktop/SystolicArrayProj/SystolicArrayProj.runs/design_2_auto_pc_2_synth_1/runme.log
design_2_processing_system7_0_1_synth_1: /home/ali/Desktop/SystolicArrayProj/SystolicArrayProj.runs/design_2_processing_system7_0_1_synth_1/runme.log
[Sat May 23 20:35:30 2026] Launched synth_1...
Run output will be captured here: /home/ali/Desktop/SystolicArrayProj/SystolicArrayProj.runs/synth_1/runme.log
launch_runs: Time (s): cpu = 00:00:17 ; elapsed = 00:00:14 . Memory (MB): peak = 8921.496 ; gain = 236.984 ; free physical = 4625 ; free virtual = 11438
launch_runs impl_1 -jobs 14
[Sat May 23 20:37:09 2026] Launched impl_1...
Run output will be captured here: /home/ali/Desktop/SystolicArrayProj/SystolicArrayProj.runs/impl_1/runme.log
launch_runs impl_1 -to_step write_bitstream -jobs 14
[Sat May 23 20:38:58 2026] Launched impl_1...
Run output will be captured here: /home/ali/Desktop/SystolicArrayProj/SystolicArrayProj.runs/impl_1/runme.log
write_bd_layout -format pdf -orientation portrait /home/ali/Desktop/SystolicArrayProj/design_2.pdf
/home/ali/Desktop/SystolicArrayProj/design_2.pdf
startgroup
set_property CONFIG.FIFO_MODE {2} [get_bd_cells axis_data_fifo_0]
endgroup
validate_bd_design
WARNING: [BD 41-702] Propagation TCL tries to overwrite USER strength parameter PCW_M_AXI_GP0_FREQMHZ(10) on '/processing_system7_0' with propagated value(100). Command ignored
WARNING: [BD 41-702] Propagation TCL tries to overwrite USER strength parameter PCW_S_AXI_HP0_FREQMHZ(10) on '/processing_system7_0' with propagated value(100). Command ignored
make_wrapper -files [get_files /home/ali/Desktop/SystolicArrayProj/SystolicArrayProj.srcs/sources_1/bd/design_2/design_2.bd] -top
INFO: [BD 41-1662] The design 'design_2.bd' is already validated. Therefore parameter propagation will not be re-run.
Wrote  : </home/ali/Desktop/SystolicArrayProj/SystolicArrayProj.srcs/sources_1/bd/design_2/design_2.bd> 
WARNING: [BD 41-2384] Width mismatch when connecting pin: '/axi_mem_intercon/m00_couplers/auto_pc/m_axi_rid'(2) to pin: '/axi_mem_intercon/m00_couplers/M_AXI_rid'(6) - Only lower order bits will be connected.
WARNING: [BD 41-2384] Width mismatch when connecting pin: '/axi_mem_intercon/m00_couplers/auto_pc/m_axi_bid'(2) to pin: '/axi_mem_intercon/m00_couplers/M_AXI_bid'(6) - Only lower order bits will be connected.
WARNING: [BD 41-2384] Width mismatch when connecting pin: '/processing_system7_0/S_AXI_HP0_WID'(6) to pin: '/axi_mem_intercon/M00_AXI_wid'(2) - Only lower order bits will be connected.
WARNING: [BD 41-2384] Width mismatch when connecting pin: '/processing_system7_0/S_AXI_HP0_AWID'(6) to pin: '/axi_mem_intercon/M00_AXI_awid'(2) - Only lower order bits will be connected.
WARNING: [BD 41-2384] Width mismatch when connecting pin: '/processing_system7_0/S_AXI_HP0_ARID'(6) to pin: '/axi_mem_intercon/M00_AXI_arid'(2) - Only lower order bits will be connected.
Verilog Output written to : /home/ali/Desktop/SystolicArrayProj/SystolicArrayProj.gen/sources_1/bd/design_2/synth/design_2.v
WARNING: [BD 41-2384] Width mismatch when connecting pin: '/axi_mem_intercon/m00_couplers/auto_pc/m_axi_rid'(2) to pin: '/axi_mem_intercon/m00_couplers/M_AXI_rid'(6) - Only lower order bits will be connected.
WARNING: [BD 41-2384] Width mismatch when connecting pin: '/axi_mem_intercon/m00_couplers/auto_pc/m_axi_bid'(2) to pin: '/axi_mem_intercon/m00_couplers/M_AXI_bid'(6) - Only lower order bits will be connected.
WARNING: [BD 41-2384] Width mismatch when connecting pin: '/processing_system7_0/S_AXI_HP0_WID'(6) to pin: '/axi_mem_intercon/M00_AXI_wid'(2) - Only lower order bits will be connected.
WARNING: [BD 41-2384] Width mismatch when connecting pin: '/processing_system7_0/S_AXI_HP0_AWID'(6) to pin: '/axi_mem_intercon/M00_AXI_awid'(2) - Only lower order bits will be connected.
WARNING: [BD 41-2384] Width mismatch when connecting pin: '/processing_system7_0/S_AXI_HP0_ARID'(6) to pin: '/axi_mem_intercon/M00_AXI_arid'(2) - Only lower order bits will be connected.
Verilog Output written to : /home/ali/Desktop/SystolicArrayProj/SystolicArrayProj.gen/sources_1/bd/design_2/sim/design_2.v
Verilog Output written to : /home/ali/Desktop/SystolicArrayProj/SystolicArrayProj.gen/sources_1/bd/design_2/hdl/design_2_wrapper.v
reset_run synth_1
INFO: [Project 1-1161] Replacing file /home/ali/Desktop/SystolicArrayProj/SystolicArrayProj.srcs/utils_1/imports/synth_1/design_1_wrapper.dcp with file /home/ali/Desktop/SystolicArrayProj/SystolicArrayProj.runs/synth_1/design_2_wrapper.dcp
launch_runs synth_1 -jobs 14
INFO: [BD 41-1662] The design 'design_2.bd' is already validated. Therefore parameter propagation will not be re-run.
WARNING: [BD 41-2384] Width mismatch when connecting pin: '/axi_mem_intercon/m00_couplers/auto_pc/m_axi_rid'(2) to pin: '/axi_mem_intercon/m00_couplers/M_AXI_rid'(6) - Only lower order bits will be connected.
WARNING: [BD 41-2384] Width mismatch when connecting pin: '/axi_mem_intercon/m00_couplers/auto_pc/m_axi_bid'(2) to pin: '/axi_mem_intercon/m00_couplers/M_AXI_bid'(6) - Only lower order bits will be connected.
WARNING: [BD 41-2384] Width mismatch when connecting pin: '/processing_system7_0/S_AXI_HP0_WID'(6) to pin: '/axi_mem_intercon/M00_AXI_wid'(2) - Only lower order bits will be connected.
WARNING: [BD 41-2384] Width mismatch when connecting pin: '/processing_system7_0/S_AXI_HP0_AWID'(6) to pin: '/axi_mem_intercon/M00_AXI_awid'(2) - Only lower order bits will be connected.
WARNING: [BD 41-2384] Width mismatch when connecting pin: '/processing_system7_0/S_AXI_HP0_ARID'(6) to pin: '/axi_mem_intercon/M00_AXI_arid'(2) - Only lower order bits will be connected.
Verilog Output written to : /home/ali/Desktop/SystolicArrayProj/SystolicArrayProj.gen/sources_1/bd/design_2/synth/design_2.v
WARNING: [BD 41-2384] Width mismatch when connecting pin: '/axi_mem_intercon/m00_couplers/auto_pc/m_axi_rid'(2) to pin: '/axi_mem_intercon/m00_couplers/M_AXI_rid'(6) - Only lower order bits will be connected.
WARNING: [BD 41-2384] Width mismatch when connecting pin: '/axi_mem_intercon/m00_couplers/auto_pc/m_axi_bid'(2) to pin: '/axi_mem_intercon/m00_couplers/M_AXI_bid'(6) - Only lower order bits will be connected.
WARNING: [BD 41-2384] Width mismatch when connecting pin: '/processing_system7_0/S_AXI_HP0_WID'(6) to pin: '/axi_mem_intercon/M00_AXI_wid'(2) - Only lower order bits will be connected.
WARNING: [BD 41-2384] Width mismatch when connecting pin: '/processing_system7_0/S_AXI_HP0_AWID'(6) to pin: '/axi_mem_intercon/M00_AXI_awid'(2) - Only lower order bits will be connected.
WARNING: [BD 41-2384] Width mismatch when connecting pin: '/processing_system7_0/S_AXI_HP0_ARID'(6) to pin: '/axi_mem_intercon/M00_AXI_arid'(2) - Only lower order bits will be connected.
Verilog Output written to : /home/ali/Desktop/SystolicArrayProj/SystolicArrayProj.gen/sources_1/bd/design_2/sim/design_2.v
Verilog Output written to : /home/ali/Desktop/SystolicArrayProj/SystolicArrayProj.gen/sources_1/bd/design_2/hdl/design_2_wrapper.v
INFO: [BD 41-1029] Generation completed for the IP Integrator block axis_data_fifo_0 .
WARNING: [IP_Flow 19-4994] Overwriting existing constraint file '/home/ali/Desktop/SystolicArrayProj/SystolicArrayProj.gen/sources_1/bd/design_2/ip/design_2_auto_pc_0/design_2_auto_pc_0_ooc.xdc'
INFO: [BD 41-1029] Generation completed for the IP Integrator block ps7_0_axi_periph/s00_couplers/auto_pc .
WARNING: [IP_Flow 19-4994] Overwriting existing constraint file '/home/ali/Desktop/SystolicArrayProj/SystolicArrayProj.gen/sources_1/bd/design_2/ip/design_2_auto_us_0/design_2_auto_us_0_ooc.xdc'
INFO: [IP_Flow 19-5611] Unable to find an associated reset port for the interface 'S_AXI'. A default connection has been created.
INFO: [IP_Flow 19-5611] Unable to find an associated reset port for the interface 'M_AXI'. A default connection has been created.
INFO: [BD 41-1029] Generation completed for the IP Integrator block axi_mem_intercon/s00_couplers/auto_us .
WARNING: [IP_Flow 19-4994] Overwriting existing constraint file '/home/ali/Desktop/SystolicArrayProj/SystolicArrayProj.gen/sources_1/bd/design_2/ip/design_2_auto_us_1/design_2_auto_us_1_ooc.xdc'
INFO: [IP_Flow 19-5611] Unable to find an associated reset port for the interface 'S_AXI'. A default connection has been created.
INFO: [IP_Flow 19-5611] Unable to find an associated reset port for the interface 'M_AXI'. A default connection has been created.
INFO: [BD 41-1029] Generation completed for the IP Integrator block axi_mem_intercon/s01_couplers/auto_us .
WARNING: [IP_Flow 19-4994] Overwriting existing constraint file '/home/ali/Desktop/SystolicArrayProj/SystolicArrayProj.gen/sources_1/bd/design_2/ip/design_2_auto_us_2/design_2_auto_us_2_ooc.xdc'
INFO: [IP_Flow 19-5611] Unable to find an associated reset port for the interface 'S_AXI'. A default connection has been created.
INFO: [IP_Flow 19-5611] Unable to find an associated reset port for the interface 'M_AXI'. A default connection has been created.
INFO: [BD 41-1029] Generation completed for the IP Integrator block axi_mem_intercon/s02_couplers/auto_us .
WARNING: [IP_Flow 19-4994] Overwriting existing constraint file '/home/ali/Desktop/SystolicArrayProj/SystolicArrayProj.gen/sources_1/bd/design_2/ip/design_2_auto_pc_1/design_2_auto_pc_1_ooc.xdc'
INFO: [BD 41-1029] Generation completed for the IP Integrator block axi_mem_intercon/m00_couplers/auto_pc .
Exporting to file /home/ali/Desktop/SystolicArrayProj/SystolicArrayProj.gen/sources_1/bd/design_2/hw_handoff/design_2.hwh
Generated Hardware Definition File /home/ali/Desktop/SystolicArrayProj/SystolicArrayProj.gen/sources_1/bd/design_2/synth/design_2.hwdef
INFO: [IP_Flow 19-6930] IPCACHE: runCacheChecks() number of threads = 8
INFO: [IP_Flow 19-6921] IPCACHE: Adding cache check func to thread queue for IP design_2_auto_pc_0
INFO: [IP_Flow 19-6921] IPCACHE: Adding cache check func to thread queue for IP design_2_auto_pc_1
INFO: [IP_Flow 19-6921] IPCACHE: Adding cache check func to thread queue for IP design_2_auto_us_0
INFO: [IP_Flow 19-6921] IPCACHE: Adding cache check func to thread queue for IP design_2_auto_us_1
INFO: [IP_Flow 19-6921] IPCACHE: Adding cache check func to thread queue for IP design_2_auto_us_2
INFO: [IP_Flow 19-6921] IPCACHE: Adding cache check func to thread queue for IP design_2_axis_data_fifo_0_1
INFO: [IP_Flow 19-8020] IPCACHE: runCacheChecks() calling threadPool finishWork()
INFO: [IP_Flow 19-6924] IPCACHE: Running cache check for IP inst: design_2_auto_pc_0
INFO: [IP_Flow 19-6922] IPCACHE: Exporting cached entry cd5183274960e411 to dir: /home/ali/Desktop/SystolicArrayProj/SystolicArrayProj.gen/sources_1/bd/design_2/ip/design_2_auto_pc_0
INFO: [IP_Flow 19-6928] IPCACHE: copied cached file /home/ali/Desktop/SystolicArrayProj/SystolicArrayProj.cache/ip/2022.2/c/d/cd5183274960e411/design_1_auto_pc_0_stub.vhdl to /home/ali/Desktop/SystolicArrayProj/SystolicArrayProj.gen/sources_1/bd/design_2/ip/design_2_auto_pc_0/design_2_auto_pc_0_stub.vhdl.
INFO: [IP_Flow 19-6926] IPCACHE: added file to list for BOM: /home/ali/Desktop/SystolicArrayProj/SystolicArrayProj.gen/sources_1/bd/design_2/ip/design_2_auto_pc_0/design_2_auto_pc_0_stub.vhdl
INFO: [IP_Flow 19-6928] IPCACHE: copied cached file /home/ali/Desktop/SystolicArrayProj/SystolicArrayProj.cache/ip/2022.2/c/d/cd5183274960e411/design_1_auto_pc_0_sim_netlist.vhdl to /home/ali/Desktop/SystolicArrayProj/SystolicArrayProj.gen/sources_1/bd/design_2/ip/design_2_auto_pc_0/design_2_auto_pc_0_sim_netlist.vhdl.
INFO: [IP_Flow 19-6926] IPCACHE: added file to list for BOM: /home/ali/Desktop/SystolicArrayProj/SystolicArrayProj.gen/sources_1/bd/design_2/ip/design_2_auto_pc_0/design_2_auto_pc_0_sim_netlist.vhdl
INFO: [IP_Flow 19-6928] IPCACHE: copied cached file /home/ali/Desktop/SystolicArrayProj/SystolicArrayProj.cache/ip/2022.2/c/d/cd5183274960e411/design_1_auto_pc_0_stub.v to /home/ali/Desktop/SystolicArrayProj/SystolicArrayProj.gen/sources_1/bd/design_2/ip/design_2_auto_pc_0/design_2_auto_pc_0_stub.v.
INFO: [IP_Flow 19-6926] IPCACHE: added file to list for BOM: /home/ali/Desktop/SystolicArrayProj/SystolicArrayProj.gen/sources_1/bd/design_2/ip/design_2_auto_pc_0/design_2_auto_pc_0_stub.v
INFO: [IP_Flow 19-6928] IPCACHE: copied cached file /home/ali/Desktop/SystolicArrayProj/SystolicArrayProj.cache/ip/2022.2/c/d/cd5183274960e411/design_1_auto_pc_0.dcp to /home/ali/Desktop/SystolicArrayProj/SystolicArrayProj.gen/sources_1/bd/design_2/ip/design_2_auto_pc_0/design_2_auto_pc_0.dcp.
INFO: [IP_Flow 19-6926] IPCACHE: added file to list for BOM: /home/ali/Desktop/SystolicArrayProj/SystolicArrayProj.gen/sources_1/bd/design_2/ip/design_2_auto_pc_0/design_2_auto_pc_0.dcp
INFO: [IP_Flow 19-6928] IPCACHE: copied cached file /home/ali/Desktop/SystolicArrayProj/SystolicArrayProj.cache/ip/2022.2/c/d/cd5183274960e411/design_1_auto_pc_0_sim_netlist.v to /home/ali/Desktop/SystolicArrayProj/SystolicArrayProj.gen/sources_1/bd/design_2/ip/design_2_auto_pc_0/design_2_auto_pc_0_sim_netlist.v.
INFO: [IP_Flow 19-6926] IPCACHE: added file to list for BOM: /home/ali/Desktop/SystolicArrayProj/SystolicArrayProj.gen/sources_1/bd/design_2/ip/design_2_auto_pc_0/design_2_auto_pc_0_sim_netlist.v
INFO: [IP_Flow 19-4993] Using cached IP synthesis design for IP design_2_auto_pc_0, cache-ID = cd5183274960e411; cache size = 219.742 MB.
INFO: [IP_Flow 19-6924] IPCACHE: Running cache check for IP inst: design_2_auto_pc_1
INFO: [IP_Flow 19-6922] IPCACHE: Exporting cached entry ec0a01b00ab8feea to dir: /home/ali/Desktop/SystolicArrayProj/SystolicArrayProj.gen/sources_1/bd/design_2/ip/design_2_auto_pc_1
INFO: [IP_Flow 19-6928] IPCACHE: copied cached file /home/ali/Desktop/SystolicArrayProj/SystolicArrayProj.cache/ip/2022.2/e/c/ec0a01b00ab8feea/design_2_auto_pc_2.dcp to /home/ali/Desktop/SystolicArrayProj/SystolicArrayProj.gen/sources_1/bd/design_2/ip/design_2_auto_pc_1/design_2_auto_pc_1.dcp.
INFO: [IP_Flow 19-6926] IPCACHE: added file to list for BOM: /home/ali/Desktop/SystolicArrayProj/SystolicArrayProj.gen/sources_1/bd/design_2/ip/design_2_auto_pc_1/design_2_auto_pc_1.dcp
INFO: [IP_Flow 19-6928] IPCACHE: copied cached file /home/ali/Desktop/SystolicArrayProj/SystolicArrayProj.cache/ip/2022.2/e/c/ec0a01b00ab8feea/design_2_auto_pc_2_stub.v to /home/ali/Desktop/SystolicArrayProj/SystolicArrayProj.gen/sources_1/bd/design_2/ip/design_2_auto_pc_1/design_2_auto_pc_1_stub.v.
INFO: [IP_Flow 19-6926] IPCACHE: added file to list for BOM: /home/ali/Desktop/SystolicArrayProj/SystolicArrayProj.gen/sources_1/bd/design_2/ip/design_2_auto_pc_1/design_2_auto_pc_1_stub.v
INFO: [IP_Flow 19-6928] IPCACHE: copied cached file /home/ali/Desktop/SystolicArrayProj/SystolicArrayProj.cache/ip/2022.2/e/c/ec0a01b00ab8feea/design_2_auto_pc_2_stub.vhdl to /home/ali/Desktop/SystolicArrayProj/SystolicArrayProj.gen/sources_1/bd/design_2/ip/design_2_auto_pc_1/design_2_auto_pc_1_stub.vhdl.
INFO: [IP_Flow 19-6926] IPCACHE: added file to list for BOM: /home/ali/Desktop/SystolicArrayProj/SystolicArrayProj.gen/sources_1/bd/design_2/ip/design_2_auto_pc_1/design_2_auto_pc_1_stub.vhdl
INFO: [IP_Flow 19-6928] IPCACHE: copied cached file /home/ali/Desktop/SystolicArrayProj/SystolicArrayProj.cache/ip/2022.2/e/c/ec0a01b00ab8feea/design_2_auto_pc_2_sim_netlist.vhdl to /home/ali/Desktop/SystolicArrayProj/SystolicArrayProj.gen/sources_1/bd/design_2/ip/design_2_auto_pc_1/design_2_auto_pc_1_sim_netlist.vhdl.
INFO: [IP_Flow 19-6926] IPCACHE: added file to list for BOM: /home/ali/Desktop/SystolicArrayProj/SystolicArrayProj.gen/sources_1/bd/design_2/ip/design_2_auto_pc_1/design_2_auto_pc_1_sim_netlist.vhdl
INFO: [IP_Flow 19-6928] IPCACHE: copied cached file /home/ali/Desktop/SystolicArrayProj/SystolicArrayProj.cache/ip/2022.2/e/c/ec0a01b00ab8feea/design_2_auto_pc_2_sim_netlist.v to /home/ali/Desktop/SystolicArrayProj/SystolicArrayProj.gen/sources_1/bd/design_2/ip/design_2_auto_pc_1/design_2_auto_pc_1_sim_netlist.v.
INFO: [IP_Flow 19-6926] IPCACHE: added file to list for BOM: /home/ali/Desktop/SystolicArrayProj/SystolicArrayProj.gen/sources_1/bd/design_2/ip/design_2_auto_pc_1/design_2_auto_pc_1_sim_netlist.v
INFO: [IP_Flow 19-4993] Using cached IP synthesis design for IP design_2_auto_pc_1, cache-ID = ec0a01b00ab8feea; cache size = 219.742 MB.
INFO: [IP_Flow 19-6924] IPCACHE: Running cache check for IP inst: design_2_auto_us_0
INFO: [IP_Flow 19-6922] IPCACHE: Exporting cached entry 1cefd710a0ac4efa to dir: /home/ali/Desktop/SystolicArrayProj/SystolicArrayProj.gen/sources_1/bd/design_2/ip/design_2_auto_us_0
INFO: [IP_Flow 19-6928] IPCACHE: copied cached file /home/ali/Desktop/SystolicArrayProj/SystolicArrayProj.cache/ip/2022.2/1/c/1cefd710a0ac4efa/design_2_auto_us_0_stub.v to /home/ali/Desktop/SystolicArrayProj/SystolicArrayProj.gen/sources_1/bd/design_2/ip/design_2_auto_us_0/design_2_auto_us_0_stub.v.
INFO: [IP_Flow 19-6926] IPCACHE: added file to list for BOM: /home/ali/Desktop/SystolicArrayProj/SystolicArrayProj.gen/sources_1/bd/design_2/ip/design_2_auto_us_0/design_2_auto_us_0_stub.v
INFO: [IP_Flow 19-6928] IPCACHE: copied cached file /home/ali/Desktop/SystolicArrayProj/SystolicArrayProj.cache/ip/2022.2/1/c/1cefd710a0ac4efa/design_2_auto_us_0_sim_netlist.v to /home/ali/Desktop/SystolicArrayProj/SystolicArrayProj.gen/sources_1/bd/design_2/ip/design_2_auto_us_0/design_2_auto_us_0_sim_netlist.v.
INFO: [IP_Flow 19-6926] IPCACHE: added file to list for BOM: /home/ali/Desktop/SystolicArrayProj/SystolicArrayProj.gen/sources_1/bd/design_2/ip/design_2_auto_us_0/design_2_auto_us_0_sim_netlist.v
INFO: [IP_Flow 19-6928] IPCACHE: copied cached file /home/ali/Desktop/SystolicArrayProj/SystolicArrayProj.cache/ip/2022.2/1/c/1cefd710a0ac4efa/design_2_auto_us_0_sim_netlist.vhdl to /home/ali/Desktop/SystolicArrayProj/SystolicArrayProj.gen/sources_1/bd/design_2/ip/design_2_auto_us_0/design_2_auto_us_0_sim_netlist.vhdl.
INFO: [IP_Flow 19-6926] IPCACHE: added file to list for BOM: /home/ali/Desktop/SystolicArrayProj/SystolicArrayProj.gen/sources_1/bd/design_2/ip/design_2_auto_us_0/design_2_auto_us_0_sim_netlist.vhdl
INFO: [IP_Flow 19-6928] IPCACHE: copied cached file /home/ali/Desktop/SystolicArrayProj/SystolicArrayProj.cache/ip/2022.2/1/c/1cefd710a0ac4efa/design_2_auto_us_0.dcp to /home/ali/Desktop/SystolicArrayProj/SystolicArrayProj.gen/sources_1/bd/design_2/ip/design_2_auto_us_0/design_2_auto_us_0.dcp.
INFO: [IP_Flow 19-6926] IPCACHE: added file to list for BOM: /home/ali/Desktop/SystolicArrayProj/SystolicArrayProj.gen/sources_1/bd/design_2/ip/design_2_auto_us_0/design_2_auto_us_0.dcp
INFO: [IP_Flow 19-6928] IPCACHE: copied cached file /home/ali/Desktop/SystolicArrayProj/SystolicArrayProj.cache/ip/2022.2/1/c/1cefd710a0ac4efa/design_2_auto_us_0_stub.vhdl to /home/ali/Desktop/SystolicArrayProj/SystolicArrayProj.gen/sources_1/bd/design_2/ip/design_2_auto_us_0/design_2_auto_us_0_stub.vhdl.
INFO: [IP_Flow 19-6926] IPCACHE: added file to list for BOM: /home/ali/Desktop/SystolicArrayProj/SystolicArrayProj.gen/sources_1/bd/design_2/ip/design_2_auto_us_0/design_2_auto_us_0_stub.vhdl
INFO: [IP_Flow 19-4993] Using cached IP synthesis design for IP design_2_auto_us_0, cache-ID = 1cefd710a0ac4efa; cache size = 219.742 MB.
INFO: [IP_Flow 19-6924] IPCACHE: Running cache check for IP inst: design_2_auto_us_1
INFO: [IP_Flow 19-6922] IPCACHE: Exporting cached entry 6ab4e7823a7c7dc2 to dir: /home/ali/Desktop/SystolicArrayProj/SystolicArrayProj.gen/sources_1/bd/design_2/ip/design_2_auto_us_1
INFO: [IP_Flow 19-6928] IPCACHE: copied cached file /home/ali/Desktop/SystolicArrayProj/SystolicArrayProj.cache/ip/2022.2/6/a/6ab4e7823a7c7dc2/design_2_auto_us_1_stub.v to /home/ali/Desktop/SystolicArrayProj/SystolicArrayProj.gen/sources_1/bd/design_2/ip/design_2_auto_us_1/design_2_auto_us_1_stub.v.
INFO: [IP_Flow 19-6926] IPCACHE: added file to list for BOM: /home/ali/Desktop/SystolicArrayProj/SystolicArrayProj.gen/sources_1/bd/design_2/ip/design_2_auto_us_1/design_2_auto_us_1_stub.v
INFO: [IP_Flow 19-6928] IPCACHE: copied cached file /home/ali/Desktop/SystolicArrayProj/SystolicArrayProj.cache/ip/2022.2/6/a/6ab4e7823a7c7dc2/design_2_auto_us_1_sim_netlist.vhdl to /home/ali/Desktop/SystolicArrayProj/SystolicArrayProj.gen/sources_1/bd/design_2/ip/design_2_auto_us_1/design_2_auto_us_1_sim_netlist.vhdl.
INFO: [IP_Flow 19-6926] IPCACHE: added file to list for BOM: /home/ali/Desktop/SystolicArrayProj/SystolicArrayProj.gen/sources_1/bd/design_2/ip/design_2_auto_us_1/design_2_auto_us_1_sim_netlist.vhdl
INFO: [IP_Flow 19-6928] IPCACHE: copied cached file /home/ali/Desktop/SystolicArrayProj/SystolicArrayProj.cache/ip/2022.2/6/a/6ab4e7823a7c7dc2/design_2_auto_us_1_sim_netlist.v to /home/ali/Desktop/SystolicArrayProj/SystolicArrayProj.gen/sources_1/bd/design_2/ip/design_2_auto_us_1/design_2_auto_us_1_sim_netlist.v.
INFO: [IP_Flow 19-6926] IPCACHE: added file to list for BOM: /home/ali/Desktop/SystolicArrayProj/SystolicArrayProj.gen/sources_1/bd/design_2/ip/design_2_auto_us_1/design_2_auto_us_1_sim_netlist.v
INFO: [IP_Flow 19-6928] IPCACHE: copied cached file /home/ali/Desktop/SystolicArrayProj/SystolicArrayProj.cache/ip/2022.2/6/a/6ab4e7823a7c7dc2/design_2_auto_us_1.dcp to /home/ali/Desktop/SystolicArrayProj/SystolicArrayProj.gen/sources_1/bd/design_2/ip/design_2_auto_us_1/design_2_auto_us_1.dcp.
INFO: [IP_Flow 19-6926] IPCACHE: added file to list for BOM: /home/ali/Desktop/SystolicArrayProj/SystolicArrayProj.gen/sources_1/bd/design_2/ip/design_2_auto_us_1/design_2_auto_us_1.dcp
INFO: [IP_Flow 19-6928] IPCACHE: copied cached file /home/ali/Desktop/SystolicArrayProj/SystolicArrayProj.cache/ip/2022.2/6/a/6ab4e7823a7c7dc2/design_2_auto_us_1_stub.vhdl to /home/ali/Desktop/SystolicArrayProj/SystolicArrayProj.gen/sources_1/bd/design_2/ip/design_2_auto_us_1/design_2_auto_us_1_stub.vhdl.
INFO: [IP_Flow 19-6926] IPCACHE: added file to list for BOM: /home/ali/Desktop/SystolicArrayProj/SystolicArrayProj.gen/sources_1/bd/design_2/ip/design_2_auto_us_1/design_2_auto_us_1_stub.vhdl
INFO: [IP_Flow 19-4993] Using cached IP synthesis design for IP design_2_auto_us_1, cache-ID = 6ab4e7823a7c7dc2; cache size = 219.742 MB.
INFO: [IP_Flow 19-6924] IPCACHE: Running cache check for IP inst: design_2_auto_us_2
INFO: [IP_Flow 19-6922] IPCACHE: Exporting cached entry 61476e044f87a874 to dir: /home/ali/Desktop/SystolicArrayProj/SystolicArrayProj.gen/sources_1/bd/design_2/ip/design_2_auto_us_2
INFO: [IP_Flow 19-6928] IPCACHE: copied cached file /home/ali/Desktop/SystolicArrayProj/SystolicArrayProj.cache/ip/2022.2/6/1/61476e044f87a874/design_2_auto_us_2_stub.vhdl to /home/ali/Desktop/SystolicArrayProj/SystolicArrayProj.gen/sources_1/bd/design_2/ip/design_2_auto_us_2/design_2_auto_us_2_stub.vhdl.
INFO: [IP_Flow 19-6926] IPCACHE: added file to list for BOM: /home/ali/Desktop/SystolicArrayProj/SystolicArrayProj.gen/sources_1/bd/design_2/ip/design_2_auto_us_2/design_2_auto_us_2_stub.vhdl
INFO: [IP_Flow 19-6928] IPCACHE: copied cached file /home/ali/Desktop/SystolicArrayProj/SystolicArrayProj.cache/ip/2022.2/6/1/61476e044f87a874/design_2_auto_us_2_sim_netlist.vhdl to /home/ali/Desktop/SystolicArrayProj/SystolicArrayProj.gen/sources_1/bd/design_2/ip/design_2_auto_us_2/design_2_auto_us_2_sim_netlist.vhdl.
INFO: [IP_Flow 19-6926] IPCACHE: added file to list for BOM: /home/ali/Desktop/SystolicArrayProj/SystolicArrayProj.gen/sources_1/bd/design_2/ip/design_2_auto_us_2/design_2_auto_us_2_sim_netlist.vhdl
INFO: [IP_Flow 19-6928] IPCACHE: copied cached file /home/ali/Desktop/SystolicArrayProj/SystolicArrayProj.cache/ip/2022.2/6/1/61476e044f87a874/design_2_auto_us_2.dcp to /home/ali/Desktop/SystolicArrayProj/SystolicArrayProj.gen/sources_1/bd/design_2/ip/design_2_auto_us_2/design_2_auto_us_2.dcp.
INFO: [IP_Flow 19-6926] IPCACHE: added file to list for BOM: /home/ali/Desktop/SystolicArrayProj/SystolicArrayProj.gen/sources_1/bd/design_2/ip/design_2_auto_us_2/design_2_auto_us_2.dcp
INFO: [IP_Flow 19-6928] IPCACHE: copied cached file /home/ali/Desktop/SystolicArrayProj/SystolicArrayProj.cache/ip/2022.2/6/1/61476e044f87a874/design_2_auto_us_2_stub.v to /home/ali/Desktop/SystolicArrayProj/SystolicArrayProj.gen/sources_1/bd/design_2/ip/design_2_auto_us_2/design_2_auto_us_2_stub.v.
INFO: [IP_Flow 19-6926] IPCACHE: added file to list for BOM: /home/ali/Desktop/SystolicArrayProj/SystolicArrayProj.gen/sources_1/bd/design_2/ip/design_2_auto_us_2/design_2_auto_us_2_stub.v
INFO: [IP_Flow 19-6928] IPCACHE: copied cached file /home/ali/Desktop/SystolicArrayProj/SystolicArrayProj.cache/ip/2022.2/6/1/61476e044f87a874/design_2_auto_us_2_sim_netlist.v to /home/ali/Desktop/SystolicArrayProj/SystolicArrayProj.gen/sources_1/bd/design_2/ip/design_2_auto_us_2/design_2_auto_us_2_sim_netlist.v.
INFO: [IP_Flow 19-6926] IPCACHE: added file to list for BOM: /home/ali/Desktop/SystolicArrayProj/SystolicArrayProj.gen/sources_1/bd/design_2/ip/design_2_auto_us_2/design_2_auto_us_2_sim_netlist.v
INFO: [IP_Flow 19-4993] Using cached IP synthesis design for IP design_2_auto_us_2, cache-ID = 61476e044f87a874; cache size = 219.742 MB.
INFO: [IP_Flow 19-6924] IPCACHE: Running cache check for IP inst: design_2_axis_data_fifo_0_1
INFO: [IP_Flow 19-6922] IPCACHE: Exporting cached entry 42ec5042c07f00e2 to dir: /home/ali/Desktop/SystolicArrayProj/SystolicArrayProj.gen/sources_1/bd/design_2/ip/design_2_axis_data_fifo_0_1
INFO: [IP_Flow 19-6928] IPCACHE: copied cached file /home/ali/Desktop/SystolicArrayProj/SystolicArrayProj.cache/ip/2022.2/4/2/42ec5042c07f00e2/design_2_axis_data_fifo_0_0_stub.v to /home/ali/Desktop/SystolicArrayProj/SystolicArrayProj.gen/sources_1/bd/design_2/ip/design_2_axis_data_fifo_0_1/design_2_axis_data_fifo_0_1_stub.v.
INFO: [IP_Flow 19-6926] IPCACHE: added file to list for BOM: /home/ali/Desktop/SystolicArrayProj/SystolicArrayProj.gen/sources_1/bd/design_2/ip/design_2_axis_data_fifo_0_1/design_2_axis_data_fifo_0_1_stub.v
INFO: [IP_Flow 19-6928] IPCACHE: copied cached file /home/ali/Desktop/SystolicArrayProj/SystolicArrayProj.cache/ip/2022.2/4/2/42ec5042c07f00e2/design_2_axis_data_fifo_0_0_stub.vhdl to /home/ali/Desktop/SystolicArrayProj/SystolicArrayProj.gen/sources_1/bd/design_2/ip/design_2_axis_data_fifo_0_1/design_2_axis_data_fifo_0_1_stub.vhdl.
INFO: [IP_Flow 19-6926] IPCACHE: added file to list for BOM: /home/ali/Desktop/SystolicArrayProj/SystolicArrayProj.gen/sources_1/bd/design_2/ip/design_2_axis_data_fifo_0_1/design_2_axis_data_fifo_0_1_stub.vhdl
INFO: [IP_Flow 19-6928] IPCACHE: copied cached file /home/ali/Desktop/SystolicArrayProj/SystolicArrayProj.cache/ip/2022.2/4/2/42ec5042c07f00e2/design_2_axis_data_fifo_0_0_sim_netlist.v to /home/ali/Desktop/SystolicArrayProj/SystolicArrayProj.gen/sources_1/bd/design_2/ip/design_2_axis_data_fifo_0_1/design_2_axis_data_fifo_0_1_sim_netlist.v.
INFO: [IP_Flow 19-6926] IPCACHE: added file to list for BOM: /home/ali/Desktop/SystolicArrayProj/SystolicArrayProj.gen/sources_1/bd/design_2/ip/design_2_axis_data_fifo_0_1/design_2_axis_data_fifo_0_1_sim_netlist.v
INFO: [IP_Flow 19-6928] IPCACHE: copied cached file /home/ali/Desktop/SystolicArrayProj/SystolicArrayProj.cache/ip/2022.2/4/2/42ec5042c07f00e2/design_2_axis_data_fifo_0_0_sim_netlist.vhdl to /home/ali/Desktop/SystolicArrayProj/SystolicArrayProj.gen/sources_1/bd/design_2/ip/design_2_axis_data_fifo_0_1/design_2_axis_data_fifo_0_1_sim_netlist.vhdl.
INFO: [IP_Flow 19-6926] IPCACHE: added file to list for BOM: /home/ali/Desktop/SystolicArrayProj/SystolicArrayProj.gen/sources_1/bd/design_2/ip/design_2_axis_data_fifo_0_1/design_2_axis_data_fifo_0_1_sim_netlist.vhdl
INFO: [IP_Flow 19-6928] IPCACHE: copied cached file /home/ali/Desktop/SystolicArrayProj/SystolicArrayProj.cache/ip/2022.2/4/2/42ec5042c07f00e2/design_2_axis_data_fifo_0_0.dcp to /home/ali/Desktop/SystolicArrayProj/SystolicArrayProj.gen/sources_1/bd/design_2/ip/design_2_axis_data_fifo_0_1/design_2_axis_data_fifo_0_1.dcp.
INFO: [IP_Flow 19-6926] IPCACHE: added file to list for BOM: /home/ali/Desktop/SystolicArrayProj/SystolicArrayProj.gen/sources_1/bd/design_2/ip/design_2_axis_data_fifo_0_1/design_2_axis_data_fifo_0_1.dcp
INFO: [IP_Flow 19-4993] Using cached IP synthesis design for IP design_2_axis_data_fifo_0_1, cache-ID = 42ec5042c07f00e2; cache size = 219.742 MB.
[Sat May 23 20:50:04 2026] Launched synth_1...
Run output will be captured here: /home/ali/Desktop/SystolicArrayProj/SystolicArrayProj.runs/synth_1/runme.log
launch_runs impl_1 -jobs 14
[Sat May 23 20:50:41 2026] Launched impl_1...
Run output will be captured here: /home/ali/Desktop/SystolicArrayProj/SystolicArrayProj.runs/impl_1/runme.log
launch_runs impl_1 -to_step write_bitstream -jobs 14
[Sat May 23 20:51:54 2026] Launched impl_1...
Run output will be captured here: /home/ali/Desktop/SystolicArrayProj/SystolicArrayProj.runs/impl_1/runme.log
startgroup
create_bd_cell -type ip -vlnv xilinx.com:ip:ila:6.2 ila_0
INFO: [xilinx.com:ip:ila:6.2-6] /ila_0: Xilinx recommends using the System ILA IP in IP Integrator. The System ILA IP is functionally equivalent to an ILA and offers additional benefits in debugging interfaces both within IP Integrator and the Hardware Manager. Consult the Programming and Debug User Guide UG908 for further details.
endgroup
connect_bd_net [get_bd_pins ila_0/clk] [get_bd_pins processing_system7_0/FCLK_CLK0]
set_property location {4 1029 438} [get_bd_cells ila_0]
connect_bd_net [get_bd_pins ila_0/probe5] [get_bd_pins axi_dma_0/mm2s_prmry_reset_out_n]
WARNING: [BD 41-1306] The connection to interface pin </ila_0/probe5> is being overridden by the user with net <axi_dma_0_mm2s_prmry_reset_out_n>. This pin will not be connected as a part of interface connection <SLOT_0_AXI>.
undo
INFO: [Common 17-17] undo 'connect_bd_net [get_bd_pins ila_0/probe5] [get_bd_pins axi_dma_0/mm2s_prmry_reset_out_n]'
WARNING: [IP_Flow 19-4067] Ignoring invalid widget type specified checkbox.Providing a default widget
connect_bd_net [get_bd_pins ila_0/probe5] [get_bd_pins ila_0/probe29]
WARNING: [BD 41-1306] The connection to interface pin </ila_0/probe5> is being overridden by the user with net <Net>. This pin will not be connected as a part of interface connection <SLOT_0_AXI>.
WARNING: [BD 41-1306] The connection to interface pin </ila_0/probe29> is being overridden by the user with net <Net>. This pin will not be connected as a part of interface connection <SLOT_0_AXI>.
delete_bd_objs [get_bd_nets Net]
delete_bd_objs [get_bd_cells ila_0]
INFO: [Coretcl 2-12] '/processing_system7_0/S_AXI_HP0' selected.
startgroup
set_property CONFIG.c_include_sg {0} [get_bd_cells axi_dma_0]
WARNING: [BD 41-1684] Pin /axi_dma_0/m_axi_sg_aclk is now disabled. All connections to this pin have been removed. 
delete_bd_objs [get_bd_intf_nets axi_dma_0_M_AXI_SG]
endgroup
make_wrapper -files [get_files /home/ali/Desktop/SystolicArrayProj/SystolicArrayProj.srcs/sources_1/bd/design_2/design_2.bd] -top
WARNING: [BD 5-699] No address segments matched 'get_bd_addr_segs -addressed -of_object /rst_ps7_0_100M'
WARNING: [BD 5-699] No address segments matched 'get_bd_addr_segs -addressable -of_object /rst_ps7_0_100M'
WARNING: [BD 5-699] No address segments matched 'get_bd_addr_segs -addressing -of_object /rst_ps7_0_100M'
WARNING: [BD 41-702] Propagation TCL tries to overwrite USER strength parameter PCW_M_AXI_GP0_FREQMHZ(10) on '/processing_system7_0' with propagated value(100). Command ignored
WARNING: [BD 41-702] Propagation TCL tries to overwrite USER strength parameter PCW_S_AXI_HP0_FREQMHZ(10) on '/processing_system7_0' with propagated value(100). Command ignored
Wrote  : </home/ali/Desktop/SystolicArrayProj/SystolicArrayProj.srcs/sources_1/bd/design_2/design_2.bd> 
Wrote  : </home/ali/Desktop/SystolicArrayProj/SystolicArrayProj.srcs/sources_1/bd/design_2/ui/bd_1fdbff51.ui> 
WARNING: [BD 41-2384] Width mismatch when connecting pin: '/axi_mem_intercon/m00_couplers/auto_pc/m_axi_rid'(2) to pin: '/axi_mem_intercon/m00_couplers/M_AXI_rid'(6) - Only lower order bits will be connected.
WARNING: [BD 41-2384] Width mismatch when connecting pin: '/axi_mem_intercon/m00_couplers/auto_pc/m_axi_bid'(2) to pin: '/axi_mem_intercon/m00_couplers/M_AXI_bid'(6) - Only lower order bits will be connected.
WARNING: [BD 41-2384] Width mismatch when connecting pin: '/processing_system7_0/S_AXI_HP0_WID'(6) to pin: '/axi_mem_intercon/M00_AXI_wid'(2) - Only lower order bits will be connected.
WARNING: [BD 41-2384] Width mismatch when connecting pin: '/processing_system7_0/S_AXI_HP0_AWID'(6) to pin: '/axi_mem_intercon/M00_AXI_awid'(2) - Only lower order bits will be connected.
WARNING: [BD 41-2384] Width mismatch when connecting pin: '/processing_system7_0/S_AXI_HP0_ARID'(6) to pin: '/axi_mem_intercon/M00_AXI_arid'(2) - Only lower order bits will be connected.
Verilog Output written to : /home/ali/Desktop/SystolicArrayProj/SystolicArrayProj.gen/sources_1/bd/design_2/synth/design_2.v
WARNING: [BD 41-2384] Width mismatch when connecting pin: '/axi_mem_intercon/m00_couplers/auto_pc/m_axi_rid'(2) to pin: '/axi_mem_intercon/m00_couplers/M_AXI_rid'(6) - Only lower order bits will be connected.
WARNING: [BD 41-2384] Width mismatch when connecting pin: '/axi_mem_intercon/m00_couplers/auto_pc/m_axi_bid'(2) to pin: '/axi_mem_intercon/m00_couplers/M_AXI_bid'(6) - Only lower order bits will be connected.
WARNING: [BD 41-2384] Width mismatch when connecting pin: '/processing_system7_0/S_AXI_HP0_WID'(6) to pin: '/axi_mem_intercon/M00_AXI_wid'(2) - Only lower order bits will be connected.
WARNING: [BD 41-2384] Width mismatch when connecting pin: '/processing_system7_0/S_AXI_HP0_AWID'(6) to pin: '/axi_mem_intercon/M00_AXI_awid'(2) - Only lower order bits will be connected.
WARNING: [BD 41-2384] Width mismatch when connecting pin: '/processing_system7_0/S_AXI_HP0_ARID'(6) to pin: '/axi_mem_intercon/M00_AXI_arid'(2) - Only lower order bits will be connected.
Verilog Output written to : /home/ali/Desktop/SystolicArrayProj/SystolicArrayProj.gen/sources_1/bd/design_2/sim/design_2.v
Verilog Output written to : /home/ali/Desktop/SystolicArrayProj/SystolicArrayProj.gen/sources_1/bd/design_2/hdl/design_2_wrapper.v
make_wrapper: Time (s): cpu = 00:00:09 ; elapsed = 00:00:06 . Memory (MB): peak = 9288.551 ; gain = 0.000 ; free physical = 6395 ; free virtual = 10507
reset_run design_2_axi_dma_0_1_synth_1
reset_run synth_1
INFO: [Project 1-1161] Replacing file /home/ali/Desktop/SystolicArrayProj/SystolicArrayProj.srcs/utils_1/imports/synth_1/design_1_wrapper.dcp with file /home/ali/Desktop/SystolicArrayProj/SystolicArrayProj.runs/synth_1/design_2_wrapper.dcp
launch_runs synth_1 -jobs 14
INFO: [BD 41-1662] The design 'design_2.bd' is already validated. Therefore parameter propagation will not be re-run.
WARNING: [BD 41-2384] Width mismatch when connecting pin: '/axi_mem_intercon/m00_couplers/auto_pc/m_axi_rid'(2) to pin: '/axi_mem_intercon/m00_couplers/M_AXI_rid'(6) - Only lower order bits will be connected.
WARNING: [BD 41-2384] Width mismatch when connecting pin: '/axi_mem_intercon/m00_couplers/auto_pc/m_axi_bid'(2) to pin: '/axi_mem_intercon/m00_couplers/M_AXI_bid'(6) - Only lower order bits will be connected.
WARNING: [BD 41-2384] Width mismatch when connecting pin: '/processing_system7_0/S_AXI_HP0_WID'(6) to pin: '/axi_mem_intercon/M00_AXI_wid'(2) - Only lower order bits will be connected.
WARNING: [BD 41-2384] Width mismatch when connecting pin: '/processing_system7_0/S_AXI_HP0_AWID'(6) to pin: '/axi_mem_intercon/M00_AXI_awid'(2) - Only lower order bits will be connected.
WARNING: [BD 41-2384] Width mismatch when connecting pin: '/processing_system7_0/S_AXI_HP0_ARID'(6) to pin: '/axi_mem_intercon/M00_AXI_arid'(2) - Only lower order bits will be connected.
Verilog Output written to : /home/ali/Desktop/SystolicArrayProj/SystolicArrayProj.gen/sources_1/bd/design_2/synth/design_2.v
WARNING: [BD 41-2384] Width mismatch when connecting pin: '/axi_mem_intercon/m00_couplers/auto_pc/m_axi_rid'(2) to pin: '/axi_mem_intercon/m00_couplers/M_AXI_rid'(6) - Only lower order bits will be connected.
WARNING: [BD 41-2384] Width mismatch when connecting pin: '/axi_mem_intercon/m00_couplers/auto_pc/m_axi_bid'(2) to pin: '/axi_mem_intercon/m00_couplers/M_AXI_bid'(6) - Only lower order bits will be connected.
WARNING: [BD 41-2384] Width mismatch when connecting pin: '/processing_system7_0/S_AXI_HP0_WID'(6) to pin: '/axi_mem_intercon/M00_AXI_wid'(2) - Only lower order bits will be connected.
WARNING: [BD 41-2384] Width mismatch when connecting pin: '/processing_system7_0/S_AXI_HP0_AWID'(6) to pin: '/axi_mem_intercon/M00_AXI_awid'(2) - Only lower order bits will be connected.
WARNING: [BD 41-2384] Width mismatch when connecting pin: '/processing_system7_0/S_AXI_HP0_ARID'(6) to pin: '/axi_mem_intercon/M00_AXI_arid'(2) - Only lower order bits will be connected.
Verilog Output written to : /home/ali/Desktop/SystolicArrayProj/SystolicArrayProj.gen/sources_1/bd/design_2/sim/design_2.v
Verilog Output written to : /home/ali/Desktop/SystolicArrayProj/SystolicArrayProj.gen/sources_1/bd/design_2/hdl/design_2_wrapper.v
INFO: [IP_Flow 19-5611] Unable to find an associated reset port for the interface 'M_AXI_GP0'. A default connection has been created.
INFO: [IP_Flow 19-5611] Unable to find an associated reset port for the interface 'S_AXI_HP0'. A default connection has been created.
INFO: [BD 41-1029] Generation completed for the IP Integrator block processing_system7_0 .
INFO: [BD 41-1029] Generation completed for the IP Integrator block axi_dma_0 .
INFO: [BD 41-1029] Generation completed for the IP Integrator block axi_mem_intercon/xbar .
WARNING: [IP_Flow 19-4994] Overwriting existing constraint file '/home/ali/Desktop/SystolicArrayProj/SystolicArrayProj.gen/sources_1/bd/design_2/ip/design_2_auto_pc_0/design_2_auto_pc_0_ooc.xdc'
INFO: [BD 41-1029] Generation completed for the IP Integrator block ps7_0_axi_periph/s00_couplers/auto_pc .
WARNING: [IP_Flow 19-4994] Overwriting existing constraint file '/home/ali/Desktop/SystolicArrayProj/SystolicArrayProj.gen/sources_1/bd/design_2/ip/design_2_auto_us_0/design_2_auto_us_0_ooc.xdc'
INFO: [IP_Flow 19-5611] Unable to find an associated reset port for the interface 'S_AXI'. A default connection has been created.
INFO: [IP_Flow 19-5611] Unable to find an associated reset port for the interface 'M_AXI'. A default connection has been created.
INFO: [BD 41-1029] Generation completed for the IP Integrator block axi_mem_intercon/s01_couplers/auto_us .
WARNING: [IP_Flow 19-4994] Overwriting existing constraint file '/home/ali/Desktop/SystolicArrayProj/SystolicArrayProj.gen/sources_1/bd/design_2/ip/design_2_auto_us_1/design_2_auto_us_1_ooc.xdc'
INFO: [IP_Flow 19-5611] Unable to find an associated reset port for the interface 'S_AXI'. A default connection has been created.
INFO: [IP_Flow 19-5611] Unable to find an associated reset port for the interface 'M_AXI'. A default connection has been created.
INFO: [BD 41-1029] Generation completed for the IP Integrator block axi_mem_intercon/s02_couplers/auto_us .
WARNING: [IP_Flow 19-4994] Overwriting existing constraint file '/home/ali/Desktop/SystolicArrayProj/SystolicArrayProj.gen/sources_1/bd/design_2/ip/design_2_auto_pc_1/design_2_auto_pc_1_ooc.xdc'
INFO: [BD 41-1029] Generation completed for the IP Integrator block axi_mem_intercon/m00_couplers/auto_pc .
Exporting to file /home/ali/Desktop/SystolicArrayProj/SystolicArrayProj.gen/sources_1/bd/design_2/hw_handoff/design_2.hwh
Generated Hardware Definition File /home/ali/Desktop/SystolicArrayProj/SystolicArrayProj.gen/sources_1/bd/design_2/synth/design_2.hwdef
INFO: [IP_Flow 19-6930] IPCACHE: runCacheChecks() number of threads = 8
INFO: [IP_Flow 19-6921] IPCACHE: Adding cache check func to thread queue for IP design_2_auto_pc_0
INFO: [IP_Flow 19-6921] IPCACHE: Adding cache check func to thread queue for IP design_2_auto_pc_1
INFO: [IP_Flow 19-6921] IPCACHE: Adding cache check func to thread queue for IP design_2_auto_us_0
INFO: [IP_Flow 19-6921] IPCACHE: Adding cache check func to thread queue for IP design_2_auto_us_1
INFO: [IP_Flow 19-6921] IPCACHE: Adding cache check func to thread queue for IP design_2_axi_dma_0_1
INFO: [IP_Flow 19-8020] IPCACHE: runCacheChecks() calling threadPool finishWork()
INFO: [IP_Flow 19-6924] IPCACHE: Running cache check for IP inst: design_2_auto_pc_0
INFO: [IP_Flow 19-6922] IPCACHE: Exporting cached entry cd5183274960e411 to dir: /home/ali/Desktop/SystolicArrayProj/SystolicArrayProj.gen/sources_1/bd/design_2/ip/design_2_auto_pc_0
INFO: [IP_Flow 19-6928] IPCACHE: copied cached file /home/ali/Desktop/SystolicArrayProj/SystolicArrayProj.cache/ip/2022.2/c/d/cd5183274960e411/design_1_auto_pc_0_stub.vhdl to /home/ali/Desktop/SystolicArrayProj/SystolicArrayProj.gen/sources_1/bd/design_2/ip/design_2_auto_pc_0/design_2_auto_pc_0_stub.vhdl.
INFO: [IP_Flow 19-6926] IPCACHE: added file to list for BOM: /home/ali/Desktop/SystolicArrayProj/SystolicArrayProj.gen/sources_1/bd/design_2/ip/design_2_auto_pc_0/design_2_auto_pc_0_stub.vhdl
INFO: [IP_Flow 19-6928] IPCACHE: copied cached file /home/ali/Desktop/SystolicArrayProj/SystolicArrayProj.cache/ip/2022.2/c/d/cd5183274960e411/design_1_auto_pc_0_sim_netlist.vhdl to /home/ali/Desktop/SystolicArrayProj/SystolicArrayProj.gen/sources_1/bd/design_2/ip/design_2_auto_pc_0/design_2_auto_pc_0_sim_netlist.vhdl.
INFO: [IP_Flow 19-6926] IPCACHE: added file to list for BOM: /home/ali/Desktop/SystolicArrayProj/SystolicArrayProj.gen/sources_1/bd/design_2/ip/design_2_auto_pc_0/design_2_auto_pc_0_sim_netlist.vhdl
INFO: [IP_Flow 19-6928] IPCACHE: copied cached file /home/ali/Desktop/SystolicArrayProj/SystolicArrayProj.cache/ip/2022.2/c/d/cd5183274960e411/design_1_auto_pc_0_stub.v to /home/ali/Desktop/SystolicArrayProj/SystolicArrayProj.gen/sources_1/bd/design_2/ip/design_2_auto_pc_0/design_2_auto_pc_0_stub.v.
INFO: [IP_Flow 19-6926] IPCACHE: added file to list for BOM: /home/ali/Desktop/SystolicArrayProj/SystolicArrayProj.gen/sources_1/bd/design_2/ip/design_2_auto_pc_0/design_2_auto_pc_0_stub.v
INFO: [IP_Flow 19-6928] IPCACHE: copied cached file /home/ali/Desktop/SystolicArrayProj/SystolicArrayProj.cache/ip/2022.2/c/d/cd5183274960e411/design_1_auto_pc_0.dcp to /home/ali/Desktop/SystolicArrayProj/SystolicArrayProj.gen/sources_1/bd/design_2/ip/design_2_auto_pc_0/design_2_auto_pc_0.dcp.
INFO: [IP_Flow 19-6926] IPCACHE: added file to list for BOM: /home/ali/Desktop/SystolicArrayProj/SystolicArrayProj.gen/sources_1/bd/design_2/ip/design_2_auto_pc_0/design_2_auto_pc_0.dcp
INFO: [IP_Flow 19-6928] IPCACHE: copied cached file /home/ali/Desktop/SystolicArrayProj/SystolicArrayProj.cache/ip/2022.2/c/d/cd5183274960e411/design_1_auto_pc_0_sim_netlist.v to /home/ali/Desktop/SystolicArrayProj/SystolicArrayProj.gen/sources_1/bd/design_2/ip/design_2_auto_pc_0/design_2_auto_pc_0_sim_netlist.v.
INFO: [IP_Flow 19-6926] IPCACHE: added file to list for BOM: /home/ali/Desktop/SystolicArrayProj/SystolicArrayProj.gen/sources_1/bd/design_2/ip/design_2_auto_pc_0/design_2_auto_pc_0_sim_netlist.v
INFO: [IP_Flow 19-4993] Using cached IP synthesis design for IP design_2_auto_pc_0, cache-ID = cd5183274960e411; cache size = 219.742 MB.
INFO: [IP_Flow 19-6924] IPCACHE: Running cache check for IP inst: design_2_auto_pc_1
INFO: [IP_Flow 19-6922] IPCACHE: Exporting cached entry ec0a01b00ab8feea to dir: /home/ali/Desktop/SystolicArrayProj/SystolicArrayProj.gen/sources_1/bd/design_2/ip/design_2_auto_pc_1
INFO: [IP_Flow 19-6928] IPCACHE: copied cached file /home/ali/Desktop/SystolicArrayProj/SystolicArrayProj.cache/ip/2022.2/e/c/ec0a01b00ab8feea/design_2_auto_pc_2.dcp to /home/ali/Desktop/SystolicArrayProj/SystolicArrayProj.gen/sources_1/bd/design_2/ip/design_2_auto_pc_1/design_2_auto_pc_1.dcp.
INFO: [IP_Flow 19-6926] IPCACHE: added file to list for BOM: /home/ali/Desktop/SystolicArrayProj/SystolicArrayProj.gen/sources_1/bd/design_2/ip/design_2_auto_pc_1/design_2_auto_pc_1.dcp
INFO: [IP_Flow 19-6928] IPCACHE: copied cached file /home/ali/Desktop/SystolicArrayProj/SystolicArrayProj.cache/ip/2022.2/e/c/ec0a01b00ab8feea/design_2_auto_pc_2_stub.v to /home/ali/Desktop/SystolicArrayProj/SystolicArrayProj.gen/sources_1/bd/design_2/ip/design_2_auto_pc_1/design_2_auto_pc_1_stub.v.
INFO: [IP_Flow 19-6926] IPCACHE: added file to list for BOM: /home/ali/Desktop/SystolicArrayProj/SystolicArrayProj.gen/sources_1/bd/design_2/ip/design_2_auto_pc_1/design_2_auto_pc_1_stub.v
INFO: [IP_Flow 19-6928] IPCACHE: copied cached file /home/ali/Desktop/SystolicArrayProj/SystolicArrayProj.cache/ip/2022.2/e/c/ec0a01b00ab8feea/design_2_auto_pc_2_stub.vhdl to /home/ali/Desktop/SystolicArrayProj/SystolicArrayProj.gen/sources_1/bd/design_2/ip/design_2_auto_pc_1/design_2_auto_pc_1_stub.vhdl.
INFO: [IP_Flow 19-6926] IPCACHE: added file to list for BOM: /home/ali/Desktop/SystolicArrayProj/SystolicArrayProj.gen/sources_1/bd/design_2/ip/design_2_auto_pc_1/design_2_auto_pc_1_stub.vhdl
INFO: [IP_Flow 19-6928] IPCACHE: copied cached file /home/ali/Desktop/SystolicArrayProj/SystolicArrayProj.cache/ip/2022.2/e/c/ec0a01b00ab8feea/design_2_auto_pc_2_sim_netlist.vhdl to /home/ali/Desktop/SystolicArrayProj/SystolicArrayProj.gen/sources_1/bd/design_2/ip/design_2_auto_pc_1/design_2_auto_pc_1_sim_netlist.vhdl.
INFO: [IP_Flow 19-6926] IPCACHE: added file to list for BOM: /home/ali/Desktop/SystolicArrayProj/SystolicArrayProj.gen/sources_1/bd/design_2/ip/design_2_auto_pc_1/design_2_auto_pc_1_sim_netlist.vhdl
INFO: [IP_Flow 19-6928] IPCACHE: copied cached file /home/ali/Desktop/SystolicArrayProj/SystolicArrayProj.cache/ip/2022.2/e/c/ec0a01b00ab8feea/design_2_auto_pc_2_sim_netlist.v to /home/ali/Desktop/SystolicArrayProj/SystolicArrayProj.gen/sources_1/bd/design_2/ip/design_2_auto_pc_1/design_2_auto_pc_1_sim_netlist.v.
INFO: [IP_Flow 19-6926] IPCACHE: added file to list for BOM: /home/ali/Desktop/SystolicArrayProj/SystolicArrayProj.gen/sources_1/bd/design_2/ip/design_2_auto_pc_1/design_2_auto_pc_1_sim_netlist.v
INFO: [IP_Flow 19-4993] Using cached IP synthesis design for IP design_2_auto_pc_1, cache-ID = ec0a01b00ab8feea; cache size = 219.742 MB.
INFO: [IP_Flow 19-6924] IPCACHE: Running cache check for IP inst: design_2_auto_us_0
INFO: [IP_Flow 19-6922] IPCACHE: Exporting cached entry 6ab4e7823a7c7dc2 to dir: /home/ali/Desktop/SystolicArrayProj/SystolicArrayProj.gen/sources_1/bd/design_2/ip/design_2_auto_us_0
INFO: [IP_Flow 19-6928] IPCACHE: copied cached file /home/ali/Desktop/SystolicArrayProj/SystolicArrayProj.cache/ip/2022.2/6/a/6ab4e7823a7c7dc2/design_2_auto_us_1_stub.v to /home/ali/Desktop/SystolicArrayProj/SystolicArrayProj.gen/sources_1/bd/design_2/ip/design_2_auto_us_0/design_2_auto_us_0_stub.v.
INFO: [IP_Flow 19-6926] IPCACHE: added file to list for BOM: /home/ali/Desktop/SystolicArrayProj/SystolicArrayProj.gen/sources_1/bd/design_2/ip/design_2_auto_us_0/design_2_auto_us_0_stub.v
INFO: [IP_Flow 19-6928] IPCACHE: copied cached file /home/ali/Desktop/SystolicArrayProj/SystolicArrayProj.cache/ip/2022.2/6/a/6ab4e7823a7c7dc2/design_2_auto_us_1_sim_netlist.vhdl to /home/ali/Desktop/SystolicArrayProj/SystolicArrayProj.gen/sources_1/bd/design_2/ip/design_2_auto_us_0/design_2_auto_us_0_sim_netlist.vhdl.
INFO: [IP_Flow 19-6926] IPCACHE: added file to list for BOM: /home/ali/Desktop/SystolicArrayProj/SystolicArrayProj.gen/sources_1/bd/design_2/ip/design_2_auto_us_0/design_2_auto_us_0_sim_netlist.vhdl
INFO: [IP_Flow 19-6928] IPCACHE: copied cached file /home/ali/Desktop/SystolicArrayProj/SystolicArrayProj.cache/ip/2022.2/6/a/6ab4e7823a7c7dc2/design_2_auto_us_1_sim_netlist.v to /home/ali/Desktop/SystolicArrayProj/SystolicArrayProj.gen/sources_1/bd/design_2/ip/design_2_auto_us_0/design_2_auto_us_0_sim_netlist.v.
INFO: [IP_Flow 19-6926] IPCACHE: added file to list for BOM: /home/ali/Desktop/SystolicArrayProj/SystolicArrayProj.gen/sources_1/bd/design_2/ip/design_2_auto_us_0/design_2_auto_us_0_sim_netlist.v
INFO: [IP_Flow 19-6928] IPCACHE: copied cached file /home/ali/Desktop/SystolicArrayProj/SystolicArrayProj.cache/ip/2022.2/6/a/6ab4e7823a7c7dc2/design_2_auto_us_1.dcp to /home/ali/Desktop/SystolicArrayProj/SystolicArrayProj.gen/sources_1/bd/design_2/ip/design_2_auto_us_0/design_2_auto_us_0.dcp.
INFO: [IP_Flow 19-6926] IPCACHE: added file to list for BOM: /home/ali/Desktop/SystolicArrayProj/SystolicArrayProj.gen/sources_1/bd/design_2/ip/design_2_auto_us_0/design_2_auto_us_0.dcp
INFO: [IP_Flow 19-6928] IPCACHE: copied cached file /home/ali/Desktop/SystolicArrayProj/SystolicArrayProj.cache/ip/2022.2/6/a/6ab4e7823a7c7dc2/design_2_auto_us_1_stub.vhdl to /home/ali/Desktop/SystolicArrayProj/SystolicArrayProj.gen/sources_1/bd/design_2/ip/design_2_auto_us_0/design_2_auto_us_0_stub.vhdl.
INFO: [IP_Flow 19-6926] IPCACHE: added file to list for BOM: /home/ali/Desktop/SystolicArrayProj/SystolicArrayProj.gen/sources_1/bd/design_2/ip/design_2_auto_us_0/design_2_auto_us_0_stub.vhdl
INFO: [IP_Flow 19-4993] Using cached IP synthesis design for IP design_2_auto_us_0, cache-ID = 6ab4e7823a7c7dc2; cache size = 219.742 MB.
INFO: [IP_Flow 19-6924] IPCACHE: Running cache check for IP inst: design_2_auto_us_1
INFO: [IP_Flow 19-6922] IPCACHE: Exporting cached entry 61476e044f87a874 to dir: /home/ali/Desktop/SystolicArrayProj/SystolicArrayProj.gen/sources_1/bd/design_2/ip/design_2_auto_us_1
INFO: [IP_Flow 19-6928] IPCACHE: copied cached file /home/ali/Desktop/SystolicArrayProj/SystolicArrayProj.cache/ip/2022.2/6/1/61476e044f87a874/design_2_auto_us_2_stub.vhdl to /home/ali/Desktop/SystolicArrayProj/SystolicArrayProj.gen/sources_1/bd/design_2/ip/design_2_auto_us_1/design_2_auto_us_1_stub.vhdl.
INFO: [IP_Flow 19-6926] IPCACHE: added file to list for BOM: /home/ali/Desktop/SystolicArrayProj/SystolicArrayProj.gen/sources_1/bd/design_2/ip/design_2_auto_us_1/design_2_auto_us_1_stub.vhdl
INFO: [IP_Flow 19-6928] IPCACHE: copied cached file /home/ali/Desktop/SystolicArrayProj/SystolicArrayProj.cache/ip/2022.2/6/1/61476e044f87a874/design_2_auto_us_2_sim_netlist.vhdl to /home/ali/Desktop/SystolicArrayProj/SystolicArrayProj.gen/sources_1/bd/design_2/ip/design_2_auto_us_1/design_2_auto_us_1_sim_netlist.vhdl.
INFO: [IP_Flow 19-6926] IPCACHE: added file to list for BOM: /home/ali/Desktop/SystolicArrayProj/SystolicArrayProj.gen/sources_1/bd/design_2/ip/design_2_auto_us_1/design_2_auto_us_1_sim_netlist.vhdl
INFO: [IP_Flow 19-6928] IPCACHE: copied cached file /home/ali/Desktop/SystolicArrayProj/SystolicArrayProj.cache/ip/2022.2/6/1/61476e044f87a874/design_2_auto_us_2.dcp to /home/ali/Desktop/SystolicArrayProj/SystolicArrayProj.gen/sources_1/bd/design_2/ip/design_2_auto_us_1/design_2_auto_us_1.dcp.
INFO: [IP_Flow 19-6926] IPCACHE: added file to list for BOM: /home/ali/Desktop/SystolicArrayProj/SystolicArrayProj.gen/sources_1/bd/design_2/ip/design_2_auto_us_1/design_2_auto_us_1.dcp
INFO: [IP_Flow 19-6928] IPCACHE: copied cached file /home/ali/Desktop/SystolicArrayProj/SystolicArrayProj.cache/ip/2022.2/6/1/61476e044f87a874/design_2_auto_us_2_stub.v to /home/ali/Desktop/SystolicArrayProj/SystolicArrayProj.gen/sources_1/bd/design_2/ip/design_2_auto_us_1/design_2_auto_us_1_stub.v.
INFO: [IP_Flow 19-6926] IPCACHE: added file to list for BOM: /home/ali/Desktop/SystolicArrayProj/SystolicArrayProj.gen/sources_1/bd/design_2/ip/design_2_auto_us_1/design_2_auto_us_1_stub.v
INFO: [IP_Flow 19-6928] IPCACHE: copied cached file /home/ali/Desktop/SystolicArrayProj/SystolicArrayProj.cache/ip/2022.2/6/1/61476e044f87a874/design_2_auto_us_2_sim_netlist.v to /home/ali/Desktop/SystolicArrayProj/SystolicArrayProj.gen/sources_1/bd/design_2/ip/design_2_auto_us_1/design_2_auto_us_1_sim_netlist.v.
INFO: [IP_Flow 19-6926] IPCACHE: added file to list for BOM: /home/ali/Desktop/SystolicArrayProj/SystolicArrayProj.gen/sources_1/bd/design_2/ip/design_2_auto_us_1/design_2_auto_us_1_sim_netlist.v
INFO: [IP_Flow 19-4993] Using cached IP synthesis design for IP design_2_auto_us_1, cache-ID = 61476e044f87a874; cache size = 219.742 MB.
INFO: [IP_Flow 19-6924] IPCACHE: Running cache check for IP inst: design_2_axi_dma_0_1
INFO: [IP_Flow 19-6922] IPCACHE: Exporting cached entry 4e07766a27aad33b to dir: /home/ali/Desktop/SystolicArrayProj/SystolicArrayProj.gen/sources_1/bd/design_2/ip/design_2_axi_dma_0_1
INFO: [IP_Flow 19-6928] IPCACHE: copied cached file /home/ali/Desktop/SystolicArrayProj/SystolicArrayProj.cache/ip/2022.2/4/e/4e07766a27aad33b/design_2_axi_dma_0_0.dcp to /home/ali/Desktop/SystolicArrayProj/SystolicArrayProj.gen/sources_1/bd/design_2/ip/design_2_axi_dma_0_1/design_2_axi_dma_0_1.dcp.
INFO: [IP_Flow 19-6926] IPCACHE: added file to list for BOM: /home/ali/Desktop/SystolicArrayProj/SystolicArrayProj.gen/sources_1/bd/design_2/ip/design_2_axi_dma_0_1/design_2_axi_dma_0_1.dcp
INFO: [IP_Flow 19-6928] IPCACHE: copied cached file /home/ali/Desktop/SystolicArrayProj/SystolicArrayProj.cache/ip/2022.2/4/e/4e07766a27aad33b/design_2_axi_dma_0_0_sim_netlist.v to /home/ali/Desktop/SystolicArrayProj/SystolicArrayProj.gen/sources_1/bd/design_2/ip/design_2_axi_dma_0_1/design_2_axi_dma_0_1_sim_netlist.v.
INFO: [IP_Flow 19-6926] IPCACHE: added file to list for BOM: /home/ali/Desktop/SystolicArrayProj/SystolicArrayProj.gen/sources_1/bd/design_2/ip/design_2_axi_dma_0_1/design_2_axi_dma_0_1_sim_netlist.v
INFO: [IP_Flow 19-6928] IPCACHE: copied cached file /home/ali/Desktop/SystolicArrayProj/SystolicArrayProj.cache/ip/2022.2/4/e/4e07766a27aad33b/design_2_axi_dma_0_0_stub.v to /home/ali/Desktop/SystolicArrayProj/SystolicArrayProj.gen/sources_1/bd/design_2/ip/design_2_axi_dma_0_1/design_2_axi_dma_0_1_stub.v.
INFO: [IP_Flow 19-6926] IPCACHE: added file to list for BOM: /home/ali/Desktop/SystolicArrayProj/SystolicArrayProj.gen/sources_1/bd/design_2/ip/design_2_axi_dma_0_1/design_2_axi_dma_0_1_stub.v
INFO: [IP_Flow 19-6928] IPCACHE: copied cached file /home/ali/Desktop/SystolicArrayProj/SystolicArrayProj.cache/ip/2022.2/4/e/4e07766a27aad33b/design_2_axi_dma_0_0_stub.vhdl to /home/ali/Desktop/SystolicArrayProj/SystolicArrayProj.gen/sources_1/bd/design_2/ip/design_2_axi_dma_0_1/design_2_axi_dma_0_1_stub.vhdl.
INFO: [IP_Flow 19-6926] IPCACHE: added file to list for BOM: /home/ali/Desktop/SystolicArrayProj/SystolicArrayProj.gen/sources_1/bd/design_2/ip/design_2_axi_dma_0_1/design_2_axi_dma_0_1_stub.vhdl
INFO: [IP_Flow 19-6928] IPCACHE: copied cached file /home/ali/Desktop/SystolicArrayProj/SystolicArrayProj.cache/ip/2022.2/4/e/4e07766a27aad33b/design_2_axi_dma_0_0_sim_netlist.vhdl to /home/ali/Desktop/SystolicArrayProj/SystolicArrayProj.gen/sources_1/bd/design_2/ip/design_2_axi_dma_0_1/design_2_axi_dma_0_1_sim_netlist.vhdl.
INFO: [IP_Flow 19-6926] IPCACHE: added file to list for BOM: /home/ali/Desktop/SystolicArrayProj/SystolicArrayProj.gen/sources_1/bd/design_2/ip/design_2_axi_dma_0_1/design_2_axi_dma_0_1_sim_netlist.vhdl
INFO: [IP_Flow 19-4993] Using cached IP synthesis design for IP design_2_axi_dma_0_1, cache-ID = 4e07766a27aad33b; cache size = 219.742 MB.
[Sat May 23 21:26:59 2026] Launched synth_1...
Run output will be captured here: /home/ali/Desktop/SystolicArrayProj/SystolicArrayProj.runs/synth_1/runme.log
launch_runs: Time (s): cpu = 00:00:07 ; elapsed = 00:00:05 . Memory (MB): peak = 9333.426 ; gain = 44.871 ; free physical = 6381 ; free virtual = 10474
launch_runs impl_1 -jobs 14
[Sat May 23 21:27:34 2026] Launched impl_1...
Run output will be captured here: /home/ali/Desktop/SystolicArrayProj/SystolicArrayProj.runs/impl_1/runme.log
regenerate_bd_layout
launch_runs impl_1 -to_step write_bitstream -jobs 14
[Sat May 23 21:28:34 2026] Launched impl_1...
Run output will be captured here: /home/ali/Desktop/SystolicArrayProj/SystolicArrayProj.runs/impl_1/runme.log
open_run impl_1
INFO: [Device 21-403] Loading part xc7z020clg400-1
Netlist sorting complete. Time (s): cpu = 00:00:00.08 ; elapsed = 00:00:00.08 . Memory (MB): peak = 9368.609 ; gain = 0.000 ; free physical = 5840 ; free virtual = 10061
INFO: [Netlist 29-17] Analyzing 97 Unisim elements for replacement
INFO: [Netlist 29-28] Unisim Transformation completed in 0 CPU seconds
INFO: [Project 1-479] Netlist was created with Vivado 2022.2
INFO: [Project 1-570] Preparing netlist for logic optimization
INFO: [Timing 38-478] Restoring timing data from binary archive.
INFO: [Timing 38-479] Binary timing data restore complete.
INFO: [Project 1-856] Restoring constraints from binary archive.
INFO: [Project 1-853] Binary constraint restore complete.
Reading XDEF placement.
Reading placer database...
Reading XDEF routing.
Read XDEF Files: Time (s): cpu = 00:00:00.43 ; elapsed = 00:00:00.43 . Memory (MB): peak = 9862.957 ; gain = 0.000 ; free physical = 5264 ; free virtual = 9497
Restored from archive | CPU: 0.440000 secs | Memory: 6.833656 MB |
Finished XDEF File Restore: Time (s): cpu = 00:00:00.43 ; elapsed = 00:00:00.43 . Memory (MB): peak = 9862.957 ; gain = 0.000 ; free physical = 5264 ; free virtual = 9497
Netlist sorting complete. Time (s): cpu = 00:00:00 ; elapsed = 00:00:00 . Memory (MB): peak = 9862.957 ; gain = 0.000 ; free physical = 5264 ; free virtual = 9497
INFO: [Project 1-111] Unisim Transformation Summary:
  A total of 8 instances were transformed.
  RAM32M => RAM32M (RAMD32(x6), RAMS32(x2)): 4 instances
  RAM32X1D => RAM32X1D (RAMD32(x2)): 1 instance 
  SRLC32E => SRL16E: 3 instances

open_run: Time (s): cpu = 00:00:18 ; elapsed = 00:00:11 . Memory (MB): peak = 10116.566 ; gain = 747.957 ; free physical = 5073 ; free virtual = 9322
close_design
open_bd_design {/home/ali/Desktop/SystolicArrayProj/SystolicArrayProj.srcs/sources_1/bd/design_2/design_2.bd}
startgroup
create_bd_cell -type ip -vlnv xilinx.com:ip:smartconnect:1.0 smartconnect_0
endgroup
delete_bd_objs [get_bd_intf_nets axi_dma_0_M_AXI_MM2S] [get_bd_intf_nets axi_dma_0_M_AXI_S2MM] [get_bd_intf_nets axi_mem_intercon_M00_AXI] [get_bd_cells axi_mem_intercon]
apply_bd_automation -rule xilinx.com:bd_rule:axi4 -config { Clk_master {/processing_system7_0/FCLK_CLK0 (100 MHz)} Clk_slave {/processing_system7_0/FCLK_CLK0 (100 MHz)} Clk_xbar {/processing_system7_0/FCLK_CLK0 (100 MHz)} Master {/axi_dma_0/M_AXI_MM2S} Slave {/processing_system7_0/S_AXI_HP0} ddr_seg {Auto} intc_ip {New AXI Interconnect} master_apm {0}}  [get_bd_intf_pins processing_system7_0/S_AXI_HP0]
undo
INFO: [Common 17-17] undo 'apply_bd_automation -rule xilinx.com:bd_rule:axi4 -config { Clk_master {/processing_system7_0/FCLK_CLK0 (100 MHz)} Clk_slave {/processing_system7_0/FCLK_CLK0 (100 MHz)} Clk_xbar {/processing_system7_0/FCLK_CLK0 (100 MHz)} Master {/axi_dma_0/M_AXI_MM2S} Slave {/processing_system7_0/S_AXI_HP0} ddr_seg {Auto} intc_ip {New AXI Interconnect} master_apm {0}}  [get_bd_intf_pins processing_system7_0/S_AXI_HP0]'
undo
INFO: [Common 17-17] undo 'delete_bd_objs [get_bd_intf_nets axi_dma_0_M_AXI_MM2S] [get_bd_intf_nets axi_dma_0_M_AXI_S2MM] [get_bd_intf_nets axi_mem_intercon_M00_AXI] [get_bd_cells axi_mem_intercon]'
startgroup
set_property -dict [list \
  CONFIG.NUM_MI {1} \
  CONFIG.NUM_SI {2} \
] [get_bd_cells axi_mem_intercon]
delete_bd_objs [get_bd_intf_nets axi_dma_0_M_AXI_S2MM]
endgroup
apply_bd_automation -rule xilinx.com:bd_rule:axi4 -config { Clk_master {/processing_system7_0/FCLK_CLK0 (100 MHz)} Clk_slave {/processing_system7_0/FCLK_CLK0 (100 MHz)} Clk_xbar {/processing_system7_0/FCLK_CLK0 (100 MHz)} Master {/axi_dma_0/M_AXI_S2MM} Slave {/processing_system7_0/S_AXI_HP0} ddr_seg {Auto} intc_ip {/axi_mem_intercon} master_apm {0}}  [get_bd_intf_pins axi_dma_0/M_AXI_S2MM]
Slave segment '/processing_system7_0/S_AXI_HP0/HP0_DDR_LOWOCM' is being assigned into address space '/axi_dma_0/Data_MM2S' at <0x0000_0000 [ 512M ]>.
Slave segment '/processing_system7_0/S_AXI_HP0/HP0_DDR_LOWOCM' is being assigned into address space '/axi_dma_0/Data_S2MM' at <0x0000_0000 [ 512M ]>.
set_property location {5 1477 144} [get_bd_cells smartconnect_0]
delete_bd_objs [get_bd_intf_nets axi_dma_0_M_AXI_MM2S] [get_bd_intf_nets axi_mem_intercon_M00_AXI] [get_bd_intf_nets axi_dma_0_M_AXI_S2MM] [get_bd_cells axi_mem_intercon]
connect_bd_intf_net [get_bd_intf_pins axi_dma_0/M_AXI_MM2S] [get_bd_intf_pins smartconnect_0/S00_AXI]
connect_bd_intf_net [get_bd_intf_pins axi_dma_0/M_AXI_S2MM] [get_bd_intf_pins smartconnect_0/S01_AXI]
apply_bd_automation -rule xilinx.com:bd_rule:axi4 -config { Clk_master {/processing_system7_0/FCLK_CLK0 (100 MHz)} Clk_slave {/processing_system7_0/FCLK_CLK0 (100 MHz)} Clk_xbar {/processing_system7_0/FCLK_CLK0 (100 MHz)} Master {/axi_dma_0/M_AXI_MM2S} Slave {/processing_system7_0/S_AXI_HP0} ddr_seg {Auto} intc_ip {/smartconnect_0} master_apm {0}}  [get_bd_intf_pins processing_system7_0/S_AXI_HP0]
validate_bd_design
WARNING: [BD 41-702] Propagation TCL tries to overwrite USER strength parameter PCW_M_AXI_GP0_FREQMHZ(10) on '/processing_system7_0' with propagated value(100). Command ignored
WARNING: [BD 41-702] Propagation TCL tries to overwrite USER strength parameter PCW_S_AXI_HP0_FREQMHZ(10) on '/processing_system7_0' with propagated value(100). Command ignored
INFO: [xilinx.com:ip:smartconnect:1.0-1] design_2_smartconnect_0_0: SmartConnect design_2_smartconnect_0_0 is in High-performance Mode.
INFO: [Ipptcl 7-1463] No Compatible Board Interface found. Board Tab not created in customize GUI
regenerate_bd_layout
make_wrapper -files [get_files /home/ali/Desktop/SystolicArrayProj/SystolicArrayProj.srcs/sources_1/bd/design_2/design_2.bd] -top
INFO: [BD 41-1662] The design 'design_2.bd' is already validated. Therefore parameter propagation will not be re-run.
Wrote  : </home/ali/Desktop/SystolicArrayProj/SystolicArrayProj.srcs/sources_1/bd/design_2/design_2.bd> 
Wrote  : </home/ali/Desktop/SystolicArrayProj/SystolicArrayProj.srcs/sources_1/bd/design_2/ui/bd_1fdbff51.ui> 
Verilog Output written to : /home/ali/Desktop/SystolicArrayProj/SystolicArrayProj.gen/sources_1/bd/design_2/synth/design_2.v
Verilog Output written to : /home/ali/Desktop/SystolicArrayProj/SystolicArrayProj.gen/sources_1/bd/design_2/sim/design_2.v
Verilog Output written to : /home/ali/Desktop/SystolicArrayProj/SystolicArrayProj.gen/sources_1/bd/design_2/hdl/design_2_wrapper.v
reset_run synth_1
INFO: [Project 1-1161] Replacing file /home/ali/Desktop/SystolicArrayProj/SystolicArrayProj.srcs/utils_1/imports/synth_1/design_1_wrapper.dcp with file /home/ali/Desktop/SystolicArrayProj/SystolicArrayProj.runs/synth_1/design_2_wrapper.dcp
launch_runs synth_1 -jobs 14
INFO: [BD 41-1662] The design 'design_2.bd' is already validated. Therefore parameter propagation will not be re-run.
Wrote  : </home/ali/Desktop/SystolicArrayProj/SystolicArrayProj.srcs/sources_1/bd/design_2/ui/bd_1fdbff51.ui> 
Verilog Output written to : /home/ali/Desktop/SystolicArrayProj/SystolicArrayProj.gen/sources_1/bd/design_2/synth/design_2.v
Verilog Output written to : /home/ali/Desktop/SystolicArrayProj/SystolicArrayProj.gen/sources_1/bd/design_2/sim/design_2.v
Verilog Output written to : /home/ali/Desktop/SystolicArrayProj/SystolicArrayProj.gen/sources_1/bd/design_2/hdl/design_2_wrapper.v
INFO: [IP_Flow 19-5611] Unable to find an associated reset port for the interface 'M_AXI_GP0'. A default connection has been created.
INFO: [IP_Flow 19-5611] Unable to find an associated reset port for the interface 'S_AXI_HP0'. A default connection has been created.
INFO: [BD 41-1029] Generation completed for the IP Integrator block processing_system7_0 .
WARNING: [IP_Flow 19-4994] Overwriting existing constraint file '/home/ali/Desktop/SystolicArrayProj/SystolicArrayProj.gen/sources_1/bd/design_2/ip/design_2_auto_pc_0/design_2_auto_pc_0_ooc.xdc'
INFO: [BD 41-1029] Generation completed for the IP Integrator block ps7_0_axi_periph/s00_couplers/auto_pc .
Exporting to file /home/ali/Desktop/SystolicArrayProj/SystolicArrayProj.gen/sources_1/bd/design_2/ip/design_2_smartconnect_0_0/bd_0/hw_handoff/design_2_smartconnect_0_0.hwh
Generated Hardware Definition File /home/ali/Desktop/SystolicArrayProj/SystolicArrayProj.gen/sources_1/bd/design_2/ip/design_2_smartconnect_0_0/bd_0/synth/design_2_smartconnect_0_0.hwdef
INFO: [BD 41-1029] Generation completed for the IP Integrator block smartconnect_0 .
Exporting to file /home/ali/Desktop/SystolicArrayProj/SystolicArrayProj.gen/sources_1/bd/design_2/hw_handoff/design_2.hwh
Generated Hardware Definition File /home/ali/Desktop/SystolicArrayProj/SystolicArrayProj.gen/sources_1/bd/design_2/synth/design_2.hwdef
INFO: [IP_Flow 19-6930] IPCACHE: runCacheChecks() number of threads = 8
INFO: [IP_Flow 19-6921] IPCACHE: Adding cache check func to thread queue for IP design_2_auto_pc_0
INFO: [IP_Flow 19-6921] IPCACHE: Adding cache check func to thread queue for IP design_2_smartconnect_0_0
INFO: [IP_Flow 19-8020] IPCACHE: runCacheChecks() calling threadPool finishWork()
INFO: [IP_Flow 19-6924] IPCACHE: Running cache check for IP inst: design_2_auto_pc_0
INFO: [IP_Flow 19-6922] IPCACHE: Exporting cached entry cd5183274960e411 to dir: /home/ali/Desktop/SystolicArrayProj/SystolicArrayProj.gen/sources_1/bd/design_2/ip/design_2_auto_pc_0
INFO: [IP_Flow 19-6928] IPCACHE: copied cached file /home/ali/Desktop/SystolicArrayProj/SystolicArrayProj.cache/ip/2022.2/c/d/cd5183274960e411/design_1_auto_pc_0_stub.vhdl to /home/ali/Desktop/SystolicArrayProj/SystolicArrayProj.gen/sources_1/bd/design_2/ip/design_2_auto_pc_0/design_2_auto_pc_0_stub.vhdl.
INFO: [IP_Flow 19-6926] IPCACHE: added file to list for BOM: /home/ali/Desktop/SystolicArrayProj/SystolicArrayProj.gen/sources_1/bd/design_2/ip/design_2_auto_pc_0/design_2_auto_pc_0_stub.vhdl
INFO: [IP_Flow 19-6928] IPCACHE: copied cached file /home/ali/Desktop/SystolicArrayProj/SystolicArrayProj.cache/ip/2022.2/c/d/cd5183274960e411/design_1_auto_pc_0_sim_netlist.vhdl to /home/ali/Desktop/SystolicArrayProj/SystolicArrayProj.gen/sources_1/bd/design_2/ip/design_2_auto_pc_0/design_2_auto_pc_0_sim_netlist.vhdl.
INFO: [IP_Flow 19-6926] IPCACHE: added file to list for BOM: /home/ali/Desktop/SystolicArrayProj/SystolicArrayProj.gen/sources_1/bd/design_2/ip/design_2_auto_pc_0/design_2_auto_pc_0_sim_netlist.vhdl
INFO: [IP_Flow 19-6928] IPCACHE: copied cached file /home/ali/Desktop/SystolicArrayProj/SystolicArrayProj.cache/ip/2022.2/c/d/cd5183274960e411/design_1_auto_pc_0_stub.v to /home/ali/Desktop/SystolicArrayProj/SystolicArrayProj.gen/sources_1/bd/design_2/ip/design_2_auto_pc_0/design_2_auto_pc_0_stub.v.
INFO: [IP_Flow 19-6926] IPCACHE: added file to list for BOM: /home/ali/Desktop/SystolicArrayProj/SystolicArrayProj.gen/sources_1/bd/design_2/ip/design_2_auto_pc_0/design_2_auto_pc_0_stub.v
INFO: [IP_Flow 19-6928] IPCACHE: copied cached file /home/ali/Desktop/SystolicArrayProj/SystolicArrayProj.cache/ip/2022.2/c/d/cd5183274960e411/design_1_auto_pc_0.dcp to /home/ali/Desktop/SystolicArrayProj/SystolicArrayProj.gen/sources_1/bd/design_2/ip/design_2_auto_pc_0/design_2_auto_pc_0.dcp.
INFO: [IP_Flow 19-6926] IPCACHE: added file to list for BOM: /home/ali/Desktop/SystolicArrayProj/SystolicArrayProj.gen/sources_1/bd/design_2/ip/design_2_auto_pc_0/design_2_auto_pc_0.dcp
INFO: [IP_Flow 19-6928] IPCACHE: copied cached file /home/ali/Desktop/SystolicArrayProj/SystolicArrayProj.cache/ip/2022.2/c/d/cd5183274960e411/design_1_auto_pc_0_sim_netlist.v to /home/ali/Desktop/SystolicArrayProj/SystolicArrayProj.gen/sources_1/bd/design_2/ip/design_2_auto_pc_0/design_2_auto_pc_0_sim_netlist.v.
INFO: [IP_Flow 19-6926] IPCACHE: added file to list for BOM: /home/ali/Desktop/SystolicArrayProj/SystolicArrayProj.gen/sources_1/bd/design_2/ip/design_2_auto_pc_0/design_2_auto_pc_0_sim_netlist.v
INFO: [IP_Flow 19-4993] Using cached IP synthesis design for IP design_2_auto_pc_0, cache-ID = cd5183274960e411; cache size = 219.742 MB.
INFO: [IP_Flow 19-6924] IPCACHE: Running cache check for IP inst: design_2_smartconnect_0_0
[Sat May 23 21:38:44 2026] Launched design_2_smartconnect_0_0_synth_1...
Run output will be captured here: /home/ali/Desktop/SystolicArrayProj/SystolicArrayProj.runs/design_2_smartconnect_0_0_synth_1/runme.log
[Sat May 23 21:38:44 2026] Launched synth_1...
Run output will be captured here: /home/ali/Desktop/SystolicArrayProj/SystolicArrayProj.runs/synth_1/runme.log
launch_runs: Time (s): cpu = 00:00:08 ; elapsed = 00:00:07 . Memory (MB): peak = 10465.918 ; gain = 95.000 ; free physical = 4686 ; free virtual = 8996
launch_runs impl_1 -jobs 14
[Sat May 23 21:40:49 2026] Launched impl_1...
Run output will be captured here: /home/ali/Desktop/SystolicArrayProj/SystolicArrayProj.runs/impl_1/runme.log
launch_runs impl_1 -to_step write_bitstream -jobs 14
[Sat May 23 21:42:05 2026] Launched impl_1...
Run output will be captured here: /home/ali/Desktop/SystolicArrayProj/SystolicArrayProj.runs/impl_1/runme.log
set_property offset 0x40400000 [get_bd_addr_segs {processing_system7_0/Data/SEG_axi_dma_0_Reg}]
WARNING: [IP_Flow 19-4318] IP-XACT file does not exist: /home/ali/Desktop/SystolicArray/solution1/impl/ip/component.xml. It will be created.
connect_bd_net [get_bd_pins axis_data_fifo_0/s_axis_aresetn] [get_bd_pins rst_ps7_0_100M/peripheral_aresetn]
update_ip_catalog -rebuild -scan_changes
INFO: [IP_Flow 19-234] Refreshing IP repositories
WARNING: [IP_Flow 19-2248] Failed to load user IP repository '/home/ali/Desktop/SystolicArray/solution1/impl/ip'; Can't find the specified path.
If this directory should no longer be in your list of user repositories, go to the IP Settings dialog and remove it.
report_ip_status -name ip_status
make_wrapper -files [get_files /home/ali/Desktop/SystolicArrayProj/SystolicArrayProj.srcs/sources_1/bd/design_2/design_2.bd] -top
WARNING: [BD 41-702] Propagation TCL tries to overwrite USER strength parameter PCW_M_AXI_GP0_FREQMHZ(10) on '/processing_system7_0' with propagated value(100). Command ignored
WARNING: [BD 41-702] Propagation TCL tries to overwrite USER strength parameter PCW_S_AXI_HP0_FREQMHZ(10) on '/processing_system7_0' with propagated value(100). Command ignored
INFO: [xilinx.com:ip:smartconnect:1.0-1] design_2_smartconnect_0_0: SmartConnect design_2_smartconnect_0_0 is in High-performance Mode.
INFO: [Ipptcl 7-1463] No Compatible Board Interface found. Board Tab not created in customize GUI
Wrote  : </home/ali/Desktop/SystolicArrayProj/SystolicArrayProj.srcs/sources_1/bd/design_2/design_2.bd> 
Wrote  : </home/ali/Desktop/SystolicArrayProj/SystolicArrayProj.srcs/sources_1/bd/design_2/ui/bd_1fdbff51.ui> 
Verilog Output written to : /home/ali/Desktop/SystolicArrayProj/SystolicArrayProj.gen/sources_1/bd/design_2/synth/design_2.v
Verilog Output written to : /home/ali/Desktop/SystolicArrayProj/SystolicArrayProj.gen/sources_1/bd/design_2/sim/design_2.v
Verilog Output written to : /home/ali/Desktop/SystolicArrayProj/SystolicArrayProj.gen/sources_1/bd/design_2/hdl/design_2_wrapper.v
make_wrapper: Time (s): cpu = 00:00:10 ; elapsed = 00:00:09 . Memory (MB): peak = 10531.953 ; gain = 0.000 ; free physical = 3122 ; free virtual = 8110
reset_run design_2_smartconnect_0_0_synth_1
reset_run synth_1
INFO: [Project 1-1161] Replacing file /home/ali/Desktop/SystolicArrayProj/SystolicArrayProj.srcs/utils_1/imports/synth_1/design_1_wrapper.dcp with file /home/ali/Desktop/SystolicArrayProj/SystolicArrayProj.runs/synth_1/design_2_wrapper.dcp
launch_runs synth_1 -jobs 14
INFO: [BD 41-1662] The design 'design_2.bd' is already validated. Therefore parameter propagation will not be re-run.
Verilog Output written to : /home/ali/Desktop/SystolicArrayProj/SystolicArrayProj.gen/sources_1/bd/design_2/synth/design_2.v
Verilog Output written to : /home/ali/Desktop/SystolicArrayProj/SystolicArrayProj.gen/sources_1/bd/design_2/sim/design_2.v
Verilog Output written to : /home/ali/Desktop/SystolicArrayProj/SystolicArrayProj.gen/sources_1/bd/design_2/hdl/design_2_wrapper.v
Exporting to file /home/ali/Desktop/SystolicArrayProj/SystolicArrayProj.gen/sources_1/bd/design_2/ip/design_2_smartconnect_0_0/bd_0/hw_handoff/design_2_smartconnect_0_0.hwh
Generated Hardware Definition File /home/ali/Desktop/SystolicArrayProj/SystolicArrayProj.gen/sources_1/bd/design_2/ip/design_2_smartconnect_0_0/bd_0/synth/design_2_smartconnect_0_0.hwdef
INFO: [BD 41-1029] Generation completed for the IP Integrator block smartconnect_0 .
WARNING: [IP_Flow 19-4994] Overwriting existing constraint file '/home/ali/Desktop/SystolicArrayProj/SystolicArrayProj.gen/sources_1/bd/design_2/ip/design_2_auto_pc_0/design_2_auto_pc_0_ooc.xdc'
INFO: [BD 41-1029] Generation completed for the IP Integrator block ps7_0_axi_periph/s00_couplers/auto_pc .
Exporting to file /home/ali/Desktop/SystolicArrayProj/SystolicArrayProj.gen/sources_1/bd/design_2/hw_handoff/design_2.hwh
Generated Hardware Definition File /home/ali/Desktop/SystolicArrayProj/SystolicArrayProj.gen/sources_1/bd/design_2/synth/design_2.hwdef
INFO: [IP_Flow 19-6930] IPCACHE: runCacheChecks() number of threads = 8
INFO: [IP_Flow 19-6921] IPCACHE: Adding cache check func to thread queue for IP design_2_auto_pc_0
INFO: [IP_Flow 19-6921] IPCACHE: Adding cache check func to thread queue for IP design_2_smartconnect_0_0
INFO: [IP_Flow 19-8020] IPCACHE: runCacheChecks() calling threadPool finishWork()
INFO: [IP_Flow 19-6924] IPCACHE: Running cache check for IP inst: design_2_auto_pc_0
INFO: [IP_Flow 19-6922] IPCACHE: Exporting cached entry cd5183274960e411 to dir: /home/ali/Desktop/SystolicArrayProj/SystolicArrayProj.gen/sources_1/bd/design_2/ip/design_2_auto_pc_0
INFO: [IP_Flow 19-6928] IPCACHE: copied cached file /home/ali/Desktop/SystolicArrayProj/SystolicArrayProj.cache/ip/2022.2/c/d/cd5183274960e411/design_1_auto_pc_0_stub.vhdl to /home/ali/Desktop/SystolicArrayProj/SystolicArrayProj.gen/sources_1/bd/design_2/ip/design_2_auto_pc_0/design_2_auto_pc_0_stub.vhdl.
INFO: [IP_Flow 19-6926] IPCACHE: added file to list for BOM: /home/ali/Desktop/SystolicArrayProj/SystolicArrayProj.gen/sources_1/bd/design_2/ip/design_2_auto_pc_0/design_2_auto_pc_0_stub.vhdl
INFO: [IP_Flow 19-6928] IPCACHE: copied cached file /home/ali/Desktop/SystolicArrayProj/SystolicArrayProj.cache/ip/2022.2/c/d/cd5183274960e411/design_1_auto_pc_0_sim_netlist.vhdl to /home/ali/Desktop/SystolicArrayProj/SystolicArrayProj.gen/sources_1/bd/design_2/ip/design_2_auto_pc_0/design_2_auto_pc_0_sim_netlist.vhdl.
INFO: [IP_Flow 19-6926] IPCACHE: added file to list for BOM: /home/ali/Desktop/SystolicArrayProj/SystolicArrayProj.gen/sources_1/bd/design_2/ip/design_2_auto_pc_0/design_2_auto_pc_0_sim_netlist.vhdl
INFO: [IP_Flow 19-6928] IPCACHE: copied cached file /home/ali/Desktop/SystolicArrayProj/SystolicArrayProj.cache/ip/2022.2/c/d/cd5183274960e411/design_1_auto_pc_0_stub.v to /home/ali/Desktop/SystolicArrayProj/SystolicArrayProj.gen/sources_1/bd/design_2/ip/design_2_auto_pc_0/design_2_auto_pc_0_stub.v.
INFO: [IP_Flow 19-6926] IPCACHE: added file to list for BOM: /home/ali/Desktop/SystolicArrayProj/SystolicArrayProj.gen/sources_1/bd/design_2/ip/design_2_auto_pc_0/design_2_auto_pc_0_stub.v
INFO: [IP_Flow 19-6928] IPCACHE: copied cached file /home/ali/Desktop/SystolicArrayProj/SystolicArrayProj.cache/ip/2022.2/c/d/cd5183274960e411/design_1_auto_pc_0.dcp to /home/ali/Desktop/SystolicArrayProj/SystolicArrayProj.gen/sources_1/bd/design_2/ip/design_2_auto_pc_0/design_2_auto_pc_0.dcp.
INFO: [IP_Flow 19-6926] IPCACHE: added file to list for BOM: /home/ali/Desktop/SystolicArrayProj/SystolicArrayProj.gen/sources_1/bd/design_2/ip/design_2_auto_pc_0/design_2_auto_pc_0.dcp
INFO: [IP_Flow 19-6928] IPCACHE: copied cached file /home/ali/Desktop/SystolicArrayProj/SystolicArrayProj.cache/ip/2022.2/c/d/cd5183274960e411/design_1_auto_pc_0_sim_netlist.v to /home/ali/Desktop/SystolicArrayProj/SystolicArrayProj.gen/sources_1/bd/design_2/ip/design_2_auto_pc_0/design_2_auto_pc_0_sim_netlist.v.
INFO: [IP_Flow 19-6926] IPCACHE: added file to list for BOM: /home/ali/Desktop/SystolicArrayProj/SystolicArrayProj.gen/sources_1/bd/design_2/ip/design_2_auto_pc_0/design_2_auto_pc_0_sim_netlist.v
INFO: [IP_Flow 19-4993] Using cached IP synthesis design for IP design_2_auto_pc_0, cache-ID = cd5183274960e411; cache size = 233.447 MB.
INFO: [IP_Flow 19-6924] IPCACHE: Running cache check for IP inst: design_2_smartconnect_0_0
INFO: [IP_Flow 19-6922] IPCACHE: Exporting cached entry 0b07e4188405fc9f to dir: /home/ali/Desktop/SystolicArrayProj/SystolicArrayProj.gen/sources_1/bd/design_2/ip/design_2_smartconnect_0_0
INFO: [IP_Flow 19-6928] IPCACHE: copied cached file /home/ali/Desktop/SystolicArrayProj/SystolicArrayProj.cache/ip/2022.2/0/b/0b07e4188405fc9f/design_2_smartconnect_0_0_sim_netlist.v to /home/ali/Desktop/SystolicArrayProj/SystolicArrayProj.gen/sources_1/bd/design_2/ip/design_2_smartconnect_0_0/design_2_smartconnect_0_0_sim_netlist.v.
INFO: [IP_Flow 19-6926] IPCACHE: added file to list for BOM: /home/ali/Desktop/SystolicArrayProj/SystolicArrayProj.gen/sources_1/bd/design_2/ip/design_2_smartconnect_0_0/design_2_smartconnect_0_0_sim_netlist.v
INFO: [IP_Flow 19-6928] IPCACHE: copied cached file /home/ali/Desktop/SystolicArrayProj/SystolicArrayProj.cache/ip/2022.2/0/b/0b07e4188405fc9f/design_2_smartconnect_0_0_sim_netlist.vhdl to /home/ali/Desktop/SystolicArrayProj/SystolicArrayProj.gen/sources_1/bd/design_2/ip/design_2_smartconnect_0_0/design_2_smartconnect_0_0_sim_netlist.vhdl.
INFO: [IP_Flow 19-6926] IPCACHE: added file to list for BOM: /home/ali/Desktop/SystolicArrayProj/SystolicArrayProj.gen/sources_1/bd/design_2/ip/design_2_smartconnect_0_0/design_2_smartconnect_0_0_sim_netlist.vhdl
INFO: [IP_Flow 19-6928] IPCACHE: copied cached file /home/ali/Desktop/SystolicArrayProj/SystolicArrayProj.cache/ip/2022.2/0/b/0b07e4188405fc9f/design_2_smartconnect_0_0_stub.v to /home/ali/Desktop/SystolicArrayProj/SystolicArrayProj.gen/sources_1/bd/design_2/ip/design_2_smartconnect_0_0/design_2_smartconnect_0_0_stub.v.
INFO: [IP_Flow 19-6926] IPCACHE: added file to list for BOM: /home/ali/Desktop/SystolicArrayProj/SystolicArrayProj.gen/sources_1/bd/design_2/ip/design_2_smartconnect_0_0/design_2_smartconnect_0_0_stub.v
INFO: [IP_Flow 19-6928] IPCACHE: copied cached file /home/ali/Desktop/SystolicArrayProj/SystolicArrayProj.cache/ip/2022.2/0/b/0b07e4188405fc9f/design_2_smartconnect_0_0.dcp to /home/ali/Desktop/SystolicArrayProj/SystolicArrayProj.gen/sources_1/bd/design_2/ip/design_2_smartconnect_0_0/design_2_smartconnect_0_0.dcp.
INFO: [IP_Flow 19-6926] IPCACHE: added file to list for BOM: /home/ali/Desktop/SystolicArrayProj/SystolicArrayProj.gen/sources_1/bd/design_2/ip/design_2_smartconnect_0_0/design_2_smartconnect_0_0.dcp
INFO: [IP_Flow 19-6928] IPCACHE: copied cached file /home/ali/Desktop/SystolicArrayProj/SystolicArrayProj.cache/ip/2022.2/0/b/0b07e4188405fc9f/design_2_smartconnect_0_0_stub.vhdl to /home/ali/Desktop/SystolicArrayProj/SystolicArrayProj.gen/sources_1/bd/design_2/ip/design_2_smartconnect_0_0/design_2_smartconnect_0_0_stub.vhdl.
INFO: [IP_Flow 19-6926] IPCACHE: added file to list for BOM: /home/ali/Desktop/SystolicArrayProj/SystolicArrayProj.gen/sources_1/bd/design_2/ip/design_2_smartconnect_0_0/design_2_smartconnect_0_0_stub.vhdl
INFO: [IP_Flow 19-4993] Using cached IP synthesis design for IP design_2_smartconnect_0_0, cache-ID = 0b07e4188405fc9f; cache size = 233.447 MB.
[Sat May 23 22:04:04 2026] Launched synth_1...
Run output will be captured here: /home/ali/Desktop/SystolicArrayProj/SystolicArrayProj.runs/synth_1/runme.log
launch_runs: Time (s): cpu = 00:00:07 ; elapsed = 00:00:06 . Memory (MB): peak = 10585.828 ; gain = 53.875 ; free physical = 3189 ; free virtual = 8158
launch_runs impl_1 -jobs 14
[Sat May 23 22:04:41 2026] Launched impl_1...
Run output will be captured here: /home/ali/Desktop/SystolicArrayProj/SystolicArrayProj.runs/impl_1/runme.log
launch_runs impl_1 -to_step write_bitstream -jobs 14
[Sat May 23 22:05:48 2026] Launched impl_1...
Run output will be captured here: /home/ali/Desktop/SystolicArrayProj/SystolicArrayProj.runs/impl_1/runme.log
regenerate_bd_layout
regenerate_bd_layout
open_bd_design {/home/ali/Desktop/SystolicArrayProj/SystolicArrayProj.srcs/sources_1/bd/design_1/design_1.bd}
Reading block design file </home/ali/Desktop/SystolicArrayProj/SystolicArrayProj.srcs/sources_1/bd/design_1/design_1.bd>...
Adding component instance block -- xilinx.com:ip:processing_system7:5.5 - processing_system7_0
Adding component instance block -- xilinx.com:ip:axi_interconnect:2.1 - ps7_0_axi_periph
Adding component instance block -- xilinx.com:ip:axi_crossbar:2.1 - xbar
Adding component instance block -- xilinx.com:ip:axi_protocol_converter:2.1 - auto_pc
Adding component instance block -- xilinx.com:ip:proc_sys_reset:5.0 - rst_ps7_0_100M
Adding component instance block -- xilinx.com:ip:axi_interconnect:2.1 - axi_mem_intercon
Adding component instance block -- xilinx.com:ip:axi_crossbar:2.1 - xbar
Adding component instance block -- xilinx.com:ip:axi_dwidth_converter:2.1 - auto_ds
Adding component instance block -- xilinx.com:ip:axi_protocol_converter:2.1 - auto_pc
Adding component instance block -- xilinx.com:ip:axi_dwidth_converter:2.1 - auto_ds
Adding component instance block -- xilinx.com:ip:axi_protocol_converter:2.1 - auto_pc
Adding component instance block -- xilinx.com:ip:xlconstant:1.1 - xlconstant_0
Adding component instance block -- xilinx.com:hls:pipelined_layer_processor:1.0 - pipelined_layer_proc_0
Excluding slave segment /processing_system7_0/S_AXI_GP0/GP0_DDR_LOWOCM from address space /pipelined_layer_proc_0/Data_m_axi_gmem0.
Excluding slave segment /processing_system7_0/S_AXI_GP0/GP0_IOP from address space /pipelined_layer_proc_0/Data_m_axi_gmem0.
Excluding slave segment /processing_system7_0/S_AXI_GP0/GP0_M_AXI_GP0 from address space /pipelined_layer_proc_0/Data_m_axi_gmem0.
Excluding slave segment /processing_system7_0/S_AXI_GP0/GP0_DDR_LOWOCM from address space /pipelined_layer_proc_0/Data_m_axi_gmem1.
Excluding slave segment /processing_system7_0/S_AXI_GP0/GP0_IOP from address space /pipelined_layer_proc_0/Data_m_axi_gmem1.
Excluding slave segment /processing_system7_0/S_AXI_GP0/GP0_M_AXI_GP0 from address space /pipelined_layer_proc_0/Data_m_axi_gmem1.
Successfully read diagram <design_1> from block design file </home/ali/Desktop/SystolicArrayProj/SystolicArrayProj.srcs/sources_1/bd/design_1/design_1.bd>
startgroup
delete_bd_objs [get_bd_intf_nets pipelined_layer_proc_0_m_axi_gmem0] [get_bd_intf_nets pipelined_layer_proc_0_m_axi_gmem1] [get_bd_intf_nets axi_mem_intercon_M00_AXI] [get_bd_intf_nets processing_system7_0_M_AXI_GP0] [get_bd_intf_nets ps7_0_axi_periph_M01_AXI] [get_bd_intf_nets processing_system7_0_FIXED_IO] [get_bd_intf_nets ps7_0_axi_periph_M00_AXI] [get_bd_intf_nets axi_mem_intercon_M01_AXI] [get_bd_intf_nets processing_system7_0_DDR]
delete_bd_objs [get_bd_nets xlconstant_0_dout] [get_bd_nets processing_system7_0_FCLK_RESET0_N] [get_bd_nets rst_ps7_0_100M_peripheral_aresetn] [get_bd_nets processing_system7_0_FCLK_CLK0]
delete_bd_objs [get_bd_cells axi_mem_intercon] [get_bd_cells ps7_0_axi_periph]
delete_bd_objs [get_bd_intf_ports DDR] [get_bd_intf_ports FIXED_IO]
delete_bd_objs [get_bd_cells processing_system7_0] [get_bd_cells pipelined_layer_proc_0] [get_bd_cells xlconstant_0] [get_bd_cells rst_ps7_0_100M]
endgroup
open_bd_design {/home/ali/Desktop/SystolicArrayProj/SystolicArrayProj.srcs/sources_1/bd/design_2/design_2.bd}
open_bd_design {/home/ali/Desktop/SystolicArrayProj/SystolicArrayProj.srcs/sources_1/bd/design_1/design_1.bd}
current_bd_design design_2
set tmpCopyObjs [concat  [get_bd_cells {ps7_0_axi_periph axis_data_fifo_0 processing_system7_0 smartconnect_0 xlconcat_0 axi_dma_0 rst_ps7_0_100M}] [get_bd_intf_ports {DDR FIXED_IO}] [get_bd_intf_nets {axi_dma_0_M_AXI_MM2S processing_system7_0_M_AXI_GP0 axi_dma_0_M_AXI_S2MM processing_system7_0_FIXED_IO smartconnect_0_M00_AXI ps7_0_axi_periph_M00_AXI axis_data_fifo_0_M_AXIS processing_system7_0_DDR axi_dma_0_M_AXIS_MM2S}] [get_bd_nets {axi_dma_0_mm2s_introut processing_system7_0_FCLK_RESET0_N rst_ps7_0_100M_peripheral_aresetn xlconcat_0_dout processing_system7_0_FCLK_CLK0 axi_dma_0_s2mm_introut}]]
current_bd_design design_1
copy_bd_objs -from_design design_2 / $tmpCopyObjs
WARNING: [BD 41-1282] Ignoring parameter HAS_BURST
WARNING: [BD 41-1281] Parameter HAS_BURST is not defined on /axi_dma_0/M_AXIS_MM2S. Setting parameter on /axi_dma_0/M_AXIS_MM2S failed
CRITICAL WARNING: [PSU-1]  Parameter : PCW_UIPARAM_DDR_DQS_TO_CLK_DELAY_2 has negative value -0.009 . PS DDR interfaces might fail when entering negative DQS skew values. 
CRITICAL WARNING: [PSU-2]  Parameter : PCW_UIPARAM_DDR_DQS_TO_CLK_DELAY_3 has negative value -0.033 . PS DDR interfaces might fail when entering negative DQS skew values. 
CRITICAL WARNING: [PSU-1]  Parameter : PCW_UIPARAM_DDR_DQS_TO_CLK_DELAY_2 has negative value -0.009 . PS DDR interfaces might fail when entering negative DQS skew values. 
CRITICAL WARNING: [PSU-2]  Parameter : PCW_UIPARAM_DDR_DQS_TO_CLK_DELAY_3 has negative value -0.033 . PS DDR interfaces might fail when entering negative DQS skew values. 
INFO: [Ipptcl 7-1463] No Compatible Board Interface found. Board Tab not created in customize GUI
Slave segment '/processing_system7_0/S_AXI_HP0/HP0_DDR_LOWOCM' is being assigned into address space '/axi_dma_0/Data_MM2S' at <0x0000_0000 [ 512M ]>.
Slave segment '/processing_system7_0/S_AXI_HP0/HP0_DDR_LOWOCM' is being assigned into address space '/axi_dma_0/Data_S2MM' at <0x0000_0000 [ 512M ]>.
Slave segment '/axi_dma_0/S_AXI_LITE/Reg' is being assigned into address space '/processing_system7_0/Data' at <0x4040_0000 [ 64K ]>.
regenerate_bd_layout
set_property top design_1_wrapper [current_fileset]
update_compile_order -fileset sources_1
delete_bd_objs [get_bd_intf_nets axis_data_fifo_0_M_AXIS] [get_bd_nets axi_dma_0_mm2s_introut] [get_bd_nets axi_dma_0_s2mm_introut] [get_bd_intf_nets ps7_0_axi_periph_M00_AXI] [get_bd_intf_nets axi_dma_0_M_AXI_S2MM] [get_bd_intf_nets axi_dma_0_M_AXI_MM2S] [get_bd_intf_nets axi_dma_0_M_AXIS_MM2S] [get_bd_cells axi_dma_0]
delete_bd_objs [get_bd_cells axis_data_fifo_0]
undo
INFO: [Common 17-17] undo 'delete_bd_objs [get_bd_cells axis_data_fifo_0]'
undo
INFO: [Common 17-17] undo 'delete_bd_objs [get_bd_intf_nets axis_data_fifo_0_M_AXIS] [get_bd_nets axi_dma_0_mm2s_introut] [get_bd_nets axi_dma_0_s2mm_introut] [get_bd_intf_nets ps7_0_axi_periph_M00_AXI] [get_bd_intf_nets axi_dma_0_M_AXI_S2MM] [get_bd_intf_nets axi_dma_0_M_AXI_MM2S] [get_bd_intf_nets axi_dma_0_M_AXIS_MM2S] [get_bd_cells axi_dma_0]'
undo
INFO: [Common 17-17] undo 'set_property top design_1_wrapper [current_fileset]'
update_compile_order -fileset sources_1
undo
INFO: [Common 17-17] undo 'regenerate_bd_layout'
undo
INFO: [Common 17-17] undo 'copy_bd_objs -from_design design_2 / $tmpCopyObjs'
undo
INFO: [Common 17-17] undo 'current_bd_design design_1'
current_bd_design [get_bd_designs design_1]
undo
INFO: [Common 17-17] undo 'current_bd_design [get_bd_designs design_1]'
current_bd_design [get_bd_designs design_1]
undo
INFO: [Common 17-17] undo 'current_bd_design [get_bd_designs design_1]'
current_bd_design [get_bd_designs design_1]
undo
INFO: [Common 17-17] undo 'current_bd_design [get_bd_designs design_1]'
current_bd_design [get_bd_designs design_1]
undo
INFO: [Common 17-17] undo 'current_bd_design [get_bd_designs design_1]'
current_bd_design [get_bd_designs design_1]
undo
INFO: [Common 17-17] undo 'current_bd_design [get_bd_designs design_1]'
current_bd_design [get_bd_designs design_1]
undo
INFO: [Common 17-17] undo 'current_bd_design [get_bd_designs design_1]'
current_bd_design [get_bd_designs design_1]
undo
INFO: [Common 17-17] undo 'current_bd_design [get_bd_designs design_1]'
current_bd_design [get_bd_designs design_1]
undo
INFO: [Common 17-17] undo 'current_bd_design [get_bd_designs design_1]'
current_bd_design [get_bd_designs design_1]
open_bd_design {/home/ali/Desktop/SystolicArrayProj/SystolicArrayProj.srcs/sources_1/bd/design_2/design_2.bd}
open_bd_design {/home/ali/Desktop/SystolicArrayProj/SystolicArrayProj.srcs/sources_1/bd/design_1/design_1.bd}
startgroup
create_bd_cell -type ip -vlnv xilinx.com:ip:processing_system7:5.5 processing_system7_0
endgroup
apply_bd_automation -rule xilinx.com:bd_rule:processing_system7 -config {make_external "FIXED_IO, DDR" apply_board_preset "1" Master "Disable" Slave "Disable" }  [get_bd_cells processing_system7_0]
current_bd_design [get_bd_designs design_2]
close_bd_design [get_bd_designs design_2]
Wrote  : </home/ali/Desktop/SystolicArrayProj/SystolicArrayProj.srcs/sources_1/bd/design_2/ui/bd_1fdbff51.ui> 
current_bd_design [get_bd_designs design_1]
update_ip_catalog -rebuild
INFO: [IP_Flow 19-234] Refreshing IP repositories
WARNING: [IP_Flow 19-2248] Failed to load user IP repository '/home/ali/Desktop/SystolicArray/solution1/impl/ip'; Can't find the specified path.
If this directory should no longer be in your list of user repositories, go to the IP Settings dialog and remove it.
set_property  ip_repo_paths  {} [current_project]
update_ip_catalog
INFO: [IP_Flow 19-234] Refreshing IP repositories
INFO: [IP_Flow 19-1704] No user IP repositories specified
