

================================================================
== Vitis HLS Report for 'compute_systolic_Pipeline_Store_Cache_Row'
================================================================
* Date:           Mon May 25 15:50:47 2026

* Version:        2022.2 (Build 3670227 on Oct 13 2022)
* Project:        SystolicArray
* Solution:       solution1 (Vivado IP Flow Target)
* Product family: zynq
* Target device:  xc7z020-clg400-1


================================================================
== Performance Estimates
================================================================
+ Timing: 
    * Summary: 
    +--------+----------+----------+------------+
    |  Clock |  Target  | Estimated| Uncertainty|
    +--------+----------+----------+------------+
    |ap_clk  |  10.00 ns|  6.459 ns|     2.70 ns|
    +--------+----------+----------+------------+

+ Latency: 
    * Summary: 
    +---------+---------+----------+----------+-----+-----+---------+
    |  Latency (cycles) |  Latency (absolute) |  Interval | Pipeline|
    |   min   |   max   |    min   |    max   | min | max |   Type  |
    +---------+---------+----------+----------+-----+-----+---------+
    |       66|       66|  0.660 us|  0.660 us|   66|   66|       no|
    +---------+---------+----------+----------+-----+-----+---------+

    + Detail: 
        * Instance: 
        N/A

        * Loop: 
        +-------------------+---------+---------+----------+-----------+-----------+------+----------+
        |                   |  Latency (cycles) | Iteration|  Initiation Interval  | Trip |          |
        |     Loop Name     |   min   |   max   |  Latency |  achieved |   target  | Count| Pipelined|
        +-------------------+---------+---------+----------+-----------+-----------+------+----------+
        |- Store_Cache_Row  |       64|       64|         2|          2|          1|    32|       yes|
        +-------------------+---------+---------+----------+-----------+-----------+------+----------+

============================================================
+ Verbose Summary: Synthesis Manager
============================================================
InlineROM: 1
ExposeGlobal: 0
============================================================
+ Verbose Summary: CDFG Model
============================================================
IsTopModel: 0
ResetActiveHigh: 1
IsCombinational: 0
IsDatapathOnly: 0
HasWiredReturn: 1
HasMFsm: 2
HasVarLatency: 1
IsPipeline: 0
IsRtlPipelined: 0
IsInstanceOverlapped: 0
IsDontTouch: 0
HasImplIP: 0
IsGatedGlobalClock: 0

+ Individual pipeline summary: 
  * Pipeline-0: initiation interval (II) = 2, depth = 2


============================================================
+ Verbose Summary: Schedule
============================================================
* Number of FSM states : 2
* Pipeline : 1
  Pipeline-0 : II = 2, D = 2, States = { 1 2 }
* Dataflow Pipeline: 0

* FSM state transitions: 
1 --> 2 
2 --> 

* FSM state operations: 

State 1 <SV = 0> <Delay = 6.45>
ST_1 : Operation 5 [1/1] (0.00ns)   --->   "%r_1 = alloca i32 1"   --->   Operation 5 'alloca' 'r_1' <Predicate = true> <Delay = 0.00>
ST_1 : Operation 6 [1/1] (0.00ns)   --->   "%specmemcore_ln0 = specmemcore void @_ssdm_op_SpecMemCore, i32 %big_tile_C_15, i64 666, i64 22, i64 18446744073709551615"   --->   Operation 6 'specmemcore' 'specmemcore_ln0' <Predicate = true> <Delay = 0.00>
ST_1 : Operation 7 [1/1] (0.00ns)   --->   "%specmemcore_ln0 = specmemcore void @_ssdm_op_SpecMemCore, i32 %big_tile_C_14, i64 666, i64 22, i64 18446744073709551615"   --->   Operation 7 'specmemcore' 'specmemcore_ln0' <Predicate = true> <Delay = 0.00>
ST_1 : Operation 8 [1/1] (0.00ns)   --->   "%specmemcore_ln0 = specmemcore void @_ssdm_op_SpecMemCore, i32 %big_tile_C_13, i64 666, i64 22, i64 18446744073709551615"   --->   Operation 8 'specmemcore' 'specmemcore_ln0' <Predicate = true> <Delay = 0.00>
ST_1 : Operation 9 [1/1] (0.00ns)   --->   "%specmemcore_ln0 = specmemcore void @_ssdm_op_SpecMemCore, i32 %big_tile_C_12, i64 666, i64 22, i64 18446744073709551615"   --->   Operation 9 'specmemcore' 'specmemcore_ln0' <Predicate = true> <Delay = 0.00>
ST_1 : Operation 10 [1/1] (0.00ns)   --->   "%specmemcore_ln0 = specmemcore void @_ssdm_op_SpecMemCore, i32 %big_tile_C_11, i64 666, i64 22, i64 18446744073709551615"   --->   Operation 10 'specmemcore' 'specmemcore_ln0' <Predicate = true> <Delay = 0.00>
ST_1 : Operation 11 [1/1] (0.00ns)   --->   "%specmemcore_ln0 = specmemcore void @_ssdm_op_SpecMemCore, i32 %big_tile_C_10, i64 666, i64 22, i64 18446744073709551615"   --->   Operation 11 'specmemcore' 'specmemcore_ln0' <Predicate = true> <Delay = 0.00>
ST_1 : Operation 12 [1/1] (0.00ns)   --->   "%specmemcore_ln0 = specmemcore void @_ssdm_op_SpecMemCore, i32 %big_tile_C_9, i64 666, i64 22, i64 18446744073709551615"   --->   Operation 12 'specmemcore' 'specmemcore_ln0' <Predicate = true> <Delay = 0.00>
ST_1 : Operation 13 [1/1] (0.00ns)   --->   "%specmemcore_ln0 = specmemcore void @_ssdm_op_SpecMemCore, i32 %big_tile_C_8, i64 666, i64 22, i64 18446744073709551615"   --->   Operation 13 'specmemcore' 'specmemcore_ln0' <Predicate = true> <Delay = 0.00>
ST_1 : Operation 14 [1/1] (0.00ns)   --->   "%specmemcore_ln0 = specmemcore void @_ssdm_op_SpecMemCore, i32 %big_tile_C_7, i64 666, i64 22, i64 18446744073709551615"   --->   Operation 14 'specmemcore' 'specmemcore_ln0' <Predicate = true> <Delay = 0.00>
ST_1 : Operation 15 [1/1] (0.00ns)   --->   "%specmemcore_ln0 = specmemcore void @_ssdm_op_SpecMemCore, i32 %big_tile_C_6, i64 666, i64 22, i64 18446744073709551615"   --->   Operation 15 'specmemcore' 'specmemcore_ln0' <Predicate = true> <Delay = 0.00>
ST_1 : Operation 16 [1/1] (0.00ns)   --->   "%specmemcore_ln0 = specmemcore void @_ssdm_op_SpecMemCore, i32 %big_tile_C_5, i64 666, i64 22, i64 18446744073709551615"   --->   Operation 16 'specmemcore' 'specmemcore_ln0' <Predicate = true> <Delay = 0.00>
ST_1 : Operation 17 [1/1] (0.00ns)   --->   "%specmemcore_ln0 = specmemcore void @_ssdm_op_SpecMemCore, i32 %big_tile_C_4, i64 666, i64 22, i64 18446744073709551615"   --->   Operation 17 'specmemcore' 'specmemcore_ln0' <Predicate = true> <Delay = 0.00>
ST_1 : Operation 18 [1/1] (0.00ns)   --->   "%specmemcore_ln0 = specmemcore void @_ssdm_op_SpecMemCore, i32 %big_tile_C_3, i64 666, i64 22, i64 18446744073709551615"   --->   Operation 18 'specmemcore' 'specmemcore_ln0' <Predicate = true> <Delay = 0.00>
ST_1 : Operation 19 [1/1] (0.00ns)   --->   "%specmemcore_ln0 = specmemcore void @_ssdm_op_SpecMemCore, i32 %big_tile_C_2, i64 666, i64 22, i64 18446744073709551615"   --->   Operation 19 'specmemcore' 'specmemcore_ln0' <Predicate = true> <Delay = 0.00>
ST_1 : Operation 20 [1/1] (0.00ns)   --->   "%specmemcore_ln0 = specmemcore void @_ssdm_op_SpecMemCore, i32 %big_tile_C_1, i64 666, i64 22, i64 18446744073709551615"   --->   Operation 20 'specmemcore' 'specmemcore_ln0' <Predicate = true> <Delay = 0.00>
ST_1 : Operation 21 [1/1] (0.00ns)   --->   "%specmemcore_ln0 = specmemcore void @_ssdm_op_SpecMemCore, i32 %big_tile_C_0, i64 666, i64 22, i64 18446744073709551615"   --->   Operation 21 'specmemcore' 'specmemcore_ln0' <Predicate = true> <Delay = 0.00>
ST_1 : Operation 22 [1/1] (0.00ns)   --->   "%local_regs_V_reload_read = read i32 @_ssdm_op_Read.ap_auto.i32, i32 %local_regs_V_reload"   --->   Operation 22 'read' 'local_regs_V_reload_read' <Predicate = true> <Delay = 0.00>
ST_1 : Operation 23 [1/1] (0.00ns)   --->   "%local_regs_V_32_reload_read = read i32 @_ssdm_op_Read.ap_auto.i32, i32 %local_regs_V_32_reload"   --->   Operation 23 'read' 'local_regs_V_32_reload_read' <Predicate = true> <Delay = 0.00>
ST_1 : Operation 24 [1/1] (0.00ns)   --->   "%local_regs_V_64_reload_read = read i32 @_ssdm_op_Read.ap_auto.i32, i32 %local_regs_V_64_reload"   --->   Operation 24 'read' 'local_regs_V_64_reload_read' <Predicate = true> <Delay = 0.00>
ST_1 : Operation 25 [1/1] (0.00ns)   --->   "%local_regs_V_96_reload_read = read i32 @_ssdm_op_Read.ap_auto.i32, i32 %local_regs_V_96_reload"   --->   Operation 25 'read' 'local_regs_V_96_reload_read' <Predicate = true> <Delay = 0.00>
ST_1 : Operation 26 [1/1] (0.00ns)   --->   "%local_regs_V_128_reload_read = read i32 @_ssdm_op_Read.ap_auto.i32, i32 %local_regs_V_128_reload"   --->   Operation 26 'read' 'local_regs_V_128_reload_read' <Predicate = true> <Delay = 0.00>
ST_1 : Operation 27 [1/1] (0.00ns)   --->   "%local_regs_V_160_reload_read = read i32 @_ssdm_op_Read.ap_auto.i32, i32 %local_regs_V_160_reload"   --->   Operation 27 'read' 'local_regs_V_160_reload_read' <Predicate = true> <Delay = 0.00>
ST_1 : Operation 28 [1/1] (0.00ns)   --->   "%local_regs_V_192_reload_read = read i32 @_ssdm_op_Read.ap_auto.i32, i32 %local_regs_V_192_reload"   --->   Operation 28 'read' 'local_regs_V_192_reload_read' <Predicate = true> <Delay = 0.00>
ST_1 : Operation 29 [1/1] (0.00ns)   --->   "%local_regs_V_224_reload_read = read i32 @_ssdm_op_Read.ap_auto.i32, i32 %local_regs_V_224_reload"   --->   Operation 29 'read' 'local_regs_V_224_reload_read' <Predicate = true> <Delay = 0.00>
ST_1 : Operation 30 [1/1] (0.00ns)   --->   "%local_regs_V_256_reload_read = read i32 @_ssdm_op_Read.ap_auto.i32, i32 %local_regs_V_256_reload"   --->   Operation 30 'read' 'local_regs_V_256_reload_read' <Predicate = true> <Delay = 0.00>
ST_1 : Operation 31 [1/1] (0.00ns)   --->   "%local_regs_V_288_reload_read = read i32 @_ssdm_op_Read.ap_auto.i32, i32 %local_regs_V_288_reload"   --->   Operation 31 'read' 'local_regs_V_288_reload_read' <Predicate = true> <Delay = 0.00>
ST_1 : Operation 32 [1/1] (0.00ns)   --->   "%local_regs_V_320_reload_read = read i32 @_ssdm_op_Read.ap_auto.i32, i32 %local_regs_V_320_reload"   --->   Operation 32 'read' 'local_regs_V_320_reload_read' <Predicate = true> <Delay = 0.00>
ST_1 : Operation 33 [1/1] (0.00ns)   --->   "%local_regs_V_352_reload_read = read i32 @_ssdm_op_Read.ap_auto.i32, i32 %local_regs_V_352_reload"   --->   Operation 33 'read' 'local_regs_V_352_reload_read' <Predicate = true> <Delay = 0.00>
ST_1 : Operation 34 [1/1] (0.00ns)   --->   "%local_regs_V_384_reload_read = read i32 @_ssdm_op_Read.ap_auto.i32, i32 %local_regs_V_384_reload"   --->   Operation 34 'read' 'local_regs_V_384_reload_read' <Predicate = true> <Delay = 0.00>
ST_1 : Operation 35 [1/1] (0.00ns)   --->   "%local_regs_V_416_reload_read = read i32 @_ssdm_op_Read.ap_auto.i32, i32 %local_regs_V_416_reload"   --->   Operation 35 'read' 'local_regs_V_416_reload_read' <Predicate = true> <Delay = 0.00>
ST_1 : Operation 36 [1/1] (0.00ns)   --->   "%local_regs_V_448_reload_read = read i32 @_ssdm_op_Read.ap_auto.i32, i32 %local_regs_V_448_reload"   --->   Operation 36 'read' 'local_regs_V_448_reload_read' <Predicate = true> <Delay = 0.00>
ST_1 : Operation 37 [1/1] (0.00ns)   --->   "%local_regs_V_480_reload_read = read i32 @_ssdm_op_Read.ap_auto.i32, i32 %local_regs_V_480_reload"   --->   Operation 37 'read' 'local_regs_V_480_reload_read' <Predicate = true> <Delay = 0.00>
ST_1 : Operation 38 [1/1] (0.00ns)   --->   "%local_regs_V_512_reload_read = read i32 @_ssdm_op_Read.ap_auto.i32, i32 %local_regs_V_512_reload"   --->   Operation 38 'read' 'local_regs_V_512_reload_read' <Predicate = true> <Delay = 0.00>
ST_1 : Operation 39 [1/1] (0.00ns)   --->   "%local_regs_V_544_reload_read = read i32 @_ssdm_op_Read.ap_auto.i32, i32 %local_regs_V_544_reload"   --->   Operation 39 'read' 'local_regs_V_544_reload_read' <Predicate = true> <Delay = 0.00>
ST_1 : Operation 40 [1/1] (0.00ns)   --->   "%local_regs_V_576_reload_read = read i32 @_ssdm_op_Read.ap_auto.i32, i32 %local_regs_V_576_reload"   --->   Operation 40 'read' 'local_regs_V_576_reload_read' <Predicate = true> <Delay = 0.00>
ST_1 : Operation 41 [1/1] (0.00ns)   --->   "%local_regs_V_608_reload_read = read i32 @_ssdm_op_Read.ap_auto.i32, i32 %local_regs_V_608_reload"   --->   Operation 41 'read' 'local_regs_V_608_reload_read' <Predicate = true> <Delay = 0.00>
ST_1 : Operation 42 [1/1] (0.00ns)   --->   "%local_regs_V_640_reload_read = read i32 @_ssdm_op_Read.ap_auto.i32, i32 %local_regs_V_640_reload"   --->   Operation 42 'read' 'local_regs_V_640_reload_read' <Predicate = true> <Delay = 0.00>
ST_1 : Operation 43 [1/1] (0.00ns)   --->   "%local_regs_V_672_reload_read = read i32 @_ssdm_op_Read.ap_auto.i32, i32 %local_regs_V_672_reload"   --->   Operation 43 'read' 'local_regs_V_672_reload_read' <Predicate = true> <Delay = 0.00>
ST_1 : Operation 44 [1/1] (0.00ns)   --->   "%local_regs_V_704_reload_read = read i32 @_ssdm_op_Read.ap_auto.i32, i32 %local_regs_V_704_reload"   --->   Operation 44 'read' 'local_regs_V_704_reload_read' <Predicate = true> <Delay = 0.00>
ST_1 : Operation 45 [1/1] (0.00ns)   --->   "%local_regs_V_736_reload_read = read i32 @_ssdm_op_Read.ap_auto.i32, i32 %local_regs_V_736_reload"   --->   Operation 45 'read' 'local_regs_V_736_reload_read' <Predicate = true> <Delay = 0.00>
ST_1 : Operation 46 [1/1] (0.00ns)   --->   "%local_regs_V_768_reload_read = read i32 @_ssdm_op_Read.ap_auto.i32, i32 %local_regs_V_768_reload"   --->   Operation 46 'read' 'local_regs_V_768_reload_read' <Predicate = true> <Delay = 0.00>
ST_1 : Operation 47 [1/1] (0.00ns)   --->   "%local_regs_V_800_reload_read = read i32 @_ssdm_op_Read.ap_auto.i32, i32 %local_regs_V_800_reload"   --->   Operation 47 'read' 'local_regs_V_800_reload_read' <Predicate = true> <Delay = 0.00>
ST_1 : Operation 48 [1/1] (0.00ns)   --->   "%local_regs_V_832_reload_read = read i32 @_ssdm_op_Read.ap_auto.i32, i32 %local_regs_V_832_reload"   --->   Operation 48 'read' 'local_regs_V_832_reload_read' <Predicate = true> <Delay = 0.00>
ST_1 : Operation 49 [1/1] (0.00ns)   --->   "%local_regs_V_864_reload_read = read i32 @_ssdm_op_Read.ap_auto.i32, i32 %local_regs_V_864_reload"   --->   Operation 49 'read' 'local_regs_V_864_reload_read' <Predicate = true> <Delay = 0.00>
ST_1 : Operation 50 [1/1] (0.00ns)   --->   "%local_regs_V_896_reload_read = read i32 @_ssdm_op_Read.ap_auto.i32, i32 %local_regs_V_896_reload"   --->   Operation 50 'read' 'local_regs_V_896_reload_read' <Predicate = true> <Delay = 0.00>
ST_1 : Operation 51 [1/1] (0.00ns)   --->   "%local_regs_V_928_reload_read = read i32 @_ssdm_op_Read.ap_auto.i32, i32 %local_regs_V_928_reload"   --->   Operation 51 'read' 'local_regs_V_928_reload_read' <Predicate = true> <Delay = 0.00>
ST_1 : Operation 52 [1/1] (0.00ns)   --->   "%local_regs_V_960_reload_read = read i32 @_ssdm_op_Read.ap_auto.i32, i32 %local_regs_V_960_reload"   --->   Operation 52 'read' 'local_regs_V_960_reload_read' <Predicate = true> <Delay = 0.00>
ST_1 : Operation 53 [1/1] (0.00ns)   --->   "%local_regs_V_992_reload_read = read i32 @_ssdm_op_Read.ap_auto.i32, i32 %local_regs_V_992_reload"   --->   Operation 53 'read' 'local_regs_V_992_reload_read' <Predicate = true> <Delay = 0.00>
ST_1 : Operation 54 [1/1] (0.00ns)   --->   "%local_regs_V_1_reload_read = read i32 @_ssdm_op_Read.ap_auto.i32, i32 %local_regs_V_1_reload"   --->   Operation 54 'read' 'local_regs_V_1_reload_read' <Predicate = true> <Delay = 0.00>
ST_1 : Operation 55 [1/1] (0.00ns)   --->   "%local_regs_V_33_reload_read = read i32 @_ssdm_op_Read.ap_auto.i32, i32 %local_regs_V_33_reload"   --->   Operation 55 'read' 'local_regs_V_33_reload_read' <Predicate = true> <Delay = 0.00>
ST_1 : Operation 56 [1/1] (0.00ns)   --->   "%local_regs_V_65_reload_read = read i32 @_ssdm_op_Read.ap_auto.i32, i32 %local_regs_V_65_reload"   --->   Operation 56 'read' 'local_regs_V_65_reload_read' <Predicate = true> <Delay = 0.00>
ST_1 : Operation 57 [1/1] (0.00ns)   --->   "%local_regs_V_97_reload_read = read i32 @_ssdm_op_Read.ap_auto.i32, i32 %local_regs_V_97_reload"   --->   Operation 57 'read' 'local_regs_V_97_reload_read' <Predicate = true> <Delay = 0.00>
ST_1 : Operation 58 [1/1] (0.00ns)   --->   "%local_regs_V_129_reload_read = read i32 @_ssdm_op_Read.ap_auto.i32, i32 %local_regs_V_129_reload"   --->   Operation 58 'read' 'local_regs_V_129_reload_read' <Predicate = true> <Delay = 0.00>
ST_1 : Operation 59 [1/1] (0.00ns)   --->   "%local_regs_V_161_reload_read = read i32 @_ssdm_op_Read.ap_auto.i32, i32 %local_regs_V_161_reload"   --->   Operation 59 'read' 'local_regs_V_161_reload_read' <Predicate = true> <Delay = 0.00>
ST_1 : Operation 60 [1/1] (0.00ns)   --->   "%local_regs_V_193_reload_read = read i32 @_ssdm_op_Read.ap_auto.i32, i32 %local_regs_V_193_reload"   --->   Operation 60 'read' 'local_regs_V_193_reload_read' <Predicate = true> <Delay = 0.00>
ST_1 : Operation 61 [1/1] (0.00ns)   --->   "%local_regs_V_225_reload_read = read i32 @_ssdm_op_Read.ap_auto.i32, i32 %local_regs_V_225_reload"   --->   Operation 61 'read' 'local_regs_V_225_reload_read' <Predicate = true> <Delay = 0.00>
ST_1 : Operation 62 [1/1] (0.00ns)   --->   "%local_regs_V_257_reload_read = read i32 @_ssdm_op_Read.ap_auto.i32, i32 %local_regs_V_257_reload"   --->   Operation 62 'read' 'local_regs_V_257_reload_read' <Predicate = true> <Delay = 0.00>
ST_1 : Operation 63 [1/1] (0.00ns)   --->   "%local_regs_V_289_reload_read = read i32 @_ssdm_op_Read.ap_auto.i32, i32 %local_regs_V_289_reload"   --->   Operation 63 'read' 'local_regs_V_289_reload_read' <Predicate = true> <Delay = 0.00>
ST_1 : Operation 64 [1/1] (0.00ns)   --->   "%local_regs_V_321_reload_read = read i32 @_ssdm_op_Read.ap_auto.i32, i32 %local_regs_V_321_reload"   --->   Operation 64 'read' 'local_regs_V_321_reload_read' <Predicate = true> <Delay = 0.00>
ST_1 : Operation 65 [1/1] (0.00ns)   --->   "%local_regs_V_353_reload_read = read i32 @_ssdm_op_Read.ap_auto.i32, i32 %local_regs_V_353_reload"   --->   Operation 65 'read' 'local_regs_V_353_reload_read' <Predicate = true> <Delay = 0.00>
ST_1 : Operation 66 [1/1] (0.00ns)   --->   "%local_regs_V_385_reload_read = read i32 @_ssdm_op_Read.ap_auto.i32, i32 %local_regs_V_385_reload"   --->   Operation 66 'read' 'local_regs_V_385_reload_read' <Predicate = true> <Delay = 0.00>
ST_1 : Operation 67 [1/1] (0.00ns)   --->   "%local_regs_V_417_reload_read = read i32 @_ssdm_op_Read.ap_auto.i32, i32 %local_regs_V_417_reload"   --->   Operation 67 'read' 'local_regs_V_417_reload_read' <Predicate = true> <Delay = 0.00>
ST_1 : Operation 68 [1/1] (0.00ns)   --->   "%local_regs_V_449_reload_read = read i32 @_ssdm_op_Read.ap_auto.i32, i32 %local_regs_V_449_reload"   --->   Operation 68 'read' 'local_regs_V_449_reload_read' <Predicate = true> <Delay = 0.00>
ST_1 : Operation 69 [1/1] (0.00ns)   --->   "%local_regs_V_481_reload_read = read i32 @_ssdm_op_Read.ap_auto.i32, i32 %local_regs_V_481_reload"   --->   Operation 69 'read' 'local_regs_V_481_reload_read' <Predicate = true> <Delay = 0.00>
ST_1 : Operation 70 [1/1] (0.00ns)   --->   "%local_regs_V_513_reload_read = read i32 @_ssdm_op_Read.ap_auto.i32, i32 %local_regs_V_513_reload"   --->   Operation 70 'read' 'local_regs_V_513_reload_read' <Predicate = true> <Delay = 0.00>
ST_1 : Operation 71 [1/1] (0.00ns)   --->   "%local_regs_V_545_reload_read = read i32 @_ssdm_op_Read.ap_auto.i32, i32 %local_regs_V_545_reload"   --->   Operation 71 'read' 'local_regs_V_545_reload_read' <Predicate = true> <Delay = 0.00>
ST_1 : Operation 72 [1/1] (0.00ns)   --->   "%local_regs_V_577_reload_read = read i32 @_ssdm_op_Read.ap_auto.i32, i32 %local_regs_V_577_reload"   --->   Operation 72 'read' 'local_regs_V_577_reload_read' <Predicate = true> <Delay = 0.00>
ST_1 : Operation 73 [1/1] (0.00ns)   --->   "%local_regs_V_609_reload_read = read i32 @_ssdm_op_Read.ap_auto.i32, i32 %local_regs_V_609_reload"   --->   Operation 73 'read' 'local_regs_V_609_reload_read' <Predicate = true> <Delay = 0.00>
ST_1 : Operation 74 [1/1] (0.00ns)   --->   "%local_regs_V_641_reload_read = read i32 @_ssdm_op_Read.ap_auto.i32, i32 %local_regs_V_641_reload"   --->   Operation 74 'read' 'local_regs_V_641_reload_read' <Predicate = true> <Delay = 0.00>
ST_1 : Operation 75 [1/1] (0.00ns)   --->   "%local_regs_V_673_reload_read = read i32 @_ssdm_op_Read.ap_auto.i32, i32 %local_regs_V_673_reload"   --->   Operation 75 'read' 'local_regs_V_673_reload_read' <Predicate = true> <Delay = 0.00>
ST_1 : Operation 76 [1/1] (0.00ns)   --->   "%local_regs_V_705_reload_read = read i32 @_ssdm_op_Read.ap_auto.i32, i32 %local_regs_V_705_reload"   --->   Operation 76 'read' 'local_regs_V_705_reload_read' <Predicate = true> <Delay = 0.00>
ST_1 : Operation 77 [1/1] (0.00ns)   --->   "%local_regs_V_737_reload_read = read i32 @_ssdm_op_Read.ap_auto.i32, i32 %local_regs_V_737_reload"   --->   Operation 77 'read' 'local_regs_V_737_reload_read' <Predicate = true> <Delay = 0.00>
ST_1 : Operation 78 [1/1] (0.00ns)   --->   "%local_regs_V_769_reload_read = read i32 @_ssdm_op_Read.ap_auto.i32, i32 %local_regs_V_769_reload"   --->   Operation 78 'read' 'local_regs_V_769_reload_read' <Predicate = true> <Delay = 0.00>
ST_1 : Operation 79 [1/1] (0.00ns)   --->   "%local_regs_V_801_reload_read = read i32 @_ssdm_op_Read.ap_auto.i32, i32 %local_regs_V_801_reload"   --->   Operation 79 'read' 'local_regs_V_801_reload_read' <Predicate = true> <Delay = 0.00>
ST_1 : Operation 80 [1/1] (0.00ns)   --->   "%local_regs_V_833_reload_read = read i32 @_ssdm_op_Read.ap_auto.i32, i32 %local_regs_V_833_reload"   --->   Operation 80 'read' 'local_regs_V_833_reload_read' <Predicate = true> <Delay = 0.00>
ST_1 : Operation 81 [1/1] (0.00ns)   --->   "%local_regs_V_865_reload_read = read i32 @_ssdm_op_Read.ap_auto.i32, i32 %local_regs_V_865_reload"   --->   Operation 81 'read' 'local_regs_V_865_reload_read' <Predicate = true> <Delay = 0.00>
ST_1 : Operation 82 [1/1] (0.00ns)   --->   "%local_regs_V_897_reload_read = read i32 @_ssdm_op_Read.ap_auto.i32, i32 %local_regs_V_897_reload"   --->   Operation 82 'read' 'local_regs_V_897_reload_read' <Predicate = true> <Delay = 0.00>
ST_1 : Operation 83 [1/1] (0.00ns)   --->   "%local_regs_V_929_reload_read = read i32 @_ssdm_op_Read.ap_auto.i32, i32 %local_regs_V_929_reload"   --->   Operation 83 'read' 'local_regs_V_929_reload_read' <Predicate = true> <Delay = 0.00>
ST_1 : Operation 84 [1/1] (0.00ns)   --->   "%local_regs_V_961_reload_read = read i32 @_ssdm_op_Read.ap_auto.i32, i32 %local_regs_V_961_reload"   --->   Operation 84 'read' 'local_regs_V_961_reload_read' <Predicate = true> <Delay = 0.00>
ST_1 : Operation 85 [1/1] (0.00ns)   --->   "%local_regs_V_993_reload_read = read i32 @_ssdm_op_Read.ap_auto.i32, i32 %local_regs_V_993_reload"   --->   Operation 85 'read' 'local_regs_V_993_reload_read' <Predicate = true> <Delay = 0.00>
ST_1 : Operation 86 [1/1] (0.00ns)   --->   "%local_regs_V_2_reload_read = read i32 @_ssdm_op_Read.ap_auto.i32, i32 %local_regs_V_2_reload"   --->   Operation 86 'read' 'local_regs_V_2_reload_read' <Predicate = true> <Delay = 0.00>
ST_1 : Operation 87 [1/1] (0.00ns)   --->   "%local_regs_V_34_reload_read = read i32 @_ssdm_op_Read.ap_auto.i32, i32 %local_regs_V_34_reload"   --->   Operation 87 'read' 'local_regs_V_34_reload_read' <Predicate = true> <Delay = 0.00>
ST_1 : Operation 88 [1/1] (0.00ns)   --->   "%local_regs_V_66_reload_read = read i32 @_ssdm_op_Read.ap_auto.i32, i32 %local_regs_V_66_reload"   --->   Operation 88 'read' 'local_regs_V_66_reload_read' <Predicate = true> <Delay = 0.00>
ST_1 : Operation 89 [1/1] (0.00ns)   --->   "%local_regs_V_98_reload_read = read i32 @_ssdm_op_Read.ap_auto.i32, i32 %local_regs_V_98_reload"   --->   Operation 89 'read' 'local_regs_V_98_reload_read' <Predicate = true> <Delay = 0.00>
ST_1 : Operation 90 [1/1] (0.00ns)   --->   "%local_regs_V_130_reload_read = read i32 @_ssdm_op_Read.ap_auto.i32, i32 %local_regs_V_130_reload"   --->   Operation 90 'read' 'local_regs_V_130_reload_read' <Predicate = true> <Delay = 0.00>
ST_1 : Operation 91 [1/1] (0.00ns)   --->   "%local_regs_V_162_reload_read = read i32 @_ssdm_op_Read.ap_auto.i32, i32 %local_regs_V_162_reload"   --->   Operation 91 'read' 'local_regs_V_162_reload_read' <Predicate = true> <Delay = 0.00>
ST_1 : Operation 92 [1/1] (0.00ns)   --->   "%local_regs_V_194_reload_read = read i32 @_ssdm_op_Read.ap_auto.i32, i32 %local_regs_V_194_reload"   --->   Operation 92 'read' 'local_regs_V_194_reload_read' <Predicate = true> <Delay = 0.00>
ST_1 : Operation 93 [1/1] (0.00ns)   --->   "%local_regs_V_226_reload_read = read i32 @_ssdm_op_Read.ap_auto.i32, i32 %local_regs_V_226_reload"   --->   Operation 93 'read' 'local_regs_V_226_reload_read' <Predicate = true> <Delay = 0.00>
ST_1 : Operation 94 [1/1] (0.00ns)   --->   "%local_regs_V_258_reload_read = read i32 @_ssdm_op_Read.ap_auto.i32, i32 %local_regs_V_258_reload"   --->   Operation 94 'read' 'local_regs_V_258_reload_read' <Predicate = true> <Delay = 0.00>
ST_1 : Operation 95 [1/1] (0.00ns)   --->   "%local_regs_V_290_reload_read = read i32 @_ssdm_op_Read.ap_auto.i32, i32 %local_regs_V_290_reload"   --->   Operation 95 'read' 'local_regs_V_290_reload_read' <Predicate = true> <Delay = 0.00>
ST_1 : Operation 96 [1/1] (0.00ns)   --->   "%local_regs_V_322_reload_read = read i32 @_ssdm_op_Read.ap_auto.i32, i32 %local_regs_V_322_reload"   --->   Operation 96 'read' 'local_regs_V_322_reload_read' <Predicate = true> <Delay = 0.00>
ST_1 : Operation 97 [1/1] (0.00ns)   --->   "%local_regs_V_354_reload_read = read i32 @_ssdm_op_Read.ap_auto.i32, i32 %local_regs_V_354_reload"   --->   Operation 97 'read' 'local_regs_V_354_reload_read' <Predicate = true> <Delay = 0.00>
ST_1 : Operation 98 [1/1] (0.00ns)   --->   "%local_regs_V_386_reload_read = read i32 @_ssdm_op_Read.ap_auto.i32, i32 %local_regs_V_386_reload"   --->   Operation 98 'read' 'local_regs_V_386_reload_read' <Predicate = true> <Delay = 0.00>
ST_1 : Operation 99 [1/1] (0.00ns)   --->   "%local_regs_V_418_reload_read = read i32 @_ssdm_op_Read.ap_auto.i32, i32 %local_regs_V_418_reload"   --->   Operation 99 'read' 'local_regs_V_418_reload_read' <Predicate = true> <Delay = 0.00>
ST_1 : Operation 100 [1/1] (0.00ns)   --->   "%local_regs_V_450_reload_read = read i32 @_ssdm_op_Read.ap_auto.i32, i32 %local_regs_V_450_reload"   --->   Operation 100 'read' 'local_regs_V_450_reload_read' <Predicate = true> <Delay = 0.00>
ST_1 : Operation 101 [1/1] (0.00ns)   --->   "%local_regs_V_482_reload_read = read i32 @_ssdm_op_Read.ap_auto.i32, i32 %local_regs_V_482_reload"   --->   Operation 101 'read' 'local_regs_V_482_reload_read' <Predicate = true> <Delay = 0.00>
ST_1 : Operation 102 [1/1] (0.00ns)   --->   "%local_regs_V_514_reload_read = read i32 @_ssdm_op_Read.ap_auto.i32, i32 %local_regs_V_514_reload"   --->   Operation 102 'read' 'local_regs_V_514_reload_read' <Predicate = true> <Delay = 0.00>
ST_1 : Operation 103 [1/1] (0.00ns)   --->   "%local_regs_V_546_reload_read = read i32 @_ssdm_op_Read.ap_auto.i32, i32 %local_regs_V_546_reload"   --->   Operation 103 'read' 'local_regs_V_546_reload_read' <Predicate = true> <Delay = 0.00>
ST_1 : Operation 104 [1/1] (0.00ns)   --->   "%local_regs_V_578_reload_read = read i32 @_ssdm_op_Read.ap_auto.i32, i32 %local_regs_V_578_reload"   --->   Operation 104 'read' 'local_regs_V_578_reload_read' <Predicate = true> <Delay = 0.00>
ST_1 : Operation 105 [1/1] (0.00ns)   --->   "%local_regs_V_610_reload_read = read i32 @_ssdm_op_Read.ap_auto.i32, i32 %local_regs_V_610_reload"   --->   Operation 105 'read' 'local_regs_V_610_reload_read' <Predicate = true> <Delay = 0.00>
ST_1 : Operation 106 [1/1] (0.00ns)   --->   "%local_regs_V_642_reload_read = read i32 @_ssdm_op_Read.ap_auto.i32, i32 %local_regs_V_642_reload"   --->   Operation 106 'read' 'local_regs_V_642_reload_read' <Predicate = true> <Delay = 0.00>
ST_1 : Operation 107 [1/1] (0.00ns)   --->   "%local_regs_V_674_reload_read = read i32 @_ssdm_op_Read.ap_auto.i32, i32 %local_regs_V_674_reload"   --->   Operation 107 'read' 'local_regs_V_674_reload_read' <Predicate = true> <Delay = 0.00>
ST_1 : Operation 108 [1/1] (0.00ns)   --->   "%local_regs_V_706_reload_read = read i32 @_ssdm_op_Read.ap_auto.i32, i32 %local_regs_V_706_reload"   --->   Operation 108 'read' 'local_regs_V_706_reload_read' <Predicate = true> <Delay = 0.00>
ST_1 : Operation 109 [1/1] (0.00ns)   --->   "%local_regs_V_738_reload_read = read i32 @_ssdm_op_Read.ap_auto.i32, i32 %local_regs_V_738_reload"   --->   Operation 109 'read' 'local_regs_V_738_reload_read' <Predicate = true> <Delay = 0.00>
ST_1 : Operation 110 [1/1] (0.00ns)   --->   "%local_regs_V_770_reload_read = read i32 @_ssdm_op_Read.ap_auto.i32, i32 %local_regs_V_770_reload"   --->   Operation 110 'read' 'local_regs_V_770_reload_read' <Predicate = true> <Delay = 0.00>
ST_1 : Operation 111 [1/1] (0.00ns)   --->   "%local_regs_V_802_reload_read = read i32 @_ssdm_op_Read.ap_auto.i32, i32 %local_regs_V_802_reload"   --->   Operation 111 'read' 'local_regs_V_802_reload_read' <Predicate = true> <Delay = 0.00>
ST_1 : Operation 112 [1/1] (0.00ns)   --->   "%local_regs_V_834_reload_read = read i32 @_ssdm_op_Read.ap_auto.i32, i32 %local_regs_V_834_reload"   --->   Operation 112 'read' 'local_regs_V_834_reload_read' <Predicate = true> <Delay = 0.00>
ST_1 : Operation 113 [1/1] (0.00ns)   --->   "%local_regs_V_866_reload_read = read i32 @_ssdm_op_Read.ap_auto.i32, i32 %local_regs_V_866_reload"   --->   Operation 113 'read' 'local_regs_V_866_reload_read' <Predicate = true> <Delay = 0.00>
ST_1 : Operation 114 [1/1] (0.00ns)   --->   "%local_regs_V_898_reload_read = read i32 @_ssdm_op_Read.ap_auto.i32, i32 %local_regs_V_898_reload"   --->   Operation 114 'read' 'local_regs_V_898_reload_read' <Predicate = true> <Delay = 0.00>
ST_1 : Operation 115 [1/1] (0.00ns)   --->   "%local_regs_V_930_reload_read = read i32 @_ssdm_op_Read.ap_auto.i32, i32 %local_regs_V_930_reload"   --->   Operation 115 'read' 'local_regs_V_930_reload_read' <Predicate = true> <Delay = 0.00>
ST_1 : Operation 116 [1/1] (0.00ns)   --->   "%local_regs_V_962_reload_read = read i32 @_ssdm_op_Read.ap_auto.i32, i32 %local_regs_V_962_reload"   --->   Operation 116 'read' 'local_regs_V_962_reload_read' <Predicate = true> <Delay = 0.00>
ST_1 : Operation 117 [1/1] (0.00ns)   --->   "%local_regs_V_994_reload_read = read i32 @_ssdm_op_Read.ap_auto.i32, i32 %local_regs_V_994_reload"   --->   Operation 117 'read' 'local_regs_V_994_reload_read' <Predicate = true> <Delay = 0.00>
ST_1 : Operation 118 [1/1] (0.00ns)   --->   "%local_regs_V_3_reload_read = read i32 @_ssdm_op_Read.ap_auto.i32, i32 %local_regs_V_3_reload"   --->   Operation 118 'read' 'local_regs_V_3_reload_read' <Predicate = true> <Delay = 0.00>
ST_1 : Operation 119 [1/1] (0.00ns)   --->   "%local_regs_V_35_reload_read = read i32 @_ssdm_op_Read.ap_auto.i32, i32 %local_regs_V_35_reload"   --->   Operation 119 'read' 'local_regs_V_35_reload_read' <Predicate = true> <Delay = 0.00>
ST_1 : Operation 120 [1/1] (0.00ns)   --->   "%local_regs_V_67_reload_read = read i32 @_ssdm_op_Read.ap_auto.i32, i32 %local_regs_V_67_reload"   --->   Operation 120 'read' 'local_regs_V_67_reload_read' <Predicate = true> <Delay = 0.00>
ST_1 : Operation 121 [1/1] (0.00ns)   --->   "%local_regs_V_99_reload_read = read i32 @_ssdm_op_Read.ap_auto.i32, i32 %local_regs_V_99_reload"   --->   Operation 121 'read' 'local_regs_V_99_reload_read' <Predicate = true> <Delay = 0.00>
ST_1 : Operation 122 [1/1] (0.00ns)   --->   "%local_regs_V_131_reload_read = read i32 @_ssdm_op_Read.ap_auto.i32, i32 %local_regs_V_131_reload"   --->   Operation 122 'read' 'local_regs_V_131_reload_read' <Predicate = true> <Delay = 0.00>
ST_1 : Operation 123 [1/1] (0.00ns)   --->   "%local_regs_V_163_reload_read = read i32 @_ssdm_op_Read.ap_auto.i32, i32 %local_regs_V_163_reload"   --->   Operation 123 'read' 'local_regs_V_163_reload_read' <Predicate = true> <Delay = 0.00>
ST_1 : Operation 124 [1/1] (0.00ns)   --->   "%local_regs_V_195_reload_read = read i32 @_ssdm_op_Read.ap_auto.i32, i32 %local_regs_V_195_reload"   --->   Operation 124 'read' 'local_regs_V_195_reload_read' <Predicate = true> <Delay = 0.00>
ST_1 : Operation 125 [1/1] (0.00ns)   --->   "%local_regs_V_227_reload_read = read i32 @_ssdm_op_Read.ap_auto.i32, i32 %local_regs_V_227_reload"   --->   Operation 125 'read' 'local_regs_V_227_reload_read' <Predicate = true> <Delay = 0.00>
ST_1 : Operation 126 [1/1] (0.00ns)   --->   "%local_regs_V_259_reload_read = read i32 @_ssdm_op_Read.ap_auto.i32, i32 %local_regs_V_259_reload"   --->   Operation 126 'read' 'local_regs_V_259_reload_read' <Predicate = true> <Delay = 0.00>
ST_1 : Operation 127 [1/1] (0.00ns)   --->   "%local_regs_V_291_reload_read = read i32 @_ssdm_op_Read.ap_auto.i32, i32 %local_regs_V_291_reload"   --->   Operation 127 'read' 'local_regs_V_291_reload_read' <Predicate = true> <Delay = 0.00>
ST_1 : Operation 128 [1/1] (0.00ns)   --->   "%local_regs_V_323_reload_read = read i32 @_ssdm_op_Read.ap_auto.i32, i32 %local_regs_V_323_reload"   --->   Operation 128 'read' 'local_regs_V_323_reload_read' <Predicate = true> <Delay = 0.00>
ST_1 : Operation 129 [1/1] (0.00ns)   --->   "%local_regs_V_355_reload_read = read i32 @_ssdm_op_Read.ap_auto.i32, i32 %local_regs_V_355_reload"   --->   Operation 129 'read' 'local_regs_V_355_reload_read' <Predicate = true> <Delay = 0.00>
ST_1 : Operation 130 [1/1] (0.00ns)   --->   "%local_regs_V_387_reload_read = read i32 @_ssdm_op_Read.ap_auto.i32, i32 %local_regs_V_387_reload"   --->   Operation 130 'read' 'local_regs_V_387_reload_read' <Predicate = true> <Delay = 0.00>
ST_1 : Operation 131 [1/1] (0.00ns)   --->   "%local_regs_V_419_reload_read = read i32 @_ssdm_op_Read.ap_auto.i32, i32 %local_regs_V_419_reload"   --->   Operation 131 'read' 'local_regs_V_419_reload_read' <Predicate = true> <Delay = 0.00>
ST_1 : Operation 132 [1/1] (0.00ns)   --->   "%local_regs_V_451_reload_read = read i32 @_ssdm_op_Read.ap_auto.i32, i32 %local_regs_V_451_reload"   --->   Operation 132 'read' 'local_regs_V_451_reload_read' <Predicate = true> <Delay = 0.00>
ST_1 : Operation 133 [1/1] (0.00ns)   --->   "%local_regs_V_483_reload_read = read i32 @_ssdm_op_Read.ap_auto.i32, i32 %local_regs_V_483_reload"   --->   Operation 133 'read' 'local_regs_V_483_reload_read' <Predicate = true> <Delay = 0.00>
ST_1 : Operation 134 [1/1] (0.00ns)   --->   "%local_regs_V_515_reload_read = read i32 @_ssdm_op_Read.ap_auto.i32, i32 %local_regs_V_515_reload"   --->   Operation 134 'read' 'local_regs_V_515_reload_read' <Predicate = true> <Delay = 0.00>
ST_1 : Operation 135 [1/1] (0.00ns)   --->   "%local_regs_V_547_reload_read = read i32 @_ssdm_op_Read.ap_auto.i32, i32 %local_regs_V_547_reload"   --->   Operation 135 'read' 'local_regs_V_547_reload_read' <Predicate = true> <Delay = 0.00>
ST_1 : Operation 136 [1/1] (0.00ns)   --->   "%local_regs_V_579_reload_read = read i32 @_ssdm_op_Read.ap_auto.i32, i32 %local_regs_V_579_reload"   --->   Operation 136 'read' 'local_regs_V_579_reload_read' <Predicate = true> <Delay = 0.00>
ST_1 : Operation 137 [1/1] (0.00ns)   --->   "%local_regs_V_611_reload_read = read i32 @_ssdm_op_Read.ap_auto.i32, i32 %local_regs_V_611_reload"   --->   Operation 137 'read' 'local_regs_V_611_reload_read' <Predicate = true> <Delay = 0.00>
ST_1 : Operation 138 [1/1] (0.00ns)   --->   "%local_regs_V_643_reload_read = read i32 @_ssdm_op_Read.ap_auto.i32, i32 %local_regs_V_643_reload"   --->   Operation 138 'read' 'local_regs_V_643_reload_read' <Predicate = true> <Delay = 0.00>
ST_1 : Operation 139 [1/1] (0.00ns)   --->   "%local_regs_V_675_reload_read = read i32 @_ssdm_op_Read.ap_auto.i32, i32 %local_regs_V_675_reload"   --->   Operation 139 'read' 'local_regs_V_675_reload_read' <Predicate = true> <Delay = 0.00>
ST_1 : Operation 140 [1/1] (0.00ns)   --->   "%local_regs_V_707_reload_read = read i32 @_ssdm_op_Read.ap_auto.i32, i32 %local_regs_V_707_reload"   --->   Operation 140 'read' 'local_regs_V_707_reload_read' <Predicate = true> <Delay = 0.00>
ST_1 : Operation 141 [1/1] (0.00ns)   --->   "%local_regs_V_739_reload_read = read i32 @_ssdm_op_Read.ap_auto.i32, i32 %local_regs_V_739_reload"   --->   Operation 141 'read' 'local_regs_V_739_reload_read' <Predicate = true> <Delay = 0.00>
ST_1 : Operation 142 [1/1] (0.00ns)   --->   "%local_regs_V_771_reload_read = read i32 @_ssdm_op_Read.ap_auto.i32, i32 %local_regs_V_771_reload"   --->   Operation 142 'read' 'local_regs_V_771_reload_read' <Predicate = true> <Delay = 0.00>
ST_1 : Operation 143 [1/1] (0.00ns)   --->   "%local_regs_V_803_reload_read = read i32 @_ssdm_op_Read.ap_auto.i32, i32 %local_regs_V_803_reload"   --->   Operation 143 'read' 'local_regs_V_803_reload_read' <Predicate = true> <Delay = 0.00>
ST_1 : Operation 144 [1/1] (0.00ns)   --->   "%local_regs_V_835_reload_read = read i32 @_ssdm_op_Read.ap_auto.i32, i32 %local_regs_V_835_reload"   --->   Operation 144 'read' 'local_regs_V_835_reload_read' <Predicate = true> <Delay = 0.00>
ST_1 : Operation 145 [1/1] (0.00ns)   --->   "%local_regs_V_867_reload_read = read i32 @_ssdm_op_Read.ap_auto.i32, i32 %local_regs_V_867_reload"   --->   Operation 145 'read' 'local_regs_V_867_reload_read' <Predicate = true> <Delay = 0.00>
ST_1 : Operation 146 [1/1] (0.00ns)   --->   "%local_regs_V_899_reload_read = read i32 @_ssdm_op_Read.ap_auto.i32, i32 %local_regs_V_899_reload"   --->   Operation 146 'read' 'local_regs_V_899_reload_read' <Predicate = true> <Delay = 0.00>
ST_1 : Operation 147 [1/1] (0.00ns)   --->   "%local_regs_V_931_reload_read = read i32 @_ssdm_op_Read.ap_auto.i32, i32 %local_regs_V_931_reload"   --->   Operation 147 'read' 'local_regs_V_931_reload_read' <Predicate = true> <Delay = 0.00>
ST_1 : Operation 148 [1/1] (0.00ns)   --->   "%local_regs_V_963_reload_read = read i32 @_ssdm_op_Read.ap_auto.i32, i32 %local_regs_V_963_reload"   --->   Operation 148 'read' 'local_regs_V_963_reload_read' <Predicate = true> <Delay = 0.00>
ST_1 : Operation 149 [1/1] (0.00ns)   --->   "%local_regs_V_995_reload_read = read i32 @_ssdm_op_Read.ap_auto.i32, i32 %local_regs_V_995_reload"   --->   Operation 149 'read' 'local_regs_V_995_reload_read' <Predicate = true> <Delay = 0.00>
ST_1 : Operation 150 [1/1] (0.00ns)   --->   "%local_regs_V_4_reload_read = read i32 @_ssdm_op_Read.ap_auto.i32, i32 %local_regs_V_4_reload"   --->   Operation 150 'read' 'local_regs_V_4_reload_read' <Predicate = true> <Delay = 0.00>
ST_1 : Operation 151 [1/1] (0.00ns)   --->   "%local_regs_V_36_reload_read = read i32 @_ssdm_op_Read.ap_auto.i32, i32 %local_regs_V_36_reload"   --->   Operation 151 'read' 'local_regs_V_36_reload_read' <Predicate = true> <Delay = 0.00>
ST_1 : Operation 152 [1/1] (0.00ns)   --->   "%local_regs_V_68_reload_read = read i32 @_ssdm_op_Read.ap_auto.i32, i32 %local_regs_V_68_reload"   --->   Operation 152 'read' 'local_regs_V_68_reload_read' <Predicate = true> <Delay = 0.00>
ST_1 : Operation 153 [1/1] (0.00ns)   --->   "%local_regs_V_100_reload_read = read i32 @_ssdm_op_Read.ap_auto.i32, i32 %local_regs_V_100_reload"   --->   Operation 153 'read' 'local_regs_V_100_reload_read' <Predicate = true> <Delay = 0.00>
ST_1 : Operation 154 [1/1] (0.00ns)   --->   "%local_regs_V_132_reload_read = read i32 @_ssdm_op_Read.ap_auto.i32, i32 %local_regs_V_132_reload"   --->   Operation 154 'read' 'local_regs_V_132_reload_read' <Predicate = true> <Delay = 0.00>
ST_1 : Operation 155 [1/1] (0.00ns)   --->   "%local_regs_V_164_reload_read = read i32 @_ssdm_op_Read.ap_auto.i32, i32 %local_regs_V_164_reload"   --->   Operation 155 'read' 'local_regs_V_164_reload_read' <Predicate = true> <Delay = 0.00>
ST_1 : Operation 156 [1/1] (0.00ns)   --->   "%local_regs_V_196_reload_read = read i32 @_ssdm_op_Read.ap_auto.i32, i32 %local_regs_V_196_reload"   --->   Operation 156 'read' 'local_regs_V_196_reload_read' <Predicate = true> <Delay = 0.00>
ST_1 : Operation 157 [1/1] (0.00ns)   --->   "%local_regs_V_228_reload_read = read i32 @_ssdm_op_Read.ap_auto.i32, i32 %local_regs_V_228_reload"   --->   Operation 157 'read' 'local_regs_V_228_reload_read' <Predicate = true> <Delay = 0.00>
ST_1 : Operation 158 [1/1] (0.00ns)   --->   "%local_regs_V_260_reload_read = read i32 @_ssdm_op_Read.ap_auto.i32, i32 %local_regs_V_260_reload"   --->   Operation 158 'read' 'local_regs_V_260_reload_read' <Predicate = true> <Delay = 0.00>
ST_1 : Operation 159 [1/1] (0.00ns)   --->   "%local_regs_V_292_reload_read = read i32 @_ssdm_op_Read.ap_auto.i32, i32 %local_regs_V_292_reload"   --->   Operation 159 'read' 'local_regs_V_292_reload_read' <Predicate = true> <Delay = 0.00>
ST_1 : Operation 160 [1/1] (0.00ns)   --->   "%local_regs_V_324_reload_read = read i32 @_ssdm_op_Read.ap_auto.i32, i32 %local_regs_V_324_reload"   --->   Operation 160 'read' 'local_regs_V_324_reload_read' <Predicate = true> <Delay = 0.00>
ST_1 : Operation 161 [1/1] (0.00ns)   --->   "%local_regs_V_356_reload_read = read i32 @_ssdm_op_Read.ap_auto.i32, i32 %local_regs_V_356_reload"   --->   Operation 161 'read' 'local_regs_V_356_reload_read' <Predicate = true> <Delay = 0.00>
ST_1 : Operation 162 [1/1] (0.00ns)   --->   "%local_regs_V_388_reload_read = read i32 @_ssdm_op_Read.ap_auto.i32, i32 %local_regs_V_388_reload"   --->   Operation 162 'read' 'local_regs_V_388_reload_read' <Predicate = true> <Delay = 0.00>
ST_1 : Operation 163 [1/1] (0.00ns)   --->   "%local_regs_V_420_reload_read = read i32 @_ssdm_op_Read.ap_auto.i32, i32 %local_regs_V_420_reload"   --->   Operation 163 'read' 'local_regs_V_420_reload_read' <Predicate = true> <Delay = 0.00>
ST_1 : Operation 164 [1/1] (0.00ns)   --->   "%local_regs_V_452_reload_read = read i32 @_ssdm_op_Read.ap_auto.i32, i32 %local_regs_V_452_reload"   --->   Operation 164 'read' 'local_regs_V_452_reload_read' <Predicate = true> <Delay = 0.00>
ST_1 : Operation 165 [1/1] (0.00ns)   --->   "%local_regs_V_484_reload_read = read i32 @_ssdm_op_Read.ap_auto.i32, i32 %local_regs_V_484_reload"   --->   Operation 165 'read' 'local_regs_V_484_reload_read' <Predicate = true> <Delay = 0.00>
ST_1 : Operation 166 [1/1] (0.00ns)   --->   "%local_regs_V_516_reload_read = read i32 @_ssdm_op_Read.ap_auto.i32, i32 %local_regs_V_516_reload"   --->   Operation 166 'read' 'local_regs_V_516_reload_read' <Predicate = true> <Delay = 0.00>
ST_1 : Operation 167 [1/1] (0.00ns)   --->   "%local_regs_V_548_reload_read = read i32 @_ssdm_op_Read.ap_auto.i32, i32 %local_regs_V_548_reload"   --->   Operation 167 'read' 'local_regs_V_548_reload_read' <Predicate = true> <Delay = 0.00>
ST_1 : Operation 168 [1/1] (0.00ns)   --->   "%local_regs_V_580_reload_read = read i32 @_ssdm_op_Read.ap_auto.i32, i32 %local_regs_V_580_reload"   --->   Operation 168 'read' 'local_regs_V_580_reload_read' <Predicate = true> <Delay = 0.00>
ST_1 : Operation 169 [1/1] (0.00ns)   --->   "%local_regs_V_612_reload_read = read i32 @_ssdm_op_Read.ap_auto.i32, i32 %local_regs_V_612_reload"   --->   Operation 169 'read' 'local_regs_V_612_reload_read' <Predicate = true> <Delay = 0.00>
ST_1 : Operation 170 [1/1] (0.00ns)   --->   "%local_regs_V_644_reload_read = read i32 @_ssdm_op_Read.ap_auto.i32, i32 %local_regs_V_644_reload"   --->   Operation 170 'read' 'local_regs_V_644_reload_read' <Predicate = true> <Delay = 0.00>
ST_1 : Operation 171 [1/1] (0.00ns)   --->   "%local_regs_V_676_reload_read = read i32 @_ssdm_op_Read.ap_auto.i32, i32 %local_regs_V_676_reload"   --->   Operation 171 'read' 'local_regs_V_676_reload_read' <Predicate = true> <Delay = 0.00>
ST_1 : Operation 172 [1/1] (0.00ns)   --->   "%local_regs_V_708_reload_read = read i32 @_ssdm_op_Read.ap_auto.i32, i32 %local_regs_V_708_reload"   --->   Operation 172 'read' 'local_regs_V_708_reload_read' <Predicate = true> <Delay = 0.00>
ST_1 : Operation 173 [1/1] (0.00ns)   --->   "%local_regs_V_740_reload_read = read i32 @_ssdm_op_Read.ap_auto.i32, i32 %local_regs_V_740_reload"   --->   Operation 173 'read' 'local_regs_V_740_reload_read' <Predicate = true> <Delay = 0.00>
ST_1 : Operation 174 [1/1] (0.00ns)   --->   "%local_regs_V_772_reload_read = read i32 @_ssdm_op_Read.ap_auto.i32, i32 %local_regs_V_772_reload"   --->   Operation 174 'read' 'local_regs_V_772_reload_read' <Predicate = true> <Delay = 0.00>
ST_1 : Operation 175 [1/1] (0.00ns)   --->   "%local_regs_V_804_reload_read = read i32 @_ssdm_op_Read.ap_auto.i32, i32 %local_regs_V_804_reload"   --->   Operation 175 'read' 'local_regs_V_804_reload_read' <Predicate = true> <Delay = 0.00>
ST_1 : Operation 176 [1/1] (0.00ns)   --->   "%local_regs_V_836_reload_read = read i32 @_ssdm_op_Read.ap_auto.i32, i32 %local_regs_V_836_reload"   --->   Operation 176 'read' 'local_regs_V_836_reload_read' <Predicate = true> <Delay = 0.00>
ST_1 : Operation 177 [1/1] (0.00ns)   --->   "%local_regs_V_868_reload_read = read i32 @_ssdm_op_Read.ap_auto.i32, i32 %local_regs_V_868_reload"   --->   Operation 177 'read' 'local_regs_V_868_reload_read' <Predicate = true> <Delay = 0.00>
ST_1 : Operation 178 [1/1] (0.00ns)   --->   "%local_regs_V_900_reload_read = read i32 @_ssdm_op_Read.ap_auto.i32, i32 %local_regs_V_900_reload"   --->   Operation 178 'read' 'local_regs_V_900_reload_read' <Predicate = true> <Delay = 0.00>
ST_1 : Operation 179 [1/1] (0.00ns)   --->   "%local_regs_V_932_reload_read = read i32 @_ssdm_op_Read.ap_auto.i32, i32 %local_regs_V_932_reload"   --->   Operation 179 'read' 'local_regs_V_932_reload_read' <Predicate = true> <Delay = 0.00>
ST_1 : Operation 180 [1/1] (0.00ns)   --->   "%local_regs_V_964_reload_read = read i32 @_ssdm_op_Read.ap_auto.i32, i32 %local_regs_V_964_reload"   --->   Operation 180 'read' 'local_regs_V_964_reload_read' <Predicate = true> <Delay = 0.00>
ST_1 : Operation 181 [1/1] (0.00ns)   --->   "%local_regs_V_996_reload_read = read i32 @_ssdm_op_Read.ap_auto.i32, i32 %local_regs_V_996_reload"   --->   Operation 181 'read' 'local_regs_V_996_reload_read' <Predicate = true> <Delay = 0.00>
ST_1 : Operation 182 [1/1] (0.00ns)   --->   "%local_regs_V_5_reload_read = read i32 @_ssdm_op_Read.ap_auto.i32, i32 %local_regs_V_5_reload"   --->   Operation 182 'read' 'local_regs_V_5_reload_read' <Predicate = true> <Delay = 0.00>
ST_1 : Operation 183 [1/1] (0.00ns)   --->   "%local_regs_V_37_reload_read = read i32 @_ssdm_op_Read.ap_auto.i32, i32 %local_regs_V_37_reload"   --->   Operation 183 'read' 'local_regs_V_37_reload_read' <Predicate = true> <Delay = 0.00>
ST_1 : Operation 184 [1/1] (0.00ns)   --->   "%local_regs_V_69_reload_read = read i32 @_ssdm_op_Read.ap_auto.i32, i32 %local_regs_V_69_reload"   --->   Operation 184 'read' 'local_regs_V_69_reload_read' <Predicate = true> <Delay = 0.00>
ST_1 : Operation 185 [1/1] (0.00ns)   --->   "%local_regs_V_101_reload_read = read i32 @_ssdm_op_Read.ap_auto.i32, i32 %local_regs_V_101_reload"   --->   Operation 185 'read' 'local_regs_V_101_reload_read' <Predicate = true> <Delay = 0.00>
ST_1 : Operation 186 [1/1] (0.00ns)   --->   "%local_regs_V_133_reload_read = read i32 @_ssdm_op_Read.ap_auto.i32, i32 %local_regs_V_133_reload"   --->   Operation 186 'read' 'local_regs_V_133_reload_read' <Predicate = true> <Delay = 0.00>
ST_1 : Operation 187 [1/1] (0.00ns)   --->   "%local_regs_V_165_reload_read = read i32 @_ssdm_op_Read.ap_auto.i32, i32 %local_regs_V_165_reload"   --->   Operation 187 'read' 'local_regs_V_165_reload_read' <Predicate = true> <Delay = 0.00>
ST_1 : Operation 188 [1/1] (0.00ns)   --->   "%local_regs_V_197_reload_read = read i32 @_ssdm_op_Read.ap_auto.i32, i32 %local_regs_V_197_reload"   --->   Operation 188 'read' 'local_regs_V_197_reload_read' <Predicate = true> <Delay = 0.00>
ST_1 : Operation 189 [1/1] (0.00ns)   --->   "%local_regs_V_229_reload_read = read i32 @_ssdm_op_Read.ap_auto.i32, i32 %local_regs_V_229_reload"   --->   Operation 189 'read' 'local_regs_V_229_reload_read' <Predicate = true> <Delay = 0.00>
ST_1 : Operation 190 [1/1] (0.00ns)   --->   "%local_regs_V_261_reload_read = read i32 @_ssdm_op_Read.ap_auto.i32, i32 %local_regs_V_261_reload"   --->   Operation 190 'read' 'local_regs_V_261_reload_read' <Predicate = true> <Delay = 0.00>
ST_1 : Operation 191 [1/1] (0.00ns)   --->   "%local_regs_V_293_reload_read = read i32 @_ssdm_op_Read.ap_auto.i32, i32 %local_regs_V_293_reload"   --->   Operation 191 'read' 'local_regs_V_293_reload_read' <Predicate = true> <Delay = 0.00>
ST_1 : Operation 192 [1/1] (0.00ns)   --->   "%local_regs_V_325_reload_read = read i32 @_ssdm_op_Read.ap_auto.i32, i32 %local_regs_V_325_reload"   --->   Operation 192 'read' 'local_regs_V_325_reload_read' <Predicate = true> <Delay = 0.00>
ST_1 : Operation 193 [1/1] (0.00ns)   --->   "%local_regs_V_357_reload_read = read i32 @_ssdm_op_Read.ap_auto.i32, i32 %local_regs_V_357_reload"   --->   Operation 193 'read' 'local_regs_V_357_reload_read' <Predicate = true> <Delay = 0.00>
ST_1 : Operation 194 [1/1] (0.00ns)   --->   "%local_regs_V_389_reload_read = read i32 @_ssdm_op_Read.ap_auto.i32, i32 %local_regs_V_389_reload"   --->   Operation 194 'read' 'local_regs_V_389_reload_read' <Predicate = true> <Delay = 0.00>
ST_1 : Operation 195 [1/1] (0.00ns)   --->   "%local_regs_V_421_reload_read = read i32 @_ssdm_op_Read.ap_auto.i32, i32 %local_regs_V_421_reload"   --->   Operation 195 'read' 'local_regs_V_421_reload_read' <Predicate = true> <Delay = 0.00>
ST_1 : Operation 196 [1/1] (0.00ns)   --->   "%local_regs_V_453_reload_read = read i32 @_ssdm_op_Read.ap_auto.i32, i32 %local_regs_V_453_reload"   --->   Operation 196 'read' 'local_regs_V_453_reload_read' <Predicate = true> <Delay = 0.00>
ST_1 : Operation 197 [1/1] (0.00ns)   --->   "%local_regs_V_485_reload_read = read i32 @_ssdm_op_Read.ap_auto.i32, i32 %local_regs_V_485_reload"   --->   Operation 197 'read' 'local_regs_V_485_reload_read' <Predicate = true> <Delay = 0.00>
ST_1 : Operation 198 [1/1] (0.00ns)   --->   "%local_regs_V_517_reload_read = read i32 @_ssdm_op_Read.ap_auto.i32, i32 %local_regs_V_517_reload"   --->   Operation 198 'read' 'local_regs_V_517_reload_read' <Predicate = true> <Delay = 0.00>
ST_1 : Operation 199 [1/1] (0.00ns)   --->   "%local_regs_V_549_reload_read = read i32 @_ssdm_op_Read.ap_auto.i32, i32 %local_regs_V_549_reload"   --->   Operation 199 'read' 'local_regs_V_549_reload_read' <Predicate = true> <Delay = 0.00>
ST_1 : Operation 200 [1/1] (0.00ns)   --->   "%local_regs_V_581_reload_read = read i32 @_ssdm_op_Read.ap_auto.i32, i32 %local_regs_V_581_reload"   --->   Operation 200 'read' 'local_regs_V_581_reload_read' <Predicate = true> <Delay = 0.00>
ST_1 : Operation 201 [1/1] (0.00ns)   --->   "%local_regs_V_613_reload_read = read i32 @_ssdm_op_Read.ap_auto.i32, i32 %local_regs_V_613_reload"   --->   Operation 201 'read' 'local_regs_V_613_reload_read' <Predicate = true> <Delay = 0.00>
ST_1 : Operation 202 [1/1] (0.00ns)   --->   "%local_regs_V_645_reload_read = read i32 @_ssdm_op_Read.ap_auto.i32, i32 %local_regs_V_645_reload"   --->   Operation 202 'read' 'local_regs_V_645_reload_read' <Predicate = true> <Delay = 0.00>
ST_1 : Operation 203 [1/1] (0.00ns)   --->   "%local_regs_V_677_reload_read = read i32 @_ssdm_op_Read.ap_auto.i32, i32 %local_regs_V_677_reload"   --->   Operation 203 'read' 'local_regs_V_677_reload_read' <Predicate = true> <Delay = 0.00>
ST_1 : Operation 204 [1/1] (0.00ns)   --->   "%local_regs_V_709_reload_read = read i32 @_ssdm_op_Read.ap_auto.i32, i32 %local_regs_V_709_reload"   --->   Operation 204 'read' 'local_regs_V_709_reload_read' <Predicate = true> <Delay = 0.00>
ST_1 : Operation 205 [1/1] (0.00ns)   --->   "%local_regs_V_741_reload_read = read i32 @_ssdm_op_Read.ap_auto.i32, i32 %local_regs_V_741_reload"   --->   Operation 205 'read' 'local_regs_V_741_reload_read' <Predicate = true> <Delay = 0.00>
ST_1 : Operation 206 [1/1] (0.00ns)   --->   "%local_regs_V_773_reload_read = read i32 @_ssdm_op_Read.ap_auto.i32, i32 %local_regs_V_773_reload"   --->   Operation 206 'read' 'local_regs_V_773_reload_read' <Predicate = true> <Delay = 0.00>
ST_1 : Operation 207 [1/1] (0.00ns)   --->   "%local_regs_V_805_reload_read = read i32 @_ssdm_op_Read.ap_auto.i32, i32 %local_regs_V_805_reload"   --->   Operation 207 'read' 'local_regs_V_805_reload_read' <Predicate = true> <Delay = 0.00>
ST_1 : Operation 208 [1/1] (0.00ns)   --->   "%local_regs_V_837_reload_read = read i32 @_ssdm_op_Read.ap_auto.i32, i32 %local_regs_V_837_reload"   --->   Operation 208 'read' 'local_regs_V_837_reload_read' <Predicate = true> <Delay = 0.00>
ST_1 : Operation 209 [1/1] (0.00ns)   --->   "%local_regs_V_869_reload_read = read i32 @_ssdm_op_Read.ap_auto.i32, i32 %local_regs_V_869_reload"   --->   Operation 209 'read' 'local_regs_V_869_reload_read' <Predicate = true> <Delay = 0.00>
ST_1 : Operation 210 [1/1] (0.00ns)   --->   "%local_regs_V_901_reload_read = read i32 @_ssdm_op_Read.ap_auto.i32, i32 %local_regs_V_901_reload"   --->   Operation 210 'read' 'local_regs_V_901_reload_read' <Predicate = true> <Delay = 0.00>
ST_1 : Operation 211 [1/1] (0.00ns)   --->   "%local_regs_V_933_reload_read = read i32 @_ssdm_op_Read.ap_auto.i32, i32 %local_regs_V_933_reload"   --->   Operation 211 'read' 'local_regs_V_933_reload_read' <Predicate = true> <Delay = 0.00>
ST_1 : Operation 212 [1/1] (0.00ns)   --->   "%local_regs_V_965_reload_read = read i32 @_ssdm_op_Read.ap_auto.i32, i32 %local_regs_V_965_reload"   --->   Operation 212 'read' 'local_regs_V_965_reload_read' <Predicate = true> <Delay = 0.00>
ST_1 : Operation 213 [1/1] (0.00ns)   --->   "%local_regs_V_997_reload_read = read i32 @_ssdm_op_Read.ap_auto.i32, i32 %local_regs_V_997_reload"   --->   Operation 213 'read' 'local_regs_V_997_reload_read' <Predicate = true> <Delay = 0.00>
ST_1 : Operation 214 [1/1] (0.00ns)   --->   "%local_regs_V_6_reload_read = read i32 @_ssdm_op_Read.ap_auto.i32, i32 %local_regs_V_6_reload"   --->   Operation 214 'read' 'local_regs_V_6_reload_read' <Predicate = true> <Delay = 0.00>
ST_1 : Operation 215 [1/1] (0.00ns)   --->   "%local_regs_V_38_reload_read = read i32 @_ssdm_op_Read.ap_auto.i32, i32 %local_regs_V_38_reload"   --->   Operation 215 'read' 'local_regs_V_38_reload_read' <Predicate = true> <Delay = 0.00>
ST_1 : Operation 216 [1/1] (0.00ns)   --->   "%local_regs_V_70_reload_read = read i32 @_ssdm_op_Read.ap_auto.i32, i32 %local_regs_V_70_reload"   --->   Operation 216 'read' 'local_regs_V_70_reload_read' <Predicate = true> <Delay = 0.00>
ST_1 : Operation 217 [1/1] (0.00ns)   --->   "%local_regs_V_102_reload_read = read i32 @_ssdm_op_Read.ap_auto.i32, i32 %local_regs_V_102_reload"   --->   Operation 217 'read' 'local_regs_V_102_reload_read' <Predicate = true> <Delay = 0.00>
ST_1 : Operation 218 [1/1] (0.00ns)   --->   "%local_regs_V_134_reload_read = read i32 @_ssdm_op_Read.ap_auto.i32, i32 %local_regs_V_134_reload"   --->   Operation 218 'read' 'local_regs_V_134_reload_read' <Predicate = true> <Delay = 0.00>
ST_1 : Operation 219 [1/1] (0.00ns)   --->   "%local_regs_V_166_reload_read = read i32 @_ssdm_op_Read.ap_auto.i32, i32 %local_regs_V_166_reload"   --->   Operation 219 'read' 'local_regs_V_166_reload_read' <Predicate = true> <Delay = 0.00>
ST_1 : Operation 220 [1/1] (0.00ns)   --->   "%local_regs_V_198_reload_read = read i32 @_ssdm_op_Read.ap_auto.i32, i32 %local_regs_V_198_reload"   --->   Operation 220 'read' 'local_regs_V_198_reload_read' <Predicate = true> <Delay = 0.00>
ST_1 : Operation 221 [1/1] (0.00ns)   --->   "%local_regs_V_230_reload_read = read i32 @_ssdm_op_Read.ap_auto.i32, i32 %local_regs_V_230_reload"   --->   Operation 221 'read' 'local_regs_V_230_reload_read' <Predicate = true> <Delay = 0.00>
ST_1 : Operation 222 [1/1] (0.00ns)   --->   "%local_regs_V_262_reload_read = read i32 @_ssdm_op_Read.ap_auto.i32, i32 %local_regs_V_262_reload"   --->   Operation 222 'read' 'local_regs_V_262_reload_read' <Predicate = true> <Delay = 0.00>
ST_1 : Operation 223 [1/1] (0.00ns)   --->   "%local_regs_V_294_reload_read = read i32 @_ssdm_op_Read.ap_auto.i32, i32 %local_regs_V_294_reload"   --->   Operation 223 'read' 'local_regs_V_294_reload_read' <Predicate = true> <Delay = 0.00>
ST_1 : Operation 224 [1/1] (0.00ns)   --->   "%local_regs_V_326_reload_read = read i32 @_ssdm_op_Read.ap_auto.i32, i32 %local_regs_V_326_reload"   --->   Operation 224 'read' 'local_regs_V_326_reload_read' <Predicate = true> <Delay = 0.00>
ST_1 : Operation 225 [1/1] (0.00ns)   --->   "%local_regs_V_358_reload_read = read i32 @_ssdm_op_Read.ap_auto.i32, i32 %local_regs_V_358_reload"   --->   Operation 225 'read' 'local_regs_V_358_reload_read' <Predicate = true> <Delay = 0.00>
ST_1 : Operation 226 [1/1] (0.00ns)   --->   "%local_regs_V_390_reload_read = read i32 @_ssdm_op_Read.ap_auto.i32, i32 %local_regs_V_390_reload"   --->   Operation 226 'read' 'local_regs_V_390_reload_read' <Predicate = true> <Delay = 0.00>
ST_1 : Operation 227 [1/1] (0.00ns)   --->   "%local_regs_V_422_reload_read = read i32 @_ssdm_op_Read.ap_auto.i32, i32 %local_regs_V_422_reload"   --->   Operation 227 'read' 'local_regs_V_422_reload_read' <Predicate = true> <Delay = 0.00>
ST_1 : Operation 228 [1/1] (0.00ns)   --->   "%local_regs_V_454_reload_read = read i32 @_ssdm_op_Read.ap_auto.i32, i32 %local_regs_V_454_reload"   --->   Operation 228 'read' 'local_regs_V_454_reload_read' <Predicate = true> <Delay = 0.00>
ST_1 : Operation 229 [1/1] (0.00ns)   --->   "%local_regs_V_486_reload_read = read i32 @_ssdm_op_Read.ap_auto.i32, i32 %local_regs_V_486_reload"   --->   Operation 229 'read' 'local_regs_V_486_reload_read' <Predicate = true> <Delay = 0.00>
ST_1 : Operation 230 [1/1] (0.00ns)   --->   "%local_regs_V_518_reload_read = read i32 @_ssdm_op_Read.ap_auto.i32, i32 %local_regs_V_518_reload"   --->   Operation 230 'read' 'local_regs_V_518_reload_read' <Predicate = true> <Delay = 0.00>
ST_1 : Operation 231 [1/1] (0.00ns)   --->   "%local_regs_V_550_reload_read = read i32 @_ssdm_op_Read.ap_auto.i32, i32 %local_regs_V_550_reload"   --->   Operation 231 'read' 'local_regs_V_550_reload_read' <Predicate = true> <Delay = 0.00>
ST_1 : Operation 232 [1/1] (0.00ns)   --->   "%local_regs_V_582_reload_read = read i32 @_ssdm_op_Read.ap_auto.i32, i32 %local_regs_V_582_reload"   --->   Operation 232 'read' 'local_regs_V_582_reload_read' <Predicate = true> <Delay = 0.00>
ST_1 : Operation 233 [1/1] (0.00ns)   --->   "%local_regs_V_614_reload_read = read i32 @_ssdm_op_Read.ap_auto.i32, i32 %local_regs_V_614_reload"   --->   Operation 233 'read' 'local_regs_V_614_reload_read' <Predicate = true> <Delay = 0.00>
ST_1 : Operation 234 [1/1] (0.00ns)   --->   "%local_regs_V_646_reload_read = read i32 @_ssdm_op_Read.ap_auto.i32, i32 %local_regs_V_646_reload"   --->   Operation 234 'read' 'local_regs_V_646_reload_read' <Predicate = true> <Delay = 0.00>
ST_1 : Operation 235 [1/1] (0.00ns)   --->   "%local_regs_V_678_reload_read = read i32 @_ssdm_op_Read.ap_auto.i32, i32 %local_regs_V_678_reload"   --->   Operation 235 'read' 'local_regs_V_678_reload_read' <Predicate = true> <Delay = 0.00>
ST_1 : Operation 236 [1/1] (0.00ns)   --->   "%local_regs_V_710_reload_read = read i32 @_ssdm_op_Read.ap_auto.i32, i32 %local_regs_V_710_reload"   --->   Operation 236 'read' 'local_regs_V_710_reload_read' <Predicate = true> <Delay = 0.00>
ST_1 : Operation 237 [1/1] (0.00ns)   --->   "%local_regs_V_742_reload_read = read i32 @_ssdm_op_Read.ap_auto.i32, i32 %local_regs_V_742_reload"   --->   Operation 237 'read' 'local_regs_V_742_reload_read' <Predicate = true> <Delay = 0.00>
ST_1 : Operation 238 [1/1] (0.00ns)   --->   "%local_regs_V_774_reload_read = read i32 @_ssdm_op_Read.ap_auto.i32, i32 %local_regs_V_774_reload"   --->   Operation 238 'read' 'local_regs_V_774_reload_read' <Predicate = true> <Delay = 0.00>
ST_1 : Operation 239 [1/1] (0.00ns)   --->   "%local_regs_V_806_reload_read = read i32 @_ssdm_op_Read.ap_auto.i32, i32 %local_regs_V_806_reload"   --->   Operation 239 'read' 'local_regs_V_806_reload_read' <Predicate = true> <Delay = 0.00>
ST_1 : Operation 240 [1/1] (0.00ns)   --->   "%local_regs_V_838_reload_read = read i32 @_ssdm_op_Read.ap_auto.i32, i32 %local_regs_V_838_reload"   --->   Operation 240 'read' 'local_regs_V_838_reload_read' <Predicate = true> <Delay = 0.00>
ST_1 : Operation 241 [1/1] (0.00ns)   --->   "%local_regs_V_870_reload_read = read i32 @_ssdm_op_Read.ap_auto.i32, i32 %local_regs_V_870_reload"   --->   Operation 241 'read' 'local_regs_V_870_reload_read' <Predicate = true> <Delay = 0.00>
ST_1 : Operation 242 [1/1] (0.00ns)   --->   "%local_regs_V_902_reload_read = read i32 @_ssdm_op_Read.ap_auto.i32, i32 %local_regs_V_902_reload"   --->   Operation 242 'read' 'local_regs_V_902_reload_read' <Predicate = true> <Delay = 0.00>
ST_1 : Operation 243 [1/1] (0.00ns)   --->   "%local_regs_V_934_reload_read = read i32 @_ssdm_op_Read.ap_auto.i32, i32 %local_regs_V_934_reload"   --->   Operation 243 'read' 'local_regs_V_934_reload_read' <Predicate = true> <Delay = 0.00>
ST_1 : Operation 244 [1/1] (0.00ns)   --->   "%local_regs_V_966_reload_read = read i32 @_ssdm_op_Read.ap_auto.i32, i32 %local_regs_V_966_reload"   --->   Operation 244 'read' 'local_regs_V_966_reload_read' <Predicate = true> <Delay = 0.00>
ST_1 : Operation 245 [1/1] (0.00ns)   --->   "%local_regs_V_998_reload_read = read i32 @_ssdm_op_Read.ap_auto.i32, i32 %local_regs_V_998_reload"   --->   Operation 245 'read' 'local_regs_V_998_reload_read' <Predicate = true> <Delay = 0.00>
ST_1 : Operation 246 [1/1] (0.00ns)   --->   "%local_regs_V_7_reload_read = read i32 @_ssdm_op_Read.ap_auto.i32, i32 %local_regs_V_7_reload"   --->   Operation 246 'read' 'local_regs_V_7_reload_read' <Predicate = true> <Delay = 0.00>
ST_1 : Operation 247 [1/1] (0.00ns)   --->   "%local_regs_V_39_reload_read = read i32 @_ssdm_op_Read.ap_auto.i32, i32 %local_regs_V_39_reload"   --->   Operation 247 'read' 'local_regs_V_39_reload_read' <Predicate = true> <Delay = 0.00>
ST_1 : Operation 248 [1/1] (0.00ns)   --->   "%local_regs_V_71_reload_read = read i32 @_ssdm_op_Read.ap_auto.i32, i32 %local_regs_V_71_reload"   --->   Operation 248 'read' 'local_regs_V_71_reload_read' <Predicate = true> <Delay = 0.00>
ST_1 : Operation 249 [1/1] (0.00ns)   --->   "%local_regs_V_103_reload_read = read i32 @_ssdm_op_Read.ap_auto.i32, i32 %local_regs_V_103_reload"   --->   Operation 249 'read' 'local_regs_V_103_reload_read' <Predicate = true> <Delay = 0.00>
ST_1 : Operation 250 [1/1] (0.00ns)   --->   "%local_regs_V_135_reload_read = read i32 @_ssdm_op_Read.ap_auto.i32, i32 %local_regs_V_135_reload"   --->   Operation 250 'read' 'local_regs_V_135_reload_read' <Predicate = true> <Delay = 0.00>
ST_1 : Operation 251 [1/1] (0.00ns)   --->   "%local_regs_V_167_reload_read = read i32 @_ssdm_op_Read.ap_auto.i32, i32 %local_regs_V_167_reload"   --->   Operation 251 'read' 'local_regs_V_167_reload_read' <Predicate = true> <Delay = 0.00>
ST_1 : Operation 252 [1/1] (0.00ns)   --->   "%local_regs_V_199_reload_read = read i32 @_ssdm_op_Read.ap_auto.i32, i32 %local_regs_V_199_reload"   --->   Operation 252 'read' 'local_regs_V_199_reload_read' <Predicate = true> <Delay = 0.00>
ST_1 : Operation 253 [1/1] (0.00ns)   --->   "%local_regs_V_231_reload_read = read i32 @_ssdm_op_Read.ap_auto.i32, i32 %local_regs_V_231_reload"   --->   Operation 253 'read' 'local_regs_V_231_reload_read' <Predicate = true> <Delay = 0.00>
ST_1 : Operation 254 [1/1] (0.00ns)   --->   "%local_regs_V_263_reload_read = read i32 @_ssdm_op_Read.ap_auto.i32, i32 %local_regs_V_263_reload"   --->   Operation 254 'read' 'local_regs_V_263_reload_read' <Predicate = true> <Delay = 0.00>
ST_1 : Operation 255 [1/1] (0.00ns)   --->   "%local_regs_V_295_reload_read = read i32 @_ssdm_op_Read.ap_auto.i32, i32 %local_regs_V_295_reload"   --->   Operation 255 'read' 'local_regs_V_295_reload_read' <Predicate = true> <Delay = 0.00>
ST_1 : Operation 256 [1/1] (0.00ns)   --->   "%local_regs_V_327_reload_read = read i32 @_ssdm_op_Read.ap_auto.i32, i32 %local_regs_V_327_reload"   --->   Operation 256 'read' 'local_regs_V_327_reload_read' <Predicate = true> <Delay = 0.00>
ST_1 : Operation 257 [1/1] (0.00ns)   --->   "%local_regs_V_359_reload_read = read i32 @_ssdm_op_Read.ap_auto.i32, i32 %local_regs_V_359_reload"   --->   Operation 257 'read' 'local_regs_V_359_reload_read' <Predicate = true> <Delay = 0.00>
ST_1 : Operation 258 [1/1] (0.00ns)   --->   "%local_regs_V_391_reload_read = read i32 @_ssdm_op_Read.ap_auto.i32, i32 %local_regs_V_391_reload"   --->   Operation 258 'read' 'local_regs_V_391_reload_read' <Predicate = true> <Delay = 0.00>
ST_1 : Operation 259 [1/1] (0.00ns)   --->   "%local_regs_V_423_reload_read = read i32 @_ssdm_op_Read.ap_auto.i32, i32 %local_regs_V_423_reload"   --->   Operation 259 'read' 'local_regs_V_423_reload_read' <Predicate = true> <Delay = 0.00>
ST_1 : Operation 260 [1/1] (0.00ns)   --->   "%local_regs_V_455_reload_read = read i32 @_ssdm_op_Read.ap_auto.i32, i32 %local_regs_V_455_reload"   --->   Operation 260 'read' 'local_regs_V_455_reload_read' <Predicate = true> <Delay = 0.00>
ST_1 : Operation 261 [1/1] (0.00ns)   --->   "%local_regs_V_487_reload_read = read i32 @_ssdm_op_Read.ap_auto.i32, i32 %local_regs_V_487_reload"   --->   Operation 261 'read' 'local_regs_V_487_reload_read' <Predicate = true> <Delay = 0.00>
ST_1 : Operation 262 [1/1] (0.00ns)   --->   "%local_regs_V_519_reload_read = read i32 @_ssdm_op_Read.ap_auto.i32, i32 %local_regs_V_519_reload"   --->   Operation 262 'read' 'local_regs_V_519_reload_read' <Predicate = true> <Delay = 0.00>
ST_1 : Operation 263 [1/1] (0.00ns)   --->   "%local_regs_V_551_reload_read = read i32 @_ssdm_op_Read.ap_auto.i32, i32 %local_regs_V_551_reload"   --->   Operation 263 'read' 'local_regs_V_551_reload_read' <Predicate = true> <Delay = 0.00>
ST_1 : Operation 264 [1/1] (0.00ns)   --->   "%local_regs_V_583_reload_read = read i32 @_ssdm_op_Read.ap_auto.i32, i32 %local_regs_V_583_reload"   --->   Operation 264 'read' 'local_regs_V_583_reload_read' <Predicate = true> <Delay = 0.00>
ST_1 : Operation 265 [1/1] (0.00ns)   --->   "%local_regs_V_615_reload_read = read i32 @_ssdm_op_Read.ap_auto.i32, i32 %local_regs_V_615_reload"   --->   Operation 265 'read' 'local_regs_V_615_reload_read' <Predicate = true> <Delay = 0.00>
ST_1 : Operation 266 [1/1] (0.00ns)   --->   "%local_regs_V_647_reload_read = read i32 @_ssdm_op_Read.ap_auto.i32, i32 %local_regs_V_647_reload"   --->   Operation 266 'read' 'local_regs_V_647_reload_read' <Predicate = true> <Delay = 0.00>
ST_1 : Operation 267 [1/1] (0.00ns)   --->   "%local_regs_V_679_reload_read = read i32 @_ssdm_op_Read.ap_auto.i32, i32 %local_regs_V_679_reload"   --->   Operation 267 'read' 'local_regs_V_679_reload_read' <Predicate = true> <Delay = 0.00>
ST_1 : Operation 268 [1/1] (0.00ns)   --->   "%local_regs_V_711_reload_read = read i32 @_ssdm_op_Read.ap_auto.i32, i32 %local_regs_V_711_reload"   --->   Operation 268 'read' 'local_regs_V_711_reload_read' <Predicate = true> <Delay = 0.00>
ST_1 : Operation 269 [1/1] (0.00ns)   --->   "%local_regs_V_743_reload_read = read i32 @_ssdm_op_Read.ap_auto.i32, i32 %local_regs_V_743_reload"   --->   Operation 269 'read' 'local_regs_V_743_reload_read' <Predicate = true> <Delay = 0.00>
ST_1 : Operation 270 [1/1] (0.00ns)   --->   "%local_regs_V_775_reload_read = read i32 @_ssdm_op_Read.ap_auto.i32, i32 %local_regs_V_775_reload"   --->   Operation 270 'read' 'local_regs_V_775_reload_read' <Predicate = true> <Delay = 0.00>
ST_1 : Operation 271 [1/1] (0.00ns)   --->   "%local_regs_V_807_reload_read = read i32 @_ssdm_op_Read.ap_auto.i32, i32 %local_regs_V_807_reload"   --->   Operation 271 'read' 'local_regs_V_807_reload_read' <Predicate = true> <Delay = 0.00>
ST_1 : Operation 272 [1/1] (0.00ns)   --->   "%local_regs_V_839_reload_read = read i32 @_ssdm_op_Read.ap_auto.i32, i32 %local_regs_V_839_reload"   --->   Operation 272 'read' 'local_regs_V_839_reload_read' <Predicate = true> <Delay = 0.00>
ST_1 : Operation 273 [1/1] (0.00ns)   --->   "%local_regs_V_871_reload_read = read i32 @_ssdm_op_Read.ap_auto.i32, i32 %local_regs_V_871_reload"   --->   Operation 273 'read' 'local_regs_V_871_reload_read' <Predicate = true> <Delay = 0.00>
ST_1 : Operation 274 [1/1] (0.00ns)   --->   "%local_regs_V_903_reload_read = read i32 @_ssdm_op_Read.ap_auto.i32, i32 %local_regs_V_903_reload"   --->   Operation 274 'read' 'local_regs_V_903_reload_read' <Predicate = true> <Delay = 0.00>
ST_1 : Operation 275 [1/1] (0.00ns)   --->   "%local_regs_V_935_reload_read = read i32 @_ssdm_op_Read.ap_auto.i32, i32 %local_regs_V_935_reload"   --->   Operation 275 'read' 'local_regs_V_935_reload_read' <Predicate = true> <Delay = 0.00>
ST_1 : Operation 276 [1/1] (0.00ns)   --->   "%local_regs_V_967_reload_read = read i32 @_ssdm_op_Read.ap_auto.i32, i32 %local_regs_V_967_reload"   --->   Operation 276 'read' 'local_regs_V_967_reload_read' <Predicate = true> <Delay = 0.00>
ST_1 : Operation 277 [1/1] (0.00ns)   --->   "%local_regs_V_999_reload_read = read i32 @_ssdm_op_Read.ap_auto.i32, i32 %local_regs_V_999_reload"   --->   Operation 277 'read' 'local_regs_V_999_reload_read' <Predicate = true> <Delay = 0.00>
ST_1 : Operation 278 [1/1] (0.00ns)   --->   "%local_regs_V_8_reload_read = read i32 @_ssdm_op_Read.ap_auto.i32, i32 %local_regs_V_8_reload"   --->   Operation 278 'read' 'local_regs_V_8_reload_read' <Predicate = true> <Delay = 0.00>
ST_1 : Operation 279 [1/1] (0.00ns)   --->   "%local_regs_V_40_reload_read = read i32 @_ssdm_op_Read.ap_auto.i32, i32 %local_regs_V_40_reload"   --->   Operation 279 'read' 'local_regs_V_40_reload_read' <Predicate = true> <Delay = 0.00>
ST_1 : Operation 280 [1/1] (0.00ns)   --->   "%local_regs_V_72_reload_read = read i32 @_ssdm_op_Read.ap_auto.i32, i32 %local_regs_V_72_reload"   --->   Operation 280 'read' 'local_regs_V_72_reload_read' <Predicate = true> <Delay = 0.00>
ST_1 : Operation 281 [1/1] (0.00ns)   --->   "%local_regs_V_104_reload_read = read i32 @_ssdm_op_Read.ap_auto.i32, i32 %local_regs_V_104_reload"   --->   Operation 281 'read' 'local_regs_V_104_reload_read' <Predicate = true> <Delay = 0.00>
ST_1 : Operation 282 [1/1] (0.00ns)   --->   "%local_regs_V_136_reload_read = read i32 @_ssdm_op_Read.ap_auto.i32, i32 %local_regs_V_136_reload"   --->   Operation 282 'read' 'local_regs_V_136_reload_read' <Predicate = true> <Delay = 0.00>
ST_1 : Operation 283 [1/1] (0.00ns)   --->   "%local_regs_V_168_reload_read = read i32 @_ssdm_op_Read.ap_auto.i32, i32 %local_regs_V_168_reload"   --->   Operation 283 'read' 'local_regs_V_168_reload_read' <Predicate = true> <Delay = 0.00>
ST_1 : Operation 284 [1/1] (0.00ns)   --->   "%local_regs_V_200_reload_read = read i32 @_ssdm_op_Read.ap_auto.i32, i32 %local_regs_V_200_reload"   --->   Operation 284 'read' 'local_regs_V_200_reload_read' <Predicate = true> <Delay = 0.00>
ST_1 : Operation 285 [1/1] (0.00ns)   --->   "%local_regs_V_232_reload_read = read i32 @_ssdm_op_Read.ap_auto.i32, i32 %local_regs_V_232_reload"   --->   Operation 285 'read' 'local_regs_V_232_reload_read' <Predicate = true> <Delay = 0.00>
ST_1 : Operation 286 [1/1] (0.00ns)   --->   "%local_regs_V_264_reload_read = read i32 @_ssdm_op_Read.ap_auto.i32, i32 %local_regs_V_264_reload"   --->   Operation 286 'read' 'local_regs_V_264_reload_read' <Predicate = true> <Delay = 0.00>
ST_1 : Operation 287 [1/1] (0.00ns)   --->   "%local_regs_V_296_reload_read = read i32 @_ssdm_op_Read.ap_auto.i32, i32 %local_regs_V_296_reload"   --->   Operation 287 'read' 'local_regs_V_296_reload_read' <Predicate = true> <Delay = 0.00>
ST_1 : Operation 288 [1/1] (0.00ns)   --->   "%local_regs_V_328_reload_read = read i32 @_ssdm_op_Read.ap_auto.i32, i32 %local_regs_V_328_reload"   --->   Operation 288 'read' 'local_regs_V_328_reload_read' <Predicate = true> <Delay = 0.00>
ST_1 : Operation 289 [1/1] (0.00ns)   --->   "%local_regs_V_360_reload_read = read i32 @_ssdm_op_Read.ap_auto.i32, i32 %local_regs_V_360_reload"   --->   Operation 289 'read' 'local_regs_V_360_reload_read' <Predicate = true> <Delay = 0.00>
ST_1 : Operation 290 [1/1] (0.00ns)   --->   "%local_regs_V_392_reload_read = read i32 @_ssdm_op_Read.ap_auto.i32, i32 %local_regs_V_392_reload"   --->   Operation 290 'read' 'local_regs_V_392_reload_read' <Predicate = true> <Delay = 0.00>
ST_1 : Operation 291 [1/1] (0.00ns)   --->   "%local_regs_V_424_reload_read = read i32 @_ssdm_op_Read.ap_auto.i32, i32 %local_regs_V_424_reload"   --->   Operation 291 'read' 'local_regs_V_424_reload_read' <Predicate = true> <Delay = 0.00>
ST_1 : Operation 292 [1/1] (0.00ns)   --->   "%local_regs_V_456_reload_read = read i32 @_ssdm_op_Read.ap_auto.i32, i32 %local_regs_V_456_reload"   --->   Operation 292 'read' 'local_regs_V_456_reload_read' <Predicate = true> <Delay = 0.00>
ST_1 : Operation 293 [1/1] (0.00ns)   --->   "%local_regs_V_488_reload_read = read i32 @_ssdm_op_Read.ap_auto.i32, i32 %local_regs_V_488_reload"   --->   Operation 293 'read' 'local_regs_V_488_reload_read' <Predicate = true> <Delay = 0.00>
ST_1 : Operation 294 [1/1] (0.00ns)   --->   "%local_regs_V_520_reload_read = read i32 @_ssdm_op_Read.ap_auto.i32, i32 %local_regs_V_520_reload"   --->   Operation 294 'read' 'local_regs_V_520_reload_read' <Predicate = true> <Delay = 0.00>
ST_1 : Operation 295 [1/1] (0.00ns)   --->   "%local_regs_V_552_reload_read = read i32 @_ssdm_op_Read.ap_auto.i32, i32 %local_regs_V_552_reload"   --->   Operation 295 'read' 'local_regs_V_552_reload_read' <Predicate = true> <Delay = 0.00>
ST_1 : Operation 296 [1/1] (0.00ns)   --->   "%local_regs_V_584_reload_read = read i32 @_ssdm_op_Read.ap_auto.i32, i32 %local_regs_V_584_reload"   --->   Operation 296 'read' 'local_regs_V_584_reload_read' <Predicate = true> <Delay = 0.00>
ST_1 : Operation 297 [1/1] (0.00ns)   --->   "%local_regs_V_616_reload_read = read i32 @_ssdm_op_Read.ap_auto.i32, i32 %local_regs_V_616_reload"   --->   Operation 297 'read' 'local_regs_V_616_reload_read' <Predicate = true> <Delay = 0.00>
ST_1 : Operation 298 [1/1] (0.00ns)   --->   "%local_regs_V_648_reload_read = read i32 @_ssdm_op_Read.ap_auto.i32, i32 %local_regs_V_648_reload"   --->   Operation 298 'read' 'local_regs_V_648_reload_read' <Predicate = true> <Delay = 0.00>
ST_1 : Operation 299 [1/1] (0.00ns)   --->   "%local_regs_V_680_reload_read = read i32 @_ssdm_op_Read.ap_auto.i32, i32 %local_regs_V_680_reload"   --->   Operation 299 'read' 'local_regs_V_680_reload_read' <Predicate = true> <Delay = 0.00>
ST_1 : Operation 300 [1/1] (0.00ns)   --->   "%local_regs_V_712_reload_read = read i32 @_ssdm_op_Read.ap_auto.i32, i32 %local_regs_V_712_reload"   --->   Operation 300 'read' 'local_regs_V_712_reload_read' <Predicate = true> <Delay = 0.00>
ST_1 : Operation 301 [1/1] (0.00ns)   --->   "%local_regs_V_744_reload_read = read i32 @_ssdm_op_Read.ap_auto.i32, i32 %local_regs_V_744_reload"   --->   Operation 301 'read' 'local_regs_V_744_reload_read' <Predicate = true> <Delay = 0.00>
ST_1 : Operation 302 [1/1] (0.00ns)   --->   "%local_regs_V_776_reload_read = read i32 @_ssdm_op_Read.ap_auto.i32, i32 %local_regs_V_776_reload"   --->   Operation 302 'read' 'local_regs_V_776_reload_read' <Predicate = true> <Delay = 0.00>
ST_1 : Operation 303 [1/1] (0.00ns)   --->   "%local_regs_V_808_reload_read = read i32 @_ssdm_op_Read.ap_auto.i32, i32 %local_regs_V_808_reload"   --->   Operation 303 'read' 'local_regs_V_808_reload_read' <Predicate = true> <Delay = 0.00>
ST_1 : Operation 304 [1/1] (0.00ns)   --->   "%local_regs_V_840_reload_read = read i32 @_ssdm_op_Read.ap_auto.i32, i32 %local_regs_V_840_reload"   --->   Operation 304 'read' 'local_regs_V_840_reload_read' <Predicate = true> <Delay = 0.00>
ST_1 : Operation 305 [1/1] (0.00ns)   --->   "%local_regs_V_872_reload_read = read i32 @_ssdm_op_Read.ap_auto.i32, i32 %local_regs_V_872_reload"   --->   Operation 305 'read' 'local_regs_V_872_reload_read' <Predicate = true> <Delay = 0.00>
ST_1 : Operation 306 [1/1] (0.00ns)   --->   "%local_regs_V_904_reload_read = read i32 @_ssdm_op_Read.ap_auto.i32, i32 %local_regs_V_904_reload"   --->   Operation 306 'read' 'local_regs_V_904_reload_read' <Predicate = true> <Delay = 0.00>
ST_1 : Operation 307 [1/1] (0.00ns)   --->   "%local_regs_V_936_reload_read = read i32 @_ssdm_op_Read.ap_auto.i32, i32 %local_regs_V_936_reload"   --->   Operation 307 'read' 'local_regs_V_936_reload_read' <Predicate = true> <Delay = 0.00>
ST_1 : Operation 308 [1/1] (0.00ns)   --->   "%local_regs_V_968_reload_read = read i32 @_ssdm_op_Read.ap_auto.i32, i32 %local_regs_V_968_reload"   --->   Operation 308 'read' 'local_regs_V_968_reload_read' <Predicate = true> <Delay = 0.00>
ST_1 : Operation 309 [1/1] (0.00ns)   --->   "%local_regs_V_1000_reload_read = read i32 @_ssdm_op_Read.ap_auto.i32, i32 %local_regs_V_1000_reload"   --->   Operation 309 'read' 'local_regs_V_1000_reload_read' <Predicate = true> <Delay = 0.00>
ST_1 : Operation 310 [1/1] (0.00ns)   --->   "%local_regs_V_9_reload_read = read i32 @_ssdm_op_Read.ap_auto.i32, i32 %local_regs_V_9_reload"   --->   Operation 310 'read' 'local_regs_V_9_reload_read' <Predicate = true> <Delay = 0.00>
ST_1 : Operation 311 [1/1] (0.00ns)   --->   "%local_regs_V_41_reload_read = read i32 @_ssdm_op_Read.ap_auto.i32, i32 %local_regs_V_41_reload"   --->   Operation 311 'read' 'local_regs_V_41_reload_read' <Predicate = true> <Delay = 0.00>
ST_1 : Operation 312 [1/1] (0.00ns)   --->   "%local_regs_V_73_reload_read = read i32 @_ssdm_op_Read.ap_auto.i32, i32 %local_regs_V_73_reload"   --->   Operation 312 'read' 'local_regs_V_73_reload_read' <Predicate = true> <Delay = 0.00>
ST_1 : Operation 313 [1/1] (0.00ns)   --->   "%local_regs_V_105_reload_read = read i32 @_ssdm_op_Read.ap_auto.i32, i32 %local_regs_V_105_reload"   --->   Operation 313 'read' 'local_regs_V_105_reload_read' <Predicate = true> <Delay = 0.00>
ST_1 : Operation 314 [1/1] (0.00ns)   --->   "%local_regs_V_137_reload_read = read i32 @_ssdm_op_Read.ap_auto.i32, i32 %local_regs_V_137_reload"   --->   Operation 314 'read' 'local_regs_V_137_reload_read' <Predicate = true> <Delay = 0.00>
ST_1 : Operation 315 [1/1] (0.00ns)   --->   "%local_regs_V_169_reload_read = read i32 @_ssdm_op_Read.ap_auto.i32, i32 %local_regs_V_169_reload"   --->   Operation 315 'read' 'local_regs_V_169_reload_read' <Predicate = true> <Delay = 0.00>
ST_1 : Operation 316 [1/1] (0.00ns)   --->   "%local_regs_V_201_reload_read = read i32 @_ssdm_op_Read.ap_auto.i32, i32 %local_regs_V_201_reload"   --->   Operation 316 'read' 'local_regs_V_201_reload_read' <Predicate = true> <Delay = 0.00>
ST_1 : Operation 317 [1/1] (0.00ns)   --->   "%local_regs_V_233_reload_read = read i32 @_ssdm_op_Read.ap_auto.i32, i32 %local_regs_V_233_reload"   --->   Operation 317 'read' 'local_regs_V_233_reload_read' <Predicate = true> <Delay = 0.00>
ST_1 : Operation 318 [1/1] (0.00ns)   --->   "%local_regs_V_265_reload_read = read i32 @_ssdm_op_Read.ap_auto.i32, i32 %local_regs_V_265_reload"   --->   Operation 318 'read' 'local_regs_V_265_reload_read' <Predicate = true> <Delay = 0.00>
ST_1 : Operation 319 [1/1] (0.00ns)   --->   "%local_regs_V_297_reload_read = read i32 @_ssdm_op_Read.ap_auto.i32, i32 %local_regs_V_297_reload"   --->   Operation 319 'read' 'local_regs_V_297_reload_read' <Predicate = true> <Delay = 0.00>
ST_1 : Operation 320 [1/1] (0.00ns)   --->   "%local_regs_V_329_reload_read = read i32 @_ssdm_op_Read.ap_auto.i32, i32 %local_regs_V_329_reload"   --->   Operation 320 'read' 'local_regs_V_329_reload_read' <Predicate = true> <Delay = 0.00>
ST_1 : Operation 321 [1/1] (0.00ns)   --->   "%local_regs_V_361_reload_read = read i32 @_ssdm_op_Read.ap_auto.i32, i32 %local_regs_V_361_reload"   --->   Operation 321 'read' 'local_regs_V_361_reload_read' <Predicate = true> <Delay = 0.00>
ST_1 : Operation 322 [1/1] (0.00ns)   --->   "%local_regs_V_393_reload_read = read i32 @_ssdm_op_Read.ap_auto.i32, i32 %local_regs_V_393_reload"   --->   Operation 322 'read' 'local_regs_V_393_reload_read' <Predicate = true> <Delay = 0.00>
ST_1 : Operation 323 [1/1] (0.00ns)   --->   "%local_regs_V_425_reload_read = read i32 @_ssdm_op_Read.ap_auto.i32, i32 %local_regs_V_425_reload"   --->   Operation 323 'read' 'local_regs_V_425_reload_read' <Predicate = true> <Delay = 0.00>
ST_1 : Operation 324 [1/1] (0.00ns)   --->   "%local_regs_V_457_reload_read = read i32 @_ssdm_op_Read.ap_auto.i32, i32 %local_regs_V_457_reload"   --->   Operation 324 'read' 'local_regs_V_457_reload_read' <Predicate = true> <Delay = 0.00>
ST_1 : Operation 325 [1/1] (0.00ns)   --->   "%local_regs_V_489_reload_read = read i32 @_ssdm_op_Read.ap_auto.i32, i32 %local_regs_V_489_reload"   --->   Operation 325 'read' 'local_regs_V_489_reload_read' <Predicate = true> <Delay = 0.00>
ST_1 : Operation 326 [1/1] (0.00ns)   --->   "%local_regs_V_521_reload_read = read i32 @_ssdm_op_Read.ap_auto.i32, i32 %local_regs_V_521_reload"   --->   Operation 326 'read' 'local_regs_V_521_reload_read' <Predicate = true> <Delay = 0.00>
ST_1 : Operation 327 [1/1] (0.00ns)   --->   "%local_regs_V_553_reload_read = read i32 @_ssdm_op_Read.ap_auto.i32, i32 %local_regs_V_553_reload"   --->   Operation 327 'read' 'local_regs_V_553_reload_read' <Predicate = true> <Delay = 0.00>
ST_1 : Operation 328 [1/1] (0.00ns)   --->   "%local_regs_V_585_reload_read = read i32 @_ssdm_op_Read.ap_auto.i32, i32 %local_regs_V_585_reload"   --->   Operation 328 'read' 'local_regs_V_585_reload_read' <Predicate = true> <Delay = 0.00>
ST_1 : Operation 329 [1/1] (0.00ns)   --->   "%local_regs_V_617_reload_read = read i32 @_ssdm_op_Read.ap_auto.i32, i32 %local_regs_V_617_reload"   --->   Operation 329 'read' 'local_regs_V_617_reload_read' <Predicate = true> <Delay = 0.00>
ST_1 : Operation 330 [1/1] (0.00ns)   --->   "%local_regs_V_649_reload_read = read i32 @_ssdm_op_Read.ap_auto.i32, i32 %local_regs_V_649_reload"   --->   Operation 330 'read' 'local_regs_V_649_reload_read' <Predicate = true> <Delay = 0.00>
ST_1 : Operation 331 [1/1] (0.00ns)   --->   "%local_regs_V_681_reload_read = read i32 @_ssdm_op_Read.ap_auto.i32, i32 %local_regs_V_681_reload"   --->   Operation 331 'read' 'local_regs_V_681_reload_read' <Predicate = true> <Delay = 0.00>
ST_1 : Operation 332 [1/1] (0.00ns)   --->   "%local_regs_V_713_reload_read = read i32 @_ssdm_op_Read.ap_auto.i32, i32 %local_regs_V_713_reload"   --->   Operation 332 'read' 'local_regs_V_713_reload_read' <Predicate = true> <Delay = 0.00>
ST_1 : Operation 333 [1/1] (0.00ns)   --->   "%local_regs_V_745_reload_read = read i32 @_ssdm_op_Read.ap_auto.i32, i32 %local_regs_V_745_reload"   --->   Operation 333 'read' 'local_regs_V_745_reload_read' <Predicate = true> <Delay = 0.00>
ST_1 : Operation 334 [1/1] (0.00ns)   --->   "%local_regs_V_777_reload_read = read i32 @_ssdm_op_Read.ap_auto.i32, i32 %local_regs_V_777_reload"   --->   Operation 334 'read' 'local_regs_V_777_reload_read' <Predicate = true> <Delay = 0.00>
ST_1 : Operation 335 [1/1] (0.00ns)   --->   "%local_regs_V_809_reload_read = read i32 @_ssdm_op_Read.ap_auto.i32, i32 %local_regs_V_809_reload"   --->   Operation 335 'read' 'local_regs_V_809_reload_read' <Predicate = true> <Delay = 0.00>
ST_1 : Operation 336 [1/1] (0.00ns)   --->   "%local_regs_V_841_reload_read = read i32 @_ssdm_op_Read.ap_auto.i32, i32 %local_regs_V_841_reload"   --->   Operation 336 'read' 'local_regs_V_841_reload_read' <Predicate = true> <Delay = 0.00>
ST_1 : Operation 337 [1/1] (0.00ns)   --->   "%local_regs_V_873_reload_read = read i32 @_ssdm_op_Read.ap_auto.i32, i32 %local_regs_V_873_reload"   --->   Operation 337 'read' 'local_regs_V_873_reload_read' <Predicate = true> <Delay = 0.00>
ST_1 : Operation 338 [1/1] (0.00ns)   --->   "%local_regs_V_905_reload_read = read i32 @_ssdm_op_Read.ap_auto.i32, i32 %local_regs_V_905_reload"   --->   Operation 338 'read' 'local_regs_V_905_reload_read' <Predicate = true> <Delay = 0.00>
ST_1 : Operation 339 [1/1] (0.00ns)   --->   "%local_regs_V_937_reload_read = read i32 @_ssdm_op_Read.ap_auto.i32, i32 %local_regs_V_937_reload"   --->   Operation 339 'read' 'local_regs_V_937_reload_read' <Predicate = true> <Delay = 0.00>
ST_1 : Operation 340 [1/1] (0.00ns)   --->   "%local_regs_V_969_reload_read = read i32 @_ssdm_op_Read.ap_auto.i32, i32 %local_regs_V_969_reload"   --->   Operation 340 'read' 'local_regs_V_969_reload_read' <Predicate = true> <Delay = 0.00>
ST_1 : Operation 341 [1/1] (0.00ns)   --->   "%local_regs_V_1001_reload_read = read i32 @_ssdm_op_Read.ap_auto.i32, i32 %local_regs_V_1001_reload"   --->   Operation 341 'read' 'local_regs_V_1001_reload_read' <Predicate = true> <Delay = 0.00>
ST_1 : Operation 342 [1/1] (0.00ns)   --->   "%local_regs_V_10_reload_read = read i32 @_ssdm_op_Read.ap_auto.i32, i32 %local_regs_V_10_reload"   --->   Operation 342 'read' 'local_regs_V_10_reload_read' <Predicate = true> <Delay = 0.00>
ST_1 : Operation 343 [1/1] (0.00ns)   --->   "%local_regs_V_42_reload_read = read i32 @_ssdm_op_Read.ap_auto.i32, i32 %local_regs_V_42_reload"   --->   Operation 343 'read' 'local_regs_V_42_reload_read' <Predicate = true> <Delay = 0.00>
ST_1 : Operation 344 [1/1] (0.00ns)   --->   "%local_regs_V_74_reload_read = read i32 @_ssdm_op_Read.ap_auto.i32, i32 %local_regs_V_74_reload"   --->   Operation 344 'read' 'local_regs_V_74_reload_read' <Predicate = true> <Delay = 0.00>
ST_1 : Operation 345 [1/1] (0.00ns)   --->   "%local_regs_V_106_reload_read = read i32 @_ssdm_op_Read.ap_auto.i32, i32 %local_regs_V_106_reload"   --->   Operation 345 'read' 'local_regs_V_106_reload_read' <Predicate = true> <Delay = 0.00>
ST_1 : Operation 346 [1/1] (0.00ns)   --->   "%local_regs_V_138_reload_read = read i32 @_ssdm_op_Read.ap_auto.i32, i32 %local_regs_V_138_reload"   --->   Operation 346 'read' 'local_regs_V_138_reload_read' <Predicate = true> <Delay = 0.00>
ST_1 : Operation 347 [1/1] (0.00ns)   --->   "%local_regs_V_170_reload_read = read i32 @_ssdm_op_Read.ap_auto.i32, i32 %local_regs_V_170_reload"   --->   Operation 347 'read' 'local_regs_V_170_reload_read' <Predicate = true> <Delay = 0.00>
ST_1 : Operation 348 [1/1] (0.00ns)   --->   "%local_regs_V_202_reload_read = read i32 @_ssdm_op_Read.ap_auto.i32, i32 %local_regs_V_202_reload"   --->   Operation 348 'read' 'local_regs_V_202_reload_read' <Predicate = true> <Delay = 0.00>
ST_1 : Operation 349 [1/1] (0.00ns)   --->   "%local_regs_V_234_reload_read = read i32 @_ssdm_op_Read.ap_auto.i32, i32 %local_regs_V_234_reload"   --->   Operation 349 'read' 'local_regs_V_234_reload_read' <Predicate = true> <Delay = 0.00>
ST_1 : Operation 350 [1/1] (0.00ns)   --->   "%local_regs_V_266_reload_read = read i32 @_ssdm_op_Read.ap_auto.i32, i32 %local_regs_V_266_reload"   --->   Operation 350 'read' 'local_regs_V_266_reload_read' <Predicate = true> <Delay = 0.00>
ST_1 : Operation 351 [1/1] (0.00ns)   --->   "%local_regs_V_298_reload_read = read i32 @_ssdm_op_Read.ap_auto.i32, i32 %local_regs_V_298_reload"   --->   Operation 351 'read' 'local_regs_V_298_reload_read' <Predicate = true> <Delay = 0.00>
ST_1 : Operation 352 [1/1] (0.00ns)   --->   "%local_regs_V_330_reload_read = read i32 @_ssdm_op_Read.ap_auto.i32, i32 %local_regs_V_330_reload"   --->   Operation 352 'read' 'local_regs_V_330_reload_read' <Predicate = true> <Delay = 0.00>
ST_1 : Operation 353 [1/1] (0.00ns)   --->   "%local_regs_V_362_reload_read = read i32 @_ssdm_op_Read.ap_auto.i32, i32 %local_regs_V_362_reload"   --->   Operation 353 'read' 'local_regs_V_362_reload_read' <Predicate = true> <Delay = 0.00>
ST_1 : Operation 354 [1/1] (0.00ns)   --->   "%local_regs_V_394_reload_read = read i32 @_ssdm_op_Read.ap_auto.i32, i32 %local_regs_V_394_reload"   --->   Operation 354 'read' 'local_regs_V_394_reload_read' <Predicate = true> <Delay = 0.00>
ST_1 : Operation 355 [1/1] (0.00ns)   --->   "%local_regs_V_426_reload_read = read i32 @_ssdm_op_Read.ap_auto.i32, i32 %local_regs_V_426_reload"   --->   Operation 355 'read' 'local_regs_V_426_reload_read' <Predicate = true> <Delay = 0.00>
ST_1 : Operation 356 [1/1] (0.00ns)   --->   "%local_regs_V_458_reload_read = read i32 @_ssdm_op_Read.ap_auto.i32, i32 %local_regs_V_458_reload"   --->   Operation 356 'read' 'local_regs_V_458_reload_read' <Predicate = true> <Delay = 0.00>
ST_1 : Operation 357 [1/1] (0.00ns)   --->   "%local_regs_V_490_reload_read = read i32 @_ssdm_op_Read.ap_auto.i32, i32 %local_regs_V_490_reload"   --->   Operation 357 'read' 'local_regs_V_490_reload_read' <Predicate = true> <Delay = 0.00>
ST_1 : Operation 358 [1/1] (0.00ns)   --->   "%local_regs_V_522_reload_read = read i32 @_ssdm_op_Read.ap_auto.i32, i32 %local_regs_V_522_reload"   --->   Operation 358 'read' 'local_regs_V_522_reload_read' <Predicate = true> <Delay = 0.00>
ST_1 : Operation 359 [1/1] (0.00ns)   --->   "%local_regs_V_554_reload_read = read i32 @_ssdm_op_Read.ap_auto.i32, i32 %local_regs_V_554_reload"   --->   Operation 359 'read' 'local_regs_V_554_reload_read' <Predicate = true> <Delay = 0.00>
ST_1 : Operation 360 [1/1] (0.00ns)   --->   "%local_regs_V_586_reload_read = read i32 @_ssdm_op_Read.ap_auto.i32, i32 %local_regs_V_586_reload"   --->   Operation 360 'read' 'local_regs_V_586_reload_read' <Predicate = true> <Delay = 0.00>
ST_1 : Operation 361 [1/1] (0.00ns)   --->   "%local_regs_V_618_reload_read = read i32 @_ssdm_op_Read.ap_auto.i32, i32 %local_regs_V_618_reload"   --->   Operation 361 'read' 'local_regs_V_618_reload_read' <Predicate = true> <Delay = 0.00>
ST_1 : Operation 362 [1/1] (0.00ns)   --->   "%local_regs_V_650_reload_read = read i32 @_ssdm_op_Read.ap_auto.i32, i32 %local_regs_V_650_reload"   --->   Operation 362 'read' 'local_regs_V_650_reload_read' <Predicate = true> <Delay = 0.00>
ST_1 : Operation 363 [1/1] (0.00ns)   --->   "%local_regs_V_682_reload_read = read i32 @_ssdm_op_Read.ap_auto.i32, i32 %local_regs_V_682_reload"   --->   Operation 363 'read' 'local_regs_V_682_reload_read' <Predicate = true> <Delay = 0.00>
ST_1 : Operation 364 [1/1] (0.00ns)   --->   "%local_regs_V_714_reload_read = read i32 @_ssdm_op_Read.ap_auto.i32, i32 %local_regs_V_714_reload"   --->   Operation 364 'read' 'local_regs_V_714_reload_read' <Predicate = true> <Delay = 0.00>
ST_1 : Operation 365 [1/1] (0.00ns)   --->   "%local_regs_V_746_reload_read = read i32 @_ssdm_op_Read.ap_auto.i32, i32 %local_regs_V_746_reload"   --->   Operation 365 'read' 'local_regs_V_746_reload_read' <Predicate = true> <Delay = 0.00>
ST_1 : Operation 366 [1/1] (0.00ns)   --->   "%local_regs_V_778_reload_read = read i32 @_ssdm_op_Read.ap_auto.i32, i32 %local_regs_V_778_reload"   --->   Operation 366 'read' 'local_regs_V_778_reload_read' <Predicate = true> <Delay = 0.00>
ST_1 : Operation 367 [1/1] (0.00ns)   --->   "%local_regs_V_810_reload_read = read i32 @_ssdm_op_Read.ap_auto.i32, i32 %local_regs_V_810_reload"   --->   Operation 367 'read' 'local_regs_V_810_reload_read' <Predicate = true> <Delay = 0.00>
ST_1 : Operation 368 [1/1] (0.00ns)   --->   "%local_regs_V_842_reload_read = read i32 @_ssdm_op_Read.ap_auto.i32, i32 %local_regs_V_842_reload"   --->   Operation 368 'read' 'local_regs_V_842_reload_read' <Predicate = true> <Delay = 0.00>
ST_1 : Operation 369 [1/1] (0.00ns)   --->   "%local_regs_V_874_reload_read = read i32 @_ssdm_op_Read.ap_auto.i32, i32 %local_regs_V_874_reload"   --->   Operation 369 'read' 'local_regs_V_874_reload_read' <Predicate = true> <Delay = 0.00>
ST_1 : Operation 370 [1/1] (0.00ns)   --->   "%local_regs_V_906_reload_read = read i32 @_ssdm_op_Read.ap_auto.i32, i32 %local_regs_V_906_reload"   --->   Operation 370 'read' 'local_regs_V_906_reload_read' <Predicate = true> <Delay = 0.00>
ST_1 : Operation 371 [1/1] (0.00ns)   --->   "%local_regs_V_938_reload_read = read i32 @_ssdm_op_Read.ap_auto.i32, i32 %local_regs_V_938_reload"   --->   Operation 371 'read' 'local_regs_V_938_reload_read' <Predicate = true> <Delay = 0.00>
ST_1 : Operation 372 [1/1] (0.00ns)   --->   "%local_regs_V_970_reload_read = read i32 @_ssdm_op_Read.ap_auto.i32, i32 %local_regs_V_970_reload"   --->   Operation 372 'read' 'local_regs_V_970_reload_read' <Predicate = true> <Delay = 0.00>
ST_1 : Operation 373 [1/1] (0.00ns)   --->   "%local_regs_V_1002_reload_read = read i32 @_ssdm_op_Read.ap_auto.i32, i32 %local_regs_V_1002_reload"   --->   Operation 373 'read' 'local_regs_V_1002_reload_read' <Predicate = true> <Delay = 0.00>
ST_1 : Operation 374 [1/1] (0.00ns)   --->   "%local_regs_V_11_reload_read = read i32 @_ssdm_op_Read.ap_auto.i32, i32 %local_regs_V_11_reload"   --->   Operation 374 'read' 'local_regs_V_11_reload_read' <Predicate = true> <Delay = 0.00>
ST_1 : Operation 375 [1/1] (0.00ns)   --->   "%local_regs_V_43_reload_read = read i32 @_ssdm_op_Read.ap_auto.i32, i32 %local_regs_V_43_reload"   --->   Operation 375 'read' 'local_regs_V_43_reload_read' <Predicate = true> <Delay = 0.00>
ST_1 : Operation 376 [1/1] (0.00ns)   --->   "%local_regs_V_75_reload_read = read i32 @_ssdm_op_Read.ap_auto.i32, i32 %local_regs_V_75_reload"   --->   Operation 376 'read' 'local_regs_V_75_reload_read' <Predicate = true> <Delay = 0.00>
ST_1 : Operation 377 [1/1] (0.00ns)   --->   "%local_regs_V_107_reload_read = read i32 @_ssdm_op_Read.ap_auto.i32, i32 %local_regs_V_107_reload"   --->   Operation 377 'read' 'local_regs_V_107_reload_read' <Predicate = true> <Delay = 0.00>
ST_1 : Operation 378 [1/1] (0.00ns)   --->   "%local_regs_V_139_reload_read = read i32 @_ssdm_op_Read.ap_auto.i32, i32 %local_regs_V_139_reload"   --->   Operation 378 'read' 'local_regs_V_139_reload_read' <Predicate = true> <Delay = 0.00>
ST_1 : Operation 379 [1/1] (0.00ns)   --->   "%local_regs_V_171_reload_read = read i32 @_ssdm_op_Read.ap_auto.i32, i32 %local_regs_V_171_reload"   --->   Operation 379 'read' 'local_regs_V_171_reload_read' <Predicate = true> <Delay = 0.00>
ST_1 : Operation 380 [1/1] (0.00ns)   --->   "%local_regs_V_203_reload_read = read i32 @_ssdm_op_Read.ap_auto.i32, i32 %local_regs_V_203_reload"   --->   Operation 380 'read' 'local_regs_V_203_reload_read' <Predicate = true> <Delay = 0.00>
ST_1 : Operation 381 [1/1] (0.00ns)   --->   "%local_regs_V_235_reload_read = read i32 @_ssdm_op_Read.ap_auto.i32, i32 %local_regs_V_235_reload"   --->   Operation 381 'read' 'local_regs_V_235_reload_read' <Predicate = true> <Delay = 0.00>
ST_1 : Operation 382 [1/1] (0.00ns)   --->   "%local_regs_V_267_reload_read = read i32 @_ssdm_op_Read.ap_auto.i32, i32 %local_regs_V_267_reload"   --->   Operation 382 'read' 'local_regs_V_267_reload_read' <Predicate = true> <Delay = 0.00>
ST_1 : Operation 383 [1/1] (0.00ns)   --->   "%local_regs_V_299_reload_read = read i32 @_ssdm_op_Read.ap_auto.i32, i32 %local_regs_V_299_reload"   --->   Operation 383 'read' 'local_regs_V_299_reload_read' <Predicate = true> <Delay = 0.00>
ST_1 : Operation 384 [1/1] (0.00ns)   --->   "%local_regs_V_331_reload_read = read i32 @_ssdm_op_Read.ap_auto.i32, i32 %local_regs_V_331_reload"   --->   Operation 384 'read' 'local_regs_V_331_reload_read' <Predicate = true> <Delay = 0.00>
ST_1 : Operation 385 [1/1] (0.00ns)   --->   "%local_regs_V_363_reload_read = read i32 @_ssdm_op_Read.ap_auto.i32, i32 %local_regs_V_363_reload"   --->   Operation 385 'read' 'local_regs_V_363_reload_read' <Predicate = true> <Delay = 0.00>
ST_1 : Operation 386 [1/1] (0.00ns)   --->   "%local_regs_V_395_reload_read = read i32 @_ssdm_op_Read.ap_auto.i32, i32 %local_regs_V_395_reload"   --->   Operation 386 'read' 'local_regs_V_395_reload_read' <Predicate = true> <Delay = 0.00>
ST_1 : Operation 387 [1/1] (0.00ns)   --->   "%local_regs_V_427_reload_read = read i32 @_ssdm_op_Read.ap_auto.i32, i32 %local_regs_V_427_reload"   --->   Operation 387 'read' 'local_regs_V_427_reload_read' <Predicate = true> <Delay = 0.00>
ST_1 : Operation 388 [1/1] (0.00ns)   --->   "%local_regs_V_459_reload_read = read i32 @_ssdm_op_Read.ap_auto.i32, i32 %local_regs_V_459_reload"   --->   Operation 388 'read' 'local_regs_V_459_reload_read' <Predicate = true> <Delay = 0.00>
ST_1 : Operation 389 [1/1] (0.00ns)   --->   "%local_regs_V_491_reload_read = read i32 @_ssdm_op_Read.ap_auto.i32, i32 %local_regs_V_491_reload"   --->   Operation 389 'read' 'local_regs_V_491_reload_read' <Predicate = true> <Delay = 0.00>
ST_1 : Operation 390 [1/1] (0.00ns)   --->   "%local_regs_V_523_reload_read = read i32 @_ssdm_op_Read.ap_auto.i32, i32 %local_regs_V_523_reload"   --->   Operation 390 'read' 'local_regs_V_523_reload_read' <Predicate = true> <Delay = 0.00>
ST_1 : Operation 391 [1/1] (0.00ns)   --->   "%local_regs_V_555_reload_read = read i32 @_ssdm_op_Read.ap_auto.i32, i32 %local_regs_V_555_reload"   --->   Operation 391 'read' 'local_regs_V_555_reload_read' <Predicate = true> <Delay = 0.00>
ST_1 : Operation 392 [1/1] (0.00ns)   --->   "%local_regs_V_587_reload_read = read i32 @_ssdm_op_Read.ap_auto.i32, i32 %local_regs_V_587_reload"   --->   Operation 392 'read' 'local_regs_V_587_reload_read' <Predicate = true> <Delay = 0.00>
ST_1 : Operation 393 [1/1] (0.00ns)   --->   "%local_regs_V_619_reload_read = read i32 @_ssdm_op_Read.ap_auto.i32, i32 %local_regs_V_619_reload"   --->   Operation 393 'read' 'local_regs_V_619_reload_read' <Predicate = true> <Delay = 0.00>
ST_1 : Operation 394 [1/1] (0.00ns)   --->   "%local_regs_V_651_reload_read = read i32 @_ssdm_op_Read.ap_auto.i32, i32 %local_regs_V_651_reload"   --->   Operation 394 'read' 'local_regs_V_651_reload_read' <Predicate = true> <Delay = 0.00>
ST_1 : Operation 395 [1/1] (0.00ns)   --->   "%local_regs_V_683_reload_read = read i32 @_ssdm_op_Read.ap_auto.i32, i32 %local_regs_V_683_reload"   --->   Operation 395 'read' 'local_regs_V_683_reload_read' <Predicate = true> <Delay = 0.00>
ST_1 : Operation 396 [1/1] (0.00ns)   --->   "%local_regs_V_715_reload_read = read i32 @_ssdm_op_Read.ap_auto.i32, i32 %local_regs_V_715_reload"   --->   Operation 396 'read' 'local_regs_V_715_reload_read' <Predicate = true> <Delay = 0.00>
ST_1 : Operation 397 [1/1] (0.00ns)   --->   "%local_regs_V_747_reload_read = read i32 @_ssdm_op_Read.ap_auto.i32, i32 %local_regs_V_747_reload"   --->   Operation 397 'read' 'local_regs_V_747_reload_read' <Predicate = true> <Delay = 0.00>
ST_1 : Operation 398 [1/1] (0.00ns)   --->   "%local_regs_V_779_reload_read = read i32 @_ssdm_op_Read.ap_auto.i32, i32 %local_regs_V_779_reload"   --->   Operation 398 'read' 'local_regs_V_779_reload_read' <Predicate = true> <Delay = 0.00>
ST_1 : Operation 399 [1/1] (0.00ns)   --->   "%local_regs_V_811_reload_read = read i32 @_ssdm_op_Read.ap_auto.i32, i32 %local_regs_V_811_reload"   --->   Operation 399 'read' 'local_regs_V_811_reload_read' <Predicate = true> <Delay = 0.00>
ST_1 : Operation 400 [1/1] (0.00ns)   --->   "%local_regs_V_843_reload_read = read i32 @_ssdm_op_Read.ap_auto.i32, i32 %local_regs_V_843_reload"   --->   Operation 400 'read' 'local_regs_V_843_reload_read' <Predicate = true> <Delay = 0.00>
ST_1 : Operation 401 [1/1] (0.00ns)   --->   "%local_regs_V_875_reload_read = read i32 @_ssdm_op_Read.ap_auto.i32, i32 %local_regs_V_875_reload"   --->   Operation 401 'read' 'local_regs_V_875_reload_read' <Predicate = true> <Delay = 0.00>
ST_1 : Operation 402 [1/1] (0.00ns)   --->   "%local_regs_V_907_reload_read = read i32 @_ssdm_op_Read.ap_auto.i32, i32 %local_regs_V_907_reload"   --->   Operation 402 'read' 'local_regs_V_907_reload_read' <Predicate = true> <Delay = 0.00>
ST_1 : Operation 403 [1/1] (0.00ns)   --->   "%local_regs_V_939_reload_read = read i32 @_ssdm_op_Read.ap_auto.i32, i32 %local_regs_V_939_reload"   --->   Operation 403 'read' 'local_regs_V_939_reload_read' <Predicate = true> <Delay = 0.00>
ST_1 : Operation 404 [1/1] (0.00ns)   --->   "%local_regs_V_971_reload_read = read i32 @_ssdm_op_Read.ap_auto.i32, i32 %local_regs_V_971_reload"   --->   Operation 404 'read' 'local_regs_V_971_reload_read' <Predicate = true> <Delay = 0.00>
ST_1 : Operation 405 [1/1] (0.00ns)   --->   "%local_regs_V_1003_reload_read = read i32 @_ssdm_op_Read.ap_auto.i32, i32 %local_regs_V_1003_reload"   --->   Operation 405 'read' 'local_regs_V_1003_reload_read' <Predicate = true> <Delay = 0.00>
ST_1 : Operation 406 [1/1] (0.00ns)   --->   "%local_regs_V_12_reload_read = read i32 @_ssdm_op_Read.ap_auto.i32, i32 %local_regs_V_12_reload"   --->   Operation 406 'read' 'local_regs_V_12_reload_read' <Predicate = true> <Delay = 0.00>
ST_1 : Operation 407 [1/1] (0.00ns)   --->   "%local_regs_V_44_reload_read = read i32 @_ssdm_op_Read.ap_auto.i32, i32 %local_regs_V_44_reload"   --->   Operation 407 'read' 'local_regs_V_44_reload_read' <Predicate = true> <Delay = 0.00>
ST_1 : Operation 408 [1/1] (0.00ns)   --->   "%local_regs_V_76_reload_read = read i32 @_ssdm_op_Read.ap_auto.i32, i32 %local_regs_V_76_reload"   --->   Operation 408 'read' 'local_regs_V_76_reload_read' <Predicate = true> <Delay = 0.00>
ST_1 : Operation 409 [1/1] (0.00ns)   --->   "%local_regs_V_108_reload_read = read i32 @_ssdm_op_Read.ap_auto.i32, i32 %local_regs_V_108_reload"   --->   Operation 409 'read' 'local_regs_V_108_reload_read' <Predicate = true> <Delay = 0.00>
ST_1 : Operation 410 [1/1] (0.00ns)   --->   "%local_regs_V_140_reload_read = read i32 @_ssdm_op_Read.ap_auto.i32, i32 %local_regs_V_140_reload"   --->   Operation 410 'read' 'local_regs_V_140_reload_read' <Predicate = true> <Delay = 0.00>
ST_1 : Operation 411 [1/1] (0.00ns)   --->   "%local_regs_V_172_reload_read = read i32 @_ssdm_op_Read.ap_auto.i32, i32 %local_regs_V_172_reload"   --->   Operation 411 'read' 'local_regs_V_172_reload_read' <Predicate = true> <Delay = 0.00>
ST_1 : Operation 412 [1/1] (0.00ns)   --->   "%local_regs_V_204_reload_read = read i32 @_ssdm_op_Read.ap_auto.i32, i32 %local_regs_V_204_reload"   --->   Operation 412 'read' 'local_regs_V_204_reload_read' <Predicate = true> <Delay = 0.00>
ST_1 : Operation 413 [1/1] (0.00ns)   --->   "%local_regs_V_236_reload_read = read i32 @_ssdm_op_Read.ap_auto.i32, i32 %local_regs_V_236_reload"   --->   Operation 413 'read' 'local_regs_V_236_reload_read' <Predicate = true> <Delay = 0.00>
ST_1 : Operation 414 [1/1] (0.00ns)   --->   "%local_regs_V_268_reload_read = read i32 @_ssdm_op_Read.ap_auto.i32, i32 %local_regs_V_268_reload"   --->   Operation 414 'read' 'local_regs_V_268_reload_read' <Predicate = true> <Delay = 0.00>
ST_1 : Operation 415 [1/1] (0.00ns)   --->   "%local_regs_V_300_reload_read = read i32 @_ssdm_op_Read.ap_auto.i32, i32 %local_regs_V_300_reload"   --->   Operation 415 'read' 'local_regs_V_300_reload_read' <Predicate = true> <Delay = 0.00>
ST_1 : Operation 416 [1/1] (0.00ns)   --->   "%local_regs_V_332_reload_read = read i32 @_ssdm_op_Read.ap_auto.i32, i32 %local_regs_V_332_reload"   --->   Operation 416 'read' 'local_regs_V_332_reload_read' <Predicate = true> <Delay = 0.00>
ST_1 : Operation 417 [1/1] (0.00ns)   --->   "%local_regs_V_364_reload_read = read i32 @_ssdm_op_Read.ap_auto.i32, i32 %local_regs_V_364_reload"   --->   Operation 417 'read' 'local_regs_V_364_reload_read' <Predicate = true> <Delay = 0.00>
ST_1 : Operation 418 [1/1] (0.00ns)   --->   "%local_regs_V_396_reload_read = read i32 @_ssdm_op_Read.ap_auto.i32, i32 %local_regs_V_396_reload"   --->   Operation 418 'read' 'local_regs_V_396_reload_read' <Predicate = true> <Delay = 0.00>
ST_1 : Operation 419 [1/1] (0.00ns)   --->   "%local_regs_V_428_reload_read = read i32 @_ssdm_op_Read.ap_auto.i32, i32 %local_regs_V_428_reload"   --->   Operation 419 'read' 'local_regs_V_428_reload_read' <Predicate = true> <Delay = 0.00>
ST_1 : Operation 420 [1/1] (0.00ns)   --->   "%local_regs_V_460_reload_read = read i32 @_ssdm_op_Read.ap_auto.i32, i32 %local_regs_V_460_reload"   --->   Operation 420 'read' 'local_regs_V_460_reload_read' <Predicate = true> <Delay = 0.00>
ST_1 : Operation 421 [1/1] (0.00ns)   --->   "%local_regs_V_492_reload_read = read i32 @_ssdm_op_Read.ap_auto.i32, i32 %local_regs_V_492_reload"   --->   Operation 421 'read' 'local_regs_V_492_reload_read' <Predicate = true> <Delay = 0.00>
ST_1 : Operation 422 [1/1] (0.00ns)   --->   "%local_regs_V_524_reload_read = read i32 @_ssdm_op_Read.ap_auto.i32, i32 %local_regs_V_524_reload"   --->   Operation 422 'read' 'local_regs_V_524_reload_read' <Predicate = true> <Delay = 0.00>
ST_1 : Operation 423 [1/1] (0.00ns)   --->   "%local_regs_V_556_reload_read = read i32 @_ssdm_op_Read.ap_auto.i32, i32 %local_regs_V_556_reload"   --->   Operation 423 'read' 'local_regs_V_556_reload_read' <Predicate = true> <Delay = 0.00>
ST_1 : Operation 424 [1/1] (0.00ns)   --->   "%local_regs_V_588_reload_read = read i32 @_ssdm_op_Read.ap_auto.i32, i32 %local_regs_V_588_reload"   --->   Operation 424 'read' 'local_regs_V_588_reload_read' <Predicate = true> <Delay = 0.00>
ST_1 : Operation 425 [1/1] (0.00ns)   --->   "%local_regs_V_620_reload_read = read i32 @_ssdm_op_Read.ap_auto.i32, i32 %local_regs_V_620_reload"   --->   Operation 425 'read' 'local_regs_V_620_reload_read' <Predicate = true> <Delay = 0.00>
ST_1 : Operation 426 [1/1] (0.00ns)   --->   "%local_regs_V_652_reload_read = read i32 @_ssdm_op_Read.ap_auto.i32, i32 %local_regs_V_652_reload"   --->   Operation 426 'read' 'local_regs_V_652_reload_read' <Predicate = true> <Delay = 0.00>
ST_1 : Operation 427 [1/1] (0.00ns)   --->   "%local_regs_V_684_reload_read = read i32 @_ssdm_op_Read.ap_auto.i32, i32 %local_regs_V_684_reload"   --->   Operation 427 'read' 'local_regs_V_684_reload_read' <Predicate = true> <Delay = 0.00>
ST_1 : Operation 428 [1/1] (0.00ns)   --->   "%local_regs_V_716_reload_read = read i32 @_ssdm_op_Read.ap_auto.i32, i32 %local_regs_V_716_reload"   --->   Operation 428 'read' 'local_regs_V_716_reload_read' <Predicate = true> <Delay = 0.00>
ST_1 : Operation 429 [1/1] (0.00ns)   --->   "%local_regs_V_748_reload_read = read i32 @_ssdm_op_Read.ap_auto.i32, i32 %local_regs_V_748_reload"   --->   Operation 429 'read' 'local_regs_V_748_reload_read' <Predicate = true> <Delay = 0.00>
ST_1 : Operation 430 [1/1] (0.00ns)   --->   "%local_regs_V_780_reload_read = read i32 @_ssdm_op_Read.ap_auto.i32, i32 %local_regs_V_780_reload"   --->   Operation 430 'read' 'local_regs_V_780_reload_read' <Predicate = true> <Delay = 0.00>
ST_1 : Operation 431 [1/1] (0.00ns)   --->   "%local_regs_V_812_reload_read = read i32 @_ssdm_op_Read.ap_auto.i32, i32 %local_regs_V_812_reload"   --->   Operation 431 'read' 'local_regs_V_812_reload_read' <Predicate = true> <Delay = 0.00>
ST_1 : Operation 432 [1/1] (0.00ns)   --->   "%local_regs_V_844_reload_read = read i32 @_ssdm_op_Read.ap_auto.i32, i32 %local_regs_V_844_reload"   --->   Operation 432 'read' 'local_regs_V_844_reload_read' <Predicate = true> <Delay = 0.00>
ST_1 : Operation 433 [1/1] (0.00ns)   --->   "%local_regs_V_876_reload_read = read i32 @_ssdm_op_Read.ap_auto.i32, i32 %local_regs_V_876_reload"   --->   Operation 433 'read' 'local_regs_V_876_reload_read' <Predicate = true> <Delay = 0.00>
ST_1 : Operation 434 [1/1] (0.00ns)   --->   "%local_regs_V_908_reload_read = read i32 @_ssdm_op_Read.ap_auto.i32, i32 %local_regs_V_908_reload"   --->   Operation 434 'read' 'local_regs_V_908_reload_read' <Predicate = true> <Delay = 0.00>
ST_1 : Operation 435 [1/1] (0.00ns)   --->   "%local_regs_V_940_reload_read = read i32 @_ssdm_op_Read.ap_auto.i32, i32 %local_regs_V_940_reload"   --->   Operation 435 'read' 'local_regs_V_940_reload_read' <Predicate = true> <Delay = 0.00>
ST_1 : Operation 436 [1/1] (0.00ns)   --->   "%local_regs_V_972_reload_read = read i32 @_ssdm_op_Read.ap_auto.i32, i32 %local_regs_V_972_reload"   --->   Operation 436 'read' 'local_regs_V_972_reload_read' <Predicate = true> <Delay = 0.00>
ST_1 : Operation 437 [1/1] (0.00ns)   --->   "%local_regs_V_1004_reload_read = read i32 @_ssdm_op_Read.ap_auto.i32, i32 %local_regs_V_1004_reload"   --->   Operation 437 'read' 'local_regs_V_1004_reload_read' <Predicate = true> <Delay = 0.00>
ST_1 : Operation 438 [1/1] (0.00ns)   --->   "%local_regs_V_13_reload_read = read i32 @_ssdm_op_Read.ap_auto.i32, i32 %local_regs_V_13_reload"   --->   Operation 438 'read' 'local_regs_V_13_reload_read' <Predicate = true> <Delay = 0.00>
ST_1 : Operation 439 [1/1] (0.00ns)   --->   "%local_regs_V_45_reload_read = read i32 @_ssdm_op_Read.ap_auto.i32, i32 %local_regs_V_45_reload"   --->   Operation 439 'read' 'local_regs_V_45_reload_read' <Predicate = true> <Delay = 0.00>
ST_1 : Operation 440 [1/1] (0.00ns)   --->   "%local_regs_V_77_reload_read = read i32 @_ssdm_op_Read.ap_auto.i32, i32 %local_regs_V_77_reload"   --->   Operation 440 'read' 'local_regs_V_77_reload_read' <Predicate = true> <Delay = 0.00>
ST_1 : Operation 441 [1/1] (0.00ns)   --->   "%local_regs_V_109_reload_read = read i32 @_ssdm_op_Read.ap_auto.i32, i32 %local_regs_V_109_reload"   --->   Operation 441 'read' 'local_regs_V_109_reload_read' <Predicate = true> <Delay = 0.00>
ST_1 : Operation 442 [1/1] (0.00ns)   --->   "%local_regs_V_141_reload_read = read i32 @_ssdm_op_Read.ap_auto.i32, i32 %local_regs_V_141_reload"   --->   Operation 442 'read' 'local_regs_V_141_reload_read' <Predicate = true> <Delay = 0.00>
ST_1 : Operation 443 [1/1] (0.00ns)   --->   "%local_regs_V_173_reload_read = read i32 @_ssdm_op_Read.ap_auto.i32, i32 %local_regs_V_173_reload"   --->   Operation 443 'read' 'local_regs_V_173_reload_read' <Predicate = true> <Delay = 0.00>
ST_1 : Operation 444 [1/1] (0.00ns)   --->   "%local_regs_V_205_reload_read = read i32 @_ssdm_op_Read.ap_auto.i32, i32 %local_regs_V_205_reload"   --->   Operation 444 'read' 'local_regs_V_205_reload_read' <Predicate = true> <Delay = 0.00>
ST_1 : Operation 445 [1/1] (0.00ns)   --->   "%local_regs_V_237_reload_read = read i32 @_ssdm_op_Read.ap_auto.i32, i32 %local_regs_V_237_reload"   --->   Operation 445 'read' 'local_regs_V_237_reload_read' <Predicate = true> <Delay = 0.00>
ST_1 : Operation 446 [1/1] (0.00ns)   --->   "%local_regs_V_269_reload_read = read i32 @_ssdm_op_Read.ap_auto.i32, i32 %local_regs_V_269_reload"   --->   Operation 446 'read' 'local_regs_V_269_reload_read' <Predicate = true> <Delay = 0.00>
ST_1 : Operation 447 [1/1] (0.00ns)   --->   "%local_regs_V_301_reload_read = read i32 @_ssdm_op_Read.ap_auto.i32, i32 %local_regs_V_301_reload"   --->   Operation 447 'read' 'local_regs_V_301_reload_read' <Predicate = true> <Delay = 0.00>
ST_1 : Operation 448 [1/1] (0.00ns)   --->   "%local_regs_V_333_reload_read = read i32 @_ssdm_op_Read.ap_auto.i32, i32 %local_regs_V_333_reload"   --->   Operation 448 'read' 'local_regs_V_333_reload_read' <Predicate = true> <Delay = 0.00>
ST_1 : Operation 449 [1/1] (0.00ns)   --->   "%local_regs_V_365_reload_read = read i32 @_ssdm_op_Read.ap_auto.i32, i32 %local_regs_V_365_reload"   --->   Operation 449 'read' 'local_regs_V_365_reload_read' <Predicate = true> <Delay = 0.00>
ST_1 : Operation 450 [1/1] (0.00ns)   --->   "%local_regs_V_397_reload_read = read i32 @_ssdm_op_Read.ap_auto.i32, i32 %local_regs_V_397_reload"   --->   Operation 450 'read' 'local_regs_V_397_reload_read' <Predicate = true> <Delay = 0.00>
ST_1 : Operation 451 [1/1] (0.00ns)   --->   "%local_regs_V_429_reload_read = read i32 @_ssdm_op_Read.ap_auto.i32, i32 %local_regs_V_429_reload"   --->   Operation 451 'read' 'local_regs_V_429_reload_read' <Predicate = true> <Delay = 0.00>
ST_1 : Operation 452 [1/1] (0.00ns)   --->   "%local_regs_V_461_reload_read = read i32 @_ssdm_op_Read.ap_auto.i32, i32 %local_regs_V_461_reload"   --->   Operation 452 'read' 'local_regs_V_461_reload_read' <Predicate = true> <Delay = 0.00>
ST_1 : Operation 453 [1/1] (0.00ns)   --->   "%local_regs_V_493_reload_read = read i32 @_ssdm_op_Read.ap_auto.i32, i32 %local_regs_V_493_reload"   --->   Operation 453 'read' 'local_regs_V_493_reload_read' <Predicate = true> <Delay = 0.00>
ST_1 : Operation 454 [1/1] (0.00ns)   --->   "%local_regs_V_525_reload_read = read i32 @_ssdm_op_Read.ap_auto.i32, i32 %local_regs_V_525_reload"   --->   Operation 454 'read' 'local_regs_V_525_reload_read' <Predicate = true> <Delay = 0.00>
ST_1 : Operation 455 [1/1] (0.00ns)   --->   "%local_regs_V_557_reload_read = read i32 @_ssdm_op_Read.ap_auto.i32, i32 %local_regs_V_557_reload"   --->   Operation 455 'read' 'local_regs_V_557_reload_read' <Predicate = true> <Delay = 0.00>
ST_1 : Operation 456 [1/1] (0.00ns)   --->   "%local_regs_V_589_reload_read = read i32 @_ssdm_op_Read.ap_auto.i32, i32 %local_regs_V_589_reload"   --->   Operation 456 'read' 'local_regs_V_589_reload_read' <Predicate = true> <Delay = 0.00>
ST_1 : Operation 457 [1/1] (0.00ns)   --->   "%local_regs_V_621_reload_read = read i32 @_ssdm_op_Read.ap_auto.i32, i32 %local_regs_V_621_reload"   --->   Operation 457 'read' 'local_regs_V_621_reload_read' <Predicate = true> <Delay = 0.00>
ST_1 : Operation 458 [1/1] (0.00ns)   --->   "%local_regs_V_653_reload_read = read i32 @_ssdm_op_Read.ap_auto.i32, i32 %local_regs_V_653_reload"   --->   Operation 458 'read' 'local_regs_V_653_reload_read' <Predicate = true> <Delay = 0.00>
ST_1 : Operation 459 [1/1] (0.00ns)   --->   "%local_regs_V_685_reload_read = read i32 @_ssdm_op_Read.ap_auto.i32, i32 %local_regs_V_685_reload"   --->   Operation 459 'read' 'local_regs_V_685_reload_read' <Predicate = true> <Delay = 0.00>
ST_1 : Operation 460 [1/1] (0.00ns)   --->   "%local_regs_V_717_reload_read = read i32 @_ssdm_op_Read.ap_auto.i32, i32 %local_regs_V_717_reload"   --->   Operation 460 'read' 'local_regs_V_717_reload_read' <Predicate = true> <Delay = 0.00>
ST_1 : Operation 461 [1/1] (0.00ns)   --->   "%local_regs_V_749_reload_read = read i32 @_ssdm_op_Read.ap_auto.i32, i32 %local_regs_V_749_reload"   --->   Operation 461 'read' 'local_regs_V_749_reload_read' <Predicate = true> <Delay = 0.00>
ST_1 : Operation 462 [1/1] (0.00ns)   --->   "%local_regs_V_781_reload_read = read i32 @_ssdm_op_Read.ap_auto.i32, i32 %local_regs_V_781_reload"   --->   Operation 462 'read' 'local_regs_V_781_reload_read' <Predicate = true> <Delay = 0.00>
ST_1 : Operation 463 [1/1] (0.00ns)   --->   "%local_regs_V_813_reload_read = read i32 @_ssdm_op_Read.ap_auto.i32, i32 %local_regs_V_813_reload"   --->   Operation 463 'read' 'local_regs_V_813_reload_read' <Predicate = true> <Delay = 0.00>
ST_1 : Operation 464 [1/1] (0.00ns)   --->   "%local_regs_V_845_reload_read = read i32 @_ssdm_op_Read.ap_auto.i32, i32 %local_regs_V_845_reload"   --->   Operation 464 'read' 'local_regs_V_845_reload_read' <Predicate = true> <Delay = 0.00>
ST_1 : Operation 465 [1/1] (0.00ns)   --->   "%local_regs_V_877_reload_read = read i32 @_ssdm_op_Read.ap_auto.i32, i32 %local_regs_V_877_reload"   --->   Operation 465 'read' 'local_regs_V_877_reload_read' <Predicate = true> <Delay = 0.00>
ST_1 : Operation 466 [1/1] (0.00ns)   --->   "%local_regs_V_909_reload_read = read i32 @_ssdm_op_Read.ap_auto.i32, i32 %local_regs_V_909_reload"   --->   Operation 466 'read' 'local_regs_V_909_reload_read' <Predicate = true> <Delay = 0.00>
ST_1 : Operation 467 [1/1] (0.00ns)   --->   "%local_regs_V_941_reload_read = read i32 @_ssdm_op_Read.ap_auto.i32, i32 %local_regs_V_941_reload"   --->   Operation 467 'read' 'local_regs_V_941_reload_read' <Predicate = true> <Delay = 0.00>
ST_1 : Operation 468 [1/1] (0.00ns)   --->   "%local_regs_V_973_reload_read = read i32 @_ssdm_op_Read.ap_auto.i32, i32 %local_regs_V_973_reload"   --->   Operation 468 'read' 'local_regs_V_973_reload_read' <Predicate = true> <Delay = 0.00>
ST_1 : Operation 469 [1/1] (0.00ns)   --->   "%local_regs_V_1005_reload_read = read i32 @_ssdm_op_Read.ap_auto.i32, i32 %local_regs_V_1005_reload"   --->   Operation 469 'read' 'local_regs_V_1005_reload_read' <Predicate = true> <Delay = 0.00>
ST_1 : Operation 470 [1/1] (0.00ns)   --->   "%local_regs_V_14_reload_read = read i32 @_ssdm_op_Read.ap_auto.i32, i32 %local_regs_V_14_reload"   --->   Operation 470 'read' 'local_regs_V_14_reload_read' <Predicate = true> <Delay = 0.00>
ST_1 : Operation 471 [1/1] (0.00ns)   --->   "%local_regs_V_46_reload_read = read i32 @_ssdm_op_Read.ap_auto.i32, i32 %local_regs_V_46_reload"   --->   Operation 471 'read' 'local_regs_V_46_reload_read' <Predicate = true> <Delay = 0.00>
ST_1 : Operation 472 [1/1] (0.00ns)   --->   "%local_regs_V_78_reload_read = read i32 @_ssdm_op_Read.ap_auto.i32, i32 %local_regs_V_78_reload"   --->   Operation 472 'read' 'local_regs_V_78_reload_read' <Predicate = true> <Delay = 0.00>
ST_1 : Operation 473 [1/1] (0.00ns)   --->   "%local_regs_V_110_reload_read = read i32 @_ssdm_op_Read.ap_auto.i32, i32 %local_regs_V_110_reload"   --->   Operation 473 'read' 'local_regs_V_110_reload_read' <Predicate = true> <Delay = 0.00>
ST_1 : Operation 474 [1/1] (0.00ns)   --->   "%local_regs_V_142_reload_read = read i32 @_ssdm_op_Read.ap_auto.i32, i32 %local_regs_V_142_reload"   --->   Operation 474 'read' 'local_regs_V_142_reload_read' <Predicate = true> <Delay = 0.00>
ST_1 : Operation 475 [1/1] (0.00ns)   --->   "%local_regs_V_174_reload_read = read i32 @_ssdm_op_Read.ap_auto.i32, i32 %local_regs_V_174_reload"   --->   Operation 475 'read' 'local_regs_V_174_reload_read' <Predicate = true> <Delay = 0.00>
ST_1 : Operation 476 [1/1] (0.00ns)   --->   "%local_regs_V_206_reload_read = read i32 @_ssdm_op_Read.ap_auto.i32, i32 %local_regs_V_206_reload"   --->   Operation 476 'read' 'local_regs_V_206_reload_read' <Predicate = true> <Delay = 0.00>
ST_1 : Operation 477 [1/1] (0.00ns)   --->   "%local_regs_V_238_reload_read = read i32 @_ssdm_op_Read.ap_auto.i32, i32 %local_regs_V_238_reload"   --->   Operation 477 'read' 'local_regs_V_238_reload_read' <Predicate = true> <Delay = 0.00>
ST_1 : Operation 478 [1/1] (0.00ns)   --->   "%local_regs_V_270_reload_read = read i32 @_ssdm_op_Read.ap_auto.i32, i32 %local_regs_V_270_reload"   --->   Operation 478 'read' 'local_regs_V_270_reload_read' <Predicate = true> <Delay = 0.00>
ST_1 : Operation 479 [1/1] (0.00ns)   --->   "%local_regs_V_302_reload_read = read i32 @_ssdm_op_Read.ap_auto.i32, i32 %local_regs_V_302_reload"   --->   Operation 479 'read' 'local_regs_V_302_reload_read' <Predicate = true> <Delay = 0.00>
ST_1 : Operation 480 [1/1] (0.00ns)   --->   "%local_regs_V_334_reload_read = read i32 @_ssdm_op_Read.ap_auto.i32, i32 %local_regs_V_334_reload"   --->   Operation 480 'read' 'local_regs_V_334_reload_read' <Predicate = true> <Delay = 0.00>
ST_1 : Operation 481 [1/1] (0.00ns)   --->   "%local_regs_V_366_reload_read = read i32 @_ssdm_op_Read.ap_auto.i32, i32 %local_regs_V_366_reload"   --->   Operation 481 'read' 'local_regs_V_366_reload_read' <Predicate = true> <Delay = 0.00>
ST_1 : Operation 482 [1/1] (0.00ns)   --->   "%local_regs_V_398_reload_read = read i32 @_ssdm_op_Read.ap_auto.i32, i32 %local_regs_V_398_reload"   --->   Operation 482 'read' 'local_regs_V_398_reload_read' <Predicate = true> <Delay = 0.00>
ST_1 : Operation 483 [1/1] (0.00ns)   --->   "%local_regs_V_430_reload_read = read i32 @_ssdm_op_Read.ap_auto.i32, i32 %local_regs_V_430_reload"   --->   Operation 483 'read' 'local_regs_V_430_reload_read' <Predicate = true> <Delay = 0.00>
ST_1 : Operation 484 [1/1] (0.00ns)   --->   "%local_regs_V_462_reload_read = read i32 @_ssdm_op_Read.ap_auto.i32, i32 %local_regs_V_462_reload"   --->   Operation 484 'read' 'local_regs_V_462_reload_read' <Predicate = true> <Delay = 0.00>
ST_1 : Operation 485 [1/1] (0.00ns)   --->   "%local_regs_V_494_reload_read = read i32 @_ssdm_op_Read.ap_auto.i32, i32 %local_regs_V_494_reload"   --->   Operation 485 'read' 'local_regs_V_494_reload_read' <Predicate = true> <Delay = 0.00>
ST_1 : Operation 486 [1/1] (0.00ns)   --->   "%local_regs_V_526_reload_read = read i32 @_ssdm_op_Read.ap_auto.i32, i32 %local_regs_V_526_reload"   --->   Operation 486 'read' 'local_regs_V_526_reload_read' <Predicate = true> <Delay = 0.00>
ST_1 : Operation 487 [1/1] (0.00ns)   --->   "%local_regs_V_558_reload_read = read i32 @_ssdm_op_Read.ap_auto.i32, i32 %local_regs_V_558_reload"   --->   Operation 487 'read' 'local_regs_V_558_reload_read' <Predicate = true> <Delay = 0.00>
ST_1 : Operation 488 [1/1] (0.00ns)   --->   "%local_regs_V_590_reload_read = read i32 @_ssdm_op_Read.ap_auto.i32, i32 %local_regs_V_590_reload"   --->   Operation 488 'read' 'local_regs_V_590_reload_read' <Predicate = true> <Delay = 0.00>
ST_1 : Operation 489 [1/1] (0.00ns)   --->   "%local_regs_V_622_reload_read = read i32 @_ssdm_op_Read.ap_auto.i32, i32 %local_regs_V_622_reload"   --->   Operation 489 'read' 'local_regs_V_622_reload_read' <Predicate = true> <Delay = 0.00>
ST_1 : Operation 490 [1/1] (0.00ns)   --->   "%local_regs_V_654_reload_read = read i32 @_ssdm_op_Read.ap_auto.i32, i32 %local_regs_V_654_reload"   --->   Operation 490 'read' 'local_regs_V_654_reload_read' <Predicate = true> <Delay = 0.00>
ST_1 : Operation 491 [1/1] (0.00ns)   --->   "%local_regs_V_686_reload_read = read i32 @_ssdm_op_Read.ap_auto.i32, i32 %local_regs_V_686_reload"   --->   Operation 491 'read' 'local_regs_V_686_reload_read' <Predicate = true> <Delay = 0.00>
ST_1 : Operation 492 [1/1] (0.00ns)   --->   "%local_regs_V_718_reload_read = read i32 @_ssdm_op_Read.ap_auto.i32, i32 %local_regs_V_718_reload"   --->   Operation 492 'read' 'local_regs_V_718_reload_read' <Predicate = true> <Delay = 0.00>
ST_1 : Operation 493 [1/1] (0.00ns)   --->   "%local_regs_V_750_reload_read = read i32 @_ssdm_op_Read.ap_auto.i32, i32 %local_regs_V_750_reload"   --->   Operation 493 'read' 'local_regs_V_750_reload_read' <Predicate = true> <Delay = 0.00>
ST_1 : Operation 494 [1/1] (0.00ns)   --->   "%local_regs_V_782_reload_read = read i32 @_ssdm_op_Read.ap_auto.i32, i32 %local_regs_V_782_reload"   --->   Operation 494 'read' 'local_regs_V_782_reload_read' <Predicate = true> <Delay = 0.00>
ST_1 : Operation 495 [1/1] (0.00ns)   --->   "%local_regs_V_814_reload_read = read i32 @_ssdm_op_Read.ap_auto.i32, i32 %local_regs_V_814_reload"   --->   Operation 495 'read' 'local_regs_V_814_reload_read' <Predicate = true> <Delay = 0.00>
ST_1 : Operation 496 [1/1] (0.00ns)   --->   "%local_regs_V_846_reload_read = read i32 @_ssdm_op_Read.ap_auto.i32, i32 %local_regs_V_846_reload"   --->   Operation 496 'read' 'local_regs_V_846_reload_read' <Predicate = true> <Delay = 0.00>
ST_1 : Operation 497 [1/1] (0.00ns)   --->   "%local_regs_V_878_reload_read = read i32 @_ssdm_op_Read.ap_auto.i32, i32 %local_regs_V_878_reload"   --->   Operation 497 'read' 'local_regs_V_878_reload_read' <Predicate = true> <Delay = 0.00>
ST_1 : Operation 498 [1/1] (0.00ns)   --->   "%local_regs_V_910_reload_read = read i32 @_ssdm_op_Read.ap_auto.i32, i32 %local_regs_V_910_reload"   --->   Operation 498 'read' 'local_regs_V_910_reload_read' <Predicate = true> <Delay = 0.00>
ST_1 : Operation 499 [1/1] (0.00ns)   --->   "%local_regs_V_942_reload_read = read i32 @_ssdm_op_Read.ap_auto.i32, i32 %local_regs_V_942_reload"   --->   Operation 499 'read' 'local_regs_V_942_reload_read' <Predicate = true> <Delay = 0.00>
ST_1 : Operation 500 [1/1] (0.00ns)   --->   "%local_regs_V_974_reload_read = read i32 @_ssdm_op_Read.ap_auto.i32, i32 %local_regs_V_974_reload"   --->   Operation 500 'read' 'local_regs_V_974_reload_read' <Predicate = true> <Delay = 0.00>
ST_1 : Operation 501 [1/1] (0.00ns)   --->   "%local_regs_V_1006_reload_read = read i32 @_ssdm_op_Read.ap_auto.i32, i32 %local_regs_V_1006_reload"   --->   Operation 501 'read' 'local_regs_V_1006_reload_read' <Predicate = true> <Delay = 0.00>
ST_1 : Operation 502 [1/1] (0.00ns)   --->   "%local_regs_V_15_reload_read = read i32 @_ssdm_op_Read.ap_auto.i32, i32 %local_regs_V_15_reload"   --->   Operation 502 'read' 'local_regs_V_15_reload_read' <Predicate = true> <Delay = 0.00>
ST_1 : Operation 503 [1/1] (0.00ns)   --->   "%local_regs_V_47_reload_read = read i32 @_ssdm_op_Read.ap_auto.i32, i32 %local_regs_V_47_reload"   --->   Operation 503 'read' 'local_regs_V_47_reload_read' <Predicate = true> <Delay = 0.00>
ST_1 : Operation 504 [1/1] (0.00ns)   --->   "%local_regs_V_79_reload_read = read i32 @_ssdm_op_Read.ap_auto.i32, i32 %local_regs_V_79_reload"   --->   Operation 504 'read' 'local_regs_V_79_reload_read' <Predicate = true> <Delay = 0.00>
ST_1 : Operation 505 [1/1] (0.00ns)   --->   "%local_regs_V_111_reload_read = read i32 @_ssdm_op_Read.ap_auto.i32, i32 %local_regs_V_111_reload"   --->   Operation 505 'read' 'local_regs_V_111_reload_read' <Predicate = true> <Delay = 0.00>
ST_1 : Operation 506 [1/1] (0.00ns)   --->   "%local_regs_V_143_reload_read = read i32 @_ssdm_op_Read.ap_auto.i32, i32 %local_regs_V_143_reload"   --->   Operation 506 'read' 'local_regs_V_143_reload_read' <Predicate = true> <Delay = 0.00>
ST_1 : Operation 507 [1/1] (0.00ns)   --->   "%local_regs_V_175_reload_read = read i32 @_ssdm_op_Read.ap_auto.i32, i32 %local_regs_V_175_reload"   --->   Operation 507 'read' 'local_regs_V_175_reload_read' <Predicate = true> <Delay = 0.00>
ST_1 : Operation 508 [1/1] (0.00ns)   --->   "%local_regs_V_207_reload_read = read i32 @_ssdm_op_Read.ap_auto.i32, i32 %local_regs_V_207_reload"   --->   Operation 508 'read' 'local_regs_V_207_reload_read' <Predicate = true> <Delay = 0.00>
ST_1 : Operation 509 [1/1] (0.00ns)   --->   "%local_regs_V_239_reload_read = read i32 @_ssdm_op_Read.ap_auto.i32, i32 %local_regs_V_239_reload"   --->   Operation 509 'read' 'local_regs_V_239_reload_read' <Predicate = true> <Delay = 0.00>
ST_1 : Operation 510 [1/1] (0.00ns)   --->   "%local_regs_V_271_reload_read = read i32 @_ssdm_op_Read.ap_auto.i32, i32 %local_regs_V_271_reload"   --->   Operation 510 'read' 'local_regs_V_271_reload_read' <Predicate = true> <Delay = 0.00>
ST_1 : Operation 511 [1/1] (0.00ns)   --->   "%local_regs_V_303_reload_read = read i32 @_ssdm_op_Read.ap_auto.i32, i32 %local_regs_V_303_reload"   --->   Operation 511 'read' 'local_regs_V_303_reload_read' <Predicate = true> <Delay = 0.00>
ST_1 : Operation 512 [1/1] (0.00ns)   --->   "%local_regs_V_335_reload_read = read i32 @_ssdm_op_Read.ap_auto.i32, i32 %local_regs_V_335_reload"   --->   Operation 512 'read' 'local_regs_V_335_reload_read' <Predicate = true> <Delay = 0.00>
ST_1 : Operation 513 [1/1] (0.00ns)   --->   "%local_regs_V_367_reload_read = read i32 @_ssdm_op_Read.ap_auto.i32, i32 %local_regs_V_367_reload"   --->   Operation 513 'read' 'local_regs_V_367_reload_read' <Predicate = true> <Delay = 0.00>
ST_1 : Operation 514 [1/1] (0.00ns)   --->   "%local_regs_V_399_reload_read = read i32 @_ssdm_op_Read.ap_auto.i32, i32 %local_regs_V_399_reload"   --->   Operation 514 'read' 'local_regs_V_399_reload_read' <Predicate = true> <Delay = 0.00>
ST_1 : Operation 515 [1/1] (0.00ns)   --->   "%local_regs_V_431_reload_read = read i32 @_ssdm_op_Read.ap_auto.i32, i32 %local_regs_V_431_reload"   --->   Operation 515 'read' 'local_regs_V_431_reload_read' <Predicate = true> <Delay = 0.00>
ST_1 : Operation 516 [1/1] (0.00ns)   --->   "%local_regs_V_463_reload_read = read i32 @_ssdm_op_Read.ap_auto.i32, i32 %local_regs_V_463_reload"   --->   Operation 516 'read' 'local_regs_V_463_reload_read' <Predicate = true> <Delay = 0.00>
ST_1 : Operation 517 [1/1] (0.00ns)   --->   "%local_regs_V_495_reload_read = read i32 @_ssdm_op_Read.ap_auto.i32, i32 %local_regs_V_495_reload"   --->   Operation 517 'read' 'local_regs_V_495_reload_read' <Predicate = true> <Delay = 0.00>
ST_1 : Operation 518 [1/1] (0.00ns)   --->   "%local_regs_V_527_reload_read = read i32 @_ssdm_op_Read.ap_auto.i32, i32 %local_regs_V_527_reload"   --->   Operation 518 'read' 'local_regs_V_527_reload_read' <Predicate = true> <Delay = 0.00>
ST_1 : Operation 519 [1/1] (0.00ns)   --->   "%local_regs_V_559_reload_read = read i32 @_ssdm_op_Read.ap_auto.i32, i32 %local_regs_V_559_reload"   --->   Operation 519 'read' 'local_regs_V_559_reload_read' <Predicate = true> <Delay = 0.00>
ST_1 : Operation 520 [1/1] (0.00ns)   --->   "%local_regs_V_591_reload_read = read i32 @_ssdm_op_Read.ap_auto.i32, i32 %local_regs_V_591_reload"   --->   Operation 520 'read' 'local_regs_V_591_reload_read' <Predicate = true> <Delay = 0.00>
ST_1 : Operation 521 [1/1] (0.00ns)   --->   "%local_regs_V_623_reload_read = read i32 @_ssdm_op_Read.ap_auto.i32, i32 %local_regs_V_623_reload"   --->   Operation 521 'read' 'local_regs_V_623_reload_read' <Predicate = true> <Delay = 0.00>
ST_1 : Operation 522 [1/1] (0.00ns)   --->   "%local_regs_V_655_reload_read = read i32 @_ssdm_op_Read.ap_auto.i32, i32 %local_regs_V_655_reload"   --->   Operation 522 'read' 'local_regs_V_655_reload_read' <Predicate = true> <Delay = 0.00>
ST_1 : Operation 523 [1/1] (0.00ns)   --->   "%local_regs_V_687_reload_read = read i32 @_ssdm_op_Read.ap_auto.i32, i32 %local_regs_V_687_reload"   --->   Operation 523 'read' 'local_regs_V_687_reload_read' <Predicate = true> <Delay = 0.00>
ST_1 : Operation 524 [1/1] (0.00ns)   --->   "%local_regs_V_719_reload_read = read i32 @_ssdm_op_Read.ap_auto.i32, i32 %local_regs_V_719_reload"   --->   Operation 524 'read' 'local_regs_V_719_reload_read' <Predicate = true> <Delay = 0.00>
ST_1 : Operation 525 [1/1] (0.00ns)   --->   "%local_regs_V_751_reload_read = read i32 @_ssdm_op_Read.ap_auto.i32, i32 %local_regs_V_751_reload"   --->   Operation 525 'read' 'local_regs_V_751_reload_read' <Predicate = true> <Delay = 0.00>
ST_1 : Operation 526 [1/1] (0.00ns)   --->   "%local_regs_V_783_reload_read = read i32 @_ssdm_op_Read.ap_auto.i32, i32 %local_regs_V_783_reload"   --->   Operation 526 'read' 'local_regs_V_783_reload_read' <Predicate = true> <Delay = 0.00>
ST_1 : Operation 527 [1/1] (0.00ns)   --->   "%local_regs_V_815_reload_read = read i32 @_ssdm_op_Read.ap_auto.i32, i32 %local_regs_V_815_reload"   --->   Operation 527 'read' 'local_regs_V_815_reload_read' <Predicate = true> <Delay = 0.00>
ST_1 : Operation 528 [1/1] (0.00ns)   --->   "%local_regs_V_847_reload_read = read i32 @_ssdm_op_Read.ap_auto.i32, i32 %local_regs_V_847_reload"   --->   Operation 528 'read' 'local_regs_V_847_reload_read' <Predicate = true> <Delay = 0.00>
ST_1 : Operation 529 [1/1] (0.00ns)   --->   "%local_regs_V_879_reload_read = read i32 @_ssdm_op_Read.ap_auto.i32, i32 %local_regs_V_879_reload"   --->   Operation 529 'read' 'local_regs_V_879_reload_read' <Predicate = true> <Delay = 0.00>
ST_1 : Operation 530 [1/1] (0.00ns)   --->   "%local_regs_V_911_reload_read = read i32 @_ssdm_op_Read.ap_auto.i32, i32 %local_regs_V_911_reload"   --->   Operation 530 'read' 'local_regs_V_911_reload_read' <Predicate = true> <Delay = 0.00>
ST_1 : Operation 531 [1/1] (0.00ns)   --->   "%local_regs_V_943_reload_read = read i32 @_ssdm_op_Read.ap_auto.i32, i32 %local_regs_V_943_reload"   --->   Operation 531 'read' 'local_regs_V_943_reload_read' <Predicate = true> <Delay = 0.00>
ST_1 : Operation 532 [1/1] (0.00ns)   --->   "%local_regs_V_975_reload_read = read i32 @_ssdm_op_Read.ap_auto.i32, i32 %local_regs_V_975_reload"   --->   Operation 532 'read' 'local_regs_V_975_reload_read' <Predicate = true> <Delay = 0.00>
ST_1 : Operation 533 [1/1] (0.00ns)   --->   "%local_regs_V_1007_reload_read = read i32 @_ssdm_op_Read.ap_auto.i32, i32 %local_regs_V_1007_reload"   --->   Operation 533 'read' 'local_regs_V_1007_reload_read' <Predicate = true> <Delay = 0.00>
ST_1 : Operation 534 [1/1] (0.00ns)   --->   "%local_regs_V_16_reload_read = read i32 @_ssdm_op_Read.ap_auto.i32, i32 %local_regs_V_16_reload"   --->   Operation 534 'read' 'local_regs_V_16_reload_read' <Predicate = true> <Delay = 0.00>
ST_1 : Operation 535 [1/1] (0.00ns)   --->   "%local_regs_V_48_reload_read = read i32 @_ssdm_op_Read.ap_auto.i32, i32 %local_regs_V_48_reload"   --->   Operation 535 'read' 'local_regs_V_48_reload_read' <Predicate = true> <Delay = 0.00>
ST_1 : Operation 536 [1/1] (0.00ns)   --->   "%local_regs_V_80_reload_read = read i32 @_ssdm_op_Read.ap_auto.i32, i32 %local_regs_V_80_reload"   --->   Operation 536 'read' 'local_regs_V_80_reload_read' <Predicate = true> <Delay = 0.00>
ST_1 : Operation 537 [1/1] (0.00ns)   --->   "%local_regs_V_112_reload_read = read i32 @_ssdm_op_Read.ap_auto.i32, i32 %local_regs_V_112_reload"   --->   Operation 537 'read' 'local_regs_V_112_reload_read' <Predicate = true> <Delay = 0.00>
ST_1 : Operation 538 [1/1] (0.00ns)   --->   "%local_regs_V_144_reload_read = read i32 @_ssdm_op_Read.ap_auto.i32, i32 %local_regs_V_144_reload"   --->   Operation 538 'read' 'local_regs_V_144_reload_read' <Predicate = true> <Delay = 0.00>
ST_1 : Operation 539 [1/1] (0.00ns)   --->   "%local_regs_V_176_reload_read = read i32 @_ssdm_op_Read.ap_auto.i32, i32 %local_regs_V_176_reload"   --->   Operation 539 'read' 'local_regs_V_176_reload_read' <Predicate = true> <Delay = 0.00>
ST_1 : Operation 540 [1/1] (0.00ns)   --->   "%local_regs_V_208_reload_read = read i32 @_ssdm_op_Read.ap_auto.i32, i32 %local_regs_V_208_reload"   --->   Operation 540 'read' 'local_regs_V_208_reload_read' <Predicate = true> <Delay = 0.00>
ST_1 : Operation 541 [1/1] (0.00ns)   --->   "%local_regs_V_240_reload_read = read i32 @_ssdm_op_Read.ap_auto.i32, i32 %local_regs_V_240_reload"   --->   Operation 541 'read' 'local_regs_V_240_reload_read' <Predicate = true> <Delay = 0.00>
ST_1 : Operation 542 [1/1] (0.00ns)   --->   "%local_regs_V_272_reload_read = read i32 @_ssdm_op_Read.ap_auto.i32, i32 %local_regs_V_272_reload"   --->   Operation 542 'read' 'local_regs_V_272_reload_read' <Predicate = true> <Delay = 0.00>
ST_1 : Operation 543 [1/1] (0.00ns)   --->   "%local_regs_V_304_reload_read = read i32 @_ssdm_op_Read.ap_auto.i32, i32 %local_regs_V_304_reload"   --->   Operation 543 'read' 'local_regs_V_304_reload_read' <Predicate = true> <Delay = 0.00>
ST_1 : Operation 544 [1/1] (0.00ns)   --->   "%local_regs_V_336_reload_read = read i32 @_ssdm_op_Read.ap_auto.i32, i32 %local_regs_V_336_reload"   --->   Operation 544 'read' 'local_regs_V_336_reload_read' <Predicate = true> <Delay = 0.00>
ST_1 : Operation 545 [1/1] (0.00ns)   --->   "%local_regs_V_368_reload_read = read i32 @_ssdm_op_Read.ap_auto.i32, i32 %local_regs_V_368_reload"   --->   Operation 545 'read' 'local_regs_V_368_reload_read' <Predicate = true> <Delay = 0.00>
ST_1 : Operation 546 [1/1] (0.00ns)   --->   "%local_regs_V_400_reload_read = read i32 @_ssdm_op_Read.ap_auto.i32, i32 %local_regs_V_400_reload"   --->   Operation 546 'read' 'local_regs_V_400_reload_read' <Predicate = true> <Delay = 0.00>
ST_1 : Operation 547 [1/1] (0.00ns)   --->   "%local_regs_V_432_reload_read = read i32 @_ssdm_op_Read.ap_auto.i32, i32 %local_regs_V_432_reload"   --->   Operation 547 'read' 'local_regs_V_432_reload_read' <Predicate = true> <Delay = 0.00>
ST_1 : Operation 548 [1/1] (0.00ns)   --->   "%local_regs_V_464_reload_read = read i32 @_ssdm_op_Read.ap_auto.i32, i32 %local_regs_V_464_reload"   --->   Operation 548 'read' 'local_regs_V_464_reload_read' <Predicate = true> <Delay = 0.00>
ST_1 : Operation 549 [1/1] (0.00ns)   --->   "%local_regs_V_496_reload_read = read i32 @_ssdm_op_Read.ap_auto.i32, i32 %local_regs_V_496_reload"   --->   Operation 549 'read' 'local_regs_V_496_reload_read' <Predicate = true> <Delay = 0.00>
ST_1 : Operation 550 [1/1] (0.00ns)   --->   "%local_regs_V_528_reload_read = read i32 @_ssdm_op_Read.ap_auto.i32, i32 %local_regs_V_528_reload"   --->   Operation 550 'read' 'local_regs_V_528_reload_read' <Predicate = true> <Delay = 0.00>
ST_1 : Operation 551 [1/1] (0.00ns)   --->   "%local_regs_V_560_reload_read = read i32 @_ssdm_op_Read.ap_auto.i32, i32 %local_regs_V_560_reload"   --->   Operation 551 'read' 'local_regs_V_560_reload_read' <Predicate = true> <Delay = 0.00>
ST_1 : Operation 552 [1/1] (0.00ns)   --->   "%local_regs_V_592_reload_read = read i32 @_ssdm_op_Read.ap_auto.i32, i32 %local_regs_V_592_reload"   --->   Operation 552 'read' 'local_regs_V_592_reload_read' <Predicate = true> <Delay = 0.00>
ST_1 : Operation 553 [1/1] (0.00ns)   --->   "%local_regs_V_624_reload_read = read i32 @_ssdm_op_Read.ap_auto.i32, i32 %local_regs_V_624_reload"   --->   Operation 553 'read' 'local_regs_V_624_reload_read' <Predicate = true> <Delay = 0.00>
ST_1 : Operation 554 [1/1] (0.00ns)   --->   "%local_regs_V_656_reload_read = read i32 @_ssdm_op_Read.ap_auto.i32, i32 %local_regs_V_656_reload"   --->   Operation 554 'read' 'local_regs_V_656_reload_read' <Predicate = true> <Delay = 0.00>
ST_1 : Operation 555 [1/1] (0.00ns)   --->   "%local_regs_V_688_reload_read = read i32 @_ssdm_op_Read.ap_auto.i32, i32 %local_regs_V_688_reload"   --->   Operation 555 'read' 'local_regs_V_688_reload_read' <Predicate = true> <Delay = 0.00>
ST_1 : Operation 556 [1/1] (0.00ns)   --->   "%local_regs_V_720_reload_read = read i32 @_ssdm_op_Read.ap_auto.i32, i32 %local_regs_V_720_reload"   --->   Operation 556 'read' 'local_regs_V_720_reload_read' <Predicate = true> <Delay = 0.00>
ST_1 : Operation 557 [1/1] (0.00ns)   --->   "%local_regs_V_752_reload_read = read i32 @_ssdm_op_Read.ap_auto.i32, i32 %local_regs_V_752_reload"   --->   Operation 557 'read' 'local_regs_V_752_reload_read' <Predicate = true> <Delay = 0.00>
ST_1 : Operation 558 [1/1] (0.00ns)   --->   "%local_regs_V_784_reload_read = read i32 @_ssdm_op_Read.ap_auto.i32, i32 %local_regs_V_784_reload"   --->   Operation 558 'read' 'local_regs_V_784_reload_read' <Predicate = true> <Delay = 0.00>
ST_1 : Operation 559 [1/1] (0.00ns)   --->   "%local_regs_V_816_reload_read = read i32 @_ssdm_op_Read.ap_auto.i32, i32 %local_regs_V_816_reload"   --->   Operation 559 'read' 'local_regs_V_816_reload_read' <Predicate = true> <Delay = 0.00>
ST_1 : Operation 560 [1/1] (0.00ns)   --->   "%local_regs_V_848_reload_read = read i32 @_ssdm_op_Read.ap_auto.i32, i32 %local_regs_V_848_reload"   --->   Operation 560 'read' 'local_regs_V_848_reload_read' <Predicate = true> <Delay = 0.00>
ST_1 : Operation 561 [1/1] (0.00ns)   --->   "%local_regs_V_880_reload_read = read i32 @_ssdm_op_Read.ap_auto.i32, i32 %local_regs_V_880_reload"   --->   Operation 561 'read' 'local_regs_V_880_reload_read' <Predicate = true> <Delay = 0.00>
ST_1 : Operation 562 [1/1] (0.00ns)   --->   "%local_regs_V_912_reload_read = read i32 @_ssdm_op_Read.ap_auto.i32, i32 %local_regs_V_912_reload"   --->   Operation 562 'read' 'local_regs_V_912_reload_read' <Predicate = true> <Delay = 0.00>
ST_1 : Operation 563 [1/1] (0.00ns)   --->   "%local_regs_V_944_reload_read = read i32 @_ssdm_op_Read.ap_auto.i32, i32 %local_regs_V_944_reload"   --->   Operation 563 'read' 'local_regs_V_944_reload_read' <Predicate = true> <Delay = 0.00>
ST_1 : Operation 564 [1/1] (0.00ns)   --->   "%local_regs_V_976_reload_read = read i32 @_ssdm_op_Read.ap_auto.i32, i32 %local_regs_V_976_reload"   --->   Operation 564 'read' 'local_regs_V_976_reload_read' <Predicate = true> <Delay = 0.00>
ST_1 : Operation 565 [1/1] (0.00ns)   --->   "%local_regs_V_1008_reload_read = read i32 @_ssdm_op_Read.ap_auto.i32, i32 %local_regs_V_1008_reload"   --->   Operation 565 'read' 'local_regs_V_1008_reload_read' <Predicate = true> <Delay = 0.00>
ST_1 : Operation 566 [1/1] (0.00ns)   --->   "%local_regs_V_17_reload_read = read i32 @_ssdm_op_Read.ap_auto.i32, i32 %local_regs_V_17_reload"   --->   Operation 566 'read' 'local_regs_V_17_reload_read' <Predicate = true> <Delay = 0.00>
ST_1 : Operation 567 [1/1] (0.00ns)   --->   "%local_regs_V_49_reload_read = read i32 @_ssdm_op_Read.ap_auto.i32, i32 %local_regs_V_49_reload"   --->   Operation 567 'read' 'local_regs_V_49_reload_read' <Predicate = true> <Delay = 0.00>
ST_1 : Operation 568 [1/1] (0.00ns)   --->   "%local_regs_V_81_reload_read = read i32 @_ssdm_op_Read.ap_auto.i32, i32 %local_regs_V_81_reload"   --->   Operation 568 'read' 'local_regs_V_81_reload_read' <Predicate = true> <Delay = 0.00>
ST_1 : Operation 569 [1/1] (0.00ns)   --->   "%local_regs_V_113_reload_read = read i32 @_ssdm_op_Read.ap_auto.i32, i32 %local_regs_V_113_reload"   --->   Operation 569 'read' 'local_regs_V_113_reload_read' <Predicate = true> <Delay = 0.00>
ST_1 : Operation 570 [1/1] (0.00ns)   --->   "%local_regs_V_145_reload_read = read i32 @_ssdm_op_Read.ap_auto.i32, i32 %local_regs_V_145_reload"   --->   Operation 570 'read' 'local_regs_V_145_reload_read' <Predicate = true> <Delay = 0.00>
ST_1 : Operation 571 [1/1] (0.00ns)   --->   "%local_regs_V_177_reload_read = read i32 @_ssdm_op_Read.ap_auto.i32, i32 %local_regs_V_177_reload"   --->   Operation 571 'read' 'local_regs_V_177_reload_read' <Predicate = true> <Delay = 0.00>
ST_1 : Operation 572 [1/1] (0.00ns)   --->   "%local_regs_V_209_reload_read = read i32 @_ssdm_op_Read.ap_auto.i32, i32 %local_regs_V_209_reload"   --->   Operation 572 'read' 'local_regs_V_209_reload_read' <Predicate = true> <Delay = 0.00>
ST_1 : Operation 573 [1/1] (0.00ns)   --->   "%local_regs_V_241_reload_read = read i32 @_ssdm_op_Read.ap_auto.i32, i32 %local_regs_V_241_reload"   --->   Operation 573 'read' 'local_regs_V_241_reload_read' <Predicate = true> <Delay = 0.00>
ST_1 : Operation 574 [1/1] (0.00ns)   --->   "%local_regs_V_273_reload_read = read i32 @_ssdm_op_Read.ap_auto.i32, i32 %local_regs_V_273_reload"   --->   Operation 574 'read' 'local_regs_V_273_reload_read' <Predicate = true> <Delay = 0.00>
ST_1 : Operation 575 [1/1] (0.00ns)   --->   "%local_regs_V_305_reload_read = read i32 @_ssdm_op_Read.ap_auto.i32, i32 %local_regs_V_305_reload"   --->   Operation 575 'read' 'local_regs_V_305_reload_read' <Predicate = true> <Delay = 0.00>
ST_1 : Operation 576 [1/1] (0.00ns)   --->   "%local_regs_V_337_reload_read = read i32 @_ssdm_op_Read.ap_auto.i32, i32 %local_regs_V_337_reload"   --->   Operation 576 'read' 'local_regs_V_337_reload_read' <Predicate = true> <Delay = 0.00>
ST_1 : Operation 577 [1/1] (0.00ns)   --->   "%local_regs_V_369_reload_read = read i32 @_ssdm_op_Read.ap_auto.i32, i32 %local_regs_V_369_reload"   --->   Operation 577 'read' 'local_regs_V_369_reload_read' <Predicate = true> <Delay = 0.00>
ST_1 : Operation 578 [1/1] (0.00ns)   --->   "%local_regs_V_401_reload_read = read i32 @_ssdm_op_Read.ap_auto.i32, i32 %local_regs_V_401_reload"   --->   Operation 578 'read' 'local_regs_V_401_reload_read' <Predicate = true> <Delay = 0.00>
ST_1 : Operation 579 [1/1] (0.00ns)   --->   "%local_regs_V_433_reload_read = read i32 @_ssdm_op_Read.ap_auto.i32, i32 %local_regs_V_433_reload"   --->   Operation 579 'read' 'local_regs_V_433_reload_read' <Predicate = true> <Delay = 0.00>
ST_1 : Operation 580 [1/1] (0.00ns)   --->   "%local_regs_V_465_reload_read = read i32 @_ssdm_op_Read.ap_auto.i32, i32 %local_regs_V_465_reload"   --->   Operation 580 'read' 'local_regs_V_465_reload_read' <Predicate = true> <Delay = 0.00>
ST_1 : Operation 581 [1/1] (0.00ns)   --->   "%local_regs_V_497_reload_read = read i32 @_ssdm_op_Read.ap_auto.i32, i32 %local_regs_V_497_reload"   --->   Operation 581 'read' 'local_regs_V_497_reload_read' <Predicate = true> <Delay = 0.00>
ST_1 : Operation 582 [1/1] (0.00ns)   --->   "%local_regs_V_529_reload_read = read i32 @_ssdm_op_Read.ap_auto.i32, i32 %local_regs_V_529_reload"   --->   Operation 582 'read' 'local_regs_V_529_reload_read' <Predicate = true> <Delay = 0.00>
ST_1 : Operation 583 [1/1] (0.00ns)   --->   "%local_regs_V_561_reload_read = read i32 @_ssdm_op_Read.ap_auto.i32, i32 %local_regs_V_561_reload"   --->   Operation 583 'read' 'local_regs_V_561_reload_read' <Predicate = true> <Delay = 0.00>
ST_1 : Operation 584 [1/1] (0.00ns)   --->   "%local_regs_V_593_reload_read = read i32 @_ssdm_op_Read.ap_auto.i32, i32 %local_regs_V_593_reload"   --->   Operation 584 'read' 'local_regs_V_593_reload_read' <Predicate = true> <Delay = 0.00>
ST_1 : Operation 585 [1/1] (0.00ns)   --->   "%local_regs_V_625_reload_read = read i32 @_ssdm_op_Read.ap_auto.i32, i32 %local_regs_V_625_reload"   --->   Operation 585 'read' 'local_regs_V_625_reload_read' <Predicate = true> <Delay = 0.00>
ST_1 : Operation 586 [1/1] (0.00ns)   --->   "%local_regs_V_657_reload_read = read i32 @_ssdm_op_Read.ap_auto.i32, i32 %local_regs_V_657_reload"   --->   Operation 586 'read' 'local_regs_V_657_reload_read' <Predicate = true> <Delay = 0.00>
ST_1 : Operation 587 [1/1] (0.00ns)   --->   "%local_regs_V_689_reload_read = read i32 @_ssdm_op_Read.ap_auto.i32, i32 %local_regs_V_689_reload"   --->   Operation 587 'read' 'local_regs_V_689_reload_read' <Predicate = true> <Delay = 0.00>
ST_1 : Operation 588 [1/1] (0.00ns)   --->   "%local_regs_V_721_reload_read = read i32 @_ssdm_op_Read.ap_auto.i32, i32 %local_regs_V_721_reload"   --->   Operation 588 'read' 'local_regs_V_721_reload_read' <Predicate = true> <Delay = 0.00>
ST_1 : Operation 589 [1/1] (0.00ns)   --->   "%local_regs_V_753_reload_read = read i32 @_ssdm_op_Read.ap_auto.i32, i32 %local_regs_V_753_reload"   --->   Operation 589 'read' 'local_regs_V_753_reload_read' <Predicate = true> <Delay = 0.00>
ST_1 : Operation 590 [1/1] (0.00ns)   --->   "%local_regs_V_785_reload_read = read i32 @_ssdm_op_Read.ap_auto.i32, i32 %local_regs_V_785_reload"   --->   Operation 590 'read' 'local_regs_V_785_reload_read' <Predicate = true> <Delay = 0.00>
ST_1 : Operation 591 [1/1] (0.00ns)   --->   "%local_regs_V_817_reload_read = read i32 @_ssdm_op_Read.ap_auto.i32, i32 %local_regs_V_817_reload"   --->   Operation 591 'read' 'local_regs_V_817_reload_read' <Predicate = true> <Delay = 0.00>
ST_1 : Operation 592 [1/1] (0.00ns)   --->   "%local_regs_V_849_reload_read = read i32 @_ssdm_op_Read.ap_auto.i32, i32 %local_regs_V_849_reload"   --->   Operation 592 'read' 'local_regs_V_849_reload_read' <Predicate = true> <Delay = 0.00>
ST_1 : Operation 593 [1/1] (0.00ns)   --->   "%local_regs_V_881_reload_read = read i32 @_ssdm_op_Read.ap_auto.i32, i32 %local_regs_V_881_reload"   --->   Operation 593 'read' 'local_regs_V_881_reload_read' <Predicate = true> <Delay = 0.00>
ST_1 : Operation 594 [1/1] (0.00ns)   --->   "%local_regs_V_913_reload_read = read i32 @_ssdm_op_Read.ap_auto.i32, i32 %local_regs_V_913_reload"   --->   Operation 594 'read' 'local_regs_V_913_reload_read' <Predicate = true> <Delay = 0.00>
ST_1 : Operation 595 [1/1] (0.00ns)   --->   "%local_regs_V_945_reload_read = read i32 @_ssdm_op_Read.ap_auto.i32, i32 %local_regs_V_945_reload"   --->   Operation 595 'read' 'local_regs_V_945_reload_read' <Predicate = true> <Delay = 0.00>
ST_1 : Operation 596 [1/1] (0.00ns)   --->   "%local_regs_V_977_reload_read = read i32 @_ssdm_op_Read.ap_auto.i32, i32 %local_regs_V_977_reload"   --->   Operation 596 'read' 'local_regs_V_977_reload_read' <Predicate = true> <Delay = 0.00>
ST_1 : Operation 597 [1/1] (0.00ns)   --->   "%local_regs_V_1009_reload_read = read i32 @_ssdm_op_Read.ap_auto.i32, i32 %local_regs_V_1009_reload"   --->   Operation 597 'read' 'local_regs_V_1009_reload_read' <Predicate = true> <Delay = 0.00>
ST_1 : Operation 598 [1/1] (0.00ns)   --->   "%local_regs_V_18_reload_read = read i32 @_ssdm_op_Read.ap_auto.i32, i32 %local_regs_V_18_reload"   --->   Operation 598 'read' 'local_regs_V_18_reload_read' <Predicate = true> <Delay = 0.00>
ST_1 : Operation 599 [1/1] (0.00ns)   --->   "%local_regs_V_50_reload_read = read i32 @_ssdm_op_Read.ap_auto.i32, i32 %local_regs_V_50_reload"   --->   Operation 599 'read' 'local_regs_V_50_reload_read' <Predicate = true> <Delay = 0.00>
ST_1 : Operation 600 [1/1] (0.00ns)   --->   "%local_regs_V_82_reload_read = read i32 @_ssdm_op_Read.ap_auto.i32, i32 %local_regs_V_82_reload"   --->   Operation 600 'read' 'local_regs_V_82_reload_read' <Predicate = true> <Delay = 0.00>
ST_1 : Operation 601 [1/1] (0.00ns)   --->   "%local_regs_V_114_reload_read = read i32 @_ssdm_op_Read.ap_auto.i32, i32 %local_regs_V_114_reload"   --->   Operation 601 'read' 'local_regs_V_114_reload_read' <Predicate = true> <Delay = 0.00>
ST_1 : Operation 602 [1/1] (0.00ns)   --->   "%local_regs_V_146_reload_read = read i32 @_ssdm_op_Read.ap_auto.i32, i32 %local_regs_V_146_reload"   --->   Operation 602 'read' 'local_regs_V_146_reload_read' <Predicate = true> <Delay = 0.00>
ST_1 : Operation 603 [1/1] (0.00ns)   --->   "%local_regs_V_178_reload_read = read i32 @_ssdm_op_Read.ap_auto.i32, i32 %local_regs_V_178_reload"   --->   Operation 603 'read' 'local_regs_V_178_reload_read' <Predicate = true> <Delay = 0.00>
ST_1 : Operation 604 [1/1] (0.00ns)   --->   "%local_regs_V_210_reload_read = read i32 @_ssdm_op_Read.ap_auto.i32, i32 %local_regs_V_210_reload"   --->   Operation 604 'read' 'local_regs_V_210_reload_read' <Predicate = true> <Delay = 0.00>
ST_1 : Operation 605 [1/1] (0.00ns)   --->   "%local_regs_V_242_reload_read = read i32 @_ssdm_op_Read.ap_auto.i32, i32 %local_regs_V_242_reload"   --->   Operation 605 'read' 'local_regs_V_242_reload_read' <Predicate = true> <Delay = 0.00>
ST_1 : Operation 606 [1/1] (0.00ns)   --->   "%local_regs_V_274_reload_read = read i32 @_ssdm_op_Read.ap_auto.i32, i32 %local_regs_V_274_reload"   --->   Operation 606 'read' 'local_regs_V_274_reload_read' <Predicate = true> <Delay = 0.00>
ST_1 : Operation 607 [1/1] (0.00ns)   --->   "%local_regs_V_306_reload_read = read i32 @_ssdm_op_Read.ap_auto.i32, i32 %local_regs_V_306_reload"   --->   Operation 607 'read' 'local_regs_V_306_reload_read' <Predicate = true> <Delay = 0.00>
ST_1 : Operation 608 [1/1] (0.00ns)   --->   "%local_regs_V_338_reload_read = read i32 @_ssdm_op_Read.ap_auto.i32, i32 %local_regs_V_338_reload"   --->   Operation 608 'read' 'local_regs_V_338_reload_read' <Predicate = true> <Delay = 0.00>
ST_1 : Operation 609 [1/1] (0.00ns)   --->   "%local_regs_V_370_reload_read = read i32 @_ssdm_op_Read.ap_auto.i32, i32 %local_regs_V_370_reload"   --->   Operation 609 'read' 'local_regs_V_370_reload_read' <Predicate = true> <Delay = 0.00>
ST_1 : Operation 610 [1/1] (0.00ns)   --->   "%local_regs_V_402_reload_read = read i32 @_ssdm_op_Read.ap_auto.i32, i32 %local_regs_V_402_reload"   --->   Operation 610 'read' 'local_regs_V_402_reload_read' <Predicate = true> <Delay = 0.00>
ST_1 : Operation 611 [1/1] (0.00ns)   --->   "%local_regs_V_434_reload_read = read i32 @_ssdm_op_Read.ap_auto.i32, i32 %local_regs_V_434_reload"   --->   Operation 611 'read' 'local_regs_V_434_reload_read' <Predicate = true> <Delay = 0.00>
ST_1 : Operation 612 [1/1] (0.00ns)   --->   "%local_regs_V_466_reload_read = read i32 @_ssdm_op_Read.ap_auto.i32, i32 %local_regs_V_466_reload"   --->   Operation 612 'read' 'local_regs_V_466_reload_read' <Predicate = true> <Delay = 0.00>
ST_1 : Operation 613 [1/1] (0.00ns)   --->   "%local_regs_V_498_reload_read = read i32 @_ssdm_op_Read.ap_auto.i32, i32 %local_regs_V_498_reload"   --->   Operation 613 'read' 'local_regs_V_498_reload_read' <Predicate = true> <Delay = 0.00>
ST_1 : Operation 614 [1/1] (0.00ns)   --->   "%local_regs_V_530_reload_read = read i32 @_ssdm_op_Read.ap_auto.i32, i32 %local_regs_V_530_reload"   --->   Operation 614 'read' 'local_regs_V_530_reload_read' <Predicate = true> <Delay = 0.00>
ST_1 : Operation 615 [1/1] (0.00ns)   --->   "%local_regs_V_562_reload_read = read i32 @_ssdm_op_Read.ap_auto.i32, i32 %local_regs_V_562_reload"   --->   Operation 615 'read' 'local_regs_V_562_reload_read' <Predicate = true> <Delay = 0.00>
ST_1 : Operation 616 [1/1] (0.00ns)   --->   "%local_regs_V_594_reload_read = read i32 @_ssdm_op_Read.ap_auto.i32, i32 %local_regs_V_594_reload"   --->   Operation 616 'read' 'local_regs_V_594_reload_read' <Predicate = true> <Delay = 0.00>
ST_1 : Operation 617 [1/1] (0.00ns)   --->   "%local_regs_V_626_reload_read = read i32 @_ssdm_op_Read.ap_auto.i32, i32 %local_regs_V_626_reload"   --->   Operation 617 'read' 'local_regs_V_626_reload_read' <Predicate = true> <Delay = 0.00>
ST_1 : Operation 618 [1/1] (0.00ns)   --->   "%local_regs_V_658_reload_read = read i32 @_ssdm_op_Read.ap_auto.i32, i32 %local_regs_V_658_reload"   --->   Operation 618 'read' 'local_regs_V_658_reload_read' <Predicate = true> <Delay = 0.00>
ST_1 : Operation 619 [1/1] (0.00ns)   --->   "%local_regs_V_690_reload_read = read i32 @_ssdm_op_Read.ap_auto.i32, i32 %local_regs_V_690_reload"   --->   Operation 619 'read' 'local_regs_V_690_reload_read' <Predicate = true> <Delay = 0.00>
ST_1 : Operation 620 [1/1] (0.00ns)   --->   "%local_regs_V_722_reload_read = read i32 @_ssdm_op_Read.ap_auto.i32, i32 %local_regs_V_722_reload"   --->   Operation 620 'read' 'local_regs_V_722_reload_read' <Predicate = true> <Delay = 0.00>
ST_1 : Operation 621 [1/1] (0.00ns)   --->   "%local_regs_V_754_reload_read = read i32 @_ssdm_op_Read.ap_auto.i32, i32 %local_regs_V_754_reload"   --->   Operation 621 'read' 'local_regs_V_754_reload_read' <Predicate = true> <Delay = 0.00>
ST_1 : Operation 622 [1/1] (0.00ns)   --->   "%local_regs_V_786_reload_read = read i32 @_ssdm_op_Read.ap_auto.i32, i32 %local_regs_V_786_reload"   --->   Operation 622 'read' 'local_regs_V_786_reload_read' <Predicate = true> <Delay = 0.00>
ST_1 : Operation 623 [1/1] (0.00ns)   --->   "%local_regs_V_818_reload_read = read i32 @_ssdm_op_Read.ap_auto.i32, i32 %local_regs_V_818_reload"   --->   Operation 623 'read' 'local_regs_V_818_reload_read' <Predicate = true> <Delay = 0.00>
ST_1 : Operation 624 [1/1] (0.00ns)   --->   "%local_regs_V_850_reload_read = read i32 @_ssdm_op_Read.ap_auto.i32, i32 %local_regs_V_850_reload"   --->   Operation 624 'read' 'local_regs_V_850_reload_read' <Predicate = true> <Delay = 0.00>
ST_1 : Operation 625 [1/1] (0.00ns)   --->   "%local_regs_V_882_reload_read = read i32 @_ssdm_op_Read.ap_auto.i32, i32 %local_regs_V_882_reload"   --->   Operation 625 'read' 'local_regs_V_882_reload_read' <Predicate = true> <Delay = 0.00>
ST_1 : Operation 626 [1/1] (0.00ns)   --->   "%local_regs_V_914_reload_read = read i32 @_ssdm_op_Read.ap_auto.i32, i32 %local_regs_V_914_reload"   --->   Operation 626 'read' 'local_regs_V_914_reload_read' <Predicate = true> <Delay = 0.00>
ST_1 : Operation 627 [1/1] (0.00ns)   --->   "%local_regs_V_946_reload_read = read i32 @_ssdm_op_Read.ap_auto.i32, i32 %local_regs_V_946_reload"   --->   Operation 627 'read' 'local_regs_V_946_reload_read' <Predicate = true> <Delay = 0.00>
ST_1 : Operation 628 [1/1] (0.00ns)   --->   "%local_regs_V_978_reload_read = read i32 @_ssdm_op_Read.ap_auto.i32, i32 %local_regs_V_978_reload"   --->   Operation 628 'read' 'local_regs_V_978_reload_read' <Predicate = true> <Delay = 0.00>
ST_1 : Operation 629 [1/1] (0.00ns)   --->   "%local_regs_V_1010_reload_read = read i32 @_ssdm_op_Read.ap_auto.i32, i32 %local_regs_V_1010_reload"   --->   Operation 629 'read' 'local_regs_V_1010_reload_read' <Predicate = true> <Delay = 0.00>
ST_1 : Operation 630 [1/1] (0.00ns)   --->   "%local_regs_V_19_reload_read = read i32 @_ssdm_op_Read.ap_auto.i32, i32 %local_regs_V_19_reload"   --->   Operation 630 'read' 'local_regs_V_19_reload_read' <Predicate = true> <Delay = 0.00>
ST_1 : Operation 631 [1/1] (0.00ns)   --->   "%local_regs_V_51_reload_read = read i32 @_ssdm_op_Read.ap_auto.i32, i32 %local_regs_V_51_reload"   --->   Operation 631 'read' 'local_regs_V_51_reload_read' <Predicate = true> <Delay = 0.00>
ST_1 : Operation 632 [1/1] (0.00ns)   --->   "%local_regs_V_83_reload_read = read i32 @_ssdm_op_Read.ap_auto.i32, i32 %local_regs_V_83_reload"   --->   Operation 632 'read' 'local_regs_V_83_reload_read' <Predicate = true> <Delay = 0.00>
ST_1 : Operation 633 [1/1] (0.00ns)   --->   "%local_regs_V_115_reload_read = read i32 @_ssdm_op_Read.ap_auto.i32, i32 %local_regs_V_115_reload"   --->   Operation 633 'read' 'local_regs_V_115_reload_read' <Predicate = true> <Delay = 0.00>
ST_1 : Operation 634 [1/1] (0.00ns)   --->   "%local_regs_V_147_reload_read = read i32 @_ssdm_op_Read.ap_auto.i32, i32 %local_regs_V_147_reload"   --->   Operation 634 'read' 'local_regs_V_147_reload_read' <Predicate = true> <Delay = 0.00>
ST_1 : Operation 635 [1/1] (0.00ns)   --->   "%local_regs_V_179_reload_read = read i32 @_ssdm_op_Read.ap_auto.i32, i32 %local_regs_V_179_reload"   --->   Operation 635 'read' 'local_regs_V_179_reload_read' <Predicate = true> <Delay = 0.00>
ST_1 : Operation 636 [1/1] (0.00ns)   --->   "%local_regs_V_211_reload_read = read i32 @_ssdm_op_Read.ap_auto.i32, i32 %local_regs_V_211_reload"   --->   Operation 636 'read' 'local_regs_V_211_reload_read' <Predicate = true> <Delay = 0.00>
ST_1 : Operation 637 [1/1] (0.00ns)   --->   "%local_regs_V_243_reload_read = read i32 @_ssdm_op_Read.ap_auto.i32, i32 %local_regs_V_243_reload"   --->   Operation 637 'read' 'local_regs_V_243_reload_read' <Predicate = true> <Delay = 0.00>
ST_1 : Operation 638 [1/1] (0.00ns)   --->   "%local_regs_V_275_reload_read = read i32 @_ssdm_op_Read.ap_auto.i32, i32 %local_regs_V_275_reload"   --->   Operation 638 'read' 'local_regs_V_275_reload_read' <Predicate = true> <Delay = 0.00>
ST_1 : Operation 639 [1/1] (0.00ns)   --->   "%local_regs_V_307_reload_read = read i32 @_ssdm_op_Read.ap_auto.i32, i32 %local_regs_V_307_reload"   --->   Operation 639 'read' 'local_regs_V_307_reload_read' <Predicate = true> <Delay = 0.00>
ST_1 : Operation 640 [1/1] (0.00ns)   --->   "%local_regs_V_339_reload_read = read i32 @_ssdm_op_Read.ap_auto.i32, i32 %local_regs_V_339_reload"   --->   Operation 640 'read' 'local_regs_V_339_reload_read' <Predicate = true> <Delay = 0.00>
ST_1 : Operation 641 [1/1] (0.00ns)   --->   "%local_regs_V_371_reload_read = read i32 @_ssdm_op_Read.ap_auto.i32, i32 %local_regs_V_371_reload"   --->   Operation 641 'read' 'local_regs_V_371_reload_read' <Predicate = true> <Delay = 0.00>
ST_1 : Operation 642 [1/1] (0.00ns)   --->   "%local_regs_V_403_reload_read = read i32 @_ssdm_op_Read.ap_auto.i32, i32 %local_regs_V_403_reload"   --->   Operation 642 'read' 'local_regs_V_403_reload_read' <Predicate = true> <Delay = 0.00>
ST_1 : Operation 643 [1/1] (0.00ns)   --->   "%local_regs_V_435_reload_read = read i32 @_ssdm_op_Read.ap_auto.i32, i32 %local_regs_V_435_reload"   --->   Operation 643 'read' 'local_regs_V_435_reload_read' <Predicate = true> <Delay = 0.00>
ST_1 : Operation 644 [1/1] (0.00ns)   --->   "%local_regs_V_467_reload_read = read i32 @_ssdm_op_Read.ap_auto.i32, i32 %local_regs_V_467_reload"   --->   Operation 644 'read' 'local_regs_V_467_reload_read' <Predicate = true> <Delay = 0.00>
ST_1 : Operation 645 [1/1] (0.00ns)   --->   "%local_regs_V_499_reload_read = read i32 @_ssdm_op_Read.ap_auto.i32, i32 %local_regs_V_499_reload"   --->   Operation 645 'read' 'local_regs_V_499_reload_read' <Predicate = true> <Delay = 0.00>
ST_1 : Operation 646 [1/1] (0.00ns)   --->   "%local_regs_V_531_reload_read = read i32 @_ssdm_op_Read.ap_auto.i32, i32 %local_regs_V_531_reload"   --->   Operation 646 'read' 'local_regs_V_531_reload_read' <Predicate = true> <Delay = 0.00>
ST_1 : Operation 647 [1/1] (0.00ns)   --->   "%local_regs_V_563_reload_read = read i32 @_ssdm_op_Read.ap_auto.i32, i32 %local_regs_V_563_reload"   --->   Operation 647 'read' 'local_regs_V_563_reload_read' <Predicate = true> <Delay = 0.00>
ST_1 : Operation 648 [1/1] (0.00ns)   --->   "%local_regs_V_595_reload_read = read i32 @_ssdm_op_Read.ap_auto.i32, i32 %local_regs_V_595_reload"   --->   Operation 648 'read' 'local_regs_V_595_reload_read' <Predicate = true> <Delay = 0.00>
ST_1 : Operation 649 [1/1] (0.00ns)   --->   "%local_regs_V_627_reload_read = read i32 @_ssdm_op_Read.ap_auto.i32, i32 %local_regs_V_627_reload"   --->   Operation 649 'read' 'local_regs_V_627_reload_read' <Predicate = true> <Delay = 0.00>
ST_1 : Operation 650 [1/1] (0.00ns)   --->   "%local_regs_V_659_reload_read = read i32 @_ssdm_op_Read.ap_auto.i32, i32 %local_regs_V_659_reload"   --->   Operation 650 'read' 'local_regs_V_659_reload_read' <Predicate = true> <Delay = 0.00>
ST_1 : Operation 651 [1/1] (0.00ns)   --->   "%local_regs_V_691_reload_read = read i32 @_ssdm_op_Read.ap_auto.i32, i32 %local_regs_V_691_reload"   --->   Operation 651 'read' 'local_regs_V_691_reload_read' <Predicate = true> <Delay = 0.00>
ST_1 : Operation 652 [1/1] (0.00ns)   --->   "%local_regs_V_723_reload_read = read i32 @_ssdm_op_Read.ap_auto.i32, i32 %local_regs_V_723_reload"   --->   Operation 652 'read' 'local_regs_V_723_reload_read' <Predicate = true> <Delay = 0.00>
ST_1 : Operation 653 [1/1] (0.00ns)   --->   "%local_regs_V_755_reload_read = read i32 @_ssdm_op_Read.ap_auto.i32, i32 %local_regs_V_755_reload"   --->   Operation 653 'read' 'local_regs_V_755_reload_read' <Predicate = true> <Delay = 0.00>
ST_1 : Operation 654 [1/1] (0.00ns)   --->   "%local_regs_V_787_reload_read = read i32 @_ssdm_op_Read.ap_auto.i32, i32 %local_regs_V_787_reload"   --->   Operation 654 'read' 'local_regs_V_787_reload_read' <Predicate = true> <Delay = 0.00>
ST_1 : Operation 655 [1/1] (0.00ns)   --->   "%local_regs_V_819_reload_read = read i32 @_ssdm_op_Read.ap_auto.i32, i32 %local_regs_V_819_reload"   --->   Operation 655 'read' 'local_regs_V_819_reload_read' <Predicate = true> <Delay = 0.00>
ST_1 : Operation 656 [1/1] (0.00ns)   --->   "%local_regs_V_851_reload_read = read i32 @_ssdm_op_Read.ap_auto.i32, i32 %local_regs_V_851_reload"   --->   Operation 656 'read' 'local_regs_V_851_reload_read' <Predicate = true> <Delay = 0.00>
ST_1 : Operation 657 [1/1] (0.00ns)   --->   "%local_regs_V_883_reload_read = read i32 @_ssdm_op_Read.ap_auto.i32, i32 %local_regs_V_883_reload"   --->   Operation 657 'read' 'local_regs_V_883_reload_read' <Predicate = true> <Delay = 0.00>
ST_1 : Operation 658 [1/1] (0.00ns)   --->   "%local_regs_V_915_reload_read = read i32 @_ssdm_op_Read.ap_auto.i32, i32 %local_regs_V_915_reload"   --->   Operation 658 'read' 'local_regs_V_915_reload_read' <Predicate = true> <Delay = 0.00>
ST_1 : Operation 659 [1/1] (0.00ns)   --->   "%local_regs_V_947_reload_read = read i32 @_ssdm_op_Read.ap_auto.i32, i32 %local_regs_V_947_reload"   --->   Operation 659 'read' 'local_regs_V_947_reload_read' <Predicate = true> <Delay = 0.00>
ST_1 : Operation 660 [1/1] (0.00ns)   --->   "%local_regs_V_979_reload_read = read i32 @_ssdm_op_Read.ap_auto.i32, i32 %local_regs_V_979_reload"   --->   Operation 660 'read' 'local_regs_V_979_reload_read' <Predicate = true> <Delay = 0.00>
ST_1 : Operation 661 [1/1] (0.00ns)   --->   "%local_regs_V_1011_reload_read = read i32 @_ssdm_op_Read.ap_auto.i32, i32 %local_regs_V_1011_reload"   --->   Operation 661 'read' 'local_regs_V_1011_reload_read' <Predicate = true> <Delay = 0.00>
ST_1 : Operation 662 [1/1] (0.00ns)   --->   "%local_regs_V_20_reload_read = read i32 @_ssdm_op_Read.ap_auto.i32, i32 %local_regs_V_20_reload"   --->   Operation 662 'read' 'local_regs_V_20_reload_read' <Predicate = true> <Delay = 0.00>
ST_1 : Operation 663 [1/1] (0.00ns)   --->   "%local_regs_V_52_reload_read = read i32 @_ssdm_op_Read.ap_auto.i32, i32 %local_regs_V_52_reload"   --->   Operation 663 'read' 'local_regs_V_52_reload_read' <Predicate = true> <Delay = 0.00>
ST_1 : Operation 664 [1/1] (0.00ns)   --->   "%local_regs_V_84_reload_read = read i32 @_ssdm_op_Read.ap_auto.i32, i32 %local_regs_V_84_reload"   --->   Operation 664 'read' 'local_regs_V_84_reload_read' <Predicate = true> <Delay = 0.00>
ST_1 : Operation 665 [1/1] (0.00ns)   --->   "%local_regs_V_116_reload_read = read i32 @_ssdm_op_Read.ap_auto.i32, i32 %local_regs_V_116_reload"   --->   Operation 665 'read' 'local_regs_V_116_reload_read' <Predicate = true> <Delay = 0.00>
ST_1 : Operation 666 [1/1] (0.00ns)   --->   "%local_regs_V_148_reload_read = read i32 @_ssdm_op_Read.ap_auto.i32, i32 %local_regs_V_148_reload"   --->   Operation 666 'read' 'local_regs_V_148_reload_read' <Predicate = true> <Delay = 0.00>
ST_1 : Operation 667 [1/1] (0.00ns)   --->   "%local_regs_V_180_reload_read = read i32 @_ssdm_op_Read.ap_auto.i32, i32 %local_regs_V_180_reload"   --->   Operation 667 'read' 'local_regs_V_180_reload_read' <Predicate = true> <Delay = 0.00>
ST_1 : Operation 668 [1/1] (0.00ns)   --->   "%local_regs_V_212_reload_read = read i32 @_ssdm_op_Read.ap_auto.i32, i32 %local_regs_V_212_reload"   --->   Operation 668 'read' 'local_regs_V_212_reload_read' <Predicate = true> <Delay = 0.00>
ST_1 : Operation 669 [1/1] (0.00ns)   --->   "%local_regs_V_244_reload_read = read i32 @_ssdm_op_Read.ap_auto.i32, i32 %local_regs_V_244_reload"   --->   Operation 669 'read' 'local_regs_V_244_reload_read' <Predicate = true> <Delay = 0.00>
ST_1 : Operation 670 [1/1] (0.00ns)   --->   "%local_regs_V_276_reload_read = read i32 @_ssdm_op_Read.ap_auto.i32, i32 %local_regs_V_276_reload"   --->   Operation 670 'read' 'local_regs_V_276_reload_read' <Predicate = true> <Delay = 0.00>
ST_1 : Operation 671 [1/1] (0.00ns)   --->   "%local_regs_V_308_reload_read = read i32 @_ssdm_op_Read.ap_auto.i32, i32 %local_regs_V_308_reload"   --->   Operation 671 'read' 'local_regs_V_308_reload_read' <Predicate = true> <Delay = 0.00>
ST_1 : Operation 672 [1/1] (0.00ns)   --->   "%local_regs_V_340_reload_read = read i32 @_ssdm_op_Read.ap_auto.i32, i32 %local_regs_V_340_reload"   --->   Operation 672 'read' 'local_regs_V_340_reload_read' <Predicate = true> <Delay = 0.00>
ST_1 : Operation 673 [1/1] (0.00ns)   --->   "%local_regs_V_372_reload_read = read i32 @_ssdm_op_Read.ap_auto.i32, i32 %local_regs_V_372_reload"   --->   Operation 673 'read' 'local_regs_V_372_reload_read' <Predicate = true> <Delay = 0.00>
ST_1 : Operation 674 [1/1] (0.00ns)   --->   "%local_regs_V_404_reload_read = read i32 @_ssdm_op_Read.ap_auto.i32, i32 %local_regs_V_404_reload"   --->   Operation 674 'read' 'local_regs_V_404_reload_read' <Predicate = true> <Delay = 0.00>
ST_1 : Operation 675 [1/1] (0.00ns)   --->   "%local_regs_V_436_reload_read = read i32 @_ssdm_op_Read.ap_auto.i32, i32 %local_regs_V_436_reload"   --->   Operation 675 'read' 'local_regs_V_436_reload_read' <Predicate = true> <Delay = 0.00>
ST_1 : Operation 676 [1/1] (0.00ns)   --->   "%local_regs_V_468_reload_read = read i32 @_ssdm_op_Read.ap_auto.i32, i32 %local_regs_V_468_reload"   --->   Operation 676 'read' 'local_regs_V_468_reload_read' <Predicate = true> <Delay = 0.00>
ST_1 : Operation 677 [1/1] (0.00ns)   --->   "%local_regs_V_500_reload_read = read i32 @_ssdm_op_Read.ap_auto.i32, i32 %local_regs_V_500_reload"   --->   Operation 677 'read' 'local_regs_V_500_reload_read' <Predicate = true> <Delay = 0.00>
ST_1 : Operation 678 [1/1] (0.00ns)   --->   "%local_regs_V_532_reload_read = read i32 @_ssdm_op_Read.ap_auto.i32, i32 %local_regs_V_532_reload"   --->   Operation 678 'read' 'local_regs_V_532_reload_read' <Predicate = true> <Delay = 0.00>
ST_1 : Operation 679 [1/1] (0.00ns)   --->   "%local_regs_V_564_reload_read = read i32 @_ssdm_op_Read.ap_auto.i32, i32 %local_regs_V_564_reload"   --->   Operation 679 'read' 'local_regs_V_564_reload_read' <Predicate = true> <Delay = 0.00>
ST_1 : Operation 680 [1/1] (0.00ns)   --->   "%local_regs_V_596_reload_read = read i32 @_ssdm_op_Read.ap_auto.i32, i32 %local_regs_V_596_reload"   --->   Operation 680 'read' 'local_regs_V_596_reload_read' <Predicate = true> <Delay = 0.00>
ST_1 : Operation 681 [1/1] (0.00ns)   --->   "%local_regs_V_628_reload_read = read i32 @_ssdm_op_Read.ap_auto.i32, i32 %local_regs_V_628_reload"   --->   Operation 681 'read' 'local_regs_V_628_reload_read' <Predicate = true> <Delay = 0.00>
ST_1 : Operation 682 [1/1] (0.00ns)   --->   "%local_regs_V_660_reload_read = read i32 @_ssdm_op_Read.ap_auto.i32, i32 %local_regs_V_660_reload"   --->   Operation 682 'read' 'local_regs_V_660_reload_read' <Predicate = true> <Delay = 0.00>
ST_1 : Operation 683 [1/1] (0.00ns)   --->   "%local_regs_V_692_reload_read = read i32 @_ssdm_op_Read.ap_auto.i32, i32 %local_regs_V_692_reload"   --->   Operation 683 'read' 'local_regs_V_692_reload_read' <Predicate = true> <Delay = 0.00>
ST_1 : Operation 684 [1/1] (0.00ns)   --->   "%local_regs_V_724_reload_read = read i32 @_ssdm_op_Read.ap_auto.i32, i32 %local_regs_V_724_reload"   --->   Operation 684 'read' 'local_regs_V_724_reload_read' <Predicate = true> <Delay = 0.00>
ST_1 : Operation 685 [1/1] (0.00ns)   --->   "%local_regs_V_756_reload_read = read i32 @_ssdm_op_Read.ap_auto.i32, i32 %local_regs_V_756_reload"   --->   Operation 685 'read' 'local_regs_V_756_reload_read' <Predicate = true> <Delay = 0.00>
ST_1 : Operation 686 [1/1] (0.00ns)   --->   "%local_regs_V_788_reload_read = read i32 @_ssdm_op_Read.ap_auto.i32, i32 %local_regs_V_788_reload"   --->   Operation 686 'read' 'local_regs_V_788_reload_read' <Predicate = true> <Delay = 0.00>
ST_1 : Operation 687 [1/1] (0.00ns)   --->   "%local_regs_V_820_reload_read = read i32 @_ssdm_op_Read.ap_auto.i32, i32 %local_regs_V_820_reload"   --->   Operation 687 'read' 'local_regs_V_820_reload_read' <Predicate = true> <Delay = 0.00>
ST_1 : Operation 688 [1/1] (0.00ns)   --->   "%local_regs_V_852_reload_read = read i32 @_ssdm_op_Read.ap_auto.i32, i32 %local_regs_V_852_reload"   --->   Operation 688 'read' 'local_regs_V_852_reload_read' <Predicate = true> <Delay = 0.00>
ST_1 : Operation 689 [1/1] (0.00ns)   --->   "%local_regs_V_884_reload_read = read i32 @_ssdm_op_Read.ap_auto.i32, i32 %local_regs_V_884_reload"   --->   Operation 689 'read' 'local_regs_V_884_reload_read' <Predicate = true> <Delay = 0.00>
ST_1 : Operation 690 [1/1] (0.00ns)   --->   "%local_regs_V_916_reload_read = read i32 @_ssdm_op_Read.ap_auto.i32, i32 %local_regs_V_916_reload"   --->   Operation 690 'read' 'local_regs_V_916_reload_read' <Predicate = true> <Delay = 0.00>
ST_1 : Operation 691 [1/1] (0.00ns)   --->   "%local_regs_V_948_reload_read = read i32 @_ssdm_op_Read.ap_auto.i32, i32 %local_regs_V_948_reload"   --->   Operation 691 'read' 'local_regs_V_948_reload_read' <Predicate = true> <Delay = 0.00>
ST_1 : Operation 692 [1/1] (0.00ns)   --->   "%local_regs_V_980_reload_read = read i32 @_ssdm_op_Read.ap_auto.i32, i32 %local_regs_V_980_reload"   --->   Operation 692 'read' 'local_regs_V_980_reload_read' <Predicate = true> <Delay = 0.00>
ST_1 : Operation 693 [1/1] (0.00ns)   --->   "%local_regs_V_1012_reload_read = read i32 @_ssdm_op_Read.ap_auto.i32, i32 %local_regs_V_1012_reload"   --->   Operation 693 'read' 'local_regs_V_1012_reload_read' <Predicate = true> <Delay = 0.00>
ST_1 : Operation 694 [1/1] (0.00ns)   --->   "%local_regs_V_21_reload_read = read i32 @_ssdm_op_Read.ap_auto.i32, i32 %local_regs_V_21_reload"   --->   Operation 694 'read' 'local_regs_V_21_reload_read' <Predicate = true> <Delay = 0.00>
ST_1 : Operation 695 [1/1] (0.00ns)   --->   "%local_regs_V_53_reload_read = read i32 @_ssdm_op_Read.ap_auto.i32, i32 %local_regs_V_53_reload"   --->   Operation 695 'read' 'local_regs_V_53_reload_read' <Predicate = true> <Delay = 0.00>
ST_1 : Operation 696 [1/1] (0.00ns)   --->   "%local_regs_V_85_reload_read = read i32 @_ssdm_op_Read.ap_auto.i32, i32 %local_regs_V_85_reload"   --->   Operation 696 'read' 'local_regs_V_85_reload_read' <Predicate = true> <Delay = 0.00>
ST_1 : Operation 697 [1/1] (0.00ns)   --->   "%local_regs_V_117_reload_read = read i32 @_ssdm_op_Read.ap_auto.i32, i32 %local_regs_V_117_reload"   --->   Operation 697 'read' 'local_regs_V_117_reload_read' <Predicate = true> <Delay = 0.00>
ST_1 : Operation 698 [1/1] (0.00ns)   --->   "%local_regs_V_149_reload_read = read i32 @_ssdm_op_Read.ap_auto.i32, i32 %local_regs_V_149_reload"   --->   Operation 698 'read' 'local_regs_V_149_reload_read' <Predicate = true> <Delay = 0.00>
ST_1 : Operation 699 [1/1] (0.00ns)   --->   "%local_regs_V_181_reload_read = read i32 @_ssdm_op_Read.ap_auto.i32, i32 %local_regs_V_181_reload"   --->   Operation 699 'read' 'local_regs_V_181_reload_read' <Predicate = true> <Delay = 0.00>
ST_1 : Operation 700 [1/1] (0.00ns)   --->   "%local_regs_V_213_reload_read = read i32 @_ssdm_op_Read.ap_auto.i32, i32 %local_regs_V_213_reload"   --->   Operation 700 'read' 'local_regs_V_213_reload_read' <Predicate = true> <Delay = 0.00>
ST_1 : Operation 701 [1/1] (0.00ns)   --->   "%local_regs_V_245_reload_read = read i32 @_ssdm_op_Read.ap_auto.i32, i32 %local_regs_V_245_reload"   --->   Operation 701 'read' 'local_regs_V_245_reload_read' <Predicate = true> <Delay = 0.00>
ST_1 : Operation 702 [1/1] (0.00ns)   --->   "%local_regs_V_277_reload_read = read i32 @_ssdm_op_Read.ap_auto.i32, i32 %local_regs_V_277_reload"   --->   Operation 702 'read' 'local_regs_V_277_reload_read' <Predicate = true> <Delay = 0.00>
ST_1 : Operation 703 [1/1] (0.00ns)   --->   "%local_regs_V_309_reload_read = read i32 @_ssdm_op_Read.ap_auto.i32, i32 %local_regs_V_309_reload"   --->   Operation 703 'read' 'local_regs_V_309_reload_read' <Predicate = true> <Delay = 0.00>
ST_1 : Operation 704 [1/1] (0.00ns)   --->   "%local_regs_V_341_reload_read = read i32 @_ssdm_op_Read.ap_auto.i32, i32 %local_regs_V_341_reload"   --->   Operation 704 'read' 'local_regs_V_341_reload_read' <Predicate = true> <Delay = 0.00>
ST_1 : Operation 705 [1/1] (0.00ns)   --->   "%local_regs_V_373_reload_read = read i32 @_ssdm_op_Read.ap_auto.i32, i32 %local_regs_V_373_reload"   --->   Operation 705 'read' 'local_regs_V_373_reload_read' <Predicate = true> <Delay = 0.00>
ST_1 : Operation 706 [1/1] (0.00ns)   --->   "%local_regs_V_405_reload_read = read i32 @_ssdm_op_Read.ap_auto.i32, i32 %local_regs_V_405_reload"   --->   Operation 706 'read' 'local_regs_V_405_reload_read' <Predicate = true> <Delay = 0.00>
ST_1 : Operation 707 [1/1] (0.00ns)   --->   "%local_regs_V_437_reload_read = read i32 @_ssdm_op_Read.ap_auto.i32, i32 %local_regs_V_437_reload"   --->   Operation 707 'read' 'local_regs_V_437_reload_read' <Predicate = true> <Delay = 0.00>
ST_1 : Operation 708 [1/1] (0.00ns)   --->   "%local_regs_V_469_reload_read = read i32 @_ssdm_op_Read.ap_auto.i32, i32 %local_regs_V_469_reload"   --->   Operation 708 'read' 'local_regs_V_469_reload_read' <Predicate = true> <Delay = 0.00>
ST_1 : Operation 709 [1/1] (0.00ns)   --->   "%local_regs_V_501_reload_read = read i32 @_ssdm_op_Read.ap_auto.i32, i32 %local_regs_V_501_reload"   --->   Operation 709 'read' 'local_regs_V_501_reload_read' <Predicate = true> <Delay = 0.00>
ST_1 : Operation 710 [1/1] (0.00ns)   --->   "%local_regs_V_533_reload_read = read i32 @_ssdm_op_Read.ap_auto.i32, i32 %local_regs_V_533_reload"   --->   Operation 710 'read' 'local_regs_V_533_reload_read' <Predicate = true> <Delay = 0.00>
ST_1 : Operation 711 [1/1] (0.00ns)   --->   "%local_regs_V_565_reload_read = read i32 @_ssdm_op_Read.ap_auto.i32, i32 %local_regs_V_565_reload"   --->   Operation 711 'read' 'local_regs_V_565_reload_read' <Predicate = true> <Delay = 0.00>
ST_1 : Operation 712 [1/1] (0.00ns)   --->   "%local_regs_V_597_reload_read = read i32 @_ssdm_op_Read.ap_auto.i32, i32 %local_regs_V_597_reload"   --->   Operation 712 'read' 'local_regs_V_597_reload_read' <Predicate = true> <Delay = 0.00>
ST_1 : Operation 713 [1/1] (0.00ns)   --->   "%local_regs_V_629_reload_read = read i32 @_ssdm_op_Read.ap_auto.i32, i32 %local_regs_V_629_reload"   --->   Operation 713 'read' 'local_regs_V_629_reload_read' <Predicate = true> <Delay = 0.00>
ST_1 : Operation 714 [1/1] (0.00ns)   --->   "%local_regs_V_661_reload_read = read i32 @_ssdm_op_Read.ap_auto.i32, i32 %local_regs_V_661_reload"   --->   Operation 714 'read' 'local_regs_V_661_reload_read' <Predicate = true> <Delay = 0.00>
ST_1 : Operation 715 [1/1] (0.00ns)   --->   "%local_regs_V_693_reload_read = read i32 @_ssdm_op_Read.ap_auto.i32, i32 %local_regs_V_693_reload"   --->   Operation 715 'read' 'local_regs_V_693_reload_read' <Predicate = true> <Delay = 0.00>
ST_1 : Operation 716 [1/1] (0.00ns)   --->   "%local_regs_V_725_reload_read = read i32 @_ssdm_op_Read.ap_auto.i32, i32 %local_regs_V_725_reload"   --->   Operation 716 'read' 'local_regs_V_725_reload_read' <Predicate = true> <Delay = 0.00>
ST_1 : Operation 717 [1/1] (0.00ns)   --->   "%local_regs_V_757_reload_read = read i32 @_ssdm_op_Read.ap_auto.i32, i32 %local_regs_V_757_reload"   --->   Operation 717 'read' 'local_regs_V_757_reload_read' <Predicate = true> <Delay = 0.00>
ST_1 : Operation 718 [1/1] (0.00ns)   --->   "%local_regs_V_789_reload_read = read i32 @_ssdm_op_Read.ap_auto.i32, i32 %local_regs_V_789_reload"   --->   Operation 718 'read' 'local_regs_V_789_reload_read' <Predicate = true> <Delay = 0.00>
ST_1 : Operation 719 [1/1] (0.00ns)   --->   "%local_regs_V_821_reload_read = read i32 @_ssdm_op_Read.ap_auto.i32, i32 %local_regs_V_821_reload"   --->   Operation 719 'read' 'local_regs_V_821_reload_read' <Predicate = true> <Delay = 0.00>
ST_1 : Operation 720 [1/1] (0.00ns)   --->   "%local_regs_V_853_reload_read = read i32 @_ssdm_op_Read.ap_auto.i32, i32 %local_regs_V_853_reload"   --->   Operation 720 'read' 'local_regs_V_853_reload_read' <Predicate = true> <Delay = 0.00>
ST_1 : Operation 721 [1/1] (0.00ns)   --->   "%local_regs_V_885_reload_read = read i32 @_ssdm_op_Read.ap_auto.i32, i32 %local_regs_V_885_reload"   --->   Operation 721 'read' 'local_regs_V_885_reload_read' <Predicate = true> <Delay = 0.00>
ST_1 : Operation 722 [1/1] (0.00ns)   --->   "%local_regs_V_917_reload_read = read i32 @_ssdm_op_Read.ap_auto.i32, i32 %local_regs_V_917_reload"   --->   Operation 722 'read' 'local_regs_V_917_reload_read' <Predicate = true> <Delay = 0.00>
ST_1 : Operation 723 [1/1] (0.00ns)   --->   "%local_regs_V_949_reload_read = read i32 @_ssdm_op_Read.ap_auto.i32, i32 %local_regs_V_949_reload"   --->   Operation 723 'read' 'local_regs_V_949_reload_read' <Predicate = true> <Delay = 0.00>
ST_1 : Operation 724 [1/1] (0.00ns)   --->   "%local_regs_V_981_reload_read = read i32 @_ssdm_op_Read.ap_auto.i32, i32 %local_regs_V_981_reload"   --->   Operation 724 'read' 'local_regs_V_981_reload_read' <Predicate = true> <Delay = 0.00>
ST_1 : Operation 725 [1/1] (0.00ns)   --->   "%local_regs_V_1013_reload_read = read i32 @_ssdm_op_Read.ap_auto.i32, i32 %local_regs_V_1013_reload"   --->   Operation 725 'read' 'local_regs_V_1013_reload_read' <Predicate = true> <Delay = 0.00>
ST_1 : Operation 726 [1/1] (0.00ns)   --->   "%local_regs_V_22_reload_read = read i32 @_ssdm_op_Read.ap_auto.i32, i32 %local_regs_V_22_reload"   --->   Operation 726 'read' 'local_regs_V_22_reload_read' <Predicate = true> <Delay = 0.00>
ST_1 : Operation 727 [1/1] (0.00ns)   --->   "%local_regs_V_54_reload_read = read i32 @_ssdm_op_Read.ap_auto.i32, i32 %local_regs_V_54_reload"   --->   Operation 727 'read' 'local_regs_V_54_reload_read' <Predicate = true> <Delay = 0.00>
ST_1 : Operation 728 [1/1] (0.00ns)   --->   "%local_regs_V_86_reload_read = read i32 @_ssdm_op_Read.ap_auto.i32, i32 %local_regs_V_86_reload"   --->   Operation 728 'read' 'local_regs_V_86_reload_read' <Predicate = true> <Delay = 0.00>
ST_1 : Operation 729 [1/1] (0.00ns)   --->   "%local_regs_V_118_reload_read = read i32 @_ssdm_op_Read.ap_auto.i32, i32 %local_regs_V_118_reload"   --->   Operation 729 'read' 'local_regs_V_118_reload_read' <Predicate = true> <Delay = 0.00>
ST_1 : Operation 730 [1/1] (0.00ns)   --->   "%local_regs_V_150_reload_read = read i32 @_ssdm_op_Read.ap_auto.i32, i32 %local_regs_V_150_reload"   --->   Operation 730 'read' 'local_regs_V_150_reload_read' <Predicate = true> <Delay = 0.00>
ST_1 : Operation 731 [1/1] (0.00ns)   --->   "%local_regs_V_182_reload_read = read i32 @_ssdm_op_Read.ap_auto.i32, i32 %local_regs_V_182_reload"   --->   Operation 731 'read' 'local_regs_V_182_reload_read' <Predicate = true> <Delay = 0.00>
ST_1 : Operation 732 [1/1] (0.00ns)   --->   "%local_regs_V_214_reload_read = read i32 @_ssdm_op_Read.ap_auto.i32, i32 %local_regs_V_214_reload"   --->   Operation 732 'read' 'local_regs_V_214_reload_read' <Predicate = true> <Delay = 0.00>
ST_1 : Operation 733 [1/1] (0.00ns)   --->   "%local_regs_V_246_reload_read = read i32 @_ssdm_op_Read.ap_auto.i32, i32 %local_regs_V_246_reload"   --->   Operation 733 'read' 'local_regs_V_246_reload_read' <Predicate = true> <Delay = 0.00>
ST_1 : Operation 734 [1/1] (0.00ns)   --->   "%local_regs_V_278_reload_read = read i32 @_ssdm_op_Read.ap_auto.i32, i32 %local_regs_V_278_reload"   --->   Operation 734 'read' 'local_regs_V_278_reload_read' <Predicate = true> <Delay = 0.00>
ST_1 : Operation 735 [1/1] (0.00ns)   --->   "%local_regs_V_310_reload_read = read i32 @_ssdm_op_Read.ap_auto.i32, i32 %local_regs_V_310_reload"   --->   Operation 735 'read' 'local_regs_V_310_reload_read' <Predicate = true> <Delay = 0.00>
ST_1 : Operation 736 [1/1] (0.00ns)   --->   "%local_regs_V_342_reload_read = read i32 @_ssdm_op_Read.ap_auto.i32, i32 %local_regs_V_342_reload"   --->   Operation 736 'read' 'local_regs_V_342_reload_read' <Predicate = true> <Delay = 0.00>
ST_1 : Operation 737 [1/1] (0.00ns)   --->   "%local_regs_V_374_reload_read = read i32 @_ssdm_op_Read.ap_auto.i32, i32 %local_regs_V_374_reload"   --->   Operation 737 'read' 'local_regs_V_374_reload_read' <Predicate = true> <Delay = 0.00>
ST_1 : Operation 738 [1/1] (0.00ns)   --->   "%local_regs_V_406_reload_read = read i32 @_ssdm_op_Read.ap_auto.i32, i32 %local_regs_V_406_reload"   --->   Operation 738 'read' 'local_regs_V_406_reload_read' <Predicate = true> <Delay = 0.00>
ST_1 : Operation 739 [1/1] (0.00ns)   --->   "%local_regs_V_438_reload_read = read i32 @_ssdm_op_Read.ap_auto.i32, i32 %local_regs_V_438_reload"   --->   Operation 739 'read' 'local_regs_V_438_reload_read' <Predicate = true> <Delay = 0.00>
ST_1 : Operation 740 [1/1] (0.00ns)   --->   "%local_regs_V_470_reload_read = read i32 @_ssdm_op_Read.ap_auto.i32, i32 %local_regs_V_470_reload"   --->   Operation 740 'read' 'local_regs_V_470_reload_read' <Predicate = true> <Delay = 0.00>
ST_1 : Operation 741 [1/1] (0.00ns)   --->   "%local_regs_V_502_reload_read = read i32 @_ssdm_op_Read.ap_auto.i32, i32 %local_regs_V_502_reload"   --->   Operation 741 'read' 'local_regs_V_502_reload_read' <Predicate = true> <Delay = 0.00>
ST_1 : Operation 742 [1/1] (0.00ns)   --->   "%local_regs_V_534_reload_read = read i32 @_ssdm_op_Read.ap_auto.i32, i32 %local_regs_V_534_reload"   --->   Operation 742 'read' 'local_regs_V_534_reload_read' <Predicate = true> <Delay = 0.00>
ST_1 : Operation 743 [1/1] (0.00ns)   --->   "%local_regs_V_566_reload_read = read i32 @_ssdm_op_Read.ap_auto.i32, i32 %local_regs_V_566_reload"   --->   Operation 743 'read' 'local_regs_V_566_reload_read' <Predicate = true> <Delay = 0.00>
ST_1 : Operation 744 [1/1] (0.00ns)   --->   "%local_regs_V_598_reload_read = read i32 @_ssdm_op_Read.ap_auto.i32, i32 %local_regs_V_598_reload"   --->   Operation 744 'read' 'local_regs_V_598_reload_read' <Predicate = true> <Delay = 0.00>
ST_1 : Operation 745 [1/1] (0.00ns)   --->   "%local_regs_V_630_reload_read = read i32 @_ssdm_op_Read.ap_auto.i32, i32 %local_regs_V_630_reload"   --->   Operation 745 'read' 'local_regs_V_630_reload_read' <Predicate = true> <Delay = 0.00>
ST_1 : Operation 746 [1/1] (0.00ns)   --->   "%local_regs_V_662_reload_read = read i32 @_ssdm_op_Read.ap_auto.i32, i32 %local_regs_V_662_reload"   --->   Operation 746 'read' 'local_regs_V_662_reload_read' <Predicate = true> <Delay = 0.00>
ST_1 : Operation 747 [1/1] (0.00ns)   --->   "%local_regs_V_694_reload_read = read i32 @_ssdm_op_Read.ap_auto.i32, i32 %local_regs_V_694_reload"   --->   Operation 747 'read' 'local_regs_V_694_reload_read' <Predicate = true> <Delay = 0.00>
ST_1 : Operation 748 [1/1] (0.00ns)   --->   "%local_regs_V_726_reload_read = read i32 @_ssdm_op_Read.ap_auto.i32, i32 %local_regs_V_726_reload"   --->   Operation 748 'read' 'local_regs_V_726_reload_read' <Predicate = true> <Delay = 0.00>
ST_1 : Operation 749 [1/1] (0.00ns)   --->   "%local_regs_V_758_reload_read = read i32 @_ssdm_op_Read.ap_auto.i32, i32 %local_regs_V_758_reload"   --->   Operation 749 'read' 'local_regs_V_758_reload_read' <Predicate = true> <Delay = 0.00>
ST_1 : Operation 750 [1/1] (0.00ns)   --->   "%local_regs_V_790_reload_read = read i32 @_ssdm_op_Read.ap_auto.i32, i32 %local_regs_V_790_reload"   --->   Operation 750 'read' 'local_regs_V_790_reload_read' <Predicate = true> <Delay = 0.00>
ST_1 : Operation 751 [1/1] (0.00ns)   --->   "%local_regs_V_822_reload_read = read i32 @_ssdm_op_Read.ap_auto.i32, i32 %local_regs_V_822_reload"   --->   Operation 751 'read' 'local_regs_V_822_reload_read' <Predicate = true> <Delay = 0.00>
ST_1 : Operation 752 [1/1] (0.00ns)   --->   "%local_regs_V_854_reload_read = read i32 @_ssdm_op_Read.ap_auto.i32, i32 %local_regs_V_854_reload"   --->   Operation 752 'read' 'local_regs_V_854_reload_read' <Predicate = true> <Delay = 0.00>
ST_1 : Operation 753 [1/1] (0.00ns)   --->   "%local_regs_V_886_reload_read = read i32 @_ssdm_op_Read.ap_auto.i32, i32 %local_regs_V_886_reload"   --->   Operation 753 'read' 'local_regs_V_886_reload_read' <Predicate = true> <Delay = 0.00>
ST_1 : Operation 754 [1/1] (0.00ns)   --->   "%local_regs_V_918_reload_read = read i32 @_ssdm_op_Read.ap_auto.i32, i32 %local_regs_V_918_reload"   --->   Operation 754 'read' 'local_regs_V_918_reload_read' <Predicate = true> <Delay = 0.00>
ST_1 : Operation 755 [1/1] (0.00ns)   --->   "%local_regs_V_950_reload_read = read i32 @_ssdm_op_Read.ap_auto.i32, i32 %local_regs_V_950_reload"   --->   Operation 755 'read' 'local_regs_V_950_reload_read' <Predicate = true> <Delay = 0.00>
ST_1 : Operation 756 [1/1] (0.00ns)   --->   "%local_regs_V_982_reload_read = read i32 @_ssdm_op_Read.ap_auto.i32, i32 %local_regs_V_982_reload"   --->   Operation 756 'read' 'local_regs_V_982_reload_read' <Predicate = true> <Delay = 0.00>
ST_1 : Operation 757 [1/1] (0.00ns)   --->   "%local_regs_V_1014_reload_read = read i32 @_ssdm_op_Read.ap_auto.i32, i32 %local_regs_V_1014_reload"   --->   Operation 757 'read' 'local_regs_V_1014_reload_read' <Predicate = true> <Delay = 0.00>
ST_1 : Operation 758 [1/1] (0.00ns)   --->   "%local_regs_V_23_reload_read = read i32 @_ssdm_op_Read.ap_auto.i32, i32 %local_regs_V_23_reload"   --->   Operation 758 'read' 'local_regs_V_23_reload_read' <Predicate = true> <Delay = 0.00>
ST_1 : Operation 759 [1/1] (0.00ns)   --->   "%local_regs_V_55_reload_read = read i32 @_ssdm_op_Read.ap_auto.i32, i32 %local_regs_V_55_reload"   --->   Operation 759 'read' 'local_regs_V_55_reload_read' <Predicate = true> <Delay = 0.00>
ST_1 : Operation 760 [1/1] (0.00ns)   --->   "%local_regs_V_87_reload_read = read i32 @_ssdm_op_Read.ap_auto.i32, i32 %local_regs_V_87_reload"   --->   Operation 760 'read' 'local_regs_V_87_reload_read' <Predicate = true> <Delay = 0.00>
ST_1 : Operation 761 [1/1] (0.00ns)   --->   "%local_regs_V_119_reload_read = read i32 @_ssdm_op_Read.ap_auto.i32, i32 %local_regs_V_119_reload"   --->   Operation 761 'read' 'local_regs_V_119_reload_read' <Predicate = true> <Delay = 0.00>
ST_1 : Operation 762 [1/1] (0.00ns)   --->   "%local_regs_V_151_reload_read = read i32 @_ssdm_op_Read.ap_auto.i32, i32 %local_regs_V_151_reload"   --->   Operation 762 'read' 'local_regs_V_151_reload_read' <Predicate = true> <Delay = 0.00>
ST_1 : Operation 763 [1/1] (0.00ns)   --->   "%local_regs_V_183_reload_read = read i32 @_ssdm_op_Read.ap_auto.i32, i32 %local_regs_V_183_reload"   --->   Operation 763 'read' 'local_regs_V_183_reload_read' <Predicate = true> <Delay = 0.00>
ST_1 : Operation 764 [1/1] (0.00ns)   --->   "%local_regs_V_215_reload_read = read i32 @_ssdm_op_Read.ap_auto.i32, i32 %local_regs_V_215_reload"   --->   Operation 764 'read' 'local_regs_V_215_reload_read' <Predicate = true> <Delay = 0.00>
ST_1 : Operation 765 [1/1] (0.00ns)   --->   "%local_regs_V_247_reload_read = read i32 @_ssdm_op_Read.ap_auto.i32, i32 %local_regs_V_247_reload"   --->   Operation 765 'read' 'local_regs_V_247_reload_read' <Predicate = true> <Delay = 0.00>
ST_1 : Operation 766 [1/1] (0.00ns)   --->   "%local_regs_V_279_reload_read = read i32 @_ssdm_op_Read.ap_auto.i32, i32 %local_regs_V_279_reload"   --->   Operation 766 'read' 'local_regs_V_279_reload_read' <Predicate = true> <Delay = 0.00>
ST_1 : Operation 767 [1/1] (0.00ns)   --->   "%local_regs_V_311_reload_read = read i32 @_ssdm_op_Read.ap_auto.i32, i32 %local_regs_V_311_reload"   --->   Operation 767 'read' 'local_regs_V_311_reload_read' <Predicate = true> <Delay = 0.00>
ST_1 : Operation 768 [1/1] (0.00ns)   --->   "%local_regs_V_343_reload_read = read i32 @_ssdm_op_Read.ap_auto.i32, i32 %local_regs_V_343_reload"   --->   Operation 768 'read' 'local_regs_V_343_reload_read' <Predicate = true> <Delay = 0.00>
ST_1 : Operation 769 [1/1] (0.00ns)   --->   "%local_regs_V_375_reload_read = read i32 @_ssdm_op_Read.ap_auto.i32, i32 %local_regs_V_375_reload"   --->   Operation 769 'read' 'local_regs_V_375_reload_read' <Predicate = true> <Delay = 0.00>
ST_1 : Operation 770 [1/1] (0.00ns)   --->   "%local_regs_V_407_reload_read = read i32 @_ssdm_op_Read.ap_auto.i32, i32 %local_regs_V_407_reload"   --->   Operation 770 'read' 'local_regs_V_407_reload_read' <Predicate = true> <Delay = 0.00>
ST_1 : Operation 771 [1/1] (0.00ns)   --->   "%local_regs_V_439_reload_read = read i32 @_ssdm_op_Read.ap_auto.i32, i32 %local_regs_V_439_reload"   --->   Operation 771 'read' 'local_regs_V_439_reload_read' <Predicate = true> <Delay = 0.00>
ST_1 : Operation 772 [1/1] (0.00ns)   --->   "%local_regs_V_471_reload_read = read i32 @_ssdm_op_Read.ap_auto.i32, i32 %local_regs_V_471_reload"   --->   Operation 772 'read' 'local_regs_V_471_reload_read' <Predicate = true> <Delay = 0.00>
ST_1 : Operation 773 [1/1] (0.00ns)   --->   "%local_regs_V_503_reload_read = read i32 @_ssdm_op_Read.ap_auto.i32, i32 %local_regs_V_503_reload"   --->   Operation 773 'read' 'local_regs_V_503_reload_read' <Predicate = true> <Delay = 0.00>
ST_1 : Operation 774 [1/1] (0.00ns)   --->   "%local_regs_V_535_reload_read = read i32 @_ssdm_op_Read.ap_auto.i32, i32 %local_regs_V_535_reload"   --->   Operation 774 'read' 'local_regs_V_535_reload_read' <Predicate = true> <Delay = 0.00>
ST_1 : Operation 775 [1/1] (0.00ns)   --->   "%local_regs_V_567_reload_read = read i32 @_ssdm_op_Read.ap_auto.i32, i32 %local_regs_V_567_reload"   --->   Operation 775 'read' 'local_regs_V_567_reload_read' <Predicate = true> <Delay = 0.00>
ST_1 : Operation 776 [1/1] (0.00ns)   --->   "%local_regs_V_599_reload_read = read i32 @_ssdm_op_Read.ap_auto.i32, i32 %local_regs_V_599_reload"   --->   Operation 776 'read' 'local_regs_V_599_reload_read' <Predicate = true> <Delay = 0.00>
ST_1 : Operation 777 [1/1] (0.00ns)   --->   "%local_regs_V_631_reload_read = read i32 @_ssdm_op_Read.ap_auto.i32, i32 %local_regs_V_631_reload"   --->   Operation 777 'read' 'local_regs_V_631_reload_read' <Predicate = true> <Delay = 0.00>
ST_1 : Operation 778 [1/1] (0.00ns)   --->   "%local_regs_V_663_reload_read = read i32 @_ssdm_op_Read.ap_auto.i32, i32 %local_regs_V_663_reload"   --->   Operation 778 'read' 'local_regs_V_663_reload_read' <Predicate = true> <Delay = 0.00>
ST_1 : Operation 779 [1/1] (0.00ns)   --->   "%local_regs_V_695_reload_read = read i32 @_ssdm_op_Read.ap_auto.i32, i32 %local_regs_V_695_reload"   --->   Operation 779 'read' 'local_regs_V_695_reload_read' <Predicate = true> <Delay = 0.00>
ST_1 : Operation 780 [1/1] (0.00ns)   --->   "%local_regs_V_727_reload_read = read i32 @_ssdm_op_Read.ap_auto.i32, i32 %local_regs_V_727_reload"   --->   Operation 780 'read' 'local_regs_V_727_reload_read' <Predicate = true> <Delay = 0.00>
ST_1 : Operation 781 [1/1] (0.00ns)   --->   "%local_regs_V_759_reload_read = read i32 @_ssdm_op_Read.ap_auto.i32, i32 %local_regs_V_759_reload"   --->   Operation 781 'read' 'local_regs_V_759_reload_read' <Predicate = true> <Delay = 0.00>
ST_1 : Operation 782 [1/1] (0.00ns)   --->   "%local_regs_V_791_reload_read = read i32 @_ssdm_op_Read.ap_auto.i32, i32 %local_regs_V_791_reload"   --->   Operation 782 'read' 'local_regs_V_791_reload_read' <Predicate = true> <Delay = 0.00>
ST_1 : Operation 783 [1/1] (0.00ns)   --->   "%local_regs_V_823_reload_read = read i32 @_ssdm_op_Read.ap_auto.i32, i32 %local_regs_V_823_reload"   --->   Operation 783 'read' 'local_regs_V_823_reload_read' <Predicate = true> <Delay = 0.00>
ST_1 : Operation 784 [1/1] (0.00ns)   --->   "%local_regs_V_855_reload_read = read i32 @_ssdm_op_Read.ap_auto.i32, i32 %local_regs_V_855_reload"   --->   Operation 784 'read' 'local_regs_V_855_reload_read' <Predicate = true> <Delay = 0.00>
ST_1 : Operation 785 [1/1] (0.00ns)   --->   "%local_regs_V_887_reload_read = read i32 @_ssdm_op_Read.ap_auto.i32, i32 %local_regs_V_887_reload"   --->   Operation 785 'read' 'local_regs_V_887_reload_read' <Predicate = true> <Delay = 0.00>
ST_1 : Operation 786 [1/1] (0.00ns)   --->   "%local_regs_V_919_reload_read = read i32 @_ssdm_op_Read.ap_auto.i32, i32 %local_regs_V_919_reload"   --->   Operation 786 'read' 'local_regs_V_919_reload_read' <Predicate = true> <Delay = 0.00>
ST_1 : Operation 787 [1/1] (0.00ns)   --->   "%local_regs_V_951_reload_read = read i32 @_ssdm_op_Read.ap_auto.i32, i32 %local_regs_V_951_reload"   --->   Operation 787 'read' 'local_regs_V_951_reload_read' <Predicate = true> <Delay = 0.00>
ST_1 : Operation 788 [1/1] (0.00ns)   --->   "%local_regs_V_983_reload_read = read i32 @_ssdm_op_Read.ap_auto.i32, i32 %local_regs_V_983_reload"   --->   Operation 788 'read' 'local_regs_V_983_reload_read' <Predicate = true> <Delay = 0.00>
ST_1 : Operation 789 [1/1] (0.00ns)   --->   "%local_regs_V_1015_reload_read = read i32 @_ssdm_op_Read.ap_auto.i32, i32 %local_regs_V_1015_reload"   --->   Operation 789 'read' 'local_regs_V_1015_reload_read' <Predicate = true> <Delay = 0.00>
ST_1 : Operation 790 [1/1] (0.00ns)   --->   "%local_regs_V_24_reload_read = read i32 @_ssdm_op_Read.ap_auto.i32, i32 %local_regs_V_24_reload"   --->   Operation 790 'read' 'local_regs_V_24_reload_read' <Predicate = true> <Delay = 0.00>
ST_1 : Operation 791 [1/1] (0.00ns)   --->   "%local_regs_V_56_reload_read = read i32 @_ssdm_op_Read.ap_auto.i32, i32 %local_regs_V_56_reload"   --->   Operation 791 'read' 'local_regs_V_56_reload_read' <Predicate = true> <Delay = 0.00>
ST_1 : Operation 792 [1/1] (0.00ns)   --->   "%local_regs_V_88_reload_read = read i32 @_ssdm_op_Read.ap_auto.i32, i32 %local_regs_V_88_reload"   --->   Operation 792 'read' 'local_regs_V_88_reload_read' <Predicate = true> <Delay = 0.00>
ST_1 : Operation 793 [1/1] (0.00ns)   --->   "%local_regs_V_120_reload_read = read i32 @_ssdm_op_Read.ap_auto.i32, i32 %local_regs_V_120_reload"   --->   Operation 793 'read' 'local_regs_V_120_reload_read' <Predicate = true> <Delay = 0.00>
ST_1 : Operation 794 [1/1] (0.00ns)   --->   "%local_regs_V_152_reload_read = read i32 @_ssdm_op_Read.ap_auto.i32, i32 %local_regs_V_152_reload"   --->   Operation 794 'read' 'local_regs_V_152_reload_read' <Predicate = true> <Delay = 0.00>
ST_1 : Operation 795 [1/1] (0.00ns)   --->   "%local_regs_V_184_reload_read = read i32 @_ssdm_op_Read.ap_auto.i32, i32 %local_regs_V_184_reload"   --->   Operation 795 'read' 'local_regs_V_184_reload_read' <Predicate = true> <Delay = 0.00>
ST_1 : Operation 796 [1/1] (0.00ns)   --->   "%local_regs_V_216_reload_read = read i32 @_ssdm_op_Read.ap_auto.i32, i32 %local_regs_V_216_reload"   --->   Operation 796 'read' 'local_regs_V_216_reload_read' <Predicate = true> <Delay = 0.00>
ST_1 : Operation 797 [1/1] (0.00ns)   --->   "%local_regs_V_248_reload_read = read i32 @_ssdm_op_Read.ap_auto.i32, i32 %local_regs_V_248_reload"   --->   Operation 797 'read' 'local_regs_V_248_reload_read' <Predicate = true> <Delay = 0.00>
ST_1 : Operation 798 [1/1] (0.00ns)   --->   "%local_regs_V_280_reload_read = read i32 @_ssdm_op_Read.ap_auto.i32, i32 %local_regs_V_280_reload"   --->   Operation 798 'read' 'local_regs_V_280_reload_read' <Predicate = true> <Delay = 0.00>
ST_1 : Operation 799 [1/1] (0.00ns)   --->   "%local_regs_V_312_reload_read = read i32 @_ssdm_op_Read.ap_auto.i32, i32 %local_regs_V_312_reload"   --->   Operation 799 'read' 'local_regs_V_312_reload_read' <Predicate = true> <Delay = 0.00>
ST_1 : Operation 800 [1/1] (0.00ns)   --->   "%local_regs_V_344_reload_read = read i32 @_ssdm_op_Read.ap_auto.i32, i32 %local_regs_V_344_reload"   --->   Operation 800 'read' 'local_regs_V_344_reload_read' <Predicate = true> <Delay = 0.00>
ST_1 : Operation 801 [1/1] (0.00ns)   --->   "%local_regs_V_376_reload_read = read i32 @_ssdm_op_Read.ap_auto.i32, i32 %local_regs_V_376_reload"   --->   Operation 801 'read' 'local_regs_V_376_reload_read' <Predicate = true> <Delay = 0.00>
ST_1 : Operation 802 [1/1] (0.00ns)   --->   "%local_regs_V_408_reload_read = read i32 @_ssdm_op_Read.ap_auto.i32, i32 %local_regs_V_408_reload"   --->   Operation 802 'read' 'local_regs_V_408_reload_read' <Predicate = true> <Delay = 0.00>
ST_1 : Operation 803 [1/1] (0.00ns)   --->   "%local_regs_V_440_reload_read = read i32 @_ssdm_op_Read.ap_auto.i32, i32 %local_regs_V_440_reload"   --->   Operation 803 'read' 'local_regs_V_440_reload_read' <Predicate = true> <Delay = 0.00>
ST_1 : Operation 804 [1/1] (0.00ns)   --->   "%local_regs_V_472_reload_read = read i32 @_ssdm_op_Read.ap_auto.i32, i32 %local_regs_V_472_reload"   --->   Operation 804 'read' 'local_regs_V_472_reload_read' <Predicate = true> <Delay = 0.00>
ST_1 : Operation 805 [1/1] (0.00ns)   --->   "%local_regs_V_504_reload_read = read i32 @_ssdm_op_Read.ap_auto.i32, i32 %local_regs_V_504_reload"   --->   Operation 805 'read' 'local_regs_V_504_reload_read' <Predicate = true> <Delay = 0.00>
ST_1 : Operation 806 [1/1] (0.00ns)   --->   "%local_regs_V_536_reload_read = read i32 @_ssdm_op_Read.ap_auto.i32, i32 %local_regs_V_536_reload"   --->   Operation 806 'read' 'local_regs_V_536_reload_read' <Predicate = true> <Delay = 0.00>
ST_1 : Operation 807 [1/1] (0.00ns)   --->   "%local_regs_V_568_reload_read = read i32 @_ssdm_op_Read.ap_auto.i32, i32 %local_regs_V_568_reload"   --->   Operation 807 'read' 'local_regs_V_568_reload_read' <Predicate = true> <Delay = 0.00>
ST_1 : Operation 808 [1/1] (0.00ns)   --->   "%local_regs_V_600_reload_read = read i32 @_ssdm_op_Read.ap_auto.i32, i32 %local_regs_V_600_reload"   --->   Operation 808 'read' 'local_regs_V_600_reload_read' <Predicate = true> <Delay = 0.00>
ST_1 : Operation 809 [1/1] (0.00ns)   --->   "%local_regs_V_632_reload_read = read i32 @_ssdm_op_Read.ap_auto.i32, i32 %local_regs_V_632_reload"   --->   Operation 809 'read' 'local_regs_V_632_reload_read' <Predicate = true> <Delay = 0.00>
ST_1 : Operation 810 [1/1] (0.00ns)   --->   "%local_regs_V_664_reload_read = read i32 @_ssdm_op_Read.ap_auto.i32, i32 %local_regs_V_664_reload"   --->   Operation 810 'read' 'local_regs_V_664_reload_read' <Predicate = true> <Delay = 0.00>
ST_1 : Operation 811 [1/1] (0.00ns)   --->   "%local_regs_V_696_reload_read = read i32 @_ssdm_op_Read.ap_auto.i32, i32 %local_regs_V_696_reload"   --->   Operation 811 'read' 'local_regs_V_696_reload_read' <Predicate = true> <Delay = 0.00>
ST_1 : Operation 812 [1/1] (0.00ns)   --->   "%local_regs_V_728_reload_read = read i32 @_ssdm_op_Read.ap_auto.i32, i32 %local_regs_V_728_reload"   --->   Operation 812 'read' 'local_regs_V_728_reload_read' <Predicate = true> <Delay = 0.00>
ST_1 : Operation 813 [1/1] (0.00ns)   --->   "%local_regs_V_760_reload_read = read i32 @_ssdm_op_Read.ap_auto.i32, i32 %local_regs_V_760_reload"   --->   Operation 813 'read' 'local_regs_V_760_reload_read' <Predicate = true> <Delay = 0.00>
ST_1 : Operation 814 [1/1] (0.00ns)   --->   "%local_regs_V_792_reload_read = read i32 @_ssdm_op_Read.ap_auto.i32, i32 %local_regs_V_792_reload"   --->   Operation 814 'read' 'local_regs_V_792_reload_read' <Predicate = true> <Delay = 0.00>
ST_1 : Operation 815 [1/1] (0.00ns)   --->   "%local_regs_V_824_reload_read = read i32 @_ssdm_op_Read.ap_auto.i32, i32 %local_regs_V_824_reload"   --->   Operation 815 'read' 'local_regs_V_824_reload_read' <Predicate = true> <Delay = 0.00>
ST_1 : Operation 816 [1/1] (0.00ns)   --->   "%local_regs_V_856_reload_read = read i32 @_ssdm_op_Read.ap_auto.i32, i32 %local_regs_V_856_reload"   --->   Operation 816 'read' 'local_regs_V_856_reload_read' <Predicate = true> <Delay = 0.00>
ST_1 : Operation 817 [1/1] (0.00ns)   --->   "%local_regs_V_888_reload_read = read i32 @_ssdm_op_Read.ap_auto.i32, i32 %local_regs_V_888_reload"   --->   Operation 817 'read' 'local_regs_V_888_reload_read' <Predicate = true> <Delay = 0.00>
ST_1 : Operation 818 [1/1] (0.00ns)   --->   "%local_regs_V_920_reload_read = read i32 @_ssdm_op_Read.ap_auto.i32, i32 %local_regs_V_920_reload"   --->   Operation 818 'read' 'local_regs_V_920_reload_read' <Predicate = true> <Delay = 0.00>
ST_1 : Operation 819 [1/1] (0.00ns)   --->   "%local_regs_V_952_reload_read = read i32 @_ssdm_op_Read.ap_auto.i32, i32 %local_regs_V_952_reload"   --->   Operation 819 'read' 'local_regs_V_952_reload_read' <Predicate = true> <Delay = 0.00>
ST_1 : Operation 820 [1/1] (0.00ns)   --->   "%local_regs_V_984_reload_read = read i32 @_ssdm_op_Read.ap_auto.i32, i32 %local_regs_V_984_reload"   --->   Operation 820 'read' 'local_regs_V_984_reload_read' <Predicate = true> <Delay = 0.00>
ST_1 : Operation 821 [1/1] (0.00ns)   --->   "%local_regs_V_1016_reload_read = read i32 @_ssdm_op_Read.ap_auto.i32, i32 %local_regs_V_1016_reload"   --->   Operation 821 'read' 'local_regs_V_1016_reload_read' <Predicate = true> <Delay = 0.00>
ST_1 : Operation 822 [1/1] (0.00ns)   --->   "%local_regs_V_25_reload_read = read i32 @_ssdm_op_Read.ap_auto.i32, i32 %local_regs_V_25_reload"   --->   Operation 822 'read' 'local_regs_V_25_reload_read' <Predicate = true> <Delay = 0.00>
ST_1 : Operation 823 [1/1] (0.00ns)   --->   "%local_regs_V_57_reload_read = read i32 @_ssdm_op_Read.ap_auto.i32, i32 %local_regs_V_57_reload"   --->   Operation 823 'read' 'local_regs_V_57_reload_read' <Predicate = true> <Delay = 0.00>
ST_1 : Operation 824 [1/1] (0.00ns)   --->   "%local_regs_V_89_reload_read = read i32 @_ssdm_op_Read.ap_auto.i32, i32 %local_regs_V_89_reload"   --->   Operation 824 'read' 'local_regs_V_89_reload_read' <Predicate = true> <Delay = 0.00>
ST_1 : Operation 825 [1/1] (0.00ns)   --->   "%local_regs_V_121_reload_read = read i32 @_ssdm_op_Read.ap_auto.i32, i32 %local_regs_V_121_reload"   --->   Operation 825 'read' 'local_regs_V_121_reload_read' <Predicate = true> <Delay = 0.00>
ST_1 : Operation 826 [1/1] (0.00ns)   --->   "%local_regs_V_153_reload_read = read i32 @_ssdm_op_Read.ap_auto.i32, i32 %local_regs_V_153_reload"   --->   Operation 826 'read' 'local_regs_V_153_reload_read' <Predicate = true> <Delay = 0.00>
ST_1 : Operation 827 [1/1] (0.00ns)   --->   "%local_regs_V_185_reload_read = read i32 @_ssdm_op_Read.ap_auto.i32, i32 %local_regs_V_185_reload"   --->   Operation 827 'read' 'local_regs_V_185_reload_read' <Predicate = true> <Delay = 0.00>
ST_1 : Operation 828 [1/1] (0.00ns)   --->   "%local_regs_V_217_reload_read = read i32 @_ssdm_op_Read.ap_auto.i32, i32 %local_regs_V_217_reload"   --->   Operation 828 'read' 'local_regs_V_217_reload_read' <Predicate = true> <Delay = 0.00>
ST_1 : Operation 829 [1/1] (0.00ns)   --->   "%local_regs_V_249_reload_read = read i32 @_ssdm_op_Read.ap_auto.i32, i32 %local_regs_V_249_reload"   --->   Operation 829 'read' 'local_regs_V_249_reload_read' <Predicate = true> <Delay = 0.00>
ST_1 : Operation 830 [1/1] (0.00ns)   --->   "%local_regs_V_281_reload_read = read i32 @_ssdm_op_Read.ap_auto.i32, i32 %local_regs_V_281_reload"   --->   Operation 830 'read' 'local_regs_V_281_reload_read' <Predicate = true> <Delay = 0.00>
ST_1 : Operation 831 [1/1] (0.00ns)   --->   "%local_regs_V_313_reload_read = read i32 @_ssdm_op_Read.ap_auto.i32, i32 %local_regs_V_313_reload"   --->   Operation 831 'read' 'local_regs_V_313_reload_read' <Predicate = true> <Delay = 0.00>
ST_1 : Operation 832 [1/1] (0.00ns)   --->   "%local_regs_V_345_reload_read = read i32 @_ssdm_op_Read.ap_auto.i32, i32 %local_regs_V_345_reload"   --->   Operation 832 'read' 'local_regs_V_345_reload_read' <Predicate = true> <Delay = 0.00>
ST_1 : Operation 833 [1/1] (0.00ns)   --->   "%local_regs_V_377_reload_read = read i32 @_ssdm_op_Read.ap_auto.i32, i32 %local_regs_V_377_reload"   --->   Operation 833 'read' 'local_regs_V_377_reload_read' <Predicate = true> <Delay = 0.00>
ST_1 : Operation 834 [1/1] (0.00ns)   --->   "%local_regs_V_409_reload_read = read i32 @_ssdm_op_Read.ap_auto.i32, i32 %local_regs_V_409_reload"   --->   Operation 834 'read' 'local_regs_V_409_reload_read' <Predicate = true> <Delay = 0.00>
ST_1 : Operation 835 [1/1] (0.00ns)   --->   "%local_regs_V_441_reload_read = read i32 @_ssdm_op_Read.ap_auto.i32, i32 %local_regs_V_441_reload"   --->   Operation 835 'read' 'local_regs_V_441_reload_read' <Predicate = true> <Delay = 0.00>
ST_1 : Operation 836 [1/1] (0.00ns)   --->   "%local_regs_V_473_reload_read = read i32 @_ssdm_op_Read.ap_auto.i32, i32 %local_regs_V_473_reload"   --->   Operation 836 'read' 'local_regs_V_473_reload_read' <Predicate = true> <Delay = 0.00>
ST_1 : Operation 837 [1/1] (0.00ns)   --->   "%local_regs_V_505_reload_read = read i32 @_ssdm_op_Read.ap_auto.i32, i32 %local_regs_V_505_reload"   --->   Operation 837 'read' 'local_regs_V_505_reload_read' <Predicate = true> <Delay = 0.00>
ST_1 : Operation 838 [1/1] (0.00ns)   --->   "%local_regs_V_537_reload_read = read i32 @_ssdm_op_Read.ap_auto.i32, i32 %local_regs_V_537_reload"   --->   Operation 838 'read' 'local_regs_V_537_reload_read' <Predicate = true> <Delay = 0.00>
ST_1 : Operation 839 [1/1] (0.00ns)   --->   "%local_regs_V_569_reload_read = read i32 @_ssdm_op_Read.ap_auto.i32, i32 %local_regs_V_569_reload"   --->   Operation 839 'read' 'local_regs_V_569_reload_read' <Predicate = true> <Delay = 0.00>
ST_1 : Operation 840 [1/1] (0.00ns)   --->   "%local_regs_V_601_reload_read = read i32 @_ssdm_op_Read.ap_auto.i32, i32 %local_regs_V_601_reload"   --->   Operation 840 'read' 'local_regs_V_601_reload_read' <Predicate = true> <Delay = 0.00>
ST_1 : Operation 841 [1/1] (0.00ns)   --->   "%local_regs_V_633_reload_read = read i32 @_ssdm_op_Read.ap_auto.i32, i32 %local_regs_V_633_reload"   --->   Operation 841 'read' 'local_regs_V_633_reload_read' <Predicate = true> <Delay = 0.00>
ST_1 : Operation 842 [1/1] (0.00ns)   --->   "%local_regs_V_665_reload_read = read i32 @_ssdm_op_Read.ap_auto.i32, i32 %local_regs_V_665_reload"   --->   Operation 842 'read' 'local_regs_V_665_reload_read' <Predicate = true> <Delay = 0.00>
ST_1 : Operation 843 [1/1] (0.00ns)   --->   "%local_regs_V_697_reload_read = read i32 @_ssdm_op_Read.ap_auto.i32, i32 %local_regs_V_697_reload"   --->   Operation 843 'read' 'local_regs_V_697_reload_read' <Predicate = true> <Delay = 0.00>
ST_1 : Operation 844 [1/1] (0.00ns)   --->   "%local_regs_V_729_reload_read = read i32 @_ssdm_op_Read.ap_auto.i32, i32 %local_regs_V_729_reload"   --->   Operation 844 'read' 'local_regs_V_729_reload_read' <Predicate = true> <Delay = 0.00>
ST_1 : Operation 845 [1/1] (0.00ns)   --->   "%local_regs_V_761_reload_read = read i32 @_ssdm_op_Read.ap_auto.i32, i32 %local_regs_V_761_reload"   --->   Operation 845 'read' 'local_regs_V_761_reload_read' <Predicate = true> <Delay = 0.00>
ST_1 : Operation 846 [1/1] (0.00ns)   --->   "%local_regs_V_793_reload_read = read i32 @_ssdm_op_Read.ap_auto.i32, i32 %local_regs_V_793_reload"   --->   Operation 846 'read' 'local_regs_V_793_reload_read' <Predicate = true> <Delay = 0.00>
ST_1 : Operation 847 [1/1] (0.00ns)   --->   "%local_regs_V_825_reload_read = read i32 @_ssdm_op_Read.ap_auto.i32, i32 %local_regs_V_825_reload"   --->   Operation 847 'read' 'local_regs_V_825_reload_read' <Predicate = true> <Delay = 0.00>
ST_1 : Operation 848 [1/1] (0.00ns)   --->   "%local_regs_V_857_reload_read = read i32 @_ssdm_op_Read.ap_auto.i32, i32 %local_regs_V_857_reload"   --->   Operation 848 'read' 'local_regs_V_857_reload_read' <Predicate = true> <Delay = 0.00>
ST_1 : Operation 849 [1/1] (0.00ns)   --->   "%local_regs_V_889_reload_read = read i32 @_ssdm_op_Read.ap_auto.i32, i32 %local_regs_V_889_reload"   --->   Operation 849 'read' 'local_regs_V_889_reload_read' <Predicate = true> <Delay = 0.00>
ST_1 : Operation 850 [1/1] (0.00ns)   --->   "%local_regs_V_921_reload_read = read i32 @_ssdm_op_Read.ap_auto.i32, i32 %local_regs_V_921_reload"   --->   Operation 850 'read' 'local_regs_V_921_reload_read' <Predicate = true> <Delay = 0.00>
ST_1 : Operation 851 [1/1] (0.00ns)   --->   "%local_regs_V_953_reload_read = read i32 @_ssdm_op_Read.ap_auto.i32, i32 %local_regs_V_953_reload"   --->   Operation 851 'read' 'local_regs_V_953_reload_read' <Predicate = true> <Delay = 0.00>
ST_1 : Operation 852 [1/1] (0.00ns)   --->   "%local_regs_V_985_reload_read = read i32 @_ssdm_op_Read.ap_auto.i32, i32 %local_regs_V_985_reload"   --->   Operation 852 'read' 'local_regs_V_985_reload_read' <Predicate = true> <Delay = 0.00>
ST_1 : Operation 853 [1/1] (0.00ns)   --->   "%local_regs_V_1017_reload_read = read i32 @_ssdm_op_Read.ap_auto.i32, i32 %local_regs_V_1017_reload"   --->   Operation 853 'read' 'local_regs_V_1017_reload_read' <Predicate = true> <Delay = 0.00>
ST_1 : Operation 854 [1/1] (0.00ns)   --->   "%local_regs_V_26_reload_read = read i32 @_ssdm_op_Read.ap_auto.i32, i32 %local_regs_V_26_reload"   --->   Operation 854 'read' 'local_regs_V_26_reload_read' <Predicate = true> <Delay = 0.00>
ST_1 : Operation 855 [1/1] (0.00ns)   --->   "%local_regs_V_58_reload_read = read i32 @_ssdm_op_Read.ap_auto.i32, i32 %local_regs_V_58_reload"   --->   Operation 855 'read' 'local_regs_V_58_reload_read' <Predicate = true> <Delay = 0.00>
ST_1 : Operation 856 [1/1] (0.00ns)   --->   "%local_regs_V_90_reload_read = read i32 @_ssdm_op_Read.ap_auto.i32, i32 %local_regs_V_90_reload"   --->   Operation 856 'read' 'local_regs_V_90_reload_read' <Predicate = true> <Delay = 0.00>
ST_1 : Operation 857 [1/1] (0.00ns)   --->   "%local_regs_V_122_reload_read = read i32 @_ssdm_op_Read.ap_auto.i32, i32 %local_regs_V_122_reload"   --->   Operation 857 'read' 'local_regs_V_122_reload_read' <Predicate = true> <Delay = 0.00>
ST_1 : Operation 858 [1/1] (0.00ns)   --->   "%local_regs_V_154_reload_read = read i32 @_ssdm_op_Read.ap_auto.i32, i32 %local_regs_V_154_reload"   --->   Operation 858 'read' 'local_regs_V_154_reload_read' <Predicate = true> <Delay = 0.00>
ST_1 : Operation 859 [1/1] (0.00ns)   --->   "%local_regs_V_186_reload_read = read i32 @_ssdm_op_Read.ap_auto.i32, i32 %local_regs_V_186_reload"   --->   Operation 859 'read' 'local_regs_V_186_reload_read' <Predicate = true> <Delay = 0.00>
ST_1 : Operation 860 [1/1] (0.00ns)   --->   "%local_regs_V_218_reload_read = read i32 @_ssdm_op_Read.ap_auto.i32, i32 %local_regs_V_218_reload"   --->   Operation 860 'read' 'local_regs_V_218_reload_read' <Predicate = true> <Delay = 0.00>
ST_1 : Operation 861 [1/1] (0.00ns)   --->   "%local_regs_V_250_reload_read = read i32 @_ssdm_op_Read.ap_auto.i32, i32 %local_regs_V_250_reload"   --->   Operation 861 'read' 'local_regs_V_250_reload_read' <Predicate = true> <Delay = 0.00>
ST_1 : Operation 862 [1/1] (0.00ns)   --->   "%local_regs_V_282_reload_read = read i32 @_ssdm_op_Read.ap_auto.i32, i32 %local_regs_V_282_reload"   --->   Operation 862 'read' 'local_regs_V_282_reload_read' <Predicate = true> <Delay = 0.00>
ST_1 : Operation 863 [1/1] (0.00ns)   --->   "%local_regs_V_314_reload_read = read i32 @_ssdm_op_Read.ap_auto.i32, i32 %local_regs_V_314_reload"   --->   Operation 863 'read' 'local_regs_V_314_reload_read' <Predicate = true> <Delay = 0.00>
ST_1 : Operation 864 [1/1] (0.00ns)   --->   "%local_regs_V_346_reload_read = read i32 @_ssdm_op_Read.ap_auto.i32, i32 %local_regs_V_346_reload"   --->   Operation 864 'read' 'local_regs_V_346_reload_read' <Predicate = true> <Delay = 0.00>
ST_1 : Operation 865 [1/1] (0.00ns)   --->   "%local_regs_V_378_reload_read = read i32 @_ssdm_op_Read.ap_auto.i32, i32 %local_regs_V_378_reload"   --->   Operation 865 'read' 'local_regs_V_378_reload_read' <Predicate = true> <Delay = 0.00>
ST_1 : Operation 866 [1/1] (0.00ns)   --->   "%local_regs_V_410_reload_read = read i32 @_ssdm_op_Read.ap_auto.i32, i32 %local_regs_V_410_reload"   --->   Operation 866 'read' 'local_regs_V_410_reload_read' <Predicate = true> <Delay = 0.00>
ST_1 : Operation 867 [1/1] (0.00ns)   --->   "%local_regs_V_442_reload_read = read i32 @_ssdm_op_Read.ap_auto.i32, i32 %local_regs_V_442_reload"   --->   Operation 867 'read' 'local_regs_V_442_reload_read' <Predicate = true> <Delay = 0.00>
ST_1 : Operation 868 [1/1] (0.00ns)   --->   "%local_regs_V_474_reload_read = read i32 @_ssdm_op_Read.ap_auto.i32, i32 %local_regs_V_474_reload"   --->   Operation 868 'read' 'local_regs_V_474_reload_read' <Predicate = true> <Delay = 0.00>
ST_1 : Operation 869 [1/1] (0.00ns)   --->   "%local_regs_V_506_reload_read = read i32 @_ssdm_op_Read.ap_auto.i32, i32 %local_regs_V_506_reload"   --->   Operation 869 'read' 'local_regs_V_506_reload_read' <Predicate = true> <Delay = 0.00>
ST_1 : Operation 870 [1/1] (0.00ns)   --->   "%local_regs_V_538_reload_read = read i32 @_ssdm_op_Read.ap_auto.i32, i32 %local_regs_V_538_reload"   --->   Operation 870 'read' 'local_regs_V_538_reload_read' <Predicate = true> <Delay = 0.00>
ST_1 : Operation 871 [1/1] (0.00ns)   --->   "%local_regs_V_570_reload_read = read i32 @_ssdm_op_Read.ap_auto.i32, i32 %local_regs_V_570_reload"   --->   Operation 871 'read' 'local_regs_V_570_reload_read' <Predicate = true> <Delay = 0.00>
ST_1 : Operation 872 [1/1] (0.00ns)   --->   "%local_regs_V_602_reload_read = read i32 @_ssdm_op_Read.ap_auto.i32, i32 %local_regs_V_602_reload"   --->   Operation 872 'read' 'local_regs_V_602_reload_read' <Predicate = true> <Delay = 0.00>
ST_1 : Operation 873 [1/1] (0.00ns)   --->   "%local_regs_V_634_reload_read = read i32 @_ssdm_op_Read.ap_auto.i32, i32 %local_regs_V_634_reload"   --->   Operation 873 'read' 'local_regs_V_634_reload_read' <Predicate = true> <Delay = 0.00>
ST_1 : Operation 874 [1/1] (0.00ns)   --->   "%local_regs_V_666_reload_read = read i32 @_ssdm_op_Read.ap_auto.i32, i32 %local_regs_V_666_reload"   --->   Operation 874 'read' 'local_regs_V_666_reload_read' <Predicate = true> <Delay = 0.00>
ST_1 : Operation 875 [1/1] (0.00ns)   --->   "%local_regs_V_698_reload_read = read i32 @_ssdm_op_Read.ap_auto.i32, i32 %local_regs_V_698_reload"   --->   Operation 875 'read' 'local_regs_V_698_reload_read' <Predicate = true> <Delay = 0.00>
ST_1 : Operation 876 [1/1] (0.00ns)   --->   "%local_regs_V_730_reload_read = read i32 @_ssdm_op_Read.ap_auto.i32, i32 %local_regs_V_730_reload"   --->   Operation 876 'read' 'local_regs_V_730_reload_read' <Predicate = true> <Delay = 0.00>
ST_1 : Operation 877 [1/1] (0.00ns)   --->   "%local_regs_V_762_reload_read = read i32 @_ssdm_op_Read.ap_auto.i32, i32 %local_regs_V_762_reload"   --->   Operation 877 'read' 'local_regs_V_762_reload_read' <Predicate = true> <Delay = 0.00>
ST_1 : Operation 878 [1/1] (0.00ns)   --->   "%local_regs_V_794_reload_read = read i32 @_ssdm_op_Read.ap_auto.i32, i32 %local_regs_V_794_reload"   --->   Operation 878 'read' 'local_regs_V_794_reload_read' <Predicate = true> <Delay = 0.00>
ST_1 : Operation 879 [1/1] (0.00ns)   --->   "%local_regs_V_826_reload_read = read i32 @_ssdm_op_Read.ap_auto.i32, i32 %local_regs_V_826_reload"   --->   Operation 879 'read' 'local_regs_V_826_reload_read' <Predicate = true> <Delay = 0.00>
ST_1 : Operation 880 [1/1] (0.00ns)   --->   "%local_regs_V_858_reload_read = read i32 @_ssdm_op_Read.ap_auto.i32, i32 %local_regs_V_858_reload"   --->   Operation 880 'read' 'local_regs_V_858_reload_read' <Predicate = true> <Delay = 0.00>
ST_1 : Operation 881 [1/1] (0.00ns)   --->   "%local_regs_V_890_reload_read = read i32 @_ssdm_op_Read.ap_auto.i32, i32 %local_regs_V_890_reload"   --->   Operation 881 'read' 'local_regs_V_890_reload_read' <Predicate = true> <Delay = 0.00>
ST_1 : Operation 882 [1/1] (0.00ns)   --->   "%local_regs_V_922_reload_read = read i32 @_ssdm_op_Read.ap_auto.i32, i32 %local_regs_V_922_reload"   --->   Operation 882 'read' 'local_regs_V_922_reload_read' <Predicate = true> <Delay = 0.00>
ST_1 : Operation 883 [1/1] (0.00ns)   --->   "%local_regs_V_954_reload_read = read i32 @_ssdm_op_Read.ap_auto.i32, i32 %local_regs_V_954_reload"   --->   Operation 883 'read' 'local_regs_V_954_reload_read' <Predicate = true> <Delay = 0.00>
ST_1 : Operation 884 [1/1] (0.00ns)   --->   "%local_regs_V_986_reload_read = read i32 @_ssdm_op_Read.ap_auto.i32, i32 %local_regs_V_986_reload"   --->   Operation 884 'read' 'local_regs_V_986_reload_read' <Predicate = true> <Delay = 0.00>
ST_1 : Operation 885 [1/1] (0.00ns)   --->   "%local_regs_V_1018_reload_read = read i32 @_ssdm_op_Read.ap_auto.i32, i32 %local_regs_V_1018_reload"   --->   Operation 885 'read' 'local_regs_V_1018_reload_read' <Predicate = true> <Delay = 0.00>
ST_1 : Operation 886 [1/1] (0.00ns)   --->   "%local_regs_V_27_reload_read = read i32 @_ssdm_op_Read.ap_auto.i32, i32 %local_regs_V_27_reload"   --->   Operation 886 'read' 'local_regs_V_27_reload_read' <Predicate = true> <Delay = 0.00>
ST_1 : Operation 887 [1/1] (0.00ns)   --->   "%local_regs_V_59_reload_read = read i32 @_ssdm_op_Read.ap_auto.i32, i32 %local_regs_V_59_reload"   --->   Operation 887 'read' 'local_regs_V_59_reload_read' <Predicate = true> <Delay = 0.00>
ST_1 : Operation 888 [1/1] (0.00ns)   --->   "%local_regs_V_91_reload_read = read i32 @_ssdm_op_Read.ap_auto.i32, i32 %local_regs_V_91_reload"   --->   Operation 888 'read' 'local_regs_V_91_reload_read' <Predicate = true> <Delay = 0.00>
ST_1 : Operation 889 [1/1] (0.00ns)   --->   "%local_regs_V_123_reload_read = read i32 @_ssdm_op_Read.ap_auto.i32, i32 %local_regs_V_123_reload"   --->   Operation 889 'read' 'local_regs_V_123_reload_read' <Predicate = true> <Delay = 0.00>
ST_1 : Operation 890 [1/1] (0.00ns)   --->   "%local_regs_V_155_reload_read = read i32 @_ssdm_op_Read.ap_auto.i32, i32 %local_regs_V_155_reload"   --->   Operation 890 'read' 'local_regs_V_155_reload_read' <Predicate = true> <Delay = 0.00>
ST_1 : Operation 891 [1/1] (0.00ns)   --->   "%local_regs_V_187_reload_read = read i32 @_ssdm_op_Read.ap_auto.i32, i32 %local_regs_V_187_reload"   --->   Operation 891 'read' 'local_regs_V_187_reload_read' <Predicate = true> <Delay = 0.00>
ST_1 : Operation 892 [1/1] (0.00ns)   --->   "%local_regs_V_219_reload_read = read i32 @_ssdm_op_Read.ap_auto.i32, i32 %local_regs_V_219_reload"   --->   Operation 892 'read' 'local_regs_V_219_reload_read' <Predicate = true> <Delay = 0.00>
ST_1 : Operation 893 [1/1] (0.00ns)   --->   "%local_regs_V_251_reload_read = read i32 @_ssdm_op_Read.ap_auto.i32, i32 %local_regs_V_251_reload"   --->   Operation 893 'read' 'local_regs_V_251_reload_read' <Predicate = true> <Delay = 0.00>
ST_1 : Operation 894 [1/1] (0.00ns)   --->   "%local_regs_V_283_reload_read = read i32 @_ssdm_op_Read.ap_auto.i32, i32 %local_regs_V_283_reload"   --->   Operation 894 'read' 'local_regs_V_283_reload_read' <Predicate = true> <Delay = 0.00>
ST_1 : Operation 895 [1/1] (0.00ns)   --->   "%local_regs_V_315_reload_read = read i32 @_ssdm_op_Read.ap_auto.i32, i32 %local_regs_V_315_reload"   --->   Operation 895 'read' 'local_regs_V_315_reload_read' <Predicate = true> <Delay = 0.00>
ST_1 : Operation 896 [1/1] (0.00ns)   --->   "%local_regs_V_347_reload_read = read i32 @_ssdm_op_Read.ap_auto.i32, i32 %local_regs_V_347_reload"   --->   Operation 896 'read' 'local_regs_V_347_reload_read' <Predicate = true> <Delay = 0.00>
ST_1 : Operation 897 [1/1] (0.00ns)   --->   "%local_regs_V_379_reload_read = read i32 @_ssdm_op_Read.ap_auto.i32, i32 %local_regs_V_379_reload"   --->   Operation 897 'read' 'local_regs_V_379_reload_read' <Predicate = true> <Delay = 0.00>
ST_1 : Operation 898 [1/1] (0.00ns)   --->   "%local_regs_V_411_reload_read = read i32 @_ssdm_op_Read.ap_auto.i32, i32 %local_regs_V_411_reload"   --->   Operation 898 'read' 'local_regs_V_411_reload_read' <Predicate = true> <Delay = 0.00>
ST_1 : Operation 899 [1/1] (0.00ns)   --->   "%local_regs_V_443_reload_read = read i32 @_ssdm_op_Read.ap_auto.i32, i32 %local_regs_V_443_reload"   --->   Operation 899 'read' 'local_regs_V_443_reload_read' <Predicate = true> <Delay = 0.00>
ST_1 : Operation 900 [1/1] (0.00ns)   --->   "%local_regs_V_475_reload_read = read i32 @_ssdm_op_Read.ap_auto.i32, i32 %local_regs_V_475_reload"   --->   Operation 900 'read' 'local_regs_V_475_reload_read' <Predicate = true> <Delay = 0.00>
ST_1 : Operation 901 [1/1] (0.00ns)   --->   "%local_regs_V_507_reload_read = read i32 @_ssdm_op_Read.ap_auto.i32, i32 %local_regs_V_507_reload"   --->   Operation 901 'read' 'local_regs_V_507_reload_read' <Predicate = true> <Delay = 0.00>
ST_1 : Operation 902 [1/1] (0.00ns)   --->   "%local_regs_V_539_reload_read = read i32 @_ssdm_op_Read.ap_auto.i32, i32 %local_regs_V_539_reload"   --->   Operation 902 'read' 'local_regs_V_539_reload_read' <Predicate = true> <Delay = 0.00>
ST_1 : Operation 903 [1/1] (0.00ns)   --->   "%local_regs_V_571_reload_read = read i32 @_ssdm_op_Read.ap_auto.i32, i32 %local_regs_V_571_reload"   --->   Operation 903 'read' 'local_regs_V_571_reload_read' <Predicate = true> <Delay = 0.00>
ST_1 : Operation 904 [1/1] (0.00ns)   --->   "%local_regs_V_603_reload_read = read i32 @_ssdm_op_Read.ap_auto.i32, i32 %local_regs_V_603_reload"   --->   Operation 904 'read' 'local_regs_V_603_reload_read' <Predicate = true> <Delay = 0.00>
ST_1 : Operation 905 [1/1] (0.00ns)   --->   "%local_regs_V_635_reload_read = read i32 @_ssdm_op_Read.ap_auto.i32, i32 %local_regs_V_635_reload"   --->   Operation 905 'read' 'local_regs_V_635_reload_read' <Predicate = true> <Delay = 0.00>
ST_1 : Operation 906 [1/1] (0.00ns)   --->   "%local_regs_V_667_reload_read = read i32 @_ssdm_op_Read.ap_auto.i32, i32 %local_regs_V_667_reload"   --->   Operation 906 'read' 'local_regs_V_667_reload_read' <Predicate = true> <Delay = 0.00>
ST_1 : Operation 907 [1/1] (0.00ns)   --->   "%local_regs_V_699_reload_read = read i32 @_ssdm_op_Read.ap_auto.i32, i32 %local_regs_V_699_reload"   --->   Operation 907 'read' 'local_regs_V_699_reload_read' <Predicate = true> <Delay = 0.00>
ST_1 : Operation 908 [1/1] (0.00ns)   --->   "%local_regs_V_731_reload_read = read i32 @_ssdm_op_Read.ap_auto.i32, i32 %local_regs_V_731_reload"   --->   Operation 908 'read' 'local_regs_V_731_reload_read' <Predicate = true> <Delay = 0.00>
ST_1 : Operation 909 [1/1] (0.00ns)   --->   "%local_regs_V_763_reload_read = read i32 @_ssdm_op_Read.ap_auto.i32, i32 %local_regs_V_763_reload"   --->   Operation 909 'read' 'local_regs_V_763_reload_read' <Predicate = true> <Delay = 0.00>
ST_1 : Operation 910 [1/1] (0.00ns)   --->   "%local_regs_V_795_reload_read = read i32 @_ssdm_op_Read.ap_auto.i32, i32 %local_regs_V_795_reload"   --->   Operation 910 'read' 'local_regs_V_795_reload_read' <Predicate = true> <Delay = 0.00>
ST_1 : Operation 911 [1/1] (0.00ns)   --->   "%local_regs_V_827_reload_read = read i32 @_ssdm_op_Read.ap_auto.i32, i32 %local_regs_V_827_reload"   --->   Operation 911 'read' 'local_regs_V_827_reload_read' <Predicate = true> <Delay = 0.00>
ST_1 : Operation 912 [1/1] (0.00ns)   --->   "%local_regs_V_859_reload_read = read i32 @_ssdm_op_Read.ap_auto.i32, i32 %local_regs_V_859_reload"   --->   Operation 912 'read' 'local_regs_V_859_reload_read' <Predicate = true> <Delay = 0.00>
ST_1 : Operation 913 [1/1] (0.00ns)   --->   "%local_regs_V_891_reload_read = read i32 @_ssdm_op_Read.ap_auto.i32, i32 %local_regs_V_891_reload"   --->   Operation 913 'read' 'local_regs_V_891_reload_read' <Predicate = true> <Delay = 0.00>
ST_1 : Operation 914 [1/1] (0.00ns)   --->   "%local_regs_V_923_reload_read = read i32 @_ssdm_op_Read.ap_auto.i32, i32 %local_regs_V_923_reload"   --->   Operation 914 'read' 'local_regs_V_923_reload_read' <Predicate = true> <Delay = 0.00>
ST_1 : Operation 915 [1/1] (0.00ns)   --->   "%local_regs_V_955_reload_read = read i32 @_ssdm_op_Read.ap_auto.i32, i32 %local_regs_V_955_reload"   --->   Operation 915 'read' 'local_regs_V_955_reload_read' <Predicate = true> <Delay = 0.00>
ST_1 : Operation 916 [1/1] (0.00ns)   --->   "%local_regs_V_987_reload_read = read i32 @_ssdm_op_Read.ap_auto.i32, i32 %local_regs_V_987_reload"   --->   Operation 916 'read' 'local_regs_V_987_reload_read' <Predicate = true> <Delay = 0.00>
ST_1 : Operation 917 [1/1] (0.00ns)   --->   "%local_regs_V_1019_reload_read = read i32 @_ssdm_op_Read.ap_auto.i32, i32 %local_regs_V_1019_reload"   --->   Operation 917 'read' 'local_regs_V_1019_reload_read' <Predicate = true> <Delay = 0.00>
ST_1 : Operation 918 [1/1] (0.00ns)   --->   "%local_regs_V_28_reload_read = read i32 @_ssdm_op_Read.ap_auto.i32, i32 %local_regs_V_28_reload"   --->   Operation 918 'read' 'local_regs_V_28_reload_read' <Predicate = true> <Delay = 0.00>
ST_1 : Operation 919 [1/1] (0.00ns)   --->   "%local_regs_V_60_reload_read = read i32 @_ssdm_op_Read.ap_auto.i32, i32 %local_regs_V_60_reload"   --->   Operation 919 'read' 'local_regs_V_60_reload_read' <Predicate = true> <Delay = 0.00>
ST_1 : Operation 920 [1/1] (0.00ns)   --->   "%local_regs_V_92_reload_read = read i32 @_ssdm_op_Read.ap_auto.i32, i32 %local_regs_V_92_reload"   --->   Operation 920 'read' 'local_regs_V_92_reload_read' <Predicate = true> <Delay = 0.00>
ST_1 : Operation 921 [1/1] (0.00ns)   --->   "%local_regs_V_124_reload_read = read i32 @_ssdm_op_Read.ap_auto.i32, i32 %local_regs_V_124_reload"   --->   Operation 921 'read' 'local_regs_V_124_reload_read' <Predicate = true> <Delay = 0.00>
ST_1 : Operation 922 [1/1] (0.00ns)   --->   "%local_regs_V_156_reload_read = read i32 @_ssdm_op_Read.ap_auto.i32, i32 %local_regs_V_156_reload"   --->   Operation 922 'read' 'local_regs_V_156_reload_read' <Predicate = true> <Delay = 0.00>
ST_1 : Operation 923 [1/1] (0.00ns)   --->   "%local_regs_V_188_reload_read = read i32 @_ssdm_op_Read.ap_auto.i32, i32 %local_regs_V_188_reload"   --->   Operation 923 'read' 'local_regs_V_188_reload_read' <Predicate = true> <Delay = 0.00>
ST_1 : Operation 924 [1/1] (0.00ns)   --->   "%local_regs_V_220_reload_read = read i32 @_ssdm_op_Read.ap_auto.i32, i32 %local_regs_V_220_reload"   --->   Operation 924 'read' 'local_regs_V_220_reload_read' <Predicate = true> <Delay = 0.00>
ST_1 : Operation 925 [1/1] (0.00ns)   --->   "%local_regs_V_252_reload_read = read i32 @_ssdm_op_Read.ap_auto.i32, i32 %local_regs_V_252_reload"   --->   Operation 925 'read' 'local_regs_V_252_reload_read' <Predicate = true> <Delay = 0.00>
ST_1 : Operation 926 [1/1] (0.00ns)   --->   "%local_regs_V_284_reload_read = read i32 @_ssdm_op_Read.ap_auto.i32, i32 %local_regs_V_284_reload"   --->   Operation 926 'read' 'local_regs_V_284_reload_read' <Predicate = true> <Delay = 0.00>
ST_1 : Operation 927 [1/1] (0.00ns)   --->   "%local_regs_V_316_reload_read = read i32 @_ssdm_op_Read.ap_auto.i32, i32 %local_regs_V_316_reload"   --->   Operation 927 'read' 'local_regs_V_316_reload_read' <Predicate = true> <Delay = 0.00>
ST_1 : Operation 928 [1/1] (0.00ns)   --->   "%local_regs_V_348_reload_read = read i32 @_ssdm_op_Read.ap_auto.i32, i32 %local_regs_V_348_reload"   --->   Operation 928 'read' 'local_regs_V_348_reload_read' <Predicate = true> <Delay = 0.00>
ST_1 : Operation 929 [1/1] (0.00ns)   --->   "%local_regs_V_380_reload_read = read i32 @_ssdm_op_Read.ap_auto.i32, i32 %local_regs_V_380_reload"   --->   Operation 929 'read' 'local_regs_V_380_reload_read' <Predicate = true> <Delay = 0.00>
ST_1 : Operation 930 [1/1] (0.00ns)   --->   "%local_regs_V_412_reload_read = read i32 @_ssdm_op_Read.ap_auto.i32, i32 %local_regs_V_412_reload"   --->   Operation 930 'read' 'local_regs_V_412_reload_read' <Predicate = true> <Delay = 0.00>
ST_1 : Operation 931 [1/1] (0.00ns)   --->   "%local_regs_V_444_reload_read = read i32 @_ssdm_op_Read.ap_auto.i32, i32 %local_regs_V_444_reload"   --->   Operation 931 'read' 'local_regs_V_444_reload_read' <Predicate = true> <Delay = 0.00>
ST_1 : Operation 932 [1/1] (0.00ns)   --->   "%local_regs_V_476_reload_read = read i32 @_ssdm_op_Read.ap_auto.i32, i32 %local_regs_V_476_reload"   --->   Operation 932 'read' 'local_regs_V_476_reload_read' <Predicate = true> <Delay = 0.00>
ST_1 : Operation 933 [1/1] (0.00ns)   --->   "%local_regs_V_508_reload_read = read i32 @_ssdm_op_Read.ap_auto.i32, i32 %local_regs_V_508_reload"   --->   Operation 933 'read' 'local_regs_V_508_reload_read' <Predicate = true> <Delay = 0.00>
ST_1 : Operation 934 [1/1] (0.00ns)   --->   "%local_regs_V_540_reload_read = read i32 @_ssdm_op_Read.ap_auto.i32, i32 %local_regs_V_540_reload"   --->   Operation 934 'read' 'local_regs_V_540_reload_read' <Predicate = true> <Delay = 0.00>
ST_1 : Operation 935 [1/1] (0.00ns)   --->   "%local_regs_V_572_reload_read = read i32 @_ssdm_op_Read.ap_auto.i32, i32 %local_regs_V_572_reload"   --->   Operation 935 'read' 'local_regs_V_572_reload_read' <Predicate = true> <Delay = 0.00>
ST_1 : Operation 936 [1/1] (0.00ns)   --->   "%local_regs_V_604_reload_read = read i32 @_ssdm_op_Read.ap_auto.i32, i32 %local_regs_V_604_reload"   --->   Operation 936 'read' 'local_regs_V_604_reload_read' <Predicate = true> <Delay = 0.00>
ST_1 : Operation 937 [1/1] (0.00ns)   --->   "%local_regs_V_636_reload_read = read i32 @_ssdm_op_Read.ap_auto.i32, i32 %local_regs_V_636_reload"   --->   Operation 937 'read' 'local_regs_V_636_reload_read' <Predicate = true> <Delay = 0.00>
ST_1 : Operation 938 [1/1] (0.00ns)   --->   "%local_regs_V_668_reload_read = read i32 @_ssdm_op_Read.ap_auto.i32, i32 %local_regs_V_668_reload"   --->   Operation 938 'read' 'local_regs_V_668_reload_read' <Predicate = true> <Delay = 0.00>
ST_1 : Operation 939 [1/1] (0.00ns)   --->   "%local_regs_V_700_reload_read = read i32 @_ssdm_op_Read.ap_auto.i32, i32 %local_regs_V_700_reload"   --->   Operation 939 'read' 'local_regs_V_700_reload_read' <Predicate = true> <Delay = 0.00>
ST_1 : Operation 940 [1/1] (0.00ns)   --->   "%local_regs_V_732_reload_read = read i32 @_ssdm_op_Read.ap_auto.i32, i32 %local_regs_V_732_reload"   --->   Operation 940 'read' 'local_regs_V_732_reload_read' <Predicate = true> <Delay = 0.00>
ST_1 : Operation 941 [1/1] (0.00ns)   --->   "%local_regs_V_764_reload_read = read i32 @_ssdm_op_Read.ap_auto.i32, i32 %local_regs_V_764_reload"   --->   Operation 941 'read' 'local_regs_V_764_reload_read' <Predicate = true> <Delay = 0.00>
ST_1 : Operation 942 [1/1] (0.00ns)   --->   "%local_regs_V_796_reload_read = read i32 @_ssdm_op_Read.ap_auto.i32, i32 %local_regs_V_796_reload"   --->   Operation 942 'read' 'local_regs_V_796_reload_read' <Predicate = true> <Delay = 0.00>
ST_1 : Operation 943 [1/1] (0.00ns)   --->   "%local_regs_V_828_reload_read = read i32 @_ssdm_op_Read.ap_auto.i32, i32 %local_regs_V_828_reload"   --->   Operation 943 'read' 'local_regs_V_828_reload_read' <Predicate = true> <Delay = 0.00>
ST_1 : Operation 944 [1/1] (0.00ns)   --->   "%local_regs_V_860_reload_read = read i32 @_ssdm_op_Read.ap_auto.i32, i32 %local_regs_V_860_reload"   --->   Operation 944 'read' 'local_regs_V_860_reload_read' <Predicate = true> <Delay = 0.00>
ST_1 : Operation 945 [1/1] (0.00ns)   --->   "%local_regs_V_892_reload_read = read i32 @_ssdm_op_Read.ap_auto.i32, i32 %local_regs_V_892_reload"   --->   Operation 945 'read' 'local_regs_V_892_reload_read' <Predicate = true> <Delay = 0.00>
ST_1 : Operation 946 [1/1] (0.00ns)   --->   "%local_regs_V_924_reload_read = read i32 @_ssdm_op_Read.ap_auto.i32, i32 %local_regs_V_924_reload"   --->   Operation 946 'read' 'local_regs_V_924_reload_read' <Predicate = true> <Delay = 0.00>
ST_1 : Operation 947 [1/1] (0.00ns)   --->   "%local_regs_V_956_reload_read = read i32 @_ssdm_op_Read.ap_auto.i32, i32 %local_regs_V_956_reload"   --->   Operation 947 'read' 'local_regs_V_956_reload_read' <Predicate = true> <Delay = 0.00>
ST_1 : Operation 948 [1/1] (0.00ns)   --->   "%local_regs_V_988_reload_read = read i32 @_ssdm_op_Read.ap_auto.i32, i32 %local_regs_V_988_reload"   --->   Operation 948 'read' 'local_regs_V_988_reload_read' <Predicate = true> <Delay = 0.00>
ST_1 : Operation 949 [1/1] (0.00ns)   --->   "%local_regs_V_1020_reload_read = read i32 @_ssdm_op_Read.ap_auto.i32, i32 %local_regs_V_1020_reload"   --->   Operation 949 'read' 'local_regs_V_1020_reload_read' <Predicate = true> <Delay = 0.00>
ST_1 : Operation 950 [1/1] (0.00ns)   --->   "%local_regs_V_29_reload_read = read i32 @_ssdm_op_Read.ap_auto.i32, i32 %local_regs_V_29_reload"   --->   Operation 950 'read' 'local_regs_V_29_reload_read' <Predicate = true> <Delay = 0.00>
ST_1 : Operation 951 [1/1] (0.00ns)   --->   "%local_regs_V_61_reload_read = read i32 @_ssdm_op_Read.ap_auto.i32, i32 %local_regs_V_61_reload"   --->   Operation 951 'read' 'local_regs_V_61_reload_read' <Predicate = true> <Delay = 0.00>
ST_1 : Operation 952 [1/1] (0.00ns)   --->   "%local_regs_V_93_reload_read = read i32 @_ssdm_op_Read.ap_auto.i32, i32 %local_regs_V_93_reload"   --->   Operation 952 'read' 'local_regs_V_93_reload_read' <Predicate = true> <Delay = 0.00>
ST_1 : Operation 953 [1/1] (0.00ns)   --->   "%local_regs_V_125_reload_read = read i32 @_ssdm_op_Read.ap_auto.i32, i32 %local_regs_V_125_reload"   --->   Operation 953 'read' 'local_regs_V_125_reload_read' <Predicate = true> <Delay = 0.00>
ST_1 : Operation 954 [1/1] (0.00ns)   --->   "%local_regs_V_157_reload_read = read i32 @_ssdm_op_Read.ap_auto.i32, i32 %local_regs_V_157_reload"   --->   Operation 954 'read' 'local_regs_V_157_reload_read' <Predicate = true> <Delay = 0.00>
ST_1 : Operation 955 [1/1] (0.00ns)   --->   "%local_regs_V_189_reload_read = read i32 @_ssdm_op_Read.ap_auto.i32, i32 %local_regs_V_189_reload"   --->   Operation 955 'read' 'local_regs_V_189_reload_read' <Predicate = true> <Delay = 0.00>
ST_1 : Operation 956 [1/1] (0.00ns)   --->   "%local_regs_V_221_reload_read = read i32 @_ssdm_op_Read.ap_auto.i32, i32 %local_regs_V_221_reload"   --->   Operation 956 'read' 'local_regs_V_221_reload_read' <Predicate = true> <Delay = 0.00>
ST_1 : Operation 957 [1/1] (0.00ns)   --->   "%local_regs_V_253_reload_read = read i32 @_ssdm_op_Read.ap_auto.i32, i32 %local_regs_V_253_reload"   --->   Operation 957 'read' 'local_regs_V_253_reload_read' <Predicate = true> <Delay = 0.00>
ST_1 : Operation 958 [1/1] (0.00ns)   --->   "%local_regs_V_285_reload_read = read i32 @_ssdm_op_Read.ap_auto.i32, i32 %local_regs_V_285_reload"   --->   Operation 958 'read' 'local_regs_V_285_reload_read' <Predicate = true> <Delay = 0.00>
ST_1 : Operation 959 [1/1] (0.00ns)   --->   "%local_regs_V_317_reload_read = read i32 @_ssdm_op_Read.ap_auto.i32, i32 %local_regs_V_317_reload"   --->   Operation 959 'read' 'local_regs_V_317_reload_read' <Predicate = true> <Delay = 0.00>
ST_1 : Operation 960 [1/1] (0.00ns)   --->   "%local_regs_V_349_reload_read = read i32 @_ssdm_op_Read.ap_auto.i32, i32 %local_regs_V_349_reload"   --->   Operation 960 'read' 'local_regs_V_349_reload_read' <Predicate = true> <Delay = 0.00>
ST_1 : Operation 961 [1/1] (0.00ns)   --->   "%local_regs_V_381_reload_read = read i32 @_ssdm_op_Read.ap_auto.i32, i32 %local_regs_V_381_reload"   --->   Operation 961 'read' 'local_regs_V_381_reload_read' <Predicate = true> <Delay = 0.00>
ST_1 : Operation 962 [1/1] (0.00ns)   --->   "%local_regs_V_413_reload_read = read i32 @_ssdm_op_Read.ap_auto.i32, i32 %local_regs_V_413_reload"   --->   Operation 962 'read' 'local_regs_V_413_reload_read' <Predicate = true> <Delay = 0.00>
ST_1 : Operation 963 [1/1] (0.00ns)   --->   "%local_regs_V_445_reload_read = read i32 @_ssdm_op_Read.ap_auto.i32, i32 %local_regs_V_445_reload"   --->   Operation 963 'read' 'local_regs_V_445_reload_read' <Predicate = true> <Delay = 0.00>
ST_1 : Operation 964 [1/1] (0.00ns)   --->   "%local_regs_V_477_reload_read = read i32 @_ssdm_op_Read.ap_auto.i32, i32 %local_regs_V_477_reload"   --->   Operation 964 'read' 'local_regs_V_477_reload_read' <Predicate = true> <Delay = 0.00>
ST_1 : Operation 965 [1/1] (0.00ns)   --->   "%local_regs_V_509_reload_read = read i32 @_ssdm_op_Read.ap_auto.i32, i32 %local_regs_V_509_reload"   --->   Operation 965 'read' 'local_regs_V_509_reload_read' <Predicate = true> <Delay = 0.00>
ST_1 : Operation 966 [1/1] (0.00ns)   --->   "%local_regs_V_541_reload_read = read i32 @_ssdm_op_Read.ap_auto.i32, i32 %local_regs_V_541_reload"   --->   Operation 966 'read' 'local_regs_V_541_reload_read' <Predicate = true> <Delay = 0.00>
ST_1 : Operation 967 [1/1] (0.00ns)   --->   "%local_regs_V_573_reload_read = read i32 @_ssdm_op_Read.ap_auto.i32, i32 %local_regs_V_573_reload"   --->   Operation 967 'read' 'local_regs_V_573_reload_read' <Predicate = true> <Delay = 0.00>
ST_1 : Operation 968 [1/1] (0.00ns)   --->   "%local_regs_V_605_reload_read = read i32 @_ssdm_op_Read.ap_auto.i32, i32 %local_regs_V_605_reload"   --->   Operation 968 'read' 'local_regs_V_605_reload_read' <Predicate = true> <Delay = 0.00>
ST_1 : Operation 969 [1/1] (0.00ns)   --->   "%local_regs_V_637_reload_read = read i32 @_ssdm_op_Read.ap_auto.i32, i32 %local_regs_V_637_reload"   --->   Operation 969 'read' 'local_regs_V_637_reload_read' <Predicate = true> <Delay = 0.00>
ST_1 : Operation 970 [1/1] (0.00ns)   --->   "%local_regs_V_669_reload_read = read i32 @_ssdm_op_Read.ap_auto.i32, i32 %local_regs_V_669_reload"   --->   Operation 970 'read' 'local_regs_V_669_reload_read' <Predicate = true> <Delay = 0.00>
ST_1 : Operation 971 [1/1] (0.00ns)   --->   "%local_regs_V_701_reload_read = read i32 @_ssdm_op_Read.ap_auto.i32, i32 %local_regs_V_701_reload"   --->   Operation 971 'read' 'local_regs_V_701_reload_read' <Predicate = true> <Delay = 0.00>
ST_1 : Operation 972 [1/1] (0.00ns)   --->   "%local_regs_V_733_reload_read = read i32 @_ssdm_op_Read.ap_auto.i32, i32 %local_regs_V_733_reload"   --->   Operation 972 'read' 'local_regs_V_733_reload_read' <Predicate = true> <Delay = 0.00>
ST_1 : Operation 973 [1/1] (0.00ns)   --->   "%local_regs_V_765_reload_read = read i32 @_ssdm_op_Read.ap_auto.i32, i32 %local_regs_V_765_reload"   --->   Operation 973 'read' 'local_regs_V_765_reload_read' <Predicate = true> <Delay = 0.00>
ST_1 : Operation 974 [1/1] (0.00ns)   --->   "%local_regs_V_797_reload_read = read i32 @_ssdm_op_Read.ap_auto.i32, i32 %local_regs_V_797_reload"   --->   Operation 974 'read' 'local_regs_V_797_reload_read' <Predicate = true> <Delay = 0.00>
ST_1 : Operation 975 [1/1] (0.00ns)   --->   "%local_regs_V_829_reload_read = read i32 @_ssdm_op_Read.ap_auto.i32, i32 %local_regs_V_829_reload"   --->   Operation 975 'read' 'local_regs_V_829_reload_read' <Predicate = true> <Delay = 0.00>
ST_1 : Operation 976 [1/1] (0.00ns)   --->   "%local_regs_V_861_reload_read = read i32 @_ssdm_op_Read.ap_auto.i32, i32 %local_regs_V_861_reload"   --->   Operation 976 'read' 'local_regs_V_861_reload_read' <Predicate = true> <Delay = 0.00>
ST_1 : Operation 977 [1/1] (0.00ns)   --->   "%local_regs_V_893_reload_read = read i32 @_ssdm_op_Read.ap_auto.i32, i32 %local_regs_V_893_reload"   --->   Operation 977 'read' 'local_regs_V_893_reload_read' <Predicate = true> <Delay = 0.00>
ST_1 : Operation 978 [1/1] (0.00ns)   --->   "%local_regs_V_925_reload_read = read i32 @_ssdm_op_Read.ap_auto.i32, i32 %local_regs_V_925_reload"   --->   Operation 978 'read' 'local_regs_V_925_reload_read' <Predicate = true> <Delay = 0.00>
ST_1 : Operation 979 [1/1] (0.00ns)   --->   "%local_regs_V_957_reload_read = read i32 @_ssdm_op_Read.ap_auto.i32, i32 %local_regs_V_957_reload"   --->   Operation 979 'read' 'local_regs_V_957_reload_read' <Predicate = true> <Delay = 0.00>
ST_1 : Operation 980 [1/1] (0.00ns)   --->   "%local_regs_V_989_reload_read = read i32 @_ssdm_op_Read.ap_auto.i32, i32 %local_regs_V_989_reload"   --->   Operation 980 'read' 'local_regs_V_989_reload_read' <Predicate = true> <Delay = 0.00>
ST_1 : Operation 981 [1/1] (0.00ns)   --->   "%local_regs_V_1021_reload_read = read i32 @_ssdm_op_Read.ap_auto.i32, i32 %local_regs_V_1021_reload"   --->   Operation 981 'read' 'local_regs_V_1021_reload_read' <Predicate = true> <Delay = 0.00>
ST_1 : Operation 982 [1/1] (0.00ns)   --->   "%local_regs_V_30_reload_read = read i32 @_ssdm_op_Read.ap_auto.i32, i32 %local_regs_V_30_reload"   --->   Operation 982 'read' 'local_regs_V_30_reload_read' <Predicate = true> <Delay = 0.00>
ST_1 : Operation 983 [1/1] (0.00ns)   --->   "%local_regs_V_62_reload_read = read i32 @_ssdm_op_Read.ap_auto.i32, i32 %local_regs_V_62_reload"   --->   Operation 983 'read' 'local_regs_V_62_reload_read' <Predicate = true> <Delay = 0.00>
ST_1 : Operation 984 [1/1] (0.00ns)   --->   "%local_regs_V_94_reload_read = read i32 @_ssdm_op_Read.ap_auto.i32, i32 %local_regs_V_94_reload"   --->   Operation 984 'read' 'local_regs_V_94_reload_read' <Predicate = true> <Delay = 0.00>
ST_1 : Operation 985 [1/1] (0.00ns)   --->   "%local_regs_V_126_reload_read = read i32 @_ssdm_op_Read.ap_auto.i32, i32 %local_regs_V_126_reload"   --->   Operation 985 'read' 'local_regs_V_126_reload_read' <Predicate = true> <Delay = 0.00>
ST_1 : Operation 986 [1/1] (0.00ns)   --->   "%local_regs_V_158_reload_read = read i32 @_ssdm_op_Read.ap_auto.i32, i32 %local_regs_V_158_reload"   --->   Operation 986 'read' 'local_regs_V_158_reload_read' <Predicate = true> <Delay = 0.00>
ST_1 : Operation 987 [1/1] (0.00ns)   --->   "%local_regs_V_190_reload_read = read i32 @_ssdm_op_Read.ap_auto.i32, i32 %local_regs_V_190_reload"   --->   Operation 987 'read' 'local_regs_V_190_reload_read' <Predicate = true> <Delay = 0.00>
ST_1 : Operation 988 [1/1] (0.00ns)   --->   "%local_regs_V_222_reload_read = read i32 @_ssdm_op_Read.ap_auto.i32, i32 %local_regs_V_222_reload"   --->   Operation 988 'read' 'local_regs_V_222_reload_read' <Predicate = true> <Delay = 0.00>
ST_1 : Operation 989 [1/1] (0.00ns)   --->   "%local_regs_V_254_reload_read = read i32 @_ssdm_op_Read.ap_auto.i32, i32 %local_regs_V_254_reload"   --->   Operation 989 'read' 'local_regs_V_254_reload_read' <Predicate = true> <Delay = 0.00>
ST_1 : Operation 990 [1/1] (0.00ns)   --->   "%local_regs_V_286_reload_read = read i32 @_ssdm_op_Read.ap_auto.i32, i32 %local_regs_V_286_reload"   --->   Operation 990 'read' 'local_regs_V_286_reload_read' <Predicate = true> <Delay = 0.00>
ST_1 : Operation 991 [1/1] (0.00ns)   --->   "%local_regs_V_318_reload_read = read i32 @_ssdm_op_Read.ap_auto.i32, i32 %local_regs_V_318_reload"   --->   Operation 991 'read' 'local_regs_V_318_reload_read' <Predicate = true> <Delay = 0.00>
ST_1 : Operation 992 [1/1] (0.00ns)   --->   "%local_regs_V_350_reload_read = read i32 @_ssdm_op_Read.ap_auto.i32, i32 %local_regs_V_350_reload"   --->   Operation 992 'read' 'local_regs_V_350_reload_read' <Predicate = true> <Delay = 0.00>
ST_1 : Operation 993 [1/1] (0.00ns)   --->   "%local_regs_V_382_reload_read = read i32 @_ssdm_op_Read.ap_auto.i32, i32 %local_regs_V_382_reload"   --->   Operation 993 'read' 'local_regs_V_382_reload_read' <Predicate = true> <Delay = 0.00>
ST_1 : Operation 994 [1/1] (0.00ns)   --->   "%local_regs_V_414_reload_read = read i32 @_ssdm_op_Read.ap_auto.i32, i32 %local_regs_V_414_reload"   --->   Operation 994 'read' 'local_regs_V_414_reload_read' <Predicate = true> <Delay = 0.00>
ST_1 : Operation 995 [1/1] (0.00ns)   --->   "%local_regs_V_446_reload_read = read i32 @_ssdm_op_Read.ap_auto.i32, i32 %local_regs_V_446_reload"   --->   Operation 995 'read' 'local_regs_V_446_reload_read' <Predicate = true> <Delay = 0.00>
ST_1 : Operation 996 [1/1] (0.00ns)   --->   "%local_regs_V_478_reload_read = read i32 @_ssdm_op_Read.ap_auto.i32, i32 %local_regs_V_478_reload"   --->   Operation 996 'read' 'local_regs_V_478_reload_read' <Predicate = true> <Delay = 0.00>
ST_1 : Operation 997 [1/1] (0.00ns)   --->   "%local_regs_V_510_reload_read = read i32 @_ssdm_op_Read.ap_auto.i32, i32 %local_regs_V_510_reload"   --->   Operation 997 'read' 'local_regs_V_510_reload_read' <Predicate = true> <Delay = 0.00>
ST_1 : Operation 998 [1/1] (0.00ns)   --->   "%local_regs_V_542_reload_read = read i32 @_ssdm_op_Read.ap_auto.i32, i32 %local_regs_V_542_reload"   --->   Operation 998 'read' 'local_regs_V_542_reload_read' <Predicate = true> <Delay = 0.00>
ST_1 : Operation 999 [1/1] (0.00ns)   --->   "%local_regs_V_574_reload_read = read i32 @_ssdm_op_Read.ap_auto.i32, i32 %local_regs_V_574_reload"   --->   Operation 999 'read' 'local_regs_V_574_reload_read' <Predicate = true> <Delay = 0.00>
ST_1 : Operation 1000 [1/1] (0.00ns)   --->   "%local_regs_V_606_reload_read = read i32 @_ssdm_op_Read.ap_auto.i32, i32 %local_regs_V_606_reload"   --->   Operation 1000 'read' 'local_regs_V_606_reload_read' <Predicate = true> <Delay = 0.00>
ST_1 : Operation 1001 [1/1] (0.00ns)   --->   "%local_regs_V_638_reload_read = read i32 @_ssdm_op_Read.ap_auto.i32, i32 %local_regs_V_638_reload"   --->   Operation 1001 'read' 'local_regs_V_638_reload_read' <Predicate = true> <Delay = 0.00>
ST_1 : Operation 1002 [1/1] (0.00ns)   --->   "%local_regs_V_670_reload_read = read i32 @_ssdm_op_Read.ap_auto.i32, i32 %local_regs_V_670_reload"   --->   Operation 1002 'read' 'local_regs_V_670_reload_read' <Predicate = true> <Delay = 0.00>
ST_1 : Operation 1003 [1/1] (0.00ns)   --->   "%local_regs_V_702_reload_read = read i32 @_ssdm_op_Read.ap_auto.i32, i32 %local_regs_V_702_reload"   --->   Operation 1003 'read' 'local_regs_V_702_reload_read' <Predicate = true> <Delay = 0.00>
ST_1 : Operation 1004 [1/1] (0.00ns)   --->   "%local_regs_V_734_reload_read = read i32 @_ssdm_op_Read.ap_auto.i32, i32 %local_regs_V_734_reload"   --->   Operation 1004 'read' 'local_regs_V_734_reload_read' <Predicate = true> <Delay = 0.00>
ST_1 : Operation 1005 [1/1] (0.00ns)   --->   "%local_regs_V_766_reload_read = read i32 @_ssdm_op_Read.ap_auto.i32, i32 %local_regs_V_766_reload"   --->   Operation 1005 'read' 'local_regs_V_766_reload_read' <Predicate = true> <Delay = 0.00>
ST_1 : Operation 1006 [1/1] (0.00ns)   --->   "%local_regs_V_798_reload_read = read i32 @_ssdm_op_Read.ap_auto.i32, i32 %local_regs_V_798_reload"   --->   Operation 1006 'read' 'local_regs_V_798_reload_read' <Predicate = true> <Delay = 0.00>
ST_1 : Operation 1007 [1/1] (0.00ns)   --->   "%local_regs_V_830_reload_read = read i32 @_ssdm_op_Read.ap_auto.i32, i32 %local_regs_V_830_reload"   --->   Operation 1007 'read' 'local_regs_V_830_reload_read' <Predicate = true> <Delay = 0.00>
ST_1 : Operation 1008 [1/1] (0.00ns)   --->   "%local_regs_V_862_reload_read = read i32 @_ssdm_op_Read.ap_auto.i32, i32 %local_regs_V_862_reload"   --->   Operation 1008 'read' 'local_regs_V_862_reload_read' <Predicate = true> <Delay = 0.00>
ST_1 : Operation 1009 [1/1] (0.00ns)   --->   "%local_regs_V_894_reload_read = read i32 @_ssdm_op_Read.ap_auto.i32, i32 %local_regs_V_894_reload"   --->   Operation 1009 'read' 'local_regs_V_894_reload_read' <Predicate = true> <Delay = 0.00>
ST_1 : Operation 1010 [1/1] (0.00ns)   --->   "%local_regs_V_926_reload_read = read i32 @_ssdm_op_Read.ap_auto.i32, i32 %local_regs_V_926_reload"   --->   Operation 1010 'read' 'local_regs_V_926_reload_read' <Predicate = true> <Delay = 0.00>
ST_1 : Operation 1011 [1/1] (0.00ns)   --->   "%local_regs_V_958_reload_read = read i32 @_ssdm_op_Read.ap_auto.i32, i32 %local_regs_V_958_reload"   --->   Operation 1011 'read' 'local_regs_V_958_reload_read' <Predicate = true> <Delay = 0.00>
ST_1 : Operation 1012 [1/1] (0.00ns)   --->   "%local_regs_V_990_reload_read = read i32 @_ssdm_op_Read.ap_auto.i32, i32 %local_regs_V_990_reload"   --->   Operation 1012 'read' 'local_regs_V_990_reload_read' <Predicate = true> <Delay = 0.00>
ST_1 : Operation 1013 [1/1] (0.00ns)   --->   "%local_regs_V_1022_reload_read = read i32 @_ssdm_op_Read.ap_auto.i32, i32 %local_regs_V_1022_reload"   --->   Operation 1013 'read' 'local_regs_V_1022_reload_read' <Predicate = true> <Delay = 0.00>
ST_1 : Operation 1014 [1/1] (0.00ns)   --->   "%local_regs_V_31_reload_read = read i32 @_ssdm_op_Read.ap_auto.i32, i32 %local_regs_V_31_reload"   --->   Operation 1014 'read' 'local_regs_V_31_reload_read' <Predicate = true> <Delay = 0.00>
ST_1 : Operation 1015 [1/1] (0.00ns)   --->   "%local_regs_V_63_reload_read = read i32 @_ssdm_op_Read.ap_auto.i32, i32 %local_regs_V_63_reload"   --->   Operation 1015 'read' 'local_regs_V_63_reload_read' <Predicate = true> <Delay = 0.00>
ST_1 : Operation 1016 [1/1] (0.00ns)   --->   "%local_regs_V_95_reload_read = read i32 @_ssdm_op_Read.ap_auto.i32, i32 %local_regs_V_95_reload"   --->   Operation 1016 'read' 'local_regs_V_95_reload_read' <Predicate = true> <Delay = 0.00>
ST_1 : Operation 1017 [1/1] (0.00ns)   --->   "%local_regs_V_127_reload_read = read i32 @_ssdm_op_Read.ap_auto.i32, i32 %local_regs_V_127_reload"   --->   Operation 1017 'read' 'local_regs_V_127_reload_read' <Predicate = true> <Delay = 0.00>
ST_1 : Operation 1018 [1/1] (0.00ns)   --->   "%local_regs_V_159_reload_read = read i32 @_ssdm_op_Read.ap_auto.i32, i32 %local_regs_V_159_reload"   --->   Operation 1018 'read' 'local_regs_V_159_reload_read' <Predicate = true> <Delay = 0.00>
ST_1 : Operation 1019 [1/1] (0.00ns)   --->   "%local_regs_V_191_reload_read = read i32 @_ssdm_op_Read.ap_auto.i32, i32 %local_regs_V_191_reload"   --->   Operation 1019 'read' 'local_regs_V_191_reload_read' <Predicate = true> <Delay = 0.00>
ST_1 : Operation 1020 [1/1] (0.00ns)   --->   "%local_regs_V_223_reload_read = read i32 @_ssdm_op_Read.ap_auto.i32, i32 %local_regs_V_223_reload"   --->   Operation 1020 'read' 'local_regs_V_223_reload_read' <Predicate = true> <Delay = 0.00>
ST_1 : Operation 1021 [1/1] (0.00ns)   --->   "%local_regs_V_255_reload_read = read i32 @_ssdm_op_Read.ap_auto.i32, i32 %local_regs_V_255_reload"   --->   Operation 1021 'read' 'local_regs_V_255_reload_read' <Predicate = true> <Delay = 0.00>
ST_1 : Operation 1022 [1/1] (0.00ns)   --->   "%local_regs_V_287_reload_read = read i32 @_ssdm_op_Read.ap_auto.i32, i32 %local_regs_V_287_reload"   --->   Operation 1022 'read' 'local_regs_V_287_reload_read' <Predicate = true> <Delay = 0.00>
ST_1 : Operation 1023 [1/1] (0.00ns)   --->   "%local_regs_V_319_reload_read = read i32 @_ssdm_op_Read.ap_auto.i32, i32 %local_regs_V_319_reload"   --->   Operation 1023 'read' 'local_regs_V_319_reload_read' <Predicate = true> <Delay = 0.00>
ST_1 : Operation 1024 [1/1] (0.00ns)   --->   "%local_regs_V_351_reload_read = read i32 @_ssdm_op_Read.ap_auto.i32, i32 %local_regs_V_351_reload"   --->   Operation 1024 'read' 'local_regs_V_351_reload_read' <Predicate = true> <Delay = 0.00>
ST_1 : Operation 1025 [1/1] (0.00ns)   --->   "%local_regs_V_383_reload_read = read i32 @_ssdm_op_Read.ap_auto.i32, i32 %local_regs_V_383_reload"   --->   Operation 1025 'read' 'local_regs_V_383_reload_read' <Predicate = true> <Delay = 0.00>
ST_1 : Operation 1026 [1/1] (0.00ns)   --->   "%local_regs_V_415_reload_read = read i32 @_ssdm_op_Read.ap_auto.i32, i32 %local_regs_V_415_reload"   --->   Operation 1026 'read' 'local_regs_V_415_reload_read' <Predicate = true> <Delay = 0.00>
ST_1 : Operation 1027 [1/1] (0.00ns)   --->   "%local_regs_V_447_reload_read = read i32 @_ssdm_op_Read.ap_auto.i32, i32 %local_regs_V_447_reload"   --->   Operation 1027 'read' 'local_regs_V_447_reload_read' <Predicate = true> <Delay = 0.00>
ST_1 : Operation 1028 [1/1] (0.00ns)   --->   "%local_regs_V_479_reload_read = read i32 @_ssdm_op_Read.ap_auto.i32, i32 %local_regs_V_479_reload"   --->   Operation 1028 'read' 'local_regs_V_479_reload_read' <Predicate = true> <Delay = 0.00>
ST_1 : Operation 1029 [1/1] (0.00ns)   --->   "%local_regs_V_511_reload_read = read i32 @_ssdm_op_Read.ap_auto.i32, i32 %local_regs_V_511_reload"   --->   Operation 1029 'read' 'local_regs_V_511_reload_read' <Predicate = true> <Delay = 0.00>
ST_1 : Operation 1030 [1/1] (0.00ns)   --->   "%local_regs_V_543_reload_read = read i32 @_ssdm_op_Read.ap_auto.i32, i32 %local_regs_V_543_reload"   --->   Operation 1030 'read' 'local_regs_V_543_reload_read' <Predicate = true> <Delay = 0.00>
ST_1 : Operation 1031 [1/1] (0.00ns)   --->   "%local_regs_V_575_reload_read = read i32 @_ssdm_op_Read.ap_auto.i32, i32 %local_regs_V_575_reload"   --->   Operation 1031 'read' 'local_regs_V_575_reload_read' <Predicate = true> <Delay = 0.00>
ST_1 : Operation 1032 [1/1] (0.00ns)   --->   "%local_regs_V_607_reload_read = read i32 @_ssdm_op_Read.ap_auto.i32, i32 %local_regs_V_607_reload"   --->   Operation 1032 'read' 'local_regs_V_607_reload_read' <Predicate = true> <Delay = 0.00>
ST_1 : Operation 1033 [1/1] (0.00ns)   --->   "%local_regs_V_639_reload_read = read i32 @_ssdm_op_Read.ap_auto.i32, i32 %local_regs_V_639_reload"   --->   Operation 1033 'read' 'local_regs_V_639_reload_read' <Predicate = true> <Delay = 0.00>
ST_1 : Operation 1034 [1/1] (0.00ns)   --->   "%local_regs_V_671_reload_read = read i32 @_ssdm_op_Read.ap_auto.i32, i32 %local_regs_V_671_reload"   --->   Operation 1034 'read' 'local_regs_V_671_reload_read' <Predicate = true> <Delay = 0.00>
ST_1 : Operation 1035 [1/1] (0.00ns)   --->   "%local_regs_V_703_reload_read = read i32 @_ssdm_op_Read.ap_auto.i32, i32 %local_regs_V_703_reload"   --->   Operation 1035 'read' 'local_regs_V_703_reload_read' <Predicate = true> <Delay = 0.00>
ST_1 : Operation 1036 [1/1] (0.00ns)   --->   "%local_regs_V_735_reload_read = read i32 @_ssdm_op_Read.ap_auto.i32, i32 %local_regs_V_735_reload"   --->   Operation 1036 'read' 'local_regs_V_735_reload_read' <Predicate = true> <Delay = 0.00>
ST_1 : Operation 1037 [1/1] (0.00ns)   --->   "%local_regs_V_767_reload_read = read i32 @_ssdm_op_Read.ap_auto.i32, i32 %local_regs_V_767_reload"   --->   Operation 1037 'read' 'local_regs_V_767_reload_read' <Predicate = true> <Delay = 0.00>
ST_1 : Operation 1038 [1/1] (0.00ns)   --->   "%local_regs_V_799_reload_read = read i32 @_ssdm_op_Read.ap_auto.i32, i32 %local_regs_V_799_reload"   --->   Operation 1038 'read' 'local_regs_V_799_reload_read' <Predicate = true> <Delay = 0.00>
ST_1 : Operation 1039 [1/1] (0.00ns)   --->   "%local_regs_V_831_reload_read = read i32 @_ssdm_op_Read.ap_auto.i32, i32 %local_regs_V_831_reload"   --->   Operation 1039 'read' 'local_regs_V_831_reload_read' <Predicate = true> <Delay = 0.00>
ST_1 : Operation 1040 [1/1] (0.00ns)   --->   "%local_regs_V_863_reload_read = read i32 @_ssdm_op_Read.ap_auto.i32, i32 %local_regs_V_863_reload"   --->   Operation 1040 'read' 'local_regs_V_863_reload_read' <Predicate = true> <Delay = 0.00>
ST_1 : Operation 1041 [1/1] (0.00ns)   --->   "%local_regs_V_895_reload_read = read i32 @_ssdm_op_Read.ap_auto.i32, i32 %local_regs_V_895_reload"   --->   Operation 1041 'read' 'local_regs_V_895_reload_read' <Predicate = true> <Delay = 0.00>
ST_1 : Operation 1042 [1/1] (0.00ns)   --->   "%local_regs_V_927_reload_read = read i32 @_ssdm_op_Read.ap_auto.i32, i32 %local_regs_V_927_reload"   --->   Operation 1042 'read' 'local_regs_V_927_reload_read' <Predicate = true> <Delay = 0.00>
ST_1 : Operation 1043 [1/1] (0.00ns)   --->   "%local_regs_V_959_reload_read = read i32 @_ssdm_op_Read.ap_auto.i32, i32 %local_regs_V_959_reload"   --->   Operation 1043 'read' 'local_regs_V_959_reload_read' <Predicate = true> <Delay = 0.00>
ST_1 : Operation 1044 [1/1] (0.00ns)   --->   "%local_regs_V_991_reload_read = read i32 @_ssdm_op_Read.ap_auto.i32, i32 %local_regs_V_991_reload"   --->   Operation 1044 'read' 'local_regs_V_991_reload_read' <Predicate = true> <Delay = 0.00>
ST_1 : Operation 1045 [1/1] (0.00ns)   --->   "%local_regs_V_1023_reload_read = read i32 @_ssdm_op_Read.ap_auto.i32, i32 %local_regs_V_1023_reload"   --->   Operation 1045 'read' 'local_regs_V_1023_reload_read' <Predicate = true> <Delay = 0.00>
ST_1 : Operation 1046 [1/1] (1.58ns)   --->   "%store_ln0 = store i6 0, i6 %r_1"   --->   Operation 1046 'store' 'store_ln0' <Predicate = true> <Delay = 1.58>
ST_1 : Operation 1047 [1/1] (0.00ns)   --->   "%br_ln0 = br void %for.inc185"   --->   Operation 1047 'br' 'br_ln0' <Predicate = true> <Delay = 0.00>
ST_1 : Operation 1048 [1/1] (0.00ns)   --->   "%r = load i6 %r_1" [SystolicArray/main.cpp:92]   --->   Operation 1048 'load' 'r' <Predicate = true> <Delay = 0.00>
ST_1 : Operation 1049 [1/1] (0.00ns)   --->   "%trunc_ln88 = trunc i6 %r" [SystolicArray/main.cpp:88]   --->   Operation 1049 'trunc' 'trunc_ln88' <Predicate = true> <Delay = 0.00>
ST_1 : Operation 1050 [1/1] (1.42ns)   --->   "%icmp_ln88 = icmp_eq  i6 %r, i6 32" [SystolicArray/main.cpp:88]   --->   Operation 1050 'icmp' 'icmp_ln88' <Predicate = true> <Delay = 1.42> <CoreInst = "Cmp">   --->   Core 9 'Cmp' <Latency = 0> <II = 1> <Delay = 1.42> <FuncUnit> <Opcode : 'icmp'> <InPorts = 2> <OutPorts = 1>
ST_1 : Operation 1051 [1/1] (0.00ns)   --->   "%empty = speclooptripcount i32 @_ssdm_op_SpecLoopTripCount, i64 32, i64 32, i64 32"   --->   Operation 1051 'speclooptripcount' 'empty' <Predicate = true> <Delay = 0.00>
ST_1 : Operation 1052 [1/1] (1.82ns)   --->   "%add_ln88 = add i6 %r, i6 1" [SystolicArray/main.cpp:88]   --->   Operation 1052 'add' 'add_ln88' <Predicate = true> <Delay = 1.82> <CoreInst = "Adder">   --->   Core 1 'Adder' <Latency = 0> <II = 1> <Delay = 1.82> <FuncUnit> <Opcode : 'add' 'sub'> <InPorts = 2> <OutPorts = 1>
ST_1 : Operation 1053 [1/1] (0.00ns)   --->   "%br_ln88 = br i1 %icmp_ln88, void %for.inc185.split, void %for.end196.exitStub" [SystolicArray/main.cpp:88]   --->   Operation 1053 'br' 'br_ln88' <Predicate = true> <Delay = 0.00>
ST_1 : Operation 1054 [1/1] (0.00ns)   --->   "%shl_ln92 = shl i6 %r, i6 1" [SystolicArray/main.cpp:92]   --->   Operation 1054 'shl' 'shl_ln92' <Predicate = (!icmp_ln88)> <Delay = 0.00>
ST_1 : Operation 1055 [1/1] (0.00ns)   --->   "%zext_ln92 = zext i6 %shl_ln92" [SystolicArray/main.cpp:92]   --->   Operation 1055 'zext' 'zext_ln92' <Predicate = (!icmp_ln88)> <Delay = 0.00>
ST_1 : Operation 1056 [1/1] (0.00ns)   --->   "%big_tile_C_0_addr = getelementptr i32 %big_tile_C_0, i64 0, i64 %zext_ln92" [SystolicArray/main.cpp:92]   --->   Operation 1056 'getelementptr' 'big_tile_C_0_addr' <Predicate = (!icmp_ln88)> <Delay = 0.00>
ST_1 : Operation 1057 [1/1] (0.00ns)   --->   "%big_tile_C_1_addr = getelementptr i32 %big_tile_C_1, i64 0, i64 %zext_ln92" [SystolicArray/main.cpp:92]   --->   Operation 1057 'getelementptr' 'big_tile_C_1_addr' <Predicate = (!icmp_ln88)> <Delay = 0.00>
ST_1 : Operation 1058 [1/1] (0.00ns)   --->   "%big_tile_C_2_addr = getelementptr i32 %big_tile_C_2, i64 0, i64 %zext_ln92" [SystolicArray/main.cpp:92]   --->   Operation 1058 'getelementptr' 'big_tile_C_2_addr' <Predicate = (!icmp_ln88)> <Delay = 0.00>
ST_1 : Operation 1059 [1/1] (0.00ns)   --->   "%big_tile_C_3_addr = getelementptr i32 %big_tile_C_3, i64 0, i64 %zext_ln92" [SystolicArray/main.cpp:92]   --->   Operation 1059 'getelementptr' 'big_tile_C_3_addr' <Predicate = (!icmp_ln88)> <Delay = 0.00>
ST_1 : Operation 1060 [1/1] (0.00ns)   --->   "%big_tile_C_4_addr = getelementptr i32 %big_tile_C_4, i64 0, i64 %zext_ln92" [SystolicArray/main.cpp:92]   --->   Operation 1060 'getelementptr' 'big_tile_C_4_addr' <Predicate = (!icmp_ln88)> <Delay = 0.00>
ST_1 : Operation 1061 [1/1] (0.00ns)   --->   "%big_tile_C_5_addr = getelementptr i32 %big_tile_C_5, i64 0, i64 %zext_ln92" [SystolicArray/main.cpp:92]   --->   Operation 1061 'getelementptr' 'big_tile_C_5_addr' <Predicate = (!icmp_ln88)> <Delay = 0.00>
ST_1 : Operation 1062 [1/1] (0.00ns)   --->   "%big_tile_C_6_addr = getelementptr i32 %big_tile_C_6, i64 0, i64 %zext_ln92" [SystolicArray/main.cpp:92]   --->   Operation 1062 'getelementptr' 'big_tile_C_6_addr' <Predicate = (!icmp_ln88)> <Delay = 0.00>
ST_1 : Operation 1063 [1/1] (0.00ns)   --->   "%big_tile_C_7_addr = getelementptr i32 %big_tile_C_7, i64 0, i64 %zext_ln92" [SystolicArray/main.cpp:92]   --->   Operation 1063 'getelementptr' 'big_tile_C_7_addr' <Predicate = (!icmp_ln88)> <Delay = 0.00>
ST_1 : Operation 1064 [1/1] (0.00ns)   --->   "%big_tile_C_8_addr = getelementptr i32 %big_tile_C_8, i64 0, i64 %zext_ln92" [SystolicArray/main.cpp:92]   --->   Operation 1064 'getelementptr' 'big_tile_C_8_addr' <Predicate = (!icmp_ln88)> <Delay = 0.00>
ST_1 : Operation 1065 [1/1] (0.00ns)   --->   "%big_tile_C_9_addr = getelementptr i32 %big_tile_C_9, i64 0, i64 %zext_ln92" [SystolicArray/main.cpp:92]   --->   Operation 1065 'getelementptr' 'big_tile_C_9_addr' <Predicate = (!icmp_ln88)> <Delay = 0.00>
ST_1 : Operation 1066 [1/1] (0.00ns)   --->   "%big_tile_C_10_addr = getelementptr i32 %big_tile_C_10, i64 0, i64 %zext_ln92" [SystolicArray/main.cpp:92]   --->   Operation 1066 'getelementptr' 'big_tile_C_10_addr' <Predicate = (!icmp_ln88)> <Delay = 0.00>
ST_1 : Operation 1067 [1/1] (0.00ns)   --->   "%big_tile_C_11_addr = getelementptr i32 %big_tile_C_11, i64 0, i64 %zext_ln92" [SystolicArray/main.cpp:92]   --->   Operation 1067 'getelementptr' 'big_tile_C_11_addr' <Predicate = (!icmp_ln88)> <Delay = 0.00>
ST_1 : Operation 1068 [1/1] (0.00ns)   --->   "%big_tile_C_12_addr = getelementptr i32 %big_tile_C_12, i64 0, i64 %zext_ln92" [SystolicArray/main.cpp:92]   --->   Operation 1068 'getelementptr' 'big_tile_C_12_addr' <Predicate = (!icmp_ln88)> <Delay = 0.00>
ST_1 : Operation 1069 [1/1] (0.00ns)   --->   "%big_tile_C_13_addr = getelementptr i32 %big_tile_C_13, i64 0, i64 %zext_ln92" [SystolicArray/main.cpp:92]   --->   Operation 1069 'getelementptr' 'big_tile_C_13_addr' <Predicate = (!icmp_ln88)> <Delay = 0.00>
ST_1 : Operation 1070 [1/1] (0.00ns)   --->   "%big_tile_C_14_addr = getelementptr i32 %big_tile_C_14, i64 0, i64 %zext_ln92" [SystolicArray/main.cpp:92]   --->   Operation 1070 'getelementptr' 'big_tile_C_14_addr' <Predicate = (!icmp_ln88)> <Delay = 0.00>
ST_1 : Operation 1071 [1/1] (0.00ns)   --->   "%big_tile_C_15_addr = getelementptr i32 %big_tile_C_15, i64 0, i64 %zext_ln92" [SystolicArray/main.cpp:92]   --->   Operation 1071 'getelementptr' 'big_tile_C_15_addr' <Predicate = (!icmp_ln88)> <Delay = 0.00>
ST_1 : Operation 1072 [1/1] (3.20ns)   --->   "%tmp = mux i32 @_ssdm_op_Mux.ap_auto.32i32.i5, i32 %local_regs_V_1023_reload_read, i32 %local_regs_V_991_reload_read, i32 %local_regs_V_959_reload_read, i32 %local_regs_V_927_reload_read, i32 %local_regs_V_895_reload_read, i32 %local_regs_V_863_reload_read, i32 %local_regs_V_831_reload_read, i32 %local_regs_V_799_reload_read, i32 %local_regs_V_767_reload_read, i32 %local_regs_V_735_reload_read, i32 %local_regs_V_703_reload_read, i32 %local_regs_V_671_reload_read, i32 %local_regs_V_639_reload_read, i32 %local_regs_V_607_reload_read, i32 %local_regs_V_575_reload_read, i32 %local_regs_V_543_reload_read, i32 %local_regs_V_511_reload_read, i32 %local_regs_V_479_reload_read, i32 %local_regs_V_447_reload_read, i32 %local_regs_V_415_reload_read, i32 %local_regs_V_383_reload_read, i32 %local_regs_V_351_reload_read, i32 %local_regs_V_319_reload_read, i32 %local_regs_V_287_reload_read, i32 %local_regs_V_255_reload_read, i32 %local_regs_V_223_reload_read, i32 %local_regs_V_191_reload_read, i32 %local_regs_V_159_reload_read, i32 %local_regs_V_127_reload_read, i32 %local_regs_V_95_reload_read, i32 %local_regs_V_63_reload_read, i32 %local_regs_V_31_reload_read, i5 %trunc_ln88" [SystolicArray/main.cpp:92]   --->   Operation 1072 'mux' 'tmp' <Predicate = (!icmp_ln88)> <Delay = 3.20> <CoreInst = "Multiplexer">   --->   Core 76 'Multiplexer' <Latency = 0> <II = 1> <Delay = 3.20> <FuncUnit> <Opcode : 'mux'> <InPorts = 2> <OutPorts = 1>
ST_1 : Operation 1073 [1/1] (3.25ns)   --->   "%store_ln92 = store i32 %tmp, i6 %big_tile_C_0_addr" [SystolicArray/main.cpp:92]   --->   Operation 1073 'store' 'store_ln92' <Predicate = (!icmp_ln88)> <Delay = 3.25> <CoreInst = "RAM_2P_BRAM">   --->   Core 91 'RAM_2P_BRAM' <Latency = 1> <II = 1> <Delay = 3.25> <Storage> <Opcode : 'load' 'store'> <Ports = 2> <Width = 32> <Depth = 64> <RAM>
ST_1 : Operation 1074 [1/1] (3.20ns)   --->   "%tmp_s = mux i32 @_ssdm_op_Mux.ap_auto.32i32.i5, i32 %local_regs_V_1022_reload_read, i32 %local_regs_V_990_reload_read, i32 %local_regs_V_958_reload_read, i32 %local_regs_V_926_reload_read, i32 %local_regs_V_894_reload_read, i32 %local_regs_V_862_reload_read, i32 %local_regs_V_830_reload_read, i32 %local_regs_V_798_reload_read, i32 %local_regs_V_766_reload_read, i32 %local_regs_V_734_reload_read, i32 %local_regs_V_702_reload_read, i32 %local_regs_V_670_reload_read, i32 %local_regs_V_638_reload_read, i32 %local_regs_V_606_reload_read, i32 %local_regs_V_574_reload_read, i32 %local_regs_V_542_reload_read, i32 %local_regs_V_510_reload_read, i32 %local_regs_V_478_reload_read, i32 %local_regs_V_446_reload_read, i32 %local_regs_V_414_reload_read, i32 %local_regs_V_382_reload_read, i32 %local_regs_V_350_reload_read, i32 %local_regs_V_318_reload_read, i32 %local_regs_V_286_reload_read, i32 %local_regs_V_254_reload_read, i32 %local_regs_V_222_reload_read, i32 %local_regs_V_190_reload_read, i32 %local_regs_V_158_reload_read, i32 %local_regs_V_126_reload_read, i32 %local_regs_V_94_reload_read, i32 %local_regs_V_62_reload_read, i32 %local_regs_V_30_reload_read, i5 %trunc_ln88" [SystolicArray/main.cpp:92]   --->   Operation 1074 'mux' 'tmp_s' <Predicate = (!icmp_ln88)> <Delay = 3.20> <CoreInst = "Multiplexer">   --->   Core 76 'Multiplexer' <Latency = 0> <II = 1> <Delay = 3.20> <FuncUnit> <Opcode : 'mux'> <InPorts = 2> <OutPorts = 1>
ST_1 : Operation 1075 [1/1] (3.25ns)   --->   "%store_ln92 = store i32 %tmp_s, i6 %big_tile_C_1_addr" [SystolicArray/main.cpp:92]   --->   Operation 1075 'store' 'store_ln92' <Predicate = (!icmp_ln88)> <Delay = 3.25> <CoreInst = "RAM_2P_BRAM">   --->   Core 91 'RAM_2P_BRAM' <Latency = 1> <II = 1> <Delay = 3.25> <Storage> <Opcode : 'load' 'store'> <Ports = 2> <Width = 32> <Depth = 64> <RAM>
ST_1 : Operation 1076 [1/1] (3.20ns)   --->   "%tmp_1 = mux i32 @_ssdm_op_Mux.ap_auto.32i32.i5, i32 %local_regs_V_1021_reload_read, i32 %local_regs_V_989_reload_read, i32 %local_regs_V_957_reload_read, i32 %local_regs_V_925_reload_read, i32 %local_regs_V_893_reload_read, i32 %local_regs_V_861_reload_read, i32 %local_regs_V_829_reload_read, i32 %local_regs_V_797_reload_read, i32 %local_regs_V_765_reload_read, i32 %local_regs_V_733_reload_read, i32 %local_regs_V_701_reload_read, i32 %local_regs_V_669_reload_read, i32 %local_regs_V_637_reload_read, i32 %local_regs_V_605_reload_read, i32 %local_regs_V_573_reload_read, i32 %local_regs_V_541_reload_read, i32 %local_regs_V_509_reload_read, i32 %local_regs_V_477_reload_read, i32 %local_regs_V_445_reload_read, i32 %local_regs_V_413_reload_read, i32 %local_regs_V_381_reload_read, i32 %local_regs_V_349_reload_read, i32 %local_regs_V_317_reload_read, i32 %local_regs_V_285_reload_read, i32 %local_regs_V_253_reload_read, i32 %local_regs_V_221_reload_read, i32 %local_regs_V_189_reload_read, i32 %local_regs_V_157_reload_read, i32 %local_regs_V_125_reload_read, i32 %local_regs_V_93_reload_read, i32 %local_regs_V_61_reload_read, i32 %local_regs_V_29_reload_read, i5 %trunc_ln88" [SystolicArray/main.cpp:92]   --->   Operation 1076 'mux' 'tmp_1' <Predicate = (!icmp_ln88)> <Delay = 3.20> <CoreInst = "Multiplexer">   --->   Core 76 'Multiplexer' <Latency = 0> <II = 1> <Delay = 3.20> <FuncUnit> <Opcode : 'mux'> <InPorts = 2> <OutPorts = 1>
ST_1 : Operation 1077 [1/1] (3.25ns)   --->   "%store_ln92 = store i32 %tmp_1, i6 %big_tile_C_2_addr" [SystolicArray/main.cpp:92]   --->   Operation 1077 'store' 'store_ln92' <Predicate = (!icmp_ln88)> <Delay = 3.25> <CoreInst = "RAM_2P_BRAM">   --->   Core 91 'RAM_2P_BRAM' <Latency = 1> <II = 1> <Delay = 3.25> <Storage> <Opcode : 'load' 'store'> <Ports = 2> <Width = 32> <Depth = 64> <RAM>
ST_1 : Operation 1078 [1/1] (3.20ns)   --->   "%tmp_2 = mux i32 @_ssdm_op_Mux.ap_auto.32i32.i5, i32 %local_regs_V_1020_reload_read, i32 %local_regs_V_988_reload_read, i32 %local_regs_V_956_reload_read, i32 %local_regs_V_924_reload_read, i32 %local_regs_V_892_reload_read, i32 %local_regs_V_860_reload_read, i32 %local_regs_V_828_reload_read, i32 %local_regs_V_796_reload_read, i32 %local_regs_V_764_reload_read, i32 %local_regs_V_732_reload_read, i32 %local_regs_V_700_reload_read, i32 %local_regs_V_668_reload_read, i32 %local_regs_V_636_reload_read, i32 %local_regs_V_604_reload_read, i32 %local_regs_V_572_reload_read, i32 %local_regs_V_540_reload_read, i32 %local_regs_V_508_reload_read, i32 %local_regs_V_476_reload_read, i32 %local_regs_V_444_reload_read, i32 %local_regs_V_412_reload_read, i32 %local_regs_V_380_reload_read, i32 %local_regs_V_348_reload_read, i32 %local_regs_V_316_reload_read, i32 %local_regs_V_284_reload_read, i32 %local_regs_V_252_reload_read, i32 %local_regs_V_220_reload_read, i32 %local_regs_V_188_reload_read, i32 %local_regs_V_156_reload_read, i32 %local_regs_V_124_reload_read, i32 %local_regs_V_92_reload_read, i32 %local_regs_V_60_reload_read, i32 %local_regs_V_28_reload_read, i5 %trunc_ln88" [SystolicArray/main.cpp:92]   --->   Operation 1078 'mux' 'tmp_2' <Predicate = (!icmp_ln88)> <Delay = 3.20> <CoreInst = "Multiplexer">   --->   Core 76 'Multiplexer' <Latency = 0> <II = 1> <Delay = 3.20> <FuncUnit> <Opcode : 'mux'> <InPorts = 2> <OutPorts = 1>
ST_1 : Operation 1079 [1/1] (3.25ns)   --->   "%store_ln92 = store i32 %tmp_2, i6 %big_tile_C_3_addr" [SystolicArray/main.cpp:92]   --->   Operation 1079 'store' 'store_ln92' <Predicate = (!icmp_ln88)> <Delay = 3.25> <CoreInst = "RAM_2P_BRAM">   --->   Core 91 'RAM_2P_BRAM' <Latency = 1> <II = 1> <Delay = 3.25> <Storage> <Opcode : 'load' 'store'> <Ports = 2> <Width = 32> <Depth = 64> <RAM>
ST_1 : Operation 1080 [1/1] (3.20ns)   --->   "%tmp_3 = mux i32 @_ssdm_op_Mux.ap_auto.32i32.i5, i32 %local_regs_V_1019_reload_read, i32 %local_regs_V_987_reload_read, i32 %local_regs_V_955_reload_read, i32 %local_regs_V_923_reload_read, i32 %local_regs_V_891_reload_read, i32 %local_regs_V_859_reload_read, i32 %local_regs_V_827_reload_read, i32 %local_regs_V_795_reload_read, i32 %local_regs_V_763_reload_read, i32 %local_regs_V_731_reload_read, i32 %local_regs_V_699_reload_read, i32 %local_regs_V_667_reload_read, i32 %local_regs_V_635_reload_read, i32 %local_regs_V_603_reload_read, i32 %local_regs_V_571_reload_read, i32 %local_regs_V_539_reload_read, i32 %local_regs_V_507_reload_read, i32 %local_regs_V_475_reload_read, i32 %local_regs_V_443_reload_read, i32 %local_regs_V_411_reload_read, i32 %local_regs_V_379_reload_read, i32 %local_regs_V_347_reload_read, i32 %local_regs_V_315_reload_read, i32 %local_regs_V_283_reload_read, i32 %local_regs_V_251_reload_read, i32 %local_regs_V_219_reload_read, i32 %local_regs_V_187_reload_read, i32 %local_regs_V_155_reload_read, i32 %local_regs_V_123_reload_read, i32 %local_regs_V_91_reload_read, i32 %local_regs_V_59_reload_read, i32 %local_regs_V_27_reload_read, i5 %trunc_ln88" [SystolicArray/main.cpp:92]   --->   Operation 1080 'mux' 'tmp_3' <Predicate = (!icmp_ln88)> <Delay = 3.20> <CoreInst = "Multiplexer">   --->   Core 76 'Multiplexer' <Latency = 0> <II = 1> <Delay = 3.20> <FuncUnit> <Opcode : 'mux'> <InPorts = 2> <OutPorts = 1>
ST_1 : Operation 1081 [1/1] (3.25ns)   --->   "%store_ln92 = store i32 %tmp_3, i6 %big_tile_C_4_addr" [SystolicArray/main.cpp:92]   --->   Operation 1081 'store' 'store_ln92' <Predicate = (!icmp_ln88)> <Delay = 3.25> <CoreInst = "RAM_2P_BRAM">   --->   Core 91 'RAM_2P_BRAM' <Latency = 1> <II = 1> <Delay = 3.25> <Storage> <Opcode : 'load' 'store'> <Ports = 2> <Width = 32> <Depth = 64> <RAM>
ST_1 : Operation 1082 [1/1] (3.20ns)   --->   "%tmp_4 = mux i32 @_ssdm_op_Mux.ap_auto.32i32.i5, i32 %local_regs_V_1018_reload_read, i32 %local_regs_V_986_reload_read, i32 %local_regs_V_954_reload_read, i32 %local_regs_V_922_reload_read, i32 %local_regs_V_890_reload_read, i32 %local_regs_V_858_reload_read, i32 %local_regs_V_826_reload_read, i32 %local_regs_V_794_reload_read, i32 %local_regs_V_762_reload_read, i32 %local_regs_V_730_reload_read, i32 %local_regs_V_698_reload_read, i32 %local_regs_V_666_reload_read, i32 %local_regs_V_634_reload_read, i32 %local_regs_V_602_reload_read, i32 %local_regs_V_570_reload_read, i32 %local_regs_V_538_reload_read, i32 %local_regs_V_506_reload_read, i32 %local_regs_V_474_reload_read, i32 %local_regs_V_442_reload_read, i32 %local_regs_V_410_reload_read, i32 %local_regs_V_378_reload_read, i32 %local_regs_V_346_reload_read, i32 %local_regs_V_314_reload_read, i32 %local_regs_V_282_reload_read, i32 %local_regs_V_250_reload_read, i32 %local_regs_V_218_reload_read, i32 %local_regs_V_186_reload_read, i32 %local_regs_V_154_reload_read, i32 %local_regs_V_122_reload_read, i32 %local_regs_V_90_reload_read, i32 %local_regs_V_58_reload_read, i32 %local_regs_V_26_reload_read, i5 %trunc_ln88" [SystolicArray/main.cpp:92]   --->   Operation 1082 'mux' 'tmp_4' <Predicate = (!icmp_ln88)> <Delay = 3.20> <CoreInst = "Multiplexer">   --->   Core 76 'Multiplexer' <Latency = 0> <II = 1> <Delay = 3.20> <FuncUnit> <Opcode : 'mux'> <InPorts = 2> <OutPorts = 1>
ST_1 : Operation 1083 [1/1] (3.25ns)   --->   "%store_ln92 = store i32 %tmp_4, i6 %big_tile_C_5_addr" [SystolicArray/main.cpp:92]   --->   Operation 1083 'store' 'store_ln92' <Predicate = (!icmp_ln88)> <Delay = 3.25> <CoreInst = "RAM_2P_BRAM">   --->   Core 91 'RAM_2P_BRAM' <Latency = 1> <II = 1> <Delay = 3.25> <Storage> <Opcode : 'load' 'store'> <Ports = 2> <Width = 32> <Depth = 64> <RAM>
ST_1 : Operation 1084 [1/1] (3.20ns)   --->   "%tmp_5 = mux i32 @_ssdm_op_Mux.ap_auto.32i32.i5, i32 %local_regs_V_1017_reload_read, i32 %local_regs_V_985_reload_read, i32 %local_regs_V_953_reload_read, i32 %local_regs_V_921_reload_read, i32 %local_regs_V_889_reload_read, i32 %local_regs_V_857_reload_read, i32 %local_regs_V_825_reload_read, i32 %local_regs_V_793_reload_read, i32 %local_regs_V_761_reload_read, i32 %local_regs_V_729_reload_read, i32 %local_regs_V_697_reload_read, i32 %local_regs_V_665_reload_read, i32 %local_regs_V_633_reload_read, i32 %local_regs_V_601_reload_read, i32 %local_regs_V_569_reload_read, i32 %local_regs_V_537_reload_read, i32 %local_regs_V_505_reload_read, i32 %local_regs_V_473_reload_read, i32 %local_regs_V_441_reload_read, i32 %local_regs_V_409_reload_read, i32 %local_regs_V_377_reload_read, i32 %local_regs_V_345_reload_read, i32 %local_regs_V_313_reload_read, i32 %local_regs_V_281_reload_read, i32 %local_regs_V_249_reload_read, i32 %local_regs_V_217_reload_read, i32 %local_regs_V_185_reload_read, i32 %local_regs_V_153_reload_read, i32 %local_regs_V_121_reload_read, i32 %local_regs_V_89_reload_read, i32 %local_regs_V_57_reload_read, i32 %local_regs_V_25_reload_read, i5 %trunc_ln88" [SystolicArray/main.cpp:92]   --->   Operation 1084 'mux' 'tmp_5' <Predicate = (!icmp_ln88)> <Delay = 3.20> <CoreInst = "Multiplexer">   --->   Core 76 'Multiplexer' <Latency = 0> <II = 1> <Delay = 3.20> <FuncUnit> <Opcode : 'mux'> <InPorts = 2> <OutPorts = 1>
ST_1 : Operation 1085 [1/1] (3.25ns)   --->   "%store_ln92 = store i32 %tmp_5, i6 %big_tile_C_6_addr" [SystolicArray/main.cpp:92]   --->   Operation 1085 'store' 'store_ln92' <Predicate = (!icmp_ln88)> <Delay = 3.25> <CoreInst = "RAM_2P_BRAM">   --->   Core 91 'RAM_2P_BRAM' <Latency = 1> <II = 1> <Delay = 3.25> <Storage> <Opcode : 'load' 'store'> <Ports = 2> <Width = 32> <Depth = 64> <RAM>
ST_1 : Operation 1086 [1/1] (3.20ns)   --->   "%tmp_6 = mux i32 @_ssdm_op_Mux.ap_auto.32i32.i5, i32 %local_regs_V_1016_reload_read, i32 %local_regs_V_984_reload_read, i32 %local_regs_V_952_reload_read, i32 %local_regs_V_920_reload_read, i32 %local_regs_V_888_reload_read, i32 %local_regs_V_856_reload_read, i32 %local_regs_V_824_reload_read, i32 %local_regs_V_792_reload_read, i32 %local_regs_V_760_reload_read, i32 %local_regs_V_728_reload_read, i32 %local_regs_V_696_reload_read, i32 %local_regs_V_664_reload_read, i32 %local_regs_V_632_reload_read, i32 %local_regs_V_600_reload_read, i32 %local_regs_V_568_reload_read, i32 %local_regs_V_536_reload_read, i32 %local_regs_V_504_reload_read, i32 %local_regs_V_472_reload_read, i32 %local_regs_V_440_reload_read, i32 %local_regs_V_408_reload_read, i32 %local_regs_V_376_reload_read, i32 %local_regs_V_344_reload_read, i32 %local_regs_V_312_reload_read, i32 %local_regs_V_280_reload_read, i32 %local_regs_V_248_reload_read, i32 %local_regs_V_216_reload_read, i32 %local_regs_V_184_reload_read, i32 %local_regs_V_152_reload_read, i32 %local_regs_V_120_reload_read, i32 %local_regs_V_88_reload_read, i32 %local_regs_V_56_reload_read, i32 %local_regs_V_24_reload_read, i5 %trunc_ln88" [SystolicArray/main.cpp:92]   --->   Operation 1086 'mux' 'tmp_6' <Predicate = (!icmp_ln88)> <Delay = 3.20> <CoreInst = "Multiplexer">   --->   Core 76 'Multiplexer' <Latency = 0> <II = 1> <Delay = 3.20> <FuncUnit> <Opcode : 'mux'> <InPorts = 2> <OutPorts = 1>
ST_1 : Operation 1087 [1/1] (3.25ns)   --->   "%store_ln92 = store i32 %tmp_6, i6 %big_tile_C_7_addr" [SystolicArray/main.cpp:92]   --->   Operation 1087 'store' 'store_ln92' <Predicate = (!icmp_ln88)> <Delay = 3.25> <CoreInst = "RAM_2P_BRAM">   --->   Core 91 'RAM_2P_BRAM' <Latency = 1> <II = 1> <Delay = 3.25> <Storage> <Opcode : 'load' 'store'> <Ports = 2> <Width = 32> <Depth = 64> <RAM>
ST_1 : Operation 1088 [1/1] (3.20ns)   --->   "%tmp_7 = mux i32 @_ssdm_op_Mux.ap_auto.32i32.i5, i32 %local_regs_V_1015_reload_read, i32 %local_regs_V_983_reload_read, i32 %local_regs_V_951_reload_read, i32 %local_regs_V_919_reload_read, i32 %local_regs_V_887_reload_read, i32 %local_regs_V_855_reload_read, i32 %local_regs_V_823_reload_read, i32 %local_regs_V_791_reload_read, i32 %local_regs_V_759_reload_read, i32 %local_regs_V_727_reload_read, i32 %local_regs_V_695_reload_read, i32 %local_regs_V_663_reload_read, i32 %local_regs_V_631_reload_read, i32 %local_regs_V_599_reload_read, i32 %local_regs_V_567_reload_read, i32 %local_regs_V_535_reload_read, i32 %local_regs_V_503_reload_read, i32 %local_regs_V_471_reload_read, i32 %local_regs_V_439_reload_read, i32 %local_regs_V_407_reload_read, i32 %local_regs_V_375_reload_read, i32 %local_regs_V_343_reload_read, i32 %local_regs_V_311_reload_read, i32 %local_regs_V_279_reload_read, i32 %local_regs_V_247_reload_read, i32 %local_regs_V_215_reload_read, i32 %local_regs_V_183_reload_read, i32 %local_regs_V_151_reload_read, i32 %local_regs_V_119_reload_read, i32 %local_regs_V_87_reload_read, i32 %local_regs_V_55_reload_read, i32 %local_regs_V_23_reload_read, i5 %trunc_ln88" [SystolicArray/main.cpp:92]   --->   Operation 1088 'mux' 'tmp_7' <Predicate = (!icmp_ln88)> <Delay = 3.20> <CoreInst = "Multiplexer">   --->   Core 76 'Multiplexer' <Latency = 0> <II = 1> <Delay = 3.20> <FuncUnit> <Opcode : 'mux'> <InPorts = 2> <OutPorts = 1>
ST_1 : Operation 1089 [1/1] (3.25ns)   --->   "%store_ln92 = store i32 %tmp_7, i6 %big_tile_C_8_addr" [SystolicArray/main.cpp:92]   --->   Operation 1089 'store' 'store_ln92' <Predicate = (!icmp_ln88)> <Delay = 3.25> <CoreInst = "RAM_2P_BRAM">   --->   Core 91 'RAM_2P_BRAM' <Latency = 1> <II = 1> <Delay = 3.25> <Storage> <Opcode : 'load' 'store'> <Ports = 2> <Width = 32> <Depth = 64> <RAM>
ST_1 : Operation 1090 [1/1] (3.20ns)   --->   "%tmp_8 = mux i32 @_ssdm_op_Mux.ap_auto.32i32.i5, i32 %local_regs_V_1014_reload_read, i32 %local_regs_V_982_reload_read, i32 %local_regs_V_950_reload_read, i32 %local_regs_V_918_reload_read, i32 %local_regs_V_886_reload_read, i32 %local_regs_V_854_reload_read, i32 %local_regs_V_822_reload_read, i32 %local_regs_V_790_reload_read, i32 %local_regs_V_758_reload_read, i32 %local_regs_V_726_reload_read, i32 %local_regs_V_694_reload_read, i32 %local_regs_V_662_reload_read, i32 %local_regs_V_630_reload_read, i32 %local_regs_V_598_reload_read, i32 %local_regs_V_566_reload_read, i32 %local_regs_V_534_reload_read, i32 %local_regs_V_502_reload_read, i32 %local_regs_V_470_reload_read, i32 %local_regs_V_438_reload_read, i32 %local_regs_V_406_reload_read, i32 %local_regs_V_374_reload_read, i32 %local_regs_V_342_reload_read, i32 %local_regs_V_310_reload_read, i32 %local_regs_V_278_reload_read, i32 %local_regs_V_246_reload_read, i32 %local_regs_V_214_reload_read, i32 %local_regs_V_182_reload_read, i32 %local_regs_V_150_reload_read, i32 %local_regs_V_118_reload_read, i32 %local_regs_V_86_reload_read, i32 %local_regs_V_54_reload_read, i32 %local_regs_V_22_reload_read, i5 %trunc_ln88" [SystolicArray/main.cpp:92]   --->   Operation 1090 'mux' 'tmp_8' <Predicate = (!icmp_ln88)> <Delay = 3.20> <CoreInst = "Multiplexer">   --->   Core 76 'Multiplexer' <Latency = 0> <II = 1> <Delay = 3.20> <FuncUnit> <Opcode : 'mux'> <InPorts = 2> <OutPorts = 1>
ST_1 : Operation 1091 [1/1] (3.25ns)   --->   "%store_ln92 = store i32 %tmp_8, i6 %big_tile_C_9_addr" [SystolicArray/main.cpp:92]   --->   Operation 1091 'store' 'store_ln92' <Predicate = (!icmp_ln88)> <Delay = 3.25> <CoreInst = "RAM_2P_BRAM">   --->   Core 91 'RAM_2P_BRAM' <Latency = 1> <II = 1> <Delay = 3.25> <Storage> <Opcode : 'load' 'store'> <Ports = 2> <Width = 32> <Depth = 64> <RAM>
ST_1 : Operation 1092 [1/1] (3.20ns)   --->   "%tmp_9 = mux i32 @_ssdm_op_Mux.ap_auto.32i32.i5, i32 %local_regs_V_1013_reload_read, i32 %local_regs_V_981_reload_read, i32 %local_regs_V_949_reload_read, i32 %local_regs_V_917_reload_read, i32 %local_regs_V_885_reload_read, i32 %local_regs_V_853_reload_read, i32 %local_regs_V_821_reload_read, i32 %local_regs_V_789_reload_read, i32 %local_regs_V_757_reload_read, i32 %local_regs_V_725_reload_read, i32 %local_regs_V_693_reload_read, i32 %local_regs_V_661_reload_read, i32 %local_regs_V_629_reload_read, i32 %local_regs_V_597_reload_read, i32 %local_regs_V_565_reload_read, i32 %local_regs_V_533_reload_read, i32 %local_regs_V_501_reload_read, i32 %local_regs_V_469_reload_read, i32 %local_regs_V_437_reload_read, i32 %local_regs_V_405_reload_read, i32 %local_regs_V_373_reload_read, i32 %local_regs_V_341_reload_read, i32 %local_regs_V_309_reload_read, i32 %local_regs_V_277_reload_read, i32 %local_regs_V_245_reload_read, i32 %local_regs_V_213_reload_read, i32 %local_regs_V_181_reload_read, i32 %local_regs_V_149_reload_read, i32 %local_regs_V_117_reload_read, i32 %local_regs_V_85_reload_read, i32 %local_regs_V_53_reload_read, i32 %local_regs_V_21_reload_read, i5 %trunc_ln88" [SystolicArray/main.cpp:92]   --->   Operation 1092 'mux' 'tmp_9' <Predicate = (!icmp_ln88)> <Delay = 3.20> <CoreInst = "Multiplexer">   --->   Core 76 'Multiplexer' <Latency = 0> <II = 1> <Delay = 3.20> <FuncUnit> <Opcode : 'mux'> <InPorts = 2> <OutPorts = 1>
ST_1 : Operation 1093 [1/1] (3.25ns)   --->   "%store_ln92 = store i32 %tmp_9, i6 %big_tile_C_10_addr" [SystolicArray/main.cpp:92]   --->   Operation 1093 'store' 'store_ln92' <Predicate = (!icmp_ln88)> <Delay = 3.25> <CoreInst = "RAM_2P_BRAM">   --->   Core 91 'RAM_2P_BRAM' <Latency = 1> <II = 1> <Delay = 3.25> <Storage> <Opcode : 'load' 'store'> <Ports = 2> <Width = 32> <Depth = 64> <RAM>
ST_1 : Operation 1094 [1/1] (3.20ns)   --->   "%tmp_10 = mux i32 @_ssdm_op_Mux.ap_auto.32i32.i5, i32 %local_regs_V_1012_reload_read, i32 %local_regs_V_980_reload_read, i32 %local_regs_V_948_reload_read, i32 %local_regs_V_916_reload_read, i32 %local_regs_V_884_reload_read, i32 %local_regs_V_852_reload_read, i32 %local_regs_V_820_reload_read, i32 %local_regs_V_788_reload_read, i32 %local_regs_V_756_reload_read, i32 %local_regs_V_724_reload_read, i32 %local_regs_V_692_reload_read, i32 %local_regs_V_660_reload_read, i32 %local_regs_V_628_reload_read, i32 %local_regs_V_596_reload_read, i32 %local_regs_V_564_reload_read, i32 %local_regs_V_532_reload_read, i32 %local_regs_V_500_reload_read, i32 %local_regs_V_468_reload_read, i32 %local_regs_V_436_reload_read, i32 %local_regs_V_404_reload_read, i32 %local_regs_V_372_reload_read, i32 %local_regs_V_340_reload_read, i32 %local_regs_V_308_reload_read, i32 %local_regs_V_276_reload_read, i32 %local_regs_V_244_reload_read, i32 %local_regs_V_212_reload_read, i32 %local_regs_V_180_reload_read, i32 %local_regs_V_148_reload_read, i32 %local_regs_V_116_reload_read, i32 %local_regs_V_84_reload_read, i32 %local_regs_V_52_reload_read, i32 %local_regs_V_20_reload_read, i5 %trunc_ln88" [SystolicArray/main.cpp:92]   --->   Operation 1094 'mux' 'tmp_10' <Predicate = (!icmp_ln88)> <Delay = 3.20> <CoreInst = "Multiplexer">   --->   Core 76 'Multiplexer' <Latency = 0> <II = 1> <Delay = 3.20> <FuncUnit> <Opcode : 'mux'> <InPorts = 2> <OutPorts = 1>
ST_1 : Operation 1095 [1/1] (3.25ns)   --->   "%store_ln92 = store i32 %tmp_10, i6 %big_tile_C_11_addr" [SystolicArray/main.cpp:92]   --->   Operation 1095 'store' 'store_ln92' <Predicate = (!icmp_ln88)> <Delay = 3.25> <CoreInst = "RAM_2P_BRAM">   --->   Core 91 'RAM_2P_BRAM' <Latency = 1> <II = 1> <Delay = 3.25> <Storage> <Opcode : 'load' 'store'> <Ports = 2> <Width = 32> <Depth = 64> <RAM>
ST_1 : Operation 1096 [1/1] (3.20ns)   --->   "%tmp_11 = mux i32 @_ssdm_op_Mux.ap_auto.32i32.i5, i32 %local_regs_V_1011_reload_read, i32 %local_regs_V_979_reload_read, i32 %local_regs_V_947_reload_read, i32 %local_regs_V_915_reload_read, i32 %local_regs_V_883_reload_read, i32 %local_regs_V_851_reload_read, i32 %local_regs_V_819_reload_read, i32 %local_regs_V_787_reload_read, i32 %local_regs_V_755_reload_read, i32 %local_regs_V_723_reload_read, i32 %local_regs_V_691_reload_read, i32 %local_regs_V_659_reload_read, i32 %local_regs_V_627_reload_read, i32 %local_regs_V_595_reload_read, i32 %local_regs_V_563_reload_read, i32 %local_regs_V_531_reload_read, i32 %local_regs_V_499_reload_read, i32 %local_regs_V_467_reload_read, i32 %local_regs_V_435_reload_read, i32 %local_regs_V_403_reload_read, i32 %local_regs_V_371_reload_read, i32 %local_regs_V_339_reload_read, i32 %local_regs_V_307_reload_read, i32 %local_regs_V_275_reload_read, i32 %local_regs_V_243_reload_read, i32 %local_regs_V_211_reload_read, i32 %local_regs_V_179_reload_read, i32 %local_regs_V_147_reload_read, i32 %local_regs_V_115_reload_read, i32 %local_regs_V_83_reload_read, i32 %local_regs_V_51_reload_read, i32 %local_regs_V_19_reload_read, i5 %trunc_ln88" [SystolicArray/main.cpp:92]   --->   Operation 1096 'mux' 'tmp_11' <Predicate = (!icmp_ln88)> <Delay = 3.20> <CoreInst = "Multiplexer">   --->   Core 76 'Multiplexer' <Latency = 0> <II = 1> <Delay = 3.20> <FuncUnit> <Opcode : 'mux'> <InPorts = 2> <OutPorts = 1>
ST_1 : Operation 1097 [1/1] (3.25ns)   --->   "%store_ln92 = store i32 %tmp_11, i6 %big_tile_C_12_addr" [SystolicArray/main.cpp:92]   --->   Operation 1097 'store' 'store_ln92' <Predicate = (!icmp_ln88)> <Delay = 3.25> <CoreInst = "RAM_2P_BRAM">   --->   Core 91 'RAM_2P_BRAM' <Latency = 1> <II = 1> <Delay = 3.25> <Storage> <Opcode : 'load' 'store'> <Ports = 2> <Width = 32> <Depth = 64> <RAM>
ST_1 : Operation 1098 [1/1] (3.20ns)   --->   "%tmp_12 = mux i32 @_ssdm_op_Mux.ap_auto.32i32.i5, i32 %local_regs_V_1010_reload_read, i32 %local_regs_V_978_reload_read, i32 %local_regs_V_946_reload_read, i32 %local_regs_V_914_reload_read, i32 %local_regs_V_882_reload_read, i32 %local_regs_V_850_reload_read, i32 %local_regs_V_818_reload_read, i32 %local_regs_V_786_reload_read, i32 %local_regs_V_754_reload_read, i32 %local_regs_V_722_reload_read, i32 %local_regs_V_690_reload_read, i32 %local_regs_V_658_reload_read, i32 %local_regs_V_626_reload_read, i32 %local_regs_V_594_reload_read, i32 %local_regs_V_562_reload_read, i32 %local_regs_V_530_reload_read, i32 %local_regs_V_498_reload_read, i32 %local_regs_V_466_reload_read, i32 %local_regs_V_434_reload_read, i32 %local_regs_V_402_reload_read, i32 %local_regs_V_370_reload_read, i32 %local_regs_V_338_reload_read, i32 %local_regs_V_306_reload_read, i32 %local_regs_V_274_reload_read, i32 %local_regs_V_242_reload_read, i32 %local_regs_V_210_reload_read, i32 %local_regs_V_178_reload_read, i32 %local_regs_V_146_reload_read, i32 %local_regs_V_114_reload_read, i32 %local_regs_V_82_reload_read, i32 %local_regs_V_50_reload_read, i32 %local_regs_V_18_reload_read, i5 %trunc_ln88" [SystolicArray/main.cpp:92]   --->   Operation 1098 'mux' 'tmp_12' <Predicate = (!icmp_ln88)> <Delay = 3.20> <CoreInst = "Multiplexer">   --->   Core 76 'Multiplexer' <Latency = 0> <II = 1> <Delay = 3.20> <FuncUnit> <Opcode : 'mux'> <InPorts = 2> <OutPorts = 1>
ST_1 : Operation 1099 [1/1] (3.25ns)   --->   "%store_ln92 = store i32 %tmp_12, i6 %big_tile_C_13_addr" [SystolicArray/main.cpp:92]   --->   Operation 1099 'store' 'store_ln92' <Predicate = (!icmp_ln88)> <Delay = 3.25> <CoreInst = "RAM_2P_BRAM">   --->   Core 91 'RAM_2P_BRAM' <Latency = 1> <II = 1> <Delay = 3.25> <Storage> <Opcode : 'load' 'store'> <Ports = 2> <Width = 32> <Depth = 64> <RAM>
ST_1 : Operation 1100 [1/1] (3.20ns)   --->   "%tmp_13 = mux i32 @_ssdm_op_Mux.ap_auto.32i32.i5, i32 %local_regs_V_1009_reload_read, i32 %local_regs_V_977_reload_read, i32 %local_regs_V_945_reload_read, i32 %local_regs_V_913_reload_read, i32 %local_regs_V_881_reload_read, i32 %local_regs_V_849_reload_read, i32 %local_regs_V_817_reload_read, i32 %local_regs_V_785_reload_read, i32 %local_regs_V_753_reload_read, i32 %local_regs_V_721_reload_read, i32 %local_regs_V_689_reload_read, i32 %local_regs_V_657_reload_read, i32 %local_regs_V_625_reload_read, i32 %local_regs_V_593_reload_read, i32 %local_regs_V_561_reload_read, i32 %local_regs_V_529_reload_read, i32 %local_regs_V_497_reload_read, i32 %local_regs_V_465_reload_read, i32 %local_regs_V_433_reload_read, i32 %local_regs_V_401_reload_read, i32 %local_regs_V_369_reload_read, i32 %local_regs_V_337_reload_read, i32 %local_regs_V_305_reload_read, i32 %local_regs_V_273_reload_read, i32 %local_regs_V_241_reload_read, i32 %local_regs_V_209_reload_read, i32 %local_regs_V_177_reload_read, i32 %local_regs_V_145_reload_read, i32 %local_regs_V_113_reload_read, i32 %local_regs_V_81_reload_read, i32 %local_regs_V_49_reload_read, i32 %local_regs_V_17_reload_read, i5 %trunc_ln88" [SystolicArray/main.cpp:92]   --->   Operation 1100 'mux' 'tmp_13' <Predicate = (!icmp_ln88)> <Delay = 3.20> <CoreInst = "Multiplexer">   --->   Core 76 'Multiplexer' <Latency = 0> <II = 1> <Delay = 3.20> <FuncUnit> <Opcode : 'mux'> <InPorts = 2> <OutPorts = 1>
ST_1 : Operation 1101 [1/1] (3.25ns)   --->   "%store_ln92 = store i32 %tmp_13, i6 %big_tile_C_14_addr" [SystolicArray/main.cpp:92]   --->   Operation 1101 'store' 'store_ln92' <Predicate = (!icmp_ln88)> <Delay = 3.25> <CoreInst = "RAM_2P_BRAM">   --->   Core 91 'RAM_2P_BRAM' <Latency = 1> <II = 1> <Delay = 3.25> <Storage> <Opcode : 'load' 'store'> <Ports = 2> <Width = 32> <Depth = 64> <RAM>
ST_1 : Operation 1102 [1/1] (3.20ns)   --->   "%tmp_14 = mux i32 @_ssdm_op_Mux.ap_auto.32i32.i5, i32 %local_regs_V_1008_reload_read, i32 %local_regs_V_976_reload_read, i32 %local_regs_V_944_reload_read, i32 %local_regs_V_912_reload_read, i32 %local_regs_V_880_reload_read, i32 %local_regs_V_848_reload_read, i32 %local_regs_V_816_reload_read, i32 %local_regs_V_784_reload_read, i32 %local_regs_V_752_reload_read, i32 %local_regs_V_720_reload_read, i32 %local_regs_V_688_reload_read, i32 %local_regs_V_656_reload_read, i32 %local_regs_V_624_reload_read, i32 %local_regs_V_592_reload_read, i32 %local_regs_V_560_reload_read, i32 %local_regs_V_528_reload_read, i32 %local_regs_V_496_reload_read, i32 %local_regs_V_464_reload_read, i32 %local_regs_V_432_reload_read, i32 %local_regs_V_400_reload_read, i32 %local_regs_V_368_reload_read, i32 %local_regs_V_336_reload_read, i32 %local_regs_V_304_reload_read, i32 %local_regs_V_272_reload_read, i32 %local_regs_V_240_reload_read, i32 %local_regs_V_208_reload_read, i32 %local_regs_V_176_reload_read, i32 %local_regs_V_144_reload_read, i32 %local_regs_V_112_reload_read, i32 %local_regs_V_80_reload_read, i32 %local_regs_V_48_reload_read, i32 %local_regs_V_16_reload_read, i5 %trunc_ln88" [SystolicArray/main.cpp:92]   --->   Operation 1102 'mux' 'tmp_14' <Predicate = (!icmp_ln88)> <Delay = 3.20> <CoreInst = "Multiplexer">   --->   Core 76 'Multiplexer' <Latency = 0> <II = 1> <Delay = 3.20> <FuncUnit> <Opcode : 'mux'> <InPorts = 2> <OutPorts = 1>
ST_1 : Operation 1103 [1/1] (3.25ns)   --->   "%store_ln92 = store i32 %tmp_14, i6 %big_tile_C_15_addr" [SystolicArray/main.cpp:92]   --->   Operation 1103 'store' 'store_ln92' <Predicate = (!icmp_ln88)> <Delay = 3.25> <CoreInst = "RAM_2P_BRAM">   --->   Core 91 'RAM_2P_BRAM' <Latency = 1> <II = 1> <Delay = 3.25> <Storage> <Opcode : 'load' 'store'> <Ports = 2> <Width = 32> <Depth = 64> <RAM>
ST_1 : Operation 1104 [1/1] (3.20ns)   --->   "%tmp_15 = mux i32 @_ssdm_op_Mux.ap_auto.32i32.i5, i32 %local_regs_V_1007_reload_read, i32 %local_regs_V_975_reload_read, i32 %local_regs_V_943_reload_read, i32 %local_regs_V_911_reload_read, i32 %local_regs_V_879_reload_read, i32 %local_regs_V_847_reload_read, i32 %local_regs_V_815_reload_read, i32 %local_regs_V_783_reload_read, i32 %local_regs_V_751_reload_read, i32 %local_regs_V_719_reload_read, i32 %local_regs_V_687_reload_read, i32 %local_regs_V_655_reload_read, i32 %local_regs_V_623_reload_read, i32 %local_regs_V_591_reload_read, i32 %local_regs_V_559_reload_read, i32 %local_regs_V_527_reload_read, i32 %local_regs_V_495_reload_read, i32 %local_regs_V_463_reload_read, i32 %local_regs_V_431_reload_read, i32 %local_regs_V_399_reload_read, i32 %local_regs_V_367_reload_read, i32 %local_regs_V_335_reload_read, i32 %local_regs_V_303_reload_read, i32 %local_regs_V_271_reload_read, i32 %local_regs_V_239_reload_read, i32 %local_regs_V_207_reload_read, i32 %local_regs_V_175_reload_read, i32 %local_regs_V_143_reload_read, i32 %local_regs_V_111_reload_read, i32 %local_regs_V_79_reload_read, i32 %local_regs_V_47_reload_read, i32 %local_regs_V_15_reload_read, i5 %trunc_ln88" [SystolicArray/main.cpp:92]   --->   Operation 1104 'mux' 'tmp_15' <Predicate = (!icmp_ln88)> <Delay = 3.20> <CoreInst = "Multiplexer">   --->   Core 76 'Multiplexer' <Latency = 0> <II = 1> <Delay = 3.20> <FuncUnit> <Opcode : 'mux'> <InPorts = 2> <OutPorts = 1>
ST_1 : Operation 1105 [1/1] (3.20ns)   --->   "%tmp_16 = mux i32 @_ssdm_op_Mux.ap_auto.32i32.i5, i32 %local_regs_V_1006_reload_read, i32 %local_regs_V_974_reload_read, i32 %local_regs_V_942_reload_read, i32 %local_regs_V_910_reload_read, i32 %local_regs_V_878_reload_read, i32 %local_regs_V_846_reload_read, i32 %local_regs_V_814_reload_read, i32 %local_regs_V_782_reload_read, i32 %local_regs_V_750_reload_read, i32 %local_regs_V_718_reload_read, i32 %local_regs_V_686_reload_read, i32 %local_regs_V_654_reload_read, i32 %local_regs_V_622_reload_read, i32 %local_regs_V_590_reload_read, i32 %local_regs_V_558_reload_read, i32 %local_regs_V_526_reload_read, i32 %local_regs_V_494_reload_read, i32 %local_regs_V_462_reload_read, i32 %local_regs_V_430_reload_read, i32 %local_regs_V_398_reload_read, i32 %local_regs_V_366_reload_read, i32 %local_regs_V_334_reload_read, i32 %local_regs_V_302_reload_read, i32 %local_regs_V_270_reload_read, i32 %local_regs_V_238_reload_read, i32 %local_regs_V_206_reload_read, i32 %local_regs_V_174_reload_read, i32 %local_regs_V_142_reload_read, i32 %local_regs_V_110_reload_read, i32 %local_regs_V_78_reload_read, i32 %local_regs_V_46_reload_read, i32 %local_regs_V_14_reload_read, i5 %trunc_ln88" [SystolicArray/main.cpp:92]   --->   Operation 1105 'mux' 'tmp_16' <Predicate = (!icmp_ln88)> <Delay = 3.20> <CoreInst = "Multiplexer">   --->   Core 76 'Multiplexer' <Latency = 0> <II = 1> <Delay = 3.20> <FuncUnit> <Opcode : 'mux'> <InPorts = 2> <OutPorts = 1>
ST_1 : Operation 1106 [1/1] (3.20ns)   --->   "%tmp_17 = mux i32 @_ssdm_op_Mux.ap_auto.32i32.i5, i32 %local_regs_V_1005_reload_read, i32 %local_regs_V_973_reload_read, i32 %local_regs_V_941_reload_read, i32 %local_regs_V_909_reload_read, i32 %local_regs_V_877_reload_read, i32 %local_regs_V_845_reload_read, i32 %local_regs_V_813_reload_read, i32 %local_regs_V_781_reload_read, i32 %local_regs_V_749_reload_read, i32 %local_regs_V_717_reload_read, i32 %local_regs_V_685_reload_read, i32 %local_regs_V_653_reload_read, i32 %local_regs_V_621_reload_read, i32 %local_regs_V_589_reload_read, i32 %local_regs_V_557_reload_read, i32 %local_regs_V_525_reload_read, i32 %local_regs_V_493_reload_read, i32 %local_regs_V_461_reload_read, i32 %local_regs_V_429_reload_read, i32 %local_regs_V_397_reload_read, i32 %local_regs_V_365_reload_read, i32 %local_regs_V_333_reload_read, i32 %local_regs_V_301_reload_read, i32 %local_regs_V_269_reload_read, i32 %local_regs_V_237_reload_read, i32 %local_regs_V_205_reload_read, i32 %local_regs_V_173_reload_read, i32 %local_regs_V_141_reload_read, i32 %local_regs_V_109_reload_read, i32 %local_regs_V_77_reload_read, i32 %local_regs_V_45_reload_read, i32 %local_regs_V_13_reload_read, i5 %trunc_ln88" [SystolicArray/main.cpp:92]   --->   Operation 1106 'mux' 'tmp_17' <Predicate = (!icmp_ln88)> <Delay = 3.20> <CoreInst = "Multiplexer">   --->   Core 76 'Multiplexer' <Latency = 0> <II = 1> <Delay = 3.20> <FuncUnit> <Opcode : 'mux'> <InPorts = 2> <OutPorts = 1>
ST_1 : Operation 1107 [1/1] (3.20ns)   --->   "%tmp_18 = mux i32 @_ssdm_op_Mux.ap_auto.32i32.i5, i32 %local_regs_V_1004_reload_read, i32 %local_regs_V_972_reload_read, i32 %local_regs_V_940_reload_read, i32 %local_regs_V_908_reload_read, i32 %local_regs_V_876_reload_read, i32 %local_regs_V_844_reload_read, i32 %local_regs_V_812_reload_read, i32 %local_regs_V_780_reload_read, i32 %local_regs_V_748_reload_read, i32 %local_regs_V_716_reload_read, i32 %local_regs_V_684_reload_read, i32 %local_regs_V_652_reload_read, i32 %local_regs_V_620_reload_read, i32 %local_regs_V_588_reload_read, i32 %local_regs_V_556_reload_read, i32 %local_regs_V_524_reload_read, i32 %local_regs_V_492_reload_read, i32 %local_regs_V_460_reload_read, i32 %local_regs_V_428_reload_read, i32 %local_regs_V_396_reload_read, i32 %local_regs_V_364_reload_read, i32 %local_regs_V_332_reload_read, i32 %local_regs_V_300_reload_read, i32 %local_regs_V_268_reload_read, i32 %local_regs_V_236_reload_read, i32 %local_regs_V_204_reload_read, i32 %local_regs_V_172_reload_read, i32 %local_regs_V_140_reload_read, i32 %local_regs_V_108_reload_read, i32 %local_regs_V_76_reload_read, i32 %local_regs_V_44_reload_read, i32 %local_regs_V_12_reload_read, i5 %trunc_ln88" [SystolicArray/main.cpp:92]   --->   Operation 1107 'mux' 'tmp_18' <Predicate = (!icmp_ln88)> <Delay = 3.20> <CoreInst = "Multiplexer">   --->   Core 76 'Multiplexer' <Latency = 0> <II = 1> <Delay = 3.20> <FuncUnit> <Opcode : 'mux'> <InPorts = 2> <OutPorts = 1>
ST_1 : Operation 1108 [1/1] (3.20ns)   --->   "%tmp_19 = mux i32 @_ssdm_op_Mux.ap_auto.32i32.i5, i32 %local_regs_V_1003_reload_read, i32 %local_regs_V_971_reload_read, i32 %local_regs_V_939_reload_read, i32 %local_regs_V_907_reload_read, i32 %local_regs_V_875_reload_read, i32 %local_regs_V_843_reload_read, i32 %local_regs_V_811_reload_read, i32 %local_regs_V_779_reload_read, i32 %local_regs_V_747_reload_read, i32 %local_regs_V_715_reload_read, i32 %local_regs_V_683_reload_read, i32 %local_regs_V_651_reload_read, i32 %local_regs_V_619_reload_read, i32 %local_regs_V_587_reload_read, i32 %local_regs_V_555_reload_read, i32 %local_regs_V_523_reload_read, i32 %local_regs_V_491_reload_read, i32 %local_regs_V_459_reload_read, i32 %local_regs_V_427_reload_read, i32 %local_regs_V_395_reload_read, i32 %local_regs_V_363_reload_read, i32 %local_regs_V_331_reload_read, i32 %local_regs_V_299_reload_read, i32 %local_regs_V_267_reload_read, i32 %local_regs_V_235_reload_read, i32 %local_regs_V_203_reload_read, i32 %local_regs_V_171_reload_read, i32 %local_regs_V_139_reload_read, i32 %local_regs_V_107_reload_read, i32 %local_regs_V_75_reload_read, i32 %local_regs_V_43_reload_read, i32 %local_regs_V_11_reload_read, i5 %trunc_ln88" [SystolicArray/main.cpp:92]   --->   Operation 1108 'mux' 'tmp_19' <Predicate = (!icmp_ln88)> <Delay = 3.20> <CoreInst = "Multiplexer">   --->   Core 76 'Multiplexer' <Latency = 0> <II = 1> <Delay = 3.20> <FuncUnit> <Opcode : 'mux'> <InPorts = 2> <OutPorts = 1>
ST_1 : Operation 1109 [1/1] (3.20ns)   --->   "%tmp_20 = mux i32 @_ssdm_op_Mux.ap_auto.32i32.i5, i32 %local_regs_V_1002_reload_read, i32 %local_regs_V_970_reload_read, i32 %local_regs_V_938_reload_read, i32 %local_regs_V_906_reload_read, i32 %local_regs_V_874_reload_read, i32 %local_regs_V_842_reload_read, i32 %local_regs_V_810_reload_read, i32 %local_regs_V_778_reload_read, i32 %local_regs_V_746_reload_read, i32 %local_regs_V_714_reload_read, i32 %local_regs_V_682_reload_read, i32 %local_regs_V_650_reload_read, i32 %local_regs_V_618_reload_read, i32 %local_regs_V_586_reload_read, i32 %local_regs_V_554_reload_read, i32 %local_regs_V_522_reload_read, i32 %local_regs_V_490_reload_read, i32 %local_regs_V_458_reload_read, i32 %local_regs_V_426_reload_read, i32 %local_regs_V_394_reload_read, i32 %local_regs_V_362_reload_read, i32 %local_regs_V_330_reload_read, i32 %local_regs_V_298_reload_read, i32 %local_regs_V_266_reload_read, i32 %local_regs_V_234_reload_read, i32 %local_regs_V_202_reload_read, i32 %local_regs_V_170_reload_read, i32 %local_regs_V_138_reload_read, i32 %local_regs_V_106_reload_read, i32 %local_regs_V_74_reload_read, i32 %local_regs_V_42_reload_read, i32 %local_regs_V_10_reload_read, i5 %trunc_ln88" [SystolicArray/main.cpp:92]   --->   Operation 1109 'mux' 'tmp_20' <Predicate = (!icmp_ln88)> <Delay = 3.20> <CoreInst = "Multiplexer">   --->   Core 76 'Multiplexer' <Latency = 0> <II = 1> <Delay = 3.20> <FuncUnit> <Opcode : 'mux'> <InPorts = 2> <OutPorts = 1>
ST_1 : Operation 1110 [1/1] (3.20ns)   --->   "%tmp_21 = mux i32 @_ssdm_op_Mux.ap_auto.32i32.i5, i32 %local_regs_V_1001_reload_read, i32 %local_regs_V_969_reload_read, i32 %local_regs_V_937_reload_read, i32 %local_regs_V_905_reload_read, i32 %local_regs_V_873_reload_read, i32 %local_regs_V_841_reload_read, i32 %local_regs_V_809_reload_read, i32 %local_regs_V_777_reload_read, i32 %local_regs_V_745_reload_read, i32 %local_regs_V_713_reload_read, i32 %local_regs_V_681_reload_read, i32 %local_regs_V_649_reload_read, i32 %local_regs_V_617_reload_read, i32 %local_regs_V_585_reload_read, i32 %local_regs_V_553_reload_read, i32 %local_regs_V_521_reload_read, i32 %local_regs_V_489_reload_read, i32 %local_regs_V_457_reload_read, i32 %local_regs_V_425_reload_read, i32 %local_regs_V_393_reload_read, i32 %local_regs_V_361_reload_read, i32 %local_regs_V_329_reload_read, i32 %local_regs_V_297_reload_read, i32 %local_regs_V_265_reload_read, i32 %local_regs_V_233_reload_read, i32 %local_regs_V_201_reload_read, i32 %local_regs_V_169_reload_read, i32 %local_regs_V_137_reload_read, i32 %local_regs_V_105_reload_read, i32 %local_regs_V_73_reload_read, i32 %local_regs_V_41_reload_read, i32 %local_regs_V_9_reload_read, i5 %trunc_ln88" [SystolicArray/main.cpp:92]   --->   Operation 1110 'mux' 'tmp_21' <Predicate = (!icmp_ln88)> <Delay = 3.20> <CoreInst = "Multiplexer">   --->   Core 76 'Multiplexer' <Latency = 0> <II = 1> <Delay = 3.20> <FuncUnit> <Opcode : 'mux'> <InPorts = 2> <OutPorts = 1>
ST_1 : Operation 1111 [1/1] (3.20ns)   --->   "%tmp_22 = mux i32 @_ssdm_op_Mux.ap_auto.32i32.i5, i32 %local_regs_V_1000_reload_read, i32 %local_regs_V_968_reload_read, i32 %local_regs_V_936_reload_read, i32 %local_regs_V_904_reload_read, i32 %local_regs_V_872_reload_read, i32 %local_regs_V_840_reload_read, i32 %local_regs_V_808_reload_read, i32 %local_regs_V_776_reload_read, i32 %local_regs_V_744_reload_read, i32 %local_regs_V_712_reload_read, i32 %local_regs_V_680_reload_read, i32 %local_regs_V_648_reload_read, i32 %local_regs_V_616_reload_read, i32 %local_regs_V_584_reload_read, i32 %local_regs_V_552_reload_read, i32 %local_regs_V_520_reload_read, i32 %local_regs_V_488_reload_read, i32 %local_regs_V_456_reload_read, i32 %local_regs_V_424_reload_read, i32 %local_regs_V_392_reload_read, i32 %local_regs_V_360_reload_read, i32 %local_regs_V_328_reload_read, i32 %local_regs_V_296_reload_read, i32 %local_regs_V_264_reload_read, i32 %local_regs_V_232_reload_read, i32 %local_regs_V_200_reload_read, i32 %local_regs_V_168_reload_read, i32 %local_regs_V_136_reload_read, i32 %local_regs_V_104_reload_read, i32 %local_regs_V_72_reload_read, i32 %local_regs_V_40_reload_read, i32 %local_regs_V_8_reload_read, i5 %trunc_ln88" [SystolicArray/main.cpp:92]   --->   Operation 1111 'mux' 'tmp_22' <Predicate = (!icmp_ln88)> <Delay = 3.20> <CoreInst = "Multiplexer">   --->   Core 76 'Multiplexer' <Latency = 0> <II = 1> <Delay = 3.20> <FuncUnit> <Opcode : 'mux'> <InPorts = 2> <OutPorts = 1>
ST_1 : Operation 1112 [1/1] (3.20ns)   --->   "%tmp_23 = mux i32 @_ssdm_op_Mux.ap_auto.32i32.i5, i32 %local_regs_V_999_reload_read, i32 %local_regs_V_967_reload_read, i32 %local_regs_V_935_reload_read, i32 %local_regs_V_903_reload_read, i32 %local_regs_V_871_reload_read, i32 %local_regs_V_839_reload_read, i32 %local_regs_V_807_reload_read, i32 %local_regs_V_775_reload_read, i32 %local_regs_V_743_reload_read, i32 %local_regs_V_711_reload_read, i32 %local_regs_V_679_reload_read, i32 %local_regs_V_647_reload_read, i32 %local_regs_V_615_reload_read, i32 %local_regs_V_583_reload_read, i32 %local_regs_V_551_reload_read, i32 %local_regs_V_519_reload_read, i32 %local_regs_V_487_reload_read, i32 %local_regs_V_455_reload_read, i32 %local_regs_V_423_reload_read, i32 %local_regs_V_391_reload_read, i32 %local_regs_V_359_reload_read, i32 %local_regs_V_327_reload_read, i32 %local_regs_V_295_reload_read, i32 %local_regs_V_263_reload_read, i32 %local_regs_V_231_reload_read, i32 %local_regs_V_199_reload_read, i32 %local_regs_V_167_reload_read, i32 %local_regs_V_135_reload_read, i32 %local_regs_V_103_reload_read, i32 %local_regs_V_71_reload_read, i32 %local_regs_V_39_reload_read, i32 %local_regs_V_7_reload_read, i5 %trunc_ln88" [SystolicArray/main.cpp:92]   --->   Operation 1112 'mux' 'tmp_23' <Predicate = (!icmp_ln88)> <Delay = 3.20> <CoreInst = "Multiplexer">   --->   Core 76 'Multiplexer' <Latency = 0> <II = 1> <Delay = 3.20> <FuncUnit> <Opcode : 'mux'> <InPorts = 2> <OutPorts = 1>
ST_1 : Operation 1113 [1/1] (3.20ns)   --->   "%tmp_24 = mux i32 @_ssdm_op_Mux.ap_auto.32i32.i5, i32 %local_regs_V_998_reload_read, i32 %local_regs_V_966_reload_read, i32 %local_regs_V_934_reload_read, i32 %local_regs_V_902_reload_read, i32 %local_regs_V_870_reload_read, i32 %local_regs_V_838_reload_read, i32 %local_regs_V_806_reload_read, i32 %local_regs_V_774_reload_read, i32 %local_regs_V_742_reload_read, i32 %local_regs_V_710_reload_read, i32 %local_regs_V_678_reload_read, i32 %local_regs_V_646_reload_read, i32 %local_regs_V_614_reload_read, i32 %local_regs_V_582_reload_read, i32 %local_regs_V_550_reload_read, i32 %local_regs_V_518_reload_read, i32 %local_regs_V_486_reload_read, i32 %local_regs_V_454_reload_read, i32 %local_regs_V_422_reload_read, i32 %local_regs_V_390_reload_read, i32 %local_regs_V_358_reload_read, i32 %local_regs_V_326_reload_read, i32 %local_regs_V_294_reload_read, i32 %local_regs_V_262_reload_read, i32 %local_regs_V_230_reload_read, i32 %local_regs_V_198_reload_read, i32 %local_regs_V_166_reload_read, i32 %local_regs_V_134_reload_read, i32 %local_regs_V_102_reload_read, i32 %local_regs_V_70_reload_read, i32 %local_regs_V_38_reload_read, i32 %local_regs_V_6_reload_read, i5 %trunc_ln88" [SystolicArray/main.cpp:92]   --->   Operation 1113 'mux' 'tmp_24' <Predicate = (!icmp_ln88)> <Delay = 3.20> <CoreInst = "Multiplexer">   --->   Core 76 'Multiplexer' <Latency = 0> <II = 1> <Delay = 3.20> <FuncUnit> <Opcode : 'mux'> <InPorts = 2> <OutPorts = 1>
ST_1 : Operation 1114 [1/1] (3.20ns)   --->   "%tmp_25 = mux i32 @_ssdm_op_Mux.ap_auto.32i32.i5, i32 %local_regs_V_997_reload_read, i32 %local_regs_V_965_reload_read, i32 %local_regs_V_933_reload_read, i32 %local_regs_V_901_reload_read, i32 %local_regs_V_869_reload_read, i32 %local_regs_V_837_reload_read, i32 %local_regs_V_805_reload_read, i32 %local_regs_V_773_reload_read, i32 %local_regs_V_741_reload_read, i32 %local_regs_V_709_reload_read, i32 %local_regs_V_677_reload_read, i32 %local_regs_V_645_reload_read, i32 %local_regs_V_613_reload_read, i32 %local_regs_V_581_reload_read, i32 %local_regs_V_549_reload_read, i32 %local_regs_V_517_reload_read, i32 %local_regs_V_485_reload_read, i32 %local_regs_V_453_reload_read, i32 %local_regs_V_421_reload_read, i32 %local_regs_V_389_reload_read, i32 %local_regs_V_357_reload_read, i32 %local_regs_V_325_reload_read, i32 %local_regs_V_293_reload_read, i32 %local_regs_V_261_reload_read, i32 %local_regs_V_229_reload_read, i32 %local_regs_V_197_reload_read, i32 %local_regs_V_165_reload_read, i32 %local_regs_V_133_reload_read, i32 %local_regs_V_101_reload_read, i32 %local_regs_V_69_reload_read, i32 %local_regs_V_37_reload_read, i32 %local_regs_V_5_reload_read, i5 %trunc_ln88" [SystolicArray/main.cpp:92]   --->   Operation 1114 'mux' 'tmp_25' <Predicate = (!icmp_ln88)> <Delay = 3.20> <CoreInst = "Multiplexer">   --->   Core 76 'Multiplexer' <Latency = 0> <II = 1> <Delay = 3.20> <FuncUnit> <Opcode : 'mux'> <InPorts = 2> <OutPorts = 1>
ST_1 : Operation 1115 [1/1] (3.20ns)   --->   "%tmp_26 = mux i32 @_ssdm_op_Mux.ap_auto.32i32.i5, i32 %local_regs_V_996_reload_read, i32 %local_regs_V_964_reload_read, i32 %local_regs_V_932_reload_read, i32 %local_regs_V_900_reload_read, i32 %local_regs_V_868_reload_read, i32 %local_regs_V_836_reload_read, i32 %local_regs_V_804_reload_read, i32 %local_regs_V_772_reload_read, i32 %local_regs_V_740_reload_read, i32 %local_regs_V_708_reload_read, i32 %local_regs_V_676_reload_read, i32 %local_regs_V_644_reload_read, i32 %local_regs_V_612_reload_read, i32 %local_regs_V_580_reload_read, i32 %local_regs_V_548_reload_read, i32 %local_regs_V_516_reload_read, i32 %local_regs_V_484_reload_read, i32 %local_regs_V_452_reload_read, i32 %local_regs_V_420_reload_read, i32 %local_regs_V_388_reload_read, i32 %local_regs_V_356_reload_read, i32 %local_regs_V_324_reload_read, i32 %local_regs_V_292_reload_read, i32 %local_regs_V_260_reload_read, i32 %local_regs_V_228_reload_read, i32 %local_regs_V_196_reload_read, i32 %local_regs_V_164_reload_read, i32 %local_regs_V_132_reload_read, i32 %local_regs_V_100_reload_read, i32 %local_regs_V_68_reload_read, i32 %local_regs_V_36_reload_read, i32 %local_regs_V_4_reload_read, i5 %trunc_ln88" [SystolicArray/main.cpp:92]   --->   Operation 1115 'mux' 'tmp_26' <Predicate = (!icmp_ln88)> <Delay = 3.20> <CoreInst = "Multiplexer">   --->   Core 76 'Multiplexer' <Latency = 0> <II = 1> <Delay = 3.20> <FuncUnit> <Opcode : 'mux'> <InPorts = 2> <OutPorts = 1>
ST_1 : Operation 1116 [1/1] (3.20ns)   --->   "%tmp_27 = mux i32 @_ssdm_op_Mux.ap_auto.32i32.i5, i32 %local_regs_V_995_reload_read, i32 %local_regs_V_963_reload_read, i32 %local_regs_V_931_reload_read, i32 %local_regs_V_899_reload_read, i32 %local_regs_V_867_reload_read, i32 %local_regs_V_835_reload_read, i32 %local_regs_V_803_reload_read, i32 %local_regs_V_771_reload_read, i32 %local_regs_V_739_reload_read, i32 %local_regs_V_707_reload_read, i32 %local_regs_V_675_reload_read, i32 %local_regs_V_643_reload_read, i32 %local_regs_V_611_reload_read, i32 %local_regs_V_579_reload_read, i32 %local_regs_V_547_reload_read, i32 %local_regs_V_515_reload_read, i32 %local_regs_V_483_reload_read, i32 %local_regs_V_451_reload_read, i32 %local_regs_V_419_reload_read, i32 %local_regs_V_387_reload_read, i32 %local_regs_V_355_reload_read, i32 %local_regs_V_323_reload_read, i32 %local_regs_V_291_reload_read, i32 %local_regs_V_259_reload_read, i32 %local_regs_V_227_reload_read, i32 %local_regs_V_195_reload_read, i32 %local_regs_V_163_reload_read, i32 %local_regs_V_131_reload_read, i32 %local_regs_V_99_reload_read, i32 %local_regs_V_67_reload_read, i32 %local_regs_V_35_reload_read, i32 %local_regs_V_3_reload_read, i5 %trunc_ln88" [SystolicArray/main.cpp:92]   --->   Operation 1116 'mux' 'tmp_27' <Predicate = (!icmp_ln88)> <Delay = 3.20> <CoreInst = "Multiplexer">   --->   Core 76 'Multiplexer' <Latency = 0> <II = 1> <Delay = 3.20> <FuncUnit> <Opcode : 'mux'> <InPorts = 2> <OutPorts = 1>
ST_1 : Operation 1117 [1/1] (3.20ns)   --->   "%tmp_28 = mux i32 @_ssdm_op_Mux.ap_auto.32i32.i5, i32 %local_regs_V_994_reload_read, i32 %local_regs_V_962_reload_read, i32 %local_regs_V_930_reload_read, i32 %local_regs_V_898_reload_read, i32 %local_regs_V_866_reload_read, i32 %local_regs_V_834_reload_read, i32 %local_regs_V_802_reload_read, i32 %local_regs_V_770_reload_read, i32 %local_regs_V_738_reload_read, i32 %local_regs_V_706_reload_read, i32 %local_regs_V_674_reload_read, i32 %local_regs_V_642_reload_read, i32 %local_regs_V_610_reload_read, i32 %local_regs_V_578_reload_read, i32 %local_regs_V_546_reload_read, i32 %local_regs_V_514_reload_read, i32 %local_regs_V_482_reload_read, i32 %local_regs_V_450_reload_read, i32 %local_regs_V_418_reload_read, i32 %local_regs_V_386_reload_read, i32 %local_regs_V_354_reload_read, i32 %local_regs_V_322_reload_read, i32 %local_regs_V_290_reload_read, i32 %local_regs_V_258_reload_read, i32 %local_regs_V_226_reload_read, i32 %local_regs_V_194_reload_read, i32 %local_regs_V_162_reload_read, i32 %local_regs_V_130_reload_read, i32 %local_regs_V_98_reload_read, i32 %local_regs_V_66_reload_read, i32 %local_regs_V_34_reload_read, i32 %local_regs_V_2_reload_read, i5 %trunc_ln88" [SystolicArray/main.cpp:92]   --->   Operation 1117 'mux' 'tmp_28' <Predicate = (!icmp_ln88)> <Delay = 3.20> <CoreInst = "Multiplexer">   --->   Core 76 'Multiplexer' <Latency = 0> <II = 1> <Delay = 3.20> <FuncUnit> <Opcode : 'mux'> <InPorts = 2> <OutPorts = 1>
ST_1 : Operation 1118 [1/1] (3.20ns)   --->   "%tmp_29 = mux i32 @_ssdm_op_Mux.ap_auto.32i32.i5, i32 %local_regs_V_993_reload_read, i32 %local_regs_V_961_reload_read, i32 %local_regs_V_929_reload_read, i32 %local_regs_V_897_reload_read, i32 %local_regs_V_865_reload_read, i32 %local_regs_V_833_reload_read, i32 %local_regs_V_801_reload_read, i32 %local_regs_V_769_reload_read, i32 %local_regs_V_737_reload_read, i32 %local_regs_V_705_reload_read, i32 %local_regs_V_673_reload_read, i32 %local_regs_V_641_reload_read, i32 %local_regs_V_609_reload_read, i32 %local_regs_V_577_reload_read, i32 %local_regs_V_545_reload_read, i32 %local_regs_V_513_reload_read, i32 %local_regs_V_481_reload_read, i32 %local_regs_V_449_reload_read, i32 %local_regs_V_417_reload_read, i32 %local_regs_V_385_reload_read, i32 %local_regs_V_353_reload_read, i32 %local_regs_V_321_reload_read, i32 %local_regs_V_289_reload_read, i32 %local_regs_V_257_reload_read, i32 %local_regs_V_225_reload_read, i32 %local_regs_V_193_reload_read, i32 %local_regs_V_161_reload_read, i32 %local_regs_V_129_reload_read, i32 %local_regs_V_97_reload_read, i32 %local_regs_V_65_reload_read, i32 %local_regs_V_33_reload_read, i32 %local_regs_V_1_reload_read, i5 %trunc_ln88" [SystolicArray/main.cpp:92]   --->   Operation 1118 'mux' 'tmp_29' <Predicate = (!icmp_ln88)> <Delay = 3.20> <CoreInst = "Multiplexer">   --->   Core 76 'Multiplexer' <Latency = 0> <II = 1> <Delay = 3.20> <FuncUnit> <Opcode : 'mux'> <InPorts = 2> <OutPorts = 1>
ST_1 : Operation 1119 [1/1] (3.20ns)   --->   "%tmp_30 = mux i32 @_ssdm_op_Mux.ap_auto.32i32.i5, i32 %local_regs_V_992_reload_read, i32 %local_regs_V_960_reload_read, i32 %local_regs_V_928_reload_read, i32 %local_regs_V_896_reload_read, i32 %local_regs_V_864_reload_read, i32 %local_regs_V_832_reload_read, i32 %local_regs_V_800_reload_read, i32 %local_regs_V_768_reload_read, i32 %local_regs_V_736_reload_read, i32 %local_regs_V_704_reload_read, i32 %local_regs_V_672_reload_read, i32 %local_regs_V_640_reload_read, i32 %local_regs_V_608_reload_read, i32 %local_regs_V_576_reload_read, i32 %local_regs_V_544_reload_read, i32 %local_regs_V_512_reload_read, i32 %local_regs_V_480_reload_read, i32 %local_regs_V_448_reload_read, i32 %local_regs_V_416_reload_read, i32 %local_regs_V_384_reload_read, i32 %local_regs_V_352_reload_read, i32 %local_regs_V_320_reload_read, i32 %local_regs_V_288_reload_read, i32 %local_regs_V_256_reload_read, i32 %local_regs_V_224_reload_read, i32 %local_regs_V_192_reload_read, i32 %local_regs_V_160_reload_read, i32 %local_regs_V_128_reload_read, i32 %local_regs_V_96_reload_read, i32 %local_regs_V_64_reload_read, i32 %local_regs_V_32_reload_read, i32 %local_regs_V_reload_read, i5 %trunc_ln88" [SystolicArray/main.cpp:92]   --->   Operation 1119 'mux' 'tmp_30' <Predicate = (!icmp_ln88)> <Delay = 3.20> <CoreInst = "Multiplexer">   --->   Core 76 'Multiplexer' <Latency = 0> <II = 1> <Delay = 3.20> <FuncUnit> <Opcode : 'mux'> <InPorts = 2> <OutPorts = 1>
ST_1 : Operation 1120 [1/1] (1.58ns)   --->   "%store_ln88 = store i6 %add_ln88, i6 %r_1" [SystolicArray/main.cpp:88]   --->   Operation 1120 'store' 'store_ln88' <Predicate = (!icmp_ln88)> <Delay = 1.58>
ST_1 : Operation 1158 [1/1] (0.00ns)   --->   "%ret_ln0 = ret"   --->   Operation 1158 'ret' 'ret_ln0' <Predicate = (icmp_ln88)> <Delay = 0.00>

State 2 <SV = 1> <Delay = 3.25>
ST_2 : Operation 1121 [1/1] (0.00ns)   --->   "%or_ln92 = or i6 %shl_ln92, i6 1" [SystolicArray/main.cpp:92]   --->   Operation 1121 'or' 'or_ln92' <Predicate = true> <Delay = 0.00>
ST_2 : Operation 1122 [1/1] (0.00ns)   --->   "%zext_ln92_1 = zext i6 %or_ln92" [SystolicArray/main.cpp:92]   --->   Operation 1122 'zext' 'zext_ln92_1' <Predicate = true> <Delay = 0.00>
ST_2 : Operation 1123 [1/1] (0.00ns)   --->   "%big_tile_C_0_addr_1 = getelementptr i32 %big_tile_C_0, i64 0, i64 %zext_ln92_1" [SystolicArray/main.cpp:92]   --->   Operation 1123 'getelementptr' 'big_tile_C_0_addr_1' <Predicate = true> <Delay = 0.00>
ST_2 : Operation 1124 [1/1] (0.00ns)   --->   "%big_tile_C_1_addr_1 = getelementptr i32 %big_tile_C_1, i64 0, i64 %zext_ln92_1" [SystolicArray/main.cpp:92]   --->   Operation 1124 'getelementptr' 'big_tile_C_1_addr_1' <Predicate = true> <Delay = 0.00>
ST_2 : Operation 1125 [1/1] (0.00ns)   --->   "%big_tile_C_2_addr_1 = getelementptr i32 %big_tile_C_2, i64 0, i64 %zext_ln92_1" [SystolicArray/main.cpp:92]   --->   Operation 1125 'getelementptr' 'big_tile_C_2_addr_1' <Predicate = true> <Delay = 0.00>
ST_2 : Operation 1126 [1/1] (0.00ns)   --->   "%big_tile_C_3_addr_1 = getelementptr i32 %big_tile_C_3, i64 0, i64 %zext_ln92_1" [SystolicArray/main.cpp:92]   --->   Operation 1126 'getelementptr' 'big_tile_C_3_addr_1' <Predicate = true> <Delay = 0.00>
ST_2 : Operation 1127 [1/1] (0.00ns)   --->   "%big_tile_C_4_addr_1 = getelementptr i32 %big_tile_C_4, i64 0, i64 %zext_ln92_1" [SystolicArray/main.cpp:92]   --->   Operation 1127 'getelementptr' 'big_tile_C_4_addr_1' <Predicate = true> <Delay = 0.00>
ST_2 : Operation 1128 [1/1] (0.00ns)   --->   "%big_tile_C_5_addr_1 = getelementptr i32 %big_tile_C_5, i64 0, i64 %zext_ln92_1" [SystolicArray/main.cpp:92]   --->   Operation 1128 'getelementptr' 'big_tile_C_5_addr_1' <Predicate = true> <Delay = 0.00>
ST_2 : Operation 1129 [1/1] (0.00ns)   --->   "%big_tile_C_6_addr_1 = getelementptr i32 %big_tile_C_6, i64 0, i64 %zext_ln92_1" [SystolicArray/main.cpp:92]   --->   Operation 1129 'getelementptr' 'big_tile_C_6_addr_1' <Predicate = true> <Delay = 0.00>
ST_2 : Operation 1130 [1/1] (0.00ns)   --->   "%big_tile_C_7_addr_1 = getelementptr i32 %big_tile_C_7, i64 0, i64 %zext_ln92_1" [SystolicArray/main.cpp:92]   --->   Operation 1130 'getelementptr' 'big_tile_C_7_addr_1' <Predicate = true> <Delay = 0.00>
ST_2 : Operation 1131 [1/1] (0.00ns)   --->   "%big_tile_C_8_addr_1 = getelementptr i32 %big_tile_C_8, i64 0, i64 %zext_ln92_1" [SystolicArray/main.cpp:92]   --->   Operation 1131 'getelementptr' 'big_tile_C_8_addr_1' <Predicate = true> <Delay = 0.00>
ST_2 : Operation 1132 [1/1] (0.00ns)   --->   "%big_tile_C_9_addr_1 = getelementptr i32 %big_tile_C_9, i64 0, i64 %zext_ln92_1" [SystolicArray/main.cpp:92]   --->   Operation 1132 'getelementptr' 'big_tile_C_9_addr_1' <Predicate = true> <Delay = 0.00>
ST_2 : Operation 1133 [1/1] (0.00ns)   --->   "%big_tile_C_10_addr_1 = getelementptr i32 %big_tile_C_10, i64 0, i64 %zext_ln92_1" [SystolicArray/main.cpp:92]   --->   Operation 1133 'getelementptr' 'big_tile_C_10_addr_1' <Predicate = true> <Delay = 0.00>
ST_2 : Operation 1134 [1/1] (0.00ns)   --->   "%big_tile_C_11_addr_1 = getelementptr i32 %big_tile_C_11, i64 0, i64 %zext_ln92_1" [SystolicArray/main.cpp:92]   --->   Operation 1134 'getelementptr' 'big_tile_C_11_addr_1' <Predicate = true> <Delay = 0.00>
ST_2 : Operation 1135 [1/1] (0.00ns)   --->   "%big_tile_C_12_addr_1 = getelementptr i32 %big_tile_C_12, i64 0, i64 %zext_ln92_1" [SystolicArray/main.cpp:92]   --->   Operation 1135 'getelementptr' 'big_tile_C_12_addr_1' <Predicate = true> <Delay = 0.00>
ST_2 : Operation 1136 [1/1] (0.00ns)   --->   "%big_tile_C_13_addr_1 = getelementptr i32 %big_tile_C_13, i64 0, i64 %zext_ln92_1" [SystolicArray/main.cpp:92]   --->   Operation 1136 'getelementptr' 'big_tile_C_13_addr_1' <Predicate = true> <Delay = 0.00>
ST_2 : Operation 1137 [1/1] (0.00ns)   --->   "%big_tile_C_14_addr_1 = getelementptr i32 %big_tile_C_14, i64 0, i64 %zext_ln92_1" [SystolicArray/main.cpp:92]   --->   Operation 1137 'getelementptr' 'big_tile_C_14_addr_1' <Predicate = true> <Delay = 0.00>
ST_2 : Operation 1138 [1/1] (0.00ns)   --->   "%big_tile_C_15_addr_1 = getelementptr i32 %big_tile_C_15, i64 0, i64 %zext_ln92_1" [SystolicArray/main.cpp:92]   --->   Operation 1138 'getelementptr' 'big_tile_C_15_addr_1' <Predicate = true> <Delay = 0.00>
ST_2 : Operation 1139 [1/1] (0.00ns)   --->   "%specpipeline_ln89 = specpipeline void @_ssdm_op_SpecPipeline, i32 1, i32 0, i32 0, i32 0, void @empty_1037" [SystolicArray/main.cpp:89]   --->   Operation 1139 'specpipeline' 'specpipeline_ln89' <Predicate = true> <Delay = 0.00>
ST_2 : Operation 1140 [1/1] (0.00ns)   --->   "%specloopname_ln88 = specloopname void @_ssdm_op_SpecLoopName, void @empty_1035" [SystolicArray/main.cpp:88]   --->   Operation 1140 'specloopname' 'specloopname_ln88' <Predicate = true> <Delay = 0.00>
ST_2 : Operation 1141 [1/1] (3.25ns)   --->   "%store_ln92 = store i32 %tmp_15, i6 %big_tile_C_0_addr_1" [SystolicArray/main.cpp:92]   --->   Operation 1141 'store' 'store_ln92' <Predicate = true> <Delay = 3.25> <CoreInst = "RAM_2P_BRAM">   --->   Core 91 'RAM_2P_BRAM' <Latency = 1> <II = 1> <Delay = 3.25> <Storage> <Opcode : 'load' 'store'> <Ports = 2> <Width = 32> <Depth = 64> <RAM>
ST_2 : Operation 1142 [1/1] (3.25ns)   --->   "%store_ln92 = store i32 %tmp_16, i6 %big_tile_C_1_addr_1" [SystolicArray/main.cpp:92]   --->   Operation 1142 'store' 'store_ln92' <Predicate = true> <Delay = 3.25> <CoreInst = "RAM_2P_BRAM">   --->   Core 91 'RAM_2P_BRAM' <Latency = 1> <II = 1> <Delay = 3.25> <Storage> <Opcode : 'load' 'store'> <Ports = 2> <Width = 32> <Depth = 64> <RAM>
ST_2 : Operation 1143 [1/1] (3.25ns)   --->   "%store_ln92 = store i32 %tmp_17, i6 %big_tile_C_2_addr_1" [SystolicArray/main.cpp:92]   --->   Operation 1143 'store' 'store_ln92' <Predicate = true> <Delay = 3.25> <CoreInst = "RAM_2P_BRAM">   --->   Core 91 'RAM_2P_BRAM' <Latency = 1> <II = 1> <Delay = 3.25> <Storage> <Opcode : 'load' 'store'> <Ports = 2> <Width = 32> <Depth = 64> <RAM>
ST_2 : Operation 1144 [1/1] (3.25ns)   --->   "%store_ln92 = store i32 %tmp_18, i6 %big_tile_C_3_addr_1" [SystolicArray/main.cpp:92]   --->   Operation 1144 'store' 'store_ln92' <Predicate = true> <Delay = 3.25> <CoreInst = "RAM_2P_BRAM">   --->   Core 91 'RAM_2P_BRAM' <Latency = 1> <II = 1> <Delay = 3.25> <Storage> <Opcode : 'load' 'store'> <Ports = 2> <Width = 32> <Depth = 64> <RAM>
ST_2 : Operation 1145 [1/1] (3.25ns)   --->   "%store_ln92 = store i32 %tmp_19, i6 %big_tile_C_4_addr_1" [SystolicArray/main.cpp:92]   --->   Operation 1145 'store' 'store_ln92' <Predicate = true> <Delay = 3.25> <CoreInst = "RAM_2P_BRAM">   --->   Core 91 'RAM_2P_BRAM' <Latency = 1> <II = 1> <Delay = 3.25> <Storage> <Opcode : 'load' 'store'> <Ports = 2> <Width = 32> <Depth = 64> <RAM>
ST_2 : Operation 1146 [1/1] (3.25ns)   --->   "%store_ln92 = store i32 %tmp_20, i6 %big_tile_C_5_addr_1" [SystolicArray/main.cpp:92]   --->   Operation 1146 'store' 'store_ln92' <Predicate = true> <Delay = 3.25> <CoreInst = "RAM_2P_BRAM">   --->   Core 91 'RAM_2P_BRAM' <Latency = 1> <II = 1> <Delay = 3.25> <Storage> <Opcode : 'load' 'store'> <Ports = 2> <Width = 32> <Depth = 64> <RAM>
ST_2 : Operation 1147 [1/1] (3.25ns)   --->   "%store_ln92 = store i32 %tmp_21, i6 %big_tile_C_6_addr_1" [SystolicArray/main.cpp:92]   --->   Operation 1147 'store' 'store_ln92' <Predicate = true> <Delay = 3.25> <CoreInst = "RAM_2P_BRAM">   --->   Core 91 'RAM_2P_BRAM' <Latency = 1> <II = 1> <Delay = 3.25> <Storage> <Opcode : 'load' 'store'> <Ports = 2> <Width = 32> <Depth = 64> <RAM>
ST_2 : Operation 1148 [1/1] (3.25ns)   --->   "%store_ln92 = store i32 %tmp_22, i6 %big_tile_C_7_addr_1" [SystolicArray/main.cpp:92]   --->   Operation 1148 'store' 'store_ln92' <Predicate = true> <Delay = 3.25> <CoreInst = "RAM_2P_BRAM">   --->   Core 91 'RAM_2P_BRAM' <Latency = 1> <II = 1> <Delay = 3.25> <Storage> <Opcode : 'load' 'store'> <Ports = 2> <Width = 32> <Depth = 64> <RAM>
ST_2 : Operation 1149 [1/1] (3.25ns)   --->   "%store_ln92 = store i32 %tmp_23, i6 %big_tile_C_8_addr_1" [SystolicArray/main.cpp:92]   --->   Operation 1149 'store' 'store_ln92' <Predicate = true> <Delay = 3.25> <CoreInst = "RAM_2P_BRAM">   --->   Core 91 'RAM_2P_BRAM' <Latency = 1> <II = 1> <Delay = 3.25> <Storage> <Opcode : 'load' 'store'> <Ports = 2> <Width = 32> <Depth = 64> <RAM>
ST_2 : Operation 1150 [1/1] (3.25ns)   --->   "%store_ln92 = store i32 %tmp_24, i6 %big_tile_C_9_addr_1" [SystolicArray/main.cpp:92]   --->   Operation 1150 'store' 'store_ln92' <Predicate = true> <Delay = 3.25> <CoreInst = "RAM_2P_BRAM">   --->   Core 91 'RAM_2P_BRAM' <Latency = 1> <II = 1> <Delay = 3.25> <Storage> <Opcode : 'load' 'store'> <Ports = 2> <Width = 32> <Depth = 64> <RAM>
ST_2 : Operation 1151 [1/1] (3.25ns)   --->   "%store_ln92 = store i32 %tmp_25, i6 %big_tile_C_10_addr_1" [SystolicArray/main.cpp:92]   --->   Operation 1151 'store' 'store_ln92' <Predicate = true> <Delay = 3.25> <CoreInst = "RAM_2P_BRAM">   --->   Core 91 'RAM_2P_BRAM' <Latency = 1> <II = 1> <Delay = 3.25> <Storage> <Opcode : 'load' 'store'> <Ports = 2> <Width = 32> <Depth = 64> <RAM>
ST_2 : Operation 1152 [1/1] (3.25ns)   --->   "%store_ln92 = store i32 %tmp_26, i6 %big_tile_C_11_addr_1" [SystolicArray/main.cpp:92]   --->   Operation 1152 'store' 'store_ln92' <Predicate = true> <Delay = 3.25> <CoreInst = "RAM_2P_BRAM">   --->   Core 91 'RAM_2P_BRAM' <Latency = 1> <II = 1> <Delay = 3.25> <Storage> <Opcode : 'load' 'store'> <Ports = 2> <Width = 32> <Depth = 64> <RAM>
ST_2 : Operation 1153 [1/1] (3.25ns)   --->   "%store_ln92 = store i32 %tmp_27, i6 %big_tile_C_12_addr_1" [SystolicArray/main.cpp:92]   --->   Operation 1153 'store' 'store_ln92' <Predicate = true> <Delay = 3.25> <CoreInst = "RAM_2P_BRAM">   --->   Core 91 'RAM_2P_BRAM' <Latency = 1> <II = 1> <Delay = 3.25> <Storage> <Opcode : 'load' 'store'> <Ports = 2> <Width = 32> <Depth = 64> <RAM>
ST_2 : Operation 1154 [1/1] (3.25ns)   --->   "%store_ln92 = store i32 %tmp_28, i6 %big_tile_C_13_addr_1" [SystolicArray/main.cpp:92]   --->   Operation 1154 'store' 'store_ln92' <Predicate = true> <Delay = 3.25> <CoreInst = "RAM_2P_BRAM">   --->   Core 91 'RAM_2P_BRAM' <Latency = 1> <II = 1> <Delay = 3.25> <Storage> <Opcode : 'load' 'store'> <Ports = 2> <Width = 32> <Depth = 64> <RAM>
ST_2 : Operation 1155 [1/1] (3.25ns)   --->   "%store_ln92 = store i32 %tmp_29, i6 %big_tile_C_14_addr_1" [SystolicArray/main.cpp:92]   --->   Operation 1155 'store' 'store_ln92' <Predicate = true> <Delay = 3.25> <CoreInst = "RAM_2P_BRAM">   --->   Core 91 'RAM_2P_BRAM' <Latency = 1> <II = 1> <Delay = 3.25> <Storage> <Opcode : 'load' 'store'> <Ports = 2> <Width = 32> <Depth = 64> <RAM>
ST_2 : Operation 1156 [1/1] (3.25ns)   --->   "%store_ln92 = store i32 %tmp_30, i6 %big_tile_C_15_addr_1" [SystolicArray/main.cpp:92]   --->   Operation 1156 'store' 'store_ln92' <Predicate = true> <Delay = 3.25> <CoreInst = "RAM_2P_BRAM">   --->   Core 91 'RAM_2P_BRAM' <Latency = 1> <II = 1> <Delay = 3.25> <Storage> <Opcode : 'load' 'store'> <Ports = 2> <Width = 32> <Depth = 64> <RAM>
ST_2 : Operation 1157 [1/1] (0.00ns)   --->   "%br_ln88 = br void %for.inc185" [SystolicArray/main.cpp:88]   --->   Operation 1157 'br' 'br_ln88' <Predicate = true> <Delay = 0.00>


============================================================
+ Verbose Summary: Timing violations
============================================================
Target clock period: 10ns, clock uncertainty: 2.7ns.

 <State 1>: 6.46ns
The critical path consists of the following:
	'alloca' operation ('r') [1041]  (0 ns)
	'load' operation ('r', SystolicArray/main.cpp:92) on local variable 'r' [2085]  (0 ns)
	'mux' operation ('tmp', SystolicArray/main.cpp:92) [2130]  (3.21 ns)
	'store' operation ('store_ln92', SystolicArray/main.cpp:92) of variable 'tmp', SystolicArray/main.cpp:92 on array 'big_tile_C_0' [2131]  (3.25 ns)

 <State 2>: 3.25ns
The critical path consists of the following:
	'or' operation ('or_ln92', SystolicArray/main.cpp:92) [2095]  (0 ns)
	'getelementptr' operation ('big_tile_C_0_addr_1', SystolicArray/main.cpp:92) [2097]  (0 ns)
	'store' operation ('store_ln92', SystolicArray/main.cpp:92) of variable 'tmp_15', SystolicArray/main.cpp:92 on array 'big_tile_C_0' [2163]  (3.25 ns)


============================================================
+ Verbose Summary: Binding
============================================================
N/A
* FSMD analyzer results:
  - Output states:
 - Input state : 
  - Chain level:
	State 1
	State 2


============================================================
+ Verbose Summary: Datapath Resource usage 
============================================================
N/A
