

================================================================
== Vitis HLS Report for 'pipelined_layer_processor_Pipeline_Clear'
================================================================
* Date:           Mon May 25 15:50:52 2026

* Version:        2022.2 (Build 3670227 on Oct 13 2022)
* Project:        SystolicArray
* Solution:       solution1 (Vivado IP Flow Target)
* Product family: zynq
* Target device:  xc7z020-clg400-1


================================================================
== Performance Estimates
================================================================
+ Timing: 
    * Summary: 
    +--------+----------+----------+------------+
    |  Clock |  Target  | Estimated| Uncertainty|
    +--------+----------+----------+------------+
    |ap_clk  |  10.00 ns|  4.681 ns|     2.70 ns|
    +--------+----------+----------+------------+

+ Latency: 
    * Summary: 
    +---------+---------+----------+----------+-----+-----+---------+
    |  Latency (cycles) |  Latency (absolute) |  Interval | Pipeline|
    |   min   |   max   |    min   |    max   | min | max |   Type  |
    +---------+---------+----------+----------+-----+-----+---------+
    |       66|       66|  0.660 us|  0.660 us|   66|   66|       no|
    +---------+---------+----------+----------+-----+-----+---------+

    + Detail: 
        * Instance: 
        N/A

        * Loop: 
        +----------+---------+---------+----------+-----------+-----------+------+----------+
        |          |  Latency (cycles) | Iteration|  Initiation Interval  | Trip |          |
        | Loop Name|   min   |   max   |  Latency |  achieved |   target  | Count| Pipelined|
        +----------+---------+---------+----------+-----------+-----------+------+----------+
        |- Clear   |       64|       64|         2|          2|          1|    32|       yes|
        +----------+---------+---------+----------+-----------+-----------+------+----------+



================================================================
== Utilization Estimates
================================================================
* Summary: 
+-----------------+---------+-----+--------+-------+-----+
|       Name      | BRAM_18K| DSP |   FF   |  LUT  | URAM|
+-----------------+---------+-----+--------+-------+-----+
|DSP              |        -|    -|       -|      -|    -|
|Expression       |        -|    -|       0|     30|    -|
|FIFO             |        -|    -|       -|      -|    -|
|Instance         |        -|    -|       -|      -|    -|
|Memory           |        -|    -|       -|      -|    -|
|Multiplexer      |        -|    -|       -|    265|    -|
|Register         |        -|    -|      14|      -|    -|
+-----------------+---------+-----+--------+-------+-----+
|Total            |        0|    0|      14|    295|    0|
+-----------------+---------+-----+--------+-------+-----+
|Available        |      280|  220|  106400|  53200|    0|
+-----------------+---------+-----+--------+-------+-----+
|Utilization (%)  |        0|    0|      ~0|     ~0|    0|
+-----------------+---------+-----+--------+-------+-----+

+ Detail: 
    * Instance: 
    N/A

    * DSP: 
    N/A

    * Memory: 
    N/A

    * FIFO: 
    N/A

    * Expression: 
    +----------------------+----------+----+---+----+------------+------------+
    |     Variable Name    | Operation| DSP| FF| LUT| Bitwidth P0| Bitwidth P1|
    +----------------------+----------+----+---+----+------------+------------+
    |add_ln171_fu_498_p2   |         +|   0|  0|  14|           6|           1|
    |icmp_ln171_fu_492_p2  |      icmp|   0|  0|  10|           6|           7|
    |or_ln173_fu_535_p2    |        or|   0|  0|   6|           6|           1|
    +----------------------+----------+----+---+----+------------+------------+
    |Total                 |          |   0|  0|  30|          18|           9|
    +----------------------+----------+----+---+----+------------+------------+

    * Multiplexer: 
    +----------------------+----+-----------+-----+-----------+
    |         Name         | LUT| Input Size| Bits| Total Bits|
    +----------------------+----+-----------+-----+-----------+
    |ap_NS_fsm             |  14|          3|    1|          3|
    |ap_done_int           |   9|          2|    1|          2|
    |ap_sig_allocacmp_r_1  |   9|          2|    6|         12|
    |r_fu_64               |   9|          2|    6|         12|
    |tile_C_V_10_address1  |  14|          3|    6|         18|
    |tile_C_V_11_address1  |  14|          3|    6|         18|
    |tile_C_V_12_address1  |  14|          3|    6|         18|
    |tile_C_V_13_address1  |  14|          3|    6|         18|
    |tile_C_V_14_address1  |  14|          3|    6|         18|
    |tile_C_V_15_address1  |  14|          3|    6|         18|
    |tile_C_V_1_address1   |  14|          3|    6|         18|
    |tile_C_V_2_address1   |  14|          3|    6|         18|
    |tile_C_V_3_address1   |  14|          3|    6|         18|
    |tile_C_V_4_address1   |  14|          3|    6|         18|
    |tile_C_V_5_address1   |  14|          3|    6|         18|
    |tile_C_V_6_address1   |  14|          3|    6|         18|
    |tile_C_V_7_address1   |  14|          3|    6|         18|
    |tile_C_V_8_address1   |  14|          3|    6|         18|
    |tile_C_V_9_address1   |  14|          3|    6|         18|
    |tile_C_V_address1     |  14|          3|    6|         18|
    +----------------------+----+-----------+-----+-----------+
    |Total                 | 265|         57|  110|        317|
    +----------------------+----+-----------+-----+-----------+

    * Register: 
    +-------------------+---+----+-----+-----------+
    |        Name       | FF| LUT| Bits| Const Bits|
    +-------------------+---+----+-----+-----------+
    |ap_CS_fsm          |  2|   0|    2|          0|
    |ap_done_reg        |  1|   0|    1|          0|
    |r_fu_64            |  6|   0|    6|          0|
    |shl_ln173_reg_570  |  5|   0|    6|          1|
    +-------------------+---+----+-----+-----------+
    |Total              | 14|   0|   15|          1|
    +-------------------+---+----+-----+-----------+



================================================================
== Interface
================================================================
* Summary: 
+----------------------+-----+-----+------------+------------------------------------------+--------------+
|       RTL Ports      | Dir | Bits|  Protocol  |               Source Object              |    C Type    |
+----------------------+-----+-----+------------+------------------------------------------+--------------+
|ap_clk                |   in|    1|  ap_ctrl_hs|  pipelined_layer_processor_Pipeline_Clear|  return value|
|ap_rst                |   in|    1|  ap_ctrl_hs|  pipelined_layer_processor_Pipeline_Clear|  return value|
|ap_start              |   in|    1|  ap_ctrl_hs|  pipelined_layer_processor_Pipeline_Clear|  return value|
|ap_done               |  out|    1|  ap_ctrl_hs|  pipelined_layer_processor_Pipeline_Clear|  return value|
|ap_idle               |  out|    1|  ap_ctrl_hs|  pipelined_layer_processor_Pipeline_Clear|  return value|
|ap_ready              |  out|    1|  ap_ctrl_hs|  pipelined_layer_processor_Pipeline_Clear|  return value|
|tile_C_V_address1     |  out|    6|   ap_memory|                                  tile_C_V|         array|
|tile_C_V_ce1          |  out|    1|   ap_memory|                                  tile_C_V|         array|
|tile_C_V_we1          |  out|    1|   ap_memory|                                  tile_C_V|         array|
|tile_C_V_d1           |  out|   32|   ap_memory|                                  tile_C_V|         array|
|tile_C_V_1_address1   |  out|    6|   ap_memory|                                tile_C_V_1|         array|
|tile_C_V_1_ce1        |  out|    1|   ap_memory|                                tile_C_V_1|         array|
|tile_C_V_1_we1        |  out|    1|   ap_memory|                                tile_C_V_1|         array|
|tile_C_V_1_d1         |  out|   32|   ap_memory|                                tile_C_V_1|         array|
|tile_C_V_2_address1   |  out|    6|   ap_memory|                                tile_C_V_2|         array|
|tile_C_V_2_ce1        |  out|    1|   ap_memory|                                tile_C_V_2|         array|
|tile_C_V_2_we1        |  out|    1|   ap_memory|                                tile_C_V_2|         array|
|tile_C_V_2_d1         |  out|   32|   ap_memory|                                tile_C_V_2|         array|
|tile_C_V_3_address1   |  out|    6|   ap_memory|                                tile_C_V_3|         array|
|tile_C_V_3_ce1        |  out|    1|   ap_memory|                                tile_C_V_3|         array|
|tile_C_V_3_we1        |  out|    1|   ap_memory|                                tile_C_V_3|         array|
|tile_C_V_3_d1         |  out|   32|   ap_memory|                                tile_C_V_3|         array|
|tile_C_V_4_address1   |  out|    6|   ap_memory|                                tile_C_V_4|         array|
|tile_C_V_4_ce1        |  out|    1|   ap_memory|                                tile_C_V_4|         array|
|tile_C_V_4_we1        |  out|    1|   ap_memory|                                tile_C_V_4|         array|
|tile_C_V_4_d1         |  out|   32|   ap_memory|                                tile_C_V_4|         array|
|tile_C_V_5_address1   |  out|    6|   ap_memory|                                tile_C_V_5|         array|
|tile_C_V_5_ce1        |  out|    1|   ap_memory|                                tile_C_V_5|         array|
|tile_C_V_5_we1        |  out|    1|   ap_memory|                                tile_C_V_5|         array|
|tile_C_V_5_d1         |  out|   32|   ap_memory|                                tile_C_V_5|         array|
|tile_C_V_6_address1   |  out|    6|   ap_memory|                                tile_C_V_6|         array|
|tile_C_V_6_ce1        |  out|    1|   ap_memory|                                tile_C_V_6|         array|
|tile_C_V_6_we1        |  out|    1|   ap_memory|                                tile_C_V_6|         array|
|tile_C_V_6_d1         |  out|   32|   ap_memory|                                tile_C_V_6|         array|
|tile_C_V_7_address1   |  out|    6|   ap_memory|                                tile_C_V_7|         array|
|tile_C_V_7_ce1        |  out|    1|   ap_memory|                                tile_C_V_7|         array|
|tile_C_V_7_we1        |  out|    1|   ap_memory|                                tile_C_V_7|         array|
|tile_C_V_7_d1         |  out|   32|   ap_memory|                                tile_C_V_7|         array|
|tile_C_V_8_address1   |  out|    6|   ap_memory|                                tile_C_V_8|         array|
|tile_C_V_8_ce1        |  out|    1|   ap_memory|                                tile_C_V_8|         array|
|tile_C_V_8_we1        |  out|    1|   ap_memory|                                tile_C_V_8|         array|
|tile_C_V_8_d1         |  out|   32|   ap_memory|                                tile_C_V_8|         array|
|tile_C_V_9_address1   |  out|    6|   ap_memory|                                tile_C_V_9|         array|
|tile_C_V_9_ce1        |  out|    1|   ap_memory|                                tile_C_V_9|         array|
|tile_C_V_9_we1        |  out|    1|   ap_memory|                                tile_C_V_9|         array|
|tile_C_V_9_d1         |  out|   32|   ap_memory|                                tile_C_V_9|         array|
|tile_C_V_10_address1  |  out|    6|   ap_memory|                               tile_C_V_10|         array|
|tile_C_V_10_ce1       |  out|    1|   ap_memory|                               tile_C_V_10|         array|
|tile_C_V_10_we1       |  out|    1|   ap_memory|                               tile_C_V_10|         array|
|tile_C_V_10_d1        |  out|   32|   ap_memory|                               tile_C_V_10|         array|
|tile_C_V_11_address1  |  out|    6|   ap_memory|                               tile_C_V_11|         array|
|tile_C_V_11_ce1       |  out|    1|   ap_memory|                               tile_C_V_11|         array|
|tile_C_V_11_we1       |  out|    1|   ap_memory|                               tile_C_V_11|         array|
|tile_C_V_11_d1        |  out|   32|   ap_memory|                               tile_C_V_11|         array|
|tile_C_V_12_address1  |  out|    6|   ap_memory|                               tile_C_V_12|         array|
|tile_C_V_12_ce1       |  out|    1|   ap_memory|                               tile_C_V_12|         array|
|tile_C_V_12_we1       |  out|    1|   ap_memory|                               tile_C_V_12|         array|
|tile_C_V_12_d1        |  out|   32|   ap_memory|                               tile_C_V_12|         array|
|tile_C_V_13_address1  |  out|    6|   ap_memory|                               tile_C_V_13|         array|
|tile_C_V_13_ce1       |  out|    1|   ap_memory|                               tile_C_V_13|         array|
|tile_C_V_13_we1       |  out|    1|   ap_memory|                               tile_C_V_13|         array|
|tile_C_V_13_d1        |  out|   32|   ap_memory|                               tile_C_V_13|         array|
|tile_C_V_14_address1  |  out|    6|   ap_memory|                               tile_C_V_14|         array|
|tile_C_V_14_ce1       |  out|    1|   ap_memory|                               tile_C_V_14|         array|
|tile_C_V_14_we1       |  out|    1|   ap_memory|                               tile_C_V_14|         array|
|tile_C_V_14_d1        |  out|   32|   ap_memory|                               tile_C_V_14|         array|
|tile_C_V_15_address1  |  out|    6|   ap_memory|                               tile_C_V_15|         array|
|tile_C_V_15_ce1       |  out|    1|   ap_memory|                               tile_C_V_15|         array|
|tile_C_V_15_we1       |  out|    1|   ap_memory|                               tile_C_V_15|         array|
|tile_C_V_15_d1        |  out|   32|   ap_memory|                               tile_C_V_15|         array|
+----------------------+-----+-----+------------+------------------------------------------+--------------+

============================================================
+ Verbose Summary: Synthesis Manager
============================================================
InlineROM: 1
ExposeGlobal: 0
============================================================
+ Verbose Summary: CDFG Model
============================================================
IsTopModel: 0
ResetActiveHigh: 1
IsCombinational: 2
IsDatapathOnly: 2
HasWiredReturn: 1
HasMFsm: 2
HasVarLatency: 1
IsPipeline: 0
IsRtlPipelined: 0
IsInstanceOverlapped: 0
IsDontTouch: 0
HasImplIP: 0
IsGatedGlobalClock: 0

+ Individual pipeline summary: 
  * Pipeline-0: initiation interval (II) = 2, depth = 2


============================================================
+ Verbose Summary: Schedule
============================================================
* Number of FSM states : 2
* Pipeline : 1
  Pipeline-0 : II = 2, D = 2, States = { 1 2 }
* Dataflow Pipeline: 0

* FSM state transitions: 
1 --> 2 
2 --> 

* FSM state operations: 

State 1 <SV = 0> <Delay = 4.68>
ST_1 : Operation 5 [1/1] (0.00ns)   --->   "%r = alloca i32 1"   --->   Operation 5 'alloca' 'r' <Predicate = true> <Delay = 0.00>
ST_1 : Operation 6 [1/1] (0.00ns)   --->   "%specmemcore_ln0 = specmemcore void @_ssdm_op_SpecMemCore, i32 %tile_C_V, i64 666, i64 22, i64 18446744073709551615"   --->   Operation 6 'specmemcore' 'specmemcore_ln0' <Predicate = true> <Delay = 0.00>
ST_1 : Operation 7 [1/1] (0.00ns)   --->   "%specmemcore_ln0 = specmemcore void @_ssdm_op_SpecMemCore, i32 %tile_C_V_1, i64 666, i64 22, i64 18446744073709551615"   --->   Operation 7 'specmemcore' 'specmemcore_ln0' <Predicate = true> <Delay = 0.00>
ST_1 : Operation 8 [1/1] (0.00ns)   --->   "%specmemcore_ln0 = specmemcore void @_ssdm_op_SpecMemCore, i32 %tile_C_V_2, i64 666, i64 22, i64 18446744073709551615"   --->   Operation 8 'specmemcore' 'specmemcore_ln0' <Predicate = true> <Delay = 0.00>
ST_1 : Operation 9 [1/1] (0.00ns)   --->   "%specmemcore_ln0 = specmemcore void @_ssdm_op_SpecMemCore, i32 %tile_C_V_3, i64 666, i64 22, i64 18446744073709551615"   --->   Operation 9 'specmemcore' 'specmemcore_ln0' <Predicate = true> <Delay = 0.00>
ST_1 : Operation 10 [1/1] (0.00ns)   --->   "%specmemcore_ln0 = specmemcore void @_ssdm_op_SpecMemCore, i32 %tile_C_V_4, i64 666, i64 22, i64 18446744073709551615"   --->   Operation 10 'specmemcore' 'specmemcore_ln0' <Predicate = true> <Delay = 0.00>
ST_1 : Operation 11 [1/1] (0.00ns)   --->   "%specmemcore_ln0 = specmemcore void @_ssdm_op_SpecMemCore, i32 %tile_C_V_5, i64 666, i64 22, i64 18446744073709551615"   --->   Operation 11 'specmemcore' 'specmemcore_ln0' <Predicate = true> <Delay = 0.00>
ST_1 : Operation 12 [1/1] (0.00ns)   --->   "%specmemcore_ln0 = specmemcore void @_ssdm_op_SpecMemCore, i32 %tile_C_V_6, i64 666, i64 22, i64 18446744073709551615"   --->   Operation 12 'specmemcore' 'specmemcore_ln0' <Predicate = true> <Delay = 0.00>
ST_1 : Operation 13 [1/1] (0.00ns)   --->   "%specmemcore_ln0 = specmemcore void @_ssdm_op_SpecMemCore, i32 %tile_C_V_7, i64 666, i64 22, i64 18446744073709551615"   --->   Operation 13 'specmemcore' 'specmemcore_ln0' <Predicate = true> <Delay = 0.00>
ST_1 : Operation 14 [1/1] (0.00ns)   --->   "%specmemcore_ln0 = specmemcore void @_ssdm_op_SpecMemCore, i32 %tile_C_V_8, i64 666, i64 22, i64 18446744073709551615"   --->   Operation 14 'specmemcore' 'specmemcore_ln0' <Predicate = true> <Delay = 0.00>
ST_1 : Operation 15 [1/1] (0.00ns)   --->   "%specmemcore_ln0 = specmemcore void @_ssdm_op_SpecMemCore, i32 %tile_C_V_9, i64 666, i64 22, i64 18446744073709551615"   --->   Operation 15 'specmemcore' 'specmemcore_ln0' <Predicate = true> <Delay = 0.00>
ST_1 : Operation 16 [1/1] (0.00ns)   --->   "%specmemcore_ln0 = specmemcore void @_ssdm_op_SpecMemCore, i32 %tile_C_V_10, i64 666, i64 22, i64 18446744073709551615"   --->   Operation 16 'specmemcore' 'specmemcore_ln0' <Predicate = true> <Delay = 0.00>
ST_1 : Operation 17 [1/1] (0.00ns)   --->   "%specmemcore_ln0 = specmemcore void @_ssdm_op_SpecMemCore, i32 %tile_C_V_11, i64 666, i64 22, i64 18446744073709551615"   --->   Operation 17 'specmemcore' 'specmemcore_ln0' <Predicate = true> <Delay = 0.00>
ST_1 : Operation 18 [1/1] (0.00ns)   --->   "%specmemcore_ln0 = specmemcore void @_ssdm_op_SpecMemCore, i32 %tile_C_V_12, i64 666, i64 22, i64 18446744073709551615"   --->   Operation 18 'specmemcore' 'specmemcore_ln0' <Predicate = true> <Delay = 0.00>
ST_1 : Operation 19 [1/1] (0.00ns)   --->   "%specmemcore_ln0 = specmemcore void @_ssdm_op_SpecMemCore, i32 %tile_C_V_13, i64 666, i64 22, i64 18446744073709551615"   --->   Operation 19 'specmemcore' 'specmemcore_ln0' <Predicate = true> <Delay = 0.00>
ST_1 : Operation 20 [1/1] (0.00ns)   --->   "%specmemcore_ln0 = specmemcore void @_ssdm_op_SpecMemCore, i32 %tile_C_V_14, i64 666, i64 22, i64 18446744073709551615"   --->   Operation 20 'specmemcore' 'specmemcore_ln0' <Predicate = true> <Delay = 0.00>
ST_1 : Operation 21 [1/1] (0.00ns)   --->   "%specmemcore_ln0 = specmemcore void @_ssdm_op_SpecMemCore, i32 %tile_C_V_15, i64 666, i64 22, i64 18446744073709551615"   --->   Operation 21 'specmemcore' 'specmemcore_ln0' <Predicate = true> <Delay = 0.00>
ST_1 : Operation 22 [1/1] (1.58ns)   --->   "%store_ln0 = store i6 0, i6 %r"   --->   Operation 22 'store' 'store_ln0' <Predicate = true> <Delay = 1.58>
ST_1 : Operation 23 [1/1] (0.00ns)   --->   "%br_ln0 = br void %for.inc"   --->   Operation 23 'br' 'br_ln0' <Predicate = true> <Delay = 0.00>
ST_1 : Operation 24 [1/1] (0.00ns)   --->   "%r_1 = load i6 %r" [SystolicArray/main.cpp:173]   --->   Operation 24 'load' 'r_1' <Predicate = true> <Delay = 0.00>
ST_1 : Operation 25 [1/1] (1.42ns)   --->   "%icmp_ln171 = icmp_eq  i6 %r_1, i6 32" [SystolicArray/main.cpp:171]   --->   Operation 25 'icmp' 'icmp_ln171' <Predicate = true> <Delay = 1.42> <CoreInst = "Cmp">   --->   Core 9 'Cmp' <Latency = 0> <II = 1> <Delay = 1.48> <FuncUnit> <Opcode : 'icmp'> <InPorts = 2> <OutPorts = 1>
ST_1 : Operation 26 [1/1] (0.00ns)   --->   "%empty = speclooptripcount i32 @_ssdm_op_SpecLoopTripCount, i64 32, i64 32, i64 32"   --->   Operation 26 'speclooptripcount' 'empty' <Predicate = true> <Delay = 0.00>
ST_1 : Operation 27 [1/1] (1.82ns)   --->   "%add_ln171 = add i6 %r_1, i6 1" [SystolicArray/main.cpp:171]   --->   Operation 27 'add' 'add_ln171' <Predicate = true> <Delay = 1.82> <CoreInst = "Adder">   --->   Core 1 'Adder' <Latency = 0> <II = 1> <Delay = 1.82> <FuncUnit> <Opcode : 'add' 'sub'> <InPorts = 2> <OutPorts = 1>
ST_1 : Operation 28 [1/1] (0.00ns)   --->   "%br_ln171 = br i1 %icmp_ln171, void %for.inc.split, void %for.inc62.preheader.exitStub" [SystolicArray/main.cpp:171]   --->   Operation 28 'br' 'br_ln171' <Predicate = true> <Delay = 0.00>
ST_1 : Operation 29 [1/1] (0.00ns)   --->   "%shl_ln173 = shl i6 %r_1, i6 1" [SystolicArray/main.cpp:173]   --->   Operation 29 'shl' 'shl_ln173' <Predicate = (!icmp_ln171)> <Delay = 0.00>
ST_1 : Operation 30 [1/1] (0.00ns)   --->   "%zext_ln173 = zext i6 %shl_ln173" [SystolicArray/main.cpp:173]   --->   Operation 30 'zext' 'zext_ln173' <Predicate = (!icmp_ln171)> <Delay = 0.00>
ST_1 : Operation 31 [1/1] (0.00ns)   --->   "%tile_C_V_addr = getelementptr i32 %tile_C_V, i64 0, i64 %zext_ln173" [SystolicArray/main.cpp:173]   --->   Operation 31 'getelementptr' 'tile_C_V_addr' <Predicate = (!icmp_ln171)> <Delay = 0.00>
ST_1 : Operation 32 [1/1] (0.00ns)   --->   "%tile_C_V_1_addr = getelementptr i32 %tile_C_V_1, i64 0, i64 %zext_ln173" [SystolicArray/main.cpp:173]   --->   Operation 32 'getelementptr' 'tile_C_V_1_addr' <Predicate = (!icmp_ln171)> <Delay = 0.00>
ST_1 : Operation 33 [1/1] (0.00ns)   --->   "%tile_C_V_2_addr = getelementptr i32 %tile_C_V_2, i64 0, i64 %zext_ln173" [SystolicArray/main.cpp:173]   --->   Operation 33 'getelementptr' 'tile_C_V_2_addr' <Predicate = (!icmp_ln171)> <Delay = 0.00>
ST_1 : Operation 34 [1/1] (0.00ns)   --->   "%tile_C_V_3_addr = getelementptr i32 %tile_C_V_3, i64 0, i64 %zext_ln173" [SystolicArray/main.cpp:173]   --->   Operation 34 'getelementptr' 'tile_C_V_3_addr' <Predicate = (!icmp_ln171)> <Delay = 0.00>
ST_1 : Operation 35 [1/1] (0.00ns)   --->   "%tile_C_V_4_addr = getelementptr i32 %tile_C_V_4, i64 0, i64 %zext_ln173" [SystolicArray/main.cpp:173]   --->   Operation 35 'getelementptr' 'tile_C_V_4_addr' <Predicate = (!icmp_ln171)> <Delay = 0.00>
ST_1 : Operation 36 [1/1] (0.00ns)   --->   "%tile_C_V_5_addr = getelementptr i32 %tile_C_V_5, i64 0, i64 %zext_ln173" [SystolicArray/main.cpp:173]   --->   Operation 36 'getelementptr' 'tile_C_V_5_addr' <Predicate = (!icmp_ln171)> <Delay = 0.00>
ST_1 : Operation 37 [1/1] (0.00ns)   --->   "%tile_C_V_6_addr = getelementptr i32 %tile_C_V_6, i64 0, i64 %zext_ln173" [SystolicArray/main.cpp:173]   --->   Operation 37 'getelementptr' 'tile_C_V_6_addr' <Predicate = (!icmp_ln171)> <Delay = 0.00>
ST_1 : Operation 38 [1/1] (0.00ns)   --->   "%tile_C_V_7_addr = getelementptr i32 %tile_C_V_7, i64 0, i64 %zext_ln173" [SystolicArray/main.cpp:173]   --->   Operation 38 'getelementptr' 'tile_C_V_7_addr' <Predicate = (!icmp_ln171)> <Delay = 0.00>
ST_1 : Operation 39 [1/1] (0.00ns)   --->   "%tile_C_V_8_addr = getelementptr i32 %tile_C_V_8, i64 0, i64 %zext_ln173" [SystolicArray/main.cpp:173]   --->   Operation 39 'getelementptr' 'tile_C_V_8_addr' <Predicate = (!icmp_ln171)> <Delay = 0.00>
ST_1 : Operation 40 [1/1] (0.00ns)   --->   "%tile_C_V_9_addr = getelementptr i32 %tile_C_V_9, i64 0, i64 %zext_ln173" [SystolicArray/main.cpp:173]   --->   Operation 40 'getelementptr' 'tile_C_V_9_addr' <Predicate = (!icmp_ln171)> <Delay = 0.00>
ST_1 : Operation 41 [1/1] (0.00ns)   --->   "%tile_C_V_10_addr = getelementptr i32 %tile_C_V_10, i64 0, i64 %zext_ln173" [SystolicArray/main.cpp:173]   --->   Operation 41 'getelementptr' 'tile_C_V_10_addr' <Predicate = (!icmp_ln171)> <Delay = 0.00>
ST_1 : Operation 42 [1/1] (0.00ns)   --->   "%tile_C_V_11_addr = getelementptr i32 %tile_C_V_11, i64 0, i64 %zext_ln173" [SystolicArray/main.cpp:173]   --->   Operation 42 'getelementptr' 'tile_C_V_11_addr' <Predicate = (!icmp_ln171)> <Delay = 0.00>
ST_1 : Operation 43 [1/1] (0.00ns)   --->   "%tile_C_V_12_addr = getelementptr i32 %tile_C_V_12, i64 0, i64 %zext_ln173" [SystolicArray/main.cpp:173]   --->   Operation 43 'getelementptr' 'tile_C_V_12_addr' <Predicate = (!icmp_ln171)> <Delay = 0.00>
ST_1 : Operation 44 [1/1] (0.00ns)   --->   "%tile_C_V_13_addr = getelementptr i32 %tile_C_V_13, i64 0, i64 %zext_ln173" [SystolicArray/main.cpp:173]   --->   Operation 44 'getelementptr' 'tile_C_V_13_addr' <Predicate = (!icmp_ln171)> <Delay = 0.00>
ST_1 : Operation 45 [1/1] (0.00ns)   --->   "%tile_C_V_14_addr = getelementptr i32 %tile_C_V_14, i64 0, i64 %zext_ln173" [SystolicArray/main.cpp:173]   --->   Operation 45 'getelementptr' 'tile_C_V_14_addr' <Predicate = (!icmp_ln171)> <Delay = 0.00>
ST_1 : Operation 46 [1/1] (0.00ns)   --->   "%tile_C_V_15_addr = getelementptr i32 %tile_C_V_15, i64 0, i64 %zext_ln173" [SystolicArray/main.cpp:173]   --->   Operation 46 'getelementptr' 'tile_C_V_15_addr' <Predicate = (!icmp_ln171)> <Delay = 0.00>
ST_1 : Operation 47 [1/1] (3.25ns)   --->   "%store_ln173 = store i32 0, i6 %tile_C_V_addr" [SystolicArray/main.cpp:173]   --->   Operation 47 'store' 'store_ln173' <Predicate = (!icmp_ln171)> <Delay = 3.25> <CoreInst = "RAM_2P_BRAM">   --->   Core 91 'RAM_2P_BRAM' <Latency = 1> <II = 1> <Delay = 3.25> <Storage> <Opcode : 'load' 'store'> <Ports = 2> <Width = 32> <Depth = 64> <RAM>
ST_1 : Operation 48 [1/1] (3.25ns)   --->   "%store_ln173 = store i32 0, i6 %tile_C_V_1_addr" [SystolicArray/main.cpp:173]   --->   Operation 48 'store' 'store_ln173' <Predicate = (!icmp_ln171)> <Delay = 3.25> <CoreInst = "RAM_2P_BRAM">   --->   Core 91 'RAM_2P_BRAM' <Latency = 1> <II = 1> <Delay = 3.25> <Storage> <Opcode : 'load' 'store'> <Ports = 2> <Width = 32> <Depth = 64> <RAM>
ST_1 : Operation 49 [1/1] (3.25ns)   --->   "%store_ln173 = store i32 0, i6 %tile_C_V_2_addr" [SystolicArray/main.cpp:173]   --->   Operation 49 'store' 'store_ln173' <Predicate = (!icmp_ln171)> <Delay = 3.25> <CoreInst = "RAM_2P_BRAM">   --->   Core 91 'RAM_2P_BRAM' <Latency = 1> <II = 1> <Delay = 3.25> <Storage> <Opcode : 'load' 'store'> <Ports = 2> <Width = 32> <Depth = 64> <RAM>
ST_1 : Operation 50 [1/1] (3.25ns)   --->   "%store_ln173 = store i32 0, i6 %tile_C_V_3_addr" [SystolicArray/main.cpp:173]   --->   Operation 50 'store' 'store_ln173' <Predicate = (!icmp_ln171)> <Delay = 3.25> <CoreInst = "RAM_2P_BRAM">   --->   Core 91 'RAM_2P_BRAM' <Latency = 1> <II = 1> <Delay = 3.25> <Storage> <Opcode : 'load' 'store'> <Ports = 2> <Width = 32> <Depth = 64> <RAM>
ST_1 : Operation 51 [1/1] (3.25ns)   --->   "%store_ln173 = store i32 0, i6 %tile_C_V_4_addr" [SystolicArray/main.cpp:173]   --->   Operation 51 'store' 'store_ln173' <Predicate = (!icmp_ln171)> <Delay = 3.25> <CoreInst = "RAM_2P_BRAM">   --->   Core 91 'RAM_2P_BRAM' <Latency = 1> <II = 1> <Delay = 3.25> <Storage> <Opcode : 'load' 'store'> <Ports = 2> <Width = 32> <Depth = 64> <RAM>
ST_1 : Operation 52 [1/1] (3.25ns)   --->   "%store_ln173 = store i32 0, i6 %tile_C_V_5_addr" [SystolicArray/main.cpp:173]   --->   Operation 52 'store' 'store_ln173' <Predicate = (!icmp_ln171)> <Delay = 3.25> <CoreInst = "RAM_2P_BRAM">   --->   Core 91 'RAM_2P_BRAM' <Latency = 1> <II = 1> <Delay = 3.25> <Storage> <Opcode : 'load' 'store'> <Ports = 2> <Width = 32> <Depth = 64> <RAM>
ST_1 : Operation 53 [1/1] (3.25ns)   --->   "%store_ln173 = store i32 0, i6 %tile_C_V_6_addr" [SystolicArray/main.cpp:173]   --->   Operation 53 'store' 'store_ln173' <Predicate = (!icmp_ln171)> <Delay = 3.25> <CoreInst = "RAM_2P_BRAM">   --->   Core 91 'RAM_2P_BRAM' <Latency = 1> <II = 1> <Delay = 3.25> <Storage> <Opcode : 'load' 'store'> <Ports = 2> <Width = 32> <Depth = 64> <RAM>
ST_1 : Operation 54 [1/1] (3.25ns)   --->   "%store_ln173 = store i32 0, i6 %tile_C_V_7_addr" [SystolicArray/main.cpp:173]   --->   Operation 54 'store' 'store_ln173' <Predicate = (!icmp_ln171)> <Delay = 3.25> <CoreInst = "RAM_2P_BRAM">   --->   Core 91 'RAM_2P_BRAM' <Latency = 1> <II = 1> <Delay = 3.25> <Storage> <Opcode : 'load' 'store'> <Ports = 2> <Width = 32> <Depth = 64> <RAM>
ST_1 : Operation 55 [1/1] (3.25ns)   --->   "%store_ln173 = store i32 0, i6 %tile_C_V_8_addr" [SystolicArray/main.cpp:173]   --->   Operation 55 'store' 'store_ln173' <Predicate = (!icmp_ln171)> <Delay = 3.25> <CoreInst = "RAM_2P_BRAM">   --->   Core 91 'RAM_2P_BRAM' <Latency = 1> <II = 1> <Delay = 3.25> <Storage> <Opcode : 'load' 'store'> <Ports = 2> <Width = 32> <Depth = 64> <RAM>
ST_1 : Operation 56 [1/1] (3.25ns)   --->   "%store_ln173 = store i32 0, i6 %tile_C_V_9_addr" [SystolicArray/main.cpp:173]   --->   Operation 56 'store' 'store_ln173' <Predicate = (!icmp_ln171)> <Delay = 3.25> <CoreInst = "RAM_2P_BRAM">   --->   Core 91 'RAM_2P_BRAM' <Latency = 1> <II = 1> <Delay = 3.25> <Storage> <Opcode : 'load' 'store'> <Ports = 2> <Width = 32> <Depth = 64> <RAM>
ST_1 : Operation 57 [1/1] (3.25ns)   --->   "%store_ln173 = store i32 0, i6 %tile_C_V_10_addr" [SystolicArray/main.cpp:173]   --->   Operation 57 'store' 'store_ln173' <Predicate = (!icmp_ln171)> <Delay = 3.25> <CoreInst = "RAM_2P_BRAM">   --->   Core 91 'RAM_2P_BRAM' <Latency = 1> <II = 1> <Delay = 3.25> <Storage> <Opcode : 'load' 'store'> <Ports = 2> <Width = 32> <Depth = 64> <RAM>
ST_1 : Operation 58 [1/1] (3.25ns)   --->   "%store_ln173 = store i32 0, i6 %tile_C_V_11_addr" [SystolicArray/main.cpp:173]   --->   Operation 58 'store' 'store_ln173' <Predicate = (!icmp_ln171)> <Delay = 3.25> <CoreInst = "RAM_2P_BRAM">   --->   Core 91 'RAM_2P_BRAM' <Latency = 1> <II = 1> <Delay = 3.25> <Storage> <Opcode : 'load' 'store'> <Ports = 2> <Width = 32> <Depth = 64> <RAM>
ST_1 : Operation 59 [1/1] (3.25ns)   --->   "%store_ln173 = store i32 0, i6 %tile_C_V_12_addr" [SystolicArray/main.cpp:173]   --->   Operation 59 'store' 'store_ln173' <Predicate = (!icmp_ln171)> <Delay = 3.25> <CoreInst = "RAM_2P_BRAM">   --->   Core 91 'RAM_2P_BRAM' <Latency = 1> <II = 1> <Delay = 3.25> <Storage> <Opcode : 'load' 'store'> <Ports = 2> <Width = 32> <Depth = 64> <RAM>
ST_1 : Operation 60 [1/1] (3.25ns)   --->   "%store_ln173 = store i32 0, i6 %tile_C_V_13_addr" [SystolicArray/main.cpp:173]   --->   Operation 60 'store' 'store_ln173' <Predicate = (!icmp_ln171)> <Delay = 3.25> <CoreInst = "RAM_2P_BRAM">   --->   Core 91 'RAM_2P_BRAM' <Latency = 1> <II = 1> <Delay = 3.25> <Storage> <Opcode : 'load' 'store'> <Ports = 2> <Width = 32> <Depth = 64> <RAM>
ST_1 : Operation 61 [1/1] (3.25ns)   --->   "%store_ln173 = store i32 0, i6 %tile_C_V_14_addr" [SystolicArray/main.cpp:173]   --->   Operation 61 'store' 'store_ln173' <Predicate = (!icmp_ln171)> <Delay = 3.25> <CoreInst = "RAM_2P_BRAM">   --->   Core 91 'RAM_2P_BRAM' <Latency = 1> <II = 1> <Delay = 3.25> <Storage> <Opcode : 'load' 'store'> <Ports = 2> <Width = 32> <Depth = 64> <RAM>
ST_1 : Operation 62 [1/1] (3.25ns)   --->   "%store_ln173 = store i32 0, i6 %tile_C_V_15_addr" [SystolicArray/main.cpp:173]   --->   Operation 62 'store' 'store_ln173' <Predicate = (!icmp_ln171)> <Delay = 3.25> <CoreInst = "RAM_2P_BRAM">   --->   Core 91 'RAM_2P_BRAM' <Latency = 1> <II = 1> <Delay = 3.25> <Storage> <Opcode : 'load' 'store'> <Ports = 2> <Width = 32> <Depth = 64> <RAM>
ST_1 : Operation 63 [1/1] (1.58ns)   --->   "%store_ln171 = store i6 %add_ln171, i6 %r" [SystolicArray/main.cpp:171]   --->   Operation 63 'store' 'store_ln171' <Predicate = (!icmp_ln171)> <Delay = 1.58>
ST_1 : Operation 101 [1/1] (0.00ns)   --->   "%ret_ln0 = ret"   --->   Operation 101 'ret' 'ret_ln0' <Predicate = (icmp_ln171)> <Delay = 0.00>

State 2 <SV = 1> <Delay = 3.25>
ST_2 : Operation 64 [1/1] (0.00ns)   --->   "%or_ln173 = or i6 %shl_ln173, i6 1" [SystolicArray/main.cpp:173]   --->   Operation 64 'or' 'or_ln173' <Predicate = true> <Delay = 0.00>
ST_2 : Operation 65 [1/1] (0.00ns)   --->   "%zext_ln173_1 = zext i6 %or_ln173" [SystolicArray/main.cpp:173]   --->   Operation 65 'zext' 'zext_ln173_1' <Predicate = true> <Delay = 0.00>
ST_2 : Operation 66 [1/1] (0.00ns)   --->   "%tile_C_V_addr_1 = getelementptr i32 %tile_C_V, i64 0, i64 %zext_ln173_1" [SystolicArray/main.cpp:173]   --->   Operation 66 'getelementptr' 'tile_C_V_addr_1' <Predicate = true> <Delay = 0.00>
ST_2 : Operation 67 [1/1] (0.00ns)   --->   "%tile_C_V_1_addr_1 = getelementptr i32 %tile_C_V_1, i64 0, i64 %zext_ln173_1" [SystolicArray/main.cpp:173]   --->   Operation 67 'getelementptr' 'tile_C_V_1_addr_1' <Predicate = true> <Delay = 0.00>
ST_2 : Operation 68 [1/1] (0.00ns)   --->   "%tile_C_V_2_addr_1 = getelementptr i32 %tile_C_V_2, i64 0, i64 %zext_ln173_1" [SystolicArray/main.cpp:173]   --->   Operation 68 'getelementptr' 'tile_C_V_2_addr_1' <Predicate = true> <Delay = 0.00>
ST_2 : Operation 69 [1/1] (0.00ns)   --->   "%tile_C_V_3_addr_1 = getelementptr i32 %tile_C_V_3, i64 0, i64 %zext_ln173_1" [SystolicArray/main.cpp:173]   --->   Operation 69 'getelementptr' 'tile_C_V_3_addr_1' <Predicate = true> <Delay = 0.00>
ST_2 : Operation 70 [1/1] (0.00ns)   --->   "%tile_C_V_4_addr_1 = getelementptr i32 %tile_C_V_4, i64 0, i64 %zext_ln173_1" [SystolicArray/main.cpp:173]   --->   Operation 70 'getelementptr' 'tile_C_V_4_addr_1' <Predicate = true> <Delay = 0.00>
ST_2 : Operation 71 [1/1] (0.00ns)   --->   "%tile_C_V_5_addr_1 = getelementptr i32 %tile_C_V_5, i64 0, i64 %zext_ln173_1" [SystolicArray/main.cpp:173]   --->   Operation 71 'getelementptr' 'tile_C_V_5_addr_1' <Predicate = true> <Delay = 0.00>
ST_2 : Operation 72 [1/1] (0.00ns)   --->   "%tile_C_V_6_addr_1 = getelementptr i32 %tile_C_V_6, i64 0, i64 %zext_ln173_1" [SystolicArray/main.cpp:173]   --->   Operation 72 'getelementptr' 'tile_C_V_6_addr_1' <Predicate = true> <Delay = 0.00>
ST_2 : Operation 73 [1/1] (0.00ns)   --->   "%tile_C_V_7_addr_1 = getelementptr i32 %tile_C_V_7, i64 0, i64 %zext_ln173_1" [SystolicArray/main.cpp:173]   --->   Operation 73 'getelementptr' 'tile_C_V_7_addr_1' <Predicate = true> <Delay = 0.00>
ST_2 : Operation 74 [1/1] (0.00ns)   --->   "%tile_C_V_8_addr_1 = getelementptr i32 %tile_C_V_8, i64 0, i64 %zext_ln173_1" [SystolicArray/main.cpp:173]   --->   Operation 74 'getelementptr' 'tile_C_V_8_addr_1' <Predicate = true> <Delay = 0.00>
ST_2 : Operation 75 [1/1] (0.00ns)   --->   "%tile_C_V_9_addr_1 = getelementptr i32 %tile_C_V_9, i64 0, i64 %zext_ln173_1" [SystolicArray/main.cpp:173]   --->   Operation 75 'getelementptr' 'tile_C_V_9_addr_1' <Predicate = true> <Delay = 0.00>
ST_2 : Operation 76 [1/1] (0.00ns)   --->   "%tile_C_V_10_addr_1 = getelementptr i32 %tile_C_V_10, i64 0, i64 %zext_ln173_1" [SystolicArray/main.cpp:173]   --->   Operation 76 'getelementptr' 'tile_C_V_10_addr_1' <Predicate = true> <Delay = 0.00>
ST_2 : Operation 77 [1/1] (0.00ns)   --->   "%tile_C_V_11_addr_1 = getelementptr i32 %tile_C_V_11, i64 0, i64 %zext_ln173_1" [SystolicArray/main.cpp:173]   --->   Operation 77 'getelementptr' 'tile_C_V_11_addr_1' <Predicate = true> <Delay = 0.00>
ST_2 : Operation 78 [1/1] (0.00ns)   --->   "%tile_C_V_12_addr_1 = getelementptr i32 %tile_C_V_12, i64 0, i64 %zext_ln173_1" [SystolicArray/main.cpp:173]   --->   Operation 78 'getelementptr' 'tile_C_V_12_addr_1' <Predicate = true> <Delay = 0.00>
ST_2 : Operation 79 [1/1] (0.00ns)   --->   "%tile_C_V_13_addr_1 = getelementptr i32 %tile_C_V_13, i64 0, i64 %zext_ln173_1" [SystolicArray/main.cpp:173]   --->   Operation 79 'getelementptr' 'tile_C_V_13_addr_1' <Predicate = true> <Delay = 0.00>
ST_2 : Operation 80 [1/1] (0.00ns)   --->   "%tile_C_V_14_addr_1 = getelementptr i32 %tile_C_V_14, i64 0, i64 %zext_ln173_1" [SystolicArray/main.cpp:173]   --->   Operation 80 'getelementptr' 'tile_C_V_14_addr_1' <Predicate = true> <Delay = 0.00>
ST_2 : Operation 81 [1/1] (0.00ns)   --->   "%tile_C_V_15_addr_1 = getelementptr i32 %tile_C_V_15, i64 0, i64 %zext_ln173_1" [SystolicArray/main.cpp:173]   --->   Operation 81 'getelementptr' 'tile_C_V_15_addr_1' <Predicate = true> <Delay = 0.00>
ST_2 : Operation 82 [1/1] (0.00ns)   --->   "%specpipeline_ln172 = specpipeline void @_ssdm_op_SpecPipeline, i32 1, i32 0, i32 0, i32 0, void @empty_1037" [SystolicArray/main.cpp:172]   --->   Operation 82 'specpipeline' 'specpipeline_ln172' <Predicate = true> <Delay = 0.00>
ST_2 : Operation 83 [1/1] (0.00ns)   --->   "%specloopname_ln171 = specloopname void @_ssdm_op_SpecLoopName, void @empty_1038" [SystolicArray/main.cpp:171]   --->   Operation 83 'specloopname' 'specloopname_ln171' <Predicate = true> <Delay = 0.00>
ST_2 : Operation 84 [1/1] (3.25ns)   --->   "%store_ln173 = store i32 0, i6 %tile_C_V_addr_1" [SystolicArray/main.cpp:173]   --->   Operation 84 'store' 'store_ln173' <Predicate = true> <Delay = 3.25> <CoreInst = "RAM_2P_BRAM">   --->   Core 91 'RAM_2P_BRAM' <Latency = 1> <II = 1> <Delay = 3.25> <Storage> <Opcode : 'load' 'store'> <Ports = 2> <Width = 32> <Depth = 64> <RAM>
ST_2 : Operation 85 [1/1] (3.25ns)   --->   "%store_ln173 = store i32 0, i6 %tile_C_V_1_addr_1" [SystolicArray/main.cpp:173]   --->   Operation 85 'store' 'store_ln173' <Predicate = true> <Delay = 3.25> <CoreInst = "RAM_2P_BRAM">   --->   Core 91 'RAM_2P_BRAM' <Latency = 1> <II = 1> <Delay = 3.25> <Storage> <Opcode : 'load' 'store'> <Ports = 2> <Width = 32> <Depth = 64> <RAM>
ST_2 : Operation 86 [1/1] (3.25ns)   --->   "%store_ln173 = store i32 0, i6 %tile_C_V_2_addr_1" [SystolicArray/main.cpp:173]   --->   Operation 86 'store' 'store_ln173' <Predicate = true> <Delay = 3.25> <CoreInst = "RAM_2P_BRAM">   --->   Core 91 'RAM_2P_BRAM' <Latency = 1> <II = 1> <Delay = 3.25> <Storage> <Opcode : 'load' 'store'> <Ports = 2> <Width = 32> <Depth = 64> <RAM>
ST_2 : Operation 87 [1/1] (3.25ns)   --->   "%store_ln173 = store i32 0, i6 %tile_C_V_3_addr_1" [SystolicArray/main.cpp:173]   --->   Operation 87 'store' 'store_ln173' <Predicate = true> <Delay = 3.25> <CoreInst = "RAM_2P_BRAM">   --->   Core 91 'RAM_2P_BRAM' <Latency = 1> <II = 1> <Delay = 3.25> <Storage> <Opcode : 'load' 'store'> <Ports = 2> <Width = 32> <Depth = 64> <RAM>
ST_2 : Operation 88 [1/1] (3.25ns)   --->   "%store_ln173 = store i32 0, i6 %tile_C_V_4_addr_1" [SystolicArray/main.cpp:173]   --->   Operation 88 'store' 'store_ln173' <Predicate = true> <Delay = 3.25> <CoreInst = "RAM_2P_BRAM">   --->   Core 91 'RAM_2P_BRAM' <Latency = 1> <II = 1> <Delay = 3.25> <Storage> <Opcode : 'load' 'store'> <Ports = 2> <Width = 32> <Depth = 64> <RAM>
ST_2 : Operation 89 [1/1] (3.25ns)   --->   "%store_ln173 = store i32 0, i6 %tile_C_V_5_addr_1" [SystolicArray/main.cpp:173]   --->   Operation 89 'store' 'store_ln173' <Predicate = true> <Delay = 3.25> <CoreInst = "RAM_2P_BRAM">   --->   Core 91 'RAM_2P_BRAM' <Latency = 1> <II = 1> <Delay = 3.25> <Storage> <Opcode : 'load' 'store'> <Ports = 2> <Width = 32> <Depth = 64> <RAM>
ST_2 : Operation 90 [1/1] (3.25ns)   --->   "%store_ln173 = store i32 0, i6 %tile_C_V_6_addr_1" [SystolicArray/main.cpp:173]   --->   Operation 90 'store' 'store_ln173' <Predicate = true> <Delay = 3.25> <CoreInst = "RAM_2P_BRAM">   --->   Core 91 'RAM_2P_BRAM' <Latency = 1> <II = 1> <Delay = 3.25> <Storage> <Opcode : 'load' 'store'> <Ports = 2> <Width = 32> <Depth = 64> <RAM>
ST_2 : Operation 91 [1/1] (3.25ns)   --->   "%store_ln173 = store i32 0, i6 %tile_C_V_7_addr_1" [SystolicArray/main.cpp:173]   --->   Operation 91 'store' 'store_ln173' <Predicate = true> <Delay = 3.25> <CoreInst = "RAM_2P_BRAM">   --->   Core 91 'RAM_2P_BRAM' <Latency = 1> <II = 1> <Delay = 3.25> <Storage> <Opcode : 'load' 'store'> <Ports = 2> <Width = 32> <Depth = 64> <RAM>
ST_2 : Operation 92 [1/1] (3.25ns)   --->   "%store_ln173 = store i32 0, i6 %tile_C_V_8_addr_1" [SystolicArray/main.cpp:173]   --->   Operation 92 'store' 'store_ln173' <Predicate = true> <Delay = 3.25> <CoreInst = "RAM_2P_BRAM">   --->   Core 91 'RAM_2P_BRAM' <Latency = 1> <II = 1> <Delay = 3.25> <Storage> <Opcode : 'load' 'store'> <Ports = 2> <Width = 32> <Depth = 64> <RAM>
ST_2 : Operation 93 [1/1] (3.25ns)   --->   "%store_ln173 = store i32 0, i6 %tile_C_V_9_addr_1" [SystolicArray/main.cpp:173]   --->   Operation 93 'store' 'store_ln173' <Predicate = true> <Delay = 3.25> <CoreInst = "RAM_2P_BRAM">   --->   Core 91 'RAM_2P_BRAM' <Latency = 1> <II = 1> <Delay = 3.25> <Storage> <Opcode : 'load' 'store'> <Ports = 2> <Width = 32> <Depth = 64> <RAM>
ST_2 : Operation 94 [1/1] (3.25ns)   --->   "%store_ln173 = store i32 0, i6 %tile_C_V_10_addr_1" [SystolicArray/main.cpp:173]   --->   Operation 94 'store' 'store_ln173' <Predicate = true> <Delay = 3.25> <CoreInst = "RAM_2P_BRAM">   --->   Core 91 'RAM_2P_BRAM' <Latency = 1> <II = 1> <Delay = 3.25> <Storage> <Opcode : 'load' 'store'> <Ports = 2> <Width = 32> <Depth = 64> <RAM>
ST_2 : Operation 95 [1/1] (3.25ns)   --->   "%store_ln173 = store i32 0, i6 %tile_C_V_11_addr_1" [SystolicArray/main.cpp:173]   --->   Operation 95 'store' 'store_ln173' <Predicate = true> <Delay = 3.25> <CoreInst = "RAM_2P_BRAM">   --->   Core 91 'RAM_2P_BRAM' <Latency = 1> <II = 1> <Delay = 3.25> <Storage> <Opcode : 'load' 'store'> <Ports = 2> <Width = 32> <Depth = 64> <RAM>
ST_2 : Operation 96 [1/1] (3.25ns)   --->   "%store_ln173 = store i32 0, i6 %tile_C_V_12_addr_1" [SystolicArray/main.cpp:173]   --->   Operation 96 'store' 'store_ln173' <Predicate = true> <Delay = 3.25> <CoreInst = "RAM_2P_BRAM">   --->   Core 91 'RAM_2P_BRAM' <Latency = 1> <II = 1> <Delay = 3.25> <Storage> <Opcode : 'load' 'store'> <Ports = 2> <Width = 32> <Depth = 64> <RAM>
ST_2 : Operation 97 [1/1] (3.25ns)   --->   "%store_ln173 = store i32 0, i6 %tile_C_V_13_addr_1" [SystolicArray/main.cpp:173]   --->   Operation 97 'store' 'store_ln173' <Predicate = true> <Delay = 3.25> <CoreInst = "RAM_2P_BRAM">   --->   Core 91 'RAM_2P_BRAM' <Latency = 1> <II = 1> <Delay = 3.25> <Storage> <Opcode : 'load' 'store'> <Ports = 2> <Width = 32> <Depth = 64> <RAM>
ST_2 : Operation 98 [1/1] (3.25ns)   --->   "%store_ln173 = store i32 0, i6 %tile_C_V_14_addr_1" [SystolicArray/main.cpp:173]   --->   Operation 98 'store' 'store_ln173' <Predicate = true> <Delay = 3.25> <CoreInst = "RAM_2P_BRAM">   --->   Core 91 'RAM_2P_BRAM' <Latency = 1> <II = 1> <Delay = 3.25> <Storage> <Opcode : 'load' 'store'> <Ports = 2> <Width = 32> <Depth = 64> <RAM>
ST_2 : Operation 99 [1/1] (3.25ns)   --->   "%store_ln173 = store i32 0, i6 %tile_C_V_15_addr_1" [SystolicArray/main.cpp:173]   --->   Operation 99 'store' 'store_ln173' <Predicate = true> <Delay = 3.25> <CoreInst = "RAM_2P_BRAM">   --->   Core 91 'RAM_2P_BRAM' <Latency = 1> <II = 1> <Delay = 3.25> <Storage> <Opcode : 'load' 'store'> <Ports = 2> <Width = 32> <Depth = 64> <RAM>
ST_2 : Operation 100 [1/1] (0.00ns)   --->   "%br_ln171 = br void %for.inc" [SystolicArray/main.cpp:171]   --->   Operation 100 'br' 'br_ln171' <Predicate = true> <Delay = 0.00>


============================================================
+ Verbose Summary: Binding
============================================================
STG Binding: 
---------------- STG Properties BEGIN ----------------
- Is combinational: 0
- Is one-state seq: 0
- Is datapath-only: 0
- Is pipelined: 0
- Is top level: 0
Port [ Return ] is wired: 1; IO mode=ap_ctrl_hs:ce=0
Port [ tile_C_V]:  wired=1; compound=1; hidden=0; nouse=0; global=0; static=0; extern=0; dir=1; type=1; pingpong=0; private_global=0; MemPort=[30]; IO mode=ap_memory:ce=0
Port [ tile_C_V_1]:  wired=1; compound=1; hidden=0; nouse=0; global=0; static=0; extern=0; dir=1; type=1; pingpong=0; private_global=0; MemPort=[30]; IO mode=ap_memory:ce=0
Port [ tile_C_V_2]:  wired=1; compound=1; hidden=0; nouse=0; global=0; static=0; extern=0; dir=1; type=1; pingpong=0; private_global=0; MemPort=[30]; IO mode=ap_memory:ce=0
Port [ tile_C_V_3]:  wired=1; compound=1; hidden=0; nouse=0; global=0; static=0; extern=0; dir=1; type=1; pingpong=0; private_global=0; MemPort=[30]; IO mode=ap_memory:ce=0
Port [ tile_C_V_4]:  wired=1; compound=1; hidden=0; nouse=0; global=0; static=0; extern=0; dir=1; type=1; pingpong=0; private_global=0; MemPort=[30]; IO mode=ap_memory:ce=0
Port [ tile_C_V_5]:  wired=1; compound=1; hidden=0; nouse=0; global=0; static=0; extern=0; dir=1; type=1; pingpong=0; private_global=0; MemPort=[30]; IO mode=ap_memory:ce=0
Port [ tile_C_V_6]:  wired=1; compound=1; hidden=0; nouse=0; global=0; static=0; extern=0; dir=1; type=1; pingpong=0; private_global=0; MemPort=[30]; IO mode=ap_memory:ce=0
Port [ tile_C_V_7]:  wired=1; compound=1; hidden=0; nouse=0; global=0; static=0; extern=0; dir=1; type=1; pingpong=0; private_global=0; MemPort=[30]; IO mode=ap_memory:ce=0
Port [ tile_C_V_8]:  wired=1; compound=1; hidden=0; nouse=0; global=0; static=0; extern=0; dir=1; type=1; pingpong=0; private_global=0; MemPort=[30]; IO mode=ap_memory:ce=0
Port [ tile_C_V_9]:  wired=1; compound=1; hidden=0; nouse=0; global=0; static=0; extern=0; dir=1; type=1; pingpong=0; private_global=0; MemPort=[30]; IO mode=ap_memory:ce=0
Port [ tile_C_V_10]:  wired=1; compound=1; hidden=0; nouse=0; global=0; static=0; extern=0; dir=1; type=1; pingpong=0; private_global=0; MemPort=[30]; IO mode=ap_memory:ce=0
Port [ tile_C_V_11]:  wired=1; compound=1; hidden=0; nouse=0; global=0; static=0; extern=0; dir=1; type=1; pingpong=0; private_global=0; MemPort=[30]; IO mode=ap_memory:ce=0
Port [ tile_C_V_12]:  wired=1; compound=1; hidden=0; nouse=0; global=0; static=0; extern=0; dir=1; type=1; pingpong=0; private_global=0; MemPort=[30]; IO mode=ap_memory:ce=0
Port [ tile_C_V_13]:  wired=1; compound=1; hidden=0; nouse=0; global=0; static=0; extern=0; dir=1; type=1; pingpong=0; private_global=0; MemPort=[30]; IO mode=ap_memory:ce=0
Port [ tile_C_V_14]:  wired=1; compound=1; hidden=0; nouse=0; global=0; static=0; extern=0; dir=1; type=1; pingpong=0; private_global=0; MemPort=[30]; IO mode=ap_memory:ce=0
Port [ tile_C_V_15]:  wired=1; compound=1; hidden=0; nouse=0; global=0; static=0; extern=0; dir=1; type=1; pingpong=0; private_global=0; MemPort=[30]; IO mode=ap_memory:ce=0
---------------- STG Properties END ------------------

---------------- Datapath Model BEGIN ----------------

<LifeTime>
<method=bitvector/>
r                  (alloca           ) [ 010]
specmemcore_ln0    (specmemcore      ) [ 000]
specmemcore_ln0    (specmemcore      ) [ 000]
specmemcore_ln0    (specmemcore      ) [ 000]
specmemcore_ln0    (specmemcore      ) [ 000]
specmemcore_ln0    (specmemcore      ) [ 000]
specmemcore_ln0    (specmemcore      ) [ 000]
specmemcore_ln0    (specmemcore      ) [ 000]
specmemcore_ln0    (specmemcore      ) [ 000]
specmemcore_ln0    (specmemcore      ) [ 000]
specmemcore_ln0    (specmemcore      ) [ 000]
specmemcore_ln0    (specmemcore      ) [ 000]
specmemcore_ln0    (specmemcore      ) [ 000]
specmemcore_ln0    (specmemcore      ) [ 000]
specmemcore_ln0    (specmemcore      ) [ 000]
specmemcore_ln0    (specmemcore      ) [ 000]
specmemcore_ln0    (specmemcore      ) [ 000]
store_ln0          (store            ) [ 000]
br_ln0             (br               ) [ 000]
r_1                (load             ) [ 000]
icmp_ln171         (icmp             ) [ 010]
empty              (speclooptripcount) [ 000]
add_ln171          (add              ) [ 000]
br_ln171           (br               ) [ 000]
shl_ln173          (shl              ) [ 001]
zext_ln173         (zext             ) [ 000]
tile_C_V_addr      (getelementptr    ) [ 000]
tile_C_V_1_addr    (getelementptr    ) [ 000]
tile_C_V_2_addr    (getelementptr    ) [ 000]
tile_C_V_3_addr    (getelementptr    ) [ 000]
tile_C_V_4_addr    (getelementptr    ) [ 000]
tile_C_V_5_addr    (getelementptr    ) [ 000]
tile_C_V_6_addr    (getelementptr    ) [ 000]
tile_C_V_7_addr    (getelementptr    ) [ 000]
tile_C_V_8_addr    (getelementptr    ) [ 000]
tile_C_V_9_addr    (getelementptr    ) [ 000]
tile_C_V_10_addr   (getelementptr    ) [ 000]
tile_C_V_11_addr   (getelementptr    ) [ 000]
tile_C_V_12_addr   (getelementptr    ) [ 000]
tile_C_V_13_addr   (getelementptr    ) [ 000]
tile_C_V_14_addr   (getelementptr    ) [ 000]
tile_C_V_15_addr   (getelementptr    ) [ 000]
store_ln173        (store            ) [ 000]
store_ln173        (store            ) [ 000]
store_ln173        (store            ) [ 000]
store_ln173        (store            ) [ 000]
store_ln173        (store            ) [ 000]
store_ln173        (store            ) [ 000]
store_ln173        (store            ) [ 000]
store_ln173        (store            ) [ 000]
store_ln173        (store            ) [ 000]
store_ln173        (store            ) [ 000]
store_ln173        (store            ) [ 000]
store_ln173        (store            ) [ 000]
store_ln173        (store            ) [ 000]
store_ln173        (store            ) [ 000]
store_ln173        (store            ) [ 000]
store_ln173        (store            ) [ 000]
store_ln171        (store            ) [ 000]
or_ln173           (or               ) [ 000]
zext_ln173_1       (zext             ) [ 000]
tile_C_V_addr_1    (getelementptr    ) [ 000]
tile_C_V_1_addr_1  (getelementptr    ) [ 000]
tile_C_V_2_addr_1  (getelementptr    ) [ 000]
tile_C_V_3_addr_1  (getelementptr    ) [ 000]
tile_C_V_4_addr_1  (getelementptr    ) [ 000]
tile_C_V_5_addr_1  (getelementptr    ) [ 000]
tile_C_V_6_addr_1  (getelementptr    ) [ 000]
tile_C_V_7_addr_1  (getelementptr    ) [ 000]
tile_C_V_8_addr_1  (getelementptr    ) [ 000]
tile_C_V_9_addr_1  (getelementptr    ) [ 000]
tile_C_V_10_addr_1 (getelementptr    ) [ 000]
tile_C_V_11_addr_1 (getelementptr    ) [ 000]
tile_C_V_12_addr_1 (getelementptr    ) [ 000]
tile_C_V_13_addr_1 (getelementptr    ) [ 000]
tile_C_V_14_addr_1 (getelementptr    ) [ 000]
tile_C_V_15_addr_1 (getelementptr    ) [ 000]
specpipeline_ln172 (specpipeline     ) [ 000]
specloopname_ln171 (specloopname     ) [ 000]
store_ln173        (store            ) [ 000]
store_ln173        (store            ) [ 000]
store_ln173        (store            ) [ 000]
store_ln173        (store            ) [ 000]
store_ln173        (store            ) [ 000]
store_ln173        (store            ) [ 000]
store_ln173        (store            ) [ 000]
store_ln173        (store            ) [ 000]
store_ln173        (store            ) [ 000]
store_ln173        (store            ) [ 000]
store_ln173        (store            ) [ 000]
store_ln173        (store            ) [ 000]
store_ln173        (store            ) [ 000]
store_ln173        (store            ) [ 000]
store_ln173        (store            ) [ 000]
store_ln173        (store            ) [ 000]
br_ln171           (br               ) [ 000]
ret_ln0            (ret              ) [ 000]
</LifeTime>

<model>

<comp_list>
<comp id="0" class="1000" name="tile_C_V">
<pin_list>
<pin id="1" dir="1" index="0" bw="1" slack="0"/>
</pin_list>
<bind>
<StgValue><ssdm name="tile_C_V"/><MemPortTyVec>3 0 </MemPortTyVec>
</StgValue>
</bind>
</comp>

<comp id="2" class="1000" name="tile_C_V_1">
<pin_list>
<pin id="3" dir="1" index="0" bw="1" slack="0"/>
</pin_list>
<bind>
<StgValue><ssdm name="tile_C_V_1"/><MemPortTyVec>3 0 </MemPortTyVec>
</StgValue>
</bind>
</comp>

<comp id="4" class="1000" name="tile_C_V_2">
<pin_list>
<pin id="5" dir="1" index="0" bw="1" slack="0"/>
</pin_list>
<bind>
<StgValue><ssdm name="tile_C_V_2"/><MemPortTyVec>3 0 </MemPortTyVec>
</StgValue>
</bind>
</comp>

<comp id="6" class="1000" name="tile_C_V_3">
<pin_list>
<pin id="7" dir="1" index="0" bw="1" slack="0"/>
</pin_list>
<bind>
<StgValue><ssdm name="tile_C_V_3"/><MemPortTyVec>3 0 </MemPortTyVec>
</StgValue>
</bind>
</comp>

<comp id="8" class="1000" name="tile_C_V_4">
<pin_list>
<pin id="9" dir="1" index="0" bw="1" slack="0"/>
</pin_list>
<bind>
<StgValue><ssdm name="tile_C_V_4"/><MemPortTyVec>3 0 </MemPortTyVec>
</StgValue>
</bind>
</comp>

<comp id="10" class="1000" name="tile_C_V_5">
<pin_list>
<pin id="11" dir="1" index="0" bw="1" slack="0"/>
</pin_list>
<bind>
<StgValue><ssdm name="tile_C_V_5"/><MemPortTyVec>3 0 </MemPortTyVec>
</StgValue>
</bind>
</comp>

<comp id="12" class="1000" name="tile_C_V_6">
<pin_list>
<pin id="13" dir="1" index="0" bw="1" slack="0"/>
</pin_list>
<bind>
<StgValue><ssdm name="tile_C_V_6"/><MemPortTyVec>3 0 </MemPortTyVec>
</StgValue>
</bind>
</comp>

<comp id="14" class="1000" name="tile_C_V_7">
<pin_list>
<pin id="15" dir="1" index="0" bw="1" slack="0"/>
</pin_list>
<bind>
<StgValue><ssdm name="tile_C_V_7"/><MemPortTyVec>3 0 </MemPortTyVec>
</StgValue>
</bind>
</comp>

<comp id="16" class="1000" name="tile_C_V_8">
<pin_list>
<pin id="17" dir="1" index="0" bw="1" slack="0"/>
</pin_list>
<bind>
<StgValue><ssdm name="tile_C_V_8"/><MemPortTyVec>3 0 </MemPortTyVec>
</StgValue>
</bind>
</comp>

<comp id="18" class="1000" name="tile_C_V_9">
<pin_list>
<pin id="19" dir="1" index="0" bw="1" slack="0"/>
</pin_list>
<bind>
<StgValue><ssdm name="tile_C_V_9"/><MemPortTyVec>3 0 </MemPortTyVec>
</StgValue>
</bind>
</comp>

<comp id="20" class="1000" name="tile_C_V_10">
<pin_list>
<pin id="21" dir="1" index="0" bw="1" slack="0"/>
</pin_list>
<bind>
<StgValue><ssdm name="tile_C_V_10"/><MemPortTyVec>3 0 </MemPortTyVec>
</StgValue>
</bind>
</comp>

<comp id="22" class="1000" name="tile_C_V_11">
<pin_list>
<pin id="23" dir="1" index="0" bw="1" slack="0"/>
</pin_list>
<bind>
<StgValue><ssdm name="tile_C_V_11"/><MemPortTyVec>3 0 </MemPortTyVec>
</StgValue>
</bind>
</comp>

<comp id="24" class="1000" name="tile_C_V_12">
<pin_list>
<pin id="25" dir="1" index="0" bw="1" slack="0"/>
</pin_list>
<bind>
<StgValue><ssdm name="tile_C_V_12"/><MemPortTyVec>3 0 </MemPortTyVec>
</StgValue>
</bind>
</comp>

<comp id="26" class="1000" name="tile_C_V_13">
<pin_list>
<pin id="27" dir="1" index="0" bw="1" slack="0"/>
</pin_list>
<bind>
<StgValue><ssdm name="tile_C_V_13"/><MemPortTyVec>3 0 </MemPortTyVec>
</StgValue>
</bind>
</comp>

<comp id="28" class="1000" name="tile_C_V_14">
<pin_list>
<pin id="29" dir="1" index="0" bw="1" slack="0"/>
</pin_list>
<bind>
<StgValue><ssdm name="tile_C_V_14"/><MemPortTyVec>3 0 </MemPortTyVec>
</StgValue>
</bind>
</comp>

<comp id="30" class="1000" name="tile_C_V_15">
<pin_list>
<pin id="31" dir="1" index="0" bw="1" slack="0"/>
</pin_list>
<bind>
<StgValue><ssdm name="tile_C_V_15"/><MemPortTyVec>3 0 </MemPortTyVec>
</StgValue>
</bind>
</comp>

<comp id="32" class="1001" name="const_32">
<pin_list>
<pin id="33" dir="1" index="0" bw="1" slack="0"/>
</pin_list>
<bind>
<StgValue><ssdm name=""/></StgValue>
</bind>
</comp>

<comp id="34" class="1001" name="const_34">
<pin_list>
<pin id="35" dir="1" index="0" bw="1" slack="2147483647"/>
</pin_list>
<bind>
<StgValue><ssdm name="_ssdm_op_SpecMemCore"/></StgValue>
</bind>
</comp>

<comp id="36" class="1001" name="const_36">
<pin_list>
<pin id="37" dir="1" index="0" bw="1" slack="2147483647"/>
</pin_list>
<bind>
<StgValue><ssdm name=""/></StgValue>
</bind>
</comp>

<comp id="38" class="1001" name="const_38">
<pin_list>
<pin id="39" dir="1" index="0" bw="1" slack="2147483647"/>
</pin_list>
<bind>
<StgValue><ssdm name=""/></StgValue>
</bind>
</comp>

<comp id="40" class="1001" name="const_40">
<pin_list>
<pin id="41" dir="1" index="0" bw="1" slack="2147483647"/>
</pin_list>
<bind>
<StgValue><ssdm name=""/></StgValue>
</bind>
</comp>

<comp id="42" class="1001" name="const_42">
<pin_list>
<pin id="43" dir="1" index="0" bw="1" slack="0"/>
</pin_list>
<bind>
<StgValue><ssdm name=""/></StgValue>
</bind>
</comp>

<comp id="44" class="1001" name="const_44">
<pin_list>
<pin id="45" dir="1" index="0" bw="1" slack="0"/>
</pin_list>
<bind>
<StgValue><ssdm name=""/></StgValue>
</bind>
</comp>

<comp id="46" class="1001" name="const_46">
<pin_list>
<pin id="47" dir="1" index="0" bw="1" slack="2147483647"/>
</pin_list>
<bind>
<StgValue><ssdm name="_ssdm_op_SpecLoopTripCount"/></StgValue>
</bind>
</comp>

<comp id="48" class="1001" name="const_48">
<pin_list>
<pin id="49" dir="1" index="0" bw="1" slack="2147483647"/>
</pin_list>
<bind>
<StgValue><ssdm name=""/></StgValue>
</bind>
</comp>

<comp id="50" class="1001" name="const_50">
<pin_list>
<pin id="51" dir="1" index="0" bw="1" slack="0"/>
</pin_list>
<bind>
<StgValue><ssdm name=""/></StgValue>
</bind>
</comp>

<comp id="52" class="1001" name="const_52">
<pin_list>
<pin id="53" dir="1" index="0" bw="1" slack="0"/>
</pin_list>
<bind>
<StgValue><ssdm name=""/></StgValue>
</bind>
</comp>

<comp id="54" class="1001" name="const_54">
<pin_list>
<pin id="55" dir="1" index="0" bw="1" slack="0"/>
</pin_list>
<bind>
<StgValue><ssdm name=""/></StgValue>
</bind>
</comp>

<comp id="56" class="1001" name="const_56">
<pin_list>
<pin id="57" dir="1" index="0" bw="1" slack="2147483647"/>
</pin_list>
<bind>
<StgValue><ssdm name="_ssdm_op_SpecPipeline"/></StgValue>
</bind>
</comp>

<comp id="58" class="1001" name="const_58">
<pin_list>
<pin id="59" dir="1" index="0" bw="1" slack="2147483647"/>
</pin_list>
<bind>
<StgValue><ssdm name="empty_1037"/></StgValue>
</bind>
</comp>

<comp id="60" class="1001" name="const_60">
<pin_list>
<pin id="61" dir="1" index="0" bw="1" slack="2147483647"/>
</pin_list>
<bind>
<StgValue><ssdm name="_ssdm_op_SpecLoopName"/></StgValue>
</bind>
</comp>

<comp id="62" class="1001" name="const_62">
<pin_list>
<pin id="63" dir="1" index="0" bw="1" slack="2147483647"/>
</pin_list>
<bind>
<StgValue><ssdm name="empty_1038"/></StgValue>
</bind>
</comp>

<comp id="64" class="1004" name="r_fu_64">
<pin_list>
<pin id="65" dir="0" index="0" bw="1" slack="0"/>
<pin id="66" dir="1" index="1" bw="6" slack="0"/>
</pin_list>
<bind>
<opcode="alloca(26) " fcode="alloca"/>
<opset="r/1 "/>
</bind>
</comp>

<comp id="68" class="1004" name="tile_C_V_addr_gep_fu_68">
<pin_list>
<pin id="69" dir="0" index="0" bw="32" slack="0"/>
<pin id="70" dir="0" index="1" bw="1" slack="0"/>
<pin id="71" dir="0" index="2" bw="6" slack="0"/>
<pin id="72" dir="1" index="3" bw="6" slack="0"/>
</pin_list>
<bind>
<opcode="getelementptr(29) " fcode="getelementptr"/>
<opset="tile_C_V_addr/1 "/>
</bind>
</comp>

<comp id="75" class="1004" name="tile_C_V_1_addr_gep_fu_75">
<pin_list>
<pin id="76" dir="0" index="0" bw="32" slack="0"/>
<pin id="77" dir="0" index="1" bw="1" slack="0"/>
<pin id="78" dir="0" index="2" bw="6" slack="0"/>
<pin id="79" dir="1" index="3" bw="6" slack="0"/>
</pin_list>
<bind>
<opcode="getelementptr(29) " fcode="getelementptr"/>
<opset="tile_C_V_1_addr/1 "/>
</bind>
</comp>

<comp id="82" class="1004" name="tile_C_V_2_addr_gep_fu_82">
<pin_list>
<pin id="83" dir="0" index="0" bw="32" slack="0"/>
<pin id="84" dir="0" index="1" bw="1" slack="0"/>
<pin id="85" dir="0" index="2" bw="6" slack="0"/>
<pin id="86" dir="1" index="3" bw="6" slack="0"/>
</pin_list>
<bind>
<opcode="getelementptr(29) " fcode="getelementptr"/>
<opset="tile_C_V_2_addr/1 "/>
</bind>
</comp>

<comp id="89" class="1004" name="tile_C_V_3_addr_gep_fu_89">
<pin_list>
<pin id="90" dir="0" index="0" bw="32" slack="0"/>
<pin id="91" dir="0" index="1" bw="1" slack="0"/>
<pin id="92" dir="0" index="2" bw="6" slack="0"/>
<pin id="93" dir="1" index="3" bw="6" slack="0"/>
</pin_list>
<bind>
<opcode="getelementptr(29) " fcode="getelementptr"/>
<opset="tile_C_V_3_addr/1 "/>
</bind>
</comp>

<comp id="96" class="1004" name="tile_C_V_4_addr_gep_fu_96">
<pin_list>
<pin id="97" dir="0" index="0" bw="32" slack="0"/>
<pin id="98" dir="0" index="1" bw="1" slack="0"/>
<pin id="99" dir="0" index="2" bw="6" slack="0"/>
<pin id="100" dir="1" index="3" bw="6" slack="0"/>
</pin_list>
<bind>
<opcode="getelementptr(29) " fcode="getelementptr"/>
<opset="tile_C_V_4_addr/1 "/>
</bind>
</comp>

<comp id="103" class="1004" name="tile_C_V_5_addr_gep_fu_103">
<pin_list>
<pin id="104" dir="0" index="0" bw="32" slack="0"/>
<pin id="105" dir="0" index="1" bw="1" slack="0"/>
<pin id="106" dir="0" index="2" bw="6" slack="0"/>
<pin id="107" dir="1" index="3" bw="6" slack="0"/>
</pin_list>
<bind>
<opcode="getelementptr(29) " fcode="getelementptr"/>
<opset="tile_C_V_5_addr/1 "/>
</bind>
</comp>

<comp id="110" class="1004" name="tile_C_V_6_addr_gep_fu_110">
<pin_list>
<pin id="111" dir="0" index="0" bw="32" slack="0"/>
<pin id="112" dir="0" index="1" bw="1" slack="0"/>
<pin id="113" dir="0" index="2" bw="6" slack="0"/>
<pin id="114" dir="1" index="3" bw="6" slack="0"/>
</pin_list>
<bind>
<opcode="getelementptr(29) " fcode="getelementptr"/>
<opset="tile_C_V_6_addr/1 "/>
</bind>
</comp>

<comp id="117" class="1004" name="tile_C_V_7_addr_gep_fu_117">
<pin_list>
<pin id="118" dir="0" index="0" bw="32" slack="0"/>
<pin id="119" dir="0" index="1" bw="1" slack="0"/>
<pin id="120" dir="0" index="2" bw="6" slack="0"/>
<pin id="121" dir="1" index="3" bw="6" slack="0"/>
</pin_list>
<bind>
<opcode="getelementptr(29) " fcode="getelementptr"/>
<opset="tile_C_V_7_addr/1 "/>
</bind>
</comp>

<comp id="124" class="1004" name="tile_C_V_8_addr_gep_fu_124">
<pin_list>
<pin id="125" dir="0" index="0" bw="32" slack="0"/>
<pin id="126" dir="0" index="1" bw="1" slack="0"/>
<pin id="127" dir="0" index="2" bw="6" slack="0"/>
<pin id="128" dir="1" index="3" bw="6" slack="0"/>
</pin_list>
<bind>
<opcode="getelementptr(29) " fcode="getelementptr"/>
<opset="tile_C_V_8_addr/1 "/>
</bind>
</comp>

<comp id="131" class="1004" name="tile_C_V_9_addr_gep_fu_131">
<pin_list>
<pin id="132" dir="0" index="0" bw="32" slack="0"/>
<pin id="133" dir="0" index="1" bw="1" slack="0"/>
<pin id="134" dir="0" index="2" bw="6" slack="0"/>
<pin id="135" dir="1" index="3" bw="6" slack="0"/>
</pin_list>
<bind>
<opcode="getelementptr(29) " fcode="getelementptr"/>
<opset="tile_C_V_9_addr/1 "/>
</bind>
</comp>

<comp id="138" class="1004" name="tile_C_V_10_addr_gep_fu_138">
<pin_list>
<pin id="139" dir="0" index="0" bw="32" slack="0"/>
<pin id="140" dir="0" index="1" bw="1" slack="0"/>
<pin id="141" dir="0" index="2" bw="6" slack="0"/>
<pin id="142" dir="1" index="3" bw="6" slack="0"/>
</pin_list>
<bind>
<opcode="getelementptr(29) " fcode="getelementptr"/>
<opset="tile_C_V_10_addr/1 "/>
</bind>
</comp>

<comp id="145" class="1004" name="tile_C_V_11_addr_gep_fu_145">
<pin_list>
<pin id="146" dir="0" index="0" bw="32" slack="0"/>
<pin id="147" dir="0" index="1" bw="1" slack="0"/>
<pin id="148" dir="0" index="2" bw="6" slack="0"/>
<pin id="149" dir="1" index="3" bw="6" slack="0"/>
</pin_list>
<bind>
<opcode="getelementptr(29) " fcode="getelementptr"/>
<opset="tile_C_V_11_addr/1 "/>
</bind>
</comp>

<comp id="152" class="1004" name="tile_C_V_12_addr_gep_fu_152">
<pin_list>
<pin id="153" dir="0" index="0" bw="32" slack="0"/>
<pin id="154" dir="0" index="1" bw="1" slack="0"/>
<pin id="155" dir="0" index="2" bw="6" slack="0"/>
<pin id="156" dir="1" index="3" bw="6" slack="0"/>
</pin_list>
<bind>
<opcode="getelementptr(29) " fcode="getelementptr"/>
<opset="tile_C_V_12_addr/1 "/>
</bind>
</comp>

<comp id="159" class="1004" name="tile_C_V_13_addr_gep_fu_159">
<pin_list>
<pin id="160" dir="0" index="0" bw="32" slack="0"/>
<pin id="161" dir="0" index="1" bw="1" slack="0"/>
<pin id="162" dir="0" index="2" bw="6" slack="0"/>
<pin id="163" dir="1" index="3" bw="6" slack="0"/>
</pin_list>
<bind>
<opcode="getelementptr(29) " fcode="getelementptr"/>
<opset="tile_C_V_13_addr/1 "/>
</bind>
</comp>

<comp id="166" class="1004" name="tile_C_V_14_addr_gep_fu_166">
<pin_list>
<pin id="167" dir="0" index="0" bw="32" slack="0"/>
<pin id="168" dir="0" index="1" bw="1" slack="0"/>
<pin id="169" dir="0" index="2" bw="6" slack="0"/>
<pin id="170" dir="1" index="3" bw="6" slack="0"/>
</pin_list>
<bind>
<opcode="getelementptr(29) " fcode="getelementptr"/>
<opset="tile_C_V_14_addr/1 "/>
</bind>
</comp>

<comp id="173" class="1004" name="tile_C_V_15_addr_gep_fu_173">
<pin_list>
<pin id="174" dir="0" index="0" bw="32" slack="0"/>
<pin id="175" dir="0" index="1" bw="1" slack="0"/>
<pin id="176" dir="0" index="2" bw="6" slack="0"/>
<pin id="177" dir="1" index="3" bw="6" slack="0"/>
</pin_list>
<bind>
<opcode="getelementptr(29) " fcode="getelementptr"/>
<opset="tile_C_V_15_addr/1 "/>
</bind>
</comp>

<comp id="180" class="1004" name="grp_access_fu_180">
<pin_list>
<pin id="181" dir="0" index="0" bw="6" slack="2147483647"/>
<pin id="182" dir="0" index="1" bw="32" slack="2147483647"/>
<pin id="183" dir="0" index="2" bw="0" slack="0"/>
<pin id="185" dir="0" index="4" bw="6" slack="0"/>
<pin id="186" dir="0" index="5" bw="32" slack="2147483647"/>
<pin id="187" dir="0" index="6" bw="0" slack="2147483647"/>
<pin id="184" dir="1" index="3" bw="32" slack="2147483647"/>
<pin id="188" dir="1" index="7" bw="32" slack="2147483647"/>
</pin_list>
<bind>
<opcode="store(28) " fcode="store"/>
<opset="store_ln173/1 store_ln173/2 "/>
</bind>
</comp>

<comp id="191" class="1004" name="grp_access_fu_191">
<pin_list>
<pin id="192" dir="0" index="0" bw="6" slack="2147483647"/>
<pin id="193" dir="0" index="1" bw="32" slack="2147483647"/>
<pin id="194" dir="0" index="2" bw="0" slack="0"/>
<pin id="196" dir="0" index="4" bw="6" slack="0"/>
<pin id="197" dir="0" index="5" bw="32" slack="2147483647"/>
<pin id="198" dir="0" index="6" bw="0" slack="2147483647"/>
<pin id="195" dir="1" index="3" bw="32" slack="2147483647"/>
<pin id="199" dir="1" index="7" bw="32" slack="2147483647"/>
</pin_list>
<bind>
<opcode="store(28) " fcode="store"/>
<opset="store_ln173/1 store_ln173/2 "/>
</bind>
</comp>

<comp id="202" class="1004" name="grp_access_fu_202">
<pin_list>
<pin id="203" dir="0" index="0" bw="6" slack="2147483647"/>
<pin id="204" dir="0" index="1" bw="32" slack="2147483647"/>
<pin id="205" dir="0" index="2" bw="0" slack="0"/>
<pin id="207" dir="0" index="4" bw="6" slack="0"/>
<pin id="208" dir="0" index="5" bw="32" slack="2147483647"/>
<pin id="209" dir="0" index="6" bw="0" slack="2147483647"/>
<pin id="206" dir="1" index="3" bw="32" slack="2147483647"/>
<pin id="210" dir="1" index="7" bw="32" slack="2147483647"/>
</pin_list>
<bind>
<opcode="store(28) " fcode="store"/>
<opset="store_ln173/1 store_ln173/2 "/>
</bind>
</comp>

<comp id="213" class="1004" name="grp_access_fu_213">
<pin_list>
<pin id="214" dir="0" index="0" bw="6" slack="2147483647"/>
<pin id="215" dir="0" index="1" bw="32" slack="2147483647"/>
<pin id="216" dir="0" index="2" bw="0" slack="0"/>
<pin id="218" dir="0" index="4" bw="6" slack="0"/>
<pin id="219" dir="0" index="5" bw="32" slack="2147483647"/>
<pin id="220" dir="0" index="6" bw="0" slack="2147483647"/>
<pin id="217" dir="1" index="3" bw="32" slack="2147483647"/>
<pin id="221" dir="1" index="7" bw="32" slack="2147483647"/>
</pin_list>
<bind>
<opcode="store(28) " fcode="store"/>
<opset="store_ln173/1 store_ln173/2 "/>
</bind>
</comp>

<comp id="224" class="1004" name="grp_access_fu_224">
<pin_list>
<pin id="225" dir="0" index="0" bw="6" slack="2147483647"/>
<pin id="226" dir="0" index="1" bw="32" slack="2147483647"/>
<pin id="227" dir="0" index="2" bw="0" slack="0"/>
<pin id="229" dir="0" index="4" bw="6" slack="0"/>
<pin id="230" dir="0" index="5" bw="32" slack="2147483647"/>
<pin id="231" dir="0" index="6" bw="0" slack="2147483647"/>
<pin id="228" dir="1" index="3" bw="32" slack="2147483647"/>
<pin id="232" dir="1" index="7" bw="32" slack="2147483647"/>
</pin_list>
<bind>
<opcode="store(28) " fcode="store"/>
<opset="store_ln173/1 store_ln173/2 "/>
</bind>
</comp>

<comp id="235" class="1004" name="grp_access_fu_235">
<pin_list>
<pin id="236" dir="0" index="0" bw="6" slack="2147483647"/>
<pin id="237" dir="0" index="1" bw="32" slack="2147483647"/>
<pin id="238" dir="0" index="2" bw="0" slack="0"/>
<pin id="240" dir="0" index="4" bw="6" slack="0"/>
<pin id="241" dir="0" index="5" bw="32" slack="2147483647"/>
<pin id="242" dir="0" index="6" bw="0" slack="2147483647"/>
<pin id="239" dir="1" index="3" bw="32" slack="2147483647"/>
<pin id="243" dir="1" index="7" bw="32" slack="2147483647"/>
</pin_list>
<bind>
<opcode="store(28) " fcode="store"/>
<opset="store_ln173/1 store_ln173/2 "/>
</bind>
</comp>

<comp id="246" class="1004" name="grp_access_fu_246">
<pin_list>
<pin id="247" dir="0" index="0" bw="6" slack="2147483647"/>
<pin id="248" dir="0" index="1" bw="32" slack="2147483647"/>
<pin id="249" dir="0" index="2" bw="0" slack="0"/>
<pin id="251" dir="0" index="4" bw="6" slack="0"/>
<pin id="252" dir="0" index="5" bw="32" slack="2147483647"/>
<pin id="253" dir="0" index="6" bw="0" slack="2147483647"/>
<pin id="250" dir="1" index="3" bw="32" slack="2147483647"/>
<pin id="254" dir="1" index="7" bw="32" slack="2147483647"/>
</pin_list>
<bind>
<opcode="store(28) " fcode="store"/>
<opset="store_ln173/1 store_ln173/2 "/>
</bind>
</comp>

<comp id="257" class="1004" name="grp_access_fu_257">
<pin_list>
<pin id="258" dir="0" index="0" bw="6" slack="2147483647"/>
<pin id="259" dir="0" index="1" bw="32" slack="2147483647"/>
<pin id="260" dir="0" index="2" bw="0" slack="0"/>
<pin id="262" dir="0" index="4" bw="6" slack="0"/>
<pin id="263" dir="0" index="5" bw="32" slack="2147483647"/>
<pin id="264" dir="0" index="6" bw="0" slack="2147483647"/>
<pin id="261" dir="1" index="3" bw="32" slack="2147483647"/>
<pin id="265" dir="1" index="7" bw="32" slack="2147483647"/>
</pin_list>
<bind>
<opcode="store(28) " fcode="store"/>
<opset="store_ln173/1 store_ln173/2 "/>
</bind>
</comp>

<comp id="268" class="1004" name="grp_access_fu_268">
<pin_list>
<pin id="269" dir="0" index="0" bw="6" slack="2147483647"/>
<pin id="270" dir="0" index="1" bw="32" slack="2147483647"/>
<pin id="271" dir="0" index="2" bw="0" slack="0"/>
<pin id="273" dir="0" index="4" bw="6" slack="0"/>
<pin id="274" dir="0" index="5" bw="32" slack="2147483647"/>
<pin id="275" dir="0" index="6" bw="0" slack="2147483647"/>
<pin id="272" dir="1" index="3" bw="32" slack="2147483647"/>
<pin id="276" dir="1" index="7" bw="32" slack="2147483647"/>
</pin_list>
<bind>
<opcode="store(28) " fcode="store"/>
<opset="store_ln173/1 store_ln173/2 "/>
</bind>
</comp>

<comp id="279" class="1004" name="grp_access_fu_279">
<pin_list>
<pin id="280" dir="0" index="0" bw="6" slack="2147483647"/>
<pin id="281" dir="0" index="1" bw="32" slack="2147483647"/>
<pin id="282" dir="0" index="2" bw="0" slack="0"/>
<pin id="284" dir="0" index="4" bw="6" slack="0"/>
<pin id="285" dir="0" index="5" bw="32" slack="2147483647"/>
<pin id="286" dir="0" index="6" bw="0" slack="2147483647"/>
<pin id="283" dir="1" index="3" bw="32" slack="2147483647"/>
<pin id="287" dir="1" index="7" bw="32" slack="2147483647"/>
</pin_list>
<bind>
<opcode="store(28) " fcode="store"/>
<opset="store_ln173/1 store_ln173/2 "/>
</bind>
</comp>

<comp id="290" class="1004" name="grp_access_fu_290">
<pin_list>
<pin id="291" dir="0" index="0" bw="6" slack="2147483647"/>
<pin id="292" dir="0" index="1" bw="32" slack="2147483647"/>
<pin id="293" dir="0" index="2" bw="0" slack="0"/>
<pin id="295" dir="0" index="4" bw="6" slack="0"/>
<pin id="296" dir="0" index="5" bw="32" slack="2147483647"/>
<pin id="297" dir="0" index="6" bw="0" slack="2147483647"/>
<pin id="294" dir="1" index="3" bw="32" slack="2147483647"/>
<pin id="298" dir="1" index="7" bw="32" slack="2147483647"/>
</pin_list>
<bind>
<opcode="store(28) " fcode="store"/>
<opset="store_ln173/1 store_ln173/2 "/>
</bind>
</comp>

<comp id="301" class="1004" name="grp_access_fu_301">
<pin_list>
<pin id="302" dir="0" index="0" bw="6" slack="2147483647"/>
<pin id="303" dir="0" index="1" bw="32" slack="2147483647"/>
<pin id="304" dir="0" index="2" bw="0" slack="0"/>
<pin id="306" dir="0" index="4" bw="6" slack="0"/>
<pin id="307" dir="0" index="5" bw="32" slack="2147483647"/>
<pin id="308" dir="0" index="6" bw="0" slack="2147483647"/>
<pin id="305" dir="1" index="3" bw="32" slack="2147483647"/>
<pin id="309" dir="1" index="7" bw="32" slack="2147483647"/>
</pin_list>
<bind>
<opcode="store(28) " fcode="store"/>
<opset="store_ln173/1 store_ln173/2 "/>
</bind>
</comp>

<comp id="312" class="1004" name="grp_access_fu_312">
<pin_list>
<pin id="313" dir="0" index="0" bw="6" slack="2147483647"/>
<pin id="314" dir="0" index="1" bw="32" slack="2147483647"/>
<pin id="315" dir="0" index="2" bw="0" slack="0"/>
<pin id="317" dir="0" index="4" bw="6" slack="0"/>
<pin id="318" dir="0" index="5" bw="32" slack="2147483647"/>
<pin id="319" dir="0" index="6" bw="0" slack="2147483647"/>
<pin id="316" dir="1" index="3" bw="32" slack="2147483647"/>
<pin id="320" dir="1" index="7" bw="32" slack="2147483647"/>
</pin_list>
<bind>
<opcode="store(28) " fcode="store"/>
<opset="store_ln173/1 store_ln173/2 "/>
</bind>
</comp>

<comp id="323" class="1004" name="grp_access_fu_323">
<pin_list>
<pin id="324" dir="0" index="0" bw="6" slack="2147483647"/>
<pin id="325" dir="0" index="1" bw="32" slack="2147483647"/>
<pin id="326" dir="0" index="2" bw="0" slack="0"/>
<pin id="328" dir="0" index="4" bw="6" slack="0"/>
<pin id="329" dir="0" index="5" bw="32" slack="2147483647"/>
<pin id="330" dir="0" index="6" bw="0" slack="2147483647"/>
<pin id="327" dir="1" index="3" bw="32" slack="2147483647"/>
<pin id="331" dir="1" index="7" bw="32" slack="2147483647"/>
</pin_list>
<bind>
<opcode="store(28) " fcode="store"/>
<opset="store_ln173/1 store_ln173/2 "/>
</bind>
</comp>

<comp id="334" class="1004" name="grp_access_fu_334">
<pin_list>
<pin id="335" dir="0" index="0" bw="6" slack="2147483647"/>
<pin id="336" dir="0" index="1" bw="32" slack="2147483647"/>
<pin id="337" dir="0" index="2" bw="0" slack="0"/>
<pin id="339" dir="0" index="4" bw="6" slack="0"/>
<pin id="340" dir="0" index="5" bw="32" slack="2147483647"/>
<pin id="341" dir="0" index="6" bw="0" slack="2147483647"/>
<pin id="338" dir="1" index="3" bw="32" slack="2147483647"/>
<pin id="342" dir="1" index="7" bw="32" slack="2147483647"/>
</pin_list>
<bind>
<opcode="store(28) " fcode="store"/>
<opset="store_ln173/1 store_ln173/2 "/>
</bind>
</comp>

<comp id="345" class="1004" name="grp_access_fu_345">
<pin_list>
<pin id="346" dir="0" index="0" bw="6" slack="2147483647"/>
<pin id="347" dir="0" index="1" bw="32" slack="2147483647"/>
<pin id="348" dir="0" index="2" bw="0" slack="0"/>
<pin id="350" dir="0" index="4" bw="6" slack="0"/>
<pin id="351" dir="0" index="5" bw="32" slack="2147483647"/>
<pin id="352" dir="0" index="6" bw="0" slack="2147483647"/>
<pin id="349" dir="1" index="3" bw="32" slack="2147483647"/>
<pin id="353" dir="1" index="7" bw="32" slack="2147483647"/>
</pin_list>
<bind>
<opcode="store(28) " fcode="store"/>
<opset="store_ln173/1 store_ln173/2 "/>
</bind>
</comp>

<comp id="356" class="1004" name="tile_C_V_addr_1_gep_fu_356">
<pin_list>
<pin id="357" dir="0" index="0" bw="32" slack="0"/>
<pin id="358" dir="0" index="1" bw="1" slack="0"/>
<pin id="359" dir="0" index="2" bw="6" slack="0"/>
<pin id="360" dir="1" index="3" bw="6" slack="0"/>
</pin_list>
<bind>
<opcode="getelementptr(29) " fcode="getelementptr"/>
<opset="tile_C_V_addr_1/2 "/>
</bind>
</comp>

<comp id="363" class="1004" name="tile_C_V_1_addr_1_gep_fu_363">
<pin_list>
<pin id="364" dir="0" index="0" bw="32" slack="0"/>
<pin id="365" dir="0" index="1" bw="1" slack="0"/>
<pin id="366" dir="0" index="2" bw="6" slack="0"/>
<pin id="367" dir="1" index="3" bw="6" slack="0"/>
</pin_list>
<bind>
<opcode="getelementptr(29) " fcode="getelementptr"/>
<opset="tile_C_V_1_addr_1/2 "/>
</bind>
</comp>

<comp id="370" class="1004" name="tile_C_V_2_addr_1_gep_fu_370">
<pin_list>
<pin id="371" dir="0" index="0" bw="32" slack="0"/>
<pin id="372" dir="0" index="1" bw="1" slack="0"/>
<pin id="373" dir="0" index="2" bw="6" slack="0"/>
<pin id="374" dir="1" index="3" bw="6" slack="0"/>
</pin_list>
<bind>
<opcode="getelementptr(29) " fcode="getelementptr"/>
<opset="tile_C_V_2_addr_1/2 "/>
</bind>
</comp>

<comp id="377" class="1004" name="tile_C_V_3_addr_1_gep_fu_377">
<pin_list>
<pin id="378" dir="0" index="0" bw="32" slack="0"/>
<pin id="379" dir="0" index="1" bw="1" slack="0"/>
<pin id="380" dir="0" index="2" bw="6" slack="0"/>
<pin id="381" dir="1" index="3" bw="6" slack="0"/>
</pin_list>
<bind>
<opcode="getelementptr(29) " fcode="getelementptr"/>
<opset="tile_C_V_3_addr_1/2 "/>
</bind>
</comp>

<comp id="384" class="1004" name="tile_C_V_4_addr_1_gep_fu_384">
<pin_list>
<pin id="385" dir="0" index="0" bw="32" slack="0"/>
<pin id="386" dir="0" index="1" bw="1" slack="0"/>
<pin id="387" dir="0" index="2" bw="6" slack="0"/>
<pin id="388" dir="1" index="3" bw="6" slack="0"/>
</pin_list>
<bind>
<opcode="getelementptr(29) " fcode="getelementptr"/>
<opset="tile_C_V_4_addr_1/2 "/>
</bind>
</comp>

<comp id="391" class="1004" name="tile_C_V_5_addr_1_gep_fu_391">
<pin_list>
<pin id="392" dir="0" index="0" bw="32" slack="0"/>
<pin id="393" dir="0" index="1" bw="1" slack="0"/>
<pin id="394" dir="0" index="2" bw="6" slack="0"/>
<pin id="395" dir="1" index="3" bw="6" slack="0"/>
</pin_list>
<bind>
<opcode="getelementptr(29) " fcode="getelementptr"/>
<opset="tile_C_V_5_addr_1/2 "/>
</bind>
</comp>

<comp id="398" class="1004" name="tile_C_V_6_addr_1_gep_fu_398">
<pin_list>
<pin id="399" dir="0" index="0" bw="32" slack="0"/>
<pin id="400" dir="0" index="1" bw="1" slack="0"/>
<pin id="401" dir="0" index="2" bw="6" slack="0"/>
<pin id="402" dir="1" index="3" bw="6" slack="0"/>
</pin_list>
<bind>
<opcode="getelementptr(29) " fcode="getelementptr"/>
<opset="tile_C_V_6_addr_1/2 "/>
</bind>
</comp>

<comp id="405" class="1004" name="tile_C_V_7_addr_1_gep_fu_405">
<pin_list>
<pin id="406" dir="0" index="0" bw="32" slack="0"/>
<pin id="407" dir="0" index="1" bw="1" slack="0"/>
<pin id="408" dir="0" index="2" bw="6" slack="0"/>
<pin id="409" dir="1" index="3" bw="6" slack="0"/>
</pin_list>
<bind>
<opcode="getelementptr(29) " fcode="getelementptr"/>
<opset="tile_C_V_7_addr_1/2 "/>
</bind>
</comp>

<comp id="412" class="1004" name="tile_C_V_8_addr_1_gep_fu_412">
<pin_list>
<pin id="413" dir="0" index="0" bw="32" slack="0"/>
<pin id="414" dir="0" index="1" bw="1" slack="0"/>
<pin id="415" dir="0" index="2" bw="6" slack="0"/>
<pin id="416" dir="1" index="3" bw="6" slack="0"/>
</pin_list>
<bind>
<opcode="getelementptr(29) " fcode="getelementptr"/>
<opset="tile_C_V_8_addr_1/2 "/>
</bind>
</comp>

<comp id="419" class="1004" name="tile_C_V_9_addr_1_gep_fu_419">
<pin_list>
<pin id="420" dir="0" index="0" bw="32" slack="0"/>
<pin id="421" dir="0" index="1" bw="1" slack="0"/>
<pin id="422" dir="0" index="2" bw="6" slack="0"/>
<pin id="423" dir="1" index="3" bw="6" slack="0"/>
</pin_list>
<bind>
<opcode="getelementptr(29) " fcode="getelementptr"/>
<opset="tile_C_V_9_addr_1/2 "/>
</bind>
</comp>

<comp id="426" class="1004" name="tile_C_V_10_addr_1_gep_fu_426">
<pin_list>
<pin id="427" dir="0" index="0" bw="32" slack="0"/>
<pin id="428" dir="0" index="1" bw="1" slack="0"/>
<pin id="429" dir="0" index="2" bw="6" slack="0"/>
<pin id="430" dir="1" index="3" bw="6" slack="0"/>
</pin_list>
<bind>
<opcode="getelementptr(29) " fcode="getelementptr"/>
<opset="tile_C_V_10_addr_1/2 "/>
</bind>
</comp>

<comp id="433" class="1004" name="tile_C_V_11_addr_1_gep_fu_433">
<pin_list>
<pin id="434" dir="0" index="0" bw="32" slack="0"/>
<pin id="435" dir="0" index="1" bw="1" slack="0"/>
<pin id="436" dir="0" index="2" bw="6" slack="0"/>
<pin id="437" dir="1" index="3" bw="6" slack="0"/>
</pin_list>
<bind>
<opcode="getelementptr(29) " fcode="getelementptr"/>
<opset="tile_C_V_11_addr_1/2 "/>
</bind>
</comp>

<comp id="440" class="1004" name="tile_C_V_12_addr_1_gep_fu_440">
<pin_list>
<pin id="441" dir="0" index="0" bw="32" slack="0"/>
<pin id="442" dir="0" index="1" bw="1" slack="0"/>
<pin id="443" dir="0" index="2" bw="6" slack="0"/>
<pin id="444" dir="1" index="3" bw="6" slack="0"/>
</pin_list>
<bind>
<opcode="getelementptr(29) " fcode="getelementptr"/>
<opset="tile_C_V_12_addr_1/2 "/>
</bind>
</comp>

<comp id="447" class="1004" name="tile_C_V_13_addr_1_gep_fu_447">
<pin_list>
<pin id="448" dir="0" index="0" bw="32" slack="0"/>
<pin id="449" dir="0" index="1" bw="1" slack="0"/>
<pin id="450" dir="0" index="2" bw="6" slack="0"/>
<pin id="451" dir="1" index="3" bw="6" slack="0"/>
</pin_list>
<bind>
<opcode="getelementptr(29) " fcode="getelementptr"/>
<opset="tile_C_V_13_addr_1/2 "/>
</bind>
</comp>

<comp id="454" class="1004" name="tile_C_V_14_addr_1_gep_fu_454">
<pin_list>
<pin id="455" dir="0" index="0" bw="32" slack="0"/>
<pin id="456" dir="0" index="1" bw="1" slack="0"/>
<pin id="457" dir="0" index="2" bw="6" slack="0"/>
<pin id="458" dir="1" index="3" bw="6" slack="0"/>
</pin_list>
<bind>
<opcode="getelementptr(29) " fcode="getelementptr"/>
<opset="tile_C_V_14_addr_1/2 "/>
</bind>
</comp>

<comp id="461" class="1004" name="tile_C_V_15_addr_1_gep_fu_461">
<pin_list>
<pin id="462" dir="0" index="0" bw="32" slack="0"/>
<pin id="463" dir="0" index="1" bw="1" slack="0"/>
<pin id="464" dir="0" index="2" bw="6" slack="0"/>
<pin id="465" dir="1" index="3" bw="6" slack="0"/>
</pin_list>
<bind>
<opcode="getelementptr(29) " fcode="getelementptr"/>
<opset="tile_C_V_15_addr_1/2 "/>
</bind>
</comp>

<comp id="484" class="1004" name="store_ln0_store_fu_484">
<pin_list>
<pin id="485" dir="0" index="0" bw="1" slack="0"/>
<pin id="486" dir="0" index="1" bw="6" slack="0"/>
<pin id="487" dir="1" index="2" bw="0" slack="2147483647"/>
</pin_list>
<bind>
<opcode="store(28) " fcode="store"/>
<opset="store_ln0/1 "/>
</bind>
</comp>

<comp id="489" class="1004" name="r_1_load_fu_489">
<pin_list>
<pin id="490" dir="0" index="0" bw="6" slack="0"/>
<pin id="491" dir="1" index="1" bw="6" slack="0"/>
</pin_list>
<bind>
<opcode="load(27) " fcode="load"/>
<opset="r_1/1 "/>
</bind>
</comp>

<comp id="492" class="1004" name="icmp_ln171_fu_492">
<pin_list>
<pin id="493" dir="0" index="0" bw="6" slack="0"/>
<pin id="494" dir="0" index="1" bw="6" slack="0"/>
<pin id="495" dir="1" index="2" bw="1" slack="2147483647"/>
</pin_list>
<bind>
<opcode="icmp(45) " fcode="icmp"/>
<opset="icmp_ln171/1 "/>
</bind>
</comp>

<comp id="498" class="1004" name="add_ln171_fu_498">
<pin_list>
<pin id="499" dir="0" index="0" bw="6" slack="0"/>
<pin id="500" dir="0" index="1" bw="1" slack="0"/>
<pin id="501" dir="1" index="2" bw="6" slack="0"/>
</pin_list>
<bind>
<opcode="add(8) " fcode="add"/>
<opset="add_ln171/1 "/>
</bind>
</comp>

<comp id="504" class="1004" name="shl_ln173_fu_504">
<pin_list>
<pin id="505" dir="0" index="0" bw="6" slack="0"/>
<pin id="506" dir="0" index="1" bw="1" slack="0"/>
<pin id="507" dir="1" index="2" bw="6" slack="0"/>
</pin_list>
<bind>
<opcode="shl(20) " fcode="shl"/>
<opset="shl_ln173/1 "/>
</bind>
</comp>

<comp id="510" class="1004" name="zext_ln173_fu_510">
<pin_list>
<pin id="511" dir="0" index="0" bw="6" slack="0"/>
<pin id="512" dir="1" index="1" bw="64" slack="0"/>
</pin_list>
<bind>
<opcode="zext(34) " fcode="zext"/>
<opset="zext_ln173/1 "/>
</bind>
</comp>

<comp id="530" class="1004" name="store_ln171_store_fu_530">
<pin_list>
<pin id="531" dir="0" index="0" bw="6" slack="0"/>
<pin id="532" dir="0" index="1" bw="6" slack="0"/>
<pin id="533" dir="1" index="2" bw="0" slack="2147483647"/>
</pin_list>
<bind>
<opcode="store(28) " fcode="store"/>
<opset="store_ln171/1 "/>
</bind>
</comp>

<comp id="535" class="1004" name="or_ln173_fu_535">
<pin_list>
<pin id="536" dir="0" index="0" bw="6" slack="1"/>
<pin id="537" dir="0" index="1" bw="6" slack="0"/>
<pin id="538" dir="1" index="2" bw="6" slack="0"/>
</pin_list>
<bind>
<opcode="or(24) " fcode="or"/>
<opset="or_ln173/2 "/>
</bind>
</comp>

<comp id="540" class="1004" name="zext_ln173_1_fu_540">
<pin_list>
<pin id="541" dir="0" index="0" bw="6" slack="0"/>
<pin id="542" dir="1" index="1" bw="64" slack="0"/>
</pin_list>
<bind>
<opcode="zext(34) " fcode="zext"/>
<opset="zext_ln173_1/2 "/>
</bind>
</comp>

<comp id="560" class="1005" name="r_reg_560">
<pin_list>
<pin id="561" dir="0" index="0" bw="6" slack="0"/>
<pin id="562" dir="1" index="1" bw="6" slack="0"/>
</pin_list>
<bind>
<opset="r "/>
</bind>
</comp>

<comp id="570" class="1005" name="shl_ln173_reg_570">
<pin_list>
<pin id="571" dir="0" index="0" bw="6" slack="1"/>
<pin id="572" dir="1" index="1" bw="6" slack="1"/>
</pin_list>
<bind>
<opset="shl_ln173 "/>
</bind>
</comp>

</comp_list>

<net_list>
<net id="67"><net_src comp="32" pin="0"/><net_sink comp="64" pin=0"/></net>

<net id="73"><net_src comp="0" pin="0"/><net_sink comp="68" pin=0"/></net>

<net id="74"><net_src comp="52" pin="0"/><net_sink comp="68" pin=1"/></net>

<net id="80"><net_src comp="2" pin="0"/><net_sink comp="75" pin=0"/></net>

<net id="81"><net_src comp="52" pin="0"/><net_sink comp="75" pin=1"/></net>

<net id="87"><net_src comp="4" pin="0"/><net_sink comp="82" pin=0"/></net>

<net id="88"><net_src comp="52" pin="0"/><net_sink comp="82" pin=1"/></net>

<net id="94"><net_src comp="6" pin="0"/><net_sink comp="89" pin=0"/></net>

<net id="95"><net_src comp="52" pin="0"/><net_sink comp="89" pin=1"/></net>

<net id="101"><net_src comp="8" pin="0"/><net_sink comp="96" pin=0"/></net>

<net id="102"><net_src comp="52" pin="0"/><net_sink comp="96" pin=1"/></net>

<net id="108"><net_src comp="10" pin="0"/><net_sink comp="103" pin=0"/></net>

<net id="109"><net_src comp="52" pin="0"/><net_sink comp="103" pin=1"/></net>

<net id="115"><net_src comp="12" pin="0"/><net_sink comp="110" pin=0"/></net>

<net id="116"><net_src comp="52" pin="0"/><net_sink comp="110" pin=1"/></net>

<net id="122"><net_src comp="14" pin="0"/><net_sink comp="117" pin=0"/></net>

<net id="123"><net_src comp="52" pin="0"/><net_sink comp="117" pin=1"/></net>

<net id="129"><net_src comp="16" pin="0"/><net_sink comp="124" pin=0"/></net>

<net id="130"><net_src comp="52" pin="0"/><net_sink comp="124" pin=1"/></net>

<net id="136"><net_src comp="18" pin="0"/><net_sink comp="131" pin=0"/></net>

<net id="137"><net_src comp="52" pin="0"/><net_sink comp="131" pin=1"/></net>

<net id="143"><net_src comp="20" pin="0"/><net_sink comp="138" pin=0"/></net>

<net id="144"><net_src comp="52" pin="0"/><net_sink comp="138" pin=1"/></net>

<net id="150"><net_src comp="22" pin="0"/><net_sink comp="145" pin=0"/></net>

<net id="151"><net_src comp="52" pin="0"/><net_sink comp="145" pin=1"/></net>

<net id="157"><net_src comp="24" pin="0"/><net_sink comp="152" pin=0"/></net>

<net id="158"><net_src comp="52" pin="0"/><net_sink comp="152" pin=1"/></net>

<net id="164"><net_src comp="26" pin="0"/><net_sink comp="159" pin=0"/></net>

<net id="165"><net_src comp="52" pin="0"/><net_sink comp="159" pin=1"/></net>

<net id="171"><net_src comp="28" pin="0"/><net_sink comp="166" pin=0"/></net>

<net id="172"><net_src comp="52" pin="0"/><net_sink comp="166" pin=1"/></net>

<net id="178"><net_src comp="30" pin="0"/><net_sink comp="173" pin=0"/></net>

<net id="179"><net_src comp="52" pin="0"/><net_sink comp="173" pin=1"/></net>

<net id="189"><net_src comp="54" pin="0"/><net_sink comp="180" pin=4"/></net>

<net id="190"><net_src comp="68" pin="3"/><net_sink comp="180" pin=2"/></net>

<net id="200"><net_src comp="54" pin="0"/><net_sink comp="191" pin=4"/></net>

<net id="201"><net_src comp="75" pin="3"/><net_sink comp="191" pin=2"/></net>

<net id="211"><net_src comp="54" pin="0"/><net_sink comp="202" pin=4"/></net>

<net id="212"><net_src comp="82" pin="3"/><net_sink comp="202" pin=2"/></net>

<net id="222"><net_src comp="54" pin="0"/><net_sink comp="213" pin=4"/></net>

<net id="223"><net_src comp="89" pin="3"/><net_sink comp="213" pin=2"/></net>

<net id="233"><net_src comp="54" pin="0"/><net_sink comp="224" pin=4"/></net>

<net id="234"><net_src comp="96" pin="3"/><net_sink comp="224" pin=2"/></net>

<net id="244"><net_src comp="54" pin="0"/><net_sink comp="235" pin=4"/></net>

<net id="245"><net_src comp="103" pin="3"/><net_sink comp="235" pin=2"/></net>

<net id="255"><net_src comp="54" pin="0"/><net_sink comp="246" pin=4"/></net>

<net id="256"><net_src comp="110" pin="3"/><net_sink comp="246" pin=2"/></net>

<net id="266"><net_src comp="54" pin="0"/><net_sink comp="257" pin=4"/></net>

<net id="267"><net_src comp="117" pin="3"/><net_sink comp="257" pin=2"/></net>

<net id="277"><net_src comp="54" pin="0"/><net_sink comp="268" pin=4"/></net>

<net id="278"><net_src comp="124" pin="3"/><net_sink comp="268" pin=2"/></net>

<net id="288"><net_src comp="54" pin="0"/><net_sink comp="279" pin=4"/></net>

<net id="289"><net_src comp="131" pin="3"/><net_sink comp="279" pin=2"/></net>

<net id="299"><net_src comp="54" pin="0"/><net_sink comp="290" pin=4"/></net>

<net id="300"><net_src comp="138" pin="3"/><net_sink comp="290" pin=2"/></net>

<net id="310"><net_src comp="54" pin="0"/><net_sink comp="301" pin=4"/></net>

<net id="311"><net_src comp="145" pin="3"/><net_sink comp="301" pin=2"/></net>

<net id="321"><net_src comp="54" pin="0"/><net_sink comp="312" pin=4"/></net>

<net id="322"><net_src comp="152" pin="3"/><net_sink comp="312" pin=2"/></net>

<net id="332"><net_src comp="54" pin="0"/><net_sink comp="323" pin=4"/></net>

<net id="333"><net_src comp="159" pin="3"/><net_sink comp="323" pin=2"/></net>

<net id="343"><net_src comp="54" pin="0"/><net_sink comp="334" pin=4"/></net>

<net id="344"><net_src comp="166" pin="3"/><net_sink comp="334" pin=2"/></net>

<net id="354"><net_src comp="54" pin="0"/><net_sink comp="345" pin=4"/></net>

<net id="355"><net_src comp="173" pin="3"/><net_sink comp="345" pin=2"/></net>

<net id="361"><net_src comp="0" pin="0"/><net_sink comp="356" pin=0"/></net>

<net id="362"><net_src comp="52" pin="0"/><net_sink comp="356" pin=1"/></net>

<net id="368"><net_src comp="2" pin="0"/><net_sink comp="363" pin=0"/></net>

<net id="369"><net_src comp="52" pin="0"/><net_sink comp="363" pin=1"/></net>

<net id="375"><net_src comp="4" pin="0"/><net_sink comp="370" pin=0"/></net>

<net id="376"><net_src comp="52" pin="0"/><net_sink comp="370" pin=1"/></net>

<net id="382"><net_src comp="6" pin="0"/><net_sink comp="377" pin=0"/></net>

<net id="383"><net_src comp="52" pin="0"/><net_sink comp="377" pin=1"/></net>

<net id="389"><net_src comp="8" pin="0"/><net_sink comp="384" pin=0"/></net>

<net id="390"><net_src comp="52" pin="0"/><net_sink comp="384" pin=1"/></net>

<net id="396"><net_src comp="10" pin="0"/><net_sink comp="391" pin=0"/></net>

<net id="397"><net_src comp="52" pin="0"/><net_sink comp="391" pin=1"/></net>

<net id="403"><net_src comp="12" pin="0"/><net_sink comp="398" pin=0"/></net>

<net id="404"><net_src comp="52" pin="0"/><net_sink comp="398" pin=1"/></net>

<net id="410"><net_src comp="14" pin="0"/><net_sink comp="405" pin=0"/></net>

<net id="411"><net_src comp="52" pin="0"/><net_sink comp="405" pin=1"/></net>

<net id="417"><net_src comp="16" pin="0"/><net_sink comp="412" pin=0"/></net>

<net id="418"><net_src comp="52" pin="0"/><net_sink comp="412" pin=1"/></net>

<net id="424"><net_src comp="18" pin="0"/><net_sink comp="419" pin=0"/></net>

<net id="425"><net_src comp="52" pin="0"/><net_sink comp="419" pin=1"/></net>

<net id="431"><net_src comp="20" pin="0"/><net_sink comp="426" pin=0"/></net>

<net id="432"><net_src comp="52" pin="0"/><net_sink comp="426" pin=1"/></net>

<net id="438"><net_src comp="22" pin="0"/><net_sink comp="433" pin=0"/></net>

<net id="439"><net_src comp="52" pin="0"/><net_sink comp="433" pin=1"/></net>

<net id="445"><net_src comp="24" pin="0"/><net_sink comp="440" pin=0"/></net>

<net id="446"><net_src comp="52" pin="0"/><net_sink comp="440" pin=1"/></net>

<net id="452"><net_src comp="26" pin="0"/><net_sink comp="447" pin=0"/></net>

<net id="453"><net_src comp="52" pin="0"/><net_sink comp="447" pin=1"/></net>

<net id="459"><net_src comp="28" pin="0"/><net_sink comp="454" pin=0"/></net>

<net id="460"><net_src comp="52" pin="0"/><net_sink comp="454" pin=1"/></net>

<net id="466"><net_src comp="30" pin="0"/><net_sink comp="461" pin=0"/></net>

<net id="467"><net_src comp="52" pin="0"/><net_sink comp="461" pin=1"/></net>

<net id="468"><net_src comp="356" pin="3"/><net_sink comp="180" pin=2"/></net>

<net id="469"><net_src comp="363" pin="3"/><net_sink comp="191" pin=2"/></net>

<net id="470"><net_src comp="370" pin="3"/><net_sink comp="202" pin=2"/></net>

<net id="471"><net_src comp="377" pin="3"/><net_sink comp="213" pin=2"/></net>

<net id="472"><net_src comp="384" pin="3"/><net_sink comp="224" pin=2"/></net>

<net id="473"><net_src comp="391" pin="3"/><net_sink comp="235" pin=2"/></net>

<net id="474"><net_src comp="398" pin="3"/><net_sink comp="246" pin=2"/></net>

<net id="475"><net_src comp="405" pin="3"/><net_sink comp="257" pin=2"/></net>

<net id="476"><net_src comp="412" pin="3"/><net_sink comp="268" pin=2"/></net>

<net id="477"><net_src comp="419" pin="3"/><net_sink comp="279" pin=2"/></net>

<net id="478"><net_src comp="426" pin="3"/><net_sink comp="290" pin=2"/></net>

<net id="479"><net_src comp="433" pin="3"/><net_sink comp="301" pin=2"/></net>

<net id="480"><net_src comp="440" pin="3"/><net_sink comp="312" pin=2"/></net>

<net id="481"><net_src comp="447" pin="3"/><net_sink comp="323" pin=2"/></net>

<net id="482"><net_src comp="454" pin="3"/><net_sink comp="334" pin=2"/></net>

<net id="483"><net_src comp="461" pin="3"/><net_sink comp="345" pin=2"/></net>

<net id="488"><net_src comp="42" pin="0"/><net_sink comp="484" pin=0"/></net>

<net id="496"><net_src comp="489" pin="1"/><net_sink comp="492" pin=0"/></net>

<net id="497"><net_src comp="44" pin="0"/><net_sink comp="492" pin=1"/></net>

<net id="502"><net_src comp="489" pin="1"/><net_sink comp="498" pin=0"/></net>

<net id="503"><net_src comp="50" pin="0"/><net_sink comp="498" pin=1"/></net>

<net id="508"><net_src comp="489" pin="1"/><net_sink comp="504" pin=0"/></net>

<net id="509"><net_src comp="50" pin="0"/><net_sink comp="504" pin=1"/></net>

<net id="513"><net_src comp="504" pin="2"/><net_sink comp="510" pin=0"/></net>

<net id="514"><net_src comp="510" pin="1"/><net_sink comp="68" pin=2"/></net>

<net id="515"><net_src comp="510" pin="1"/><net_sink comp="75" pin=2"/></net>

<net id="516"><net_src comp="510" pin="1"/><net_sink comp="82" pin=2"/></net>

<net id="517"><net_src comp="510" pin="1"/><net_sink comp="89" pin=2"/></net>

<net id="518"><net_src comp="510" pin="1"/><net_sink comp="96" pin=2"/></net>

<net id="519"><net_src comp="510" pin="1"/><net_sink comp="103" pin=2"/></net>

<net id="520"><net_src comp="510" pin="1"/><net_sink comp="110" pin=2"/></net>

<net id="521"><net_src comp="510" pin="1"/><net_sink comp="117" pin=2"/></net>

<net id="522"><net_src comp="510" pin="1"/><net_sink comp="124" pin=2"/></net>

<net id="523"><net_src comp="510" pin="1"/><net_sink comp="131" pin=2"/></net>

<net id="524"><net_src comp="510" pin="1"/><net_sink comp="138" pin=2"/></net>

<net id="525"><net_src comp="510" pin="1"/><net_sink comp="145" pin=2"/></net>

<net id="526"><net_src comp="510" pin="1"/><net_sink comp="152" pin=2"/></net>

<net id="527"><net_src comp="510" pin="1"/><net_sink comp="159" pin=2"/></net>

<net id="528"><net_src comp="510" pin="1"/><net_sink comp="166" pin=2"/></net>

<net id="529"><net_src comp="510" pin="1"/><net_sink comp="173" pin=2"/></net>

<net id="534"><net_src comp="498" pin="2"/><net_sink comp="530" pin=0"/></net>

<net id="539"><net_src comp="50" pin="0"/><net_sink comp="535" pin=1"/></net>

<net id="543"><net_src comp="535" pin="2"/><net_sink comp="540" pin=0"/></net>

<net id="544"><net_src comp="540" pin="1"/><net_sink comp="356" pin=2"/></net>

<net id="545"><net_src comp="540" pin="1"/><net_sink comp="363" pin=2"/></net>

<net id="546"><net_src comp="540" pin="1"/><net_sink comp="370" pin=2"/></net>

<net id="547"><net_src comp="540" pin="1"/><net_sink comp="377" pin=2"/></net>

<net id="548"><net_src comp="540" pin="1"/><net_sink comp="384" pin=2"/></net>

<net id="549"><net_src comp="540" pin="1"/><net_sink comp="391" pin=2"/></net>

<net id="550"><net_src comp="540" pin="1"/><net_sink comp="398" pin=2"/></net>

<net id="551"><net_src comp="540" pin="1"/><net_sink comp="405" pin=2"/></net>

<net id="552"><net_src comp="540" pin="1"/><net_sink comp="412" pin=2"/></net>

<net id="553"><net_src comp="540" pin="1"/><net_sink comp="419" pin=2"/></net>

<net id="554"><net_src comp="540" pin="1"/><net_sink comp="426" pin=2"/></net>

<net id="555"><net_src comp="540" pin="1"/><net_sink comp="433" pin=2"/></net>

<net id="556"><net_src comp="540" pin="1"/><net_sink comp="440" pin=2"/></net>

<net id="557"><net_src comp="540" pin="1"/><net_sink comp="447" pin=2"/></net>

<net id="558"><net_src comp="540" pin="1"/><net_sink comp="454" pin=2"/></net>

<net id="559"><net_src comp="540" pin="1"/><net_sink comp="461" pin=2"/></net>

<net id="563"><net_src comp="64" pin="1"/><net_sink comp="560" pin=0"/></net>

<net id="564"><net_src comp="560" pin="1"/><net_sink comp="484" pin=1"/></net>

<net id="565"><net_src comp="560" pin="1"/><net_sink comp="489" pin=0"/></net>

<net id="566"><net_src comp="560" pin="1"/><net_sink comp="530" pin=1"/></net>

<net id="573"><net_src comp="504" pin="2"/><net_sink comp="570" pin=0"/></net>

<net id="574"><net_src comp="570" pin="1"/><net_sink comp="535" pin=0"/></net>

</net_list>

</model> 
---------------- Datapath Model END ------------------

* FSMD analyzer results:
  - Output states:
	Port: tile_C_V | {1 2 }
	Port: tile_C_V_1 | {1 2 }
	Port: tile_C_V_2 | {1 2 }
	Port: tile_C_V_3 | {1 2 }
	Port: tile_C_V_4 | {1 2 }
	Port: tile_C_V_5 | {1 2 }
	Port: tile_C_V_6 | {1 2 }
	Port: tile_C_V_7 | {1 2 }
	Port: tile_C_V_8 | {1 2 }
	Port: tile_C_V_9 | {1 2 }
	Port: tile_C_V_10 | {1 2 }
	Port: tile_C_V_11 | {1 2 }
	Port: tile_C_V_12 | {1 2 }
	Port: tile_C_V_13 | {1 2 }
	Port: tile_C_V_14 | {1 2 }
	Port: tile_C_V_15 | {1 2 }
 - Input state : 
  - Chain level:
	State 1
		store_ln0 : 1
		r_1 : 1
		icmp_ln171 : 2
		add_ln171 : 2
		br_ln171 : 3
		shl_ln173 : 2
		zext_ln173 : 2
		tile_C_V_addr : 3
		tile_C_V_1_addr : 3
		tile_C_V_2_addr : 3
		tile_C_V_3_addr : 3
		tile_C_V_4_addr : 3
		tile_C_V_5_addr : 3
		tile_C_V_6_addr : 3
		tile_C_V_7_addr : 3
		tile_C_V_8_addr : 3
		tile_C_V_9_addr : 3
		tile_C_V_10_addr : 3
		tile_C_V_11_addr : 3
		tile_C_V_12_addr : 3
		tile_C_V_13_addr : 3
		tile_C_V_14_addr : 3
		tile_C_V_15_addr : 3
		store_ln173 : 4
		store_ln173 : 4
		store_ln173 : 4
		store_ln173 : 4
		store_ln173 : 4
		store_ln173 : 4
		store_ln173 : 4
		store_ln173 : 4
		store_ln173 : 4
		store_ln173 : 4
		store_ln173 : 4
		store_ln173 : 4
		store_ln173 : 4
		store_ln173 : 4
		store_ln173 : 4
		store_ln173 : 4
		store_ln171 : 3
	State 2
		tile_C_V_addr_1 : 1
		tile_C_V_1_addr_1 : 1
		tile_C_V_2_addr_1 : 1
		tile_C_V_3_addr_1 : 1
		tile_C_V_4_addr_1 : 1
		tile_C_V_5_addr_1 : 1
		tile_C_V_6_addr_1 : 1
		tile_C_V_7_addr_1 : 1
		tile_C_V_8_addr_1 : 1
		tile_C_V_9_addr_1 : 1
		tile_C_V_10_addr_1 : 1
		tile_C_V_11_addr_1 : 1
		tile_C_V_12_addr_1 : 1
		tile_C_V_13_addr_1 : 1
		tile_C_V_14_addr_1 : 1
		tile_C_V_15_addr_1 : 1
		store_ln173 : 2
		store_ln173 : 2
		store_ln173 : 2
		store_ln173 : 2
		store_ln173 : 2
		store_ln173 : 2
		store_ln173 : 2
		store_ln173 : 2
		store_ln173 : 2
		store_ln173 : 2
		store_ln173 : 2
		store_ln173 : 2
		store_ln173 : 2
		store_ln173 : 2
		store_ln173 : 2
		store_ln173 : 2


============================================================
+ Verbose Summary: Datapath Resource usage 
============================================================

* Functional unit list:
|----------|---------------------|---------|---------|
| Operation|   Functional Unit   |    FF   |   LUT   |
|----------|---------------------|---------|---------|
|    add   |   add_ln171_fu_498  |    0    |    14   |
|----------|---------------------|---------|---------|
|   icmp   |  icmp_ln171_fu_492  |    0    |    10   |
|----------|---------------------|---------|---------|
|    shl   |   shl_ln173_fu_504  |    0    |    0    |
|----------|---------------------|---------|---------|
|   zext   |  zext_ln173_fu_510  |    0    |    0    |
|          | zext_ln173_1_fu_540 |    0    |    0    |
|----------|---------------------|---------|---------|
|    or    |   or_ln173_fu_535   |    0    |    0    |
|----------|---------------------|---------|---------|
|   Total  |                     |    0    |    24   |
|----------|---------------------|---------|---------|

Memories:
N/A

* Register list:
+-----------------+--------+
|                 |   FF   |
+-----------------+--------+
|    r_reg_560    |    6   |
|shl_ln173_reg_570|    6   |
+-----------------+--------+
|      Total      |   12   |
+-----------------+--------+

* Multiplexer (MUX) list: 
|-------------------|------|------|------|--------||---------||---------|
|        Comp       |  Pin | Size |  BW  | S x BW ||  Delay  ||   LUT   |
|-------------------|------|------|------|--------||---------||---------|
| grp_access_fu_180 |  p2  |   2  |   0  |    0   ||    9    |
| grp_access_fu_191 |  p2  |   2  |   0  |    0   ||    9    |
| grp_access_fu_202 |  p2  |   2  |   0  |    0   ||    9    |
| grp_access_fu_213 |  p2  |   2  |   0  |    0   ||    9    |
| grp_access_fu_224 |  p2  |   2  |   0  |    0   ||    9    |
| grp_access_fu_235 |  p2  |   2  |   0  |    0   ||    9    |
| grp_access_fu_246 |  p2  |   2  |   0  |    0   ||    9    |
| grp_access_fu_257 |  p2  |   2  |   0  |    0   ||    9    |
| grp_access_fu_268 |  p2  |   2  |   0  |    0   ||    9    |
| grp_access_fu_279 |  p2  |   2  |   0  |    0   ||    9    |
| grp_access_fu_290 |  p2  |   2  |   0  |    0   ||    9    |
| grp_access_fu_301 |  p2  |   2  |   0  |    0   ||    9    |
| grp_access_fu_312 |  p2  |   2  |   0  |    0   ||    9    |
| grp_access_fu_323 |  p2  |   2  |   0  |    0   ||    9    |
| grp_access_fu_334 |  p2  |   2  |   0  |    0   ||    9    |
| grp_access_fu_345 |  p2  |   2  |   0  |    0   ||    9    |
|-------------------|------|------|------|--------||---------||---------|
|       Total       |      |      |      |    0   ||  25.408 ||   144   |
|-------------------|------|------|------|--------||---------||---------|



* Summary:
+-----------+--------+--------+--------+
|           |  Delay |   FF   |   LUT  |
+-----------+--------+--------+--------+
|  Function |    -   |    0   |   24   |
|   Memory  |    -   |    -   |    -   |
|Multiplexer|   25   |    -   |   144  |
|  Register |    -   |   12   |    -   |
+-----------+--------+--------+--------+
|   Total   |   25   |   12   |   168  |
+-----------+--------+--------+--------+
