

================================================================
== Vitis HLS Report for 'pipelined_layer_processor'
================================================================
* Date:           Mon May 25 15:50:51 2026

* Version:        2022.2 (Build 3670227 on Oct 13 2022)
* Project:        SystolicArray
* Solution:       solution1 (Vivado IP Flow Target)
* Product family: zynq
* Target device:  xc7z020-clg400-1


================================================================
== Performance Estimates
================================================================
+ Timing: 
    * Summary: 
    +--------+----------+----------+------------+
    |  Clock |  Target  | Estimated| Uncertainty|
    +--------+----------+----------+------------+
    |ap_clk  |  10.00 ns|  7.300 ns|     2.70 ns|
    +--------+----------+----------+------------+

+ Latency: 
    * Summary: 
    +---------+---------+----------+----------+-----+-----+---------+
    |  Latency (cycles) |  Latency (absolute) |  Interval | Pipeline|
    |   min   |   max   |    min   |    max   | min | max |   Type  |
    +---------+---------+----------+----------+-----+-----+---------+
    |        ?|        ?|         ?|         ?|    ?|    ?|       no|
    +---------+---------+----------+----------+-----+-----+---------+

    + Detail: 
        * Instance: 
        +-----------------------------------------------------+------------------------------------------+---------+---------+----------+----------+-----+-----+---------+
        |                                                     |                                          |  Latency (cycles) |  Latency (absolute) |  Interval | Pipeline|
        |                       Instance                      |                  Module                  |   min   |   max   |    min   |    max   | min | max |   Type  |
        +-----------------------------------------------------+------------------------------------------+---------+---------+----------+----------+-----+-----+---------+
        |grp_pipelined_layer_processor_Pipeline_Clear_fu_310  |pipelined_layer_processor_Pipeline_Clear  |       66|       66|  0.660 us|  0.660 us|   66|   66|       no|
        |grp_read_big_tile_fu_330                             |read_big_tile                             |       44|       44|  0.440 us|  0.440 us|   44|   44|       no|
        |grp_read_big_tile_1_fu_354                           |read_big_tile_1                           |       44|       44|  0.440 us|  0.440 us|   44|   44|       no|
        |grp_write_big_tile_fu_363                            |write_big_tile                            |      139|      139|  1.390 us|  1.390 us|  139|  139|       no|
        |grp_compute_systolic_fu_387                          |compute_systolic                          |      142|      142|  1.420 us|  1.420 us|  142|  142|       no|
        +-----------------------------------------------------+------------------------------------------+---------+---------+----------+----------+-----+-----+---------+

        * Loop: 
        +---------------------+---------+---------+----------+-----------+-----------+------+----------+
        |                     |  Latency (cycles) | Iteration|  Initiation Interval  | Trip |          |
        |      Loop Name      |   min   |   max   |  Latency |  achieved |   target  | Count| Pipelined|
        +---------------------+---------+---------+----------+-----------+-----------+------+----------+
        |- Row_Loop_Col_Loop  |        ?|        ?|         ?|          -|          -|     ?|        no|
        | + Depth_Loop        |        ?|        ?|       190|          -|          -|     ?|        no|
        +---------------------+---------+---------+----------+-----------+-----------+------+----------+

============================================================
+ Verbose Summary: Synthesis Manager
============================================================
InlineROM: 1
ExposeGlobal: 0
============================================================
+ Verbose Summary: CDFG Model
============================================================
IsTopModel: 1
ResetActiveHigh: 1
IsCombinational: 0
IsDatapathOnly: 0
HasWiredReturn: 1
HasMFsm: 0
HasVarLatency: 1
IsPipeline: 0
IsRtlPipelined: 0
IsInstanceOverlapped: 0
IsDontTouch: 0
HasImplIP: 0
IsGatedGlobalClock: 0


============================================================
+ Verbose Summary: Schedule
============================================================
* Number of FSM states : 10
* Pipeline : 0
* Dataflow Pipeline: 0

* FSM state transitions: 
1 --> 2 
2 --> 3 
3 --> 4 
4 --> 5 
5 --> 6 
6 --> 7 10 
7 --> 8 
8 --> 9 
9 --> 6 
10 --> 4 

* FSM state operations: 

State 1 <SV = 0> <Delay = 3.25>
ST_1 : Operation 11 [1/1] (0.00ns)   --->   "%j = alloca i32 1"   --->   Operation 11 'alloca' 'j' <Predicate = true> <Delay = 0.00>
ST_1 : Operation 12 [1/1] (0.00ns)   --->   "%i = alloca i32 1"   --->   Operation 12 'alloca' 'i' <Predicate = true> <Delay = 0.00>
ST_1 : Operation 13 [1/1] (0.00ns)   --->   "%indvar_flatten = alloca i32 1"   --->   Operation 13 'alloca' 'indvar_flatten' <Predicate = true> <Delay = 0.00>
ST_1 : Operation 14 [1/1] (1.00ns)   --->   "%num_col_tiles_read = read i32 @_ssdm_op_Read.s_axilite.i32, i32 %num_col_tiles"   --->   Operation 14 'read' 'num_col_tiles_read' <Predicate = true> <Delay = 1.00> <CoreInst = "s_axilite">   --->   Core 114 's_axilite' <Latency = 0> <II = 1> <Delay = 1.00> <Adapter> <Opcode : 'read' 'write'>
ST_1 : Operation 15 [1/1] (1.00ns)   --->   "%num_depth_tiles_read = read i32 @_ssdm_op_Read.s_axilite.i32, i32 %num_depth_tiles"   --->   Operation 15 'read' 'num_depth_tiles_read' <Predicate = true> <Delay = 1.00> <CoreInst = "s_axilite">   --->   Core 114 's_axilite' <Latency = 0> <II = 1> <Delay = 1.00> <Adapter> <Opcode : 'read' 'write'>
ST_1 : Operation 16 [1/1] (1.00ns)   --->   "%num_row_tiles_read = read i32 @_ssdm_op_Read.s_axilite.i32, i32 %num_row_tiles"   --->   Operation 16 'read' 'num_row_tiles_read' <Predicate = true> <Delay = 1.00> <CoreInst = "s_axilite">   --->   Core 114 's_axilite' <Latency = 0> <II = 1> <Delay = 1.00> <Adapter> <Opcode : 'read' 'write'>
ST_1 : Operation 17 [1/1] (1.00ns)   --->   "%mat_C_read = read i64 @_ssdm_op_Read.s_axilite.i64, i64 %mat_C"   --->   Operation 17 'read' 'mat_C_read' <Predicate = true> <Delay = 1.00> <CoreInst = "s_axilite">   --->   Core 114 's_axilite' <Latency = 0> <II = 1> <Delay = 1.00> <Adapter> <Opcode : 'read' 'write'>
ST_1 : Operation 18 [1/1] (1.00ns)   --->   "%mat_B_read = read i64 @_ssdm_op_Read.s_axilite.i64, i64 %mat_B"   --->   Operation 18 'read' 'mat_B_read' <Predicate = true> <Delay = 1.00> <CoreInst = "s_axilite">   --->   Core 114 's_axilite' <Latency = 0> <II = 1> <Delay = 1.00> <Adapter> <Opcode : 'read' 'write'>
ST_1 : Operation 19 [1/1] (1.00ns)   --->   "%mat_A_read = read i64 @_ssdm_op_Read.s_axilite.i64, i64 %mat_A"   --->   Operation 19 'read' 'mat_A_read' <Predicate = true> <Delay = 1.00> <CoreInst = "s_axilite">   --->   Core 114 's_axilite' <Latency = 0> <II = 1> <Delay = 1.00> <Adapter> <Opcode : 'read' 'write'>
ST_1 : Operation 20 [1/1] (3.25ns)   --->   "%tile_A_V = alloca i64 1" [SystolicArray/main.cpp:153]   --->   Operation 20 'alloca' 'tile_A_V' <Predicate = true> <Delay = 3.25> <CoreInst = "RAM_2P_BRAM">   --->   Core 91 'RAM_2P_BRAM' <Latency = 1> <II = 1> <Delay = 3.25> <Storage> <Opcode : 'load' 'store'> <Ports = 2> <Width = 256> <Depth = 2> <RAM>
ST_1 : Operation 21 [1/1] (3.25ns)   --->   "%tile_A_V_1 = alloca i64 1" [SystolicArray/main.cpp:153]   --->   Operation 21 'alloca' 'tile_A_V_1' <Predicate = true> <Delay = 3.25> <CoreInst = "RAM_2P_BRAM">   --->   Core 91 'RAM_2P_BRAM' <Latency = 1> <II = 1> <Delay = 3.25> <Storage> <Opcode : 'load' 'store'> <Ports = 2> <Width = 256> <Depth = 2> <RAM>
ST_1 : Operation 22 [1/1] (3.25ns)   --->   "%tile_A_V_2 = alloca i64 1" [SystolicArray/main.cpp:153]   --->   Operation 22 'alloca' 'tile_A_V_2' <Predicate = true> <Delay = 3.25> <CoreInst = "RAM_2P_BRAM">   --->   Core 91 'RAM_2P_BRAM' <Latency = 1> <II = 1> <Delay = 3.25> <Storage> <Opcode : 'load' 'store'> <Ports = 2> <Width = 256> <Depth = 2> <RAM>
ST_1 : Operation 23 [1/1] (3.25ns)   --->   "%tile_A_V_3 = alloca i64 1" [SystolicArray/main.cpp:153]   --->   Operation 23 'alloca' 'tile_A_V_3' <Predicate = true> <Delay = 3.25> <CoreInst = "RAM_2P_BRAM">   --->   Core 91 'RAM_2P_BRAM' <Latency = 1> <II = 1> <Delay = 3.25> <Storage> <Opcode : 'load' 'store'> <Ports = 2> <Width = 256> <Depth = 2> <RAM>
ST_1 : Operation 24 [1/1] (3.25ns)   --->   "%tile_A_V_4 = alloca i64 1" [SystolicArray/main.cpp:153]   --->   Operation 24 'alloca' 'tile_A_V_4' <Predicate = true> <Delay = 3.25> <CoreInst = "RAM_2P_BRAM">   --->   Core 91 'RAM_2P_BRAM' <Latency = 1> <II = 1> <Delay = 3.25> <Storage> <Opcode : 'load' 'store'> <Ports = 2> <Width = 256> <Depth = 2> <RAM>
ST_1 : Operation 25 [1/1] (3.25ns)   --->   "%tile_A_V_5 = alloca i64 1" [SystolicArray/main.cpp:153]   --->   Operation 25 'alloca' 'tile_A_V_5' <Predicate = true> <Delay = 3.25> <CoreInst = "RAM_2P_BRAM">   --->   Core 91 'RAM_2P_BRAM' <Latency = 1> <II = 1> <Delay = 3.25> <Storage> <Opcode : 'load' 'store'> <Ports = 2> <Width = 256> <Depth = 2> <RAM>
ST_1 : Operation 26 [1/1] (3.25ns)   --->   "%tile_A_V_6 = alloca i64 1" [SystolicArray/main.cpp:153]   --->   Operation 26 'alloca' 'tile_A_V_6' <Predicate = true> <Delay = 3.25> <CoreInst = "RAM_2P_BRAM">   --->   Core 91 'RAM_2P_BRAM' <Latency = 1> <II = 1> <Delay = 3.25> <Storage> <Opcode : 'load' 'store'> <Ports = 2> <Width = 256> <Depth = 2> <RAM>
ST_1 : Operation 27 [1/1] (3.25ns)   --->   "%tile_A_V_7 = alloca i64 1" [SystolicArray/main.cpp:153]   --->   Operation 27 'alloca' 'tile_A_V_7' <Predicate = true> <Delay = 3.25> <CoreInst = "RAM_2P_BRAM">   --->   Core 91 'RAM_2P_BRAM' <Latency = 1> <II = 1> <Delay = 3.25> <Storage> <Opcode : 'load' 'store'> <Ports = 2> <Width = 256> <Depth = 2> <RAM>
ST_1 : Operation 28 [1/1] (3.25ns)   --->   "%tile_A_V_8 = alloca i64 1" [SystolicArray/main.cpp:153]   --->   Operation 28 'alloca' 'tile_A_V_8' <Predicate = true> <Delay = 3.25> <CoreInst = "RAM_2P_BRAM">   --->   Core 91 'RAM_2P_BRAM' <Latency = 1> <II = 1> <Delay = 3.25> <Storage> <Opcode : 'load' 'store'> <Ports = 2> <Width = 256> <Depth = 2> <RAM>
ST_1 : Operation 29 [1/1] (3.25ns)   --->   "%tile_A_V_9 = alloca i64 1" [SystolicArray/main.cpp:153]   --->   Operation 29 'alloca' 'tile_A_V_9' <Predicate = true> <Delay = 3.25> <CoreInst = "RAM_2P_BRAM">   --->   Core 91 'RAM_2P_BRAM' <Latency = 1> <II = 1> <Delay = 3.25> <Storage> <Opcode : 'load' 'store'> <Ports = 2> <Width = 256> <Depth = 2> <RAM>
ST_1 : Operation 30 [1/1] (3.25ns)   --->   "%tile_A_V_10 = alloca i64 1" [SystolicArray/main.cpp:153]   --->   Operation 30 'alloca' 'tile_A_V_10' <Predicate = true> <Delay = 3.25> <CoreInst = "RAM_2P_BRAM">   --->   Core 91 'RAM_2P_BRAM' <Latency = 1> <II = 1> <Delay = 3.25> <Storage> <Opcode : 'load' 'store'> <Ports = 2> <Width = 256> <Depth = 2> <RAM>
ST_1 : Operation 31 [1/1] (3.25ns)   --->   "%tile_A_V_11 = alloca i64 1" [SystolicArray/main.cpp:153]   --->   Operation 31 'alloca' 'tile_A_V_11' <Predicate = true> <Delay = 3.25> <CoreInst = "RAM_2P_BRAM">   --->   Core 91 'RAM_2P_BRAM' <Latency = 1> <II = 1> <Delay = 3.25> <Storage> <Opcode : 'load' 'store'> <Ports = 2> <Width = 256> <Depth = 2> <RAM>
ST_1 : Operation 32 [1/1] (3.25ns)   --->   "%tile_A_V_12 = alloca i64 1" [SystolicArray/main.cpp:153]   --->   Operation 32 'alloca' 'tile_A_V_12' <Predicate = true> <Delay = 3.25> <CoreInst = "RAM_2P_BRAM">   --->   Core 91 'RAM_2P_BRAM' <Latency = 1> <II = 1> <Delay = 3.25> <Storage> <Opcode : 'load' 'store'> <Ports = 2> <Width = 256> <Depth = 2> <RAM>
ST_1 : Operation 33 [1/1] (3.25ns)   --->   "%tile_A_V_13 = alloca i64 1" [SystolicArray/main.cpp:153]   --->   Operation 33 'alloca' 'tile_A_V_13' <Predicate = true> <Delay = 3.25> <CoreInst = "RAM_2P_BRAM">   --->   Core 91 'RAM_2P_BRAM' <Latency = 1> <II = 1> <Delay = 3.25> <Storage> <Opcode : 'load' 'store'> <Ports = 2> <Width = 256> <Depth = 2> <RAM>
ST_1 : Operation 34 [1/1] (3.25ns)   --->   "%tile_A_V_14 = alloca i64 1" [SystolicArray/main.cpp:153]   --->   Operation 34 'alloca' 'tile_A_V_14' <Predicate = true> <Delay = 3.25> <CoreInst = "RAM_2P_BRAM">   --->   Core 91 'RAM_2P_BRAM' <Latency = 1> <II = 1> <Delay = 3.25> <Storage> <Opcode : 'load' 'store'> <Ports = 2> <Width = 256> <Depth = 2> <RAM>
ST_1 : Operation 35 [1/1] (3.25ns)   --->   "%tile_A_V_15 = alloca i64 1" [SystolicArray/main.cpp:153]   --->   Operation 35 'alloca' 'tile_A_V_15' <Predicate = true> <Delay = 3.25> <CoreInst = "RAM_2P_BRAM">   --->   Core 91 'RAM_2P_BRAM' <Latency = 1> <II = 1> <Delay = 3.25> <Storage> <Opcode : 'load' 'store'> <Ports = 2> <Width = 256> <Depth = 2> <RAM>
ST_1 : Operation 36 [1/1] (3.25ns)   --->   "%tile_B_V = alloca i64 1" [SystolicArray/main.cpp:154]   --->   Operation 36 'alloca' 'tile_B_V' <Predicate = true> <Delay = 3.25> <CoreInst = "RAM_2P_BRAM">   --->   Core 91 'RAM_2P_BRAM' <Latency = 1> <II = 1> <Delay = 3.25> <Storage> <Opcode : 'load' 'store'> <Ports = 2> <Width = 256> <Depth = 32> <RAM>
ST_1 : Operation 37 [1/1] (3.25ns)   --->   "%tile_C_V = alloca i64 1" [SystolicArray/main.cpp:155]   --->   Operation 37 'alloca' 'tile_C_V' <Predicate = true> <Delay = 3.25> <CoreInst = "RAM_2P_BRAM">   --->   Core 91 'RAM_2P_BRAM' <Latency = 1> <II = 1> <Delay = 3.25> <Storage> <Opcode : 'load' 'store'> <Ports = 2> <Width = 32> <Depth = 64> <RAM>
ST_1 : Operation 38 [1/1] (3.25ns)   --->   "%tile_C_V_1 = alloca i64 1" [SystolicArray/main.cpp:155]   --->   Operation 38 'alloca' 'tile_C_V_1' <Predicate = true> <Delay = 3.25> <CoreInst = "RAM_2P_BRAM">   --->   Core 91 'RAM_2P_BRAM' <Latency = 1> <II = 1> <Delay = 3.25> <Storage> <Opcode : 'load' 'store'> <Ports = 2> <Width = 32> <Depth = 64> <RAM>
ST_1 : Operation 39 [1/1] (3.25ns)   --->   "%tile_C_V_2 = alloca i64 1" [SystolicArray/main.cpp:155]   --->   Operation 39 'alloca' 'tile_C_V_2' <Predicate = true> <Delay = 3.25> <CoreInst = "RAM_2P_BRAM">   --->   Core 91 'RAM_2P_BRAM' <Latency = 1> <II = 1> <Delay = 3.25> <Storage> <Opcode : 'load' 'store'> <Ports = 2> <Width = 32> <Depth = 64> <RAM>
ST_1 : Operation 40 [1/1] (3.25ns)   --->   "%tile_C_V_3 = alloca i64 1" [SystolicArray/main.cpp:155]   --->   Operation 40 'alloca' 'tile_C_V_3' <Predicate = true> <Delay = 3.25> <CoreInst = "RAM_2P_BRAM">   --->   Core 91 'RAM_2P_BRAM' <Latency = 1> <II = 1> <Delay = 3.25> <Storage> <Opcode : 'load' 'store'> <Ports = 2> <Width = 32> <Depth = 64> <RAM>
ST_1 : Operation 41 [1/1] (3.25ns)   --->   "%tile_C_V_4 = alloca i64 1" [SystolicArray/main.cpp:155]   --->   Operation 41 'alloca' 'tile_C_V_4' <Predicate = true> <Delay = 3.25> <CoreInst = "RAM_2P_BRAM">   --->   Core 91 'RAM_2P_BRAM' <Latency = 1> <II = 1> <Delay = 3.25> <Storage> <Opcode : 'load' 'store'> <Ports = 2> <Width = 32> <Depth = 64> <RAM>
ST_1 : Operation 42 [1/1] (3.25ns)   --->   "%tile_C_V_5 = alloca i64 1" [SystolicArray/main.cpp:155]   --->   Operation 42 'alloca' 'tile_C_V_5' <Predicate = true> <Delay = 3.25> <CoreInst = "RAM_2P_BRAM">   --->   Core 91 'RAM_2P_BRAM' <Latency = 1> <II = 1> <Delay = 3.25> <Storage> <Opcode : 'load' 'store'> <Ports = 2> <Width = 32> <Depth = 64> <RAM>
ST_1 : Operation 43 [1/1] (3.25ns)   --->   "%tile_C_V_6 = alloca i64 1" [SystolicArray/main.cpp:155]   --->   Operation 43 'alloca' 'tile_C_V_6' <Predicate = true> <Delay = 3.25> <CoreInst = "RAM_2P_BRAM">   --->   Core 91 'RAM_2P_BRAM' <Latency = 1> <II = 1> <Delay = 3.25> <Storage> <Opcode : 'load' 'store'> <Ports = 2> <Width = 32> <Depth = 64> <RAM>
ST_1 : Operation 44 [1/1] (3.25ns)   --->   "%tile_C_V_7 = alloca i64 1" [SystolicArray/main.cpp:155]   --->   Operation 44 'alloca' 'tile_C_V_7' <Predicate = true> <Delay = 3.25> <CoreInst = "RAM_2P_BRAM">   --->   Core 91 'RAM_2P_BRAM' <Latency = 1> <II = 1> <Delay = 3.25> <Storage> <Opcode : 'load' 'store'> <Ports = 2> <Width = 32> <Depth = 64> <RAM>
ST_1 : Operation 45 [1/1] (3.25ns)   --->   "%tile_C_V_8 = alloca i64 1" [SystolicArray/main.cpp:155]   --->   Operation 45 'alloca' 'tile_C_V_8' <Predicate = true> <Delay = 3.25> <CoreInst = "RAM_2P_BRAM">   --->   Core 91 'RAM_2P_BRAM' <Latency = 1> <II = 1> <Delay = 3.25> <Storage> <Opcode : 'load' 'store'> <Ports = 2> <Width = 32> <Depth = 64> <RAM>
ST_1 : Operation 46 [1/1] (3.25ns)   --->   "%tile_C_V_9 = alloca i64 1" [SystolicArray/main.cpp:155]   --->   Operation 46 'alloca' 'tile_C_V_9' <Predicate = true> <Delay = 3.25> <CoreInst = "RAM_2P_BRAM">   --->   Core 91 'RAM_2P_BRAM' <Latency = 1> <II = 1> <Delay = 3.25> <Storage> <Opcode : 'load' 'store'> <Ports = 2> <Width = 32> <Depth = 64> <RAM>
ST_1 : Operation 47 [1/1] (3.25ns)   --->   "%tile_C_V_10 = alloca i64 1" [SystolicArray/main.cpp:155]   --->   Operation 47 'alloca' 'tile_C_V_10' <Predicate = true> <Delay = 3.25> <CoreInst = "RAM_2P_BRAM">   --->   Core 91 'RAM_2P_BRAM' <Latency = 1> <II = 1> <Delay = 3.25> <Storage> <Opcode : 'load' 'store'> <Ports = 2> <Width = 32> <Depth = 64> <RAM>
ST_1 : Operation 48 [1/1] (3.25ns)   --->   "%tile_C_V_11 = alloca i64 1" [SystolicArray/main.cpp:155]   --->   Operation 48 'alloca' 'tile_C_V_11' <Predicate = true> <Delay = 3.25> <CoreInst = "RAM_2P_BRAM">   --->   Core 91 'RAM_2P_BRAM' <Latency = 1> <II = 1> <Delay = 3.25> <Storage> <Opcode : 'load' 'store'> <Ports = 2> <Width = 32> <Depth = 64> <RAM>
ST_1 : Operation 49 [1/1] (3.25ns)   --->   "%tile_C_V_12 = alloca i64 1" [SystolicArray/main.cpp:155]   --->   Operation 49 'alloca' 'tile_C_V_12' <Predicate = true> <Delay = 3.25> <CoreInst = "RAM_2P_BRAM">   --->   Core 91 'RAM_2P_BRAM' <Latency = 1> <II = 1> <Delay = 3.25> <Storage> <Opcode : 'load' 'store'> <Ports = 2> <Width = 32> <Depth = 64> <RAM>
ST_1 : Operation 50 [1/1] (3.25ns)   --->   "%tile_C_V_13 = alloca i64 1" [SystolicArray/main.cpp:155]   --->   Operation 50 'alloca' 'tile_C_V_13' <Predicate = true> <Delay = 3.25> <CoreInst = "RAM_2P_BRAM">   --->   Core 91 'RAM_2P_BRAM' <Latency = 1> <II = 1> <Delay = 3.25> <Storage> <Opcode : 'load' 'store'> <Ports = 2> <Width = 32> <Depth = 64> <RAM>
ST_1 : Operation 51 [1/1] (3.25ns)   --->   "%tile_C_V_14 = alloca i64 1" [SystolicArray/main.cpp:155]   --->   Operation 51 'alloca' 'tile_C_V_14' <Predicate = true> <Delay = 3.25> <CoreInst = "RAM_2P_BRAM">   --->   Core 91 'RAM_2P_BRAM' <Latency = 1> <II = 1> <Delay = 3.25> <Storage> <Opcode : 'load' 'store'> <Ports = 2> <Width = 32> <Depth = 64> <RAM>
ST_1 : Operation 52 [1/1] (3.25ns)   --->   "%tile_C_V_15 = alloca i64 1" [SystolicArray/main.cpp:155]   --->   Operation 52 'alloca' 'tile_C_V_15' <Predicate = true> <Delay = 3.25> <CoreInst = "RAM_2P_BRAM">   --->   Core 91 'RAM_2P_BRAM' <Latency = 1> <II = 1> <Delay = 3.25> <Storage> <Opcode : 'load' 'store'> <Ports = 2> <Width = 32> <Depth = 64> <RAM>
ST_1 : Operation 53 [1/1] (0.00ns)   --->   "%empty = trunc i32 %num_depth_tiles_read"   --->   Operation 53 'trunc' 'empty' <Predicate = true> <Delay = 0.00>
ST_1 : Operation 54 [1/1] (0.00ns)   --->   "%empty_1055 = trunc i32 %num_col_tiles_read"   --->   Operation 54 'trunc' 'empty_1055' <Predicate = true> <Delay = 0.00>
ST_1 : Operation 55 [1/1] (0.00ns)   --->   "%trunc_ln180 = trunc i32 %num_col_tiles_read" [SystolicArray/main.cpp:180]   --->   Operation 55 'trunc' 'trunc_ln180' <Predicate = true> <Delay = 0.00>
ST_1 : Operation 56 [1/1] (1.58ns)   --->   "%store_ln167 = store i64 0, i64 %indvar_flatten" [SystolicArray/main.cpp:167]   --->   Operation 56 'store' 'store_ln167' <Predicate = true> <Delay = 1.58>
ST_1 : Operation 57 [1/1] (1.58ns)   --->   "%store_ln167 = store i31 0, i31 %i" [SystolicArray/main.cpp:167]   --->   Operation 57 'store' 'store_ln167' <Predicate = true> <Delay = 1.58>
ST_1 : Operation 58 [1/1] (1.58ns)   --->   "%store_ln167 = store i31 0, i31 %j" [SystolicArray/main.cpp:167]   --->   Operation 58 'store' 'store_ln167' <Predicate = true> <Delay = 1.58>

State 2 <SV = 1> <Delay = 6.91>
ST_2 : Operation 59 [1/1] (0.00ns)   --->   "%zext_ln130 = zext i32 %num_row_tiles_read" [SystolicArray/main.cpp:130]   --->   Operation 59 'zext' 'zext_ln130' <Predicate = true> <Delay = 0.00>
ST_2 : Operation 60 [1/1] (0.00ns)   --->   "%zext_ln130_1 = zext i32 %num_col_tiles_read" [SystolicArray/main.cpp:130]   --->   Operation 60 'zext' 'zext_ln130_1' <Predicate = true> <Delay = 0.00>
ST_2 : Operation 61 [2/2] (6.91ns)   --->   "%mul_ln130 = mul i64 %zext_ln130, i64 %zext_ln130_1" [SystolicArray/main.cpp:130]   --->   Operation 61 'mul' 'mul_ln130' <Predicate = true> <Delay = 6.91> <CoreInst = "Multiplier">   --->   Core 3 'Multiplier' <Latency = 1> <II = 1> <Delay = 6.91> <FuncUnit> <Opcode : 'mul'> <InPorts = 2> <OutPorts = 1>

State 3 <SV = 2> <Delay = 6.91>
ST_3 : Operation 62 [1/1] (0.00ns)   --->   "%spectopmodule_ln130 = spectopmodule void @_ssdm_op_SpecTopModule, void @empty_1039" [SystolicArray/main.cpp:130]   --->   Operation 62 'spectopmodule' 'spectopmodule_ln130' <Predicate = true> <Delay = 0.00>
ST_3 : Operation 63 [1/1] (0.00ns)   --->   "%specinterface_ln0 = specinterface void @_ssdm_op_SpecInterface, i256 %gmem0, void @empty_1045, i32 0, i32 0, void @empty_1037, i32 0, i32 4000, void @empty_1023, void @empty_1032, void @empty_1037, i32 4, i32 4, i32 64, i32 64, void @empty_1037, void @empty_1037, i32 4294967295, i32 0"   --->   Operation 63 'specinterface' 'specinterface_ln0' <Predicate = true> <Delay = 0.00>
ST_3 : Operation 64 [1/1] (0.00ns)   --->   "%specbitsmap_ln0 = specbitsmap void @_ssdm_op_SpecBitsMap, i256 %gmem0"   --->   Operation 64 'specbitsmap' 'specbitsmap_ln0' <Predicate = true> <Delay = 0.00>
ST_3 : Operation 65 [1/1] (0.00ns)   --->   "%specinterface_ln0 = specinterface void @_ssdm_op_SpecInterface, i256 %gmem1, void @empty_1045, i32 0, i32 0, void @empty_1037, i32 0, i32 4000, void @empty_1019, void @empty_1032, void @empty_1037, i32 4, i32 16, i32 64, i32 16, void @empty_1037, void @empty_1037, i32 4294967295, i32 0"   --->   Operation 65 'specinterface' 'specinterface_ln0' <Predicate = true> <Delay = 0.00>
ST_3 : Operation 66 [1/1] (0.00ns)   --->   "%specbitsmap_ln0 = specbitsmap void @_ssdm_op_SpecBitsMap, i256 %gmem1"   --->   Operation 66 'specbitsmap' 'specbitsmap_ln0' <Predicate = true> <Delay = 0.00>
ST_3 : Operation 67 [1/1] (0.00ns)   --->   "%specinterface_ln0 = specinterface void @_ssdm_op_SpecInterface, i64 %mat_A, void @empty_1025, i32 0, i32 0, void @empty_1037, i32 0, i32 0, void @empty_1015, void @empty_1043, void @empty_1037, i32 0, i32 0, i32 0, i32 0, void @empty_1037, void @empty_1022, i32 4294967295, i32 0"   --->   Operation 67 'specinterface' 'specinterface_ln0' <Predicate = true> <Delay = 0.00>
ST_3 : Operation 68 [1/1] (0.00ns)   --->   "%specinterface_ln0 = specinterface void @_ssdm_op_SpecInterface, i64 %mat_A, void @empty_1021, i32 0, i32 0, void @empty_1037, i32 0, i32 0, void @empty_1037, void @empty_1037, void @empty_1037, i32 0, i32 0, i32 0, i32 0, void @empty_1037, void @empty_1022, i32 4294967295, i32 0"   --->   Operation 68 'specinterface' 'specinterface_ln0' <Predicate = true> <Delay = 0.00>
ST_3 : Operation 69 [1/1] (0.00ns)   --->   "%specinterface_ln0 = specinterface void @_ssdm_op_SpecInterface, i64 %mat_B, void @empty_1025, i32 0, i32 0, void @empty_1037, i32 0, i32 0, void @empty_1015, void @empty_944, void @empty_1037, i32 0, i32 0, i32 0, i32 0, void @empty_1037, void @empty_1022, i32 4294967295, i32 0"   --->   Operation 69 'specinterface' 'specinterface_ln0' <Predicate = true> <Delay = 0.00>
ST_3 : Operation 70 [1/1] (0.00ns)   --->   "%specinterface_ln0 = specinterface void @_ssdm_op_SpecInterface, i64 %mat_B, void @empty_1021, i32 0, i32 0, void @empty_1037, i32 0, i32 0, void @empty_1037, void @empty_1037, void @empty_1037, i32 0, i32 0, i32 0, i32 0, void @empty_1037, void @empty_1022, i32 4294967295, i32 0"   --->   Operation 70 'specinterface' 'specinterface_ln0' <Predicate = true> <Delay = 0.00>
ST_3 : Operation 71 [1/1] (0.00ns)   --->   "%specinterface_ln0 = specinterface void @_ssdm_op_SpecInterface, i64 %mat_C, void @empty_1025, i32 0, i32 0, void @empty_1037, i32 0, i32 0, void @empty_1015, void @empty_1026, void @empty_1037, i32 0, i32 0, i32 0, i32 0, void @empty_1037, void @empty_1022, i32 4294967295, i32 0"   --->   Operation 71 'specinterface' 'specinterface_ln0' <Predicate = true> <Delay = 0.00>
ST_3 : Operation 72 [1/1] (0.00ns)   --->   "%specinterface_ln0 = specinterface void @_ssdm_op_SpecInterface, i64 %mat_C, void @empty_1021, i32 0, i32 0, void @empty_1037, i32 0, i32 0, void @empty_1037, void @empty_1037, void @empty_1037, i32 0, i32 0, i32 0, i32 0, void @empty_1037, void @empty_1022, i32 4294967295, i32 0"   --->   Operation 72 'specinterface' 'specinterface_ln0' <Predicate = true> <Delay = 0.00>
ST_3 : Operation 73 [1/1] (0.00ns)   --->   "%specbitsmap_ln0 = specbitsmap void @_ssdm_op_SpecBitsMap, i32 %num_row_tiles"   --->   Operation 73 'specbitsmap' 'specbitsmap_ln0' <Predicate = true> <Delay = 0.00>
ST_3 : Operation 74 [1/1] (0.00ns)   --->   "%specinterface_ln0 = specinterface void @_ssdm_op_SpecInterface, i32 %num_row_tiles, void @empty_1025, i32 0, i32 0, void @empty_1037, i32 0, i32 0, void @empty_1015, void @empty_1018, void @empty_1037, i32 0, i32 0, i32 0, i32 0, void @empty_1037, void @empty_1037, i32 4294967295, i32 0"   --->   Operation 74 'specinterface' 'specinterface_ln0' <Predicate = true> <Delay = 0.00>
ST_3 : Operation 75 [1/1] (0.00ns)   --->   "%specinterface_ln0 = specinterface void @_ssdm_op_SpecInterface, i32 %num_row_tiles, void @empty_1021, i32 0, i32 0, void @empty_1037, i32 0, i32 0, void @empty_1037, void @empty_1037, void @empty_1037, i32 0, i32 0, i32 0, i32 0, void @empty_1037, void @empty_1037, i32 4294967295, i32 0"   --->   Operation 75 'specinterface' 'specinterface_ln0' <Predicate = true> <Delay = 0.00>
ST_3 : Operation 76 [1/1] (0.00ns)   --->   "%specbitsmap_ln0 = specbitsmap void @_ssdm_op_SpecBitsMap, i32 %num_depth_tiles"   --->   Operation 76 'specbitsmap' 'specbitsmap_ln0' <Predicate = true> <Delay = 0.00>
ST_3 : Operation 77 [1/1] (0.00ns)   --->   "%specinterface_ln0 = specinterface void @_ssdm_op_SpecInterface, i32 %num_depth_tiles, void @empty_1025, i32 0, i32 0, void @empty_1037, i32 0, i32 0, void @empty_1015, void @empty_1041, void @empty_1037, i32 0, i32 0, i32 0, i32 0, void @empty_1037, void @empty_1037, i32 4294967295, i32 0"   --->   Operation 77 'specinterface' 'specinterface_ln0' <Predicate = true> <Delay = 0.00>
ST_3 : Operation 78 [1/1] (0.00ns)   --->   "%specinterface_ln0 = specinterface void @_ssdm_op_SpecInterface, i32 %num_depth_tiles, void @empty_1021, i32 0, i32 0, void @empty_1037, i32 0, i32 0, void @empty_1037, void @empty_1037, void @empty_1037, i32 0, i32 0, i32 0, i32 0, void @empty_1037, void @empty_1037, i32 4294967295, i32 0"   --->   Operation 78 'specinterface' 'specinterface_ln0' <Predicate = true> <Delay = 0.00>
ST_3 : Operation 79 [1/1] (0.00ns)   --->   "%specbitsmap_ln0 = specbitsmap void @_ssdm_op_SpecBitsMap, i32 %num_col_tiles"   --->   Operation 79 'specbitsmap' 'specbitsmap_ln0' <Predicate = true> <Delay = 0.00>
ST_3 : Operation 80 [1/1] (0.00ns)   --->   "%specinterface_ln0 = specinterface void @_ssdm_op_SpecInterface, i32 %num_col_tiles, void @empty_1025, i32 0, i32 0, void @empty_1037, i32 0, i32 0, void @empty_1015, void @empty_1040, void @empty_1037, i32 0, i32 0, i32 0, i32 0, void @empty_1037, void @empty_1037, i32 4294967295, i32 0"   --->   Operation 80 'specinterface' 'specinterface_ln0' <Predicate = true> <Delay = 0.00>
ST_3 : Operation 81 [1/1] (0.00ns)   --->   "%specinterface_ln0 = specinterface void @_ssdm_op_SpecInterface, i32 %num_col_tiles, void @empty_1021, i32 0, i32 0, void @empty_1037, i32 0, i32 0, void @empty_1037, void @empty_1037, void @empty_1037, i32 0, i32 0, i32 0, i32 0, void @empty_1037, void @empty_1037, i32 4294967295, i32 0"   --->   Operation 81 'specinterface' 'specinterface_ln0' <Predicate = true> <Delay = 0.00>
ST_3 : Operation 82 [1/1] (0.00ns)   --->   "%specinterface_ln0 = specinterface void @_ssdm_op_SpecInterface, i32 0, void @empty_1025, i32 0, i32 0, void @empty_1037, i32 0, i32 0, void @empty_1015, void @empty_1037, void @empty_1037, i32 0, i32 0, i32 0, i32 0, void @empty_1037, void @empty_1037, i32 4294967295, i32 0"   --->   Operation 82 'specinterface' 'specinterface_ln0' <Predicate = true> <Delay = 0.00>
ST_3 : Operation 83 [1/1] (0.00ns)   --->   "%specmemcore_ln159 = specmemcore void @_ssdm_op_SpecMemCore, i256 %tile_A_V_15, i64 666, i64 22, i64 18446744073709551615" [SystolicArray/main.cpp:159]   --->   Operation 83 'specmemcore' 'specmemcore_ln159' <Predicate = true> <Delay = 0.00>
ST_3 : Operation 84 [1/1] (0.00ns)   --->   "%specmemcore_ln159 = specmemcore void @_ssdm_op_SpecMemCore, i256 %tile_A_V_14, i64 666, i64 22, i64 18446744073709551615" [SystolicArray/main.cpp:159]   --->   Operation 84 'specmemcore' 'specmemcore_ln159' <Predicate = true> <Delay = 0.00>
ST_3 : Operation 85 [1/1] (0.00ns)   --->   "%specmemcore_ln159 = specmemcore void @_ssdm_op_SpecMemCore, i256 %tile_A_V_13, i64 666, i64 22, i64 18446744073709551615" [SystolicArray/main.cpp:159]   --->   Operation 85 'specmemcore' 'specmemcore_ln159' <Predicate = true> <Delay = 0.00>
ST_3 : Operation 86 [1/1] (0.00ns)   --->   "%specmemcore_ln159 = specmemcore void @_ssdm_op_SpecMemCore, i256 %tile_A_V_12, i64 666, i64 22, i64 18446744073709551615" [SystolicArray/main.cpp:159]   --->   Operation 86 'specmemcore' 'specmemcore_ln159' <Predicate = true> <Delay = 0.00>
ST_3 : Operation 87 [1/1] (0.00ns)   --->   "%specmemcore_ln159 = specmemcore void @_ssdm_op_SpecMemCore, i256 %tile_A_V_11, i64 666, i64 22, i64 18446744073709551615" [SystolicArray/main.cpp:159]   --->   Operation 87 'specmemcore' 'specmemcore_ln159' <Predicate = true> <Delay = 0.00>
ST_3 : Operation 88 [1/1] (0.00ns)   --->   "%specmemcore_ln159 = specmemcore void @_ssdm_op_SpecMemCore, i256 %tile_A_V_10, i64 666, i64 22, i64 18446744073709551615" [SystolicArray/main.cpp:159]   --->   Operation 88 'specmemcore' 'specmemcore_ln159' <Predicate = true> <Delay = 0.00>
ST_3 : Operation 89 [1/1] (0.00ns)   --->   "%specmemcore_ln159 = specmemcore void @_ssdm_op_SpecMemCore, i256 %tile_A_V_9, i64 666, i64 22, i64 18446744073709551615" [SystolicArray/main.cpp:159]   --->   Operation 89 'specmemcore' 'specmemcore_ln159' <Predicate = true> <Delay = 0.00>
ST_3 : Operation 90 [1/1] (0.00ns)   --->   "%specmemcore_ln159 = specmemcore void @_ssdm_op_SpecMemCore, i256 %tile_A_V_8, i64 666, i64 22, i64 18446744073709551615" [SystolicArray/main.cpp:159]   --->   Operation 90 'specmemcore' 'specmemcore_ln159' <Predicate = true> <Delay = 0.00>
ST_3 : Operation 91 [1/1] (0.00ns)   --->   "%specmemcore_ln159 = specmemcore void @_ssdm_op_SpecMemCore, i256 %tile_A_V_7, i64 666, i64 22, i64 18446744073709551615" [SystolicArray/main.cpp:159]   --->   Operation 91 'specmemcore' 'specmemcore_ln159' <Predicate = true> <Delay = 0.00>
ST_3 : Operation 92 [1/1] (0.00ns)   --->   "%specmemcore_ln159 = specmemcore void @_ssdm_op_SpecMemCore, i256 %tile_A_V_6, i64 666, i64 22, i64 18446744073709551615" [SystolicArray/main.cpp:159]   --->   Operation 92 'specmemcore' 'specmemcore_ln159' <Predicate = true> <Delay = 0.00>
ST_3 : Operation 93 [1/1] (0.00ns)   --->   "%specmemcore_ln159 = specmemcore void @_ssdm_op_SpecMemCore, i256 %tile_A_V_5, i64 666, i64 22, i64 18446744073709551615" [SystolicArray/main.cpp:159]   --->   Operation 93 'specmemcore' 'specmemcore_ln159' <Predicate = true> <Delay = 0.00>
ST_3 : Operation 94 [1/1] (0.00ns)   --->   "%specmemcore_ln159 = specmemcore void @_ssdm_op_SpecMemCore, i256 %tile_A_V_4, i64 666, i64 22, i64 18446744073709551615" [SystolicArray/main.cpp:159]   --->   Operation 94 'specmemcore' 'specmemcore_ln159' <Predicate = true> <Delay = 0.00>
ST_3 : Operation 95 [1/1] (0.00ns)   --->   "%specmemcore_ln159 = specmemcore void @_ssdm_op_SpecMemCore, i256 %tile_A_V_3, i64 666, i64 22, i64 18446744073709551615" [SystolicArray/main.cpp:159]   --->   Operation 95 'specmemcore' 'specmemcore_ln159' <Predicate = true> <Delay = 0.00>
ST_3 : Operation 96 [1/1] (0.00ns)   --->   "%specmemcore_ln159 = specmemcore void @_ssdm_op_SpecMemCore, i256 %tile_A_V_2, i64 666, i64 22, i64 18446744073709551615" [SystolicArray/main.cpp:159]   --->   Operation 96 'specmemcore' 'specmemcore_ln159' <Predicate = true> <Delay = 0.00>
ST_3 : Operation 97 [1/1] (0.00ns)   --->   "%specmemcore_ln159 = specmemcore void @_ssdm_op_SpecMemCore, i256 %tile_A_V_1, i64 666, i64 22, i64 18446744073709551615" [SystolicArray/main.cpp:159]   --->   Operation 97 'specmemcore' 'specmemcore_ln159' <Predicate = true> <Delay = 0.00>
ST_3 : Operation 98 [1/1] (0.00ns)   --->   "%specmemcore_ln159 = specmemcore void @_ssdm_op_SpecMemCore, i256 %tile_A_V, i64 666, i64 22, i64 18446744073709551615" [SystolicArray/main.cpp:159]   --->   Operation 98 'specmemcore' 'specmemcore_ln159' <Predicate = true> <Delay = 0.00>
ST_3 : Operation 99 [1/1] (0.00ns)   --->   "%specmemcore_ln162 = specmemcore void @_ssdm_op_SpecMemCore, i256 %tile_B_V, i64 666, i64 22, i64 18446744073709551615" [SystolicArray/main.cpp:162]   --->   Operation 99 'specmemcore' 'specmemcore_ln162' <Predicate = true> <Delay = 0.00>
ST_3 : Operation 100 [1/1] (0.00ns)   --->   "%specmemcore_ln165 = specmemcore void @_ssdm_op_SpecMemCore, i32 %tile_C_V_15, i64 666, i64 22, i64 18446744073709551615" [SystolicArray/main.cpp:165]   --->   Operation 100 'specmemcore' 'specmemcore_ln165' <Predicate = true> <Delay = 0.00>
ST_3 : Operation 101 [1/1] (0.00ns)   --->   "%specmemcore_ln165 = specmemcore void @_ssdm_op_SpecMemCore, i32 %tile_C_V_14, i64 666, i64 22, i64 18446744073709551615" [SystolicArray/main.cpp:165]   --->   Operation 101 'specmemcore' 'specmemcore_ln165' <Predicate = true> <Delay = 0.00>
ST_3 : Operation 102 [1/1] (0.00ns)   --->   "%specmemcore_ln165 = specmemcore void @_ssdm_op_SpecMemCore, i32 %tile_C_V_13, i64 666, i64 22, i64 18446744073709551615" [SystolicArray/main.cpp:165]   --->   Operation 102 'specmemcore' 'specmemcore_ln165' <Predicate = true> <Delay = 0.00>
ST_3 : Operation 103 [1/1] (0.00ns)   --->   "%specmemcore_ln165 = specmemcore void @_ssdm_op_SpecMemCore, i32 %tile_C_V_12, i64 666, i64 22, i64 18446744073709551615" [SystolicArray/main.cpp:165]   --->   Operation 103 'specmemcore' 'specmemcore_ln165' <Predicate = true> <Delay = 0.00>
ST_3 : Operation 104 [1/1] (0.00ns)   --->   "%specmemcore_ln165 = specmemcore void @_ssdm_op_SpecMemCore, i32 %tile_C_V_11, i64 666, i64 22, i64 18446744073709551615" [SystolicArray/main.cpp:165]   --->   Operation 104 'specmemcore' 'specmemcore_ln165' <Predicate = true> <Delay = 0.00>
ST_3 : Operation 105 [1/1] (0.00ns)   --->   "%specmemcore_ln165 = specmemcore void @_ssdm_op_SpecMemCore, i32 %tile_C_V_10, i64 666, i64 22, i64 18446744073709551615" [SystolicArray/main.cpp:165]   --->   Operation 105 'specmemcore' 'specmemcore_ln165' <Predicate = true> <Delay = 0.00>
ST_3 : Operation 106 [1/1] (0.00ns)   --->   "%specmemcore_ln165 = specmemcore void @_ssdm_op_SpecMemCore, i32 %tile_C_V_9, i64 666, i64 22, i64 18446744073709551615" [SystolicArray/main.cpp:165]   --->   Operation 106 'specmemcore' 'specmemcore_ln165' <Predicate = true> <Delay = 0.00>
ST_3 : Operation 107 [1/1] (0.00ns)   --->   "%specmemcore_ln165 = specmemcore void @_ssdm_op_SpecMemCore, i32 %tile_C_V_8, i64 666, i64 22, i64 18446744073709551615" [SystolicArray/main.cpp:165]   --->   Operation 107 'specmemcore' 'specmemcore_ln165' <Predicate = true> <Delay = 0.00>
ST_3 : Operation 108 [1/1] (0.00ns)   --->   "%specmemcore_ln165 = specmemcore void @_ssdm_op_SpecMemCore, i32 %tile_C_V_7, i64 666, i64 22, i64 18446744073709551615" [SystolicArray/main.cpp:165]   --->   Operation 108 'specmemcore' 'specmemcore_ln165' <Predicate = true> <Delay = 0.00>
ST_3 : Operation 109 [1/1] (0.00ns)   --->   "%specmemcore_ln165 = specmemcore void @_ssdm_op_SpecMemCore, i32 %tile_C_V_6, i64 666, i64 22, i64 18446744073709551615" [SystolicArray/main.cpp:165]   --->   Operation 109 'specmemcore' 'specmemcore_ln165' <Predicate = true> <Delay = 0.00>
ST_3 : Operation 110 [1/1] (0.00ns)   --->   "%specmemcore_ln165 = specmemcore void @_ssdm_op_SpecMemCore, i32 %tile_C_V_5, i64 666, i64 22, i64 18446744073709551615" [SystolicArray/main.cpp:165]   --->   Operation 110 'specmemcore' 'specmemcore_ln165' <Predicate = true> <Delay = 0.00>
ST_3 : Operation 111 [1/1] (0.00ns)   --->   "%specmemcore_ln165 = specmemcore void @_ssdm_op_SpecMemCore, i32 %tile_C_V_4, i64 666, i64 22, i64 18446744073709551615" [SystolicArray/main.cpp:165]   --->   Operation 111 'specmemcore' 'specmemcore_ln165' <Predicate = true> <Delay = 0.00>
ST_3 : Operation 112 [1/1] (0.00ns)   --->   "%specmemcore_ln165 = specmemcore void @_ssdm_op_SpecMemCore, i32 %tile_C_V_3, i64 666, i64 22, i64 18446744073709551615" [SystolicArray/main.cpp:165]   --->   Operation 112 'specmemcore' 'specmemcore_ln165' <Predicate = true> <Delay = 0.00>
ST_3 : Operation 113 [1/1] (0.00ns)   --->   "%specmemcore_ln165 = specmemcore void @_ssdm_op_SpecMemCore, i32 %tile_C_V_2, i64 666, i64 22, i64 18446744073709551615" [SystolicArray/main.cpp:165]   --->   Operation 113 'specmemcore' 'specmemcore_ln165' <Predicate = true> <Delay = 0.00>
ST_3 : Operation 114 [1/1] (0.00ns)   --->   "%specmemcore_ln165 = specmemcore void @_ssdm_op_SpecMemCore, i32 %tile_C_V_1, i64 666, i64 22, i64 18446744073709551615" [SystolicArray/main.cpp:165]   --->   Operation 114 'specmemcore' 'specmemcore_ln165' <Predicate = true> <Delay = 0.00>
ST_3 : Operation 115 [1/1] (0.00ns)   --->   "%specmemcore_ln165 = specmemcore void @_ssdm_op_SpecMemCore, i32 %tile_C_V, i64 666, i64 22, i64 18446744073709551615" [SystolicArray/main.cpp:165]   --->   Operation 115 'specmemcore' 'specmemcore_ln165' <Predicate = true> <Delay = 0.00>
ST_3 : Operation 116 [1/2] (6.91ns)   --->   "%mul_ln130 = mul i64 %zext_ln130, i64 %zext_ln130_1" [SystolicArray/main.cpp:130]   --->   Operation 116 'mul' 'mul_ln130' <Predicate = true> <Delay = 6.91> <CoreInst = "Multiplier">   --->   Core 3 'Multiplier' <Latency = 1> <II = 1> <Delay = 6.91> <FuncUnit> <Opcode : 'mul'> <InPorts = 2> <OutPorts = 1>
ST_3 : Operation 117 [1/1] (0.00ns)   --->   "%br_ln167 = br void %Clear" [SystolicArray/main.cpp:167]   --->   Operation 117 'br' 'br_ln167' <Predicate = true> <Delay = 0.00>

State 4 <SV = 3> <Delay = 3.52>
ST_4 : Operation 118 [1/1] (0.00ns)   --->   "%j_2 = load i31 %j" [SystolicArray/main.cpp:168]   --->   Operation 118 'load' 'j_2' <Predicate = true> <Delay = 0.00>
ST_4 : Operation 119 [1/1] (0.00ns)   --->   "%indvar_flatten_load = load i64 %indvar_flatten" [SystolicArray/main.cpp:167]   --->   Operation 119 'load' 'indvar_flatten_load' <Predicate = true> <Delay = 0.00>
ST_4 : Operation 120 [1/1] (0.00ns)   --->   "%zext_ln168 = zext i31 %j_2" [SystolicArray/main.cpp:168]   --->   Operation 120 'zext' 'zext_ln168' <Predicate = true> <Delay = 0.00>
ST_4 : Operation 121 [1/1] (2.47ns)   --->   "%icmp_ln168 = icmp_slt  i32 %zext_ln168, i32 %num_col_tiles_read" [SystolicArray/main.cpp:168]   --->   Operation 121 'icmp' 'icmp_ln168' <Predicate = true> <Delay = 2.47> <CoreInst = "Cmp">   --->   Core 9 'Cmp' <Latency = 0> <II = 1> <Delay = 2.47> <FuncUnit> <Opcode : 'icmp'> <InPorts = 2> <OutPorts = 1>
ST_4 : Operation 122 [1/1] (2.77ns)   --->   "%icmp_ln167 = icmp_eq  i64 %indvar_flatten_load, i64 %mul_ln130" [SystolicArray/main.cpp:167]   --->   Operation 122 'icmp' 'icmp_ln167' <Predicate = true> <Delay = 2.77> <CoreInst = "Cmp">   --->   Core 9 'Cmp' <Latency = 0> <II = 1> <Delay = 2.77> <FuncUnit> <Opcode : 'icmp'> <InPorts = 2> <OutPorts = 1>
ST_4 : Operation 123 [1/1] (3.52ns)   --->   "%add_ln167 = add i64 %indvar_flatten_load, i64 1" [SystolicArray/main.cpp:167]   --->   Operation 123 'add' 'add_ln167' <Predicate = true> <Delay = 3.52> <CoreInst = "Adder">   --->   Core 1 'Adder' <Latency = 0> <II = 1> <Delay = 3.52> <FuncUnit> <Opcode : 'add' 'sub'> <InPorts = 2> <OutPorts = 1>
ST_4 : Operation 124 [1/1] (0.00ns)   --->   "%br_ln167 = br i1 %icmp_ln167, void %for.inc71.loopexit, void %for.end73.loopexit" [SystolicArray/main.cpp:167]   --->   Operation 124 'br' 'br_ln167' <Predicate = true> <Delay = 0.00>
ST_4 : Operation 125 [1/1] (0.00ns)   --->   "%i_load = load i31 %i" [SystolicArray/main.cpp:167]   --->   Operation 125 'load' 'i_load' <Predicate = (!icmp_ln167)> <Delay = 0.00>
ST_4 : Operation 126 [1/1] (2.52ns)   --->   "%i_3 = add i31 %i_load, i31 1" [SystolicArray/main.cpp:167]   --->   Operation 126 'add' 'i_3' <Predicate = (!icmp_ln167)> <Delay = 2.52> <CoreInst = "Adder">   --->   Core 1 'Adder' <Latency = 0> <II = 1> <Delay = 2.52> <FuncUnit> <Opcode : 'add' 'sub'> <InPorts = 2> <OutPorts = 1>
ST_4 : Operation 127 [1/1] (0.73ns)   --->   "%select_ln167_1 = select i1 %icmp_ln168, i31 %i_load, i31 %i_3" [SystolicArray/main.cpp:167]   --->   Operation 127 'select' 'select_ln167_1' <Predicate = (!icmp_ln167)> <Delay = 0.73> <CoreInst = "Sel">   --->   Core 73 'Sel' <Latency = 0> <II = 1> <Delay = 0.73> <FuncUnit> <Opcode : 'select'> <InPorts = 3> <OutPorts = 1>
ST_4 : Operation 128 [1/1] (0.00ns)   --->   "%trunc_ln167 = trunc i31 %select_ln167_1" [SystolicArray/main.cpp:167]   --->   Operation 128 'trunc' 'trunc_ln167' <Predicate = (!icmp_ln167)> <Delay = 0.00>
ST_4 : Operation 129 [1/1] (0.00ns)   --->   "%trunc_ln167_1 = trunc i31 %select_ln167_1" [SystolicArray/main.cpp:167]   --->   Operation 129 'trunc' 'trunc_ln167_1' <Predicate = (!icmp_ln167)> <Delay = 0.00>
ST_4 : Operation 130 [2/2] (0.00ns)   --->   "%call_ln0 = call void @pipelined_layer_processor_Pipeline_Clear, i32 %tile_C_V, i32 %tile_C_V_1, i32 %tile_C_V_2, i32 %tile_C_V_3, i32 %tile_C_V_4, i32 %tile_C_V_5, i32 %tile_C_V_6, i32 %tile_C_V_7, i32 %tile_C_V_8, i32 %tile_C_V_9, i32 %tile_C_V_10, i32 %tile_C_V_11, i32 %tile_C_V_12, i32 %tile_C_V_13, i32 %tile_C_V_14, i32 %tile_C_V_15"   --->   Operation 130 'call' 'call_ln0' <Predicate = (!icmp_ln167)> <Delay = 0.00> <CoreType = "Generic">   --->   Core 0 '' <Latency = 0> <II = 1> <Delay = 1.00> <Generic> <Opcode : >
ST_4 : Operation 131 [1/1] (0.00ns)   --->   "%ret_ln191 = ret" [SystolicArray/main.cpp:191]   --->   Operation 131 'ret' 'ret_ln191' <Predicate = (icmp_ln167)> <Delay = 0.00>

State 5 <SV = 4> <Delay = 7.18>
ST_5 : Operation 132 [1/1] (0.00ns)   --->   "%specloopname_ln0 = specloopname void @_ssdm_op_SpecLoopName, void @Row_Loop_Col_Loop_str"   --->   Operation 132 'specloopname' 'specloopname_ln0' <Predicate = true> <Delay = 0.00>
ST_5 : Operation 133 [1/1] (0.73ns)   --->   "%select_ln167 = select i1 %icmp_ln168, i31 %j_2, i31 0" [SystolicArray/main.cpp:167]   --->   Operation 133 'select' 'select_ln167' <Predicate = true> <Delay = 0.73> <CoreInst = "Sel">   --->   Core 73 'Sel' <Latency = 0> <II = 1> <Delay = 0.73> <FuncUnit> <Opcode : 'select'> <InPorts = 3> <OutPorts = 1>
ST_5 : Operation 134 [1/1] (7.18ns)   --->   "%mul_ln167 = mul i27 %trunc_ln167, i27 %empty" [SystolicArray/main.cpp:167]   --->   Operation 134 'mul' 'mul_ln167' <Predicate = true> <Delay = 7.18> <CoreInst = "Multiplier">   --->   Core 3 'Multiplier' <Latency = 0> <II = 1> <Delay = 7.18> <FuncUnit> <Opcode : 'mul'> <InPorts = 2> <OutPorts = 1>
ST_5 : Operation 135 [1/1] (6.65ns)   --->   "%mul_ln167_1 = mul i25 %trunc_ln167_1, i25 %empty_1055" [SystolicArray/main.cpp:167]   --->   Operation 135 'mul' 'mul_ln167_1' <Predicate = true> <Delay = 6.65> <CoreInst = "Multiplier">   --->   Core 3 'Multiplier' <Latency = 0> <II = 1> <Delay = 6.65> <FuncUnit> <Opcode : 'mul'> <InPorts = 2> <OutPorts = 1>
ST_5 : Operation 136 [1/1] (0.00ns)   --->   "%trunc_ln168 = trunc i31 %select_ln167" [SystolicArray/main.cpp:168]   --->   Operation 136 'trunc' 'trunc_ln168' <Predicate = true> <Delay = 0.00>
ST_5 : Operation 137 [1/1] (0.00ns)   --->   "%trunc_ln168_1 = trunc i31 %select_ln167" [SystolicArray/main.cpp:168]   --->   Operation 137 'trunc' 'trunc_ln168_1' <Predicate = true> <Delay = 0.00>
ST_5 : Operation 138 [1/1] (0.00ns)   --->   "%specloopname_ln168 = specloopname void @_ssdm_op_SpecLoopName, void @empty_1017" [SystolicArray/main.cpp:168]   --->   Operation 138 'specloopname' 'specloopname_ln168' <Predicate = true> <Delay = 0.00>
ST_5 : Operation 139 [1/2] (0.00ns)   --->   "%call_ln0 = call void @pipelined_layer_processor_Pipeline_Clear, i32 %tile_C_V, i32 %tile_C_V_1, i32 %tile_C_V_2, i32 %tile_C_V_3, i32 %tile_C_V_4, i32 %tile_C_V_5, i32 %tile_C_V_6, i32 %tile_C_V_7, i32 %tile_C_V_8, i32 %tile_C_V_9, i32 %tile_C_V_10, i32 %tile_C_V_11, i32 %tile_C_V_12, i32 %tile_C_V_13, i32 %tile_C_V_14, i32 %tile_C_V_15"   --->   Operation 139 'call' 'call_ln0' <Predicate = true> <Delay = 0.00> <CoreType = "Generic">   --->   Core 0 '' <Latency = 0> <II = 1> <Delay = 1.00> <Generic> <Opcode : >
ST_5 : Operation 140 [1/1] (1.58ns)   --->   "%br_ln176 = br void %for.inc62" [SystolicArray/main.cpp:176]   --->   Operation 140 'br' 'br_ln176' <Predicate = true> <Delay = 1.58>

State 6 <SV = 5> <Delay = 5.99>
ST_6 : Operation 141 [1/1] (0.00ns)   --->   "%k = phi i31 %k_1, void %for.inc62.split, i31 0, void %for.inc71.loopexit"   --->   Operation 141 'phi' 'k' <Predicate = true> <Delay = 0.00>
ST_6 : Operation 142 [1/1] (0.00ns)   --->   "%phi_mul = phi i27 %add_ln180, void %for.inc62.split, i27 0, void %for.inc71.loopexit" [SystolicArray/main.cpp:180]   --->   Operation 142 'phi' 'phi_mul' <Predicate = true> <Delay = 0.00>
ST_6 : Operation 143 [1/1] (0.00ns)   --->   "%zext_ln176 = zext i31 %k" [SystolicArray/main.cpp:176]   --->   Operation 143 'zext' 'zext_ln176' <Predicate = true> <Delay = 0.00>
ST_6 : Operation 144 [1/1] (0.00ns)   --->   "%trunc_ln176 = trunc i31 %k" [SystolicArray/main.cpp:176]   --->   Operation 144 'trunc' 'trunc_ln176' <Predicate = true> <Delay = 0.00>
ST_6 : Operation 145 [1/1] (2.47ns)   --->   "%icmp_ln176 = icmp_slt  i32 %zext_ln176, i32 %num_depth_tiles_read" [SystolicArray/main.cpp:176]   --->   Operation 145 'icmp' 'icmp_ln176' <Predicate = true> <Delay = 2.47> <CoreInst = "Cmp">   --->   Core 9 'Cmp' <Latency = 0> <II = 1> <Delay = 2.47> <FuncUnit> <Opcode : 'icmp'> <InPorts = 2> <OutPorts = 1>
ST_6 : Operation 146 [1/1] (2.52ns)   --->   "%k_1 = add i31 %k, i31 1" [SystolicArray/main.cpp:176]   --->   Operation 146 'add' 'k_1' <Predicate = true> <Delay = 2.52> <CoreInst = "Adder">   --->   Core 1 'Adder' <Latency = 0> <II = 1> <Delay = 2.52> <FuncUnit> <Opcode : 'add' 'sub'> <InPorts = 2> <OutPorts = 1>
ST_6 : Operation 147 [1/1] (0.00ns)   --->   "%br_ln176 = br i1 %icmp_ln176, void %for.inc68.loopexit, void %for.inc62.split" [SystolicArray/main.cpp:176]   --->   Operation 147 'br' 'br_ln176' <Predicate = true> <Delay = 0.00>
ST_6 : Operation 148 [1/1] (2.40ns)   --->   "%idx_A = add i27 %trunc_ln176, i27 %mul_ln167" [SystolicArray/main.cpp:179]   --->   Operation 148 'add' 'idx_A' <Predicate = (icmp_ln176)> <Delay = 2.40> <CoreInst = "Adder">   --->   Core 1 'Adder' <Latency = 0> <II = 1> <Delay = 2.40> <FuncUnit> <Opcode : 'add' 'sub'> <InPorts = 2> <OutPorts = 1>
ST_6 : Operation 149 [1/1] (2.40ns)   --->   "%add_ln180 = add i27 %phi_mul, i27 %trunc_ln180" [SystolicArray/main.cpp:180]   --->   Operation 149 'add' 'add_ln180' <Predicate = (icmp_ln176)> <Delay = 2.40> <CoreInst = "Adder">   --->   Core 1 'Adder' <Latency = 0> <II = 1> <Delay = 2.40> <FuncUnit> <Opcode : 'add' 'sub'> <InPorts = 2> <OutPorts = 1>
ST_6 : Operation 150 [1/1] (2.40ns)   --->   "%idx_B = add i27 %phi_mul, i27 %trunc_ln168_1" [SystolicArray/main.cpp:180]   --->   Operation 150 'add' 'idx_B' <Predicate = (icmp_ln176)> <Delay = 2.40> <CoreInst = "Adder">   --->   Core 1 'Adder' <Latency = 0> <II = 1> <Delay = 2.40> <FuncUnit> <Opcode : 'add' 'sub'> <InPorts = 2> <OutPorts = 1>
ST_6 : Operation 151 [2/2] (3.52ns)   --->   "%call_ln182 = call void @read_big_tile, i256 %gmem0, i64 %mat_A_read, i256 %tile_A_V, i256 %tile_A_V_1, i256 %tile_A_V_2, i256 %tile_A_V_3, i256 %tile_A_V_4, i256 %tile_A_V_5, i256 %tile_A_V_6, i256 %tile_A_V_7, i256 %tile_A_V_8, i256 %tile_A_V_9, i256 %tile_A_V_10, i256 %tile_A_V_11, i256 %tile_A_V_12, i256 %tile_A_V_13, i256 %tile_A_V_14, i256 %tile_A_V_15, i27 %idx_A" [SystolicArray/main.cpp:182]   --->   Operation 151 'call' 'call_ln182' <Predicate = (icmp_ln176)> <Delay = 3.52> <CoreType = "Generic">   --->   Core 0 '' <Latency = 0> <II = 1> <Delay = 1.00> <Generic> <Opcode : >
ST_6 : Operation 152 [2/2] (3.52ns)   --->   "%call_ln183 = call void @read_big_tile.1, i256 %gmem1, i64 %mat_B_read, i256 %tile_B_V, i27 %idx_B" [SystolicArray/main.cpp:183]   --->   Operation 152 'call' 'call_ln183' <Predicate = (icmp_ln176)> <Delay = 3.52> <CoreType = "Generic">   --->   Core 0 '' <Latency = 0> <II = 1> <Delay = 1.00> <Generic> <Opcode : >
ST_6 : Operation 153 [1/1] (2.34ns)   --->   "%idx_C = add i25 %trunc_ln168, i25 %mul_ln167_1" [SystolicArray/main.cpp:187]   --->   Operation 153 'add' 'idx_C' <Predicate = (!icmp_ln176)> <Delay = 2.34> <CoreInst = "Adder">   --->   Core 1 'Adder' <Latency = 0> <II = 1> <Delay = 2.34> <FuncUnit> <Opcode : 'add' 'sub'> <InPorts = 2> <OutPorts = 1>
ST_6 : Operation 154 [2/2] (3.52ns)   --->   "%call_ln188 = call void @write_big_tile, i32 %tile_C_V, i32 %tile_C_V_1, i32 %tile_C_V_2, i32 %tile_C_V_3, i32 %tile_C_V_4, i32 %tile_C_V_5, i32 %tile_C_V_6, i32 %tile_C_V_7, i32 %tile_C_V_8, i32 %tile_C_V_9, i32 %tile_C_V_10, i32 %tile_C_V_11, i32 %tile_C_V_12, i32 %tile_C_V_13, i32 %tile_C_V_14, i32 %tile_C_V_15, i256 %gmem0, i64 %mat_C_read, i25 %idx_C" [SystolicArray/main.cpp:188]   --->   Operation 154 'call' 'call_ln188' <Predicate = (!icmp_ln176)> <Delay = 3.52> <CoreType = "Generic">   --->   Core 0 '' <Latency = 0> <II = 1> <Delay = 1.00> <Generic> <Opcode : >
ST_6 : Operation 155 [1/1] (2.52ns)   --->   "%j_3 = add i31 %select_ln167, i31 1" [SystolicArray/main.cpp:168]   --->   Operation 155 'add' 'j_3' <Predicate = (!icmp_ln176)> <Delay = 2.52> <CoreInst = "Adder">   --->   Core 1 'Adder' <Latency = 0> <II = 1> <Delay = 2.52> <FuncUnit> <Opcode : 'add' 'sub'> <InPorts = 2> <OutPorts = 1>
ST_6 : Operation 156 [1/1] (1.58ns)   --->   "%store_ln168 = store i64 %add_ln167, i64 %indvar_flatten" [SystolicArray/main.cpp:168]   --->   Operation 156 'store' 'store_ln168' <Predicate = (!icmp_ln176)> <Delay = 1.58>
ST_6 : Operation 157 [1/1] (1.58ns)   --->   "%store_ln168 = store i31 %select_ln167_1, i31 %i" [SystolicArray/main.cpp:168]   --->   Operation 157 'store' 'store_ln168' <Predicate = (!icmp_ln176)> <Delay = 1.58>
ST_6 : Operation 158 [1/1] (1.58ns)   --->   "%store_ln168 = store i31 %j_3, i31 %j" [SystolicArray/main.cpp:168]   --->   Operation 158 'store' 'store_ln168' <Predicate = (!icmp_ln176)> <Delay = 1.58>

State 7 <SV = 6> <Delay = 0.00>
ST_7 : Operation 159 [1/2] (0.00ns)   --->   "%call_ln182 = call void @read_big_tile, i256 %gmem0, i64 %mat_A_read, i256 %tile_A_V, i256 %tile_A_V_1, i256 %tile_A_V_2, i256 %tile_A_V_3, i256 %tile_A_V_4, i256 %tile_A_V_5, i256 %tile_A_V_6, i256 %tile_A_V_7, i256 %tile_A_V_8, i256 %tile_A_V_9, i256 %tile_A_V_10, i256 %tile_A_V_11, i256 %tile_A_V_12, i256 %tile_A_V_13, i256 %tile_A_V_14, i256 %tile_A_V_15, i27 %idx_A" [SystolicArray/main.cpp:182]   --->   Operation 159 'call' 'call_ln182' <Predicate = true> <Delay = 0.00> <CoreType = "Generic">   --->   Core 0 '' <Latency = 0> <II = 1> <Delay = 1.00> <Generic> <Opcode : >
ST_7 : Operation 160 [1/2] (0.00ns)   --->   "%call_ln183 = call void @read_big_tile.1, i256 %gmem1, i64 %mat_B_read, i256 %tile_B_V, i27 %idx_B" [SystolicArray/main.cpp:183]   --->   Operation 160 'call' 'call_ln183' <Predicate = true> <Delay = 0.00> <CoreType = "Generic">   --->   Core 0 '' <Latency = 0> <II = 1> <Delay = 1.00> <Generic> <Opcode : >

State 8 <SV = 7> <Delay = 0.00>
ST_8 : Operation 161 [2/2] (0.00ns)   --->   "%call_ln184 = call void @compute_systolic, i256 %tile_A_V, i256 %tile_A_V_1, i256 %tile_A_V_2, i256 %tile_A_V_3, i256 %tile_A_V_4, i256 %tile_A_V_5, i256 %tile_A_V_6, i256 %tile_A_V_7, i256 %tile_A_V_8, i256 %tile_A_V_9, i256 %tile_A_V_10, i256 %tile_A_V_11, i256 %tile_A_V_12, i256 %tile_A_V_13, i256 %tile_A_V_14, i256 %tile_A_V_15, i256 %tile_B_V, i32 %tile_C_V, i32 %tile_C_V_1, i32 %tile_C_V_2, i32 %tile_C_V_3, i32 %tile_C_V_4, i32 %tile_C_V_5, i32 %tile_C_V_6, i32 %tile_C_V_7, i32 %tile_C_V_8, i32 %tile_C_V_9, i32 %tile_C_V_10, i32 %tile_C_V_11, i32 %tile_C_V_12, i32 %tile_C_V_13, i32 %tile_C_V_14, i32 %tile_C_V_15" [SystolicArray/main.cpp:184]   --->   Operation 161 'call' 'call_ln184' <Predicate = true> <Delay = 0.00> <CoreType = "Generic">   --->   Core 0 '' <Latency = 0> <II = 1> <Delay = 1.00> <Generic> <Opcode : >

State 9 <SV = 8> <Delay = 0.00>
ST_9 : Operation 162 [1/1] (0.00ns)   --->   "%specloopname_ln176 = specloopname void @_ssdm_op_SpecLoopName, void @empty_1016" [SystolicArray/main.cpp:176]   --->   Operation 162 'specloopname' 'specloopname_ln176' <Predicate = true> <Delay = 0.00>
ST_9 : Operation 163 [1/2] (0.00ns)   --->   "%call_ln184 = call void @compute_systolic, i256 %tile_A_V, i256 %tile_A_V_1, i256 %tile_A_V_2, i256 %tile_A_V_3, i256 %tile_A_V_4, i256 %tile_A_V_5, i256 %tile_A_V_6, i256 %tile_A_V_7, i256 %tile_A_V_8, i256 %tile_A_V_9, i256 %tile_A_V_10, i256 %tile_A_V_11, i256 %tile_A_V_12, i256 %tile_A_V_13, i256 %tile_A_V_14, i256 %tile_A_V_15, i256 %tile_B_V, i32 %tile_C_V, i32 %tile_C_V_1, i32 %tile_C_V_2, i32 %tile_C_V_3, i32 %tile_C_V_4, i32 %tile_C_V_5, i32 %tile_C_V_6, i32 %tile_C_V_7, i32 %tile_C_V_8, i32 %tile_C_V_9, i32 %tile_C_V_10, i32 %tile_C_V_11, i32 %tile_C_V_12, i32 %tile_C_V_13, i32 %tile_C_V_14, i32 %tile_C_V_15" [SystolicArray/main.cpp:184]   --->   Operation 163 'call' 'call_ln184' <Predicate = true> <Delay = 0.00> <CoreType = "Generic">   --->   Core 0 '' <Latency = 0> <II = 1> <Delay = 1.00> <Generic> <Opcode : >
ST_9 : Operation 164 [1/1] (0.00ns)   --->   "%br_ln176 = br void %for.inc62" [SystolicArray/main.cpp:176]   --->   Operation 164 'br' 'br_ln176' <Predicate = true> <Delay = 0.00>

State 10 <SV = 6> <Delay = 0.00>
ST_10 : Operation 165 [1/2] (0.00ns)   --->   "%call_ln188 = call void @write_big_tile, i32 %tile_C_V, i32 %tile_C_V_1, i32 %tile_C_V_2, i32 %tile_C_V_3, i32 %tile_C_V_4, i32 %tile_C_V_5, i32 %tile_C_V_6, i32 %tile_C_V_7, i32 %tile_C_V_8, i32 %tile_C_V_9, i32 %tile_C_V_10, i32 %tile_C_V_11, i32 %tile_C_V_12, i32 %tile_C_V_13, i32 %tile_C_V_14, i32 %tile_C_V_15, i256 %gmem0, i64 %mat_C_read, i25 %idx_C" [SystolicArray/main.cpp:188]   --->   Operation 165 'call' 'call_ln188' <Predicate = true> <Delay = 0.00> <CoreType = "Generic">   --->   Core 0 '' <Latency = 0> <II = 1> <Delay = 1.00> <Generic> <Opcode : >
ST_10 : Operation 166 [1/1] (0.00ns)   --->   "%br_ln168 = br void %Clear" [SystolicArray/main.cpp:168]   --->   Operation 166 'br' 'br_ln168' <Predicate = true> <Delay = 0.00>


============================================================
+ Verbose Summary: Binding
============================================================
STG Binding: 
---------------- STG Properties BEGIN ----------------
- Is combinational: 0
- Is one-state seq: 0
- Is datapath-only: 0
- Is pipelined: 0
- Is top level: 1
Port [ Return ] is wired: 1; IO mode=ap_ctrl_hs:ce=0
Port [ gmem0]:  wired=1; compound=1; hidden=0; nouse=0; global=0; static=0; extern=0; dir=2; type=4; pingpong=0; private_global=0; IO mode=m_axi:ce=0
Port [ gmem1]:  wired=1; compound=1; hidden=0; nouse=0; global=0; static=0; extern=0; dir=0; type=4; pingpong=0; private_global=0; IO mode=m_axi:ce=0
Port [ mat_A]:  wired=1; compound=0; hidden=0; nouse=0; global=0; static=0; extern=0; dir=0; type=0; pingpong=0; private_global=0; IO mode=ap_none:ce=0
Port [ mat_B]:  wired=1; compound=0; hidden=0; nouse=0; global=0; static=0; extern=0; dir=0; type=0; pingpong=0; private_global=0; IO mode=ap_none:ce=0
Port [ mat_C]:  wired=1; compound=0; hidden=0; nouse=0; global=0; static=0; extern=0; dir=0; type=0; pingpong=0; private_global=0; IO mode=ap_none:ce=0
Port [ num_row_tiles]:  wired=1; compound=0; hidden=0; nouse=0; global=0; static=0; extern=0; dir=0; type=0; pingpong=0; private_global=0; IO mode=ap_none:ce=0
Port [ num_depth_tiles]:  wired=1; compound=0; hidden=0; nouse=0; global=0; static=0; extern=0; dir=0; type=0; pingpong=0; private_global=0; IO mode=ap_none:ce=0
Port [ num_col_tiles]:  wired=1; compound=0; hidden=0; nouse=0; global=0; static=0; extern=0; dir=0; type=0; pingpong=0; private_global=0; IO mode=ap_none:ce=0
---------------- STG Properties END ------------------

---------------- Datapath Model BEGIN ----------------

<LifeTime>
<method=bitvector/>
j                    (alloca       ) [ 01111111111]
i                    (alloca       ) [ 01111111111]
indvar_flatten       (alloca       ) [ 01111111111]
num_col_tiles_read   (read         ) [ 00111111111]
num_depth_tiles_read (read         ) [ 00111111111]
num_row_tiles_read   (read         ) [ 00100000000]
mat_C_read           (read         ) [ 00111111111]
mat_B_read           (read         ) [ 00111111111]
mat_A_read           (read         ) [ 00111111111]
tile_A_V             (alloca       ) [ 00111111111]
tile_A_V_1           (alloca       ) [ 00111111111]
tile_A_V_2           (alloca       ) [ 00111111111]
tile_A_V_3           (alloca       ) [ 00111111111]
tile_A_V_4           (alloca       ) [ 00111111111]
tile_A_V_5           (alloca       ) [ 00111111111]
tile_A_V_6           (alloca       ) [ 00111111111]
tile_A_V_7           (alloca       ) [ 00111111111]
tile_A_V_8           (alloca       ) [ 00111111111]
tile_A_V_9           (alloca       ) [ 00111111111]
tile_A_V_10          (alloca       ) [ 00111111111]
tile_A_V_11          (alloca       ) [ 00111111111]
tile_A_V_12          (alloca       ) [ 00111111111]
tile_A_V_13          (alloca       ) [ 00111111111]
tile_A_V_14          (alloca       ) [ 00111111111]
tile_A_V_15          (alloca       ) [ 00111111111]
tile_B_V             (alloca       ) [ 00111111111]
tile_C_V             (alloca       ) [ 00111111111]
tile_C_V_1           (alloca       ) [ 00111111111]
tile_C_V_2           (alloca       ) [ 00111111111]
tile_C_V_3           (alloca       ) [ 00111111111]
tile_C_V_4           (alloca       ) [ 00111111111]
tile_C_V_5           (alloca       ) [ 00111111111]
tile_C_V_6           (alloca       ) [ 00111111111]
tile_C_V_7           (alloca       ) [ 00111111111]
tile_C_V_8           (alloca       ) [ 00111111111]
tile_C_V_9           (alloca       ) [ 00111111111]
tile_C_V_10          (alloca       ) [ 00111111111]
tile_C_V_11          (alloca       ) [ 00111111111]
tile_C_V_12          (alloca       ) [ 00111111111]
tile_C_V_13          (alloca       ) [ 00111111111]
tile_C_V_14          (alloca       ) [ 00111111111]
tile_C_V_15          (alloca       ) [ 00111111111]
empty                (trunc        ) [ 00111111111]
empty_1055           (trunc        ) [ 00111111111]
trunc_ln180          (trunc        ) [ 00111111111]
store_ln167          (store        ) [ 00000000000]
store_ln167          (store        ) [ 00000000000]
store_ln167          (store        ) [ 00000000000]
zext_ln130           (zext         ) [ 00010000000]
zext_ln130_1         (zext         ) [ 00010000000]
spectopmodule_ln130  (spectopmodule) [ 00000000000]
specinterface_ln0    (specinterface) [ 00000000000]
specbitsmap_ln0      (specbitsmap  ) [ 00000000000]
specinterface_ln0    (specinterface) [ 00000000000]
specbitsmap_ln0      (specbitsmap  ) [ 00000000000]
specinterface_ln0    (specinterface) [ 00000000000]
specinterface_ln0    (specinterface) [ 00000000000]
specinterface_ln0    (specinterface) [ 00000000000]
specinterface_ln0    (specinterface) [ 00000000000]
specinterface_ln0    (specinterface) [ 00000000000]
specinterface_ln0    (specinterface) [ 00000000000]
specbitsmap_ln0      (specbitsmap  ) [ 00000000000]
specinterface_ln0    (specinterface) [ 00000000000]
specinterface_ln0    (specinterface) [ 00000000000]
specbitsmap_ln0      (specbitsmap  ) [ 00000000000]
specinterface_ln0    (specinterface) [ 00000000000]
specinterface_ln0    (specinterface) [ 00000000000]
specbitsmap_ln0      (specbitsmap  ) [ 00000000000]
specinterface_ln0    (specinterface) [ 00000000000]
specinterface_ln0    (specinterface) [ 00000000000]
specinterface_ln0    (specinterface) [ 00000000000]
specmemcore_ln159    (specmemcore  ) [ 00000000000]
specmemcore_ln159    (specmemcore  ) [ 00000000000]
specmemcore_ln159    (specmemcore  ) [ 00000000000]
specmemcore_ln159    (specmemcore  ) [ 00000000000]
specmemcore_ln159    (specmemcore  ) [ 00000000000]
specmemcore_ln159    (specmemcore  ) [ 00000000000]
specmemcore_ln159    (specmemcore  ) [ 00000000000]
specmemcore_ln159    (specmemcore  ) [ 00000000000]
specmemcore_ln159    (specmemcore  ) [ 00000000000]
specmemcore_ln159    (specmemcore  ) [ 00000000000]
specmemcore_ln159    (specmemcore  ) [ 00000000000]
specmemcore_ln159    (specmemcore  ) [ 00000000000]
specmemcore_ln159    (specmemcore  ) [ 00000000000]
specmemcore_ln159    (specmemcore  ) [ 00000000000]
specmemcore_ln159    (specmemcore  ) [ 00000000000]
specmemcore_ln159    (specmemcore  ) [ 00000000000]
specmemcore_ln162    (specmemcore  ) [ 00000000000]
specmemcore_ln165    (specmemcore  ) [ 00000000000]
specmemcore_ln165    (specmemcore  ) [ 00000000000]
specmemcore_ln165    (specmemcore  ) [ 00000000000]
specmemcore_ln165    (specmemcore  ) [ 00000000000]
specmemcore_ln165    (specmemcore  ) [ 00000000000]
specmemcore_ln165    (specmemcore  ) [ 00000000000]
specmemcore_ln165    (specmemcore  ) [ 00000000000]
specmemcore_ln165    (specmemcore  ) [ 00000000000]
specmemcore_ln165    (specmemcore  ) [ 00000000000]
specmemcore_ln165    (specmemcore  ) [ 00000000000]
specmemcore_ln165    (specmemcore  ) [ 00000000000]
specmemcore_ln165    (specmemcore  ) [ 00000000000]
specmemcore_ln165    (specmemcore  ) [ 00000000000]
specmemcore_ln165    (specmemcore  ) [ 00000000000]
specmemcore_ln165    (specmemcore  ) [ 00000000000]
specmemcore_ln165    (specmemcore  ) [ 00000000000]
mul_ln130            (mul          ) [ 00001111111]
br_ln167             (br           ) [ 00000000000]
j_2                  (load         ) [ 00000100000]
indvar_flatten_load  (load         ) [ 00000000000]
zext_ln168           (zext         ) [ 00000000000]
icmp_ln168           (icmp         ) [ 00000100000]
icmp_ln167           (icmp         ) [ 00001111111]
add_ln167            (add          ) [ 00000111110]
br_ln167             (br           ) [ 00000000000]
i_load               (load         ) [ 00000000000]
i_3                  (add          ) [ 00000000000]
select_ln167_1       (select       ) [ 00000111110]
trunc_ln167          (trunc        ) [ 00000100000]
trunc_ln167_1        (trunc        ) [ 00000100000]
ret_ln191            (ret          ) [ 00000000000]
specloopname_ln0     (specloopname ) [ 00000000000]
select_ln167         (select       ) [ 00000011110]
mul_ln167            (mul          ) [ 00000011110]
mul_ln167_1          (mul          ) [ 00000011110]
trunc_ln168          (trunc        ) [ 00000011110]
trunc_ln168_1        (trunc        ) [ 00000011110]
specloopname_ln168   (specloopname ) [ 00000000000]
call_ln0             (call         ) [ 00000000000]
br_ln176             (br           ) [ 00001111111]
k                    (phi          ) [ 00000010000]
phi_mul              (phi          ) [ 00000010000]
zext_ln176           (zext         ) [ 00000000000]
trunc_ln176          (trunc        ) [ 00000000000]
icmp_ln176           (icmp         ) [ 00001111111]
k_1                  (add          ) [ 00001111111]
br_ln176             (br           ) [ 00000000000]
idx_A                (add          ) [ 00000001000]
add_ln180            (add          ) [ 00001111111]
idx_B                (add          ) [ 00000001000]
idx_C                (add          ) [ 00000000001]
j_3                  (add          ) [ 00000000000]
store_ln168          (store        ) [ 00000000000]
store_ln168          (store        ) [ 00000000000]
store_ln168          (store        ) [ 00000000000]
call_ln182           (call         ) [ 00000000000]
call_ln183           (call         ) [ 00000000000]
specloopname_ln176   (specloopname ) [ 00000000000]
call_ln184           (call         ) [ 00000000000]
br_ln176             (br           ) [ 00001111111]
call_ln188           (call         ) [ 00000000000]
br_ln168             (br           ) [ 00000000000]
</LifeTime>

<model>

<comp_list>
<comp id="0" class="1000" name="gmem0">
<pin_list>
<pin id="1" dir="1" index="0" bw="1" slack="0"/>
</pin_list>
<bind>
<StgValue><ssdm name="gmem0"/></StgValue>
</bind>
</comp>

<comp id="2" class="1000" name="gmem1">
<pin_list>
<pin id="3" dir="1" index="0" bw="1" slack="0"/>
</pin_list>
<bind>
<StgValue><ssdm name="gmem1"/></StgValue>
</bind>
</comp>

<comp id="4" class="1000" name="mat_A">
<pin_list>
<pin id="5" dir="1" index="0" bw="1" slack="0"/>
</pin_list>
<bind>
<StgValue><ssdm name="mat_A"/></StgValue>
</bind>
</comp>

<comp id="6" class="1000" name="mat_B">
<pin_list>
<pin id="7" dir="1" index="0" bw="1" slack="0"/>
</pin_list>
<bind>
<StgValue><ssdm name="mat_B"/></StgValue>
</bind>
</comp>

<comp id="8" class="1000" name="mat_C">
<pin_list>
<pin id="9" dir="1" index="0" bw="1" slack="0"/>
</pin_list>
<bind>
<StgValue><ssdm name="mat_C"/></StgValue>
</bind>
</comp>

<comp id="10" class="1000" name="num_row_tiles">
<pin_list>
<pin id="11" dir="1" index="0" bw="1" slack="0"/>
</pin_list>
<bind>
<StgValue><ssdm name="num_row_tiles"/></StgValue>
</bind>
</comp>

<comp id="12" class="1000" name="num_depth_tiles">
<pin_list>
<pin id="13" dir="1" index="0" bw="1" slack="0"/>
</pin_list>
<bind>
<StgValue><ssdm name="num_depth_tiles"/></StgValue>
</bind>
</comp>

<comp id="14" class="1000" name="num_col_tiles">
<pin_list>
<pin id="15" dir="1" index="0" bw="1" slack="0"/>
</pin_list>
<bind>
<StgValue><ssdm name="num_col_tiles"/></StgValue>
</bind>
</comp>

<comp id="16" class="1001" name="const_16">
<pin_list>
<pin id="17" dir="1" index="0" bw="1" slack="0"/>
</pin_list>
<bind>
<StgValue><ssdm name=""/></StgValue>
</bind>
</comp>

<comp id="18" class="1001" name="const_18">
<pin_list>
<pin id="19" dir="1" index="0" bw="1" slack="0"/>
</pin_list>
<bind>
<StgValue><ssdm name="_ssdm_op_Read.s_axilite.i32"/></StgValue>
</bind>
</comp>

<comp id="20" class="1001" name="const_20">
<pin_list>
<pin id="21" dir="1" index="0" bw="1" slack="0"/>
</pin_list>
<bind>
<StgValue><ssdm name="_ssdm_op_Read.s_axilite.i64"/></StgValue>
</bind>
</comp>

<comp id="22" class="1001" name="const_22">
<pin_list>
<pin id="23" dir="1" index="0" bw="1" slack="0"/>
</pin_list>
<bind>
<StgValue><ssdm name=""/></StgValue>
</bind>
</comp>

<comp id="24" class="1001" name="const_24">
<pin_list>
<pin id="25" dir="1" index="0" bw="1" slack="0"/>
</pin_list>
<bind>
<StgValue><ssdm name=""/></StgValue>
</bind>
</comp>

<comp id="26" class="1001" name="const_26">
<pin_list>
<pin id="27" dir="1" index="0" bw="1" slack="0"/>
</pin_list>
<bind>
<StgValue><ssdm name=""/></StgValue>
</bind>
</comp>

<comp id="28" class="1001" name="const_28">
<pin_list>
<pin id="29" dir="1" index="0" bw="1" slack="2147483647"/>
</pin_list>
<bind>
<StgValue><ssdm name="_ssdm_op_SpecTopModule"/></StgValue>
</bind>
</comp>

<comp id="30" class="1001" name="const_30">
<pin_list>
<pin id="31" dir="1" index="0" bw="1" slack="2147483647"/>
</pin_list>
<bind>
<StgValue><ssdm name="empty_1039"/></StgValue>
</bind>
</comp>

<comp id="32" class="1001" name="const_32">
<pin_list>
<pin id="33" dir="1" index="0" bw="1" slack="2147483647"/>
</pin_list>
<bind>
<StgValue><ssdm name="_ssdm_op_SpecInterface"/></StgValue>
</bind>
</comp>

<comp id="34" class="1001" name="const_34">
<pin_list>
<pin id="35" dir="1" index="0" bw="1" slack="2147483647"/>
</pin_list>
<bind>
<StgValue><ssdm name="empty_1045"/></StgValue>
</bind>
</comp>

<comp id="36" class="1001" name="const_36">
<pin_list>
<pin id="37" dir="1" index="0" bw="1" slack="2147483647"/>
</pin_list>
<bind>
<StgValue><ssdm name=""/></StgValue>
</bind>
</comp>

<comp id="38" class="1001" name="const_38">
<pin_list>
<pin id="39" dir="1" index="0" bw="1" slack="2147483647"/>
</pin_list>
<bind>
<StgValue><ssdm name="empty_1037"/></StgValue>
</bind>
</comp>

<comp id="40" class="1001" name="const_40">
<pin_list>
<pin id="41" dir="1" index="0" bw="1" slack="2147483647"/>
</pin_list>
<bind>
<StgValue><ssdm name=""/></StgValue>
</bind>
</comp>

<comp id="42" class="1001" name="const_42">
<pin_list>
<pin id="43" dir="1" index="0" bw="1" slack="2147483647"/>
</pin_list>
<bind>
<StgValue><ssdm name="empty_1023"/></StgValue>
</bind>
</comp>

<comp id="44" class="1001" name="const_44">
<pin_list>
<pin id="45" dir="1" index="0" bw="1" slack="2147483647"/>
</pin_list>
<bind>
<StgValue><ssdm name="empty_1032"/></StgValue>
</bind>
</comp>

<comp id="46" class="1001" name="const_46">
<pin_list>
<pin id="47" dir="1" index="0" bw="1" slack="2147483647"/>
</pin_list>
<bind>
<StgValue><ssdm name=""/></StgValue>
</bind>
</comp>

<comp id="48" class="1001" name="const_48">
<pin_list>
<pin id="49" dir="1" index="0" bw="1" slack="2147483647"/>
</pin_list>
<bind>
<StgValue><ssdm name=""/></StgValue>
</bind>
</comp>

<comp id="50" class="1001" name="const_50">
<pin_list>
<pin id="51" dir="1" index="0" bw="1" slack="2147483647"/>
</pin_list>
<bind>
<StgValue><ssdm name=""/></StgValue>
</bind>
</comp>

<comp id="52" class="1001" name="const_52">
<pin_list>
<pin id="53" dir="1" index="0" bw="1" slack="2147483647"/>
</pin_list>
<bind>
<StgValue><ssdm name="_ssdm_op_SpecBitsMap"/></StgValue>
</bind>
</comp>

<comp id="54" class="1001" name="const_54">
<pin_list>
<pin id="55" dir="1" index="0" bw="1" slack="2147483647"/>
</pin_list>
<bind>
<StgValue><ssdm name="empty_1019"/></StgValue>
</bind>
</comp>

<comp id="56" class="1001" name="const_56">
<pin_list>
<pin id="57" dir="1" index="0" bw="1" slack="2147483647"/>
</pin_list>
<bind>
<StgValue><ssdm name=""/></StgValue>
</bind>
</comp>

<comp id="58" class="1001" name="const_58">
<pin_list>
<pin id="59" dir="1" index="0" bw="1" slack="2147483647"/>
</pin_list>
<bind>
<StgValue><ssdm name="empty_1025"/></StgValue>
</bind>
</comp>

<comp id="60" class="1001" name="const_60">
<pin_list>
<pin id="61" dir="1" index="0" bw="1" slack="2147483647"/>
</pin_list>
<bind>
<StgValue><ssdm name="empty_1015"/></StgValue>
</bind>
</comp>

<comp id="62" class="1001" name="const_62">
<pin_list>
<pin id="63" dir="1" index="0" bw="1" slack="2147483647"/>
</pin_list>
<bind>
<StgValue><ssdm name="empty_1043"/></StgValue>
</bind>
</comp>

<comp id="64" class="1001" name="const_64">
<pin_list>
<pin id="65" dir="1" index="0" bw="1" slack="2147483647"/>
</pin_list>
<bind>
<StgValue><ssdm name="empty_1022"/></StgValue>
</bind>
</comp>

<comp id="66" class="1001" name="const_66">
<pin_list>
<pin id="67" dir="1" index="0" bw="1" slack="2147483647"/>
</pin_list>
<bind>
<StgValue><ssdm name="empty_1021"/></StgValue>
</bind>
</comp>

<comp id="68" class="1001" name="const_68">
<pin_list>
<pin id="69" dir="1" index="0" bw="1" slack="2147483647"/>
</pin_list>
<bind>
<StgValue><ssdm name="empty_944"/></StgValue>
</bind>
</comp>

<comp id="70" class="1001" name="const_70">
<pin_list>
<pin id="71" dir="1" index="0" bw="1" slack="2147483647"/>
</pin_list>
<bind>
<StgValue><ssdm name="empty_1026"/></StgValue>
</bind>
</comp>

<comp id="72" class="1001" name="const_72">
<pin_list>
<pin id="73" dir="1" index="0" bw="1" slack="2147483647"/>
</pin_list>
<bind>
<StgValue><ssdm name="empty_1018"/></StgValue>
</bind>
</comp>

<comp id="74" class="1001" name="const_74">
<pin_list>
<pin id="75" dir="1" index="0" bw="1" slack="2147483647"/>
</pin_list>
<bind>
<StgValue><ssdm name="empty_1041"/></StgValue>
</bind>
</comp>

<comp id="76" class="1001" name="const_76">
<pin_list>
<pin id="77" dir="1" index="0" bw="1" slack="2147483647"/>
</pin_list>
<bind>
<StgValue><ssdm name="empty_1040"/></StgValue>
</bind>
</comp>

<comp id="78" class="1001" name="const_78">
<pin_list>
<pin id="79" dir="1" index="0" bw="1" slack="2147483647"/>
</pin_list>
<bind>
<StgValue><ssdm name="_ssdm_op_SpecMemCore"/></StgValue>
</bind>
</comp>

<comp id="80" class="1001" name="const_80">
<pin_list>
<pin id="81" dir="1" index="0" bw="1" slack="2147483647"/>
</pin_list>
<bind>
<StgValue><ssdm name=""/></StgValue>
</bind>
</comp>

<comp id="82" class="1001" name="const_82">
<pin_list>
<pin id="83" dir="1" index="0" bw="1" slack="2147483647"/>
</pin_list>
<bind>
<StgValue><ssdm name=""/></StgValue>
</bind>
</comp>

<comp id="84" class="1001" name="const_84">
<pin_list>
<pin id="85" dir="1" index="0" bw="1" slack="2147483647"/>
</pin_list>
<bind>
<StgValue><ssdm name=""/></StgValue>
</bind>
</comp>

<comp id="86" class="1001" name="const_86">
<pin_list>
<pin id="87" dir="1" index="0" bw="1" slack="0"/>
</pin_list>
<bind>
<StgValue><ssdm name=""/></StgValue>
</bind>
</comp>

<comp id="88" class="1001" name="const_88">
<pin_list>
<pin id="89" dir="1" index="0" bw="1" slack="0"/>
</pin_list>
<bind>
<StgValue><ssdm name="pipelined_layer_processor_Pipeline_Clear"/></StgValue>
</bind>
</comp>

<comp id="90" class="1001" name="const_90">
<pin_list>
<pin id="91" dir="1" index="0" bw="1" slack="2147483647"/>
</pin_list>
<bind>
<StgValue><ssdm name="_ssdm_op_SpecLoopName"/></StgValue>
</bind>
</comp>

<comp id="92" class="1001" name="const_92">
<pin_list>
<pin id="93" dir="1" index="0" bw="1" slack="2147483647"/>
</pin_list>
<bind>
<StgValue><ssdm name="Row_Loop_Col_Loop_str"/></StgValue>
</bind>
</comp>

<comp id="94" class="1001" name="const_94">
<pin_list>
<pin id="95" dir="1" index="0" bw="1" slack="2147483647"/>
</pin_list>
<bind>
<StgValue><ssdm name="empty_1017"/></StgValue>
</bind>
</comp>

<comp id="96" class="1001" name="const_96">
<pin_list>
<pin id="97" dir="1" index="0" bw="1" slack="1"/>
</pin_list>
<bind>
<StgValue><ssdm name=""/></StgValue>
</bind>
</comp>

<comp id="98" class="1001" name="const_98">
<pin_list>
<pin id="99" dir="1" index="0" bw="1" slack="0"/>
</pin_list>
<bind>
<StgValue><ssdm name="read_big_tile"/></StgValue>
</bind>
</comp>

<comp id="100" class="1001" name="const_100">
<pin_list>
<pin id="101" dir="1" index="0" bw="1" slack="0"/>
</pin_list>
<bind>
<StgValue><ssdm name="read_big_tile.1"/></StgValue>
</bind>
</comp>

<comp id="102" class="1001" name="const_102">
<pin_list>
<pin id="103" dir="1" index="0" bw="1" slack="0"/>
</pin_list>
<bind>
<StgValue><ssdm name="write_big_tile"/></StgValue>
</bind>
</comp>

<comp id="104" class="1001" name="const_104">
<pin_list>
<pin id="105" dir="1" index="0" bw="1" slack="0"/>
</pin_list>
<bind>
<StgValue><ssdm name="compute_systolic"/></StgValue>
</bind>
</comp>

<comp id="106" class="1001" name="const_106">
<pin_list>
<pin id="107" dir="1" index="0" bw="1" slack="2147483647"/>
</pin_list>
<bind>
<StgValue><ssdm name="empty_1016"/></StgValue>
</bind>
</comp>

<comp id="108" class="1004" name="j_fu_108">
<pin_list>
<pin id="109" dir="0" index="0" bw="1" slack="0"/>
<pin id="110" dir="1" index="1" bw="31" slack="0"/>
</pin_list>
<bind>
<opcode="alloca(26) " fcode="alloca"/>
<opset="j/1 "/>
</bind>
</comp>

<comp id="112" class="1004" name="i_fu_112">
<pin_list>
<pin id="113" dir="0" index="0" bw="1" slack="0"/>
<pin id="114" dir="1" index="1" bw="31" slack="0"/>
</pin_list>
<bind>
<opcode="alloca(26) " fcode="alloca"/>
<opset="i/1 "/>
</bind>
</comp>

<comp id="116" class="1004" name="indvar_flatten_fu_116">
<pin_list>
<pin id="117" dir="0" index="0" bw="1" slack="0"/>
<pin id="118" dir="1" index="1" bw="64" slack="0"/>
</pin_list>
<bind>
<opcode="alloca(26) " fcode="alloca"/>
<opset="indvar_flatten/1 "/>
</bind>
</comp>

<comp id="120" class="1004" name="tile_A_V_alloca_fu_120">
<pin_list>
<pin id="121" dir="0" index="0" bw="1" slack="0"/>
<pin id="122" dir="1" index="1" bw="256" slack="2147483647"/>
</pin_list>
<bind>
<opcode="alloca(26) " fcode="alloca"/>
<opset="tile_A_V/1 "/>
</bind>
</comp>

<comp id="124" class="1004" name="tile_A_V_1_alloca_fu_124">
<pin_list>
<pin id="125" dir="0" index="0" bw="1" slack="0"/>
<pin id="126" dir="1" index="1" bw="256" slack="2147483647"/>
</pin_list>
<bind>
<opcode="alloca(26) " fcode="alloca"/>
<opset="tile_A_V_1/1 "/>
</bind>
</comp>

<comp id="128" class="1004" name="tile_A_V_2_alloca_fu_128">
<pin_list>
<pin id="129" dir="0" index="0" bw="1" slack="0"/>
<pin id="130" dir="1" index="1" bw="256" slack="2147483647"/>
</pin_list>
<bind>
<opcode="alloca(26) " fcode="alloca"/>
<opset="tile_A_V_2/1 "/>
</bind>
</comp>

<comp id="132" class="1004" name="tile_A_V_3_alloca_fu_132">
<pin_list>
<pin id="133" dir="0" index="0" bw="1" slack="0"/>
<pin id="134" dir="1" index="1" bw="256" slack="2147483647"/>
</pin_list>
<bind>
<opcode="alloca(26) " fcode="alloca"/>
<opset="tile_A_V_3/1 "/>
</bind>
</comp>

<comp id="136" class="1004" name="tile_A_V_4_alloca_fu_136">
<pin_list>
<pin id="137" dir="0" index="0" bw="1" slack="0"/>
<pin id="138" dir="1" index="1" bw="256" slack="2147483647"/>
</pin_list>
<bind>
<opcode="alloca(26) " fcode="alloca"/>
<opset="tile_A_V_4/1 "/>
</bind>
</comp>

<comp id="140" class="1004" name="tile_A_V_5_alloca_fu_140">
<pin_list>
<pin id="141" dir="0" index="0" bw="1" slack="0"/>
<pin id="142" dir="1" index="1" bw="256" slack="2147483647"/>
</pin_list>
<bind>
<opcode="alloca(26) " fcode="alloca"/>
<opset="tile_A_V_5/1 "/>
</bind>
</comp>

<comp id="144" class="1004" name="tile_A_V_6_alloca_fu_144">
<pin_list>
<pin id="145" dir="0" index="0" bw="1" slack="0"/>
<pin id="146" dir="1" index="1" bw="256" slack="2147483647"/>
</pin_list>
<bind>
<opcode="alloca(26) " fcode="alloca"/>
<opset="tile_A_V_6/1 "/>
</bind>
</comp>

<comp id="148" class="1004" name="tile_A_V_7_alloca_fu_148">
<pin_list>
<pin id="149" dir="0" index="0" bw="1" slack="0"/>
<pin id="150" dir="1" index="1" bw="256" slack="2147483647"/>
</pin_list>
<bind>
<opcode="alloca(26) " fcode="alloca"/>
<opset="tile_A_V_7/1 "/>
</bind>
</comp>

<comp id="152" class="1004" name="tile_A_V_8_alloca_fu_152">
<pin_list>
<pin id="153" dir="0" index="0" bw="1" slack="0"/>
<pin id="154" dir="1" index="1" bw="256" slack="2147483647"/>
</pin_list>
<bind>
<opcode="alloca(26) " fcode="alloca"/>
<opset="tile_A_V_8/1 "/>
</bind>
</comp>

<comp id="156" class="1004" name="tile_A_V_9_alloca_fu_156">
<pin_list>
<pin id="157" dir="0" index="0" bw="1" slack="0"/>
<pin id="158" dir="1" index="1" bw="256" slack="2147483647"/>
</pin_list>
<bind>
<opcode="alloca(26) " fcode="alloca"/>
<opset="tile_A_V_9/1 "/>
</bind>
</comp>

<comp id="160" class="1004" name="tile_A_V_10_alloca_fu_160">
<pin_list>
<pin id="161" dir="0" index="0" bw="1" slack="0"/>
<pin id="162" dir="1" index="1" bw="256" slack="2147483647"/>
</pin_list>
<bind>
<opcode="alloca(26) " fcode="alloca"/>
<opset="tile_A_V_10/1 "/>
</bind>
</comp>

<comp id="164" class="1004" name="tile_A_V_11_alloca_fu_164">
<pin_list>
<pin id="165" dir="0" index="0" bw="1" slack="0"/>
<pin id="166" dir="1" index="1" bw="256" slack="2147483647"/>
</pin_list>
<bind>
<opcode="alloca(26) " fcode="alloca"/>
<opset="tile_A_V_11/1 "/>
</bind>
</comp>

<comp id="168" class="1004" name="tile_A_V_12_alloca_fu_168">
<pin_list>
<pin id="169" dir="0" index="0" bw="1" slack="0"/>
<pin id="170" dir="1" index="1" bw="256" slack="2147483647"/>
</pin_list>
<bind>
<opcode="alloca(26) " fcode="alloca"/>
<opset="tile_A_V_12/1 "/>
</bind>
</comp>

<comp id="172" class="1004" name="tile_A_V_13_alloca_fu_172">
<pin_list>
<pin id="173" dir="0" index="0" bw="1" slack="0"/>
<pin id="174" dir="1" index="1" bw="256" slack="2147483647"/>
</pin_list>
<bind>
<opcode="alloca(26) " fcode="alloca"/>
<opset="tile_A_V_13/1 "/>
</bind>
</comp>

<comp id="176" class="1004" name="tile_A_V_14_alloca_fu_176">
<pin_list>
<pin id="177" dir="0" index="0" bw="1" slack="0"/>
<pin id="178" dir="1" index="1" bw="256" slack="2147483647"/>
</pin_list>
<bind>
<opcode="alloca(26) " fcode="alloca"/>
<opset="tile_A_V_14/1 "/>
</bind>
</comp>

<comp id="180" class="1004" name="tile_A_V_15_alloca_fu_180">
<pin_list>
<pin id="181" dir="0" index="0" bw="1" slack="0"/>
<pin id="182" dir="1" index="1" bw="256" slack="2147483647"/>
</pin_list>
<bind>
<opcode="alloca(26) " fcode="alloca"/>
<opset="tile_A_V_15/1 "/>
</bind>
</comp>

<comp id="184" class="1004" name="tile_B_V_alloca_fu_184">
<pin_list>
<pin id="185" dir="0" index="0" bw="1" slack="0"/>
<pin id="186" dir="1" index="1" bw="256" slack="2147483647"/>
</pin_list>
<bind>
<opcode="alloca(26) " fcode="alloca"/>
<opset="tile_B_V/1 "/>
</bind>
</comp>

<comp id="188" class="1004" name="tile_C_V_alloca_fu_188">
<pin_list>
<pin id="189" dir="0" index="0" bw="1" slack="0"/>
<pin id="190" dir="1" index="1" bw="32" slack="2147483647"/>
</pin_list>
<bind>
<opcode="alloca(26) " fcode="alloca"/>
<opset="tile_C_V/1 "/>
</bind>
</comp>

<comp id="192" class="1004" name="tile_C_V_1_alloca_fu_192">
<pin_list>
<pin id="193" dir="0" index="0" bw="1" slack="0"/>
<pin id="194" dir="1" index="1" bw="32" slack="2147483647"/>
</pin_list>
<bind>
<opcode="alloca(26) " fcode="alloca"/>
<opset="tile_C_V_1/1 "/>
</bind>
</comp>

<comp id="196" class="1004" name="tile_C_V_2_alloca_fu_196">
<pin_list>
<pin id="197" dir="0" index="0" bw="1" slack="0"/>
<pin id="198" dir="1" index="1" bw="32" slack="2147483647"/>
</pin_list>
<bind>
<opcode="alloca(26) " fcode="alloca"/>
<opset="tile_C_V_2/1 "/>
</bind>
</comp>

<comp id="200" class="1004" name="tile_C_V_3_alloca_fu_200">
<pin_list>
<pin id="201" dir="0" index="0" bw="1" slack="0"/>
<pin id="202" dir="1" index="1" bw="32" slack="2147483647"/>
</pin_list>
<bind>
<opcode="alloca(26) " fcode="alloca"/>
<opset="tile_C_V_3/1 "/>
</bind>
</comp>

<comp id="204" class="1004" name="tile_C_V_4_alloca_fu_204">
<pin_list>
<pin id="205" dir="0" index="0" bw="1" slack="0"/>
<pin id="206" dir="1" index="1" bw="32" slack="2147483647"/>
</pin_list>
<bind>
<opcode="alloca(26) " fcode="alloca"/>
<opset="tile_C_V_4/1 "/>
</bind>
</comp>

<comp id="208" class="1004" name="tile_C_V_5_alloca_fu_208">
<pin_list>
<pin id="209" dir="0" index="0" bw="1" slack="0"/>
<pin id="210" dir="1" index="1" bw="32" slack="2147483647"/>
</pin_list>
<bind>
<opcode="alloca(26) " fcode="alloca"/>
<opset="tile_C_V_5/1 "/>
</bind>
</comp>

<comp id="212" class="1004" name="tile_C_V_6_alloca_fu_212">
<pin_list>
<pin id="213" dir="0" index="0" bw="1" slack="0"/>
<pin id="214" dir="1" index="1" bw="32" slack="2147483647"/>
</pin_list>
<bind>
<opcode="alloca(26) " fcode="alloca"/>
<opset="tile_C_V_6/1 "/>
</bind>
</comp>

<comp id="216" class="1004" name="tile_C_V_7_alloca_fu_216">
<pin_list>
<pin id="217" dir="0" index="0" bw="1" slack="0"/>
<pin id="218" dir="1" index="1" bw="32" slack="2147483647"/>
</pin_list>
<bind>
<opcode="alloca(26) " fcode="alloca"/>
<opset="tile_C_V_7/1 "/>
</bind>
</comp>

<comp id="220" class="1004" name="tile_C_V_8_alloca_fu_220">
<pin_list>
<pin id="221" dir="0" index="0" bw="1" slack="0"/>
<pin id="222" dir="1" index="1" bw="32" slack="2147483647"/>
</pin_list>
<bind>
<opcode="alloca(26) " fcode="alloca"/>
<opset="tile_C_V_8/1 "/>
</bind>
</comp>

<comp id="224" class="1004" name="tile_C_V_9_alloca_fu_224">
<pin_list>
<pin id="225" dir="0" index="0" bw="1" slack="0"/>
<pin id="226" dir="1" index="1" bw="32" slack="2147483647"/>
</pin_list>
<bind>
<opcode="alloca(26) " fcode="alloca"/>
<opset="tile_C_V_9/1 "/>
</bind>
</comp>

<comp id="228" class="1004" name="tile_C_V_10_alloca_fu_228">
<pin_list>
<pin id="229" dir="0" index="0" bw="1" slack="0"/>
<pin id="230" dir="1" index="1" bw="32" slack="2147483647"/>
</pin_list>
<bind>
<opcode="alloca(26) " fcode="alloca"/>
<opset="tile_C_V_10/1 "/>
</bind>
</comp>

<comp id="232" class="1004" name="tile_C_V_11_alloca_fu_232">
<pin_list>
<pin id="233" dir="0" index="0" bw="1" slack="0"/>
<pin id="234" dir="1" index="1" bw="32" slack="2147483647"/>
</pin_list>
<bind>
<opcode="alloca(26) " fcode="alloca"/>
<opset="tile_C_V_11/1 "/>
</bind>
</comp>

<comp id="236" class="1004" name="tile_C_V_12_alloca_fu_236">
<pin_list>
<pin id="237" dir="0" index="0" bw="1" slack="0"/>
<pin id="238" dir="1" index="1" bw="32" slack="2147483647"/>
</pin_list>
<bind>
<opcode="alloca(26) " fcode="alloca"/>
<opset="tile_C_V_12/1 "/>
</bind>
</comp>

<comp id="240" class="1004" name="tile_C_V_13_alloca_fu_240">
<pin_list>
<pin id="241" dir="0" index="0" bw="1" slack="0"/>
<pin id="242" dir="1" index="1" bw="32" slack="2147483647"/>
</pin_list>
<bind>
<opcode="alloca(26) " fcode="alloca"/>
<opset="tile_C_V_13/1 "/>
</bind>
</comp>

<comp id="244" class="1004" name="tile_C_V_14_alloca_fu_244">
<pin_list>
<pin id="245" dir="0" index="0" bw="1" slack="0"/>
<pin id="246" dir="1" index="1" bw="32" slack="2147483647"/>
</pin_list>
<bind>
<opcode="alloca(26) " fcode="alloca"/>
<opset="tile_C_V_14/1 "/>
</bind>
</comp>

<comp id="248" class="1004" name="tile_C_V_15_alloca_fu_248">
<pin_list>
<pin id="249" dir="0" index="0" bw="1" slack="0"/>
<pin id="250" dir="1" index="1" bw="32" slack="2147483647"/>
</pin_list>
<bind>
<opcode="alloca(26) " fcode="alloca"/>
<opset="tile_C_V_15/1 "/>
</bind>
</comp>

<comp id="252" class="1004" name="num_col_tiles_read_read_fu_252">
<pin_list>
<pin id="253" dir="0" index="0" bw="32" slack="0"/>
<pin id="254" dir="0" index="1" bw="32" slack="0"/>
<pin id="255" dir="1" index="2" bw="32" slack="0"/>
</pin_list>
<bind>
<opcode="read(1150) " fcode="read"/>
<opset="num_col_tiles_read/1 "/>
</bind>
</comp>

<comp id="258" class="1004" name="num_depth_tiles_read_read_fu_258">
<pin_list>
<pin id="259" dir="0" index="0" bw="32" slack="0"/>
<pin id="260" dir="0" index="1" bw="32" slack="0"/>
<pin id="261" dir="1" index="2" bw="32" slack="0"/>
</pin_list>
<bind>
<opcode="read(1150) " fcode="read"/>
<opset="num_depth_tiles_read/1 "/>
</bind>
</comp>

<comp id="264" class="1004" name="num_row_tiles_read_read_fu_264">
<pin_list>
<pin id="265" dir="0" index="0" bw="32" slack="0"/>
<pin id="266" dir="0" index="1" bw="32" slack="0"/>
<pin id="267" dir="1" index="2" bw="32" slack="1"/>
</pin_list>
<bind>
<opcode="read(1150) " fcode="read"/>
<opset="num_row_tiles_read/1 "/>
</bind>
</comp>

<comp id="270" class="1004" name="mat_C_read_read_fu_270">
<pin_list>
<pin id="271" dir="0" index="0" bw="64" slack="0"/>
<pin id="272" dir="0" index="1" bw="64" slack="0"/>
<pin id="273" dir="1" index="2" bw="64" slack="5"/>
</pin_list>
<bind>
<opcode="read(1150) " fcode="read"/>
<opset="mat_C_read/1 "/>
</bind>
</comp>

<comp id="276" class="1004" name="mat_B_read_read_fu_276">
<pin_list>
<pin id="277" dir="0" index="0" bw="64" slack="0"/>
<pin id="278" dir="0" index="1" bw="64" slack="0"/>
<pin id="279" dir="1" index="2" bw="64" slack="5"/>
</pin_list>
<bind>
<opcode="read(1150) " fcode="read"/>
<opset="mat_B_read/1 "/>
</bind>
</comp>

<comp id="282" class="1004" name="mat_A_read_read_fu_282">
<pin_list>
<pin id="283" dir="0" index="0" bw="64" slack="0"/>
<pin id="284" dir="0" index="1" bw="64" slack="0"/>
<pin id="285" dir="1" index="2" bw="64" slack="5"/>
</pin_list>
<bind>
<opcode="read(1150) " fcode="read"/>
<opset="mat_A_read/1 "/>
</bind>
</comp>

<comp id="288" class="1005" name="k_reg_288">
<pin_list>
<pin id="289" dir="0" index="0" bw="31" slack="1"/>
<pin id="290" dir="1" index="1" bw="31" slack="1"/>
</pin_list>
<bind>
<opset="k (phireg) "/>
</bind>
</comp>

<comp id="292" class="1004" name="k_phi_fu_292">
<pin_list>
<pin id="293" dir="0" index="0" bw="31" slack="0"/>
<pin id="294" dir="0" index="1" bw="0" slack="2147483647"/>
<pin id="295" dir="0" index="2" bw="1" slack="1"/>
<pin id="296" dir="0" index="3" bw="0" slack="2147483647"/>
<pin id="297" dir="1" index="4" bw="31" slack="0"/>
</pin_list>
<bind>
<opcode="phi(47) " fcode="phi"/>
<opset="k/6 "/>
</bind>
</comp>

<comp id="299" class="1005" name="phi_mul_reg_299">
<pin_list>
<pin id="300" dir="0" index="0" bw="27" slack="1"/>
<pin id="301" dir="1" index="1" bw="27" slack="1"/>
</pin_list>
<bind>
<opset="phi_mul (phireg) "/>
</bind>
</comp>

<comp id="303" class="1004" name="phi_mul_phi_fu_303">
<pin_list>
<pin id="304" dir="0" index="0" bw="27" slack="0"/>
<pin id="305" dir="0" index="1" bw="0" slack="2147483647"/>
<pin id="306" dir="0" index="2" bw="1" slack="1"/>
<pin id="307" dir="0" index="3" bw="0" slack="2147483647"/>
<pin id="308" dir="1" index="4" bw="27" slack="0"/>
</pin_list>
<bind>
<opcode="phi(47) " fcode="phi"/>
<opset="phi_mul/6 "/>
</bind>
</comp>

<comp id="310" class="1004" name="grp_pipelined_layer_processor_Pipeline_Clear_fu_310">
<pin_list>
<pin id="311" dir="0" index="0" bw="0" slack="0"/>
<pin id="312" dir="0" index="1" bw="32" slack="2147483647"/>
<pin id="313" dir="0" index="2" bw="32" slack="2147483647"/>
<pin id="314" dir="0" index="3" bw="32" slack="2147483647"/>
<pin id="315" dir="0" index="4" bw="32" slack="2147483647"/>
<pin id="316" dir="0" index="5" bw="32" slack="2147483647"/>
<pin id="317" dir="0" index="6" bw="32" slack="2147483647"/>
<pin id="318" dir="0" index="7" bw="32" slack="2147483647"/>
<pin id="319" dir="0" index="8" bw="32" slack="2147483647"/>
<pin id="320" dir="0" index="9" bw="32" slack="2147483647"/>
<pin id="321" dir="0" index="10" bw="32" slack="2147483647"/>
<pin id="322" dir="0" index="11" bw="32" slack="2147483647"/>
<pin id="323" dir="0" index="12" bw="32" slack="2147483647"/>
<pin id="324" dir="0" index="13" bw="32" slack="2147483647"/>
<pin id="325" dir="0" index="14" bw="32" slack="2147483647"/>
<pin id="326" dir="0" index="15" bw="32" slack="2147483647"/>
<pin id="327" dir="0" index="16" bw="32" slack="2147483647"/>
<pin id="328" dir="1" index="17" bw="0" slack="2147483647"/>
</pin_list>
<bind>
<opcode="call(48) " fcode="call"/>
<opset="call_ln0/4 "/>
</bind>
</comp>

<comp id="330" class="1004" name="grp_read_big_tile_fu_330">
<pin_list>
<pin id="331" dir="0" index="0" bw="0" slack="0"/>
<pin id="332" dir="0" index="1" bw="256" slack="0"/>
<pin id="333" dir="0" index="2" bw="64" slack="5"/>
<pin id="334" dir="0" index="3" bw="256" slack="2147483647"/>
<pin id="335" dir="0" index="4" bw="256" slack="2147483647"/>
<pin id="336" dir="0" index="5" bw="256" slack="2147483647"/>
<pin id="337" dir="0" index="6" bw="256" slack="2147483647"/>
<pin id="338" dir="0" index="7" bw="256" slack="2147483647"/>
<pin id="339" dir="0" index="8" bw="256" slack="2147483647"/>
<pin id="340" dir="0" index="9" bw="256" slack="2147483647"/>
<pin id="341" dir="0" index="10" bw="256" slack="2147483647"/>
<pin id="342" dir="0" index="11" bw="256" slack="2147483647"/>
<pin id="343" dir="0" index="12" bw="256" slack="2147483647"/>
<pin id="344" dir="0" index="13" bw="256" slack="2147483647"/>
<pin id="345" dir="0" index="14" bw="256" slack="2147483647"/>
<pin id="346" dir="0" index="15" bw="256" slack="2147483647"/>
<pin id="347" dir="0" index="16" bw="256" slack="2147483647"/>
<pin id="348" dir="0" index="17" bw="256" slack="2147483647"/>
<pin id="349" dir="0" index="18" bw="256" slack="2147483647"/>
<pin id="350" dir="0" index="19" bw="27" slack="0"/>
<pin id="351" dir="1" index="20" bw="0" slack="2147483647"/>
</pin_list>
<bind>
<opcode="call(48) " fcode="call"/>
<opset="call_ln182/6 "/>
</bind>
</comp>

<comp id="354" class="1004" name="grp_read_big_tile_1_fu_354">
<pin_list>
<pin id="355" dir="0" index="0" bw="0" slack="0"/>
<pin id="356" dir="0" index="1" bw="256" slack="0"/>
<pin id="357" dir="0" index="2" bw="64" slack="5"/>
<pin id="358" dir="0" index="3" bw="256" slack="2147483647"/>
<pin id="359" dir="0" index="4" bw="27" slack="0"/>
<pin id="360" dir="1" index="5" bw="0" slack="2147483647"/>
</pin_list>
<bind>
<opcode="call(48) " fcode="call"/>
<opset="call_ln183/6 "/>
</bind>
</comp>

<comp id="363" class="1004" name="grp_write_big_tile_fu_363">
<pin_list>
<pin id="364" dir="0" index="0" bw="0" slack="0"/>
<pin id="365" dir="0" index="1" bw="32" slack="2147483647"/>
<pin id="366" dir="0" index="2" bw="32" slack="2147483647"/>
<pin id="367" dir="0" index="3" bw="32" slack="2147483647"/>
<pin id="368" dir="0" index="4" bw="32" slack="2147483647"/>
<pin id="369" dir="0" index="5" bw="32" slack="2147483647"/>
<pin id="370" dir="0" index="6" bw="32" slack="2147483647"/>
<pin id="371" dir="0" index="7" bw="32" slack="2147483647"/>
<pin id="372" dir="0" index="8" bw="32" slack="2147483647"/>
<pin id="373" dir="0" index="9" bw="32" slack="2147483647"/>
<pin id="374" dir="0" index="10" bw="32" slack="2147483647"/>
<pin id="375" dir="0" index="11" bw="32" slack="2147483647"/>
<pin id="376" dir="0" index="12" bw="32" slack="2147483647"/>
<pin id="377" dir="0" index="13" bw="32" slack="2147483647"/>
<pin id="378" dir="0" index="14" bw="32" slack="2147483647"/>
<pin id="379" dir="0" index="15" bw="32" slack="2147483647"/>
<pin id="380" dir="0" index="16" bw="32" slack="2147483647"/>
<pin id="381" dir="0" index="17" bw="256" slack="0"/>
<pin id="382" dir="0" index="18" bw="64" slack="5"/>
<pin id="383" dir="0" index="19" bw="25" slack="0"/>
<pin id="384" dir="1" index="20" bw="0" slack="2147483647"/>
</pin_list>
<bind>
<opcode="call(48) " fcode="call"/>
<opset="call_ln188/6 "/>
</bind>
</comp>

<comp id="387" class="1004" name="grp_compute_systolic_fu_387">
<pin_list>
<pin id="388" dir="0" index="0" bw="0" slack="0"/>
<pin id="389" dir="0" index="1" bw="256" slack="2147483647"/>
<pin id="390" dir="0" index="2" bw="256" slack="2147483647"/>
<pin id="391" dir="0" index="3" bw="256" slack="2147483647"/>
<pin id="392" dir="0" index="4" bw="256" slack="2147483647"/>
<pin id="393" dir="0" index="5" bw="256" slack="2147483647"/>
<pin id="394" dir="0" index="6" bw="256" slack="2147483647"/>
<pin id="395" dir="0" index="7" bw="256" slack="2147483647"/>
<pin id="396" dir="0" index="8" bw="256" slack="2147483647"/>
<pin id="397" dir="0" index="9" bw="256" slack="2147483647"/>
<pin id="398" dir="0" index="10" bw="256" slack="2147483647"/>
<pin id="399" dir="0" index="11" bw="256" slack="2147483647"/>
<pin id="400" dir="0" index="12" bw="256" slack="2147483647"/>
<pin id="401" dir="0" index="13" bw="256" slack="2147483647"/>
<pin id="402" dir="0" index="14" bw="256" slack="2147483647"/>
<pin id="403" dir="0" index="15" bw="256" slack="2147483647"/>
<pin id="404" dir="0" index="16" bw="256" slack="2147483647"/>
<pin id="405" dir="0" index="17" bw="256" slack="2147483647"/>
<pin id="406" dir="0" index="18" bw="32" slack="2147483647"/>
<pin id="407" dir="0" index="19" bw="32" slack="2147483647"/>
<pin id="408" dir="0" index="20" bw="32" slack="2147483647"/>
<pin id="409" dir="0" index="21" bw="32" slack="2147483647"/>
<pin id="410" dir="0" index="22" bw="32" slack="2147483647"/>
<pin id="411" dir="0" index="23" bw="32" slack="2147483647"/>
<pin id="412" dir="0" index="24" bw="32" slack="2147483647"/>
<pin id="413" dir="0" index="25" bw="32" slack="2147483647"/>
<pin id="414" dir="0" index="26" bw="32" slack="2147483647"/>
<pin id="415" dir="0" index="27" bw="32" slack="2147483647"/>
<pin id="416" dir="0" index="28" bw="32" slack="2147483647"/>
<pin id="417" dir="0" index="29" bw="32" slack="2147483647"/>
<pin id="418" dir="0" index="30" bw="32" slack="2147483647"/>
<pin id="419" dir="0" index="31" bw="32" slack="2147483647"/>
<pin id="420" dir="0" index="32" bw="32" slack="2147483647"/>
<pin id="421" dir="0" index="33" bw="32" slack="2147483647"/>
<pin id="422" dir="1" index="34" bw="0" slack="2147483647"/>
</pin_list>
<bind>
<opcode="call(48) " fcode="call"/>
<opset="call_ln184/8 "/>
</bind>
</comp>

<comp id="424" class="1004" name="empty_fu_424">
<pin_list>
<pin id="425" dir="0" index="0" bw="32" slack="0"/>
<pin id="426" dir="1" index="1" bw="27" slack="4"/>
</pin_list>
<bind>
<opcode="trunc(33) " fcode="trunc"/>
<opset="empty/1 "/>
</bind>
</comp>

<comp id="428" class="1004" name="empty_1055_fu_428">
<pin_list>
<pin id="429" dir="0" index="0" bw="32" slack="0"/>
<pin id="430" dir="1" index="1" bw="25" slack="4"/>
</pin_list>
<bind>
<opcode="trunc(33) " fcode="trunc"/>
<opset="empty_1055/1 "/>
</bind>
</comp>

<comp id="432" class="1004" name="trunc_ln180_fu_432">
<pin_list>
<pin id="433" dir="0" index="0" bw="32" slack="0"/>
<pin id="434" dir="1" index="1" bw="27" slack="5"/>
</pin_list>
<bind>
<opcode="trunc(33) " fcode="trunc"/>
<opset="trunc_ln180/1 "/>
</bind>
</comp>

<comp id="436" class="1004" name="store_ln167_store_fu_436">
<pin_list>
<pin id="437" dir="0" index="0" bw="1" slack="0"/>
<pin id="438" dir="0" index="1" bw="64" slack="0"/>
<pin id="439" dir="1" index="2" bw="0" slack="2147483647"/>
</pin_list>
<bind>
<opcode="store(28) " fcode="store"/>
<opset="store_ln167/1 "/>
</bind>
</comp>

<comp id="441" class="1004" name="store_ln167_store_fu_441">
<pin_list>
<pin id="442" dir="0" index="0" bw="1" slack="0"/>
<pin id="443" dir="0" index="1" bw="31" slack="0"/>
<pin id="444" dir="1" index="2" bw="0" slack="2147483647"/>
</pin_list>
<bind>
<opcode="store(28) " fcode="store"/>
<opset="store_ln167/1 "/>
</bind>
</comp>

<comp id="446" class="1004" name="store_ln167_store_fu_446">
<pin_list>
<pin id="447" dir="0" index="0" bw="1" slack="0"/>
<pin id="448" dir="0" index="1" bw="31" slack="0"/>
<pin id="449" dir="1" index="2" bw="0" slack="2147483647"/>
</pin_list>
<bind>
<opcode="store(28) " fcode="store"/>
<opset="store_ln167/1 "/>
</bind>
</comp>

<comp id="451" class="1004" name="zext_ln130_fu_451">
<pin_list>
<pin id="452" dir="0" index="0" bw="32" slack="1"/>
<pin id="453" dir="1" index="1" bw="64" slack="0"/>
</pin_list>
<bind>
<opcode="zext(34) " fcode="zext"/>
<opset="zext_ln130/2 "/>
</bind>
</comp>

<comp id="454" class="1004" name="zext_ln130_1_fu_454">
<pin_list>
<pin id="455" dir="0" index="0" bw="32" slack="1"/>
<pin id="456" dir="1" index="1" bw="64" slack="0"/>
</pin_list>
<bind>
<opcode="zext(34) " fcode="zext"/>
<opset="zext_ln130_1/2 "/>
</bind>
</comp>

<comp id="457" class="1004" name="grp_fu_457">
<pin_list>
<pin id="458" dir="0" index="0" bw="32" slack="0"/>
<pin id="459" dir="0" index="1" bw="32" slack="0"/>
<pin id="460" dir="1" index="2" bw="64" slack="1"/>
</pin_list>
<bind>
<opcode="mul(12) " fcode="mul"/>
<opset="mul_ln130/2 "/>
</bind>
</comp>

<comp id="463" class="1004" name="j_2_load_fu_463">
<pin_list>
<pin id="464" dir="0" index="0" bw="31" slack="3"/>
<pin id="465" dir="1" index="1" bw="31" slack="0"/>
</pin_list>
<bind>
<opcode="load(27) " fcode="load"/>
<opset="j_2/4 "/>
</bind>
</comp>

<comp id="466" class="1004" name="indvar_flatten_load_load_fu_466">
<pin_list>
<pin id="467" dir="0" index="0" bw="64" slack="3"/>
<pin id="468" dir="1" index="1" bw="64" slack="0"/>
</pin_list>
<bind>
<opcode="load(27) " fcode="load"/>
<opset="indvar_flatten_load/4 "/>
</bind>
</comp>

<comp id="469" class="1004" name="zext_ln168_fu_469">
<pin_list>
<pin id="470" dir="0" index="0" bw="31" slack="0"/>
<pin id="471" dir="1" index="1" bw="32" slack="0"/>
</pin_list>
<bind>
<opcode="zext(34) " fcode="zext"/>
<opset="zext_ln168/4 "/>
</bind>
</comp>

<comp id="473" class="1004" name="icmp_ln168_fu_473">
<pin_list>
<pin id="474" dir="0" index="0" bw="31" slack="0"/>
<pin id="475" dir="0" index="1" bw="32" slack="3"/>
<pin id="476" dir="1" index="2" bw="1" slack="0"/>
</pin_list>
<bind>
<opcode="icmp(45) " fcode="icmp"/>
<opset="icmp_ln168/4 "/>
</bind>
</comp>

<comp id="478" class="1004" name="icmp_ln167_fu_478">
<pin_list>
<pin id="479" dir="0" index="0" bw="64" slack="0"/>
<pin id="480" dir="0" index="1" bw="64" slack="1"/>
<pin id="481" dir="1" index="2" bw="1" slack="2147483647"/>
</pin_list>
<bind>
<opcode="icmp(45) " fcode="icmp"/>
<opset="icmp_ln167/4 "/>
</bind>
</comp>

<comp id="483" class="1004" name="add_ln167_fu_483">
<pin_list>
<pin id="484" dir="0" index="0" bw="64" slack="0"/>
<pin id="485" dir="0" index="1" bw="1" slack="0"/>
<pin id="486" dir="1" index="2" bw="64" slack="2"/>
</pin_list>
<bind>
<opcode="add(8) " fcode="add"/>
<opset="add_ln167/4 "/>
</bind>
</comp>

<comp id="489" class="1004" name="i_load_load_fu_489">
<pin_list>
<pin id="490" dir="0" index="0" bw="31" slack="3"/>
<pin id="491" dir="1" index="1" bw="31" slack="0"/>
</pin_list>
<bind>
<opcode="load(27) " fcode="load"/>
<opset="i_load/4 "/>
</bind>
</comp>

<comp id="492" class="1004" name="i_3_fu_492">
<pin_list>
<pin id="493" dir="0" index="0" bw="31" slack="0"/>
<pin id="494" dir="0" index="1" bw="1" slack="0"/>
<pin id="495" dir="1" index="2" bw="31" slack="0"/>
</pin_list>
<bind>
<opcode="add(8) " fcode="add"/>
<opset="i_3/4 "/>
</bind>
</comp>

<comp id="498" class="1004" name="select_ln167_1_fu_498">
<pin_list>
<pin id="499" dir="0" index="0" bw="1" slack="0"/>
<pin id="500" dir="0" index="1" bw="31" slack="0"/>
<pin id="501" dir="0" index="2" bw="31" slack="0"/>
<pin id="502" dir="1" index="3" bw="31" slack="0"/>
</pin_list>
<bind>
<opcode="select(49) " fcode="select"/>
<opset="select_ln167_1/4 "/>
</bind>
</comp>

<comp id="506" class="1004" name="trunc_ln167_fu_506">
<pin_list>
<pin id="507" dir="0" index="0" bw="31" slack="0"/>
<pin id="508" dir="1" index="1" bw="27" slack="1"/>
</pin_list>
<bind>
<opcode="trunc(33) " fcode="trunc"/>
<opset="trunc_ln167/4 "/>
</bind>
</comp>

<comp id="510" class="1004" name="trunc_ln167_1_fu_510">
<pin_list>
<pin id="511" dir="0" index="0" bw="31" slack="0"/>
<pin id="512" dir="1" index="1" bw="25" slack="1"/>
</pin_list>
<bind>
<opcode="trunc(33) " fcode="trunc"/>
<opset="trunc_ln167_1/4 "/>
</bind>
</comp>

<comp id="514" class="1004" name="select_ln167_fu_514">
<pin_list>
<pin id="515" dir="0" index="0" bw="1" slack="1"/>
<pin id="516" dir="0" index="1" bw="31" slack="2147483647"/>
<pin id="517" dir="0" index="2" bw="1" slack="0"/>
<pin id="518" dir="1" index="3" bw="31" slack="0"/>
</pin_list>
<bind>
<opcode="select(49) " fcode="select"/>
<opset="select_ln167/5 "/>
</bind>
</comp>

<comp id="520" class="1004" name="mul_ln167_fu_520">
<pin_list>
<pin id="521" dir="0" index="0" bw="27" slack="1"/>
<pin id="522" dir="0" index="1" bw="27" slack="4"/>
<pin id="523" dir="1" index="2" bw="27" slack="1"/>
</pin_list>
<bind>
<opcode="mul(12) " fcode="mul"/>
<opset="mul_ln167/5 "/>
</bind>
</comp>

<comp id="524" class="1004" name="mul_ln167_1_fu_524">
<pin_list>
<pin id="525" dir="0" index="0" bw="25" slack="1"/>
<pin id="526" dir="0" index="1" bw="25" slack="4"/>
<pin id="527" dir="1" index="2" bw="25" slack="1"/>
</pin_list>
<bind>
<opcode="mul(12) " fcode="mul"/>
<opset="mul_ln167_1/5 "/>
</bind>
</comp>

<comp id="528" class="1004" name="trunc_ln168_fu_528">
<pin_list>
<pin id="529" dir="0" index="0" bw="31" slack="0"/>
<pin id="530" dir="1" index="1" bw="25" slack="1"/>
</pin_list>
<bind>
<opcode="trunc(33) " fcode="trunc"/>
<opset="trunc_ln168/5 "/>
</bind>
</comp>

<comp id="532" class="1004" name="trunc_ln168_1_fu_532">
<pin_list>
<pin id="533" dir="0" index="0" bw="31" slack="0"/>
<pin id="534" dir="1" index="1" bw="27" slack="1"/>
</pin_list>
<bind>
<opcode="trunc(33) " fcode="trunc"/>
<opset="trunc_ln168_1/5 "/>
</bind>
</comp>

<comp id="536" class="1004" name="zext_ln176_fu_536">
<pin_list>
<pin id="537" dir="0" index="0" bw="31" slack="0"/>
<pin id="538" dir="1" index="1" bw="32" slack="0"/>
</pin_list>
<bind>
<opcode="zext(34) " fcode="zext"/>
<opset="zext_ln176/6 "/>
</bind>
</comp>

<comp id="540" class="1004" name="trunc_ln176_fu_540">
<pin_list>
<pin id="541" dir="0" index="0" bw="31" slack="0"/>
<pin id="542" dir="1" index="1" bw="27" slack="0"/>
</pin_list>
<bind>
<opcode="trunc(33) " fcode="trunc"/>
<opset="trunc_ln176/6 "/>
</bind>
</comp>

<comp id="544" class="1004" name="icmp_ln176_fu_544">
<pin_list>
<pin id="545" dir="0" index="0" bw="31" slack="0"/>
<pin id="546" dir="0" index="1" bw="32" slack="5"/>
<pin id="547" dir="1" index="2" bw="1" slack="2147483647"/>
</pin_list>
<bind>
<opcode="icmp(45) " fcode="icmp"/>
<opset="icmp_ln176/6 "/>
</bind>
</comp>

<comp id="549" class="1004" name="k_1_fu_549">
<pin_list>
<pin id="550" dir="0" index="0" bw="31" slack="0"/>
<pin id="551" dir="0" index="1" bw="1" slack="0"/>
<pin id="552" dir="1" index="2" bw="31" slack="0"/>
</pin_list>
<bind>
<opcode="add(8) " fcode="add"/>
<opset="k_1/6 "/>
</bind>
</comp>

<comp id="555" class="1004" name="idx_A_fu_555">
<pin_list>
<pin id="556" dir="0" index="0" bw="27" slack="0"/>
<pin id="557" dir="0" index="1" bw="27" slack="1"/>
<pin id="558" dir="1" index="2" bw="27" slack="0"/>
</pin_list>
<bind>
<opcode="add(8) " fcode="add"/>
<opset="idx_A/6 "/>
</bind>
</comp>

<comp id="561" class="1004" name="add_ln180_fu_561">
<pin_list>
<pin id="562" dir="0" index="0" bw="27" slack="0"/>
<pin id="563" dir="0" index="1" bw="27" slack="5"/>
<pin id="564" dir="1" index="2" bw="27" slack="0"/>
</pin_list>
<bind>
<opcode="add(8) " fcode="add"/>
<opset="add_ln180/6 "/>
</bind>
</comp>

<comp id="566" class="1004" name="idx_B_fu_566">
<pin_list>
<pin id="567" dir="0" index="0" bw="27" slack="0"/>
<pin id="568" dir="0" index="1" bw="27" slack="1"/>
<pin id="569" dir="1" index="2" bw="27" slack="0"/>
</pin_list>
<bind>
<opcode="add(8) " fcode="add"/>
<opset="idx_B/6 "/>
</bind>
</comp>

<comp id="572" class="1004" name="idx_C_fu_572">
<pin_list>
<pin id="573" dir="0" index="0" bw="25" slack="1"/>
<pin id="574" dir="0" index="1" bw="25" slack="1"/>
<pin id="575" dir="1" index="2" bw="25" slack="0"/>
</pin_list>
<bind>
<opcode="add(8) " fcode="add"/>
<opset="idx_C/6 "/>
</bind>
</comp>

<comp id="577" class="1004" name="j_3_fu_577">
<pin_list>
<pin id="578" dir="0" index="0" bw="31" slack="1"/>
<pin id="579" dir="0" index="1" bw="1" slack="0"/>
<pin id="580" dir="1" index="2" bw="31" slack="0"/>
</pin_list>
<bind>
<opcode="add(8) " fcode="add"/>
<opset="j_3/6 "/>
</bind>
</comp>

<comp id="582" class="1004" name="store_ln168_store_fu_582">
<pin_list>
<pin id="583" dir="0" index="0" bw="64" slack="2"/>
<pin id="584" dir="0" index="1" bw="64" slack="5"/>
<pin id="585" dir="1" index="2" bw="0" slack="2147483647"/>
</pin_list>
<bind>
<opcode="store(28) " fcode="store"/>
<opset="store_ln168/6 "/>
</bind>
</comp>

<comp id="586" class="1004" name="store_ln168_store_fu_586">
<pin_list>
<pin id="587" dir="0" index="0" bw="31" slack="2"/>
<pin id="588" dir="0" index="1" bw="31" slack="5"/>
<pin id="589" dir="1" index="2" bw="0" slack="2147483647"/>
</pin_list>
<bind>
<opcode="store(28) " fcode="store"/>
<opset="store_ln168/6 "/>
</bind>
</comp>

<comp id="590" class="1004" name="store_ln168_store_fu_590">
<pin_list>
<pin id="591" dir="0" index="0" bw="31" slack="0"/>
<pin id="592" dir="0" index="1" bw="31" slack="5"/>
<pin id="593" dir="1" index="2" bw="0" slack="2147483647"/>
</pin_list>
<bind>
<opcode="store(28) " fcode="store"/>
<opset="store_ln168/6 "/>
</bind>
</comp>

<comp id="595" class="1005" name="j_reg_595">
<pin_list>
<pin id="596" dir="0" index="0" bw="31" slack="0"/>
<pin id="597" dir="1" index="1" bw="31" slack="0"/>
</pin_list>
<bind>
<opset="j "/>
</bind>
</comp>

<comp id="602" class="1005" name="i_reg_602">
<pin_list>
<pin id="603" dir="0" index="0" bw="31" slack="0"/>
<pin id="604" dir="1" index="1" bw="31" slack="0"/>
</pin_list>
<bind>
<opset="i "/>
</bind>
</comp>

<comp id="609" class="1005" name="indvar_flatten_reg_609">
<pin_list>
<pin id="610" dir="0" index="0" bw="64" slack="0"/>
<pin id="611" dir="1" index="1" bw="64" slack="0"/>
</pin_list>
<bind>
<opset="indvar_flatten "/>
</bind>
</comp>

<comp id="616" class="1005" name="num_col_tiles_read_reg_616">
<pin_list>
<pin id="617" dir="0" index="0" bw="32" slack="1"/>
<pin id="618" dir="1" index="1" bw="32" slack="1"/>
</pin_list>
<bind>
<opset="num_col_tiles_read "/>
</bind>
</comp>

<comp id="622" class="1005" name="num_depth_tiles_read_reg_622">
<pin_list>
<pin id="623" dir="0" index="0" bw="32" slack="5"/>
<pin id="624" dir="1" index="1" bw="32" slack="5"/>
</pin_list>
<bind>
<opset="num_depth_tiles_read "/>
</bind>
</comp>

<comp id="627" class="1005" name="num_row_tiles_read_reg_627">
<pin_list>
<pin id="628" dir="0" index="0" bw="32" slack="1"/>
<pin id="629" dir="1" index="1" bw="32" slack="1"/>
</pin_list>
<bind>
<opset="num_row_tiles_read "/>
</bind>
</comp>

<comp id="632" class="1005" name="mat_C_read_reg_632">
<pin_list>
<pin id="633" dir="0" index="0" bw="64" slack="5"/>
<pin id="634" dir="1" index="1" bw="64" slack="5"/>
</pin_list>
<bind>
<opset="mat_C_read "/>
</bind>
</comp>

<comp id="637" class="1005" name="mat_B_read_reg_637">
<pin_list>
<pin id="638" dir="0" index="0" bw="64" slack="5"/>
<pin id="639" dir="1" index="1" bw="64" slack="5"/>
</pin_list>
<bind>
<opset="mat_B_read "/>
</bind>
</comp>

<comp id="642" class="1005" name="mat_A_read_reg_642">
<pin_list>
<pin id="643" dir="0" index="0" bw="64" slack="5"/>
<pin id="644" dir="1" index="1" bw="64" slack="5"/>
</pin_list>
<bind>
<opset="mat_A_read "/>
</bind>
</comp>

<comp id="647" class="1005" name="empty_reg_647">
<pin_list>
<pin id="648" dir="0" index="0" bw="27" slack="4"/>
<pin id="649" dir="1" index="1" bw="27" slack="4"/>
</pin_list>
<bind>
<opset="empty "/>
</bind>
</comp>

<comp id="652" class="1005" name="empty_1055_reg_652">
<pin_list>
<pin id="653" dir="0" index="0" bw="25" slack="4"/>
<pin id="654" dir="1" index="1" bw="25" slack="4"/>
</pin_list>
<bind>
<opset="empty_1055 "/>
</bind>
</comp>

<comp id="657" class="1005" name="trunc_ln180_reg_657">
<pin_list>
<pin id="658" dir="0" index="0" bw="27" slack="5"/>
<pin id="659" dir="1" index="1" bw="27" slack="5"/>
</pin_list>
<bind>
<opset="trunc_ln180 "/>
</bind>
</comp>

<comp id="662" class="1005" name="zext_ln130_reg_662">
<pin_list>
<pin id="663" dir="0" index="0" bw="64" slack="1"/>
<pin id="664" dir="1" index="1" bw="64" slack="1"/>
</pin_list>
<bind>
<opset="zext_ln130 "/>
</bind>
</comp>

<comp id="667" class="1005" name="zext_ln130_1_reg_667">
<pin_list>
<pin id="668" dir="0" index="0" bw="64" slack="1"/>
<pin id="669" dir="1" index="1" bw="64" slack="1"/>
</pin_list>
<bind>
<opset="zext_ln130_1 "/>
</bind>
</comp>

<comp id="672" class="1005" name="mul_ln130_reg_672">
<pin_list>
<pin id="673" dir="0" index="0" bw="64" slack="1"/>
<pin id="674" dir="1" index="1" bw="64" slack="1"/>
</pin_list>
<bind>
<opset="mul_ln130 "/>
</bind>
</comp>

<comp id="680" class="1005" name="icmp_ln168_reg_680">
<pin_list>
<pin id="681" dir="0" index="0" bw="1" slack="1"/>
<pin id="682" dir="1" index="1" bw="1" slack="1"/>
</pin_list>
<bind>
<opset="icmp_ln168 "/>
</bind>
</comp>

<comp id="688" class="1005" name="add_ln167_reg_688">
<pin_list>
<pin id="689" dir="0" index="0" bw="64" slack="2"/>
<pin id="690" dir="1" index="1" bw="64" slack="2"/>
</pin_list>
<bind>
<opset="add_ln167 "/>
</bind>
</comp>

<comp id="693" class="1005" name="select_ln167_1_reg_693">
<pin_list>
<pin id="694" dir="0" index="0" bw="31" slack="2"/>
<pin id="695" dir="1" index="1" bw="31" slack="2"/>
</pin_list>
<bind>
<opset="select_ln167_1 "/>
</bind>
</comp>

<comp id="698" class="1005" name="trunc_ln167_reg_698">
<pin_list>
<pin id="699" dir="0" index="0" bw="27" slack="1"/>
<pin id="700" dir="1" index="1" bw="27" slack="1"/>
</pin_list>
<bind>
<opset="trunc_ln167 "/>
</bind>
</comp>

<comp id="703" class="1005" name="trunc_ln167_1_reg_703">
<pin_list>
<pin id="704" dir="0" index="0" bw="25" slack="1"/>
<pin id="705" dir="1" index="1" bw="25" slack="1"/>
</pin_list>
<bind>
<opset="trunc_ln167_1 "/>
</bind>
</comp>

<comp id="708" class="1005" name="select_ln167_reg_708">
<pin_list>
<pin id="709" dir="0" index="0" bw="31" slack="1"/>
<pin id="710" dir="1" index="1" bw="31" slack="1"/>
</pin_list>
<bind>
<opset="select_ln167 "/>
</bind>
</comp>

<comp id="713" class="1005" name="mul_ln167_reg_713">
<pin_list>
<pin id="714" dir="0" index="0" bw="27" slack="1"/>
<pin id="715" dir="1" index="1" bw="27" slack="1"/>
</pin_list>
<bind>
<opset="mul_ln167 "/>
</bind>
</comp>

<comp id="718" class="1005" name="mul_ln167_1_reg_718">
<pin_list>
<pin id="719" dir="0" index="0" bw="25" slack="1"/>
<pin id="720" dir="1" index="1" bw="25" slack="1"/>
</pin_list>
<bind>
<opset="mul_ln167_1 "/>
</bind>
</comp>

<comp id="723" class="1005" name="trunc_ln168_reg_723">
<pin_list>
<pin id="724" dir="0" index="0" bw="25" slack="1"/>
<pin id="725" dir="1" index="1" bw="25" slack="1"/>
</pin_list>
<bind>
<opset="trunc_ln168 "/>
</bind>
</comp>

<comp id="728" class="1005" name="trunc_ln168_1_reg_728">
<pin_list>
<pin id="729" dir="0" index="0" bw="27" slack="1"/>
<pin id="730" dir="1" index="1" bw="27" slack="1"/>
</pin_list>
<bind>
<opset="trunc_ln168_1 "/>
</bind>
</comp>

<comp id="736" class="1005" name="k_1_reg_736">
<pin_list>
<pin id="737" dir="0" index="0" bw="31" slack="0"/>
<pin id="738" dir="1" index="1" bw="31" slack="0"/>
</pin_list>
<bind>
<opset="k_1 "/>
</bind>
</comp>

<comp id="741" class="1005" name="idx_A_reg_741">
<pin_list>
<pin id="742" dir="0" index="0" bw="27" slack="1"/>
<pin id="743" dir="1" index="1" bw="27" slack="1"/>
</pin_list>
<bind>
<opset="idx_A "/>
</bind>
</comp>

<comp id="746" class="1005" name="add_ln180_reg_746">
<pin_list>
<pin id="747" dir="0" index="0" bw="27" slack="0"/>
<pin id="748" dir="1" index="1" bw="27" slack="0"/>
</pin_list>
<bind>
<opset="add_ln180 "/>
</bind>
</comp>

<comp id="751" class="1005" name="idx_B_reg_751">
<pin_list>
<pin id="752" dir="0" index="0" bw="27" slack="1"/>
<pin id="753" dir="1" index="1" bw="27" slack="1"/>
</pin_list>
<bind>
<opset="idx_B "/>
</bind>
</comp>

<comp id="756" class="1005" name="idx_C_reg_756">
<pin_list>
<pin id="757" dir="0" index="0" bw="25" slack="1"/>
<pin id="758" dir="1" index="1" bw="25" slack="1"/>
</pin_list>
<bind>
<opset="idx_C "/>
</bind>
</comp>

</comp_list>

<net_list>
<net id="111"><net_src comp="16" pin="0"/><net_sink comp="108" pin=0"/></net>

<net id="115"><net_src comp="16" pin="0"/><net_sink comp="112" pin=0"/></net>

<net id="119"><net_src comp="16" pin="0"/><net_sink comp="116" pin=0"/></net>

<net id="123"><net_src comp="22" pin="0"/><net_sink comp="120" pin=0"/></net>

<net id="127"><net_src comp="22" pin="0"/><net_sink comp="124" pin=0"/></net>

<net id="131"><net_src comp="22" pin="0"/><net_sink comp="128" pin=0"/></net>

<net id="135"><net_src comp="22" pin="0"/><net_sink comp="132" pin=0"/></net>

<net id="139"><net_src comp="22" pin="0"/><net_sink comp="136" pin=0"/></net>

<net id="143"><net_src comp="22" pin="0"/><net_sink comp="140" pin=0"/></net>

<net id="147"><net_src comp="22" pin="0"/><net_sink comp="144" pin=0"/></net>

<net id="151"><net_src comp="22" pin="0"/><net_sink comp="148" pin=0"/></net>

<net id="155"><net_src comp="22" pin="0"/><net_sink comp="152" pin=0"/></net>

<net id="159"><net_src comp="22" pin="0"/><net_sink comp="156" pin=0"/></net>

<net id="163"><net_src comp="22" pin="0"/><net_sink comp="160" pin=0"/></net>

<net id="167"><net_src comp="22" pin="0"/><net_sink comp="164" pin=0"/></net>

<net id="171"><net_src comp="22" pin="0"/><net_sink comp="168" pin=0"/></net>

<net id="175"><net_src comp="22" pin="0"/><net_sink comp="172" pin=0"/></net>

<net id="179"><net_src comp="22" pin="0"/><net_sink comp="176" pin=0"/></net>

<net id="183"><net_src comp="22" pin="0"/><net_sink comp="180" pin=0"/></net>

<net id="187"><net_src comp="22" pin="0"/><net_sink comp="184" pin=0"/></net>

<net id="191"><net_src comp="22" pin="0"/><net_sink comp="188" pin=0"/></net>

<net id="195"><net_src comp="22" pin="0"/><net_sink comp="192" pin=0"/></net>

<net id="199"><net_src comp="22" pin="0"/><net_sink comp="196" pin=0"/></net>

<net id="203"><net_src comp="22" pin="0"/><net_sink comp="200" pin=0"/></net>

<net id="207"><net_src comp="22" pin="0"/><net_sink comp="204" pin=0"/></net>

<net id="211"><net_src comp="22" pin="0"/><net_sink comp="208" pin=0"/></net>

<net id="215"><net_src comp="22" pin="0"/><net_sink comp="212" pin=0"/></net>

<net id="219"><net_src comp="22" pin="0"/><net_sink comp="216" pin=0"/></net>

<net id="223"><net_src comp="22" pin="0"/><net_sink comp="220" pin=0"/></net>

<net id="227"><net_src comp="22" pin="0"/><net_sink comp="224" pin=0"/></net>

<net id="231"><net_src comp="22" pin="0"/><net_sink comp="228" pin=0"/></net>

<net id="235"><net_src comp="22" pin="0"/><net_sink comp="232" pin=0"/></net>

<net id="239"><net_src comp="22" pin="0"/><net_sink comp="236" pin=0"/></net>

<net id="243"><net_src comp="22" pin="0"/><net_sink comp="240" pin=0"/></net>

<net id="247"><net_src comp="22" pin="0"/><net_sink comp="244" pin=0"/></net>

<net id="251"><net_src comp="22" pin="0"/><net_sink comp="248" pin=0"/></net>

<net id="256"><net_src comp="18" pin="0"/><net_sink comp="252" pin=0"/></net>

<net id="257"><net_src comp="14" pin="0"/><net_sink comp="252" pin=1"/></net>

<net id="262"><net_src comp="18" pin="0"/><net_sink comp="258" pin=0"/></net>

<net id="263"><net_src comp="12" pin="0"/><net_sink comp="258" pin=1"/></net>

<net id="268"><net_src comp="18" pin="0"/><net_sink comp="264" pin=0"/></net>

<net id="269"><net_src comp="10" pin="0"/><net_sink comp="264" pin=1"/></net>

<net id="274"><net_src comp="20" pin="0"/><net_sink comp="270" pin=0"/></net>

<net id="275"><net_src comp="8" pin="0"/><net_sink comp="270" pin=1"/></net>

<net id="280"><net_src comp="20" pin="0"/><net_sink comp="276" pin=0"/></net>

<net id="281"><net_src comp="6" pin="0"/><net_sink comp="276" pin=1"/></net>

<net id="286"><net_src comp="20" pin="0"/><net_sink comp="282" pin=0"/></net>

<net id="287"><net_src comp="4" pin="0"/><net_sink comp="282" pin=1"/></net>

<net id="291"><net_src comp="26" pin="0"/><net_sink comp="288" pin=0"/></net>

<net id="298"><net_src comp="288" pin="1"/><net_sink comp="292" pin=2"/></net>

<net id="302"><net_src comp="96" pin="0"/><net_sink comp="299" pin=0"/></net>

<net id="309"><net_src comp="299" pin="1"/><net_sink comp="303" pin=2"/></net>

<net id="329"><net_src comp="88" pin="0"/><net_sink comp="310" pin=0"/></net>

<net id="352"><net_src comp="98" pin="0"/><net_sink comp="330" pin=0"/></net>

<net id="353"><net_src comp="0" pin="0"/><net_sink comp="330" pin=1"/></net>

<net id="361"><net_src comp="100" pin="0"/><net_sink comp="354" pin=0"/></net>

<net id="362"><net_src comp="2" pin="0"/><net_sink comp="354" pin=1"/></net>

<net id="385"><net_src comp="102" pin="0"/><net_sink comp="363" pin=0"/></net>

<net id="386"><net_src comp="0" pin="0"/><net_sink comp="363" pin=17"/></net>

<net id="423"><net_src comp="104" pin="0"/><net_sink comp="387" pin=0"/></net>

<net id="427"><net_src comp="258" pin="2"/><net_sink comp="424" pin=0"/></net>

<net id="431"><net_src comp="252" pin="2"/><net_sink comp="428" pin=0"/></net>

<net id="435"><net_src comp="252" pin="2"/><net_sink comp="432" pin=0"/></net>

<net id="440"><net_src comp="24" pin="0"/><net_sink comp="436" pin=0"/></net>

<net id="445"><net_src comp="26" pin="0"/><net_sink comp="441" pin=0"/></net>

<net id="450"><net_src comp="26" pin="0"/><net_sink comp="446" pin=0"/></net>

<net id="461"><net_src comp="451" pin="1"/><net_sink comp="457" pin=0"/></net>

<net id="462"><net_src comp="454" pin="1"/><net_sink comp="457" pin=1"/></net>

<net id="472"><net_src comp="463" pin="1"/><net_sink comp="469" pin=0"/></net>

<net id="477"><net_src comp="469" pin="1"/><net_sink comp="473" pin=0"/></net>

<net id="482"><net_src comp="466" pin="1"/><net_sink comp="478" pin=0"/></net>

<net id="487"><net_src comp="466" pin="1"/><net_sink comp="483" pin=0"/></net>

<net id="488"><net_src comp="22" pin="0"/><net_sink comp="483" pin=1"/></net>

<net id="496"><net_src comp="489" pin="1"/><net_sink comp="492" pin=0"/></net>

<net id="497"><net_src comp="86" pin="0"/><net_sink comp="492" pin=1"/></net>

<net id="503"><net_src comp="473" pin="2"/><net_sink comp="498" pin=0"/></net>

<net id="504"><net_src comp="489" pin="1"/><net_sink comp="498" pin=1"/></net>

<net id="505"><net_src comp="492" pin="2"/><net_sink comp="498" pin=2"/></net>

<net id="509"><net_src comp="498" pin="3"/><net_sink comp="506" pin=0"/></net>

<net id="513"><net_src comp="498" pin="3"/><net_sink comp="510" pin=0"/></net>

<net id="519"><net_src comp="26" pin="0"/><net_sink comp="514" pin=2"/></net>

<net id="531"><net_src comp="514" pin="3"/><net_sink comp="528" pin=0"/></net>

<net id="535"><net_src comp="514" pin="3"/><net_sink comp="532" pin=0"/></net>

<net id="539"><net_src comp="292" pin="4"/><net_sink comp="536" pin=0"/></net>

<net id="543"><net_src comp="292" pin="4"/><net_sink comp="540" pin=0"/></net>

<net id="548"><net_src comp="536" pin="1"/><net_sink comp="544" pin=0"/></net>

<net id="553"><net_src comp="292" pin="4"/><net_sink comp="549" pin=0"/></net>

<net id="554"><net_src comp="86" pin="0"/><net_sink comp="549" pin=1"/></net>

<net id="559"><net_src comp="540" pin="1"/><net_sink comp="555" pin=0"/></net>

<net id="560"><net_src comp="555" pin="2"/><net_sink comp="330" pin=19"/></net>

<net id="565"><net_src comp="303" pin="4"/><net_sink comp="561" pin=0"/></net>

<net id="570"><net_src comp="303" pin="4"/><net_sink comp="566" pin=0"/></net>

<net id="571"><net_src comp="566" pin="2"/><net_sink comp="354" pin=4"/></net>

<net id="576"><net_src comp="572" pin="2"/><net_sink comp="363" pin=19"/></net>

<net id="581"><net_src comp="86" pin="0"/><net_sink comp="577" pin=1"/></net>

<net id="594"><net_src comp="577" pin="2"/><net_sink comp="590" pin=0"/></net>

<net id="598"><net_src comp="108" pin="1"/><net_sink comp="595" pin=0"/></net>

<net id="599"><net_src comp="595" pin="1"/><net_sink comp="446" pin=1"/></net>

<net id="600"><net_src comp="595" pin="1"/><net_sink comp="463" pin=0"/></net>

<net id="601"><net_src comp="595" pin="1"/><net_sink comp="590" pin=1"/></net>

<net id="605"><net_src comp="112" pin="1"/><net_sink comp="602" pin=0"/></net>

<net id="606"><net_src comp="602" pin="1"/><net_sink comp="441" pin=1"/></net>

<net id="607"><net_src comp="602" pin="1"/><net_sink comp="489" pin=0"/></net>

<net id="608"><net_src comp="602" pin="1"/><net_sink comp="586" pin=1"/></net>

<net id="612"><net_src comp="116" pin="1"/><net_sink comp="609" pin=0"/></net>

<net id="613"><net_src comp="609" pin="1"/><net_sink comp="436" pin=1"/></net>

<net id="614"><net_src comp="609" pin="1"/><net_sink comp="466" pin=0"/></net>

<net id="615"><net_src comp="609" pin="1"/><net_sink comp="582" pin=1"/></net>

<net id="619"><net_src comp="252" pin="2"/><net_sink comp="616" pin=0"/></net>

<net id="620"><net_src comp="616" pin="1"/><net_sink comp="454" pin=0"/></net>

<net id="621"><net_src comp="616" pin="1"/><net_sink comp="473" pin=1"/></net>

<net id="625"><net_src comp="258" pin="2"/><net_sink comp="622" pin=0"/></net>

<net id="626"><net_src comp="622" pin="1"/><net_sink comp="544" pin=1"/></net>

<net id="630"><net_src comp="264" pin="2"/><net_sink comp="627" pin=0"/></net>

<net id="631"><net_src comp="627" pin="1"/><net_sink comp="451" pin=0"/></net>

<net id="635"><net_src comp="270" pin="2"/><net_sink comp="632" pin=0"/></net>

<net id="636"><net_src comp="632" pin="1"/><net_sink comp="363" pin=18"/></net>

<net id="640"><net_src comp="276" pin="2"/><net_sink comp="637" pin=0"/></net>

<net id="641"><net_src comp="637" pin="1"/><net_sink comp="354" pin=2"/></net>

<net id="645"><net_src comp="282" pin="2"/><net_sink comp="642" pin=0"/></net>

<net id="646"><net_src comp="642" pin="1"/><net_sink comp="330" pin=2"/></net>

<net id="650"><net_src comp="424" pin="1"/><net_sink comp="647" pin=0"/></net>

<net id="651"><net_src comp="647" pin="1"/><net_sink comp="520" pin=1"/></net>

<net id="655"><net_src comp="428" pin="1"/><net_sink comp="652" pin=0"/></net>

<net id="656"><net_src comp="652" pin="1"/><net_sink comp="524" pin=1"/></net>

<net id="660"><net_src comp="432" pin="1"/><net_sink comp="657" pin=0"/></net>

<net id="661"><net_src comp="657" pin="1"/><net_sink comp="561" pin=1"/></net>

<net id="665"><net_src comp="451" pin="1"/><net_sink comp="662" pin=0"/></net>

<net id="666"><net_src comp="662" pin="1"/><net_sink comp="457" pin=0"/></net>

<net id="670"><net_src comp="454" pin="1"/><net_sink comp="667" pin=0"/></net>

<net id="671"><net_src comp="667" pin="1"/><net_sink comp="457" pin=1"/></net>

<net id="675"><net_src comp="457" pin="2"/><net_sink comp="672" pin=0"/></net>

<net id="676"><net_src comp="672" pin="1"/><net_sink comp="478" pin=1"/></net>

<net id="683"><net_src comp="473" pin="2"/><net_sink comp="680" pin=0"/></net>

<net id="684"><net_src comp="680" pin="1"/><net_sink comp="514" pin=0"/></net>

<net id="691"><net_src comp="483" pin="2"/><net_sink comp="688" pin=0"/></net>

<net id="692"><net_src comp="688" pin="1"/><net_sink comp="582" pin=0"/></net>

<net id="696"><net_src comp="498" pin="3"/><net_sink comp="693" pin=0"/></net>

<net id="697"><net_src comp="693" pin="1"/><net_sink comp="586" pin=0"/></net>

<net id="701"><net_src comp="506" pin="1"/><net_sink comp="698" pin=0"/></net>

<net id="702"><net_src comp="698" pin="1"/><net_sink comp="520" pin=0"/></net>

<net id="706"><net_src comp="510" pin="1"/><net_sink comp="703" pin=0"/></net>

<net id="707"><net_src comp="703" pin="1"/><net_sink comp="524" pin=0"/></net>

<net id="711"><net_src comp="514" pin="3"/><net_sink comp="708" pin=0"/></net>

<net id="712"><net_src comp="708" pin="1"/><net_sink comp="577" pin=0"/></net>

<net id="716"><net_src comp="520" pin="2"/><net_sink comp="713" pin=0"/></net>

<net id="717"><net_src comp="713" pin="1"/><net_sink comp="555" pin=1"/></net>

<net id="721"><net_src comp="524" pin="2"/><net_sink comp="718" pin=0"/></net>

<net id="722"><net_src comp="718" pin="1"/><net_sink comp="572" pin=1"/></net>

<net id="726"><net_src comp="528" pin="1"/><net_sink comp="723" pin=0"/></net>

<net id="727"><net_src comp="723" pin="1"/><net_sink comp="572" pin=0"/></net>

<net id="731"><net_src comp="532" pin="1"/><net_sink comp="728" pin=0"/></net>

<net id="732"><net_src comp="728" pin="1"/><net_sink comp="566" pin=1"/></net>

<net id="739"><net_src comp="549" pin="2"/><net_sink comp="736" pin=0"/></net>

<net id="740"><net_src comp="736" pin="1"/><net_sink comp="292" pin=0"/></net>

<net id="744"><net_src comp="555" pin="2"/><net_sink comp="741" pin=0"/></net>

<net id="745"><net_src comp="741" pin="1"/><net_sink comp="330" pin=19"/></net>

<net id="749"><net_src comp="561" pin="2"/><net_sink comp="746" pin=0"/></net>

<net id="750"><net_src comp="746" pin="1"/><net_sink comp="303" pin=0"/></net>

<net id="754"><net_src comp="566" pin="2"/><net_sink comp="751" pin=0"/></net>

<net id="755"><net_src comp="751" pin="1"/><net_sink comp="354" pin=4"/></net>

<net id="759"><net_src comp="572" pin="2"/><net_sink comp="756" pin=0"/></net>

<net id="760"><net_src comp="756" pin="1"/><net_sink comp="363" pin=19"/></net>

</net_list>

</model> 
---------------- Datapath Model END ------------------

* FSMD analyzer results:
  - Output states:
	Port: gmem0 | {6 10 }
 - Input state : 
	Port: pipelined_layer_processor : gmem0 | {6 7 }
	Port: pipelined_layer_processor : gmem1 | {6 7 }
	Port: pipelined_layer_processor : mat_A | {1 }
	Port: pipelined_layer_processor : mat_B | {1 }
	Port: pipelined_layer_processor : mat_C | {1 }
	Port: pipelined_layer_processor : num_row_tiles | {1 }
	Port: pipelined_layer_processor : num_depth_tiles | {1 }
	Port: pipelined_layer_processor : num_col_tiles | {1 }
  - Chain level:
	State 1
		store_ln167 : 1
		store_ln167 : 1
		store_ln167 : 1
	State 2
		mul_ln130 : 1
	State 3
	State 4
		zext_ln168 : 1
		icmp_ln168 : 2
		icmp_ln167 : 1
		add_ln167 : 1
		br_ln167 : 2
		i_3 : 1
		select_ln167_1 : 3
		trunc_ln167 : 4
		trunc_ln167_1 : 4
	State 5
		trunc_ln168 : 1
		trunc_ln168_1 : 1
	State 6
		zext_ln176 : 1
		trunc_ln176 : 1
		icmp_ln176 : 2
		k_1 : 1
		br_ln176 : 3
		idx_A : 2
		add_ln180 : 1
		idx_B : 1
		call_ln182 : 3
		call_ln183 : 2
		call_ln188 : 1
		store_ln168 : 1
	State 7
	State 8
	State 9
	State 10


============================================================
+ Verbose Summary: Datapath Resource usage 
============================================================

* Functional unit list:
|----------|-----------------------------------------------------|---------|---------|---------|---------|
| Operation|                   Functional Unit                   |   DSP   |  Delay  |    FF   |   LUT   |
|----------|-----------------------------------------------------|---------|---------|---------|---------|
|          | grp_pipelined_layer_processor_Pipeline_Clear_fu_310 |    0    |  25.408 |    12   |   168   |
|          |               grp_read_big_tile_fu_330              |    0    |  1.588  |   647   |   104   |
|   call   |              grp_read_big_tile_1_fu_354             |    0    |  1.588  |   648   |   104   |
|          |              grp_write_big_tile_fu_363              |    0    |  28.584 |   1012  |   577   |
|          |             grp_compute_systolic_fu_387             |   1024  | 3528.42 |  174083 |  59441  |
|----------|-----------------------------------------------------|---------|---------|---------|---------|
|          |                   add_ln167_fu_483                  |    0    |    0    |    0    |    71   |
|          |                      i_3_fu_492                     |    0    |    0    |    0    |    38   |
|          |                      k_1_fu_549                     |    0    |    0    |    0    |    38   |
|    add   |                     idx_A_fu_555                    |    0    |    0    |    0    |    34   |
|          |                   add_ln180_fu_561                  |    0    |    0    |    0    |    34   |
|          |                     idx_B_fu_566                    |    0    |    0    |    0    |    34   |
|          |                     idx_C_fu_572                    |    0    |    0    |    0    |    32   |
|          |                      j_3_fu_577                     |    0    |    0    |    0    |    38   |
|----------|-----------------------------------------------------|---------|---------|---------|---------|
|          |                      grp_fu_457                     |    3    |    0    |   165   |    50   |
|    mul   |                   mul_ln167_fu_520                  |    1    |    0    |    0    |    39   |
|          |                  mul_ln167_1_fu_524                 |    1    |    0    |    0    |    47   |
|----------|-----------------------------------------------------|---------|---------|---------|---------|
|          |                  icmp_ln168_fu_473                  |    0    |    0    |    0    |    18   |
|   icmp   |                  icmp_ln167_fu_478                  |    0    |    0    |    0    |    29   |
|          |                  icmp_ln176_fu_544                  |    0    |    0    |    0    |    18   |
|----------|-----------------------------------------------------|---------|---------|---------|---------|
|  select  |                select_ln167_1_fu_498                |    0    |    0    |    0    |    31   |
|          |                 select_ln167_fu_514                 |    0    |    0    |    0    |    31   |
|----------|-----------------------------------------------------|---------|---------|---------|---------|
|          |            num_col_tiles_read_read_fu_252           |    0    |    0    |    0    |    0    |
|          |           num_depth_tiles_read_read_fu_258          |    0    |    0    |    0    |    0    |
|   read   |            num_row_tiles_read_read_fu_264           |    0    |    0    |    0    |    0    |
|          |                mat_C_read_read_fu_270               |    0    |    0    |    0    |    0    |
|          |                mat_B_read_read_fu_276               |    0    |    0    |    0    |    0    |
|          |                mat_A_read_read_fu_282               |    0    |    0    |    0    |    0    |
|----------|-----------------------------------------------------|---------|---------|---------|---------|
|          |                     empty_fu_424                    |    0    |    0    |    0    |    0    |
|          |                  empty_1055_fu_428                  |    0    |    0    |    0    |    0    |
|          |                  trunc_ln180_fu_432                 |    0    |    0    |    0    |    0    |
|   trunc  |                  trunc_ln167_fu_506                 |    0    |    0    |    0    |    0    |
|          |                 trunc_ln167_1_fu_510                |    0    |    0    |    0    |    0    |
|          |                  trunc_ln168_fu_528                 |    0    |    0    |    0    |    0    |
|          |                 trunc_ln168_1_fu_532                |    0    |    0    |    0    |    0    |
|          |                  trunc_ln176_fu_540                 |    0    |    0    |    0    |    0    |
|----------|-----------------------------------------------------|---------|---------|---------|---------|
|          |                  zext_ln130_fu_451                  |    0    |    0    |    0    |    0    |
|   zext   |                 zext_ln130_1_fu_454                 |    0    |    0    |    0    |    0    |
|          |                  zext_ln168_fu_469                  |    0    |    0    |    0    |    0    |
|          |                  zext_ln176_fu_536                  |    0    |    0    |    0    |    0    |
|----------|-----------------------------------------------------|---------|---------|---------|---------|
|   Total  |                                                     |   1029  | 3585.59 |  176567 |  60976  |
|----------|-----------------------------------------------------|---------|---------|---------|---------|

Memories:
+-----------+--------+--------+--------+
|           |  BRAM  |   FF   |   LUT  |
+-----------+--------+--------+--------+
|  tile_A_V |   15   |    0   |    0   |
| tile_A_V_1|   15   |    0   |    0   |
|tile_A_V_10|   15   |    0   |    0   |
|tile_A_V_11|   15   |    0   |    0   |
|tile_A_V_12|   15   |    0   |    0   |
|tile_A_V_13|   15   |    0   |    0   |
|tile_A_V_14|   15   |    0   |    0   |
|tile_A_V_15|   15   |    0   |    0   |
| tile_A_V_2|   15   |    0   |    0   |
| tile_A_V_3|   15   |    0   |    0   |
| tile_A_V_4|   15   |    0   |    0   |
| tile_A_V_5|   15   |    0   |    0   |
| tile_A_V_6|   15   |    0   |    0   |
| tile_A_V_7|   15   |    0   |    0   |
| tile_A_V_8|   15   |    0   |    0   |
| tile_A_V_9|   15   |    0   |    0   |
|  tile_B_V |    8   |    0   |    0   |
|  tile_C_V |    2   |    0   |    0   |
| tile_C_V_1|    2   |    0   |    0   |
|tile_C_V_10|    2   |    0   |    0   |
|tile_C_V_11|    2   |    0   |    0   |
|tile_C_V_12|    2   |    0   |    0   |
|tile_C_V_13|    2   |    0   |    0   |
|tile_C_V_14|    2   |    0   |    0   |
|tile_C_V_15|    2   |    0   |    0   |
| tile_C_V_2|    2   |    0   |    0   |
| tile_C_V_3|    2   |    0   |    0   |
| tile_C_V_4|    2   |    0   |    0   |
| tile_C_V_5|    2   |    0   |    0   |
| tile_C_V_6|    2   |    0   |    0   |
| tile_C_V_7|    2   |    0   |    0   |
| tile_C_V_8|    2   |    0   |    0   |
| tile_C_V_9|    2   |    0   |    0   |
+-----------+--------+--------+--------+
|   Total   |   280  |    0   |    0   |
+-----------+--------+--------+--------+

* Register list:
+----------------------------+--------+
|                            |   FF   |
+----------------------------+--------+
|      add_ln167_reg_688     |   64   |
|      add_ln180_reg_746     |   27   |
|     empty_1055_reg_652     |   25   |
|        empty_reg_647       |   27   |
|          i_reg_602         |   31   |
|     icmp_ln168_reg_680     |    1   |
|        idx_A_reg_741       |   27   |
|        idx_B_reg_751       |   27   |
|        idx_C_reg_756       |   25   |
|   indvar_flatten_reg_609   |   64   |
|          j_reg_595         |   31   |
|         k_1_reg_736        |   31   |
|          k_reg_288         |   31   |
|     mat_A_read_reg_642     |   64   |
|     mat_B_read_reg_637     |   64   |
|     mat_C_read_reg_632     |   64   |
|      mul_ln130_reg_672     |   64   |
|     mul_ln167_1_reg_718    |   25   |
|      mul_ln167_reg_713     |   27   |
| num_col_tiles_read_reg_616 |   32   |
|num_depth_tiles_read_reg_622|   32   |
| num_row_tiles_read_reg_627 |   32   |
|       phi_mul_reg_299      |   27   |
|   select_ln167_1_reg_693   |   31   |
|    select_ln167_reg_708    |   31   |
|    trunc_ln167_1_reg_703   |   25   |
|     trunc_ln167_reg_698    |   27   |
|    trunc_ln168_1_reg_728   |   27   |
|     trunc_ln168_reg_723    |   25   |
|     trunc_ln180_reg_657    |   27   |
|    zext_ln130_1_reg_667    |   64   |
|     zext_ln130_reg_662     |   64   |
+----------------------------+--------+
|            Total           |  1163  |
+----------------------------+--------+

* Multiplexer (MUX) list: 
|----------------------------|------|------|------|--------||---------||---------|
|            Comp            |  Pin | Size |  BW  | S x BW ||  Delay  ||   LUT   |
|----------------------------|------|------|------|--------||---------||---------|
|  grp_read_big_tile_fu_330  |  p19 |   2  |  27  |   54   ||    9    |
| grp_read_big_tile_1_fu_354 |  p4  |   2  |  27  |   54   ||    9    |
|  grp_write_big_tile_fu_363 |  p19 |   2  |  25  |   50   ||    9    |
|         grp_fu_457         |  p0  |   2  |  32  |   64   ||    9    |
|         grp_fu_457         |  p1  |   2  |  32  |   64   ||    9    |
|----------------------------|------|------|------|--------||---------||---------|
|            Total           |      |      |      |   286  ||   7.94  ||    45   |
|----------------------------|------|------|------|--------||---------||---------|



* Summary:
+-----------+--------+--------+--------+--------+--------+
|           |  BRAM  |   DSP  |  Delay |   FF   |   LUT  |
+-----------+--------+--------+--------+--------+--------+
|  Function |    -   |  1029  |  3585  | 176567 |  60976 |
|   Memory  |   280  |    -   |    -   |    0   |    0   |
|Multiplexer|    -   |    -   |    7   |    -   |   45   |
|  Register |    -   |    -   |    -   |  1163  |    -   |
+-----------+--------+--------+--------+--------+--------+
|   Total   |   280  |  1029  |  3593  | 177730 |  61021 |
+-----------+--------+--------+--------+--------+--------+
