

================================================================
== Vitis HLS Report for 'write_big_tile_Pipeline_Write_Rows_Write_Cols'
================================================================
* Date:           Mon May 25 15:50:51 2026

* Version:        2022.2 (Build 3670227 on Oct 13 2022)
* Project:        SystolicArray
* Solution:       solution1 (Vivado IP Flow Target)
* Product family: zynq
* Target device:  xc7z020-clg400-1


================================================================
== Performance Estimates
================================================================
+ Timing: 
    * Summary: 
    +--------+----------+----------+------------+
    |  Clock |  Target  | Estimated| Uncertainty|
    +--------+----------+----------+------------+
    |ap_clk  |  10.00 ns|  7.300 ns|     2.70 ns|
    +--------+----------+----------+------------+

+ Latency: 
    * Summary: 
    +---------+---------+----------+----------+-----+-----+---------+
    |  Latency (cycles) |  Latency (absolute) |  Interval | Pipeline|
    |   min   |   max   |    min   |    max   | min | max |   Type  |
    +---------+---------+----------+----------+-----+-----+---------+
    |      131|      131|  1.310 us|  1.310 us|  131|  131|       no|
    +---------+---------+----------+----------+-----+-----+---------+

    + Detail: 
        * Instance: 
        N/A

        * Loop: 
        +-------------------------+---------+---------+----------+-----------+-----------+------+----------+
        |                         |  Latency (cycles) | Iteration|  Initiation Interval  | Trip |          |
        |        Loop Name        |   min   |   max   |  Latency |  achieved |   target  | Count| Pipelined|
        +-------------------------+---------+---------+----------+-----------+-----------+------+----------+
        |- Write_Rows_Write_Cols  |      129|      129|         3|          1|          1|   128|       yes|
        +-------------------------+---------+---------+----------+-----------+-----------+------+----------+

============================================================
+ Verbose Summary: Synthesis Manager
============================================================
InlineROM: 1
ExposeGlobal: 0
============================================================
+ Verbose Summary: CDFG Model
============================================================
IsTopModel: 0
ResetActiveHigh: 1
IsCombinational: 0
IsDatapathOnly: 0
HasWiredReturn: 1
HasMFsm: 2
HasVarLatency: 1
IsPipeline: 0
IsRtlPipelined: 0
IsInstanceOverlapped: 0
IsDontTouch: 0
HasImplIP: 0
IsGatedGlobalClock: 0

+ Individual pipeline summary: 
  * Pipeline-0: initiation interval (II) = 1, depth = 3


============================================================
+ Verbose Summary: Schedule
============================================================
* Number of FSM states : 3
* Pipeline : 1
  Pipeline-0 : II = 1, D = 3, States = { 1 2 3 }
* Dataflow Pipeline: 0

* FSM state transitions: 
1 --> 2 
2 --> 3 
3 --> 

* FSM state operations: 

State 1 <SV = 0> <Delay = 6.26>
ST_1 : Operation 6 [1/1] (0.00ns)   --->   "%c = alloca i32 1"   --->   Operation 6 'alloca' 'c' <Predicate = true> <Delay = 0.00>
ST_1 : Operation 7 [1/1] (0.00ns)   --->   "%indvar = alloca i32 1"   --->   Operation 7 'alloca' 'indvar' <Predicate = true> <Delay = 0.00>
ST_1 : Operation 8 [1/1] (0.00ns)   --->   "%r = alloca i32 1"   --->   Operation 8 'alloca' 'r' <Predicate = true> <Delay = 0.00>
ST_1 : Operation 9 [1/1] (0.00ns)   --->   "%indvar_flatten = alloca i32 1"   --->   Operation 9 'alloca' 'indvar_flatten' <Predicate = true> <Delay = 0.00>
ST_1 : Operation 10 [1/1] (0.00ns)   --->   "%sext_ln111_1_read = read i59 @_ssdm_op_Read.ap_auto.i59, i59 %sext_ln111_1"   --->   Operation 10 'read' 'sext_ln111_1_read' <Predicate = true> <Delay = 0.00>
ST_1 : Operation 11 [1/1] (0.00ns)   --->   "%sext_ln111_1_cast = sext i59 %sext_ln111_1_read"   --->   Operation 11 'sext' 'sext_ln111_1_cast' <Predicate = true> <Delay = 0.00>
ST_1 : Operation 12 [1/1] (0.00ns)   --->   "%specmemcore_ln0 = specmemcore void @_ssdm_op_SpecMemCore, i32 %local_buffer_15, i64 666, i64 22, i64 18446744073709551615"   --->   Operation 12 'specmemcore' 'specmemcore_ln0' <Predicate = true> <Delay = 0.00>
ST_1 : Operation 13 [1/1] (0.00ns)   --->   "%specmemcore_ln0 = specmemcore void @_ssdm_op_SpecMemCore, i32 %local_buffer_14, i64 666, i64 22, i64 18446744073709551615"   --->   Operation 13 'specmemcore' 'specmemcore_ln0' <Predicate = true> <Delay = 0.00>
ST_1 : Operation 14 [1/1] (0.00ns)   --->   "%specmemcore_ln0 = specmemcore void @_ssdm_op_SpecMemCore, i32 %local_buffer_13, i64 666, i64 22, i64 18446744073709551615"   --->   Operation 14 'specmemcore' 'specmemcore_ln0' <Predicate = true> <Delay = 0.00>
ST_1 : Operation 15 [1/1] (0.00ns)   --->   "%specmemcore_ln0 = specmemcore void @_ssdm_op_SpecMemCore, i32 %local_buffer_12, i64 666, i64 22, i64 18446744073709551615"   --->   Operation 15 'specmemcore' 'specmemcore_ln0' <Predicate = true> <Delay = 0.00>
ST_1 : Operation 16 [1/1] (0.00ns)   --->   "%specmemcore_ln0 = specmemcore void @_ssdm_op_SpecMemCore, i32 %local_buffer_11, i64 666, i64 22, i64 18446744073709551615"   --->   Operation 16 'specmemcore' 'specmemcore_ln0' <Predicate = true> <Delay = 0.00>
ST_1 : Operation 17 [1/1] (0.00ns)   --->   "%specmemcore_ln0 = specmemcore void @_ssdm_op_SpecMemCore, i32 %local_buffer_10, i64 666, i64 22, i64 18446744073709551615"   --->   Operation 17 'specmemcore' 'specmemcore_ln0' <Predicate = true> <Delay = 0.00>
ST_1 : Operation 18 [1/1] (0.00ns)   --->   "%specmemcore_ln0 = specmemcore void @_ssdm_op_SpecMemCore, i32 %local_buffer_9, i64 666, i64 22, i64 18446744073709551615"   --->   Operation 18 'specmemcore' 'specmemcore_ln0' <Predicate = true> <Delay = 0.00>
ST_1 : Operation 19 [1/1] (0.00ns)   --->   "%specmemcore_ln0 = specmemcore void @_ssdm_op_SpecMemCore, i32 %local_buffer_8, i64 666, i64 22, i64 18446744073709551615"   --->   Operation 19 'specmemcore' 'specmemcore_ln0' <Predicate = true> <Delay = 0.00>
ST_1 : Operation 20 [1/1] (0.00ns)   --->   "%specmemcore_ln0 = specmemcore void @_ssdm_op_SpecMemCore, i32 %local_buffer_7, i64 666, i64 22, i64 18446744073709551615"   --->   Operation 20 'specmemcore' 'specmemcore_ln0' <Predicate = true> <Delay = 0.00>
ST_1 : Operation 21 [1/1] (0.00ns)   --->   "%specmemcore_ln0 = specmemcore void @_ssdm_op_SpecMemCore, i32 %local_buffer_6, i64 666, i64 22, i64 18446744073709551615"   --->   Operation 21 'specmemcore' 'specmemcore_ln0' <Predicate = true> <Delay = 0.00>
ST_1 : Operation 22 [1/1] (0.00ns)   --->   "%specmemcore_ln0 = specmemcore void @_ssdm_op_SpecMemCore, i32 %local_buffer_5, i64 666, i64 22, i64 18446744073709551615"   --->   Operation 22 'specmemcore' 'specmemcore_ln0' <Predicate = true> <Delay = 0.00>
ST_1 : Operation 23 [1/1] (0.00ns)   --->   "%specmemcore_ln0 = specmemcore void @_ssdm_op_SpecMemCore, i32 %local_buffer_4, i64 666, i64 22, i64 18446744073709551615"   --->   Operation 23 'specmemcore' 'specmemcore_ln0' <Predicate = true> <Delay = 0.00>
ST_1 : Operation 24 [1/1] (0.00ns)   --->   "%specmemcore_ln0 = specmemcore void @_ssdm_op_SpecMemCore, i32 %local_buffer_3, i64 666, i64 22, i64 18446744073709551615"   --->   Operation 24 'specmemcore' 'specmemcore_ln0' <Predicate = true> <Delay = 0.00>
ST_1 : Operation 25 [1/1] (0.00ns)   --->   "%specmemcore_ln0 = specmemcore void @_ssdm_op_SpecMemCore, i32 %local_buffer_2, i64 666, i64 22, i64 18446744073709551615"   --->   Operation 25 'specmemcore' 'specmemcore_ln0' <Predicate = true> <Delay = 0.00>
ST_1 : Operation 26 [1/1] (0.00ns)   --->   "%specmemcore_ln0 = specmemcore void @_ssdm_op_SpecMemCore, i32 %local_buffer_1, i64 666, i64 22, i64 18446744073709551615"   --->   Operation 26 'specmemcore' 'specmemcore_ln0' <Predicate = true> <Delay = 0.00>
ST_1 : Operation 27 [1/1] (0.00ns)   --->   "%specmemcore_ln0 = specmemcore void @_ssdm_op_SpecMemCore, i32 %local_buffer_0, i64 666, i64 22, i64 18446744073709551615"   --->   Operation 27 'specmemcore' 'specmemcore_ln0' <Predicate = true> <Delay = 0.00>
ST_1 : Operation 28 [1/1] (0.00ns)   --->   "%specinterface_ln0 = specinterface void @_ssdm_op_SpecInterface, i256 %gmem0, void @empty_1045, i32 0, i32 0, void @empty_1037, i32 0, i32 4000, void @empty_1023, void @empty_1032, void @empty_1037, i32 4, i32 4, i32 64, i32 64, void @empty_1037, void @empty_1037, i32 4294967295, i32 0"   --->   Operation 28 'specinterface' 'specinterface_ln0' <Predicate = true> <Delay = 0.00>
ST_1 : Operation 29 [1/1] (1.58ns)   --->   "%store_ln0 = store i8 0, i8 %indvar_flatten"   --->   Operation 29 'store' 'store_ln0' <Predicate = true> <Delay = 1.58>
ST_1 : Operation 30 [1/1] (1.58ns)   --->   "%store_ln0 = store i6 0, i6 %r"   --->   Operation 30 'store' 'store_ln0' <Predicate = true> <Delay = 1.58>
ST_1 : Operation 31 [1/1] (1.58ns)   --->   "%store_ln0 = store i3 0, i3 %indvar"   --->   Operation 31 'store' 'store_ln0' <Predicate = true> <Delay = 1.58>
ST_1 : Operation 32 [1/1] (1.58ns)   --->   "%store_ln0 = store i6 0, i6 %c"   --->   Operation 32 'store' 'store_ln0' <Predicate = true> <Delay = 1.58>
ST_1 : Operation 33 [1/1] (0.00ns)   --->   "%br_ln0 = br void %for.inc"   --->   Operation 33 'br' 'br_ln0' <Predicate = true> <Delay = 0.00>
ST_1 : Operation 34 [1/1] (0.00ns)   --->   "%indvar_flatten_load = load i8 %indvar_flatten" [SystolicArray/main.cpp:111]   --->   Operation 34 'load' 'indvar_flatten_load' <Predicate = true> <Delay = 0.00>
ST_1 : Operation 35 [1/1] (1.55ns)   --->   "%icmp_ln111 = icmp_eq  i8 %indvar_flatten_load, i8 128" [SystolicArray/main.cpp:111]   --->   Operation 35 'icmp' 'icmp_ln111' <Predicate = true> <Delay = 1.55> <CoreInst = "Cmp">   --->   Core 9 'Cmp' <Latency = 0> <II = 1> <Delay = 1.55> <FuncUnit> <Opcode : 'icmp'> <InPorts = 2> <OutPorts = 1>
ST_1 : Operation 36 [1/1] (1.91ns)   --->   "%add_ln111 = add i8 %indvar_flatten_load, i8 1" [SystolicArray/main.cpp:111]   --->   Operation 36 'add' 'add_ln111' <Predicate = true> <Delay = 1.91> <CoreInst = "Adder">   --->   Core 1 'Adder' <Latency = 0> <II = 1> <Delay = 1.91> <FuncUnit> <Opcode : 'add' 'sub'> <InPorts = 2> <OutPorts = 1>
ST_1 : Operation 37 [1/1] (0.00ns)   --->   "%br_ln111 = br i1 %icmp_ln111, void %for.inc22, void %for.end24.exitStub" [SystolicArray/main.cpp:111]   --->   Operation 37 'br' 'br_ln111' <Predicate = true> <Delay = 0.00>
ST_1 : Operation 38 [1/1] (0.00ns)   --->   "%c_load = load i6 %c" [SystolicArray/main.cpp:111]   --->   Operation 38 'load' 'c_load' <Predicate = (!icmp_ln111)> <Delay = 0.00>
ST_1 : Operation 39 [1/1] (0.00ns)   --->   "%indvar_load = load i3 %indvar" [SystolicArray/main.cpp:112]   --->   Operation 39 'load' 'indvar_load' <Predicate = (!icmp_ln111)> <Delay = 0.00>
ST_1 : Operation 40 [1/1] (0.00ns)   --->   "%r_load = load i6 %r" [SystolicArray/main.cpp:111]   --->   Operation 40 'load' 'r_load' <Predicate = (!icmp_ln111)> <Delay = 0.00>
ST_1 : Operation 41 [1/1] (1.82ns)   --->   "%add_ln111_1 = add i6 %r_load, i6 1" [SystolicArray/main.cpp:111]   --->   Operation 41 'add' 'add_ln111_1' <Predicate = (!icmp_ln111)> <Delay = 1.82> <CoreInst = "Adder">   --->   Core 1 'Adder' <Latency = 0> <II = 1> <Delay = 1.82> <FuncUnit> <Opcode : 'add' 'sub'> <InPorts = 2> <OutPorts = 1>
ST_1 : Operation 42 [1/1] (1.13ns)   --->   "%icmp_ln112 = icmp_eq  i3 %indvar_load, i3 4" [SystolicArray/main.cpp:112]   --->   Operation 42 'icmp' 'icmp_ln112' <Predicate = (!icmp_ln111)> <Delay = 1.13> <CoreInst = "Cmp">   --->   Core 9 'Cmp' <Latency = 0> <II = 1> <Delay = 1.13> <FuncUnit> <Opcode : 'icmp'> <InPorts = 2> <OutPorts = 1>
ST_1 : Operation 43 [1/1] (1.18ns)   --->   "%select_ln111 = select i1 %icmp_ln112, i6 0, i6 %c_load" [SystolicArray/main.cpp:111]   --->   Operation 43 'select' 'select_ln111' <Predicate = (!icmp_ln111)> <Delay = 1.18> <CoreInst = "Sel">   --->   Core 73 'Sel' <Latency = 0> <II = 1> <Delay = 1.18> <FuncUnit> <Opcode : 'select'> <InPorts = 3> <OutPorts = 1>
ST_1 : Operation 44 [1/1] (1.18ns)   --->   "%select_ln111_1 = select i1 %icmp_ln112, i6 %add_ln111_1, i6 %r_load" [SystolicArray/main.cpp:111]   --->   Operation 44 'select' 'select_ln111_1' <Predicate = (!icmp_ln111)> <Delay = 1.18> <CoreInst = "Sel">   --->   Core 73 'Sel' <Latency = 0> <II = 1> <Delay = 1.18> <FuncUnit> <Opcode : 'select'> <InPorts = 3> <OutPorts = 1>
ST_1 : Operation 45 [1/1] (0.00ns)   --->   "%trunc_ln113 = trunc i6 %select_ln111_1" [SystolicArray/main.cpp:113]   --->   Operation 45 'trunc' 'trunc_ln113' <Predicate = (!icmp_ln111)> <Delay = 0.00>
ST_1 : Operation 46 [1/1] (0.00ns)   --->   "%tmp_1 = bitselect i1 @_ssdm_op_BitSelect.i1.i6.i32, i6 %select_ln111, i32 4"   --->   Operation 46 'bitselect' 'tmp_1' <Predicate = (!icmp_ln111)> <Delay = 0.00>
ST_1 : Operation 47 [1/1] (0.00ns)   --->   "%tmp = bitconcatenate i6 @_ssdm_op_BitConcatenate.i6.i5.i1, i5 %trunc_ln113, i1 %tmp_1"   --->   Operation 47 'bitconcatenate' 'tmp' <Predicate = (!icmp_ln111)> <Delay = 0.00>
ST_1 : Operation 48 [1/1] (0.00ns)   --->   "%zext_ln186 = zext i6 %tmp"   --->   Operation 48 'zext' 'zext_ln186' <Predicate = (!icmp_ln111)> <Delay = 0.00>
ST_1 : Operation 49 [1/1] (0.00ns)   --->   "%local_buffer_0_addr = getelementptr i32 %local_buffer_0, i64 0, i64 %zext_ln186"   --->   Operation 49 'getelementptr' 'local_buffer_0_addr' <Predicate = (!icmp_ln111)> <Delay = 0.00>
ST_1 : Operation 50 [1/1] (0.00ns)   --->   "%local_buffer_1_addr = getelementptr i32 %local_buffer_1, i64 0, i64 %zext_ln186"   --->   Operation 50 'getelementptr' 'local_buffer_1_addr' <Predicate = (!icmp_ln111)> <Delay = 0.00>
ST_1 : Operation 51 [1/1] (0.00ns)   --->   "%local_buffer_2_addr = getelementptr i32 %local_buffer_2, i64 0, i64 %zext_ln186"   --->   Operation 51 'getelementptr' 'local_buffer_2_addr' <Predicate = (!icmp_ln111)> <Delay = 0.00>
ST_1 : Operation 52 [1/1] (0.00ns)   --->   "%local_buffer_3_addr = getelementptr i32 %local_buffer_3, i64 0, i64 %zext_ln186"   --->   Operation 52 'getelementptr' 'local_buffer_3_addr' <Predicate = (!icmp_ln111)> <Delay = 0.00>
ST_1 : Operation 53 [1/1] (0.00ns)   --->   "%local_buffer_4_addr = getelementptr i32 %local_buffer_4, i64 0, i64 %zext_ln186"   --->   Operation 53 'getelementptr' 'local_buffer_4_addr' <Predicate = (!icmp_ln111)> <Delay = 0.00>
ST_1 : Operation 54 [1/1] (0.00ns)   --->   "%local_buffer_5_addr = getelementptr i32 %local_buffer_5, i64 0, i64 %zext_ln186"   --->   Operation 54 'getelementptr' 'local_buffer_5_addr' <Predicate = (!icmp_ln111)> <Delay = 0.00>
ST_1 : Operation 55 [1/1] (0.00ns)   --->   "%local_buffer_6_addr = getelementptr i32 %local_buffer_6, i64 0, i64 %zext_ln186"   --->   Operation 55 'getelementptr' 'local_buffer_6_addr' <Predicate = (!icmp_ln111)> <Delay = 0.00>
ST_1 : Operation 56 [1/1] (0.00ns)   --->   "%local_buffer_7_addr = getelementptr i32 %local_buffer_7, i64 0, i64 %zext_ln186"   --->   Operation 56 'getelementptr' 'local_buffer_7_addr' <Predicate = (!icmp_ln111)> <Delay = 0.00>
ST_1 : Operation 57 [1/1] (0.00ns)   --->   "%local_buffer_8_addr = getelementptr i32 %local_buffer_8, i64 0, i64 %zext_ln186"   --->   Operation 57 'getelementptr' 'local_buffer_8_addr' <Predicate = (!icmp_ln111)> <Delay = 0.00>
ST_1 : Operation 58 [1/1] (0.00ns)   --->   "%local_buffer_9_addr = getelementptr i32 %local_buffer_9, i64 0, i64 %zext_ln186"   --->   Operation 58 'getelementptr' 'local_buffer_9_addr' <Predicate = (!icmp_ln111)> <Delay = 0.00>
ST_1 : Operation 59 [1/1] (0.00ns)   --->   "%local_buffer_10_addr = getelementptr i32 %local_buffer_10, i64 0, i64 %zext_ln186"   --->   Operation 59 'getelementptr' 'local_buffer_10_addr' <Predicate = (!icmp_ln111)> <Delay = 0.00>
ST_1 : Operation 60 [1/1] (0.00ns)   --->   "%local_buffer_11_addr = getelementptr i32 %local_buffer_11, i64 0, i64 %zext_ln186"   --->   Operation 60 'getelementptr' 'local_buffer_11_addr' <Predicate = (!icmp_ln111)> <Delay = 0.00>
ST_1 : Operation 61 [1/1] (0.00ns)   --->   "%local_buffer_12_addr = getelementptr i32 %local_buffer_12, i64 0, i64 %zext_ln186"   --->   Operation 61 'getelementptr' 'local_buffer_12_addr' <Predicate = (!icmp_ln111)> <Delay = 0.00>
ST_1 : Operation 62 [1/1] (0.00ns)   --->   "%local_buffer_13_addr = getelementptr i32 %local_buffer_13, i64 0, i64 %zext_ln186"   --->   Operation 62 'getelementptr' 'local_buffer_13_addr' <Predicate = (!icmp_ln111)> <Delay = 0.00>
ST_1 : Operation 63 [1/1] (0.00ns)   --->   "%local_buffer_14_addr = getelementptr i32 %local_buffer_14, i64 0, i64 %zext_ln186"   --->   Operation 63 'getelementptr' 'local_buffer_14_addr' <Predicate = (!icmp_ln111)> <Delay = 0.00>
ST_1 : Operation 64 [1/1] (0.00ns)   --->   "%local_buffer_15_addr = getelementptr i32 %local_buffer_15, i64 0, i64 %zext_ln186"   --->   Operation 64 'getelementptr' 'local_buffer_15_addr' <Predicate = (!icmp_ln111)> <Delay = 0.00>
ST_1 : Operation 65 [1/1] (0.00ns)   --->   "%trunc_ln186 = trunc i6 %select_ln111"   --->   Operation 65 'trunc' 'trunc_ln186' <Predicate = (!icmp_ln111)> <Delay = 0.00>
ST_1 : Operation 66 [2/2] (3.25ns)   --->   "%local_buffer_0_load = load i6 %local_buffer_0_addr"   --->   Operation 66 'load' 'local_buffer_0_load' <Predicate = (!icmp_ln111)> <Delay = 3.25> <CoreInst = "RAM_2P_BRAM">   --->   Core 91 'RAM_2P_BRAM' <Latency = 1> <II = 1> <Delay = 3.25> <Storage> <Opcode : 'load' 'store'> <Ports = 2> <Width = 32> <Depth = 64> <RAM>
ST_1 : Operation 67 [2/2] (3.25ns)   --->   "%local_buffer_8_load = load i6 %local_buffer_8_addr"   --->   Operation 67 'load' 'local_buffer_8_load' <Predicate = (!icmp_ln111)> <Delay = 3.25> <CoreInst = "RAM_2P_BRAM">   --->   Core 91 'RAM_2P_BRAM' <Latency = 1> <II = 1> <Delay = 3.25> <Storage> <Opcode : 'load' 'store'> <Ports = 2> <Width = 32> <Depth = 64> <RAM>
ST_1 : Operation 68 [1/1] (1.30ns)   --->   "%icmp_ln186 = icmp_eq  i4 %trunc_ln186, i4 8"   --->   Operation 68 'icmp' 'icmp_ln186' <Predicate = (!icmp_ln111)> <Delay = 1.30> <CoreInst = "Cmp">   --->   Core 9 'Cmp' <Latency = 0> <II = 1> <Delay = 1.30> <FuncUnit> <Opcode : 'icmp'> <InPorts = 2> <OutPorts = 1>
ST_1 : Operation 69 [2/2] (3.25ns)   --->   "%local_buffer_1_load = load i6 %local_buffer_1_addr"   --->   Operation 69 'load' 'local_buffer_1_load' <Predicate = (!icmp_ln111)> <Delay = 3.25> <CoreInst = "RAM_2P_BRAM">   --->   Core 91 'RAM_2P_BRAM' <Latency = 1> <II = 1> <Delay = 3.25> <Storage> <Opcode : 'load' 'store'> <Ports = 2> <Width = 32> <Depth = 64> <RAM>
ST_1 : Operation 70 [2/2] (3.25ns)   --->   "%local_buffer_9_load = load i6 %local_buffer_9_addr"   --->   Operation 70 'load' 'local_buffer_9_load' <Predicate = (!icmp_ln111)> <Delay = 3.25> <CoreInst = "RAM_2P_BRAM">   --->   Core 91 'RAM_2P_BRAM' <Latency = 1> <II = 1> <Delay = 3.25> <Storage> <Opcode : 'load' 'store'> <Ports = 2> <Width = 32> <Depth = 64> <RAM>
ST_1 : Operation 71 [2/2] (3.25ns)   --->   "%local_buffer_2_load = load i6 %local_buffer_2_addr"   --->   Operation 71 'load' 'local_buffer_2_load' <Predicate = (!icmp_ln111)> <Delay = 3.25> <CoreInst = "RAM_2P_BRAM">   --->   Core 91 'RAM_2P_BRAM' <Latency = 1> <II = 1> <Delay = 3.25> <Storage> <Opcode : 'load' 'store'> <Ports = 2> <Width = 32> <Depth = 64> <RAM>
ST_1 : Operation 72 [2/2] (3.25ns)   --->   "%local_buffer_10_load = load i6 %local_buffer_10_addr"   --->   Operation 72 'load' 'local_buffer_10_load' <Predicate = (!icmp_ln111)> <Delay = 3.25> <CoreInst = "RAM_2P_BRAM">   --->   Core 91 'RAM_2P_BRAM' <Latency = 1> <II = 1> <Delay = 3.25> <Storage> <Opcode : 'load' 'store'> <Ports = 2> <Width = 32> <Depth = 64> <RAM>
ST_1 : Operation 73 [2/2] (3.25ns)   --->   "%local_buffer_3_load = load i6 %local_buffer_3_addr"   --->   Operation 73 'load' 'local_buffer_3_load' <Predicate = (!icmp_ln111)> <Delay = 3.25> <CoreInst = "RAM_2P_BRAM">   --->   Core 91 'RAM_2P_BRAM' <Latency = 1> <II = 1> <Delay = 3.25> <Storage> <Opcode : 'load' 'store'> <Ports = 2> <Width = 32> <Depth = 64> <RAM>
ST_1 : Operation 74 [2/2] (3.25ns)   --->   "%local_buffer_11_load = load i6 %local_buffer_11_addr"   --->   Operation 74 'load' 'local_buffer_11_load' <Predicate = (!icmp_ln111)> <Delay = 3.25> <CoreInst = "RAM_2P_BRAM">   --->   Core 91 'RAM_2P_BRAM' <Latency = 1> <II = 1> <Delay = 3.25> <Storage> <Opcode : 'load' 'store'> <Ports = 2> <Width = 32> <Depth = 64> <RAM>
ST_1 : Operation 75 [2/2] (3.25ns)   --->   "%local_buffer_4_load = load i6 %local_buffer_4_addr"   --->   Operation 75 'load' 'local_buffer_4_load' <Predicate = (!icmp_ln111)> <Delay = 3.25> <CoreInst = "RAM_2P_BRAM">   --->   Core 91 'RAM_2P_BRAM' <Latency = 1> <II = 1> <Delay = 3.25> <Storage> <Opcode : 'load' 'store'> <Ports = 2> <Width = 32> <Depth = 64> <RAM>
ST_1 : Operation 76 [2/2] (3.25ns)   --->   "%local_buffer_12_load = load i6 %local_buffer_12_addr"   --->   Operation 76 'load' 'local_buffer_12_load' <Predicate = (!icmp_ln111)> <Delay = 3.25> <CoreInst = "RAM_2P_BRAM">   --->   Core 91 'RAM_2P_BRAM' <Latency = 1> <II = 1> <Delay = 3.25> <Storage> <Opcode : 'load' 'store'> <Ports = 2> <Width = 32> <Depth = 64> <RAM>
ST_1 : Operation 77 [2/2] (3.25ns)   --->   "%local_buffer_5_load = load i6 %local_buffer_5_addr"   --->   Operation 77 'load' 'local_buffer_5_load' <Predicate = (!icmp_ln111)> <Delay = 3.25> <CoreInst = "RAM_2P_BRAM">   --->   Core 91 'RAM_2P_BRAM' <Latency = 1> <II = 1> <Delay = 3.25> <Storage> <Opcode : 'load' 'store'> <Ports = 2> <Width = 32> <Depth = 64> <RAM>
ST_1 : Operation 78 [2/2] (3.25ns)   --->   "%local_buffer_13_load = load i6 %local_buffer_13_addr"   --->   Operation 78 'load' 'local_buffer_13_load' <Predicate = (!icmp_ln111)> <Delay = 3.25> <CoreInst = "RAM_2P_BRAM">   --->   Core 91 'RAM_2P_BRAM' <Latency = 1> <II = 1> <Delay = 3.25> <Storage> <Opcode : 'load' 'store'> <Ports = 2> <Width = 32> <Depth = 64> <RAM>
ST_1 : Operation 79 [2/2] (3.25ns)   --->   "%local_buffer_6_load = load i6 %local_buffer_6_addr"   --->   Operation 79 'load' 'local_buffer_6_load' <Predicate = (!icmp_ln111)> <Delay = 3.25> <CoreInst = "RAM_2P_BRAM">   --->   Core 91 'RAM_2P_BRAM' <Latency = 1> <II = 1> <Delay = 3.25> <Storage> <Opcode : 'load' 'store'> <Ports = 2> <Width = 32> <Depth = 64> <RAM>
ST_1 : Operation 80 [2/2] (3.25ns)   --->   "%local_buffer_14_load = load i6 %local_buffer_14_addr"   --->   Operation 80 'load' 'local_buffer_14_load' <Predicate = (!icmp_ln111)> <Delay = 3.25> <CoreInst = "RAM_2P_BRAM">   --->   Core 91 'RAM_2P_BRAM' <Latency = 1> <II = 1> <Delay = 3.25> <Storage> <Opcode : 'load' 'store'> <Ports = 2> <Width = 32> <Depth = 64> <RAM>
ST_1 : Operation 81 [2/2] (3.25ns)   --->   "%local_buffer_7_load = load i6 %local_buffer_7_addr"   --->   Operation 81 'load' 'local_buffer_7_load' <Predicate = (!icmp_ln111)> <Delay = 3.25> <CoreInst = "RAM_2P_BRAM">   --->   Core 91 'RAM_2P_BRAM' <Latency = 1> <II = 1> <Delay = 3.25> <Storage> <Opcode : 'load' 'store'> <Ports = 2> <Width = 32> <Depth = 64> <RAM>
ST_1 : Operation 82 [2/2] (3.25ns)   --->   "%local_buffer_15_load = load i6 %local_buffer_15_addr"   --->   Operation 82 'load' 'local_buffer_15_load' <Predicate = (!icmp_ln111)> <Delay = 3.25> <CoreInst = "RAM_2P_BRAM">   --->   Core 91 'RAM_2P_BRAM' <Latency = 1> <II = 1> <Delay = 3.25> <Storage> <Opcode : 'load' 'store'> <Ports = 2> <Width = 32> <Depth = 64> <RAM>
ST_1 : Operation 83 [1/1] (1.82ns)   --->   "%add_ln112 = add i6 %select_ln111, i6 8" [SystolicArray/main.cpp:112]   --->   Operation 83 'add' 'add_ln112' <Predicate = (!icmp_ln111)> <Delay = 1.82> <CoreInst = "Adder">   --->   Core 1 'Adder' <Latency = 0> <II = 1> <Delay = 1.82> <FuncUnit> <Opcode : 'add' 'sub'> <InPorts = 2> <OutPorts = 1>
ST_1 : Operation 84 [1/1] (1.65ns)   --->   "%add_ln112_1 = add i3 %indvar_load, i3 1" [SystolicArray/main.cpp:112]   --->   Operation 84 'add' 'add_ln112_1' <Predicate = (!icmp_ln111)> <Delay = 1.65> <CoreInst = "Adder">   --->   Core 1 'Adder' <Latency = 0> <II = 1> <Delay = 1.65> <FuncUnit> <Opcode : 'add' 'sub'> <InPorts = 2> <OutPorts = 1>
ST_1 : Operation 85 [1/1] (0.98ns)   --->   "%select_ln112 = select i1 %icmp_ln112, i3 1, i3 %add_ln112_1" [SystolicArray/main.cpp:112]   --->   Operation 85 'select' 'select_ln112' <Predicate = (!icmp_ln111)> <Delay = 0.98> <CoreInst = "Sel">   --->   Core 73 'Sel' <Latency = 0> <II = 1> <Delay = 0.98> <FuncUnit> <Opcode : 'select'> <InPorts = 3> <OutPorts = 1>
ST_1 : Operation 86 [1/1] (1.58ns)   --->   "%store_ln112 = store i8 %add_ln111, i8 %indvar_flatten" [SystolicArray/main.cpp:112]   --->   Operation 86 'store' 'store_ln112' <Predicate = (!icmp_ln111)> <Delay = 1.58>
ST_1 : Operation 87 [1/1] (1.58ns)   --->   "%store_ln112 = store i6 %select_ln111_1, i6 %r" [SystolicArray/main.cpp:112]   --->   Operation 87 'store' 'store_ln112' <Predicate = (!icmp_ln111)> <Delay = 1.58>
ST_1 : Operation 88 [1/1] (1.58ns)   --->   "%store_ln112 = store i3 %select_ln112, i3 %indvar" [SystolicArray/main.cpp:112]   --->   Operation 88 'store' 'store_ln112' <Predicate = (!icmp_ln111)> <Delay = 1.58>
ST_1 : Operation 89 [1/1] (1.58ns)   --->   "%store_ln112 = store i6 %add_ln112, i6 %c" [SystolicArray/main.cpp:112]   --->   Operation 89 'store' 'store_ln112' <Predicate = (!icmp_ln111)> <Delay = 1.58>

State 2 <SV = 1> <Delay = 3.95>
ST_2 : Operation 90 [1/1] (0.00ns)   --->   "%gmem0_addr = getelementptr i256 %gmem0, i64 %sext_ln111_1_cast" [SystolicArray/main.cpp:111]   --->   Operation 90 'getelementptr' 'gmem0_addr' <Predicate = true> <Delay = 0.00>
ST_2 : Operation 91 [1/2] (3.25ns)   --->   "%local_buffer_0_load = load i6 %local_buffer_0_addr"   --->   Operation 91 'load' 'local_buffer_0_load' <Predicate = (!icmp_ln111)> <Delay = 3.25> <CoreInst = "RAM_2P_BRAM">   --->   Core 91 'RAM_2P_BRAM' <Latency = 1> <II = 1> <Delay = 3.25> <Storage> <Opcode : 'load' 'store'> <Ports = 2> <Width = 32> <Depth = 64> <RAM>
ST_2 : Operation 92 [1/2] (3.25ns)   --->   "%local_buffer_8_load = load i6 %local_buffer_8_addr"   --->   Operation 92 'load' 'local_buffer_8_load' <Predicate = (!icmp_ln111)> <Delay = 3.25> <CoreInst = "RAM_2P_BRAM">   --->   Core 91 'RAM_2P_BRAM' <Latency = 1> <II = 1> <Delay = 3.25> <Storage> <Opcode : 'load' 'store'> <Ports = 2> <Width = 32> <Depth = 64> <RAM>
ST_2 : Operation 93 [1/1] (0.69ns)   --->   "%select_ln186 = select i1 %icmp_ln186, i32 %local_buffer_8_load, i32 %local_buffer_0_load"   --->   Operation 93 'select' 'select_ln186' <Predicate = (!icmp_ln111)> <Delay = 0.69> <CoreInst = "Sel">   --->   Core 73 'Sel' <Latency = 0> <II = 1> <Delay = 0.69> <FuncUnit> <Opcode : 'select'> <InPorts = 3> <OutPorts = 1>
ST_2 : Operation 94 [1/2] (3.25ns)   --->   "%local_buffer_1_load = load i6 %local_buffer_1_addr"   --->   Operation 94 'load' 'local_buffer_1_load' <Predicate = (!icmp_ln111)> <Delay = 3.25> <CoreInst = "RAM_2P_BRAM">   --->   Core 91 'RAM_2P_BRAM' <Latency = 1> <II = 1> <Delay = 3.25> <Storage> <Opcode : 'load' 'store'> <Ports = 2> <Width = 32> <Depth = 64> <RAM>
ST_2 : Operation 95 [1/2] (3.25ns)   --->   "%local_buffer_9_load = load i6 %local_buffer_9_addr"   --->   Operation 95 'load' 'local_buffer_9_load' <Predicate = (!icmp_ln111)> <Delay = 3.25> <CoreInst = "RAM_2P_BRAM">   --->   Core 91 'RAM_2P_BRAM' <Latency = 1> <II = 1> <Delay = 3.25> <Storage> <Opcode : 'load' 'store'> <Ports = 2> <Width = 32> <Depth = 64> <RAM>
ST_2 : Operation 96 [1/1] (0.69ns)   --->   "%select_ln186_1 = select i1 %icmp_ln186, i32 %local_buffer_9_load, i32 %local_buffer_1_load"   --->   Operation 96 'select' 'select_ln186_1' <Predicate = (!icmp_ln111)> <Delay = 0.69> <CoreInst = "Sel">   --->   Core 73 'Sel' <Latency = 0> <II = 1> <Delay = 0.69> <FuncUnit> <Opcode : 'select'> <InPorts = 3> <OutPorts = 1>
ST_2 : Operation 97 [1/2] (3.25ns)   --->   "%local_buffer_2_load = load i6 %local_buffer_2_addr"   --->   Operation 97 'load' 'local_buffer_2_load' <Predicate = (!icmp_ln111)> <Delay = 3.25> <CoreInst = "RAM_2P_BRAM">   --->   Core 91 'RAM_2P_BRAM' <Latency = 1> <II = 1> <Delay = 3.25> <Storage> <Opcode : 'load' 'store'> <Ports = 2> <Width = 32> <Depth = 64> <RAM>
ST_2 : Operation 98 [1/2] (3.25ns)   --->   "%local_buffer_10_load = load i6 %local_buffer_10_addr"   --->   Operation 98 'load' 'local_buffer_10_load' <Predicate = (!icmp_ln111)> <Delay = 3.25> <CoreInst = "RAM_2P_BRAM">   --->   Core 91 'RAM_2P_BRAM' <Latency = 1> <II = 1> <Delay = 3.25> <Storage> <Opcode : 'load' 'store'> <Ports = 2> <Width = 32> <Depth = 64> <RAM>
ST_2 : Operation 99 [1/1] (0.69ns)   --->   "%select_ln186_2 = select i1 %icmp_ln186, i32 %local_buffer_10_load, i32 %local_buffer_2_load"   --->   Operation 99 'select' 'select_ln186_2' <Predicate = (!icmp_ln111)> <Delay = 0.69> <CoreInst = "Sel">   --->   Core 73 'Sel' <Latency = 0> <II = 1> <Delay = 0.69> <FuncUnit> <Opcode : 'select'> <InPorts = 3> <OutPorts = 1>
ST_2 : Operation 100 [1/2] (3.25ns)   --->   "%local_buffer_3_load = load i6 %local_buffer_3_addr"   --->   Operation 100 'load' 'local_buffer_3_load' <Predicate = (!icmp_ln111)> <Delay = 3.25> <CoreInst = "RAM_2P_BRAM">   --->   Core 91 'RAM_2P_BRAM' <Latency = 1> <II = 1> <Delay = 3.25> <Storage> <Opcode : 'load' 'store'> <Ports = 2> <Width = 32> <Depth = 64> <RAM>
ST_2 : Operation 101 [1/2] (3.25ns)   --->   "%local_buffer_11_load = load i6 %local_buffer_11_addr"   --->   Operation 101 'load' 'local_buffer_11_load' <Predicate = (!icmp_ln111)> <Delay = 3.25> <CoreInst = "RAM_2P_BRAM">   --->   Core 91 'RAM_2P_BRAM' <Latency = 1> <II = 1> <Delay = 3.25> <Storage> <Opcode : 'load' 'store'> <Ports = 2> <Width = 32> <Depth = 64> <RAM>
ST_2 : Operation 102 [1/1] (0.69ns)   --->   "%select_ln186_3 = select i1 %icmp_ln186, i32 %local_buffer_11_load, i32 %local_buffer_3_load"   --->   Operation 102 'select' 'select_ln186_3' <Predicate = (!icmp_ln111)> <Delay = 0.69> <CoreInst = "Sel">   --->   Core 73 'Sel' <Latency = 0> <II = 1> <Delay = 0.69> <FuncUnit> <Opcode : 'select'> <InPorts = 3> <OutPorts = 1>
ST_2 : Operation 103 [1/2] (3.25ns)   --->   "%local_buffer_4_load = load i6 %local_buffer_4_addr"   --->   Operation 103 'load' 'local_buffer_4_load' <Predicate = (!icmp_ln111)> <Delay = 3.25> <CoreInst = "RAM_2P_BRAM">   --->   Core 91 'RAM_2P_BRAM' <Latency = 1> <II = 1> <Delay = 3.25> <Storage> <Opcode : 'load' 'store'> <Ports = 2> <Width = 32> <Depth = 64> <RAM>
ST_2 : Operation 104 [1/2] (3.25ns)   --->   "%local_buffer_12_load = load i6 %local_buffer_12_addr"   --->   Operation 104 'load' 'local_buffer_12_load' <Predicate = (!icmp_ln111)> <Delay = 3.25> <CoreInst = "RAM_2P_BRAM">   --->   Core 91 'RAM_2P_BRAM' <Latency = 1> <II = 1> <Delay = 3.25> <Storage> <Opcode : 'load' 'store'> <Ports = 2> <Width = 32> <Depth = 64> <RAM>
ST_2 : Operation 105 [1/1] (0.69ns)   --->   "%select_ln186_4 = select i1 %icmp_ln186, i32 %local_buffer_12_load, i32 %local_buffer_4_load"   --->   Operation 105 'select' 'select_ln186_4' <Predicate = (!icmp_ln111)> <Delay = 0.69> <CoreInst = "Sel">   --->   Core 73 'Sel' <Latency = 0> <II = 1> <Delay = 0.69> <FuncUnit> <Opcode : 'select'> <InPorts = 3> <OutPorts = 1>
ST_2 : Operation 106 [1/2] (3.25ns)   --->   "%local_buffer_5_load = load i6 %local_buffer_5_addr"   --->   Operation 106 'load' 'local_buffer_5_load' <Predicate = (!icmp_ln111)> <Delay = 3.25> <CoreInst = "RAM_2P_BRAM">   --->   Core 91 'RAM_2P_BRAM' <Latency = 1> <II = 1> <Delay = 3.25> <Storage> <Opcode : 'load' 'store'> <Ports = 2> <Width = 32> <Depth = 64> <RAM>
ST_2 : Operation 107 [1/2] (3.25ns)   --->   "%local_buffer_13_load = load i6 %local_buffer_13_addr"   --->   Operation 107 'load' 'local_buffer_13_load' <Predicate = (!icmp_ln111)> <Delay = 3.25> <CoreInst = "RAM_2P_BRAM">   --->   Core 91 'RAM_2P_BRAM' <Latency = 1> <II = 1> <Delay = 3.25> <Storage> <Opcode : 'load' 'store'> <Ports = 2> <Width = 32> <Depth = 64> <RAM>
ST_2 : Operation 108 [1/1] (0.69ns)   --->   "%select_ln186_5 = select i1 %icmp_ln186, i32 %local_buffer_13_load, i32 %local_buffer_5_load"   --->   Operation 108 'select' 'select_ln186_5' <Predicate = (!icmp_ln111)> <Delay = 0.69> <CoreInst = "Sel">   --->   Core 73 'Sel' <Latency = 0> <II = 1> <Delay = 0.69> <FuncUnit> <Opcode : 'select'> <InPorts = 3> <OutPorts = 1>
ST_2 : Operation 109 [1/2] (3.25ns)   --->   "%local_buffer_6_load = load i6 %local_buffer_6_addr"   --->   Operation 109 'load' 'local_buffer_6_load' <Predicate = (!icmp_ln111)> <Delay = 3.25> <CoreInst = "RAM_2P_BRAM">   --->   Core 91 'RAM_2P_BRAM' <Latency = 1> <II = 1> <Delay = 3.25> <Storage> <Opcode : 'load' 'store'> <Ports = 2> <Width = 32> <Depth = 64> <RAM>
ST_2 : Operation 110 [1/2] (3.25ns)   --->   "%local_buffer_14_load = load i6 %local_buffer_14_addr"   --->   Operation 110 'load' 'local_buffer_14_load' <Predicate = (!icmp_ln111)> <Delay = 3.25> <CoreInst = "RAM_2P_BRAM">   --->   Core 91 'RAM_2P_BRAM' <Latency = 1> <II = 1> <Delay = 3.25> <Storage> <Opcode : 'load' 'store'> <Ports = 2> <Width = 32> <Depth = 64> <RAM>
ST_2 : Operation 111 [1/1] (0.69ns)   --->   "%select_ln186_6 = select i1 %icmp_ln186, i32 %local_buffer_14_load, i32 %local_buffer_6_load"   --->   Operation 111 'select' 'select_ln186_6' <Predicate = (!icmp_ln111)> <Delay = 0.69> <CoreInst = "Sel">   --->   Core 73 'Sel' <Latency = 0> <II = 1> <Delay = 0.69> <FuncUnit> <Opcode : 'select'> <InPorts = 3> <OutPorts = 1>
ST_2 : Operation 112 [1/2] (3.25ns)   --->   "%local_buffer_7_load = load i6 %local_buffer_7_addr"   --->   Operation 112 'load' 'local_buffer_7_load' <Predicate = (!icmp_ln111)> <Delay = 3.25> <CoreInst = "RAM_2P_BRAM">   --->   Core 91 'RAM_2P_BRAM' <Latency = 1> <II = 1> <Delay = 3.25> <Storage> <Opcode : 'load' 'store'> <Ports = 2> <Width = 32> <Depth = 64> <RAM>
ST_2 : Operation 113 [1/2] (3.25ns)   --->   "%local_buffer_15_load = load i6 %local_buffer_15_addr"   --->   Operation 113 'load' 'local_buffer_15_load' <Predicate = (!icmp_ln111)> <Delay = 3.25> <CoreInst = "RAM_2P_BRAM">   --->   Core 91 'RAM_2P_BRAM' <Latency = 1> <II = 1> <Delay = 3.25> <Storage> <Opcode : 'load' 'store'> <Ports = 2> <Width = 32> <Depth = 64> <RAM>
ST_2 : Operation 114 [1/1] (0.69ns)   --->   "%select_ln186_7 = select i1 %icmp_ln186, i32 %local_buffer_15_load, i32 %local_buffer_7_load"   --->   Operation 114 'select' 'select_ln186_7' <Predicate = (!icmp_ln111)> <Delay = 0.69> <CoreInst = "Sel">   --->   Core 73 'Sel' <Latency = 0> <II = 1> <Delay = 0.69> <FuncUnit> <Opcode : 'select'> <InPorts = 3> <OutPorts = 1>
ST_2 : Operation 122 [1/1] (0.00ns)   --->   "%ret_ln0 = ret"   --->   Operation 122 'ret' 'ret_ln0' <Predicate = (icmp_ln111)> <Delay = 0.00>

State 3 <SV = 2> <Delay = 7.30>
ST_3 : Operation 115 [1/1] (0.00ns)   --->   "%specloopname_ln0 = specloopname void @_ssdm_op_SpecLoopName, void @Write_Rows_Write_Cols_str"   --->   Operation 115 'specloopname' 'specloopname_ln0' <Predicate = true> <Delay = 0.00>
ST_3 : Operation 116 [1/1] (0.00ns)   --->   "%empty = speclooptripcount i32 @_ssdm_op_SpecLoopTripCount, i64 128, i64 128, i64 128"   --->   Operation 116 'speclooptripcount' 'empty' <Predicate = true> <Delay = 0.00>
ST_3 : Operation 117 [1/1] (0.00ns)   --->   "%specpipeline_ln113 = specpipeline void @_ssdm_op_SpecPipeline, i32 1, i32 0, i32 0, i32 0, void @empty_1037" [SystolicArray/main.cpp:113]   --->   Operation 117 'specpipeline' 'specpipeline_ln113' <Predicate = true> <Delay = 0.00>
ST_3 : Operation 118 [1/1] (0.00ns)   --->   "%specloopname_ln115 = specloopname void @_ssdm_op_SpecLoopName, void @empty_1036" [SystolicArray/main.cpp:115]   --->   Operation 118 'specloopname' 'specloopname_ln115' <Predicate = true> <Delay = 0.00>
ST_3 : Operation 119 [1/1] (0.00ns)   --->   "%p_Result_s = bitconcatenate i256 @_ssdm_op_BitConcatenate.i256.i32.i32.i32.i32.i32.i32.i32.i32, i32 %select_ln186_7, i32 %select_ln186_6, i32 %select_ln186_5, i32 %select_ln186_4, i32 %select_ln186_3, i32 %select_ln186_2, i32 %select_ln186_1, i32 %select_ln186"   --->   Operation 119 'bitconcatenate' 'p_Result_s' <Predicate = true> <Delay = 0.00>
ST_3 : Operation 120 [1/1] (7.30ns)   --->   "%write_ln122 = write void @_ssdm_op_Write.m_axi.p1i256, i256 %gmem0_addr, i256 %p_Result_s, i32 4294967295" [SystolicArray/main.cpp:122]   --->   Operation 120 'write' 'write_ln122' <Predicate = true> <Delay = 7.30> <CoreInst = "m_axi">   --->   Core 113 'm_axi' <Latency = 0> <II = 1> <Delay = 1.00> <Adapter> <Opcode : 'read' 'write' 'readreq' 'writereq' 'writeresp'>
ST_3 : Operation 121 [1/1] (0.00ns)   --->   "%br_ln112 = br void %for.inc" [SystolicArray/main.cpp:112]   --->   Operation 121 'br' 'br_ln112' <Predicate = true> <Delay = 0.00>


============================================================
+ Verbose Summary: Binding
============================================================
STG Binding: 
---------------- STG Properties BEGIN ----------------
- Is combinational: 0
- Is one-state seq: 0
- Is datapath-only: 0
- Is pipelined: 0
- Is top level: 0
Port [ Return ] is wired: 1; IO mode=ap_ctrl_hs:ce=0
Port [ gmem0]:  wired=1; compound=1; hidden=0; nouse=0; global=0; static=0; extern=0; dir=1; type=4; pingpong=0; private_global=0; IO mode=m_axi:ce=0
Port [ sext_ln111_1]:  wired=1; compound=0; hidden=0; nouse=0; global=0; static=0; extern=0; dir=0; type=0; pingpong=0; private_global=0; IO mode=ap_none:ce=0
Port [ local_buffer_0]:  wired=1; compound=1; hidden=0; nouse=0; global=0; static=0; extern=0; dir=0; type=1; pingpong=0; private_global=0; MemPort=[13]; IO mode=ap_memory:ce=0
Port [ local_buffer_1]:  wired=1; compound=1; hidden=0; nouse=0; global=0; static=0; extern=0; dir=0; type=1; pingpong=0; private_global=0; MemPort=[13]; IO mode=ap_memory:ce=0
Port [ local_buffer_2]:  wired=1; compound=1; hidden=0; nouse=0; global=0; static=0; extern=0; dir=0; type=1; pingpong=0; private_global=0; MemPort=[13]; IO mode=ap_memory:ce=0
Port [ local_buffer_3]:  wired=1; compound=1; hidden=0; nouse=0; global=0; static=0; extern=0; dir=0; type=1; pingpong=0; private_global=0; MemPort=[13]; IO mode=ap_memory:ce=0
Port [ local_buffer_4]:  wired=1; compound=1; hidden=0; nouse=0; global=0; static=0; extern=0; dir=0; type=1; pingpong=0; private_global=0; MemPort=[13]; IO mode=ap_memory:ce=0
Port [ local_buffer_5]:  wired=1; compound=1; hidden=0; nouse=0; global=0; static=0; extern=0; dir=0; type=1; pingpong=0; private_global=0; MemPort=[13]; IO mode=ap_memory:ce=0
Port [ local_buffer_6]:  wired=1; compound=1; hidden=0; nouse=0; global=0; static=0; extern=0; dir=0; type=1; pingpong=0; private_global=0; MemPort=[13]; IO mode=ap_memory:ce=0
Port [ local_buffer_7]:  wired=1; compound=1; hidden=0; nouse=0; global=0; static=0; extern=0; dir=0; type=1; pingpong=0; private_global=0; MemPort=[13]; IO mode=ap_memory:ce=0
Port [ local_buffer_8]:  wired=1; compound=1; hidden=0; nouse=0; global=0; static=0; extern=0; dir=0; type=1; pingpong=0; private_global=0; MemPort=[13]; IO mode=ap_memory:ce=0
Port [ local_buffer_9]:  wired=1; compound=1; hidden=0; nouse=0; global=0; static=0; extern=0; dir=0; type=1; pingpong=0; private_global=0; MemPort=[13]; IO mode=ap_memory:ce=0
Port [ local_buffer_10]:  wired=1; compound=1; hidden=0; nouse=0; global=0; static=0; extern=0; dir=0; type=1; pingpong=0; private_global=0; MemPort=[13]; IO mode=ap_memory:ce=0
Port [ local_buffer_11]:  wired=1; compound=1; hidden=0; nouse=0; global=0; static=0; extern=0; dir=0; type=1; pingpong=0; private_global=0; MemPort=[13]; IO mode=ap_memory:ce=0
Port [ local_buffer_12]:  wired=1; compound=1; hidden=0; nouse=0; global=0; static=0; extern=0; dir=0; type=1; pingpong=0; private_global=0; MemPort=[13]; IO mode=ap_memory:ce=0
Port [ local_buffer_13]:  wired=1; compound=1; hidden=0; nouse=0; global=0; static=0; extern=0; dir=0; type=1; pingpong=0; private_global=0; MemPort=[13]; IO mode=ap_memory:ce=0
Port [ local_buffer_14]:  wired=1; compound=1; hidden=0; nouse=0; global=0; static=0; extern=0; dir=0; type=1; pingpong=0; private_global=0; MemPort=[13]; IO mode=ap_memory:ce=0
Port [ local_buffer_15]:  wired=1; compound=1; hidden=0; nouse=0; global=0; static=0; extern=0; dir=0; type=1; pingpong=0; private_global=0; MemPort=[13]; IO mode=ap_memory:ce=0
---------------- STG Properties END ------------------

---------------- Datapath Model BEGIN ----------------

<LifeTime>
<method=bitvector/>
c                    (alloca           ) [ 0100]
indvar               (alloca           ) [ 0100]
r                    (alloca           ) [ 0100]
indvar_flatten       (alloca           ) [ 0100]
sext_ln111_1_read    (read             ) [ 0000]
sext_ln111_1_cast    (sext             ) [ 0110]
specmemcore_ln0      (specmemcore      ) [ 0000]
specmemcore_ln0      (specmemcore      ) [ 0000]
specmemcore_ln0      (specmemcore      ) [ 0000]
specmemcore_ln0      (specmemcore      ) [ 0000]
specmemcore_ln0      (specmemcore      ) [ 0000]
specmemcore_ln0      (specmemcore      ) [ 0000]
specmemcore_ln0      (specmemcore      ) [ 0000]
specmemcore_ln0      (specmemcore      ) [ 0000]
specmemcore_ln0      (specmemcore      ) [ 0000]
specmemcore_ln0      (specmemcore      ) [ 0000]
specmemcore_ln0      (specmemcore      ) [ 0000]
specmemcore_ln0      (specmemcore      ) [ 0000]
specmemcore_ln0      (specmemcore      ) [ 0000]
specmemcore_ln0      (specmemcore      ) [ 0000]
specmemcore_ln0      (specmemcore      ) [ 0000]
specmemcore_ln0      (specmemcore      ) [ 0000]
specinterface_ln0    (specinterface    ) [ 0000]
store_ln0            (store            ) [ 0000]
store_ln0            (store            ) [ 0000]
store_ln0            (store            ) [ 0000]
store_ln0            (store            ) [ 0000]
br_ln0               (br               ) [ 0000]
indvar_flatten_load  (load             ) [ 0000]
icmp_ln111           (icmp             ) [ 0110]
add_ln111            (add              ) [ 0000]
br_ln111             (br               ) [ 0000]
c_load               (load             ) [ 0000]
indvar_load          (load             ) [ 0000]
r_load               (load             ) [ 0000]
add_ln111_1          (add              ) [ 0000]
icmp_ln112           (icmp             ) [ 0000]
select_ln111         (select           ) [ 0000]
select_ln111_1       (select           ) [ 0000]
trunc_ln113          (trunc            ) [ 0000]
tmp_1                (bitselect        ) [ 0000]
tmp                  (bitconcatenate   ) [ 0000]
zext_ln186           (zext             ) [ 0000]
local_buffer_0_addr  (getelementptr    ) [ 0110]
local_buffer_1_addr  (getelementptr    ) [ 0110]
local_buffer_2_addr  (getelementptr    ) [ 0110]
local_buffer_3_addr  (getelementptr    ) [ 0110]
local_buffer_4_addr  (getelementptr    ) [ 0110]
local_buffer_5_addr  (getelementptr    ) [ 0110]
local_buffer_6_addr  (getelementptr    ) [ 0110]
local_buffer_7_addr  (getelementptr    ) [ 0110]
local_buffer_8_addr  (getelementptr    ) [ 0110]
local_buffer_9_addr  (getelementptr    ) [ 0110]
local_buffer_10_addr (getelementptr    ) [ 0110]
local_buffer_11_addr (getelementptr    ) [ 0110]
local_buffer_12_addr (getelementptr    ) [ 0110]
local_buffer_13_addr (getelementptr    ) [ 0110]
local_buffer_14_addr (getelementptr    ) [ 0110]
local_buffer_15_addr (getelementptr    ) [ 0110]
trunc_ln186          (trunc            ) [ 0000]
icmp_ln186           (icmp             ) [ 0110]
add_ln112            (add              ) [ 0000]
add_ln112_1          (add              ) [ 0000]
select_ln112         (select           ) [ 0000]
store_ln112          (store            ) [ 0000]
store_ln112          (store            ) [ 0000]
store_ln112          (store            ) [ 0000]
store_ln112          (store            ) [ 0000]
gmem0_addr           (getelementptr    ) [ 0101]
local_buffer_0_load  (load             ) [ 0000]
local_buffer_8_load  (load             ) [ 0000]
select_ln186         (select           ) [ 0101]
local_buffer_1_load  (load             ) [ 0000]
local_buffer_9_load  (load             ) [ 0000]
select_ln186_1       (select           ) [ 0101]
local_buffer_2_load  (load             ) [ 0000]
local_buffer_10_load (load             ) [ 0000]
select_ln186_2       (select           ) [ 0101]
local_buffer_3_load  (load             ) [ 0000]
local_buffer_11_load (load             ) [ 0000]
select_ln186_3       (select           ) [ 0101]
local_buffer_4_load  (load             ) [ 0000]
local_buffer_12_load (load             ) [ 0000]
select_ln186_4       (select           ) [ 0101]
local_buffer_5_load  (load             ) [ 0000]
local_buffer_13_load (load             ) [ 0000]
select_ln186_5       (select           ) [ 0101]
local_buffer_6_load  (load             ) [ 0000]
local_buffer_14_load (load             ) [ 0000]
select_ln186_6       (select           ) [ 0101]
local_buffer_7_load  (load             ) [ 0000]
local_buffer_15_load (load             ) [ 0000]
select_ln186_7       (select           ) [ 0101]
specloopname_ln0     (specloopname     ) [ 0000]
empty                (speclooptripcount) [ 0000]
specpipeline_ln113   (specpipeline     ) [ 0000]
specloopname_ln115   (specloopname     ) [ 0000]
p_Result_s           (bitconcatenate   ) [ 0000]
write_ln122          (write            ) [ 0000]
br_ln112             (br               ) [ 0000]
ret_ln0              (ret              ) [ 0000]
</LifeTime>

<model>

<comp_list>
<comp id="0" class="1000" name="gmem0">
<pin_list>
<pin id="1" dir="1" index="0" bw="1" slack="0"/>
</pin_list>
<bind>
<StgValue><ssdm name="gmem0"/></StgValue>
</bind>
</comp>

<comp id="2" class="1000" name="sext_ln111_1">
<pin_list>
<pin id="3" dir="1" index="0" bw="1" slack="0"/>
</pin_list>
<bind>
<StgValue><ssdm name="sext_ln111_1"/></StgValue>
</bind>
</comp>

<comp id="4" class="1000" name="local_buffer_0">
<pin_list>
<pin id="5" dir="1" index="0" bw="1" slack="0"/>
</pin_list>
<bind>
<StgValue><ssdm name="local_buffer_0"/><MemPortTyVec>1 3 </MemPortTyVec>
</StgValue>
</bind>
</comp>

<comp id="6" class="1000" name="local_buffer_1">
<pin_list>
<pin id="7" dir="1" index="0" bw="1" slack="0"/>
</pin_list>
<bind>
<StgValue><ssdm name="local_buffer_1"/><MemPortTyVec>1 3 </MemPortTyVec>
</StgValue>
</bind>
</comp>

<comp id="8" class="1000" name="local_buffer_2">
<pin_list>
<pin id="9" dir="1" index="0" bw="1" slack="0"/>
</pin_list>
<bind>
<StgValue><ssdm name="local_buffer_2"/><MemPortTyVec>1 3 </MemPortTyVec>
</StgValue>
</bind>
</comp>

<comp id="10" class="1000" name="local_buffer_3">
<pin_list>
<pin id="11" dir="1" index="0" bw="1" slack="0"/>
</pin_list>
<bind>
<StgValue><ssdm name="local_buffer_3"/><MemPortTyVec>1 3 </MemPortTyVec>
</StgValue>
</bind>
</comp>

<comp id="12" class="1000" name="local_buffer_4">
<pin_list>
<pin id="13" dir="1" index="0" bw="1" slack="0"/>
</pin_list>
<bind>
<StgValue><ssdm name="local_buffer_4"/><MemPortTyVec>1 3 </MemPortTyVec>
</StgValue>
</bind>
</comp>

<comp id="14" class="1000" name="local_buffer_5">
<pin_list>
<pin id="15" dir="1" index="0" bw="1" slack="0"/>
</pin_list>
<bind>
<StgValue><ssdm name="local_buffer_5"/><MemPortTyVec>1 3 </MemPortTyVec>
</StgValue>
</bind>
</comp>

<comp id="16" class="1000" name="local_buffer_6">
<pin_list>
<pin id="17" dir="1" index="0" bw="1" slack="0"/>
</pin_list>
<bind>
<StgValue><ssdm name="local_buffer_6"/><MemPortTyVec>1 3 </MemPortTyVec>
</StgValue>
</bind>
</comp>

<comp id="18" class="1000" name="local_buffer_7">
<pin_list>
<pin id="19" dir="1" index="0" bw="1" slack="0"/>
</pin_list>
<bind>
<StgValue><ssdm name="local_buffer_7"/><MemPortTyVec>1 3 </MemPortTyVec>
</StgValue>
</bind>
</comp>

<comp id="20" class="1000" name="local_buffer_8">
<pin_list>
<pin id="21" dir="1" index="0" bw="1" slack="0"/>
</pin_list>
<bind>
<StgValue><ssdm name="local_buffer_8"/><MemPortTyVec>1 3 </MemPortTyVec>
</StgValue>
</bind>
</comp>

<comp id="22" class="1000" name="local_buffer_9">
<pin_list>
<pin id="23" dir="1" index="0" bw="1" slack="0"/>
</pin_list>
<bind>
<StgValue><ssdm name="local_buffer_9"/><MemPortTyVec>1 3 </MemPortTyVec>
</StgValue>
</bind>
</comp>

<comp id="24" class="1000" name="local_buffer_10">
<pin_list>
<pin id="25" dir="1" index="0" bw="1" slack="0"/>
</pin_list>
<bind>
<StgValue><ssdm name="local_buffer_10"/><MemPortTyVec>1 3 </MemPortTyVec>
</StgValue>
</bind>
</comp>

<comp id="26" class="1000" name="local_buffer_11">
<pin_list>
<pin id="27" dir="1" index="0" bw="1" slack="0"/>
</pin_list>
<bind>
<StgValue><ssdm name="local_buffer_11"/><MemPortTyVec>1 3 </MemPortTyVec>
</StgValue>
</bind>
</comp>

<comp id="28" class="1000" name="local_buffer_12">
<pin_list>
<pin id="29" dir="1" index="0" bw="1" slack="0"/>
</pin_list>
<bind>
<StgValue><ssdm name="local_buffer_12"/><MemPortTyVec>1 3 </MemPortTyVec>
</StgValue>
</bind>
</comp>

<comp id="30" class="1000" name="local_buffer_13">
<pin_list>
<pin id="31" dir="1" index="0" bw="1" slack="0"/>
</pin_list>
<bind>
<StgValue><ssdm name="local_buffer_13"/><MemPortTyVec>1 3 </MemPortTyVec>
</StgValue>
</bind>
</comp>

<comp id="32" class="1000" name="local_buffer_14">
<pin_list>
<pin id="33" dir="1" index="0" bw="1" slack="0"/>
</pin_list>
<bind>
<StgValue><ssdm name="local_buffer_14"/><MemPortTyVec>1 3 </MemPortTyVec>
</StgValue>
</bind>
</comp>

<comp id="34" class="1000" name="local_buffer_15">
<pin_list>
<pin id="35" dir="1" index="0" bw="1" slack="0"/>
</pin_list>
<bind>
<StgValue><ssdm name="local_buffer_15"/><MemPortTyVec>1 3 </MemPortTyVec>
</StgValue>
</bind>
</comp>

<comp id="36" class="1001" name="const_36">
<pin_list>
<pin id="37" dir="1" index="0" bw="1" slack="0"/>
</pin_list>
<bind>
<StgValue><ssdm name=""/></StgValue>
</bind>
</comp>

<comp id="38" class="1001" name="const_38">
<pin_list>
<pin id="39" dir="1" index="0" bw="1" slack="0"/>
</pin_list>
<bind>
<StgValue><ssdm name="_ssdm_op_Read.ap_auto.i59"/></StgValue>
</bind>
</comp>

<comp id="40" class="1001" name="const_40">
<pin_list>
<pin id="41" dir="1" index="0" bw="1" slack="2147483647"/>
</pin_list>
<bind>
<StgValue><ssdm name="_ssdm_op_SpecMemCore"/></StgValue>
</bind>
</comp>

<comp id="42" class="1001" name="const_42">
<pin_list>
<pin id="43" dir="1" index="0" bw="1" slack="2147483647"/>
</pin_list>
<bind>
<StgValue><ssdm name=""/></StgValue>
</bind>
</comp>

<comp id="44" class="1001" name="const_44">
<pin_list>
<pin id="45" dir="1" index="0" bw="1" slack="2147483647"/>
</pin_list>
<bind>
<StgValue><ssdm name=""/></StgValue>
</bind>
</comp>

<comp id="46" class="1001" name="const_46">
<pin_list>
<pin id="47" dir="1" index="0" bw="1" slack="2147483647"/>
</pin_list>
<bind>
<StgValue><ssdm name=""/></StgValue>
</bind>
</comp>

<comp id="48" class="1001" name="const_48">
<pin_list>
<pin id="49" dir="1" index="0" bw="1" slack="2147483647"/>
</pin_list>
<bind>
<StgValue><ssdm name="_ssdm_op_SpecInterface"/></StgValue>
</bind>
</comp>

<comp id="50" class="1001" name="const_50">
<pin_list>
<pin id="51" dir="1" index="0" bw="1" slack="2147483647"/>
</pin_list>
<bind>
<StgValue><ssdm name="empty_1045"/></StgValue>
</bind>
</comp>

<comp id="52" class="1001" name="const_52">
<pin_list>
<pin id="53" dir="1" index="0" bw="1" slack="2147483647"/>
</pin_list>
<bind>
<StgValue><ssdm name=""/></StgValue>
</bind>
</comp>

<comp id="54" class="1001" name="const_54">
<pin_list>
<pin id="55" dir="1" index="0" bw="1" slack="2147483647"/>
</pin_list>
<bind>
<StgValue><ssdm name="empty_1037"/></StgValue>
</bind>
</comp>

<comp id="56" class="1001" name="const_56">
<pin_list>
<pin id="57" dir="1" index="0" bw="1" slack="2147483647"/>
</pin_list>
<bind>
<StgValue><ssdm name=""/></StgValue>
</bind>
</comp>

<comp id="58" class="1001" name="const_58">
<pin_list>
<pin id="59" dir="1" index="0" bw="1" slack="2147483647"/>
</pin_list>
<bind>
<StgValue><ssdm name="empty_1023"/></StgValue>
</bind>
</comp>

<comp id="60" class="1001" name="const_60">
<pin_list>
<pin id="61" dir="1" index="0" bw="1" slack="2147483647"/>
</pin_list>
<bind>
<StgValue><ssdm name="empty_1032"/></StgValue>
</bind>
</comp>

<comp id="62" class="1001" name="const_62">
<pin_list>
<pin id="63" dir="1" index="0" bw="1" slack="0"/>
</pin_list>
<bind>
<StgValue><ssdm name=""/></StgValue>
</bind>
</comp>

<comp id="64" class="1001" name="const_64">
<pin_list>
<pin id="65" dir="1" index="0" bw="1" slack="2147483647"/>
</pin_list>
<bind>
<StgValue><ssdm name=""/></StgValue>
</bind>
</comp>

<comp id="66" class="1001" name="const_66">
<pin_list>
<pin id="67" dir="1" index="0" bw="1" slack="0"/>
</pin_list>
<bind>
<StgValue><ssdm name=""/></StgValue>
</bind>
</comp>

<comp id="68" class="1001" name="const_68">
<pin_list>
<pin id="69" dir="1" index="0" bw="1" slack="0"/>
</pin_list>
<bind>
<StgValue><ssdm name=""/></StgValue>
</bind>
</comp>

<comp id="70" class="1001" name="const_70">
<pin_list>
<pin id="71" dir="1" index="0" bw="1" slack="0"/>
</pin_list>
<bind>
<StgValue><ssdm name=""/></StgValue>
</bind>
</comp>

<comp id="72" class="1001" name="const_72">
<pin_list>
<pin id="73" dir="1" index="0" bw="1" slack="0"/>
</pin_list>
<bind>
<StgValue><ssdm name=""/></StgValue>
</bind>
</comp>

<comp id="74" class="1001" name="const_74">
<pin_list>
<pin id="75" dir="1" index="0" bw="1" slack="0"/>
</pin_list>
<bind>
<StgValue><ssdm name=""/></StgValue>
</bind>
</comp>

<comp id="76" class="1001" name="const_76">
<pin_list>
<pin id="77" dir="1" index="0" bw="1" slack="0"/>
</pin_list>
<bind>
<StgValue><ssdm name=""/></StgValue>
</bind>
</comp>

<comp id="78" class="1001" name="const_78">
<pin_list>
<pin id="79" dir="1" index="0" bw="1" slack="0"/>
</pin_list>
<bind>
<StgValue><ssdm name=""/></StgValue>
</bind>
</comp>

<comp id="80" class="1001" name="const_80">
<pin_list>
<pin id="81" dir="1" index="0" bw="1" slack="0"/>
</pin_list>
<bind>
<StgValue><ssdm name=""/></StgValue>
</bind>
</comp>

<comp id="82" class="1001" name="const_82">
<pin_list>
<pin id="83" dir="1" index="0" bw="1" slack="0"/>
</pin_list>
<bind>
<StgValue><ssdm name="_ssdm_op_BitSelect.i1.i6.i32"/></StgValue>
</bind>
</comp>

<comp id="84" class="1001" name="const_84">
<pin_list>
<pin id="85" dir="1" index="0" bw="1" slack="0"/>
</pin_list>
<bind>
<StgValue><ssdm name="_ssdm_op_BitConcatenate.i6.i5.i1"/></StgValue>
</bind>
</comp>

<comp id="86" class="1001" name="const_86">
<pin_list>
<pin id="87" dir="1" index="0" bw="1" slack="0"/>
</pin_list>
<bind>
<StgValue><ssdm name=""/></StgValue>
</bind>
</comp>

<comp id="88" class="1001" name="const_88">
<pin_list>
<pin id="89" dir="1" index="0" bw="1" slack="0"/>
</pin_list>
<bind>
<StgValue><ssdm name=""/></StgValue>
</bind>
</comp>

<comp id="90" class="1001" name="const_90">
<pin_list>
<pin id="91" dir="1" index="0" bw="1" slack="0"/>
</pin_list>
<bind>
<StgValue><ssdm name=""/></StgValue>
</bind>
</comp>

<comp id="92" class="1001" name="const_92">
<pin_list>
<pin id="93" dir="1" index="0" bw="1" slack="0"/>
</pin_list>
<bind>
<StgValue><ssdm name=""/></StgValue>
</bind>
</comp>

<comp id="94" class="1001" name="const_94">
<pin_list>
<pin id="95" dir="1" index="0" bw="1" slack="2147483647"/>
</pin_list>
<bind>
<StgValue><ssdm name="_ssdm_op_SpecLoopName"/></StgValue>
</bind>
</comp>

<comp id="96" class="1001" name="const_96">
<pin_list>
<pin id="97" dir="1" index="0" bw="1" slack="2147483647"/>
</pin_list>
<bind>
<StgValue><ssdm name="Write_Rows_Write_Cols_str"/></StgValue>
</bind>
</comp>

<comp id="98" class="1001" name="const_98">
<pin_list>
<pin id="99" dir="1" index="0" bw="1" slack="2147483647"/>
</pin_list>
<bind>
<StgValue><ssdm name="_ssdm_op_SpecLoopTripCount"/></StgValue>
</bind>
</comp>

<comp id="100" class="1001" name="const_100">
<pin_list>
<pin id="101" dir="1" index="0" bw="1" slack="2147483647"/>
</pin_list>
<bind>
<StgValue><ssdm name=""/></StgValue>
</bind>
</comp>

<comp id="102" class="1001" name="const_102">
<pin_list>
<pin id="103" dir="1" index="0" bw="1" slack="2147483647"/>
</pin_list>
<bind>
<StgValue><ssdm name="_ssdm_op_SpecPipeline"/></StgValue>
</bind>
</comp>

<comp id="104" class="1001" name="const_104">
<pin_list>
<pin id="105" dir="1" index="0" bw="1" slack="2147483647"/>
</pin_list>
<bind>
<StgValue><ssdm name="empty_1036"/></StgValue>
</bind>
</comp>

<comp id="106" class="1001" name="const_106">
<pin_list>
<pin id="107" dir="1" index="0" bw="1" slack="0"/>
</pin_list>
<bind>
<StgValue><ssdm name="_ssdm_op_BitConcatenate.i256.i32.i32.i32.i32.i32.i32.i32.i32"/></StgValue>
</bind>
</comp>

<comp id="108" class="1001" name="const_108">
<pin_list>
<pin id="109" dir="1" index="0" bw="1" slack="0"/>
</pin_list>
<bind>
<StgValue><ssdm name="_ssdm_op_Write.m_axi.p1i256"/></StgValue>
</bind>
</comp>

<comp id="110" class="1004" name="c_fu_110">
<pin_list>
<pin id="111" dir="0" index="0" bw="1" slack="0"/>
<pin id="112" dir="1" index="1" bw="6" slack="0"/>
</pin_list>
<bind>
<opcode="alloca(26) " fcode="alloca"/>
<opset="c/1 "/>
</bind>
</comp>

<comp id="114" class="1004" name="indvar_fu_114">
<pin_list>
<pin id="115" dir="0" index="0" bw="1" slack="0"/>
<pin id="116" dir="1" index="1" bw="3" slack="0"/>
</pin_list>
<bind>
<opcode="alloca(26) " fcode="alloca"/>
<opset="indvar/1 "/>
</bind>
</comp>

<comp id="118" class="1004" name="r_fu_118">
<pin_list>
<pin id="119" dir="0" index="0" bw="1" slack="0"/>
<pin id="120" dir="1" index="1" bw="6" slack="0"/>
</pin_list>
<bind>
<opcode="alloca(26) " fcode="alloca"/>
<opset="r/1 "/>
</bind>
</comp>

<comp id="122" class="1004" name="indvar_flatten_fu_122">
<pin_list>
<pin id="123" dir="0" index="0" bw="1" slack="0"/>
<pin id="124" dir="1" index="1" bw="8" slack="0"/>
</pin_list>
<bind>
<opcode="alloca(26) " fcode="alloca"/>
<opset="indvar_flatten/1 "/>
</bind>
</comp>

<comp id="126" class="1004" name="sext_ln111_1_read_read_fu_126">
<pin_list>
<pin id="127" dir="0" index="0" bw="59" slack="0"/>
<pin id="128" dir="0" index="1" bw="59" slack="0"/>
<pin id="129" dir="1" index="2" bw="59" slack="0"/>
</pin_list>
<bind>
<opcode="read(1150) " fcode="read"/>
<opset="sext_ln111_1_read/1 "/>
</bind>
</comp>

<comp id="132" class="1004" name="write_ln122_write_fu_132">
<pin_list>
<pin id="133" dir="0" index="0" bw="0" slack="0"/>
<pin id="134" dir="0" index="1" bw="256" slack="1"/>
<pin id="135" dir="0" index="2" bw="256" slack="0"/>
<pin id="136" dir="0" index="3" bw="1" slack="0"/>
<pin id="137" dir="1" index="4" bw="0" slack="2147483647"/>
</pin_list>
<bind>
<opcode="write(1151) " fcode="write"/>
<opset="write_ln122/3 "/>
</bind>
</comp>

<comp id="140" class="1004" name="local_buffer_0_addr_gep_fu_140">
<pin_list>
<pin id="141" dir="0" index="0" bw="32" slack="0"/>
<pin id="142" dir="0" index="1" bw="1" slack="0"/>
<pin id="143" dir="0" index="2" bw="6" slack="0"/>
<pin id="144" dir="1" index="3" bw="6" slack="0"/>
</pin_list>
<bind>
<opcode="getelementptr(29) " fcode="getelementptr"/>
<opset="local_buffer_0_addr/1 "/>
</bind>
</comp>

<comp id="147" class="1004" name="local_buffer_1_addr_gep_fu_147">
<pin_list>
<pin id="148" dir="0" index="0" bw="32" slack="0"/>
<pin id="149" dir="0" index="1" bw="1" slack="0"/>
<pin id="150" dir="0" index="2" bw="6" slack="0"/>
<pin id="151" dir="1" index="3" bw="6" slack="0"/>
</pin_list>
<bind>
<opcode="getelementptr(29) " fcode="getelementptr"/>
<opset="local_buffer_1_addr/1 "/>
</bind>
</comp>

<comp id="154" class="1004" name="local_buffer_2_addr_gep_fu_154">
<pin_list>
<pin id="155" dir="0" index="0" bw="32" slack="0"/>
<pin id="156" dir="0" index="1" bw="1" slack="0"/>
<pin id="157" dir="0" index="2" bw="6" slack="0"/>
<pin id="158" dir="1" index="3" bw="6" slack="0"/>
</pin_list>
<bind>
<opcode="getelementptr(29) " fcode="getelementptr"/>
<opset="local_buffer_2_addr/1 "/>
</bind>
</comp>

<comp id="161" class="1004" name="local_buffer_3_addr_gep_fu_161">
<pin_list>
<pin id="162" dir="0" index="0" bw="32" slack="0"/>
<pin id="163" dir="0" index="1" bw="1" slack="0"/>
<pin id="164" dir="0" index="2" bw="6" slack="0"/>
<pin id="165" dir="1" index="3" bw="6" slack="0"/>
</pin_list>
<bind>
<opcode="getelementptr(29) " fcode="getelementptr"/>
<opset="local_buffer_3_addr/1 "/>
</bind>
</comp>

<comp id="168" class="1004" name="local_buffer_4_addr_gep_fu_168">
<pin_list>
<pin id="169" dir="0" index="0" bw="32" slack="0"/>
<pin id="170" dir="0" index="1" bw="1" slack="0"/>
<pin id="171" dir="0" index="2" bw="6" slack="0"/>
<pin id="172" dir="1" index="3" bw="6" slack="0"/>
</pin_list>
<bind>
<opcode="getelementptr(29) " fcode="getelementptr"/>
<opset="local_buffer_4_addr/1 "/>
</bind>
</comp>

<comp id="175" class="1004" name="local_buffer_5_addr_gep_fu_175">
<pin_list>
<pin id="176" dir="0" index="0" bw="32" slack="0"/>
<pin id="177" dir="0" index="1" bw="1" slack="0"/>
<pin id="178" dir="0" index="2" bw="6" slack="0"/>
<pin id="179" dir="1" index="3" bw="6" slack="0"/>
</pin_list>
<bind>
<opcode="getelementptr(29) " fcode="getelementptr"/>
<opset="local_buffer_5_addr/1 "/>
</bind>
</comp>

<comp id="182" class="1004" name="local_buffer_6_addr_gep_fu_182">
<pin_list>
<pin id="183" dir="0" index="0" bw="32" slack="0"/>
<pin id="184" dir="0" index="1" bw="1" slack="0"/>
<pin id="185" dir="0" index="2" bw="6" slack="0"/>
<pin id="186" dir="1" index="3" bw="6" slack="0"/>
</pin_list>
<bind>
<opcode="getelementptr(29) " fcode="getelementptr"/>
<opset="local_buffer_6_addr/1 "/>
</bind>
</comp>

<comp id="189" class="1004" name="local_buffer_7_addr_gep_fu_189">
<pin_list>
<pin id="190" dir="0" index="0" bw="32" slack="0"/>
<pin id="191" dir="0" index="1" bw="1" slack="0"/>
<pin id="192" dir="0" index="2" bw="6" slack="0"/>
<pin id="193" dir="1" index="3" bw="6" slack="0"/>
</pin_list>
<bind>
<opcode="getelementptr(29) " fcode="getelementptr"/>
<opset="local_buffer_7_addr/1 "/>
</bind>
</comp>

<comp id="196" class="1004" name="local_buffer_8_addr_gep_fu_196">
<pin_list>
<pin id="197" dir="0" index="0" bw="32" slack="0"/>
<pin id="198" dir="0" index="1" bw="1" slack="0"/>
<pin id="199" dir="0" index="2" bw="6" slack="0"/>
<pin id="200" dir="1" index="3" bw="6" slack="0"/>
</pin_list>
<bind>
<opcode="getelementptr(29) " fcode="getelementptr"/>
<opset="local_buffer_8_addr/1 "/>
</bind>
</comp>

<comp id="203" class="1004" name="local_buffer_9_addr_gep_fu_203">
<pin_list>
<pin id="204" dir="0" index="0" bw="32" slack="0"/>
<pin id="205" dir="0" index="1" bw="1" slack="0"/>
<pin id="206" dir="0" index="2" bw="6" slack="0"/>
<pin id="207" dir="1" index="3" bw="6" slack="0"/>
</pin_list>
<bind>
<opcode="getelementptr(29) " fcode="getelementptr"/>
<opset="local_buffer_9_addr/1 "/>
</bind>
</comp>

<comp id="210" class="1004" name="local_buffer_10_addr_gep_fu_210">
<pin_list>
<pin id="211" dir="0" index="0" bw="32" slack="0"/>
<pin id="212" dir="0" index="1" bw="1" slack="0"/>
<pin id="213" dir="0" index="2" bw="6" slack="0"/>
<pin id="214" dir="1" index="3" bw="6" slack="0"/>
</pin_list>
<bind>
<opcode="getelementptr(29) " fcode="getelementptr"/>
<opset="local_buffer_10_addr/1 "/>
</bind>
</comp>

<comp id="217" class="1004" name="local_buffer_11_addr_gep_fu_217">
<pin_list>
<pin id="218" dir="0" index="0" bw="32" slack="0"/>
<pin id="219" dir="0" index="1" bw="1" slack="0"/>
<pin id="220" dir="0" index="2" bw="6" slack="0"/>
<pin id="221" dir="1" index="3" bw="6" slack="0"/>
</pin_list>
<bind>
<opcode="getelementptr(29) " fcode="getelementptr"/>
<opset="local_buffer_11_addr/1 "/>
</bind>
</comp>

<comp id="224" class="1004" name="local_buffer_12_addr_gep_fu_224">
<pin_list>
<pin id="225" dir="0" index="0" bw="32" slack="0"/>
<pin id="226" dir="0" index="1" bw="1" slack="0"/>
<pin id="227" dir="0" index="2" bw="6" slack="0"/>
<pin id="228" dir="1" index="3" bw="6" slack="0"/>
</pin_list>
<bind>
<opcode="getelementptr(29) " fcode="getelementptr"/>
<opset="local_buffer_12_addr/1 "/>
</bind>
</comp>

<comp id="231" class="1004" name="local_buffer_13_addr_gep_fu_231">
<pin_list>
<pin id="232" dir="0" index="0" bw="32" slack="0"/>
<pin id="233" dir="0" index="1" bw="1" slack="0"/>
<pin id="234" dir="0" index="2" bw="6" slack="0"/>
<pin id="235" dir="1" index="3" bw="6" slack="0"/>
</pin_list>
<bind>
<opcode="getelementptr(29) " fcode="getelementptr"/>
<opset="local_buffer_13_addr/1 "/>
</bind>
</comp>

<comp id="238" class="1004" name="local_buffer_14_addr_gep_fu_238">
<pin_list>
<pin id="239" dir="0" index="0" bw="32" slack="0"/>
<pin id="240" dir="0" index="1" bw="1" slack="0"/>
<pin id="241" dir="0" index="2" bw="6" slack="0"/>
<pin id="242" dir="1" index="3" bw="6" slack="0"/>
</pin_list>
<bind>
<opcode="getelementptr(29) " fcode="getelementptr"/>
<opset="local_buffer_14_addr/1 "/>
</bind>
</comp>

<comp id="245" class="1004" name="local_buffer_15_addr_gep_fu_245">
<pin_list>
<pin id="246" dir="0" index="0" bw="32" slack="0"/>
<pin id="247" dir="0" index="1" bw="1" slack="0"/>
<pin id="248" dir="0" index="2" bw="6" slack="0"/>
<pin id="249" dir="1" index="3" bw="6" slack="0"/>
</pin_list>
<bind>
<opcode="getelementptr(29) " fcode="getelementptr"/>
<opset="local_buffer_15_addr/1 "/>
</bind>
</comp>

<comp id="252" class="1004" name="grp_access_fu_252">
<pin_list>
<pin id="253" dir="0" index="0" bw="6" slack="0"/>
<pin id="254" dir="0" index="1" bw="32" slack="2147483647"/>
<pin id="255" dir="0" index="2" bw="0" slack="2147483647"/>
<pin id="256" dir="1" index="3" bw="32" slack="0"/>
</pin_list>
<bind>
<opcode="load(27) " fcode="load"/>
<opset="local_buffer_0_load/1 "/>
</bind>
</comp>

<comp id="258" class="1004" name="grp_access_fu_258">
<pin_list>
<pin id="259" dir="0" index="0" bw="6" slack="0"/>
<pin id="260" dir="0" index="1" bw="32" slack="2147483647"/>
<pin id="261" dir="0" index="2" bw="0" slack="2147483647"/>
<pin id="262" dir="1" index="3" bw="32" slack="0"/>
</pin_list>
<bind>
<opcode="load(27) " fcode="load"/>
<opset="local_buffer_8_load/1 "/>
</bind>
</comp>

<comp id="264" class="1004" name="grp_access_fu_264">
<pin_list>
<pin id="265" dir="0" index="0" bw="6" slack="0"/>
<pin id="266" dir="0" index="1" bw="32" slack="2147483647"/>
<pin id="267" dir="0" index="2" bw="0" slack="2147483647"/>
<pin id="268" dir="1" index="3" bw="32" slack="0"/>
</pin_list>
<bind>
<opcode="load(27) " fcode="load"/>
<opset="local_buffer_1_load/1 "/>
</bind>
</comp>

<comp id="270" class="1004" name="grp_access_fu_270">
<pin_list>
<pin id="271" dir="0" index="0" bw="6" slack="0"/>
<pin id="272" dir="0" index="1" bw="32" slack="2147483647"/>
<pin id="273" dir="0" index="2" bw="0" slack="2147483647"/>
<pin id="274" dir="1" index="3" bw="32" slack="0"/>
</pin_list>
<bind>
<opcode="load(27) " fcode="load"/>
<opset="local_buffer_9_load/1 "/>
</bind>
</comp>

<comp id="276" class="1004" name="grp_access_fu_276">
<pin_list>
<pin id="277" dir="0" index="0" bw="6" slack="0"/>
<pin id="278" dir="0" index="1" bw="32" slack="2147483647"/>
<pin id="279" dir="0" index="2" bw="0" slack="2147483647"/>
<pin id="280" dir="1" index="3" bw="32" slack="0"/>
</pin_list>
<bind>
<opcode="load(27) " fcode="load"/>
<opset="local_buffer_2_load/1 "/>
</bind>
</comp>

<comp id="282" class="1004" name="grp_access_fu_282">
<pin_list>
<pin id="283" dir="0" index="0" bw="6" slack="0"/>
<pin id="284" dir="0" index="1" bw="32" slack="2147483647"/>
<pin id="285" dir="0" index="2" bw="0" slack="2147483647"/>
<pin id="286" dir="1" index="3" bw="32" slack="0"/>
</pin_list>
<bind>
<opcode="load(27) " fcode="load"/>
<opset="local_buffer_10_load/1 "/>
</bind>
</comp>

<comp id="288" class="1004" name="grp_access_fu_288">
<pin_list>
<pin id="289" dir="0" index="0" bw="6" slack="0"/>
<pin id="290" dir="0" index="1" bw="32" slack="2147483647"/>
<pin id="291" dir="0" index="2" bw="0" slack="2147483647"/>
<pin id="292" dir="1" index="3" bw="32" slack="0"/>
</pin_list>
<bind>
<opcode="load(27) " fcode="load"/>
<opset="local_buffer_3_load/1 "/>
</bind>
</comp>

<comp id="294" class="1004" name="grp_access_fu_294">
<pin_list>
<pin id="295" dir="0" index="0" bw="6" slack="0"/>
<pin id="296" dir="0" index="1" bw="32" slack="2147483647"/>
<pin id="297" dir="0" index="2" bw="0" slack="2147483647"/>
<pin id="298" dir="1" index="3" bw="32" slack="0"/>
</pin_list>
<bind>
<opcode="load(27) " fcode="load"/>
<opset="local_buffer_11_load/1 "/>
</bind>
</comp>

<comp id="300" class="1004" name="grp_access_fu_300">
<pin_list>
<pin id="301" dir="0" index="0" bw="6" slack="0"/>
<pin id="302" dir="0" index="1" bw="32" slack="2147483647"/>
<pin id="303" dir="0" index="2" bw="0" slack="2147483647"/>
<pin id="304" dir="1" index="3" bw="32" slack="0"/>
</pin_list>
<bind>
<opcode="load(27) " fcode="load"/>
<opset="local_buffer_4_load/1 "/>
</bind>
</comp>

<comp id="306" class="1004" name="grp_access_fu_306">
<pin_list>
<pin id="307" dir="0" index="0" bw="6" slack="0"/>
<pin id="308" dir="0" index="1" bw="32" slack="2147483647"/>
<pin id="309" dir="0" index="2" bw="0" slack="2147483647"/>
<pin id="310" dir="1" index="3" bw="32" slack="0"/>
</pin_list>
<bind>
<opcode="load(27) " fcode="load"/>
<opset="local_buffer_12_load/1 "/>
</bind>
</comp>

<comp id="312" class="1004" name="grp_access_fu_312">
<pin_list>
<pin id="313" dir="0" index="0" bw="6" slack="0"/>
<pin id="314" dir="0" index="1" bw="32" slack="2147483647"/>
<pin id="315" dir="0" index="2" bw="0" slack="2147483647"/>
<pin id="316" dir="1" index="3" bw="32" slack="0"/>
</pin_list>
<bind>
<opcode="load(27) " fcode="load"/>
<opset="local_buffer_5_load/1 "/>
</bind>
</comp>

<comp id="318" class="1004" name="grp_access_fu_318">
<pin_list>
<pin id="319" dir="0" index="0" bw="6" slack="0"/>
<pin id="320" dir="0" index="1" bw="32" slack="2147483647"/>
<pin id="321" dir="0" index="2" bw="0" slack="2147483647"/>
<pin id="322" dir="1" index="3" bw="32" slack="0"/>
</pin_list>
<bind>
<opcode="load(27) " fcode="load"/>
<opset="local_buffer_13_load/1 "/>
</bind>
</comp>

<comp id="324" class="1004" name="grp_access_fu_324">
<pin_list>
<pin id="325" dir="0" index="0" bw="6" slack="0"/>
<pin id="326" dir="0" index="1" bw="32" slack="2147483647"/>
<pin id="327" dir="0" index="2" bw="0" slack="2147483647"/>
<pin id="328" dir="1" index="3" bw="32" slack="0"/>
</pin_list>
<bind>
<opcode="load(27) " fcode="load"/>
<opset="local_buffer_6_load/1 "/>
</bind>
</comp>

<comp id="330" class="1004" name="grp_access_fu_330">
<pin_list>
<pin id="331" dir="0" index="0" bw="6" slack="0"/>
<pin id="332" dir="0" index="1" bw="32" slack="2147483647"/>
<pin id="333" dir="0" index="2" bw="0" slack="2147483647"/>
<pin id="334" dir="1" index="3" bw="32" slack="0"/>
</pin_list>
<bind>
<opcode="load(27) " fcode="load"/>
<opset="local_buffer_14_load/1 "/>
</bind>
</comp>

<comp id="336" class="1004" name="grp_access_fu_336">
<pin_list>
<pin id="337" dir="0" index="0" bw="6" slack="0"/>
<pin id="338" dir="0" index="1" bw="32" slack="2147483647"/>
<pin id="339" dir="0" index="2" bw="0" slack="2147483647"/>
<pin id="340" dir="1" index="3" bw="32" slack="0"/>
</pin_list>
<bind>
<opcode="load(27) " fcode="load"/>
<opset="local_buffer_7_load/1 "/>
</bind>
</comp>

<comp id="342" class="1004" name="grp_access_fu_342">
<pin_list>
<pin id="343" dir="0" index="0" bw="6" slack="0"/>
<pin id="344" dir="0" index="1" bw="32" slack="2147483647"/>
<pin id="345" dir="0" index="2" bw="0" slack="2147483647"/>
<pin id="346" dir="1" index="3" bw="32" slack="0"/>
</pin_list>
<bind>
<opcode="load(27) " fcode="load"/>
<opset="local_buffer_15_load/1 "/>
</bind>
</comp>

<comp id="348" class="1004" name="sext_ln111_1_cast_fu_348">
<pin_list>
<pin id="349" dir="0" index="0" bw="59" slack="0"/>
<pin id="350" dir="1" index="1" bw="64" slack="1"/>
</pin_list>
<bind>
<opcode="sext(35) " fcode="sext"/>
<opset="sext_ln111_1_cast/1 "/>
</bind>
</comp>

<comp id="352" class="1004" name="store_ln0_store_fu_352">
<pin_list>
<pin id="353" dir="0" index="0" bw="1" slack="0"/>
<pin id="354" dir="0" index="1" bw="8" slack="0"/>
<pin id="355" dir="1" index="2" bw="0" slack="2147483647"/>
</pin_list>
<bind>
<opcode="store(28) " fcode="store"/>
<opset="store_ln0/1 "/>
</bind>
</comp>

<comp id="357" class="1004" name="store_ln0_store_fu_357">
<pin_list>
<pin id="358" dir="0" index="0" bw="1" slack="0"/>
<pin id="359" dir="0" index="1" bw="6" slack="0"/>
<pin id="360" dir="1" index="2" bw="0" slack="2147483647"/>
</pin_list>
<bind>
<opcode="store(28) " fcode="store"/>
<opset="store_ln0/1 "/>
</bind>
</comp>

<comp id="362" class="1004" name="store_ln0_store_fu_362">
<pin_list>
<pin id="363" dir="0" index="0" bw="1" slack="0"/>
<pin id="364" dir="0" index="1" bw="3" slack="0"/>
<pin id="365" dir="1" index="2" bw="0" slack="2147483647"/>
</pin_list>
<bind>
<opcode="store(28) " fcode="store"/>
<opset="store_ln0/1 "/>
</bind>
</comp>

<comp id="367" class="1004" name="store_ln0_store_fu_367">
<pin_list>
<pin id="368" dir="0" index="0" bw="1" slack="0"/>
<pin id="369" dir="0" index="1" bw="6" slack="0"/>
<pin id="370" dir="1" index="2" bw="0" slack="2147483647"/>
</pin_list>
<bind>
<opcode="store(28) " fcode="store"/>
<opset="store_ln0/1 "/>
</bind>
</comp>

<comp id="372" class="1004" name="indvar_flatten_load_load_fu_372">
<pin_list>
<pin id="373" dir="0" index="0" bw="8" slack="0"/>
<pin id="374" dir="1" index="1" bw="8" slack="0"/>
</pin_list>
<bind>
<opcode="load(27) " fcode="load"/>
<opset="indvar_flatten_load/1 "/>
</bind>
</comp>

<comp id="375" class="1004" name="icmp_ln111_fu_375">
<pin_list>
<pin id="376" dir="0" index="0" bw="8" slack="0"/>
<pin id="377" dir="0" index="1" bw="8" slack="0"/>
<pin id="378" dir="1" index="2" bw="1" slack="1"/>
</pin_list>
<bind>
<opcode="icmp(45) " fcode="icmp"/>
<opset="icmp_ln111/1 "/>
</bind>
</comp>

<comp id="381" class="1004" name="add_ln111_fu_381">
<pin_list>
<pin id="382" dir="0" index="0" bw="8" slack="0"/>
<pin id="383" dir="0" index="1" bw="1" slack="0"/>
<pin id="384" dir="1" index="2" bw="8" slack="0"/>
</pin_list>
<bind>
<opcode="add(8) " fcode="add"/>
<opset="add_ln111/1 "/>
</bind>
</comp>

<comp id="387" class="1004" name="c_load_load_fu_387">
<pin_list>
<pin id="388" dir="0" index="0" bw="6" slack="0"/>
<pin id="389" dir="1" index="1" bw="6" slack="0"/>
</pin_list>
<bind>
<opcode="load(27) " fcode="load"/>
<opset="c_load/1 "/>
</bind>
</comp>

<comp id="390" class="1004" name="indvar_load_load_fu_390">
<pin_list>
<pin id="391" dir="0" index="0" bw="3" slack="0"/>
<pin id="392" dir="1" index="1" bw="3" slack="0"/>
</pin_list>
<bind>
<opcode="load(27) " fcode="load"/>
<opset="indvar_load/1 "/>
</bind>
</comp>

<comp id="393" class="1004" name="r_load_load_fu_393">
<pin_list>
<pin id="394" dir="0" index="0" bw="6" slack="0"/>
<pin id="395" dir="1" index="1" bw="6" slack="0"/>
</pin_list>
<bind>
<opcode="load(27) " fcode="load"/>
<opset="r_load/1 "/>
</bind>
</comp>

<comp id="396" class="1004" name="add_ln111_1_fu_396">
<pin_list>
<pin id="397" dir="0" index="0" bw="6" slack="0"/>
<pin id="398" dir="0" index="1" bw="1" slack="0"/>
<pin id="399" dir="1" index="2" bw="6" slack="0"/>
</pin_list>
<bind>
<opcode="add(8) " fcode="add"/>
<opset="add_ln111_1/1 "/>
</bind>
</comp>

<comp id="402" class="1004" name="icmp_ln112_fu_402">
<pin_list>
<pin id="403" dir="0" index="0" bw="3" slack="0"/>
<pin id="404" dir="0" index="1" bw="3" slack="0"/>
<pin id="405" dir="1" index="2" bw="1" slack="0"/>
</pin_list>
<bind>
<opcode="icmp(45) " fcode="icmp"/>
<opset="icmp_ln112/1 "/>
</bind>
</comp>

<comp id="408" class="1004" name="select_ln111_fu_408">
<pin_list>
<pin id="409" dir="0" index="0" bw="1" slack="0"/>
<pin id="410" dir="0" index="1" bw="1" slack="0"/>
<pin id="411" dir="0" index="2" bw="6" slack="0"/>
<pin id="412" dir="1" index="3" bw="6" slack="0"/>
</pin_list>
<bind>
<opcode="select(49) " fcode="select"/>
<opset="select_ln111/1 "/>
</bind>
</comp>

<comp id="416" class="1004" name="select_ln111_1_fu_416">
<pin_list>
<pin id="417" dir="0" index="0" bw="1" slack="0"/>
<pin id="418" dir="0" index="1" bw="6" slack="0"/>
<pin id="419" dir="0" index="2" bw="6" slack="0"/>
<pin id="420" dir="1" index="3" bw="6" slack="0"/>
</pin_list>
<bind>
<opcode="select(49) " fcode="select"/>
<opset="select_ln111_1/1 "/>
</bind>
</comp>

<comp id="424" class="1004" name="trunc_ln113_fu_424">
<pin_list>
<pin id="425" dir="0" index="0" bw="6" slack="0"/>
<pin id="426" dir="1" index="1" bw="5" slack="0"/>
</pin_list>
<bind>
<opcode="trunc(33) " fcode="trunc"/>
<opset="trunc_ln113/1 "/>
</bind>
</comp>

<comp id="428" class="1004" name="tmp_1_fu_428">
<pin_list>
<pin id="429" dir="0" index="0" bw="1" slack="0"/>
<pin id="430" dir="0" index="1" bw="6" slack="0"/>
<pin id="431" dir="0" index="2" bw="4" slack="0"/>
<pin id="432" dir="1" index="3" bw="1" slack="0"/>
</pin_list>
<bind>
<opcode="bitselect(1000) " fcode="bitselect"/>
<opset="tmp_1/1 "/>
</bind>
</comp>

<comp id="436" class="1004" name="tmp_fu_436">
<pin_list>
<pin id="437" dir="0" index="0" bw="6" slack="0"/>
<pin id="438" dir="0" index="1" bw="5" slack="0"/>
<pin id="439" dir="0" index="2" bw="1" slack="0"/>
<pin id="440" dir="1" index="3" bw="6" slack="0"/>
</pin_list>
<bind>
<opcode="bitconcatenate(1004) " fcode="bitconcatenate"/>
<opset="tmp/1 "/>
</bind>
</comp>

<comp id="444" class="1004" name="zext_ln186_fu_444">
<pin_list>
<pin id="445" dir="0" index="0" bw="6" slack="0"/>
<pin id="446" dir="1" index="1" bw="64" slack="0"/>
</pin_list>
<bind>
<opcode="zext(34) " fcode="zext"/>
<opset="zext_ln186/1 "/>
</bind>
</comp>

<comp id="464" class="1004" name="trunc_ln186_fu_464">
<pin_list>
<pin id="465" dir="0" index="0" bw="6" slack="0"/>
<pin id="466" dir="1" index="1" bw="4" slack="0"/>
</pin_list>
<bind>
<opcode="trunc(33) " fcode="trunc"/>
<opset="trunc_ln186/1 "/>
</bind>
</comp>

<comp id="468" class="1004" name="icmp_ln186_fu_468">
<pin_list>
<pin id="469" dir="0" index="0" bw="4" slack="0"/>
<pin id="470" dir="0" index="1" bw="4" slack="0"/>
<pin id="471" dir="1" index="2" bw="1" slack="1"/>
</pin_list>
<bind>
<opcode="icmp(45) " fcode="icmp"/>
<opset="icmp_ln186/1 "/>
</bind>
</comp>

<comp id="474" class="1004" name="add_ln112_fu_474">
<pin_list>
<pin id="475" dir="0" index="0" bw="6" slack="0"/>
<pin id="476" dir="0" index="1" bw="5" slack="0"/>
<pin id="477" dir="1" index="2" bw="6" slack="0"/>
</pin_list>
<bind>
<opcode="add(8) " fcode="add"/>
<opset="add_ln112/1 "/>
</bind>
</comp>

<comp id="480" class="1004" name="add_ln112_1_fu_480">
<pin_list>
<pin id="481" dir="0" index="0" bw="3" slack="0"/>
<pin id="482" dir="0" index="1" bw="1" slack="0"/>
<pin id="483" dir="1" index="2" bw="3" slack="0"/>
</pin_list>
<bind>
<opcode="add(8) " fcode="add"/>
<opset="add_ln112_1/1 "/>
</bind>
</comp>

<comp id="486" class="1004" name="select_ln112_fu_486">
<pin_list>
<pin id="487" dir="0" index="0" bw="1" slack="0"/>
<pin id="488" dir="0" index="1" bw="1" slack="0"/>
<pin id="489" dir="0" index="2" bw="3" slack="0"/>
<pin id="490" dir="1" index="3" bw="3" slack="0"/>
</pin_list>
<bind>
<opcode="select(49) " fcode="select"/>
<opset="select_ln112/1 "/>
</bind>
</comp>

<comp id="494" class="1004" name="store_ln112_store_fu_494">
<pin_list>
<pin id="495" dir="0" index="0" bw="8" slack="0"/>
<pin id="496" dir="0" index="1" bw="8" slack="0"/>
<pin id="497" dir="1" index="2" bw="0" slack="2147483647"/>
</pin_list>
<bind>
<opcode="store(28) " fcode="store"/>
<opset="store_ln112/1 "/>
</bind>
</comp>

<comp id="499" class="1004" name="store_ln112_store_fu_499">
<pin_list>
<pin id="500" dir="0" index="0" bw="6" slack="0"/>
<pin id="501" dir="0" index="1" bw="6" slack="0"/>
<pin id="502" dir="1" index="2" bw="0" slack="2147483647"/>
</pin_list>
<bind>
<opcode="store(28) " fcode="store"/>
<opset="store_ln112/1 "/>
</bind>
</comp>

<comp id="504" class="1004" name="store_ln112_store_fu_504">
<pin_list>
<pin id="505" dir="0" index="0" bw="3" slack="0"/>
<pin id="506" dir="0" index="1" bw="3" slack="0"/>
<pin id="507" dir="1" index="2" bw="0" slack="2147483647"/>
</pin_list>
<bind>
<opcode="store(28) " fcode="store"/>
<opset="store_ln112/1 "/>
</bind>
</comp>

<comp id="509" class="1004" name="store_ln112_store_fu_509">
<pin_list>
<pin id="510" dir="0" index="0" bw="6" slack="0"/>
<pin id="511" dir="0" index="1" bw="6" slack="0"/>
<pin id="512" dir="1" index="2" bw="0" slack="2147483647"/>
</pin_list>
<bind>
<opcode="store(28) " fcode="store"/>
<opset="store_ln112/1 "/>
</bind>
</comp>

<comp id="514" class="1004" name="gmem0_addr_fu_514">
<pin_list>
<pin id="515" dir="0" index="0" bw="256" slack="0"/>
<pin id="516" dir="0" index="1" bw="59" slack="1"/>
<pin id="517" dir="1" index="2" bw="256" slack="1"/>
</pin_list>
<bind>
<opcode="getelementptr(29) " fcode="getelementptr"/>
<opset="gmem0_addr/2 "/>
</bind>
</comp>

<comp id="519" class="1004" name="select_ln186_fu_519">
<pin_list>
<pin id="520" dir="0" index="0" bw="1" slack="1"/>
<pin id="521" dir="0" index="1" bw="32" slack="0"/>
<pin id="522" dir="0" index="2" bw="32" slack="0"/>
<pin id="523" dir="1" index="3" bw="32" slack="1"/>
</pin_list>
<bind>
<opcode="select(49) " fcode="select"/>
<opset="select_ln186/2 "/>
</bind>
</comp>

<comp id="526" class="1004" name="select_ln186_1_fu_526">
<pin_list>
<pin id="527" dir="0" index="0" bw="1" slack="1"/>
<pin id="528" dir="0" index="1" bw="32" slack="0"/>
<pin id="529" dir="0" index="2" bw="32" slack="0"/>
<pin id="530" dir="1" index="3" bw="32" slack="1"/>
</pin_list>
<bind>
<opcode="select(49) " fcode="select"/>
<opset="select_ln186_1/2 "/>
</bind>
</comp>

<comp id="533" class="1004" name="select_ln186_2_fu_533">
<pin_list>
<pin id="534" dir="0" index="0" bw="1" slack="1"/>
<pin id="535" dir="0" index="1" bw="32" slack="0"/>
<pin id="536" dir="0" index="2" bw="32" slack="0"/>
<pin id="537" dir="1" index="3" bw="32" slack="1"/>
</pin_list>
<bind>
<opcode="select(49) " fcode="select"/>
<opset="select_ln186_2/2 "/>
</bind>
</comp>

<comp id="540" class="1004" name="select_ln186_3_fu_540">
<pin_list>
<pin id="541" dir="0" index="0" bw="1" slack="1"/>
<pin id="542" dir="0" index="1" bw="32" slack="0"/>
<pin id="543" dir="0" index="2" bw="32" slack="0"/>
<pin id="544" dir="1" index="3" bw="32" slack="1"/>
</pin_list>
<bind>
<opcode="select(49) " fcode="select"/>
<opset="select_ln186_3/2 "/>
</bind>
</comp>

<comp id="547" class="1004" name="select_ln186_4_fu_547">
<pin_list>
<pin id="548" dir="0" index="0" bw="1" slack="1"/>
<pin id="549" dir="0" index="1" bw="32" slack="0"/>
<pin id="550" dir="0" index="2" bw="32" slack="0"/>
<pin id="551" dir="1" index="3" bw="32" slack="1"/>
</pin_list>
<bind>
<opcode="select(49) " fcode="select"/>
<opset="select_ln186_4/2 "/>
</bind>
</comp>

<comp id="554" class="1004" name="select_ln186_5_fu_554">
<pin_list>
<pin id="555" dir="0" index="0" bw="1" slack="1"/>
<pin id="556" dir="0" index="1" bw="32" slack="0"/>
<pin id="557" dir="0" index="2" bw="32" slack="0"/>
<pin id="558" dir="1" index="3" bw="32" slack="1"/>
</pin_list>
<bind>
<opcode="select(49) " fcode="select"/>
<opset="select_ln186_5/2 "/>
</bind>
</comp>

<comp id="561" class="1004" name="select_ln186_6_fu_561">
<pin_list>
<pin id="562" dir="0" index="0" bw="1" slack="1"/>
<pin id="563" dir="0" index="1" bw="32" slack="0"/>
<pin id="564" dir="0" index="2" bw="32" slack="0"/>
<pin id="565" dir="1" index="3" bw="32" slack="1"/>
</pin_list>
<bind>
<opcode="select(49) " fcode="select"/>
<opset="select_ln186_6/2 "/>
</bind>
</comp>

<comp id="568" class="1004" name="select_ln186_7_fu_568">
<pin_list>
<pin id="569" dir="0" index="0" bw="1" slack="1"/>
<pin id="570" dir="0" index="1" bw="32" slack="0"/>
<pin id="571" dir="0" index="2" bw="32" slack="0"/>
<pin id="572" dir="1" index="3" bw="32" slack="1"/>
</pin_list>
<bind>
<opcode="select(49) " fcode="select"/>
<opset="select_ln186_7/2 "/>
</bind>
</comp>

<comp id="575" class="1004" name="p_Result_s_fu_575">
<pin_list>
<pin id="576" dir="0" index="0" bw="256" slack="0"/>
<pin id="577" dir="0" index="1" bw="32" slack="1"/>
<pin id="578" dir="0" index="2" bw="32" slack="1"/>
<pin id="579" dir="0" index="3" bw="32" slack="1"/>
<pin id="580" dir="0" index="4" bw="32" slack="1"/>
<pin id="581" dir="0" index="5" bw="32" slack="1"/>
<pin id="582" dir="0" index="6" bw="32" slack="1"/>
<pin id="583" dir="0" index="7" bw="32" slack="1"/>
<pin id="584" dir="0" index="8" bw="32" slack="1"/>
<pin id="585" dir="1" index="9" bw="256" slack="0"/>
</pin_list>
<bind>
<opcode="bitconcatenate(1004) " fcode="bitconcatenate"/>
<opset="p_Result_s/3 "/>
</bind>
</comp>

<comp id="588" class="1005" name="c_reg_588">
<pin_list>
<pin id="589" dir="0" index="0" bw="6" slack="0"/>
<pin id="590" dir="1" index="1" bw="6" slack="0"/>
</pin_list>
<bind>
<opset="c "/>
</bind>
</comp>

<comp id="595" class="1005" name="indvar_reg_595">
<pin_list>
<pin id="596" dir="0" index="0" bw="3" slack="0"/>
<pin id="597" dir="1" index="1" bw="3" slack="0"/>
</pin_list>
<bind>
<opset="indvar "/>
</bind>
</comp>

<comp id="602" class="1005" name="r_reg_602">
<pin_list>
<pin id="603" dir="0" index="0" bw="6" slack="0"/>
<pin id="604" dir="1" index="1" bw="6" slack="0"/>
</pin_list>
<bind>
<opset="r "/>
</bind>
</comp>

<comp id="609" class="1005" name="indvar_flatten_reg_609">
<pin_list>
<pin id="610" dir="0" index="0" bw="8" slack="0"/>
<pin id="611" dir="1" index="1" bw="8" slack="0"/>
</pin_list>
<bind>
<opset="indvar_flatten "/>
</bind>
</comp>

<comp id="616" class="1005" name="sext_ln111_1_cast_reg_616">
<pin_list>
<pin id="617" dir="0" index="0" bw="64" slack="1"/>
<pin id="618" dir="1" index="1" bw="64" slack="1"/>
</pin_list>
<bind>
<opset="sext_ln111_1_cast "/>
</bind>
</comp>

<comp id="621" class="1005" name="icmp_ln111_reg_621">
<pin_list>
<pin id="622" dir="0" index="0" bw="1" slack="1"/>
<pin id="623" dir="1" index="1" bw="1" slack="2147483647"/>
</pin_list>
<bind>
<opset="icmp_ln111 "/>
</bind>
</comp>

<comp id="625" class="1005" name="local_buffer_0_addr_reg_625">
<pin_list>
<pin id="626" dir="0" index="0" bw="6" slack="1"/>
<pin id="627" dir="1" index="1" bw="6" slack="1"/>
</pin_list>
<bind>
<opset="local_buffer_0_addr "/>
</bind>
</comp>

<comp id="630" class="1005" name="local_buffer_1_addr_reg_630">
<pin_list>
<pin id="631" dir="0" index="0" bw="6" slack="1"/>
<pin id="632" dir="1" index="1" bw="6" slack="1"/>
</pin_list>
<bind>
<opset="local_buffer_1_addr "/>
</bind>
</comp>

<comp id="635" class="1005" name="local_buffer_2_addr_reg_635">
<pin_list>
<pin id="636" dir="0" index="0" bw="6" slack="1"/>
<pin id="637" dir="1" index="1" bw="6" slack="1"/>
</pin_list>
<bind>
<opset="local_buffer_2_addr "/>
</bind>
</comp>

<comp id="640" class="1005" name="local_buffer_3_addr_reg_640">
<pin_list>
<pin id="641" dir="0" index="0" bw="6" slack="1"/>
<pin id="642" dir="1" index="1" bw="6" slack="1"/>
</pin_list>
<bind>
<opset="local_buffer_3_addr "/>
</bind>
</comp>

<comp id="645" class="1005" name="local_buffer_4_addr_reg_645">
<pin_list>
<pin id="646" dir="0" index="0" bw="6" slack="1"/>
<pin id="647" dir="1" index="1" bw="6" slack="1"/>
</pin_list>
<bind>
<opset="local_buffer_4_addr "/>
</bind>
</comp>

<comp id="650" class="1005" name="local_buffer_5_addr_reg_650">
<pin_list>
<pin id="651" dir="0" index="0" bw="6" slack="1"/>
<pin id="652" dir="1" index="1" bw="6" slack="1"/>
</pin_list>
<bind>
<opset="local_buffer_5_addr "/>
</bind>
</comp>

<comp id="655" class="1005" name="local_buffer_6_addr_reg_655">
<pin_list>
<pin id="656" dir="0" index="0" bw="6" slack="1"/>
<pin id="657" dir="1" index="1" bw="6" slack="1"/>
</pin_list>
<bind>
<opset="local_buffer_6_addr "/>
</bind>
</comp>

<comp id="660" class="1005" name="local_buffer_7_addr_reg_660">
<pin_list>
<pin id="661" dir="0" index="0" bw="6" slack="1"/>
<pin id="662" dir="1" index="1" bw="6" slack="1"/>
</pin_list>
<bind>
<opset="local_buffer_7_addr "/>
</bind>
</comp>

<comp id="665" class="1005" name="local_buffer_8_addr_reg_665">
<pin_list>
<pin id="666" dir="0" index="0" bw="6" slack="1"/>
<pin id="667" dir="1" index="1" bw="6" slack="1"/>
</pin_list>
<bind>
<opset="local_buffer_8_addr "/>
</bind>
</comp>

<comp id="670" class="1005" name="local_buffer_9_addr_reg_670">
<pin_list>
<pin id="671" dir="0" index="0" bw="6" slack="1"/>
<pin id="672" dir="1" index="1" bw="6" slack="1"/>
</pin_list>
<bind>
<opset="local_buffer_9_addr "/>
</bind>
</comp>

<comp id="675" class="1005" name="local_buffer_10_addr_reg_675">
<pin_list>
<pin id="676" dir="0" index="0" bw="6" slack="1"/>
<pin id="677" dir="1" index="1" bw="6" slack="1"/>
</pin_list>
<bind>
<opset="local_buffer_10_addr "/>
</bind>
</comp>

<comp id="680" class="1005" name="local_buffer_11_addr_reg_680">
<pin_list>
<pin id="681" dir="0" index="0" bw="6" slack="1"/>
<pin id="682" dir="1" index="1" bw="6" slack="1"/>
</pin_list>
<bind>
<opset="local_buffer_11_addr "/>
</bind>
</comp>

<comp id="685" class="1005" name="local_buffer_12_addr_reg_685">
<pin_list>
<pin id="686" dir="0" index="0" bw="6" slack="1"/>
<pin id="687" dir="1" index="1" bw="6" slack="1"/>
</pin_list>
<bind>
<opset="local_buffer_12_addr "/>
</bind>
</comp>

<comp id="690" class="1005" name="local_buffer_13_addr_reg_690">
<pin_list>
<pin id="691" dir="0" index="0" bw="6" slack="1"/>
<pin id="692" dir="1" index="1" bw="6" slack="1"/>
</pin_list>
<bind>
<opset="local_buffer_13_addr "/>
</bind>
</comp>

<comp id="695" class="1005" name="local_buffer_14_addr_reg_695">
<pin_list>
<pin id="696" dir="0" index="0" bw="6" slack="1"/>
<pin id="697" dir="1" index="1" bw="6" slack="1"/>
</pin_list>
<bind>
<opset="local_buffer_14_addr "/>
</bind>
</comp>

<comp id="700" class="1005" name="local_buffer_15_addr_reg_700">
<pin_list>
<pin id="701" dir="0" index="0" bw="6" slack="1"/>
<pin id="702" dir="1" index="1" bw="6" slack="1"/>
</pin_list>
<bind>
<opset="local_buffer_15_addr "/>
</bind>
</comp>

<comp id="705" class="1005" name="icmp_ln186_reg_705">
<pin_list>
<pin id="706" dir="0" index="0" bw="1" slack="1"/>
<pin id="707" dir="1" index="1" bw="1" slack="1"/>
</pin_list>
<bind>
<opset="icmp_ln186 "/>
</bind>
</comp>

<comp id="717" class="1005" name="gmem0_addr_reg_717">
<pin_list>
<pin id="718" dir="0" index="0" bw="256" slack="1"/>
<pin id="719" dir="1" index="1" bw="256" slack="1"/>
</pin_list>
<bind>
<opset="gmem0_addr "/>
</bind>
</comp>

<comp id="722" class="1005" name="select_ln186_reg_722">
<pin_list>
<pin id="723" dir="0" index="0" bw="32" slack="1"/>
<pin id="724" dir="1" index="1" bw="32" slack="1"/>
</pin_list>
<bind>
<opset="select_ln186 "/>
</bind>
</comp>

<comp id="727" class="1005" name="select_ln186_1_reg_727">
<pin_list>
<pin id="728" dir="0" index="0" bw="32" slack="1"/>
<pin id="729" dir="1" index="1" bw="32" slack="1"/>
</pin_list>
<bind>
<opset="select_ln186_1 "/>
</bind>
</comp>

<comp id="732" class="1005" name="select_ln186_2_reg_732">
<pin_list>
<pin id="733" dir="0" index="0" bw="32" slack="1"/>
<pin id="734" dir="1" index="1" bw="32" slack="1"/>
</pin_list>
<bind>
<opset="select_ln186_2 "/>
</bind>
</comp>

<comp id="737" class="1005" name="select_ln186_3_reg_737">
<pin_list>
<pin id="738" dir="0" index="0" bw="32" slack="1"/>
<pin id="739" dir="1" index="1" bw="32" slack="1"/>
</pin_list>
<bind>
<opset="select_ln186_3 "/>
</bind>
</comp>

<comp id="742" class="1005" name="select_ln186_4_reg_742">
<pin_list>
<pin id="743" dir="0" index="0" bw="32" slack="1"/>
<pin id="744" dir="1" index="1" bw="32" slack="1"/>
</pin_list>
<bind>
<opset="select_ln186_4 "/>
</bind>
</comp>

<comp id="747" class="1005" name="select_ln186_5_reg_747">
<pin_list>
<pin id="748" dir="0" index="0" bw="32" slack="1"/>
<pin id="749" dir="1" index="1" bw="32" slack="1"/>
</pin_list>
<bind>
<opset="select_ln186_5 "/>
</bind>
</comp>

<comp id="752" class="1005" name="select_ln186_6_reg_752">
<pin_list>
<pin id="753" dir="0" index="0" bw="32" slack="1"/>
<pin id="754" dir="1" index="1" bw="32" slack="1"/>
</pin_list>
<bind>
<opset="select_ln186_6 "/>
</bind>
</comp>

<comp id="757" class="1005" name="select_ln186_7_reg_757">
<pin_list>
<pin id="758" dir="0" index="0" bw="32" slack="1"/>
<pin id="759" dir="1" index="1" bw="32" slack="1"/>
</pin_list>
<bind>
<opset="select_ln186_7 "/>
</bind>
</comp>

</comp_list>

<net_list>
<net id="113"><net_src comp="36" pin="0"/><net_sink comp="110" pin=0"/></net>

<net id="117"><net_src comp="36" pin="0"/><net_sink comp="114" pin=0"/></net>

<net id="121"><net_src comp="36" pin="0"/><net_sink comp="118" pin=0"/></net>

<net id="125"><net_src comp="36" pin="0"/><net_sink comp="122" pin=0"/></net>

<net id="130"><net_src comp="38" pin="0"/><net_sink comp="126" pin=0"/></net>

<net id="131"><net_src comp="2" pin="0"/><net_sink comp="126" pin=1"/></net>

<net id="138"><net_src comp="108" pin="0"/><net_sink comp="132" pin=0"/></net>

<net id="139"><net_src comp="66" pin="0"/><net_sink comp="132" pin=3"/></net>

<net id="145"><net_src comp="4" pin="0"/><net_sink comp="140" pin=0"/></net>

<net id="146"><net_src comp="86" pin="0"/><net_sink comp="140" pin=1"/></net>

<net id="152"><net_src comp="6" pin="0"/><net_sink comp="147" pin=0"/></net>

<net id="153"><net_src comp="86" pin="0"/><net_sink comp="147" pin=1"/></net>

<net id="159"><net_src comp="8" pin="0"/><net_sink comp="154" pin=0"/></net>

<net id="160"><net_src comp="86" pin="0"/><net_sink comp="154" pin=1"/></net>

<net id="166"><net_src comp="10" pin="0"/><net_sink comp="161" pin=0"/></net>

<net id="167"><net_src comp="86" pin="0"/><net_sink comp="161" pin=1"/></net>

<net id="173"><net_src comp="12" pin="0"/><net_sink comp="168" pin=0"/></net>

<net id="174"><net_src comp="86" pin="0"/><net_sink comp="168" pin=1"/></net>

<net id="180"><net_src comp="14" pin="0"/><net_sink comp="175" pin=0"/></net>

<net id="181"><net_src comp="86" pin="0"/><net_sink comp="175" pin=1"/></net>

<net id="187"><net_src comp="16" pin="0"/><net_sink comp="182" pin=0"/></net>

<net id="188"><net_src comp="86" pin="0"/><net_sink comp="182" pin=1"/></net>

<net id="194"><net_src comp="18" pin="0"/><net_sink comp="189" pin=0"/></net>

<net id="195"><net_src comp="86" pin="0"/><net_sink comp="189" pin=1"/></net>

<net id="201"><net_src comp="20" pin="0"/><net_sink comp="196" pin=0"/></net>

<net id="202"><net_src comp="86" pin="0"/><net_sink comp="196" pin=1"/></net>

<net id="208"><net_src comp="22" pin="0"/><net_sink comp="203" pin=0"/></net>

<net id="209"><net_src comp="86" pin="0"/><net_sink comp="203" pin=1"/></net>

<net id="215"><net_src comp="24" pin="0"/><net_sink comp="210" pin=0"/></net>

<net id="216"><net_src comp="86" pin="0"/><net_sink comp="210" pin=1"/></net>

<net id="222"><net_src comp="26" pin="0"/><net_sink comp="217" pin=0"/></net>

<net id="223"><net_src comp="86" pin="0"/><net_sink comp="217" pin=1"/></net>

<net id="229"><net_src comp="28" pin="0"/><net_sink comp="224" pin=0"/></net>

<net id="230"><net_src comp="86" pin="0"/><net_sink comp="224" pin=1"/></net>

<net id="236"><net_src comp="30" pin="0"/><net_sink comp="231" pin=0"/></net>

<net id="237"><net_src comp="86" pin="0"/><net_sink comp="231" pin=1"/></net>

<net id="243"><net_src comp="32" pin="0"/><net_sink comp="238" pin=0"/></net>

<net id="244"><net_src comp="86" pin="0"/><net_sink comp="238" pin=1"/></net>

<net id="250"><net_src comp="34" pin="0"/><net_sink comp="245" pin=0"/></net>

<net id="251"><net_src comp="86" pin="0"/><net_sink comp="245" pin=1"/></net>

<net id="257"><net_src comp="140" pin="3"/><net_sink comp="252" pin=0"/></net>

<net id="263"><net_src comp="196" pin="3"/><net_sink comp="258" pin=0"/></net>

<net id="269"><net_src comp="147" pin="3"/><net_sink comp="264" pin=0"/></net>

<net id="275"><net_src comp="203" pin="3"/><net_sink comp="270" pin=0"/></net>

<net id="281"><net_src comp="154" pin="3"/><net_sink comp="276" pin=0"/></net>

<net id="287"><net_src comp="210" pin="3"/><net_sink comp="282" pin=0"/></net>

<net id="293"><net_src comp="161" pin="3"/><net_sink comp="288" pin=0"/></net>

<net id="299"><net_src comp="217" pin="3"/><net_sink comp="294" pin=0"/></net>

<net id="305"><net_src comp="168" pin="3"/><net_sink comp="300" pin=0"/></net>

<net id="311"><net_src comp="224" pin="3"/><net_sink comp="306" pin=0"/></net>

<net id="317"><net_src comp="175" pin="3"/><net_sink comp="312" pin=0"/></net>

<net id="323"><net_src comp="231" pin="3"/><net_sink comp="318" pin=0"/></net>

<net id="329"><net_src comp="182" pin="3"/><net_sink comp="324" pin=0"/></net>

<net id="335"><net_src comp="238" pin="3"/><net_sink comp="330" pin=0"/></net>

<net id="341"><net_src comp="189" pin="3"/><net_sink comp="336" pin=0"/></net>

<net id="347"><net_src comp="245" pin="3"/><net_sink comp="342" pin=0"/></net>

<net id="351"><net_src comp="126" pin="2"/><net_sink comp="348" pin=0"/></net>

<net id="356"><net_src comp="68" pin="0"/><net_sink comp="352" pin=0"/></net>

<net id="361"><net_src comp="70" pin="0"/><net_sink comp="357" pin=0"/></net>

<net id="366"><net_src comp="72" pin="0"/><net_sink comp="362" pin=0"/></net>

<net id="371"><net_src comp="70" pin="0"/><net_sink comp="367" pin=0"/></net>

<net id="379"><net_src comp="372" pin="1"/><net_sink comp="375" pin=0"/></net>

<net id="380"><net_src comp="74" pin="0"/><net_sink comp="375" pin=1"/></net>

<net id="385"><net_src comp="372" pin="1"/><net_sink comp="381" pin=0"/></net>

<net id="386"><net_src comp="76" pin="0"/><net_sink comp="381" pin=1"/></net>

<net id="400"><net_src comp="393" pin="1"/><net_sink comp="396" pin=0"/></net>

<net id="401"><net_src comp="78" pin="0"/><net_sink comp="396" pin=1"/></net>

<net id="406"><net_src comp="390" pin="1"/><net_sink comp="402" pin=0"/></net>

<net id="407"><net_src comp="80" pin="0"/><net_sink comp="402" pin=1"/></net>

<net id="413"><net_src comp="402" pin="2"/><net_sink comp="408" pin=0"/></net>

<net id="414"><net_src comp="70" pin="0"/><net_sink comp="408" pin=1"/></net>

<net id="415"><net_src comp="387" pin="1"/><net_sink comp="408" pin=2"/></net>

<net id="421"><net_src comp="402" pin="2"/><net_sink comp="416" pin=0"/></net>

<net id="422"><net_src comp="396" pin="2"/><net_sink comp="416" pin=1"/></net>

<net id="423"><net_src comp="393" pin="1"/><net_sink comp="416" pin=2"/></net>

<net id="427"><net_src comp="416" pin="3"/><net_sink comp="424" pin=0"/></net>

<net id="433"><net_src comp="82" pin="0"/><net_sink comp="428" pin=0"/></net>

<net id="434"><net_src comp="408" pin="3"/><net_sink comp="428" pin=1"/></net>

<net id="435"><net_src comp="62" pin="0"/><net_sink comp="428" pin=2"/></net>

<net id="441"><net_src comp="84" pin="0"/><net_sink comp="436" pin=0"/></net>

<net id="442"><net_src comp="424" pin="1"/><net_sink comp="436" pin=1"/></net>

<net id="443"><net_src comp="428" pin="3"/><net_sink comp="436" pin=2"/></net>

<net id="447"><net_src comp="436" pin="3"/><net_sink comp="444" pin=0"/></net>

<net id="448"><net_src comp="444" pin="1"/><net_sink comp="140" pin=2"/></net>

<net id="449"><net_src comp="444" pin="1"/><net_sink comp="147" pin=2"/></net>

<net id="450"><net_src comp="444" pin="1"/><net_sink comp="154" pin=2"/></net>

<net id="451"><net_src comp="444" pin="1"/><net_sink comp="161" pin=2"/></net>

<net id="452"><net_src comp="444" pin="1"/><net_sink comp="168" pin=2"/></net>

<net id="453"><net_src comp="444" pin="1"/><net_sink comp="175" pin=2"/></net>

<net id="454"><net_src comp="444" pin="1"/><net_sink comp="182" pin=2"/></net>

<net id="455"><net_src comp="444" pin="1"/><net_sink comp="189" pin=2"/></net>

<net id="456"><net_src comp="444" pin="1"/><net_sink comp="196" pin=2"/></net>

<net id="457"><net_src comp="444" pin="1"/><net_sink comp="203" pin=2"/></net>

<net id="458"><net_src comp="444" pin="1"/><net_sink comp="210" pin=2"/></net>

<net id="459"><net_src comp="444" pin="1"/><net_sink comp="217" pin=2"/></net>

<net id="460"><net_src comp="444" pin="1"/><net_sink comp="224" pin=2"/></net>

<net id="461"><net_src comp="444" pin="1"/><net_sink comp="231" pin=2"/></net>

<net id="462"><net_src comp="444" pin="1"/><net_sink comp="238" pin=2"/></net>

<net id="463"><net_src comp="444" pin="1"/><net_sink comp="245" pin=2"/></net>

<net id="467"><net_src comp="408" pin="3"/><net_sink comp="464" pin=0"/></net>

<net id="472"><net_src comp="464" pin="1"/><net_sink comp="468" pin=0"/></net>

<net id="473"><net_src comp="88" pin="0"/><net_sink comp="468" pin=1"/></net>

<net id="478"><net_src comp="408" pin="3"/><net_sink comp="474" pin=0"/></net>

<net id="479"><net_src comp="90" pin="0"/><net_sink comp="474" pin=1"/></net>

<net id="484"><net_src comp="390" pin="1"/><net_sink comp="480" pin=0"/></net>

<net id="485"><net_src comp="92" pin="0"/><net_sink comp="480" pin=1"/></net>

<net id="491"><net_src comp="402" pin="2"/><net_sink comp="486" pin=0"/></net>

<net id="492"><net_src comp="92" pin="0"/><net_sink comp="486" pin=1"/></net>

<net id="493"><net_src comp="480" pin="2"/><net_sink comp="486" pin=2"/></net>

<net id="498"><net_src comp="381" pin="2"/><net_sink comp="494" pin=0"/></net>

<net id="503"><net_src comp="416" pin="3"/><net_sink comp="499" pin=0"/></net>

<net id="508"><net_src comp="486" pin="3"/><net_sink comp="504" pin=0"/></net>

<net id="513"><net_src comp="474" pin="2"/><net_sink comp="509" pin=0"/></net>

<net id="518"><net_src comp="0" pin="0"/><net_sink comp="514" pin=0"/></net>

<net id="524"><net_src comp="258" pin="3"/><net_sink comp="519" pin=1"/></net>

<net id="525"><net_src comp="252" pin="3"/><net_sink comp="519" pin=2"/></net>

<net id="531"><net_src comp="270" pin="3"/><net_sink comp="526" pin=1"/></net>

<net id="532"><net_src comp="264" pin="3"/><net_sink comp="526" pin=2"/></net>

<net id="538"><net_src comp="282" pin="3"/><net_sink comp="533" pin=1"/></net>

<net id="539"><net_src comp="276" pin="3"/><net_sink comp="533" pin=2"/></net>

<net id="545"><net_src comp="294" pin="3"/><net_sink comp="540" pin=1"/></net>

<net id="546"><net_src comp="288" pin="3"/><net_sink comp="540" pin=2"/></net>

<net id="552"><net_src comp="306" pin="3"/><net_sink comp="547" pin=1"/></net>

<net id="553"><net_src comp="300" pin="3"/><net_sink comp="547" pin=2"/></net>

<net id="559"><net_src comp="318" pin="3"/><net_sink comp="554" pin=1"/></net>

<net id="560"><net_src comp="312" pin="3"/><net_sink comp="554" pin=2"/></net>

<net id="566"><net_src comp="330" pin="3"/><net_sink comp="561" pin=1"/></net>

<net id="567"><net_src comp="324" pin="3"/><net_sink comp="561" pin=2"/></net>

<net id="573"><net_src comp="342" pin="3"/><net_sink comp="568" pin=1"/></net>

<net id="574"><net_src comp="336" pin="3"/><net_sink comp="568" pin=2"/></net>

<net id="586"><net_src comp="106" pin="0"/><net_sink comp="575" pin=0"/></net>

<net id="587"><net_src comp="575" pin="9"/><net_sink comp="132" pin=2"/></net>

<net id="591"><net_src comp="110" pin="1"/><net_sink comp="588" pin=0"/></net>

<net id="592"><net_src comp="588" pin="1"/><net_sink comp="367" pin=1"/></net>

<net id="593"><net_src comp="588" pin="1"/><net_sink comp="387" pin=0"/></net>

<net id="594"><net_src comp="588" pin="1"/><net_sink comp="509" pin=1"/></net>

<net id="598"><net_src comp="114" pin="1"/><net_sink comp="595" pin=0"/></net>

<net id="599"><net_src comp="595" pin="1"/><net_sink comp="362" pin=1"/></net>

<net id="600"><net_src comp="595" pin="1"/><net_sink comp="390" pin=0"/></net>

<net id="601"><net_src comp="595" pin="1"/><net_sink comp="504" pin=1"/></net>

<net id="605"><net_src comp="118" pin="1"/><net_sink comp="602" pin=0"/></net>

<net id="606"><net_src comp="602" pin="1"/><net_sink comp="357" pin=1"/></net>

<net id="607"><net_src comp="602" pin="1"/><net_sink comp="393" pin=0"/></net>

<net id="608"><net_src comp="602" pin="1"/><net_sink comp="499" pin=1"/></net>

<net id="612"><net_src comp="122" pin="1"/><net_sink comp="609" pin=0"/></net>

<net id="613"><net_src comp="609" pin="1"/><net_sink comp="352" pin=1"/></net>

<net id="614"><net_src comp="609" pin="1"/><net_sink comp="372" pin=0"/></net>

<net id="615"><net_src comp="609" pin="1"/><net_sink comp="494" pin=1"/></net>

<net id="619"><net_src comp="348" pin="1"/><net_sink comp="616" pin=0"/></net>

<net id="620"><net_src comp="616" pin="1"/><net_sink comp="514" pin=1"/></net>

<net id="624"><net_src comp="375" pin="2"/><net_sink comp="621" pin=0"/></net>

<net id="628"><net_src comp="140" pin="3"/><net_sink comp="625" pin=0"/></net>

<net id="629"><net_src comp="625" pin="1"/><net_sink comp="252" pin=0"/></net>

<net id="633"><net_src comp="147" pin="3"/><net_sink comp="630" pin=0"/></net>

<net id="634"><net_src comp="630" pin="1"/><net_sink comp="264" pin=0"/></net>

<net id="638"><net_src comp="154" pin="3"/><net_sink comp="635" pin=0"/></net>

<net id="639"><net_src comp="635" pin="1"/><net_sink comp="276" pin=0"/></net>

<net id="643"><net_src comp="161" pin="3"/><net_sink comp="640" pin=0"/></net>

<net id="644"><net_src comp="640" pin="1"/><net_sink comp="288" pin=0"/></net>

<net id="648"><net_src comp="168" pin="3"/><net_sink comp="645" pin=0"/></net>

<net id="649"><net_src comp="645" pin="1"/><net_sink comp="300" pin=0"/></net>

<net id="653"><net_src comp="175" pin="3"/><net_sink comp="650" pin=0"/></net>

<net id="654"><net_src comp="650" pin="1"/><net_sink comp="312" pin=0"/></net>

<net id="658"><net_src comp="182" pin="3"/><net_sink comp="655" pin=0"/></net>

<net id="659"><net_src comp="655" pin="1"/><net_sink comp="324" pin=0"/></net>

<net id="663"><net_src comp="189" pin="3"/><net_sink comp="660" pin=0"/></net>

<net id="664"><net_src comp="660" pin="1"/><net_sink comp="336" pin=0"/></net>

<net id="668"><net_src comp="196" pin="3"/><net_sink comp="665" pin=0"/></net>

<net id="669"><net_src comp="665" pin="1"/><net_sink comp="258" pin=0"/></net>

<net id="673"><net_src comp="203" pin="3"/><net_sink comp="670" pin=0"/></net>

<net id="674"><net_src comp="670" pin="1"/><net_sink comp="270" pin=0"/></net>

<net id="678"><net_src comp="210" pin="3"/><net_sink comp="675" pin=0"/></net>

<net id="679"><net_src comp="675" pin="1"/><net_sink comp="282" pin=0"/></net>

<net id="683"><net_src comp="217" pin="3"/><net_sink comp="680" pin=0"/></net>

<net id="684"><net_src comp="680" pin="1"/><net_sink comp="294" pin=0"/></net>

<net id="688"><net_src comp="224" pin="3"/><net_sink comp="685" pin=0"/></net>

<net id="689"><net_src comp="685" pin="1"/><net_sink comp="306" pin=0"/></net>

<net id="693"><net_src comp="231" pin="3"/><net_sink comp="690" pin=0"/></net>

<net id="694"><net_src comp="690" pin="1"/><net_sink comp="318" pin=0"/></net>

<net id="698"><net_src comp="238" pin="3"/><net_sink comp="695" pin=0"/></net>

<net id="699"><net_src comp="695" pin="1"/><net_sink comp="330" pin=0"/></net>

<net id="703"><net_src comp="245" pin="3"/><net_sink comp="700" pin=0"/></net>

<net id="704"><net_src comp="700" pin="1"/><net_sink comp="342" pin=0"/></net>

<net id="708"><net_src comp="468" pin="2"/><net_sink comp="705" pin=0"/></net>

<net id="709"><net_src comp="705" pin="1"/><net_sink comp="519" pin=0"/></net>

<net id="710"><net_src comp="705" pin="1"/><net_sink comp="526" pin=0"/></net>

<net id="711"><net_src comp="705" pin="1"/><net_sink comp="533" pin=0"/></net>

<net id="712"><net_src comp="705" pin="1"/><net_sink comp="540" pin=0"/></net>

<net id="713"><net_src comp="705" pin="1"/><net_sink comp="547" pin=0"/></net>

<net id="714"><net_src comp="705" pin="1"/><net_sink comp="554" pin=0"/></net>

<net id="715"><net_src comp="705" pin="1"/><net_sink comp="561" pin=0"/></net>

<net id="716"><net_src comp="705" pin="1"/><net_sink comp="568" pin=0"/></net>

<net id="720"><net_src comp="514" pin="2"/><net_sink comp="717" pin=0"/></net>

<net id="721"><net_src comp="717" pin="1"/><net_sink comp="132" pin=1"/></net>

<net id="725"><net_src comp="519" pin="3"/><net_sink comp="722" pin=0"/></net>

<net id="726"><net_src comp="722" pin="1"/><net_sink comp="575" pin=8"/></net>

<net id="730"><net_src comp="526" pin="3"/><net_sink comp="727" pin=0"/></net>

<net id="731"><net_src comp="727" pin="1"/><net_sink comp="575" pin=7"/></net>

<net id="735"><net_src comp="533" pin="3"/><net_sink comp="732" pin=0"/></net>

<net id="736"><net_src comp="732" pin="1"/><net_sink comp="575" pin=6"/></net>

<net id="740"><net_src comp="540" pin="3"/><net_sink comp="737" pin=0"/></net>

<net id="741"><net_src comp="737" pin="1"/><net_sink comp="575" pin=5"/></net>

<net id="745"><net_src comp="547" pin="3"/><net_sink comp="742" pin=0"/></net>

<net id="746"><net_src comp="742" pin="1"/><net_sink comp="575" pin=4"/></net>

<net id="750"><net_src comp="554" pin="3"/><net_sink comp="747" pin=0"/></net>

<net id="751"><net_src comp="747" pin="1"/><net_sink comp="575" pin=3"/></net>

<net id="755"><net_src comp="561" pin="3"/><net_sink comp="752" pin=0"/></net>

<net id="756"><net_src comp="752" pin="1"/><net_sink comp="575" pin=2"/></net>

<net id="760"><net_src comp="568" pin="3"/><net_sink comp="757" pin=0"/></net>

<net id="761"><net_src comp="757" pin="1"/><net_sink comp="575" pin=1"/></net>

</net_list>

</model> 
---------------- Datapath Model END ------------------

* FSMD analyzer results:
  - Output states:
	Port: gmem0 | {3 }
 - Input state : 
	Port: write_big_tile_Pipeline_Write_Rows_Write_Cols : sext_ln111_1 | {1 }
	Port: write_big_tile_Pipeline_Write_Rows_Write_Cols : local_buffer_0 | {1 2 }
	Port: write_big_tile_Pipeline_Write_Rows_Write_Cols : local_buffer_1 | {1 2 }
	Port: write_big_tile_Pipeline_Write_Rows_Write_Cols : local_buffer_2 | {1 2 }
	Port: write_big_tile_Pipeline_Write_Rows_Write_Cols : local_buffer_3 | {1 2 }
	Port: write_big_tile_Pipeline_Write_Rows_Write_Cols : local_buffer_4 | {1 2 }
	Port: write_big_tile_Pipeline_Write_Rows_Write_Cols : local_buffer_5 | {1 2 }
	Port: write_big_tile_Pipeline_Write_Rows_Write_Cols : local_buffer_6 | {1 2 }
	Port: write_big_tile_Pipeline_Write_Rows_Write_Cols : local_buffer_7 | {1 2 }
	Port: write_big_tile_Pipeline_Write_Rows_Write_Cols : local_buffer_8 | {1 2 }
	Port: write_big_tile_Pipeline_Write_Rows_Write_Cols : local_buffer_9 | {1 2 }
	Port: write_big_tile_Pipeline_Write_Rows_Write_Cols : local_buffer_10 | {1 2 }
	Port: write_big_tile_Pipeline_Write_Rows_Write_Cols : local_buffer_11 | {1 2 }
	Port: write_big_tile_Pipeline_Write_Rows_Write_Cols : local_buffer_12 | {1 2 }
	Port: write_big_tile_Pipeline_Write_Rows_Write_Cols : local_buffer_13 | {1 2 }
	Port: write_big_tile_Pipeline_Write_Rows_Write_Cols : local_buffer_14 | {1 2 }
	Port: write_big_tile_Pipeline_Write_Rows_Write_Cols : local_buffer_15 | {1 2 }
  - Chain level:
	State 1
		store_ln0 : 1
		store_ln0 : 1
		store_ln0 : 1
		store_ln0 : 1
		indvar_flatten_load : 1
		icmp_ln111 : 2
		add_ln111 : 2
		br_ln111 : 3
		c_load : 1
		indvar_load : 1
		r_load : 1
		add_ln111_1 : 2
		icmp_ln112 : 2
		select_ln111 : 3
		select_ln111_1 : 3
		trunc_ln113 : 4
		tmp_1 : 4
		tmp : 5
		zext_ln186 : 6
		local_buffer_0_addr : 7
		local_buffer_1_addr : 7
		local_buffer_2_addr : 7
		local_buffer_3_addr : 7
		local_buffer_4_addr : 7
		local_buffer_5_addr : 7
		local_buffer_6_addr : 7
		local_buffer_7_addr : 7
		local_buffer_8_addr : 7
		local_buffer_9_addr : 7
		local_buffer_10_addr : 7
		local_buffer_11_addr : 7
		local_buffer_12_addr : 7
		local_buffer_13_addr : 7
		local_buffer_14_addr : 7
		local_buffer_15_addr : 7
		trunc_ln186 : 4
		local_buffer_0_load : 8
		local_buffer_8_load : 8
		icmp_ln186 : 5
		local_buffer_1_load : 8
		local_buffer_9_load : 8
		local_buffer_2_load : 8
		local_buffer_10_load : 8
		local_buffer_3_load : 8
		local_buffer_11_load : 8
		local_buffer_4_load : 8
		local_buffer_12_load : 8
		local_buffer_5_load : 8
		local_buffer_13_load : 8
		local_buffer_6_load : 8
		local_buffer_14_load : 8
		local_buffer_7_load : 8
		local_buffer_15_load : 8
		add_ln112 : 4
		add_ln112_1 : 2
		select_ln112 : 3
		store_ln112 : 3
		store_ln112 : 4
		store_ln112 : 4
		store_ln112 : 5
	State 2
		select_ln186 : 1
		select_ln186_1 : 1
		select_ln186_2 : 1
		select_ln186_3 : 1
		select_ln186_4 : 1
		select_ln186_5 : 1
		select_ln186_6 : 1
		select_ln186_7 : 1
	State 3
		write_ln122 : 1


============================================================
+ Verbose Summary: Datapath Resource usage 
============================================================

* Functional unit list:
|----------|-------------------------------|---------|---------|
| Operation|        Functional Unit        |    FF   |   LUT   |
|----------|-------------------------------|---------|---------|
|          |      select_ln111_fu_408      |    0    |    6    |
|          |     select_ln111_1_fu_416     |    0    |    6    |
|          |      select_ln112_fu_486      |    0    |    3    |
|          |      select_ln186_fu_519      |    0    |    32   |
|          |     select_ln186_1_fu_526     |    0    |    32   |
|  select  |     select_ln186_2_fu_533     |    0    |    32   |
|          |     select_ln186_3_fu_540     |    0    |    32   |
|          |     select_ln186_4_fu_547     |    0    |    32   |
|          |     select_ln186_5_fu_554     |    0    |    32   |
|          |     select_ln186_6_fu_561     |    0    |    32   |
|          |     select_ln186_7_fu_568     |    0    |    32   |
|----------|-------------------------------|---------|---------|
|          |        add_ln111_fu_381       |    0    |    15   |
|    add   |       add_ln111_1_fu_396      |    0    |    14   |
|          |        add_ln112_fu_474       |    0    |    14   |
|          |       add_ln112_1_fu_480      |    0    |    11   |
|----------|-------------------------------|---------|---------|
|          |       icmp_ln111_fu_375       |    0    |    11   |
|   icmp   |       icmp_ln112_fu_402       |    0    |    8    |
|          |       icmp_ln186_fu_468       |    0    |    9    |
|----------|-------------------------------|---------|---------|
|   read   | sext_ln111_1_read_read_fu_126 |    0    |    0    |
|----------|-------------------------------|---------|---------|
|   write  |    write_ln122_write_fu_132   |    0    |    0    |
|----------|-------------------------------|---------|---------|
|   sext   |    sext_ln111_1_cast_fu_348   |    0    |    0    |
|----------|-------------------------------|---------|---------|
|   trunc  |       trunc_ln113_fu_424      |    0    |    0    |
|          |       trunc_ln186_fu_464      |    0    |    0    |
|----------|-------------------------------|---------|---------|
| bitselect|          tmp_1_fu_428         |    0    |    0    |
|----------|-------------------------------|---------|---------|
|bitconcatenate|           tmp_fu_436          |    0    |    0    |
|          |       p_Result_s_fu_575       |    0    |    0    |
|----------|-------------------------------|---------|---------|
|   zext   |       zext_ln186_fu_444       |    0    |    0    |
|----------|-------------------------------|---------|---------|
|   Total  |                               |    0    |   353   |
|----------|-------------------------------|---------|---------|

Memories:
N/A

* Register list:
+----------------------------+--------+
|                            |   FF   |
+----------------------------+--------+
|          c_reg_588         |    6   |
|     gmem0_addr_reg_717     |   256  |
|     icmp_ln111_reg_621     |    1   |
|     icmp_ln186_reg_705     |    1   |
|   indvar_flatten_reg_609   |    8   |
|       indvar_reg_595       |    3   |
| local_buffer_0_addr_reg_625|    6   |
|local_buffer_10_addr_reg_675|    6   |
|local_buffer_11_addr_reg_680|    6   |
|local_buffer_12_addr_reg_685|    6   |
|local_buffer_13_addr_reg_690|    6   |
|local_buffer_14_addr_reg_695|    6   |
|local_buffer_15_addr_reg_700|    6   |
| local_buffer_1_addr_reg_630|    6   |
| local_buffer_2_addr_reg_635|    6   |
| local_buffer_3_addr_reg_640|    6   |
| local_buffer_4_addr_reg_645|    6   |
| local_buffer_5_addr_reg_650|    6   |
| local_buffer_6_addr_reg_655|    6   |
| local_buffer_7_addr_reg_660|    6   |
| local_buffer_8_addr_reg_665|    6   |
| local_buffer_9_addr_reg_670|    6   |
|          r_reg_602         |    6   |
|   select_ln186_1_reg_727   |   32   |
|   select_ln186_2_reg_732   |   32   |
|   select_ln186_3_reg_737   |   32   |
|   select_ln186_4_reg_742   |   32   |
|   select_ln186_5_reg_747   |   32   |
|   select_ln186_6_reg_752   |   32   |
|   select_ln186_7_reg_757   |   32   |
|    select_ln186_reg_722    |   32   |
|  sext_ln111_1_cast_reg_616 |   64   |
+----------------------------+--------+
|            Total           |   697  |
+----------------------------+--------+

* Multiplexer (MUX) list: 
|-------------------|------|------|------|--------||---------||---------|
|        Comp       |  Pin | Size |  BW  | S x BW ||  Delay  ||   LUT   |
|-------------------|------|------|------|--------||---------||---------|
| grp_access_fu_252 |  p0  |   2  |   6  |   12   ||    9    |
| grp_access_fu_258 |  p0  |   2  |   6  |   12   ||    9    |
| grp_access_fu_264 |  p0  |   2  |   6  |   12   ||    9    |
| grp_access_fu_270 |  p0  |   2  |   6  |   12   ||    9    |
| grp_access_fu_276 |  p0  |   2  |   6  |   12   ||    9    |
| grp_access_fu_282 |  p0  |   2  |   6  |   12   ||    9    |
| grp_access_fu_288 |  p0  |   2  |   6  |   12   ||    9    |
| grp_access_fu_294 |  p0  |   2  |   6  |   12   ||    9    |
| grp_access_fu_300 |  p0  |   2  |   6  |   12   ||    9    |
| grp_access_fu_306 |  p0  |   2  |   6  |   12   ||    9    |
| grp_access_fu_312 |  p0  |   2  |   6  |   12   ||    9    |
| grp_access_fu_318 |  p0  |   2  |   6  |   12   ||    9    |
| grp_access_fu_324 |  p0  |   2  |   6  |   12   ||    9    |
| grp_access_fu_330 |  p0  |   2  |   6  |   12   ||    9    |
| grp_access_fu_336 |  p0  |   2  |   6  |   12   ||    9    |
| grp_access_fu_342 |  p0  |   2  |   6  |   12   ||    9    |
|-------------------|------|------|------|--------||---------||---------|
|       Total       |      |      |      |   192  ||  25.408 ||   144   |
|-------------------|------|------|------|--------||---------||---------|



* Summary:
+-----------+--------+--------+--------+
|           |  Delay |   FF   |   LUT  |
+-----------+--------+--------+--------+
|  Function |    -   |    0   |   353  |
|   Memory  |    -   |    -   |    -   |
|Multiplexer|   25   |    -   |   144  |
|  Register |    -   |   697  |    -   |
+-----------+--------+--------+--------+
|   Total   |   25   |   697  |   497  |
+-----------+--------+--------+--------+
